[2026-07-26T02:01:17.180+0000] {processor.py:186} INFO - Started process (PID=172) to work on /opt/airflow/dags/dbt_docs_pipeline.py
[2026-07-26T02:01:17.182+0000] {processor.py:914} INFO - Processing file /opt/airflow/dags/dbt_docs_pipeline.py for tasks to queue
[2026-07-26T02:01:17.187+0000] {logging_mixin.py:190} INFO - [2026-07-26T02:01:17.186+0000] {dagbag.py:588} INFO - Filling up the DagBag from /opt/airflow/dags/dbt_docs_pipeline.py
[2026-07-26T02:01:17.228+0000] {processor.py:925} INFO - DAG(s) 'dbt_docs_generate_and_publish' retrieved from /opt/airflow/dags/dbt_docs_pipeline.py
[2026-07-26T02:01:17.363+0000] {logging_mixin.py:190} INFO - [2026-07-26T02:01:17.362+0000] {override.py:1900} INFO - Created Permission View: can read on DAG:dbt_docs_generate_and_publish
[2026-07-26T02:01:17.386+0000] {logging_mixin.py:190} INFO - [2026-07-26T02:01:17.386+0000] {override.py:1900} INFO - Created Permission View: can delete on DAG:dbt_docs_generate_and_publish
[2026-07-26T02:01:17.398+0000] {logging_mixin.py:190} INFO - [2026-07-26T02:01:17.397+0000] {override.py:1900} INFO - Created Permission View: can edit on DAG:dbt_docs_generate_and_publish
[2026-07-26T02:01:17.413+0000] {logging_mixin.py:190} INFO - [2026-07-26T02:01:17.413+0000] {override.py:1900} INFO - Created Permission View: can read on DAG Run:dbt_docs_generate_and_publish
[2026-07-26T02:01:17.428+0000] {logging_mixin.py:190} INFO - [2026-07-26T02:01:17.427+0000] {override.py:1900} INFO - Created Permission View: menu access on DAG Run:dbt_docs_generate_and_publish
[2026-07-26T02:01:17.440+0000] {logging_mixin.py:190} INFO - [2026-07-26T02:01:17.439+0000] {override.py:1900} INFO - Created Permission View: can delete on DAG Run:dbt_docs_generate_and_publish
[2026-07-26T02:01:17.454+0000] {logging_mixin.py:190} INFO - [2026-07-26T02:01:17.454+0000] {override.py:1900} INFO - Created Permission View: can create on DAG Run:dbt_docs_generate_and_publish
[2026-07-26T02:01:17.456+0000] {logging_mixin.py:190} INFO - [2026-07-26T02:01:17.455+0000] {dag.py:3239} INFO - Sync 1 DAGs
[2026-07-26T02:01:17.482+0000] {logging_mixin.py:190} INFO - [2026-07-26T02:01:17.481+0000] {dag.py:3262} INFO - Creating ORM DAG for dbt_docs_generate_and_publish
[2026-07-26T02:01:17.504+0000] {logging_mixin.py:190} INFO - [2026-07-26T02:01:17.504+0000] {dag.py:4180} INFO - Setting next_dagrun for dbt_docs_generate_and_publish to 2026-07-25 02:00:00+00:00, run_after=2026-07-26 02:00:00+00:00
[2026-07-26T02:01:17.543+0000] {processor.py:208} INFO - Processing /opt/airflow/dags/dbt_docs_pipeline.py took 0.375 seconds
[2026-07-26T02:01:47.774+0000] {processor.py:186} INFO - Started process (PID=265) to work on /opt/airflow/dags/dbt_docs_pipeline.py
[2026-07-26T02:01:47.775+0000] {processor.py:914} INFO - Processing file /opt/airflow/dags/dbt_docs_pipeline.py for tasks to queue
[2026-07-26T02:01:47.778+0000] {logging_mixin.py:190} INFO - [2026-07-26T02:01:47.778+0000] {dagbag.py:588} INFO - Filling up the DagBag from /opt/airflow/dags/dbt_docs_pipeline.py
[2026-07-26T02:01:47.807+0000] {processor.py:925} INFO - DAG(s) 'dbt_docs_generate_and_publish' retrieved from /opt/airflow/dags/dbt_docs_pipeline.py
[2026-07-26T02:01:47.828+0000] {logging_mixin.py:190} INFO - [2026-07-26T02:01:47.828+0000] {dag.py:3239} INFO - Sync 1 DAGs
[2026-07-26T02:01:47.851+0000] {logging_mixin.py:190} INFO - [2026-07-26T02:01:47.850+0000] {dag.py:4180} INFO - Setting next_dagrun for dbt_docs_generate_and_publish to 2026-07-25 02:00:00+00:00, run_after=2026-07-26 02:00:00+00:00
[2026-07-26T02:01:47.872+0000] {processor.py:208} INFO - Processing /opt/airflow/dags/dbt_docs_pipeline.py took 0.104 seconds
[2026-07-26T02:02:18.571+0000] {processor.py:186} INFO - Started process (PID=351) to work on /opt/airflow/dags/dbt_docs_pipeline.py
[2026-07-26T02:02:18.572+0000] {processor.py:914} INFO - Processing file /opt/airflow/dags/dbt_docs_pipeline.py for tasks to queue
[2026-07-26T02:02:18.574+0000] {logging_mixin.py:190} INFO - [2026-07-26T02:02:18.574+0000] {dagbag.py:588} INFO - Filling up the DagBag from /opt/airflow/dags/dbt_docs_pipeline.py
[2026-07-26T02:02:18.601+0000] {processor.py:925} INFO - DAG(s) 'dbt_docs_generate_and_publish' retrieved from /opt/airflow/dags/dbt_docs_pipeline.py
[2026-07-26T02:02:18.623+0000] {logging_mixin.py:190} INFO - [2026-07-26T02:02:18.623+0000] {dag.py:3239} INFO - Sync 1 DAGs
[2026-07-26T02:02:18.644+0000] {logging_mixin.py:190} INFO - [2026-07-26T02:02:18.644+0000] {dag.py:4180} INFO - Setting next_dagrun for dbt_docs_generate_and_publish to 2026-07-25 02:00:00+00:00, run_after=2026-07-26 02:00:00+00:00
[2026-07-26T02:02:18.664+0000] {processor.py:208} INFO - Processing /opt/airflow/dags/dbt_docs_pipeline.py took 0.098 seconds
[2026-07-26T02:02:49.222+0000] {processor.py:186} INFO - Started process (PID=445) to work on /opt/airflow/dags/dbt_docs_pipeline.py
[2026-07-26T02:02:49.223+0000] {processor.py:914} INFO - Processing file /opt/airflow/dags/dbt_docs_pipeline.py for tasks to queue
[2026-07-26T02:02:49.226+0000] {logging_mixin.py:190} INFO - [2026-07-26T02:02:49.225+0000] {dagbag.py:588} INFO - Filling up the DagBag from /opt/airflow/dags/dbt_docs_pipeline.py
[2026-07-26T02:02:49.256+0000] {processor.py:925} INFO - DAG(s) 'dbt_docs_generate_and_publish' retrieved from /opt/airflow/dags/dbt_docs_pipeline.py
[2026-07-26T02:02:49.282+0000] {logging_mixin.py:190} INFO - [2026-07-26T02:02:49.281+0000] {dag.py:3239} INFO - Sync 1 DAGs
[2026-07-26T02:02:49.304+0000] {logging_mixin.py:190} INFO - [2026-07-26T02:02:49.304+0000] {dag.py:4180} INFO - Setting next_dagrun for dbt_docs_generate_and_publish to 2026-07-25 02:00:00+00:00, run_after=2026-07-26 02:00:00+00:00
[2026-07-26T02:02:49.326+0000] {processor.py:208} INFO - Processing /opt/airflow/dags/dbt_docs_pipeline.py took 0.110 seconds
[2026-07-26T02:03:20.017+0000] {processor.py:186} INFO - Started process (PID=534) to work on /opt/airflow/dags/dbt_docs_pipeline.py
[2026-07-26T02:03:20.018+0000] {processor.py:914} INFO - Processing file /opt/airflow/dags/dbt_docs_pipeline.py for tasks to queue
[2026-07-26T02:03:20.021+0000] {logging_mixin.py:190} INFO - [2026-07-26T02:03:20.020+0000] {dagbag.py:588} INFO - Filling up the DagBag from /opt/airflow/dags/dbt_docs_pipeline.py
[2026-07-26T02:03:20.054+0000] {processor.py:925} INFO - DAG(s) 'dbt_docs_generate_and_publish' retrieved from /opt/airflow/dags/dbt_docs_pipeline.py
[2026-07-26T02:03:20.085+0000] {logging_mixin.py:190} INFO - [2026-07-26T02:03:20.084+0000] {dag.py:3239} INFO - Sync 1 DAGs
[2026-07-26T02:03:20.114+0000] {logging_mixin.py:190} INFO - [2026-07-26T02:03:20.113+0000] {dag.py:4180} INFO - Setting next_dagrun for dbt_docs_generate_and_publish to 2026-07-25 02:00:00+00:00, run_after=2026-07-26 02:00:00+00:00
[2026-07-26T02:03:20.141+0000] {processor.py:208} INFO - Processing /opt/airflow/dags/dbt_docs_pipeline.py took 0.129 seconds
[2026-07-26T02:03:50.383+0000] {processor.py:186} INFO - Started process (PID=622) to work on /opt/airflow/dags/dbt_docs_pipeline.py
[2026-07-26T02:03:50.384+0000] {processor.py:914} INFO - Processing file /opt/airflow/dags/dbt_docs_pipeline.py for tasks to queue
[2026-07-26T02:03:50.387+0000] {logging_mixin.py:190} INFO - [2026-07-26T02:03:50.387+0000] {dagbag.py:588} INFO - Filling up the DagBag from /opt/airflow/dags/dbt_docs_pipeline.py
[2026-07-26T02:03:50.418+0000] {processor.py:925} INFO - DAG(s) 'dbt_docs_generate_and_publish' retrieved from /opt/airflow/dags/dbt_docs_pipeline.py
[2026-07-26T02:03:50.442+0000] {logging_mixin.py:190} INFO - [2026-07-26T02:03:50.442+0000] {dag.py:3239} INFO - Sync 1 DAGs
[2026-07-26T02:03:50.468+0000] {logging_mixin.py:190} INFO - [2026-07-26T02:03:50.467+0000] {dag.py:4180} INFO - Setting next_dagrun for dbt_docs_generate_and_publish to 2026-07-25 02:00:00+00:00, run_after=2026-07-26 02:00:00+00:00
[2026-07-26T02:03:50.495+0000] {processor.py:208} INFO - Processing /opt/airflow/dags/dbt_docs_pipeline.py took 0.119 seconds
[2026-07-26T02:04:21.273+0000] {processor.py:186} INFO - Started process (PID=715) to work on /opt/airflow/dags/dbt_docs_pipeline.py
[2026-07-26T02:04:21.274+0000] {processor.py:914} INFO - Processing file /opt/airflow/dags/dbt_docs_pipeline.py for tasks to queue
[2026-07-26T02:04:21.276+0000] {logging_mixin.py:190} INFO - [2026-07-26T02:04:21.275+0000] {dagbag.py:588} INFO - Filling up the DagBag from /opt/airflow/dags/dbt_docs_pipeline.py
[2026-07-26T02:04:21.303+0000] {processor.py:925} INFO - DAG(s) 'dbt_docs_generate_and_publish' retrieved from /opt/airflow/dags/dbt_docs_pipeline.py
[2026-07-26T02:04:21.371+0000] {logging_mixin.py:190} INFO - [2026-07-26T02:04:21.371+0000] {dag.py:3239} INFO - Sync 1 DAGs
[2026-07-26T02:04:21.392+0000] {logging_mixin.py:190} INFO - [2026-07-26T02:04:21.391+0000] {dag.py:4180} INFO - Setting next_dagrun for dbt_docs_generate_and_publish to 2026-07-25 02:00:00+00:00, run_after=2026-07-26 02:00:00+00:00
[2026-07-26T02:04:21.413+0000] {processor.py:208} INFO - Processing /opt/airflow/dags/dbt_docs_pipeline.py took 0.145 seconds
[2026-07-26T02:04:51.762+0000] {processor.py:186} INFO - Started process (PID=808) to work on /opt/airflow/dags/dbt_docs_pipeline.py
[2026-07-26T02:04:51.763+0000] {processor.py:914} INFO - Processing file /opt/airflow/dags/dbt_docs_pipeline.py for tasks to queue
[2026-07-26T02:04:51.765+0000] {logging_mixin.py:190} INFO - [2026-07-26T02:04:51.765+0000] {dagbag.py:588} INFO - Filling up the DagBag from /opt/airflow/dags/dbt_docs_pipeline.py
[2026-07-26T02:04:51.791+0000] {processor.py:925} INFO - DAG(s) 'dbt_docs_generate_and_publish' retrieved from /opt/airflow/dags/dbt_docs_pipeline.py
[2026-07-26T02:04:51.820+0000] {logging_mixin.py:190} INFO - [2026-07-26T02:04:51.819+0000] {dag.py:3239} INFO - Sync 1 DAGs
[2026-07-26T02:04:51.844+0000] {logging_mixin.py:190} INFO - [2026-07-26T02:04:51.844+0000] {dag.py:4180} INFO - Setting next_dagrun for dbt_docs_generate_and_publish to 2026-07-25 02:00:00+00:00, run_after=2026-07-26 02:00:00+00:00
[2026-07-26T02:04:51.869+0000] {processor.py:208} INFO - Processing /opt/airflow/dags/dbt_docs_pipeline.py took 0.112 seconds
[2026-07-26T02:05:21.938+0000] {processor.py:186} INFO - Started process (PID=896) to work on /opt/airflow/dags/dbt_docs_pipeline.py
[2026-07-26T02:05:21.939+0000] {processor.py:914} INFO - Processing file /opt/airflow/dags/dbt_docs_pipeline.py for tasks to queue
[2026-07-26T02:05:21.941+0000] {logging_mixin.py:190} INFO - [2026-07-26T02:05:21.940+0000] {dagbag.py:588} INFO - Filling up the DagBag from /opt/airflow/dags/dbt_docs_pipeline.py
[2026-07-26T02:05:21.969+0000] {processor.py:925} INFO - DAG(s) 'dbt_docs_generate_and_publish' retrieved from /opt/airflow/dags/dbt_docs_pipeline.py
[2026-07-26T02:05:21.996+0000] {logging_mixin.py:190} INFO - [2026-07-26T02:05:21.996+0000] {dag.py:3239} INFO - Sync 1 DAGs
[2026-07-26T02:05:22.022+0000] {logging_mixin.py:190} INFO - [2026-07-26T02:05:22.021+0000] {dag.py:4180} INFO - Setting next_dagrun for dbt_docs_generate_and_publish to 2026-07-25 02:00:00+00:00, run_after=2026-07-26 02:00:00+00:00
[2026-07-26T02:05:22.043+0000] {processor.py:208} INFO - Processing /opt/airflow/dags/dbt_docs_pipeline.py took 0.110 seconds
[2026-07-26T02:05:52.576+0000] {processor.py:186} INFO - Started process (PID=989) to work on /opt/airflow/dags/dbt_docs_pipeline.py
[2026-07-26T02:05:52.577+0000] {processor.py:914} INFO - Processing file /opt/airflow/dags/dbt_docs_pipeline.py for tasks to queue
[2026-07-26T02:05:52.579+0000] {logging_mixin.py:190} INFO - [2026-07-26T02:05:52.579+0000] {dagbag.py:588} INFO - Filling up the DagBag from /opt/airflow/dags/dbt_docs_pipeline.py
[2026-07-26T02:05:52.606+0000] {processor.py:925} INFO - DAG(s) 'dbt_docs_generate_and_publish' retrieved from /opt/airflow/dags/dbt_docs_pipeline.py
[2026-07-26T02:05:52.629+0000] {logging_mixin.py:190} INFO - [2026-07-26T02:05:52.629+0000] {dag.py:3239} INFO - Sync 1 DAGs
[2026-07-26T02:05:52.655+0000] {logging_mixin.py:190} INFO - [2026-07-26T02:05:52.655+0000] {dag.py:4180} INFO - Setting next_dagrun for dbt_docs_generate_and_publish to 2026-07-25 02:00:00+00:00, run_after=2026-07-26 02:00:00+00:00
[2026-07-26T02:05:52.676+0000] {processor.py:208} INFO - Processing /opt/airflow/dags/dbt_docs_pipeline.py took 0.105 seconds
[2026-07-26T02:06:22.874+0000] {processor.py:186} INFO - Started process (PID=1082) to work on /opt/airflow/dags/dbt_docs_pipeline.py
[2026-07-26T02:06:22.875+0000] {processor.py:914} INFO - Processing file /opt/airflow/dags/dbt_docs_pipeline.py for tasks to queue
[2026-07-26T02:06:22.877+0000] {logging_mixin.py:190} INFO - [2026-07-26T02:06:22.877+0000] {dagbag.py:588} INFO - Filling up the DagBag from /opt/airflow/dags/dbt_docs_pipeline.py
[2026-07-26T02:06:22.909+0000] {processor.py:925} INFO - DAG(s) 'dbt_docs_generate_and_publish' retrieved from /opt/airflow/dags/dbt_docs_pipeline.py
[2026-07-26T02:06:22.935+0000] {logging_mixin.py:190} INFO - [2026-07-26T02:06:22.934+0000] {dag.py:3239} INFO - Sync 1 DAGs
[2026-07-26T02:06:22.960+0000] {logging_mixin.py:190} INFO - [2026-07-26T02:06:22.960+0000] {dag.py:4180} INFO - Setting next_dagrun for dbt_docs_generate_and_publish to 2026-07-25 02:00:00+00:00, run_after=2026-07-26 02:00:00+00:00
[2026-07-26T02:06:22.981+0000] {processor.py:208} INFO - Processing /opt/airflow/dags/dbt_docs_pipeline.py took 0.112 seconds
[2026-07-26T02:06:53.254+0000] {processor.py:186} INFO - Started process (PID=1175) to work on /opt/airflow/dags/dbt_docs_pipeline.py
[2026-07-26T02:06:53.256+0000] {processor.py:914} INFO - Processing file /opt/airflow/dags/dbt_docs_pipeline.py for tasks to queue
[2026-07-26T02:06:53.258+0000] {logging_mixin.py:190} INFO - [2026-07-26T02:06:53.258+0000] {dagbag.py:588} INFO - Filling up the DagBag from /opt/airflow/dags/dbt_docs_pipeline.py
[2026-07-26T02:06:53.283+0000] {processor.py:925} INFO - DAG(s) 'dbt_docs_generate_and_publish' retrieved from /opt/airflow/dags/dbt_docs_pipeline.py
[2026-07-26T02:06:53.305+0000] {logging_mixin.py:190} INFO - [2026-07-26T02:06:53.304+0000] {dag.py:3239} INFO - Sync 1 DAGs
[2026-07-26T02:06:53.325+0000] {logging_mixin.py:190} INFO - [2026-07-26T02:06:53.325+0000] {dag.py:4180} INFO - Setting next_dagrun for dbt_docs_generate_and_publish to 2026-07-25 02:00:00+00:00, run_after=2026-07-26 02:00:00+00:00
[2026-07-26T02:06:53.342+0000] {processor.py:208} INFO - Processing /opt/airflow/dags/dbt_docs_pipeline.py took 0.093 seconds
[2026-07-26T02:07:23.454+0000] {processor.py:186} INFO - Started process (PID=1265) to work on /opt/airflow/dags/dbt_docs_pipeline.py
[2026-07-26T02:07:23.456+0000] {processor.py:914} INFO - Processing file /opt/airflow/dags/dbt_docs_pipeline.py for tasks to queue
[2026-07-26T02:07:23.458+0000] {logging_mixin.py:190} INFO - [2026-07-26T02:07:23.458+0000] {dagbag.py:588} INFO - Filling up the DagBag from /opt/airflow/dags/dbt_docs_pipeline.py
[2026-07-26T02:07:23.485+0000] {processor.py:925} INFO - DAG(s) 'dbt_docs_generate_and_publish' retrieved from /opt/airflow/dags/dbt_docs_pipeline.py
[2026-07-26T02:07:23.507+0000] {logging_mixin.py:190} INFO - [2026-07-26T02:07:23.507+0000] {dag.py:3239} INFO - Sync 1 DAGs
[2026-07-26T02:07:23.530+0000] {logging_mixin.py:190} INFO - [2026-07-26T02:07:23.529+0000] {dag.py:4180} INFO - Setting next_dagrun for dbt_docs_generate_and_publish to 2026-07-25 02:00:00+00:00, run_after=2026-07-26 02:00:00+00:00
[2026-07-26T02:07:23.552+0000] {processor.py:208} INFO - Processing /opt/airflow/dags/dbt_docs_pipeline.py took 0.102 seconds
[2026-07-26T02:07:53.764+0000] {processor.py:186} INFO - Started process (PID=1356) to work on /opt/airflow/dags/dbt_docs_pipeline.py
[2026-07-26T02:07:53.765+0000] {processor.py:914} INFO - Processing file /opt/airflow/dags/dbt_docs_pipeline.py for tasks to queue
[2026-07-26T02:07:53.767+0000] {logging_mixin.py:190} INFO - [2026-07-26T02:07:53.767+0000] {dagbag.py:588} INFO - Filling up the DagBag from /opt/airflow/dags/dbt_docs_pipeline.py
[2026-07-26T02:07:53.794+0000] {processor.py:925} INFO - DAG(s) 'dbt_docs_generate_and_publish' retrieved from /opt/airflow/dags/dbt_docs_pipeline.py
[2026-07-26T02:07:53.820+0000] {logging_mixin.py:190} INFO - [2026-07-26T02:07:53.819+0000] {dag.py:3239} INFO - Sync 1 DAGs
[2026-07-26T02:07:53.841+0000] {logging_mixin.py:190} INFO - [2026-07-26T02:07:53.841+0000] {dag.py:4180} INFO - Setting next_dagrun for dbt_docs_generate_and_publish to 2026-07-25 02:00:00+00:00, run_after=2026-07-26 02:00:00+00:00
[2026-07-26T02:07:53.861+0000] {processor.py:208} INFO - Processing /opt/airflow/dags/dbt_docs_pipeline.py took 0.102 seconds
[2026-07-26T02:08:24.145+0000] {processor.py:186} INFO - Started process (PID=1449) to work on /opt/airflow/dags/dbt_docs_pipeline.py
[2026-07-26T02:08:24.146+0000] {processor.py:914} INFO - Processing file /opt/airflow/dags/dbt_docs_pipeline.py for tasks to queue
[2026-07-26T02:08:24.148+0000] {logging_mixin.py:190} INFO - [2026-07-26T02:08:24.148+0000] {dagbag.py:588} INFO - Filling up the DagBag from /opt/airflow/dags/dbt_docs_pipeline.py
[2026-07-26T02:08:24.176+0000] {processor.py:925} INFO - DAG(s) 'dbt_docs_generate_and_publish' retrieved from /opt/airflow/dags/dbt_docs_pipeline.py
[2026-07-26T02:08:24.199+0000] {logging_mixin.py:190} INFO - [2026-07-26T02:08:24.199+0000] {dag.py:3239} INFO - Sync 1 DAGs
[2026-07-26T02:08:24.223+0000] {logging_mixin.py:190} INFO - [2026-07-26T02:08:24.223+0000] {dag.py:4180} INFO - Setting next_dagrun for dbt_docs_generate_and_publish to 2026-07-25 02:00:00+00:00, run_after=2026-07-26 02:00:00+00:00
[2026-07-26T02:08:24.243+0000] {processor.py:208} INFO - Processing /opt/airflow/dags/dbt_docs_pipeline.py took 0.105 seconds
[2026-07-26T02:08:54.619+0000] {processor.py:186} INFO - Started process (PID=1537) to work on /opt/airflow/dags/dbt_docs_pipeline.py
[2026-07-26T02:08:54.620+0000] {processor.py:914} INFO - Processing file /opt/airflow/dags/dbt_docs_pipeline.py for tasks to queue
[2026-07-26T02:08:54.622+0000] {logging_mixin.py:190} INFO - [2026-07-26T02:08:54.622+0000] {dagbag.py:588} INFO - Filling up the DagBag from /opt/airflow/dags/dbt_docs_pipeline.py
[2026-07-26T02:08:54.652+0000] {processor.py:925} INFO - DAG(s) 'dbt_docs_generate_and_publish' retrieved from /opt/airflow/dags/dbt_docs_pipeline.py
[2026-07-26T02:08:54.679+0000] {logging_mixin.py:190} INFO - [2026-07-26T02:08:54.678+0000] {dag.py:3239} INFO - Sync 1 DAGs
[2026-07-26T02:08:54.704+0000] {logging_mixin.py:190} INFO - [2026-07-26T02:08:54.703+0000] {dag.py:4180} INFO - Setting next_dagrun for dbt_docs_generate_and_publish to 2026-07-25 02:00:00+00:00, run_after=2026-07-26 02:00:00+00:00
[2026-07-26T02:08:54.728+0000] {processor.py:208} INFO - Processing /opt/airflow/dags/dbt_docs_pipeline.py took 0.114 seconds
[2026-07-26T02:09:25.016+0000] {processor.py:186} INFO - Started process (PID=1630) to work on /opt/airflow/dags/dbt_docs_pipeline.py
[2026-07-26T02:09:25.017+0000] {processor.py:914} INFO - Processing file /opt/airflow/dags/dbt_docs_pipeline.py for tasks to queue
[2026-07-26T02:09:25.019+0000] {logging_mixin.py:190} INFO - [2026-07-26T02:09:25.018+0000] {dagbag.py:588} INFO - Filling up the DagBag from /opt/airflow/dags/dbt_docs_pipeline.py
[2026-07-26T02:09:25.048+0000] {processor.py:925} INFO - DAG(s) 'dbt_docs_generate_and_publish' retrieved from /opt/airflow/dags/dbt_docs_pipeline.py
[2026-07-26T02:09:25.073+0000] {logging_mixin.py:190} INFO - [2026-07-26T02:09:25.073+0000] {dag.py:3239} INFO - Sync 1 DAGs
[2026-07-26T02:09:25.096+0000] {logging_mixin.py:190} INFO - [2026-07-26T02:09:25.096+0000] {dag.py:4180} INFO - Setting next_dagrun for dbt_docs_generate_and_publish to 2026-07-25 02:00:00+00:00, run_after=2026-07-26 02:00:00+00:00
[2026-07-26T02:09:25.117+0000] {processor.py:208} INFO - Processing /opt/airflow/dags/dbt_docs_pipeline.py took 0.107 seconds
[2026-07-26T02:09:55.803+0000] {processor.py:186} INFO - Started process (PID=1723) to work on /opt/airflow/dags/dbt_docs_pipeline.py
[2026-07-26T02:09:55.804+0000] {processor.py:914} INFO - Processing file /opt/airflow/dags/dbt_docs_pipeline.py for tasks to queue
[2026-07-26T02:09:55.806+0000] {logging_mixin.py:190} INFO - [2026-07-26T02:09:55.806+0000] {dagbag.py:588} INFO - Filling up the DagBag from /opt/airflow/dags/dbt_docs_pipeline.py
[2026-07-26T02:09:55.842+0000] {processor.py:925} INFO - DAG(s) 'dbt_docs_generate_and_publish' retrieved from /opt/airflow/dags/dbt_docs_pipeline.py
[2026-07-26T02:09:55.876+0000] {logging_mixin.py:190} INFO - [2026-07-26T02:09:55.875+0000] {dag.py:3239} INFO - Sync 1 DAGs
[2026-07-26T02:09:55.909+0000] {logging_mixin.py:190} INFO - [2026-07-26T02:09:55.908+0000] {dag.py:4180} INFO - Setting next_dagrun for dbt_docs_generate_and_publish to 2026-07-25 02:00:00+00:00, run_after=2026-07-26 02:00:00+00:00
[2026-07-26T02:09:55.934+0000] {processor.py:208} INFO - Processing /opt/airflow/dags/dbt_docs_pipeline.py took 0.137 seconds
[2026-07-26T02:10:26.554+0000] {processor.py:186} INFO - Started process (PID=1811) to work on /opt/airflow/dags/dbt_docs_pipeline.py
[2026-07-26T02:10:26.555+0000] {processor.py:914} INFO - Processing file /opt/airflow/dags/dbt_docs_pipeline.py for tasks to queue
[2026-07-26T02:10:26.558+0000] {logging_mixin.py:190} INFO - [2026-07-26T02:10:26.558+0000] {dagbag.py:588} INFO - Filling up the DagBag from /opt/airflow/dags/dbt_docs_pipeline.py
[2026-07-26T02:10:26.586+0000] {processor.py:925} INFO - DAG(s) 'dbt_docs_generate_and_publish' retrieved from /opt/airflow/dags/dbt_docs_pipeline.py
[2026-07-26T02:10:26.609+0000] {logging_mixin.py:190} INFO - [2026-07-26T02:10:26.609+0000] {dag.py:3239} INFO - Sync 1 DAGs
[2026-07-26T02:10:26.633+0000] {logging_mixin.py:190} INFO - [2026-07-26T02:10:26.633+0000] {dag.py:4180} INFO - Setting next_dagrun for dbt_docs_generate_and_publish to 2026-07-25 02:00:00+00:00, run_after=2026-07-26 02:00:00+00:00
[2026-07-26T02:10:26.656+0000] {processor.py:208} INFO - Processing /opt/airflow/dags/dbt_docs_pipeline.py took 0.108 seconds
[2026-07-26T02:10:57.034+0000] {processor.py:186} INFO - Started process (PID=1904) to work on /opt/airflow/dags/dbt_docs_pipeline.py
[2026-07-26T02:10:57.035+0000] {processor.py:914} INFO - Processing file /opt/airflow/dags/dbt_docs_pipeline.py for tasks to queue
[2026-07-26T02:10:57.037+0000] {logging_mixin.py:190} INFO - [2026-07-26T02:10:57.037+0000] {dagbag.py:588} INFO - Filling up the DagBag from /opt/airflow/dags/dbt_docs_pipeline.py
[2026-07-26T02:10:57.065+0000] {processor.py:925} INFO - DAG(s) 'dbt_docs_generate_and_publish' retrieved from /opt/airflow/dags/dbt_docs_pipeline.py
[2026-07-26T02:10:57.090+0000] {logging_mixin.py:190} INFO - [2026-07-26T02:10:57.090+0000] {dag.py:3239} INFO - Sync 1 DAGs
[2026-07-26T02:10:57.113+0000] {logging_mixin.py:190} INFO - [2026-07-26T02:10:57.113+0000] {dag.py:4180} INFO - Setting next_dagrun for dbt_docs_generate_and_publish to 2026-07-25 02:00:00+00:00, run_after=2026-07-26 02:00:00+00:00
[2026-07-26T02:10:57.134+0000] {processor.py:208} INFO - Processing /opt/airflow/dags/dbt_docs_pipeline.py took 0.105 seconds
[2026-07-26T02:11:27.375+0000] {processor.py:186} INFO - Started process (PID=1997) to work on /opt/airflow/dags/dbt_docs_pipeline.py
[2026-07-26T02:11:27.376+0000] {processor.py:914} INFO - Processing file /opt/airflow/dags/dbt_docs_pipeline.py for tasks to queue
[2026-07-26T02:11:27.379+0000] {logging_mixin.py:190} INFO - [2026-07-26T02:11:27.379+0000] {dagbag.py:588} INFO - Filling up the DagBag from /opt/airflow/dags/dbt_docs_pipeline.py
[2026-07-26T02:11:27.407+0000] {processor.py:925} INFO - DAG(s) 'dbt_docs_generate_and_publish' retrieved from /opt/airflow/dags/dbt_docs_pipeline.py
[2026-07-26T02:11:27.429+0000] {logging_mixin.py:190} INFO - [2026-07-26T02:11:27.428+0000] {dag.py:3239} INFO - Sync 1 DAGs
[2026-07-26T02:11:27.449+0000] {logging_mixin.py:190} INFO - [2026-07-26T02:11:27.449+0000] {dag.py:4180} INFO - Setting next_dagrun for dbt_docs_generate_and_publish to 2026-07-25 02:00:00+00:00, run_after=2026-07-26 02:00:00+00:00
[2026-07-26T02:11:27.467+0000] {processor.py:208} INFO - Processing /opt/airflow/dags/dbt_docs_pipeline.py took 0.098 seconds
[2026-07-26T02:11:57.710+0000] {processor.py:186} INFO - Started process (PID=2085) to work on /opt/airflow/dags/dbt_docs_pipeline.py
[2026-07-26T02:11:57.710+0000] {processor.py:914} INFO - Processing file /opt/airflow/dags/dbt_docs_pipeline.py for tasks to queue
[2026-07-26T02:11:57.713+0000] {logging_mixin.py:190} INFO - [2026-07-26T02:11:57.713+0000] {dagbag.py:588} INFO - Filling up the DagBag from /opt/airflow/dags/dbt_docs_pipeline.py
[2026-07-26T02:11:57.746+0000] {processor.py:925} INFO - DAG(s) 'dbt_docs_generate_and_publish' retrieved from /opt/airflow/dags/dbt_docs_pipeline.py
[2026-07-26T02:11:57.771+0000] {logging_mixin.py:190} INFO - [2026-07-26T02:11:57.771+0000] {dag.py:3239} INFO - Sync 1 DAGs
[2026-07-26T02:11:57.795+0000] {logging_mixin.py:190} INFO - [2026-07-26T02:11:57.794+0000] {dag.py:4180} INFO - Setting next_dagrun for dbt_docs_generate_and_publish to 2026-07-25 02:00:00+00:00, run_after=2026-07-26 02:00:00+00:00
[2026-07-26T02:11:57.816+0000] {processor.py:208} INFO - Processing /opt/airflow/dags/dbt_docs_pipeline.py took 0.111 seconds
[2026-07-26T02:12:28.294+0000] {processor.py:186} INFO - Started process (PID=2178) to work on /opt/airflow/dags/dbt_docs_pipeline.py
[2026-07-26T02:12:28.295+0000] {processor.py:914} INFO - Processing file /opt/airflow/dags/dbt_docs_pipeline.py for tasks to queue
[2026-07-26T02:12:28.298+0000] {logging_mixin.py:190} INFO - [2026-07-26T02:12:28.297+0000] {dagbag.py:588} INFO - Filling up the DagBag from /opt/airflow/dags/dbt_docs_pipeline.py
[2026-07-26T02:12:28.330+0000] {processor.py:925} INFO - DAG(s) 'dbt_docs_generate_and_publish' retrieved from /opt/airflow/dags/dbt_docs_pipeline.py
[2026-07-26T02:12:28.353+0000] {logging_mixin.py:190} INFO - [2026-07-26T02:12:28.353+0000] {dag.py:3239} INFO - Sync 1 DAGs
[2026-07-26T02:12:28.375+0000] {logging_mixin.py:190} INFO - [2026-07-26T02:12:28.375+0000] {dag.py:4180} INFO - Setting next_dagrun for dbt_docs_generate_and_publish to 2026-07-25 02:00:00+00:00, run_after=2026-07-26 02:00:00+00:00
[2026-07-26T02:12:28.395+0000] {processor.py:208} INFO - Processing /opt/airflow/dags/dbt_docs_pipeline.py took 0.106 seconds
[2026-07-26T02:12:58.789+0000] {processor.py:186} INFO - Started process (PID=2271) to work on /opt/airflow/dags/dbt_docs_pipeline.py
[2026-07-26T02:12:58.790+0000] {processor.py:914} INFO - Processing file /opt/airflow/dags/dbt_docs_pipeline.py for tasks to queue
[2026-07-26T02:12:58.792+0000] {logging_mixin.py:190} INFO - [2026-07-26T02:12:58.792+0000] {dagbag.py:588} INFO - Filling up the DagBag from /opt/airflow/dags/dbt_docs_pipeline.py
[2026-07-26T02:12:58.818+0000] {processor.py:925} INFO - DAG(s) 'dbt_docs_generate_and_publish' retrieved from /opt/airflow/dags/dbt_docs_pipeline.py
[2026-07-26T02:12:58.840+0000] {logging_mixin.py:190} INFO - [2026-07-26T02:12:58.840+0000] {dag.py:3239} INFO - Sync 1 DAGs
[2026-07-26T02:12:58.862+0000] {logging_mixin.py:190} INFO - [2026-07-26T02:12:58.862+0000] {dag.py:4180} INFO - Setting next_dagrun for dbt_docs_generate_and_publish to 2026-07-25 02:00:00+00:00, run_after=2026-07-26 02:00:00+00:00
[2026-07-26T02:12:58.880+0000] {processor.py:208} INFO - Processing /opt/airflow/dags/dbt_docs_pipeline.py took 0.096 seconds
[2026-07-26T02:13:29.151+0000] {processor.py:186} INFO - Started process (PID=2359) to work on /opt/airflow/dags/dbt_docs_pipeline.py
[2026-07-26T02:13:29.153+0000] {processor.py:914} INFO - Processing file /opt/airflow/dags/dbt_docs_pipeline.py for tasks to queue
[2026-07-26T02:13:29.155+0000] {logging_mixin.py:190} INFO - [2026-07-26T02:13:29.155+0000] {dagbag.py:588} INFO - Filling up the DagBag from /opt/airflow/dags/dbt_docs_pipeline.py
[2026-07-26T02:13:29.188+0000] {processor.py:925} INFO - DAG(s) 'dbt_docs_generate_and_publish' retrieved from /opt/airflow/dags/dbt_docs_pipeline.py
[2026-07-26T02:13:29.224+0000] {logging_mixin.py:190} INFO - [2026-07-26T02:13:29.224+0000] {dag.py:3239} INFO - Sync 1 DAGs
[2026-07-26T02:13:29.252+0000] {logging_mixin.py:190} INFO - [2026-07-26T02:13:29.252+0000] {dag.py:4180} INFO - Setting next_dagrun for dbt_docs_generate_and_publish to 2026-07-25 02:00:00+00:00, run_after=2026-07-26 02:00:00+00:00
[2026-07-26T02:13:29.280+0000] {processor.py:208} INFO - Processing /opt/airflow/dags/dbt_docs_pipeline.py took 0.135 seconds
[2026-07-26T02:13:59.909+0000] {processor.py:186} INFO - Started process (PID=2452) to work on /opt/airflow/dags/dbt_docs_pipeline.py
[2026-07-26T02:13:59.910+0000] {processor.py:914} INFO - Processing file /opt/airflow/dags/dbt_docs_pipeline.py for tasks to queue
[2026-07-26T02:13:59.912+0000] {logging_mixin.py:190} INFO - [2026-07-26T02:13:59.912+0000] {dagbag.py:588} INFO - Filling up the DagBag from /opt/airflow/dags/dbt_docs_pipeline.py
[2026-07-26T02:13:59.938+0000] {processor.py:925} INFO - DAG(s) 'dbt_docs_generate_and_publish' retrieved from /opt/airflow/dags/dbt_docs_pipeline.py
[2026-07-26T02:13:59.966+0000] {logging_mixin.py:190} INFO - [2026-07-26T02:13:59.966+0000] {dag.py:3239} INFO - Sync 1 DAGs
[2026-07-26T02:13:59.988+0000] {logging_mixin.py:190} INFO - [2026-07-26T02:13:59.988+0000] {dag.py:4180} INFO - Setting next_dagrun for dbt_docs_generate_and_publish to 2026-07-25 02:00:00+00:00, run_after=2026-07-26 02:00:00+00:00
[2026-07-26T02:14:00.012+0000] {processor.py:208} INFO - Processing /opt/airflow/dags/dbt_docs_pipeline.py took 0.109 seconds
[2026-07-26T02:14:30.468+0000] {processor.py:186} INFO - Started process (PID=2545) to work on /opt/airflow/dags/dbt_docs_pipeline.py
[2026-07-26T02:14:30.469+0000] {processor.py:914} INFO - Processing file /opt/airflow/dags/dbt_docs_pipeline.py for tasks to queue
[2026-07-26T02:14:30.471+0000] {logging_mixin.py:190} INFO - [2026-07-26T02:14:30.471+0000] {dagbag.py:588} INFO - Filling up the DagBag from /opt/airflow/dags/dbt_docs_pipeline.py
[2026-07-26T02:14:30.497+0000] {processor.py:925} INFO - DAG(s) 'dbt_docs_generate_and_publish' retrieved from /opt/airflow/dags/dbt_docs_pipeline.py
[2026-07-26T02:14:30.521+0000] {logging_mixin.py:190} INFO - [2026-07-26T02:14:30.521+0000] {dag.py:3239} INFO - Sync 1 DAGs
[2026-07-26T02:14:30.544+0000] {logging_mixin.py:190} INFO - [2026-07-26T02:14:30.544+0000] {dag.py:4180} INFO - Setting next_dagrun for dbt_docs_generate_and_publish to 2026-07-25 02:00:00+00:00, run_after=2026-07-26 02:00:00+00:00
[2026-07-26T02:14:30.564+0000] {processor.py:208} INFO - Processing /opt/airflow/dags/dbt_docs_pipeline.py took 0.102 seconds
[2026-07-26T02:15:00.995+0000] {processor.py:186} INFO - Started process (PID=2633) to work on /opt/airflow/dags/dbt_docs_pipeline.py
[2026-07-26T02:15:00.997+0000] {processor.py:914} INFO - Processing file /opt/airflow/dags/dbt_docs_pipeline.py for tasks to queue
[2026-07-26T02:15:01.000+0000] {logging_mixin.py:190} INFO - [2026-07-26T02:15:00.999+0000] {dagbag.py:588} INFO - Filling up the DagBag from /opt/airflow/dags/dbt_docs_pipeline.py
[2026-07-26T02:15:01.027+0000] {processor.py:925} INFO - DAG(s) 'dbt_docs_generate_and_publish' retrieved from /opt/airflow/dags/dbt_docs_pipeline.py
[2026-07-26T02:15:01.054+0000] {logging_mixin.py:190} INFO - [2026-07-26T02:15:01.054+0000] {dag.py:3239} INFO - Sync 1 DAGs
[2026-07-26T02:15:01.082+0000] {logging_mixin.py:190} INFO - [2026-07-26T02:15:01.082+0000] {dag.py:4180} INFO - Setting next_dagrun for dbt_docs_generate_and_publish to 2026-07-25 02:00:00+00:00, run_after=2026-07-26 02:00:00+00:00
[2026-07-26T02:15:01.109+0000] {processor.py:208} INFO - Processing /opt/airflow/dags/dbt_docs_pipeline.py took 0.120 seconds
[2026-07-26T02:15:31.509+0000] {processor.py:186} INFO - Started process (PID=2726) to work on /opt/airflow/dags/dbt_docs_pipeline.py
[2026-07-26T02:15:31.510+0000] {processor.py:914} INFO - Processing file /opt/airflow/dags/dbt_docs_pipeline.py for tasks to queue
[2026-07-26T02:15:31.513+0000] {logging_mixin.py:190} INFO - [2026-07-26T02:15:31.512+0000] {dagbag.py:588} INFO - Filling up the DagBag from /opt/airflow/dags/dbt_docs_pipeline.py
[2026-07-26T02:15:31.541+0000] {processor.py:925} INFO - DAG(s) 'dbt_docs_generate_and_publish' retrieved from /opt/airflow/dags/dbt_docs_pipeline.py
[2026-07-26T02:15:31.565+0000] {logging_mixin.py:190} INFO - [2026-07-26T02:15:31.564+0000] {dag.py:3239} INFO - Sync 1 DAGs
[2026-07-26T02:15:31.588+0000] {logging_mixin.py:190} INFO - [2026-07-26T02:15:31.588+0000] {dag.py:4180} INFO - Setting next_dagrun for dbt_docs_generate_and_publish to 2026-07-25 02:00:00+00:00, run_after=2026-07-26 02:00:00+00:00
[2026-07-26T02:15:31.609+0000] {processor.py:208} INFO - Processing /opt/airflow/dags/dbt_docs_pipeline.py took 0.106 seconds
[2026-07-26T02:16:02.206+0000] {processor.py:186} INFO - Started process (PID=2819) to work on /opt/airflow/dags/dbt_docs_pipeline.py
[2026-07-26T02:16:02.207+0000] {processor.py:914} INFO - Processing file /opt/airflow/dags/dbt_docs_pipeline.py for tasks to queue
[2026-07-26T02:16:02.209+0000] {logging_mixin.py:190} INFO - [2026-07-26T02:16:02.209+0000] {dagbag.py:588} INFO - Filling up the DagBag from /opt/airflow/dags/dbt_docs_pipeline.py
[2026-07-26T02:16:02.234+0000] {processor.py:925} INFO - DAG(s) 'dbt_docs_generate_and_publish' retrieved from /opt/airflow/dags/dbt_docs_pipeline.py
[2026-07-26T02:16:02.261+0000] {logging_mixin.py:190} INFO - [2026-07-26T02:16:02.261+0000] {dag.py:3239} INFO - Sync 1 DAGs
[2026-07-26T02:16:02.282+0000] {logging_mixin.py:190} INFO - [2026-07-26T02:16:02.282+0000] {dag.py:4180} INFO - Setting next_dagrun for dbt_docs_generate_and_publish to 2026-07-25 02:00:00+00:00, run_after=2026-07-26 02:00:00+00:00
[2026-07-26T02:16:02.300+0000] {processor.py:208} INFO - Processing /opt/airflow/dags/dbt_docs_pipeline.py took 0.099 seconds
[2026-07-26T02:16:32.703+0000] {processor.py:186} INFO - Started process (PID=2907) to work on /opt/airflow/dags/dbt_docs_pipeline.py
[2026-07-26T02:16:32.705+0000] {processor.py:914} INFO - Processing file /opt/airflow/dags/dbt_docs_pipeline.py for tasks to queue
[2026-07-26T02:16:32.707+0000] {logging_mixin.py:190} INFO - [2026-07-26T02:16:32.707+0000] {dagbag.py:588} INFO - Filling up the DagBag from /opt/airflow/dags/dbt_docs_pipeline.py
[2026-07-26T02:16:32.736+0000] {processor.py:925} INFO - DAG(s) 'dbt_docs_generate_and_publish' retrieved from /opt/airflow/dags/dbt_docs_pipeline.py
[2026-07-26T02:16:32.759+0000] {logging_mixin.py:190} INFO - [2026-07-26T02:16:32.759+0000] {dag.py:3239} INFO - Sync 1 DAGs
[2026-07-26T02:16:32.786+0000] {logging_mixin.py:190} INFO - [2026-07-26T02:16:32.786+0000] {dag.py:4180} INFO - Setting next_dagrun for dbt_docs_generate_and_publish to 2026-07-25 02:00:00+00:00, run_after=2026-07-26 02:00:00+00:00
[2026-07-26T02:16:32.810+0000] {processor.py:208} INFO - Processing /opt/airflow/dags/dbt_docs_pipeline.py took 0.114 seconds
[2026-07-26T02:17:02.892+0000] {processor.py:186} INFO - Started process (PID=3000) to work on /opt/airflow/dags/dbt_docs_pipeline.py
[2026-07-26T02:17:02.893+0000] {processor.py:914} INFO - Processing file /opt/airflow/dags/dbt_docs_pipeline.py for tasks to queue
[2026-07-26T02:17:02.896+0000] {logging_mixin.py:190} INFO - [2026-07-26T02:17:02.896+0000] {dagbag.py:588} INFO - Filling up the DagBag from /opt/airflow/dags/dbt_docs_pipeline.py
[2026-07-26T02:17:02.929+0000] {processor.py:925} INFO - DAG(s) 'dbt_docs_generate_and_publish' retrieved from /opt/airflow/dags/dbt_docs_pipeline.py
[2026-07-26T02:17:02.960+0000] {logging_mixin.py:190} INFO - [2026-07-26T02:17:02.960+0000] {dag.py:3239} INFO - Sync 1 DAGs
[2026-07-26T02:17:02.982+0000] {logging_mixin.py:190} INFO - [2026-07-26T02:17:02.982+0000] {dag.py:4180} INFO - Setting next_dagrun for dbt_docs_generate_and_publish to 2026-07-25 02:00:00+00:00, run_after=2026-07-26 02:00:00+00:00
[2026-07-26T02:17:03.008+0000] {processor.py:208} INFO - Processing /opt/airflow/dags/dbt_docs_pipeline.py took 0.122 seconds
[2026-07-26T02:17:33.944+0000] {processor.py:186} INFO - Started process (PID=3093) to work on /opt/airflow/dags/dbt_docs_pipeline.py
[2026-07-26T02:17:33.945+0000] {processor.py:914} INFO - Processing file /opt/airflow/dags/dbt_docs_pipeline.py for tasks to queue
[2026-07-26T02:17:33.947+0000] {logging_mixin.py:190} INFO - [2026-07-26T02:17:33.947+0000] {dagbag.py:588} INFO - Filling up the DagBag from /opt/airflow/dags/dbt_docs_pipeline.py
[2026-07-26T02:17:33.975+0000] {processor.py:925} INFO - DAG(s) 'dbt_docs_generate_and_publish' retrieved from /opt/airflow/dags/dbt_docs_pipeline.py
[2026-07-26T02:17:33.997+0000] {logging_mixin.py:190} INFO - [2026-07-26T02:17:33.997+0000] {dag.py:3239} INFO - Sync 1 DAGs
[2026-07-26T02:17:34.019+0000] {logging_mixin.py:190} INFO - [2026-07-26T02:17:34.018+0000] {dag.py:4180} INFO - Setting next_dagrun for dbt_docs_generate_and_publish to 2026-07-25 02:00:00+00:00, run_after=2026-07-26 02:00:00+00:00
[2026-07-26T02:17:34.039+0000] {processor.py:208} INFO - Processing /opt/airflow/dags/dbt_docs_pipeline.py took 0.101 seconds
[2026-07-26T02:18:04.527+0000] {processor.py:186} INFO - Started process (PID=3186) to work on /opt/airflow/dags/dbt_docs_pipeline.py
[2026-07-26T02:18:04.528+0000] {processor.py:914} INFO - Processing file /opt/airflow/dags/dbt_docs_pipeline.py for tasks to queue
[2026-07-26T02:18:04.531+0000] {logging_mixin.py:190} INFO - [2026-07-26T02:18:04.530+0000] {dagbag.py:588} INFO - Filling up the DagBag from /opt/airflow/dags/dbt_docs_pipeline.py
[2026-07-26T02:18:04.555+0000] {processor.py:925} INFO - DAG(s) 'dbt_docs_generate_and_publish' retrieved from /opt/airflow/dags/dbt_docs_pipeline.py
[2026-07-26T02:18:04.575+0000] {logging_mixin.py:190} INFO - [2026-07-26T02:18:04.575+0000] {dag.py:3239} INFO - Sync 1 DAGs
[2026-07-26T02:18:04.597+0000] {logging_mixin.py:190} INFO - [2026-07-26T02:18:04.597+0000] {dag.py:4180} INFO - Setting next_dagrun for dbt_docs_generate_and_publish to 2026-07-25 02:00:00+00:00, run_after=2026-07-26 02:00:00+00:00
[2026-07-26T02:18:04.618+0000] {processor.py:208} INFO - Processing /opt/airflow/dags/dbt_docs_pipeline.py took 0.096 seconds
[2026-07-26T02:18:34.984+0000] {processor.py:186} INFO - Started process (PID=3274) to work on /opt/airflow/dags/dbt_docs_pipeline.py
[2026-07-26T02:18:34.986+0000] {processor.py:914} INFO - Processing file /opt/airflow/dags/dbt_docs_pipeline.py for tasks to queue
[2026-07-26T02:18:34.988+0000] {logging_mixin.py:190} INFO - [2026-07-26T02:18:34.988+0000] {dagbag.py:588} INFO - Filling up the DagBag from /opt/airflow/dags/dbt_docs_pipeline.py
[2026-07-26T02:18:35.017+0000] {processor.py:925} INFO - DAG(s) 'dbt_docs_generate_and_publish' retrieved from /opt/airflow/dags/dbt_docs_pipeline.py
[2026-07-26T02:18:35.045+0000] {logging_mixin.py:190} INFO - [2026-07-26T02:18:35.044+0000] {dag.py:3239} INFO - Sync 1 DAGs
[2026-07-26T02:18:35.069+0000] {logging_mixin.py:190} INFO - [2026-07-26T02:18:35.069+0000] {dag.py:4180} INFO - Setting next_dagrun for dbt_docs_generate_and_publish to 2026-07-25 02:00:00+00:00, run_after=2026-07-26 02:00:00+00:00
[2026-07-26T02:18:35.094+0000] {processor.py:208} INFO - Processing /opt/airflow/dags/dbt_docs_pipeline.py took 0.116 seconds
[2026-07-26T02:26:07.926+0000] {processor.py:186} INFO - Started process (PID=3367) to work on /opt/airflow/dags/dbt_docs_pipeline.py
[2026-07-26T02:26:07.926+0000] {processor.py:914} INFO - Processing file /opt/airflow/dags/dbt_docs_pipeline.py for tasks to queue
[2026-07-26T02:26:07.928+0000] {logging_mixin.py:190} INFO - [2026-07-26T02:26:07.928+0000] {dagbag.py:588} INFO - Filling up the DagBag from /opt/airflow/dags/dbt_docs_pipeline.py
[2026-07-26T02:26:07.954+0000] {processor.py:925} INFO - DAG(s) 'dbt_docs_generate_and_publish' retrieved from /opt/airflow/dags/dbt_docs_pipeline.py
[2026-07-26T02:26:07.977+0000] {logging_mixin.py:190} INFO - [2026-07-26T02:26:07.977+0000] {dag.py:3239} INFO - Sync 1 DAGs
[2026-07-26T02:26:08.006+0000] {logging_mixin.py:190} INFO - [2026-07-26T02:26:08.006+0000] {dag.py:4180} INFO - Setting next_dagrun for dbt_docs_generate_and_publish to 2026-07-25 02:00:00+00:00, run_after=2026-07-26 02:00:00+00:00
[2026-07-26T02:26:08.033+0000] {processor.py:208} INFO - Processing /opt/airflow/dags/dbt_docs_pipeline.py took 0.113 seconds
[2026-07-26T02:29:49.379+0000] {processor.py:186} INFO - Started process (PID=172) to work on /opt/airflow/dags/dbt_docs_pipeline.py
[2026-07-26T02:29:49.381+0000] {processor.py:914} INFO - Processing file /opt/airflow/dags/dbt_docs_pipeline.py for tasks to queue
[2026-07-26T02:29:49.386+0000] {logging_mixin.py:190} INFO - [2026-07-26T02:29:49.385+0000] {dagbag.py:588} INFO - Filling up the DagBag from /opt/airflow/dags/dbt_docs_pipeline.py
[2026-07-26T02:29:49.428+0000] {processor.py:925} INFO - DAG(s) 'dbt_docs_generate_and_publish' retrieved from /opt/airflow/dags/dbt_docs_pipeline.py
[2026-07-26T02:29:49.549+0000] {logging_mixin.py:190} INFO - [2026-07-26T02:29:49.548+0000] {override.py:1900} INFO - Created Permission View: can read on DAG:dbt_docs_generate_and_publish
[2026-07-26T02:29:49.572+0000] {logging_mixin.py:190} INFO - [2026-07-26T02:29:49.572+0000] {override.py:1900} INFO - Created Permission View: can delete on DAG:dbt_docs_generate_and_publish
[2026-07-26T02:29:49.583+0000] {logging_mixin.py:190} INFO - [2026-07-26T02:29:49.582+0000] {override.py:1900} INFO - Created Permission View: can edit on DAG:dbt_docs_generate_and_publish
[2026-07-26T02:29:49.594+0000] {logging_mixin.py:190} INFO - [2026-07-26T02:29:49.594+0000] {override.py:1900} INFO - Created Permission View: can read on DAG Run:dbt_docs_generate_and_publish
[2026-07-26T02:29:49.604+0000] {logging_mixin.py:190} INFO - [2026-07-26T02:29:49.603+0000] {override.py:1900} INFO - Created Permission View: menu access on DAG Run:dbt_docs_generate_and_publish
[2026-07-26T02:29:49.615+0000] {logging_mixin.py:190} INFO - [2026-07-26T02:29:49.614+0000] {override.py:1900} INFO - Created Permission View: can delete on DAG Run:dbt_docs_generate_and_publish
[2026-07-26T02:29:49.624+0000] {logging_mixin.py:190} INFO - [2026-07-26T02:29:49.623+0000] {override.py:1900} INFO - Created Permission View: can create on DAG Run:dbt_docs_generate_and_publish
[2026-07-26T02:29:49.625+0000] {logging_mixin.py:190} INFO - [2026-07-26T02:29:49.624+0000] {dag.py:3239} INFO - Sync 1 DAGs
[2026-07-26T02:29:49.641+0000] {logging_mixin.py:190} INFO - [2026-07-26T02:29:49.641+0000] {dag.py:3262} INFO - Creating ORM DAG for dbt_docs_generate_and_publish
[2026-07-26T02:29:49.657+0000] {logging_mixin.py:190} INFO - [2026-07-26T02:29:49.656+0000] {dag.py:4180} INFO - Setting next_dagrun for dbt_docs_generate_and_publish to 2026-07-25 02:00:00+00:00, run_after=2026-07-26 02:00:00+00:00
[2026-07-26T02:29:49.683+0000] {processor.py:208} INFO - Processing /opt/airflow/dags/dbt_docs_pipeline.py took 0.311 seconds
[2026-07-26T02:30:19.937+0000] {processor.py:186} INFO - Started process (PID=265) to work on /opt/airflow/dags/dbt_docs_pipeline.py
[2026-07-26T02:30:19.939+0000] {processor.py:914} INFO - Processing file /opt/airflow/dags/dbt_docs_pipeline.py for tasks to queue
[2026-07-26T02:30:19.942+0000] {logging_mixin.py:190} INFO - [2026-07-26T02:30:19.942+0000] {dagbag.py:588} INFO - Filling up the DagBag from /opt/airflow/dags/dbt_docs_pipeline.py
[2026-07-26T02:30:19.976+0000] {processor.py:925} INFO - DAG(s) 'dbt_docs_generate_and_publish' retrieved from /opt/airflow/dags/dbt_docs_pipeline.py
[2026-07-26T02:30:20.005+0000] {logging_mixin.py:190} INFO - [2026-07-26T02:30:20.005+0000] {dag.py:3239} INFO - Sync 1 DAGs
[2026-07-26T02:30:20.040+0000] {logging_mixin.py:190} INFO - [2026-07-26T02:30:20.040+0000] {dag.py:4180} INFO - Setting next_dagrun for dbt_docs_generate_and_publish to 2026-07-25 02:00:00+00:00, run_after=2026-07-26 02:00:00+00:00
[2026-07-26T02:30:20.066+0000] {processor.py:208} INFO - Processing /opt/airflow/dags/dbt_docs_pipeline.py took 0.137 seconds
[2026-07-26T02:30:50.193+0000] {processor.py:186} INFO - Started process (PID=351) to work on /opt/airflow/dags/dbt_docs_pipeline.py
[2026-07-26T02:30:50.194+0000] {processor.py:914} INFO - Processing file /opt/airflow/dags/dbt_docs_pipeline.py for tasks to queue
[2026-07-26T02:30:50.196+0000] {logging_mixin.py:190} INFO - [2026-07-26T02:30:50.196+0000] {dagbag.py:588} INFO - Filling up the DagBag from /opt/airflow/dags/dbt_docs_pipeline.py
[2026-07-26T02:30:50.229+0000] {processor.py:925} INFO - DAG(s) 'dbt_docs_generate_and_publish' retrieved from /opt/airflow/dags/dbt_docs_pipeline.py
[2026-07-26T02:30:50.257+0000] {logging_mixin.py:190} INFO - [2026-07-26T02:30:50.257+0000] {dag.py:3239} INFO - Sync 1 DAGs
[2026-07-26T02:30:50.280+0000] {logging_mixin.py:190} INFO - [2026-07-26T02:30:50.280+0000] {dag.py:4180} INFO - Setting next_dagrun for dbt_docs_generate_and_publish to 2026-07-25 02:00:00+00:00, run_after=2026-07-26 02:00:00+00:00
[2026-07-26T02:30:50.298+0000] {processor.py:208} INFO - Processing /opt/airflow/dags/dbt_docs_pipeline.py took 0.110 seconds
[2026-07-26T02:31:20.710+0000] {processor.py:186} INFO - Started process (PID=444) to work on /opt/airflow/dags/dbt_docs_pipeline.py
[2026-07-26T02:31:20.711+0000] {processor.py:914} INFO - Processing file /opt/airflow/dags/dbt_docs_pipeline.py for tasks to queue
[2026-07-26T02:31:20.713+0000] {logging_mixin.py:190} INFO - [2026-07-26T02:31:20.713+0000] {dagbag.py:588} INFO - Filling up the DagBag from /opt/airflow/dags/dbt_docs_pipeline.py
[2026-07-26T02:31:20.741+0000] {processor.py:925} INFO - DAG(s) 'dbt_docs_generate_and_publish' retrieved from /opt/airflow/dags/dbt_docs_pipeline.py
[2026-07-26T02:31:20.763+0000] {logging_mixin.py:190} INFO - [2026-07-26T02:31:20.762+0000] {dag.py:3239} INFO - Sync 1 DAGs
[2026-07-26T02:31:20.784+0000] {logging_mixin.py:190} INFO - [2026-07-26T02:31:20.784+0000] {dag.py:4180} INFO - Setting next_dagrun for dbt_docs_generate_and_publish to 2026-07-25 02:00:00+00:00, run_after=2026-07-26 02:00:00+00:00
[2026-07-26T02:31:20.801+0000] {processor.py:208} INFO - Processing /opt/airflow/dags/dbt_docs_pipeline.py took 0.096 seconds
[2026-07-26T02:31:51.170+0000] {processor.py:186} INFO - Started process (PID=532) to work on /opt/airflow/dags/dbt_docs_pipeline.py
[2026-07-26T02:31:51.172+0000] {processor.py:914} INFO - Processing file /opt/airflow/dags/dbt_docs_pipeline.py for tasks to queue
[2026-07-26T02:31:51.174+0000] {logging_mixin.py:190} INFO - [2026-07-26T02:31:51.174+0000] {dagbag.py:588} INFO - Filling up the DagBag from /opt/airflow/dags/dbt_docs_pipeline.py
[2026-07-26T02:31:51.206+0000] {processor.py:925} INFO - DAG(s) 'dbt_docs_generate_and_publish' retrieved from /opt/airflow/dags/dbt_docs_pipeline.py
[2026-07-26T02:31:51.231+0000] {logging_mixin.py:190} INFO - [2026-07-26T02:31:51.231+0000] {dag.py:3239} INFO - Sync 1 DAGs
[2026-07-26T02:31:51.256+0000] {logging_mixin.py:190} INFO - [2026-07-26T02:31:51.256+0000] {dag.py:4180} INFO - Setting next_dagrun for dbt_docs_generate_and_publish to 2026-07-25 02:00:00+00:00, run_after=2026-07-26 02:00:00+00:00
[2026-07-26T02:31:51.277+0000] {processor.py:208} INFO - Processing /opt/airflow/dags/dbt_docs_pipeline.py took 0.114 seconds
[2026-07-26T02:32:22.160+0000] {processor.py:186} INFO - Started process (PID=625) to work on /opt/airflow/dags/dbt_docs_pipeline.py
[2026-07-26T02:32:22.162+0000] {processor.py:914} INFO - Processing file /opt/airflow/dags/dbt_docs_pipeline.py for tasks to queue
[2026-07-26T02:32:22.164+0000] {logging_mixin.py:190} INFO - [2026-07-26T02:32:22.164+0000] {dagbag.py:588} INFO - Filling up the DagBag from /opt/airflow/dags/dbt_docs_pipeline.py
[2026-07-26T02:32:22.201+0000] {processor.py:925} INFO - DAG(s) 'dbt_docs_generate_and_publish' retrieved from /opt/airflow/dags/dbt_docs_pipeline.py
[2026-07-26T02:32:22.238+0000] {logging_mixin.py:190} INFO - [2026-07-26T02:32:22.237+0000] {dag.py:3239} INFO - Sync 1 DAGs
[2026-07-26T02:32:22.266+0000] {logging_mixin.py:190} INFO - [2026-07-26T02:32:22.266+0000] {dag.py:4180} INFO - Setting next_dagrun for dbt_docs_generate_and_publish to 2026-07-25 02:00:00+00:00, run_after=2026-07-26 02:00:00+00:00
[2026-07-26T02:32:22.291+0000] {processor.py:208} INFO - Processing /opt/airflow/dags/dbt_docs_pipeline.py took 0.137 seconds
[2026-07-26T02:32:52.437+0000] {processor.py:186} INFO - Started process (PID=718) to work on /opt/airflow/dags/dbt_docs_pipeline.py
[2026-07-26T02:32:52.438+0000] {processor.py:914} INFO - Processing file /opt/airflow/dags/dbt_docs_pipeline.py for tasks to queue
[2026-07-26T02:32:52.440+0000] {logging_mixin.py:190} INFO - [2026-07-26T02:32:52.440+0000] {dagbag.py:588} INFO - Filling up the DagBag from /opt/airflow/dags/dbt_docs_pipeline.py
[2026-07-26T02:32:52.467+0000] {processor.py:925} INFO - DAG(s) 'dbt_docs_generate_and_publish' retrieved from /opt/airflow/dags/dbt_docs_pipeline.py
[2026-07-26T02:32:52.493+0000] {logging_mixin.py:190} INFO - [2026-07-26T02:32:52.493+0000] {dag.py:3239} INFO - Sync 1 DAGs
[2026-07-26T02:32:52.514+0000] {logging_mixin.py:190} INFO - [2026-07-26T02:32:52.514+0000] {dag.py:4180} INFO - Setting next_dagrun for dbt_docs_generate_and_publish to 2026-07-25 02:00:00+00:00, run_after=2026-07-26 02:00:00+00:00
[2026-07-26T02:32:52.534+0000] {processor.py:208} INFO - Processing /opt/airflow/dags/dbt_docs_pipeline.py took 0.101 seconds
[2026-07-26T02:33:23.174+0000] {processor.py:186} INFO - Started process (PID=811) to work on /opt/airflow/dags/dbt_docs_pipeline.py
[2026-07-26T02:33:23.175+0000] {processor.py:914} INFO - Processing file /opt/airflow/dags/dbt_docs_pipeline.py for tasks to queue
[2026-07-26T02:33:23.177+0000] {logging_mixin.py:190} INFO - [2026-07-26T02:33:23.177+0000] {dagbag.py:588} INFO - Filling up the DagBag from /opt/airflow/dags/dbt_docs_pipeline.py
[2026-07-26T02:33:23.202+0000] {processor.py:925} INFO - DAG(s) 'dbt_docs_generate_and_publish' retrieved from /opt/airflow/dags/dbt_docs_pipeline.py
[2026-07-26T02:33:23.227+0000] {logging_mixin.py:190} INFO - [2026-07-26T02:33:23.227+0000] {dag.py:3239} INFO - Sync 1 DAGs
[2026-07-26T02:33:23.251+0000] {logging_mixin.py:190} INFO - [2026-07-26T02:33:23.250+0000] {dag.py:4180} INFO - Setting next_dagrun for dbt_docs_generate_and_publish to 2026-07-25 02:00:00+00:00, run_after=2026-07-26 02:00:00+00:00
[2026-07-26T02:33:23.268+0000] {processor.py:208} INFO - Processing /opt/airflow/dags/dbt_docs_pipeline.py took 0.100 seconds
[2026-07-26T02:33:53.430+0000] {processor.py:186} INFO - Started process (PID=901) to work on /opt/airflow/dags/dbt_docs_pipeline.py
[2026-07-26T02:33:53.431+0000] {processor.py:914} INFO - Processing file /opt/airflow/dags/dbt_docs_pipeline.py for tasks to queue
[2026-07-26T02:33:53.434+0000] {logging_mixin.py:190} INFO - [2026-07-26T02:33:53.434+0000] {dagbag.py:588} INFO - Filling up the DagBag from /opt/airflow/dags/dbt_docs_pipeline.py
[2026-07-26T02:33:53.463+0000] {processor.py:925} INFO - DAG(s) 'dbt_docs_generate_and_publish' retrieved from /opt/airflow/dags/dbt_docs_pipeline.py
[2026-07-26T02:33:53.483+0000] {logging_mixin.py:190} INFO - [2026-07-26T02:33:53.483+0000] {dag.py:3239} INFO - Sync 1 DAGs
[2026-07-26T02:33:53.504+0000] {logging_mixin.py:190} INFO - [2026-07-26T02:33:53.504+0000] {dag.py:4180} INFO - Setting next_dagrun for dbt_docs_generate_and_publish to 2026-07-25 02:00:00+00:00, run_after=2026-07-26 02:00:00+00:00
[2026-07-26T02:33:53.524+0000] {processor.py:208} INFO - Processing /opt/airflow/dags/dbt_docs_pipeline.py took 0.099 seconds
[2026-07-26T02:34:23.731+0000] {processor.py:186} INFO - Started process (PID=992) to work on /opt/airflow/dags/dbt_docs_pipeline.py
[2026-07-26T02:34:23.732+0000] {processor.py:914} INFO - Processing file /opt/airflow/dags/dbt_docs_pipeline.py for tasks to queue
[2026-07-26T02:34:23.735+0000] {logging_mixin.py:190} INFO - [2026-07-26T02:34:23.734+0000] {dagbag.py:588} INFO - Filling up the DagBag from /opt/airflow/dags/dbt_docs_pipeline.py
[2026-07-26T02:34:23.765+0000] {processor.py:925} INFO - DAG(s) 'dbt_docs_generate_and_publish' retrieved from /opt/airflow/dags/dbt_docs_pipeline.py
[2026-07-26T02:34:23.791+0000] {logging_mixin.py:190} INFO - [2026-07-26T02:34:23.790+0000] {dag.py:3239} INFO - Sync 1 DAGs
[2026-07-26T02:34:23.814+0000] {logging_mixin.py:190} INFO - [2026-07-26T02:34:23.814+0000] {dag.py:4180} INFO - Setting next_dagrun for dbt_docs_generate_and_publish to 2026-07-25 02:00:00+00:00, run_after=2026-07-26 02:00:00+00:00
[2026-07-26T02:34:23.836+0000] {processor.py:208} INFO - Processing /opt/airflow/dags/dbt_docs_pipeline.py took 0.110 seconds
[2026-07-26T02:34:54.511+0000] {processor.py:186} INFO - Started process (PID=1085) to work on /opt/airflow/dags/dbt_docs_pipeline.py
[2026-07-26T02:34:54.512+0000] {processor.py:914} INFO - Processing file /opt/airflow/dags/dbt_docs_pipeline.py for tasks to queue
[2026-07-26T02:34:54.514+0000] {logging_mixin.py:190} INFO - [2026-07-26T02:34:54.514+0000] {dagbag.py:588} INFO - Filling up the DagBag from /opt/airflow/dags/dbt_docs_pipeline.py
[2026-07-26T02:34:54.543+0000] {processor.py:925} INFO - DAG(s) 'dbt_docs_generate_and_publish' retrieved from /opt/airflow/dags/dbt_docs_pipeline.py
[2026-07-26T02:34:54.571+0000] {logging_mixin.py:190} INFO - [2026-07-26T02:34:54.570+0000] {dag.py:3239} INFO - Sync 1 DAGs
[2026-07-26T02:34:54.597+0000] {logging_mixin.py:190} INFO - [2026-07-26T02:34:54.597+0000] {dag.py:4180} INFO - Setting next_dagrun for dbt_docs_generate_and_publish to 2026-07-25 02:00:00+00:00, run_after=2026-07-26 02:00:00+00:00
[2026-07-26T02:34:54.618+0000] {processor.py:208} INFO - Processing /opt/airflow/dags/dbt_docs_pipeline.py took 0.116 seconds
[2026-07-26T02:35:24.672+0000] {processor.py:186} INFO - Started process (PID=1176) to work on /opt/airflow/dags/dbt_docs_pipeline.py
[2026-07-26T02:35:24.674+0000] {processor.py:914} INFO - Processing file /opt/airflow/dags/dbt_docs_pipeline.py for tasks to queue
[2026-07-26T02:35:24.676+0000] {logging_mixin.py:190} INFO - [2026-07-26T02:35:24.676+0000] {dagbag.py:588} INFO - Filling up the DagBag from /opt/airflow/dags/dbt_docs_pipeline.py
[2026-07-26T02:35:24.704+0000] {processor.py:925} INFO - DAG(s) 'dbt_docs_generate_and_publish' retrieved from /opt/airflow/dags/dbt_docs_pipeline.py
[2026-07-26T02:35:24.730+0000] {logging_mixin.py:190} INFO - [2026-07-26T02:35:24.730+0000] {dag.py:3239} INFO - Sync 1 DAGs
[2026-07-26T02:35:24.754+0000] {logging_mixin.py:190} INFO - [2026-07-26T02:35:24.754+0000] {dag.py:4180} INFO - Setting next_dagrun for dbt_docs_generate_and_publish to 2026-07-25 02:00:00+00:00, run_after=2026-07-26 02:00:00+00:00
[2026-07-26T02:35:24.773+0000] {processor.py:208} INFO - Processing /opt/airflow/dags/dbt_docs_pipeline.py took 0.106 seconds
[2026-07-26T02:35:54.857+0000] {processor.py:186} INFO - Started process (PID=1269) to work on /opt/airflow/dags/dbt_docs_pipeline.py
[2026-07-26T02:35:54.858+0000] {processor.py:914} INFO - Processing file /opt/airflow/dags/dbt_docs_pipeline.py for tasks to queue
[2026-07-26T02:35:54.860+0000] {logging_mixin.py:190} INFO - [2026-07-26T02:35:54.860+0000] {dagbag.py:588} INFO - Filling up the DagBag from /opt/airflow/dags/dbt_docs_pipeline.py
[2026-07-26T02:35:54.888+0000] {processor.py:925} INFO - DAG(s) 'dbt_docs_generate_and_publish' retrieved from /opt/airflow/dags/dbt_docs_pipeline.py
[2026-07-26T02:35:54.915+0000] {logging_mixin.py:190} INFO - [2026-07-26T02:35:54.915+0000] {dag.py:3239} INFO - Sync 1 DAGs
[2026-07-26T02:35:54.940+0000] {logging_mixin.py:190} INFO - [2026-07-26T02:35:54.940+0000] {dag.py:4180} INFO - Setting next_dagrun for dbt_docs_generate_and_publish to 2026-07-25 02:00:00+00:00, run_after=2026-07-26 02:00:00+00:00
[2026-07-26T02:35:54.962+0000] {processor.py:208} INFO - Processing /opt/airflow/dags/dbt_docs_pipeline.py took 0.110 seconds
[2026-07-26T02:36:25.337+0000] {processor.py:186} INFO - Started process (PID=1365) to work on /opt/airflow/dags/dbt_docs_pipeline.py
[2026-07-26T02:36:25.338+0000] {processor.py:914} INFO - Processing file /opt/airflow/dags/dbt_docs_pipeline.py for tasks to queue
[2026-07-26T02:36:25.341+0000] {logging_mixin.py:190} INFO - [2026-07-26T02:36:25.340+0000] {dagbag.py:588} INFO - Filling up the DagBag from /opt/airflow/dags/dbt_docs_pipeline.py
[2026-07-26T02:36:25.370+0000] {processor.py:925} INFO - DAG(s) 'dbt_docs_generate_and_publish' retrieved from /opt/airflow/dags/dbt_docs_pipeline.py
[2026-07-26T02:36:25.391+0000] {logging_mixin.py:190} INFO - [2026-07-26T02:36:25.391+0000] {dag.py:3239} INFO - Sync 1 DAGs
[2026-07-26T02:36:25.412+0000] {logging_mixin.py:190} INFO - [2026-07-26T02:36:25.412+0000] {dag.py:4180} INFO - Setting next_dagrun for dbt_docs_generate_and_publish to 2026-07-25 02:00:00+00:00, run_after=2026-07-26 02:00:00+00:00
[2026-07-26T02:36:25.429+0000] {processor.py:208} INFO - Processing /opt/airflow/dags/dbt_docs_pipeline.py took 0.097 seconds
[2026-07-26T02:36:55.503+0000] {processor.py:186} INFO - Started process (PID=1453) to work on /opt/airflow/dags/dbt_docs_pipeline.py
[2026-07-26T02:36:55.504+0000] {processor.py:914} INFO - Processing file /opt/airflow/dags/dbt_docs_pipeline.py for tasks to queue
[2026-07-26T02:36:55.506+0000] {logging_mixin.py:190} INFO - [2026-07-26T02:36:55.506+0000] {dagbag.py:588} INFO - Filling up the DagBag from /opt/airflow/dags/dbt_docs_pipeline.py
[2026-07-26T02:36:55.536+0000] {processor.py:925} INFO - DAG(s) 'dbt_docs_generate_and_publish' retrieved from /opt/airflow/dags/dbt_docs_pipeline.py
[2026-07-26T02:36:55.566+0000] {logging_mixin.py:190} INFO - [2026-07-26T02:36:55.565+0000] {dag.py:3239} INFO - Sync 1 DAGs
[2026-07-26T02:36:55.589+0000] {logging_mixin.py:190} INFO - [2026-07-26T02:36:55.589+0000] {dag.py:4180} INFO - Setting next_dagrun for dbt_docs_generate_and_publish to 2026-07-25 02:00:00+00:00, run_after=2026-07-26 02:00:00+00:00
[2026-07-26T02:36:55.616+0000] {processor.py:208} INFO - Processing /opt/airflow/dags/dbt_docs_pipeline.py took 0.120 seconds
[2026-07-26T02:37:25.900+0000] {processor.py:186} INFO - Started process (PID=1546) to work on /opt/airflow/dags/dbt_docs_pipeline.py
[2026-07-26T02:37:25.901+0000] {processor.py:914} INFO - Processing file /opt/airflow/dags/dbt_docs_pipeline.py for tasks to queue
[2026-07-26T02:37:25.904+0000] {logging_mixin.py:190} INFO - [2026-07-26T02:37:25.903+0000] {dagbag.py:588} INFO - Filling up the DagBag from /opt/airflow/dags/dbt_docs_pipeline.py
[2026-07-26T02:37:25.934+0000] {processor.py:925} INFO - DAG(s) 'dbt_docs_generate_and_publish' retrieved from /opt/airflow/dags/dbt_docs_pipeline.py
[2026-07-26T02:37:25.958+0000] {logging_mixin.py:190} INFO - [2026-07-26T02:37:25.958+0000] {dag.py:3239} INFO - Sync 1 DAGs
[2026-07-26T02:37:25.981+0000] {logging_mixin.py:190} INFO - [2026-07-26T02:37:25.981+0000] {dag.py:4180} INFO - Setting next_dagrun for dbt_docs_generate_and_publish to 2026-07-25 02:00:00+00:00, run_after=2026-07-26 02:00:00+00:00
[2026-07-26T02:37:26.002+0000] {processor.py:208} INFO - Processing /opt/airflow/dags/dbt_docs_pipeline.py took 0.109 seconds
[2026-07-26T02:37:56.585+0000] {processor.py:186} INFO - Started process (PID=1639) to work on /opt/airflow/dags/dbt_docs_pipeline.py
[2026-07-26T02:37:56.586+0000] {processor.py:914} INFO - Processing file /opt/airflow/dags/dbt_docs_pipeline.py for tasks to queue
[2026-07-26T02:37:56.588+0000] {logging_mixin.py:190} INFO - [2026-07-26T02:37:56.588+0000] {dagbag.py:588} INFO - Filling up the DagBag from /opt/airflow/dags/dbt_docs_pipeline.py
[2026-07-26T02:37:56.615+0000] {processor.py:925} INFO - DAG(s) 'dbt_docs_generate_and_publish' retrieved from /opt/airflow/dags/dbt_docs_pipeline.py
[2026-07-26T02:37:56.641+0000] {logging_mixin.py:190} INFO - [2026-07-26T02:37:56.640+0000] {dag.py:3239} INFO - Sync 1 DAGs
[2026-07-26T02:37:56.666+0000] {logging_mixin.py:190} INFO - [2026-07-26T02:37:56.666+0000] {dag.py:4180} INFO - Setting next_dagrun for dbt_docs_generate_and_publish to 2026-07-25 02:00:00+00:00, run_after=2026-07-26 02:00:00+00:00
[2026-07-26T02:37:56.688+0000] {processor.py:208} INFO - Processing /opt/airflow/dags/dbt_docs_pipeline.py took 0.109 seconds
[2026-07-26T02:39:41.799+0000] {processor.py:186} INFO - Started process (PID=172) to work on /opt/airflow/dags/dbt_docs_pipeline.py
[2026-07-26T02:39:41.801+0000] {processor.py:914} INFO - Processing file /opt/airflow/dags/dbt_docs_pipeline.py for tasks to queue
[2026-07-26T02:39:41.807+0000] {logging_mixin.py:190} INFO - [2026-07-26T02:39:41.806+0000] {dagbag.py:588} INFO - Filling up the DagBag from /opt/airflow/dags/dbt_docs_pipeline.py
[2026-07-26T02:39:41.845+0000] {processor.py:925} INFO - DAG(s) 'dbt_docs_generate_and_publish' retrieved from /opt/airflow/dags/dbt_docs_pipeline.py
[2026-07-26T02:39:41.939+0000] {logging_mixin.py:190} INFO - [2026-07-26T02:39:41.939+0000] {override.py:1900} INFO - Created Permission View: can delete on DAG:dbt_docs_generate_and_publish
[2026-07-26T02:39:41.957+0000] {logging_mixin.py:190} INFO - [2026-07-26T02:39:41.956+0000] {override.py:1900} INFO - Created Permission View: can read on DAG:dbt_docs_generate_and_publish
[2026-07-26T02:39:41.969+0000] {logging_mixin.py:190} INFO - [2026-07-26T02:39:41.968+0000] {override.py:1900} INFO - Created Permission View: can edit on DAG:dbt_docs_generate_and_publish
[2026-07-26T02:39:41.983+0000] {logging_mixin.py:190} INFO - [2026-07-26T02:39:41.982+0000] {override.py:1900} INFO - Created Permission View: can delete on DAG Run:dbt_docs_generate_and_publish
[2026-07-26T02:39:41.996+0000] {logging_mixin.py:190} INFO - [2026-07-26T02:39:41.995+0000] {override.py:1900} INFO - Created Permission View: can read on DAG Run:dbt_docs_generate_and_publish
[2026-07-26T02:39:42.010+0000] {logging_mixin.py:190} INFO - [2026-07-26T02:39:42.009+0000] {override.py:1900} INFO - Created Permission View: menu access on DAG Run:dbt_docs_generate_and_publish
[2026-07-26T02:39:42.021+0000] {logging_mixin.py:190} INFO - [2026-07-26T02:39:42.020+0000] {override.py:1900} INFO - Created Permission View: can create on DAG Run:dbt_docs_generate_and_publish
[2026-07-26T02:39:42.022+0000] {logging_mixin.py:190} INFO - [2026-07-26T02:39:42.022+0000] {dag.py:3239} INFO - Sync 1 DAGs
[2026-07-26T02:39:42.047+0000] {logging_mixin.py:190} INFO - [2026-07-26T02:39:42.046+0000] {dag.py:3262} INFO - Creating ORM DAG for dbt_docs_generate_and_publish
[2026-07-26T02:39:42.062+0000] {logging_mixin.py:190} INFO - [2026-07-26T02:39:42.062+0000] {dag.py:4180} INFO - Setting next_dagrun for dbt_docs_generate_and_publish to 2026-07-25 02:00:00+00:00, run_after=2026-07-26 02:00:00+00:00
[2026-07-26T02:39:42.095+0000] {processor.py:208} INFO - Processing /opt/airflow/dags/dbt_docs_pipeline.py took 0.306 seconds
[2026-07-26T02:40:12.975+0000] {processor.py:186} INFO - Started process (PID=265) to work on /opt/airflow/dags/dbt_docs_pipeline.py
[2026-07-26T02:40:12.976+0000] {processor.py:914} INFO - Processing file /opt/airflow/dags/dbt_docs_pipeline.py for tasks to queue
[2026-07-26T02:40:12.979+0000] {logging_mixin.py:190} INFO - [2026-07-26T02:40:12.979+0000] {dagbag.py:588} INFO - Filling up the DagBag from /opt/airflow/dags/dbt_docs_pipeline.py
[2026-07-26T02:40:13.010+0000] {processor.py:925} INFO - DAG(s) 'dbt_docs_generate_and_publish' retrieved from /opt/airflow/dags/dbt_docs_pipeline.py
[2026-07-26T02:40:13.039+0000] {logging_mixin.py:190} INFO - [2026-07-26T02:40:13.038+0000] {dag.py:3239} INFO - Sync 1 DAGs
[2026-07-26T02:40:13.067+0000] {logging_mixin.py:190} INFO - [2026-07-26T02:40:13.067+0000] {dag.py:4180} INFO - Setting next_dagrun for dbt_docs_generate_and_publish to 2026-07-25 02:00:00+00:00, run_after=2026-07-26 02:00:00+00:00
[2026-07-26T02:40:13.092+0000] {processor.py:208} INFO - Processing /opt/airflow/dags/dbt_docs_pipeline.py took 0.124 seconds
[2026-07-26T02:40:43.566+0000] {processor.py:186} INFO - Started process (PID=354) to work on /opt/airflow/dags/dbt_docs_pipeline.py
[2026-07-26T02:40:43.567+0000] {processor.py:914} INFO - Processing file /opt/airflow/dags/dbt_docs_pipeline.py for tasks to queue
[2026-07-26T02:40:43.571+0000] {logging_mixin.py:190} INFO - [2026-07-26T02:40:43.570+0000] {dagbag.py:588} INFO - Filling up the DagBag from /opt/airflow/dags/dbt_docs_pipeline.py
[2026-07-26T02:40:43.610+0000] {processor.py:925} INFO - DAG(s) 'dbt_docs_generate_and_publish' retrieved from /opt/airflow/dags/dbt_docs_pipeline.py
[2026-07-26T02:40:43.648+0000] {logging_mixin.py:190} INFO - [2026-07-26T02:40:43.647+0000] {dag.py:3239} INFO - Sync 1 DAGs
[2026-07-26T02:40:43.705+0000] {processor.py:208} INFO - Processing /opt/airflow/dags/dbt_docs_pipeline.py took 0.146 seconds
[2026-07-26T02:41:14.653+0000] {processor.py:186} INFO - Started process (PID=456) to work on /opt/airflow/dags/dbt_docs_pipeline.py
[2026-07-26T02:41:14.658+0000] {processor.py:914} INFO - Processing file /opt/airflow/dags/dbt_docs_pipeline.py for tasks to queue
[2026-07-26T02:41:14.673+0000] {logging_mixin.py:190} INFO - [2026-07-26T02:41:14.672+0000] {dagbag.py:588} INFO - Filling up the DagBag from /opt/airflow/dags/dbt_docs_pipeline.py
[2026-07-26T02:41:14.777+0000] {processor.py:925} INFO - DAG(s) 'dbt_docs_generate_and_publish' retrieved from /opt/airflow/dags/dbt_docs_pipeline.py
[2026-07-26T02:41:14.880+0000] {logging_mixin.py:190} INFO - [2026-07-26T02:41:14.879+0000] {dag.py:3239} INFO - Sync 1 DAGs
[2026-07-26T02:41:14.965+0000] {processor.py:208} INFO - Processing /opt/airflow/dags/dbt_docs_pipeline.py took 0.364 seconds
[2026-07-26T02:41:45.098+0000] {processor.py:186} INFO - Started process (PID=567) to work on /opt/airflow/dags/dbt_docs_pipeline.py
[2026-07-26T02:41:45.099+0000] {processor.py:914} INFO - Processing file /opt/airflow/dags/dbt_docs_pipeline.py for tasks to queue
[2026-07-26T02:41:45.102+0000] {logging_mixin.py:190} INFO - [2026-07-26T02:41:45.102+0000] {dagbag.py:588} INFO - Filling up the DagBag from /opt/airflow/dags/dbt_docs_pipeline.py
[2026-07-26T02:41:45.127+0000] {processor.py:925} INFO - DAG(s) 'dbt_docs_generate_and_publish' retrieved from /opt/airflow/dags/dbt_docs_pipeline.py
[2026-07-26T02:41:45.152+0000] {logging_mixin.py:190} INFO - [2026-07-26T02:41:45.152+0000] {dag.py:3239} INFO - Sync 1 DAGs
[2026-07-26T02:41:45.202+0000] {processor.py:208} INFO - Processing /opt/airflow/dags/dbt_docs_pipeline.py took 0.110 seconds
[2026-07-26T02:42:15.354+0000] {processor.py:186} INFO - Started process (PID=672) to work on /opt/airflow/dags/dbt_docs_pipeline.py
[2026-07-26T02:42:15.356+0000] {processor.py:914} INFO - Processing file /opt/airflow/dags/dbt_docs_pipeline.py for tasks to queue
[2026-07-26T02:42:15.358+0000] {logging_mixin.py:190} INFO - [2026-07-26T02:42:15.357+0000] {dagbag.py:588} INFO - Filling up the DagBag from /opt/airflow/dags/dbt_docs_pipeline.py
[2026-07-26T02:42:15.386+0000] {processor.py:925} INFO - DAG(s) 'dbt_docs_generate_and_publish' retrieved from /opt/airflow/dags/dbt_docs_pipeline.py
[2026-07-26T02:42:15.413+0000] {logging_mixin.py:190} INFO - [2026-07-26T02:42:15.413+0000] {dag.py:3239} INFO - Sync 1 DAGs
[2026-07-26T02:42:15.442+0000] {logging_mixin.py:190} INFO - [2026-07-26T02:42:15.442+0000] {dag.py:4180} INFO - Setting next_dagrun for dbt_docs_generate_and_publish to 2026-07-26 02:00:00+00:00, run_after=2026-07-27 02:00:00+00:00
[2026-07-26T02:42:15.462+0000] {processor.py:208} INFO - Processing /opt/airflow/dags/dbt_docs_pipeline.py took 0.115 seconds
[2026-07-26T02:42:46.020+0000] {processor.py:186} INFO - Started process (PID=765) to work on /opt/airflow/dags/dbt_docs_pipeline.py
[2026-07-26T02:42:46.022+0000] {processor.py:914} INFO - Processing file /opt/airflow/dags/dbt_docs_pipeline.py for tasks to queue
[2026-07-26T02:42:46.024+0000] {logging_mixin.py:190} INFO - [2026-07-26T02:42:46.024+0000] {dagbag.py:588} INFO - Filling up the DagBag from /opt/airflow/dags/dbt_docs_pipeline.py
[2026-07-26T02:42:46.052+0000] {processor.py:925} INFO - DAG(s) 'dbt_docs_generate_and_publish' retrieved from /opt/airflow/dags/dbt_docs_pipeline.py
[2026-07-26T02:42:46.075+0000] {logging_mixin.py:190} INFO - [2026-07-26T02:42:46.075+0000] {dag.py:3239} INFO - Sync 1 DAGs
[2026-07-26T02:42:46.101+0000] {logging_mixin.py:190} INFO - [2026-07-26T02:42:46.100+0000] {dag.py:4180} INFO - Setting next_dagrun for dbt_docs_generate_and_publish to 2026-07-26 02:00:00+00:00, run_after=2026-07-27 02:00:00+00:00
[2026-07-26T02:42:46.120+0000] {processor.py:208} INFO - Processing /opt/airflow/dags/dbt_docs_pipeline.py took 0.106 seconds
[2026-07-26T02:43:16.505+0000] {processor.py:186} INFO - Started process (PID=853) to work on /opt/airflow/dags/dbt_docs_pipeline.py
[2026-07-26T02:43:16.506+0000] {processor.py:914} INFO - Processing file /opt/airflow/dags/dbt_docs_pipeline.py for tasks to queue
[2026-07-26T02:43:16.509+0000] {logging_mixin.py:190} INFO - [2026-07-26T02:43:16.509+0000] {dagbag.py:588} INFO - Filling up the DagBag from /opt/airflow/dags/dbt_docs_pipeline.py
[2026-07-26T02:43:16.534+0000] {processor.py:925} INFO - DAG(s) 'dbt_docs_generate_and_publish' retrieved from /opt/airflow/dags/dbt_docs_pipeline.py
[2026-07-26T02:43:16.558+0000] {logging_mixin.py:190} INFO - [2026-07-26T02:43:16.558+0000] {dag.py:3239} INFO - Sync 1 DAGs
[2026-07-26T02:43:16.581+0000] {logging_mixin.py:190} INFO - [2026-07-26T02:43:16.581+0000] {dag.py:4180} INFO - Setting next_dagrun for dbt_docs_generate_and_publish to 2026-07-26 02:00:00+00:00, run_after=2026-07-27 02:00:00+00:00
[2026-07-26T02:43:16.601+0000] {processor.py:208} INFO - Processing /opt/airflow/dags/dbt_docs_pipeline.py took 0.102 seconds
[2026-07-26T02:43:47.007+0000] {processor.py:186} INFO - Started process (PID=944) to work on /opt/airflow/dags/dbt_docs_pipeline.py
[2026-07-26T02:43:47.009+0000] {processor.py:914} INFO - Processing file /opt/airflow/dags/dbt_docs_pipeline.py for tasks to queue
[2026-07-26T02:43:47.012+0000] {logging_mixin.py:190} INFO - [2026-07-26T02:43:47.012+0000] {dagbag.py:588} INFO - Filling up the DagBag from /opt/airflow/dags/dbt_docs_pipeline.py
[2026-07-26T02:43:47.043+0000] {processor.py:925} INFO - DAG(s) 'dbt_docs_generate_and_publish' retrieved from /opt/airflow/dags/dbt_docs_pipeline.py
[2026-07-26T02:43:47.069+0000] {logging_mixin.py:190} INFO - [2026-07-26T02:43:47.069+0000] {dag.py:3239} INFO - Sync 1 DAGs
[2026-07-26T02:43:47.094+0000] {logging_mixin.py:190} INFO - [2026-07-26T02:43:47.094+0000] {dag.py:4180} INFO - Setting next_dagrun for dbt_docs_generate_and_publish to 2026-07-26 02:00:00+00:00, run_after=2026-07-27 02:00:00+00:00
[2026-07-26T02:43:47.118+0000] {processor.py:208} INFO - Processing /opt/airflow/dags/dbt_docs_pipeline.py took 0.117 seconds
[2026-07-26T02:44:17.312+0000] {processor.py:186} INFO - Started process (PID=1033) to work on /opt/airflow/dags/dbt_docs_pipeline.py
[2026-07-26T02:44:17.313+0000] {processor.py:914} INFO - Processing file /opt/airflow/dags/dbt_docs_pipeline.py for tasks to queue
[2026-07-26T02:44:17.316+0000] {logging_mixin.py:190} INFO - [2026-07-26T02:44:17.315+0000] {dagbag.py:588} INFO - Filling up the DagBag from /opt/airflow/dags/dbt_docs_pipeline.py
[2026-07-26T02:44:17.343+0000] {processor.py:925} INFO - DAG(s) 'dbt_docs_generate_and_publish' retrieved from /opt/airflow/dags/dbt_docs_pipeline.py
[2026-07-26T02:44:17.366+0000] {logging_mixin.py:190} INFO - [2026-07-26T02:44:17.366+0000] {dag.py:3239} INFO - Sync 1 DAGs
[2026-07-26T02:44:17.390+0000] {logging_mixin.py:190} INFO - [2026-07-26T02:44:17.389+0000] {dag.py:4180} INFO - Setting next_dagrun for dbt_docs_generate_and_publish to 2026-07-26 02:00:00+00:00, run_after=2026-07-27 02:00:00+00:00
[2026-07-26T02:44:17.411+0000] {processor.py:208} INFO - Processing /opt/airflow/dags/dbt_docs_pipeline.py took 0.107 seconds
[2026-07-26T02:44:47.583+0000] {processor.py:186} INFO - Started process (PID=1122) to work on /opt/airflow/dags/dbt_docs_pipeline.py
[2026-07-26T02:44:47.586+0000] {processor.py:914} INFO - Processing file /opt/airflow/dags/dbt_docs_pipeline.py for tasks to queue
[2026-07-26T02:44:47.588+0000] {logging_mixin.py:190} INFO - [2026-07-26T02:44:47.588+0000] {dagbag.py:588} INFO - Filling up the DagBag from /opt/airflow/dags/dbt_docs_pipeline.py
[2026-07-26T02:44:47.621+0000] {processor.py:925} INFO - DAG(s) 'dbt_docs_generate_and_publish' retrieved from /opt/airflow/dags/dbt_docs_pipeline.py
[2026-07-26T02:44:47.652+0000] {logging_mixin.py:190} INFO - [2026-07-26T02:44:47.651+0000] {dag.py:3239} INFO - Sync 1 DAGs
[2026-07-26T02:44:47.681+0000] {logging_mixin.py:190} INFO - [2026-07-26T02:44:47.680+0000] {dag.py:4180} INFO - Setting next_dagrun for dbt_docs_generate_and_publish to 2026-07-26 02:00:00+00:00, run_after=2026-07-27 02:00:00+00:00
[2026-07-26T02:44:47.707+0000] {processor.py:208} INFO - Processing /opt/airflow/dags/dbt_docs_pipeline.py took 0.130 seconds
[2026-07-26T02:45:18.138+0000] {processor.py:186} INFO - Started process (PID=1216) to work on /opt/airflow/dags/dbt_docs_pipeline.py
[2026-07-26T02:45:18.139+0000] {processor.py:914} INFO - Processing file /opt/airflow/dags/dbt_docs_pipeline.py for tasks to queue
[2026-07-26T02:45:18.141+0000] {logging_mixin.py:190} INFO - [2026-07-26T02:45:18.141+0000] {dagbag.py:588} INFO - Filling up the DagBag from /opt/airflow/dags/dbt_docs_pipeline.py
[2026-07-26T02:45:18.169+0000] {processor.py:925} INFO - DAG(s) 'dbt_docs_generate_and_publish' retrieved from /opt/airflow/dags/dbt_docs_pipeline.py
[2026-07-26T02:45:18.198+0000] {logging_mixin.py:190} INFO - [2026-07-26T02:45:18.198+0000] {dag.py:3239} INFO - Sync 1 DAGs
[2026-07-26T02:45:18.221+0000] {logging_mixin.py:190} INFO - [2026-07-26T02:45:18.221+0000] {dag.py:4180} INFO - Setting next_dagrun for dbt_docs_generate_and_publish to 2026-07-26 02:00:00+00:00, run_after=2026-07-27 02:00:00+00:00
[2026-07-26T02:45:18.239+0000] {processor.py:208} INFO - Processing /opt/airflow/dags/dbt_docs_pipeline.py took 0.108 seconds
[2026-07-26T02:45:48.783+0000] {processor.py:186} INFO - Started process (PID=1306) to work on /opt/airflow/dags/dbt_docs_pipeline.py
[2026-07-26T02:45:48.785+0000] {processor.py:914} INFO - Processing file /opt/airflow/dags/dbt_docs_pipeline.py for tasks to queue
[2026-07-26T02:45:48.790+0000] {logging_mixin.py:190} INFO - [2026-07-26T02:45:48.790+0000] {dagbag.py:588} INFO - Filling up the DagBag from /opt/airflow/dags/dbt_docs_pipeline.py
[2026-07-26T02:45:48.822+0000] {processor.py:925} INFO - DAG(s) 'dbt_docs_generate_and_publish' retrieved from /opt/airflow/dags/dbt_docs_pipeline.py
[2026-07-26T02:45:48.847+0000] {logging_mixin.py:190} INFO - [2026-07-26T02:45:48.847+0000] {dag.py:3239} INFO - Sync 1 DAGs
[2026-07-26T02:45:48.877+0000] {logging_mixin.py:190} INFO - [2026-07-26T02:45:48.877+0000] {dag.py:4180} INFO - Setting next_dagrun for dbt_docs_generate_and_publish to 2026-07-26 02:00:00+00:00, run_after=2026-07-27 02:00:00+00:00
[2026-07-26T02:45:48.902+0000] {processor.py:208} INFO - Processing /opt/airflow/dags/dbt_docs_pipeline.py took 0.124 seconds
[2026-07-26T02:46:19.183+0000] {processor.py:186} INFO - Started process (PID=1402) to work on /opt/airflow/dags/dbt_docs_pipeline.py
[2026-07-26T02:46:19.184+0000] {processor.py:914} INFO - Processing file /opt/airflow/dags/dbt_docs_pipeline.py for tasks to queue
[2026-07-26T02:46:19.187+0000] {logging_mixin.py:190} INFO - [2026-07-26T02:46:19.187+0000] {dagbag.py:588} INFO - Filling up the DagBag from /opt/airflow/dags/dbt_docs_pipeline.py
[2026-07-26T02:46:19.220+0000] {processor.py:925} INFO - DAG(s) 'dbt_docs_generate_and_publish' retrieved from /opt/airflow/dags/dbt_docs_pipeline.py
[2026-07-26T02:46:19.247+0000] {logging_mixin.py:190} INFO - [2026-07-26T02:46:19.246+0000] {dag.py:3239} INFO - Sync 1 DAGs
[2026-07-26T02:46:19.269+0000] {logging_mixin.py:190} INFO - [2026-07-26T02:46:19.269+0000] {dag.py:4180} INFO - Setting next_dagrun for dbt_docs_generate_and_publish to 2026-07-26 02:00:00+00:00, run_after=2026-07-27 02:00:00+00:00
[2026-07-26T02:46:19.290+0000] {processor.py:208} INFO - Processing /opt/airflow/dags/dbt_docs_pipeline.py took 0.113 seconds
[2026-07-26T02:46:49.644+0000] {processor.py:186} INFO - Started process (PID=1493) to work on /opt/airflow/dags/dbt_docs_pipeline.py
[2026-07-26T02:46:49.646+0000] {processor.py:914} INFO - Processing file /opt/airflow/dags/dbt_docs_pipeline.py for tasks to queue
[2026-07-26T02:46:49.650+0000] {logging_mixin.py:190} INFO - [2026-07-26T02:46:49.649+0000] {dagbag.py:588} INFO - Filling up the DagBag from /opt/airflow/dags/dbt_docs_pipeline.py
[2026-07-26T02:46:49.681+0000] {processor.py:925} INFO - DAG(s) 'dbt_docs_generate_and_publish' retrieved from /opt/airflow/dags/dbt_docs_pipeline.py
[2026-07-26T02:46:49.710+0000] {logging_mixin.py:190} INFO - [2026-07-26T02:46:49.709+0000] {dag.py:3239} INFO - Sync 1 DAGs
[2026-07-26T02:46:49.738+0000] {logging_mixin.py:190} INFO - [2026-07-26T02:46:49.738+0000] {dag.py:4180} INFO - Setting next_dagrun for dbt_docs_generate_and_publish to 2026-07-26 02:00:00+00:00, run_after=2026-07-27 02:00:00+00:00
[2026-07-26T02:46:49.758+0000] {processor.py:208} INFO - Processing /opt/airflow/dags/dbt_docs_pipeline.py took 0.122 seconds
[2026-07-26T02:47:20.159+0000] {processor.py:186} INFO - Started process (PID=1586) to work on /opt/airflow/dags/dbt_docs_pipeline.py
[2026-07-26T02:47:20.160+0000] {processor.py:914} INFO - Processing file /opt/airflow/dags/dbt_docs_pipeline.py for tasks to queue
[2026-07-26T02:47:20.162+0000] {logging_mixin.py:190} INFO - [2026-07-26T02:47:20.161+0000] {dagbag.py:588} INFO - Filling up the DagBag from /opt/airflow/dags/dbt_docs_pipeline.py
[2026-07-26T02:47:20.189+0000] {processor.py:925} INFO - DAG(s) 'dbt_docs_generate_and_publish' retrieved from /opt/airflow/dags/dbt_docs_pipeline.py
[2026-07-26T02:47:20.217+0000] {logging_mixin.py:190} INFO - [2026-07-26T02:47:20.216+0000] {dag.py:3239} INFO - Sync 1 DAGs
[2026-07-26T02:47:20.243+0000] {logging_mixin.py:190} INFO - [2026-07-26T02:47:20.243+0000] {dag.py:4180} INFO - Setting next_dagrun for dbt_docs_generate_and_publish to 2026-07-26 02:00:00+00:00, run_after=2026-07-27 02:00:00+00:00
[2026-07-26T02:47:20.267+0000] {processor.py:208} INFO - Processing /opt/airflow/dags/dbt_docs_pipeline.py took 0.114 seconds
[2026-07-26T02:47:50.775+0000] {processor.py:186} INFO - Started process (PID=1679) to work on /opt/airflow/dags/dbt_docs_pipeline.py
[2026-07-26T02:47:50.776+0000] {processor.py:914} INFO - Processing file /opt/airflow/dags/dbt_docs_pipeline.py for tasks to queue
[2026-07-26T02:47:50.779+0000] {logging_mixin.py:190} INFO - [2026-07-26T02:47:50.779+0000] {dagbag.py:588} INFO - Filling up the DagBag from /opt/airflow/dags/dbt_docs_pipeline.py
[2026-07-26T02:47:50.804+0000] {processor.py:925} INFO - DAG(s) 'dbt_docs_generate_and_publish' retrieved from /opt/airflow/dags/dbt_docs_pipeline.py
[2026-07-26T02:47:50.825+0000] {logging_mixin.py:190} INFO - [2026-07-26T02:47:50.825+0000] {dag.py:3239} INFO - Sync 1 DAGs
[2026-07-26T02:47:50.852+0000] {logging_mixin.py:190} INFO - [2026-07-26T02:47:50.851+0000] {dag.py:4180} INFO - Setting next_dagrun for dbt_docs_generate_and_publish to 2026-07-26 02:00:00+00:00, run_after=2026-07-27 02:00:00+00:00
[2026-07-26T02:47:50.876+0000] {processor.py:208} INFO - Processing /opt/airflow/dags/dbt_docs_pipeline.py took 0.107 seconds
[2026-07-26T02:48:21.301+0000] {processor.py:186} INFO - Started process (PID=1775) to work on /opt/airflow/dags/dbt_docs_pipeline.py
[2026-07-26T02:48:21.302+0000] {processor.py:914} INFO - Processing file /opt/airflow/dags/dbt_docs_pipeline.py for tasks to queue
[2026-07-26T02:48:21.305+0000] {logging_mixin.py:190} INFO - [2026-07-26T02:48:21.304+0000] {dagbag.py:588} INFO - Filling up the DagBag from /opt/airflow/dags/dbt_docs_pipeline.py
[2026-07-26T02:48:21.336+0000] {processor.py:925} INFO - DAG(s) 'dbt_docs_generate_and_publish' retrieved from /opt/airflow/dags/dbt_docs_pipeline.py
[2026-07-26T02:48:21.357+0000] {logging_mixin.py:190} INFO - [2026-07-26T02:48:21.357+0000] {dag.py:3239} INFO - Sync 1 DAGs
[2026-07-26T02:48:21.380+0000] {logging_mixin.py:190} INFO - [2026-07-26T02:48:21.380+0000] {dag.py:4180} INFO - Setting next_dagrun for dbt_docs_generate_and_publish to 2026-07-26 02:00:00+00:00, run_after=2026-07-27 02:00:00+00:00
[2026-07-26T02:48:21.399+0000] {processor.py:208} INFO - Processing /opt/airflow/dags/dbt_docs_pipeline.py took 0.102 seconds
[2026-07-26T02:48:51.938+0000] {processor.py:186} INFO - Started process (PID=1866) to work on /opt/airflow/dags/dbt_docs_pipeline.py
[2026-07-26T02:48:51.939+0000] {processor.py:914} INFO - Processing file /opt/airflow/dags/dbt_docs_pipeline.py for tasks to queue
[2026-07-26T02:48:51.941+0000] {logging_mixin.py:190} INFO - [2026-07-26T02:48:51.941+0000] {dagbag.py:588} INFO - Filling up the DagBag from /opt/airflow/dags/dbt_docs_pipeline.py
[2026-07-26T02:48:51.967+0000] {processor.py:925} INFO - DAG(s) 'dbt_docs_generate_and_publish' retrieved from /opt/airflow/dags/dbt_docs_pipeline.py
[2026-07-26T02:48:51.990+0000] {logging_mixin.py:190} INFO - [2026-07-26T02:48:51.990+0000] {dag.py:3239} INFO - Sync 1 DAGs
[2026-07-26T02:48:52.013+0000] {logging_mixin.py:190} INFO - [2026-07-26T02:48:52.013+0000] {dag.py:4180} INFO - Setting next_dagrun for dbt_docs_generate_and_publish to 2026-07-26 02:00:00+00:00, run_after=2026-07-27 02:00:00+00:00
[2026-07-26T02:48:52.035+0000] {processor.py:208} INFO - Processing /opt/airflow/dags/dbt_docs_pipeline.py took 0.103 seconds
[2026-07-26T02:49:22.186+0000] {processor.py:186} INFO - Started process (PID=1956) to work on /opt/airflow/dags/dbt_docs_pipeline.py
[2026-07-26T02:49:22.187+0000] {processor.py:914} INFO - Processing file /opt/airflow/dags/dbt_docs_pipeline.py for tasks to queue
[2026-07-26T02:49:22.189+0000] {logging_mixin.py:190} INFO - [2026-07-26T02:49:22.189+0000] {dagbag.py:588} INFO - Filling up the DagBag from /opt/airflow/dags/dbt_docs_pipeline.py
[2026-07-26T02:49:22.218+0000] {processor.py:925} INFO - DAG(s) 'dbt_docs_generate_and_publish' retrieved from /opt/airflow/dags/dbt_docs_pipeline.py
[2026-07-26T02:49:22.250+0000] {logging_mixin.py:190} INFO - [2026-07-26T02:49:22.249+0000] {dag.py:3239} INFO - Sync 1 DAGs
[2026-07-26T02:49:22.283+0000] {logging_mixin.py:190} INFO - [2026-07-26T02:49:22.283+0000] {dag.py:4180} INFO - Setting next_dagrun for dbt_docs_generate_and_publish to 2026-07-26 02:00:00+00:00, run_after=2026-07-27 02:00:00+00:00
[2026-07-26T02:49:22.321+0000] {processor.py:208} INFO - Processing /opt/airflow/dags/dbt_docs_pipeline.py took 0.140 seconds
[2026-07-26T02:49:52.741+0000] {processor.py:186} INFO - Started process (PID=2049) to work on /opt/airflow/dags/dbt_docs_pipeline.py
[2026-07-26T02:49:52.742+0000] {processor.py:914} INFO - Processing file /opt/airflow/dags/dbt_docs_pipeline.py for tasks to queue
[2026-07-26T02:49:52.746+0000] {logging_mixin.py:190} INFO - [2026-07-26T02:49:52.745+0000] {dagbag.py:588} INFO - Filling up the DagBag from /opt/airflow/dags/dbt_docs_pipeline.py
[2026-07-26T02:49:52.771+0000] {processor.py:925} INFO - DAG(s) 'dbt_docs_generate_and_publish' retrieved from /opt/airflow/dags/dbt_docs_pipeline.py
[2026-07-26T02:49:52.794+0000] {logging_mixin.py:190} INFO - [2026-07-26T02:49:52.793+0000] {dag.py:3239} INFO - Sync 1 DAGs
[2026-07-26T02:49:52.815+0000] {logging_mixin.py:190} INFO - [2026-07-26T02:49:52.815+0000] {dag.py:4180} INFO - Setting next_dagrun for dbt_docs_generate_and_publish to 2026-07-26 02:00:00+00:00, run_after=2026-07-27 02:00:00+00:00
[2026-07-26T02:49:52.836+0000] {processor.py:208} INFO - Processing /opt/airflow/dags/dbt_docs_pipeline.py took 0.101 seconds
[2026-07-26T02:50:23.269+0000] {processor.py:186} INFO - Started process (PID=2140) to work on /opt/airflow/dags/dbt_docs_pipeline.py
[2026-07-26T02:50:23.271+0000] {processor.py:914} INFO - Processing file /opt/airflow/dags/dbt_docs_pipeline.py for tasks to queue
[2026-07-26T02:50:23.274+0000] {logging_mixin.py:190} INFO - [2026-07-26T02:50:23.273+0000] {dagbag.py:588} INFO - Filling up the DagBag from /opt/airflow/dags/dbt_docs_pipeline.py
[2026-07-26T02:50:23.304+0000] {processor.py:925} INFO - DAG(s) 'dbt_docs_generate_and_publish' retrieved from /opt/airflow/dags/dbt_docs_pipeline.py
[2026-07-26T02:50:23.332+0000] {logging_mixin.py:190} INFO - [2026-07-26T02:50:23.332+0000] {dag.py:3239} INFO - Sync 1 DAGs
[2026-07-26T02:50:23.359+0000] {logging_mixin.py:190} INFO - [2026-07-26T02:50:23.358+0000] {dag.py:4180} INFO - Setting next_dagrun for dbt_docs_generate_and_publish to 2026-07-26 02:00:00+00:00, run_after=2026-07-27 02:00:00+00:00
[2026-07-26T02:50:23.381+0000] {processor.py:208} INFO - Processing /opt/airflow/dags/dbt_docs_pipeline.py took 0.118 seconds
[2026-07-26T02:50:53.582+0000] {processor.py:186} INFO - Started process (PID=2230) to work on /opt/airflow/dags/dbt_docs_pipeline.py
[2026-07-26T02:50:53.583+0000] {processor.py:914} INFO - Processing file /opt/airflow/dags/dbt_docs_pipeline.py for tasks to queue
[2026-07-26T02:50:53.586+0000] {logging_mixin.py:190} INFO - [2026-07-26T02:50:53.585+0000] {dagbag.py:588} INFO - Filling up the DagBag from /opt/airflow/dags/dbt_docs_pipeline.py
[2026-07-26T02:50:53.611+0000] {processor.py:925} INFO - DAG(s) 'dbt_docs_generate_and_publish' retrieved from /opt/airflow/dags/dbt_docs_pipeline.py
[2026-07-26T02:50:53.635+0000] {logging_mixin.py:190} INFO - [2026-07-26T02:50:53.635+0000] {dag.py:3239} INFO - Sync 1 DAGs
[2026-07-26T02:50:53.658+0000] {logging_mixin.py:190} INFO - [2026-07-26T02:50:53.658+0000] {dag.py:4180} INFO - Setting next_dagrun for dbt_docs_generate_and_publish to 2026-07-26 02:00:00+00:00, run_after=2026-07-27 02:00:00+00:00
[2026-07-26T02:50:53.678+0000] {processor.py:208} INFO - Processing /opt/airflow/dags/dbt_docs_pipeline.py took 0.103 seconds
[2026-07-26T02:51:23.807+0000] {processor.py:186} INFO - Started process (PID=2326) to work on /opt/airflow/dags/dbt_docs_pipeline.py
[2026-07-26T02:51:23.808+0000] {processor.py:914} INFO - Processing file /opt/airflow/dags/dbt_docs_pipeline.py for tasks to queue
[2026-07-26T02:51:23.810+0000] {logging_mixin.py:190} INFO - [2026-07-26T02:51:23.810+0000] {dagbag.py:588} INFO - Filling up the DagBag from /opt/airflow/dags/dbt_docs_pipeline.py
[2026-07-26T02:51:23.838+0000] {processor.py:925} INFO - DAG(s) 'dbt_docs_generate_and_publish' retrieved from /opt/airflow/dags/dbt_docs_pipeline.py
[2026-07-26T02:51:23.858+0000] {logging_mixin.py:190} INFO - [2026-07-26T02:51:23.858+0000] {dag.py:3239} INFO - Sync 1 DAGs
[2026-07-26T02:51:23.881+0000] {logging_mixin.py:190} INFO - [2026-07-26T02:51:23.880+0000] {dag.py:4180} INFO - Setting next_dagrun for dbt_docs_generate_and_publish to 2026-07-26 02:00:00+00:00, run_after=2026-07-27 02:00:00+00:00
[2026-07-26T02:51:23.902+0000] {processor.py:208} INFO - Processing /opt/airflow/dags/dbt_docs_pipeline.py took 0.100 seconds
[2026-07-26T02:51:54.589+0000] {processor.py:186} INFO - Started process (PID=2417) to work on /opt/airflow/dags/dbt_docs_pipeline.py
[2026-07-26T02:51:54.590+0000] {processor.py:914} INFO - Processing file /opt/airflow/dags/dbt_docs_pipeline.py for tasks to queue
[2026-07-26T02:51:54.592+0000] {logging_mixin.py:190} INFO - [2026-07-26T02:51:54.592+0000] {dagbag.py:588} INFO - Filling up the DagBag from /opt/airflow/dags/dbt_docs_pipeline.py
[2026-07-26T02:51:54.619+0000] {processor.py:925} INFO - DAG(s) 'dbt_docs_generate_and_publish' retrieved from /opt/airflow/dags/dbt_docs_pipeline.py
[2026-07-26T02:51:54.641+0000] {logging_mixin.py:190} INFO - [2026-07-26T02:51:54.641+0000] {dag.py:3239} INFO - Sync 1 DAGs
[2026-07-26T02:51:54.664+0000] {logging_mixin.py:190} INFO - [2026-07-26T02:51:54.664+0000] {dag.py:4180} INFO - Setting next_dagrun for dbt_docs_generate_and_publish to 2026-07-26 02:00:00+00:00, run_after=2026-07-27 02:00:00+00:00
[2026-07-26T02:51:54.686+0000] {processor.py:208} INFO - Processing /opt/airflow/dags/dbt_docs_pipeline.py took 0.103 seconds
[2026-07-26T02:52:25.184+0000] {processor.py:186} INFO - Started process (PID=2507) to work on /opt/airflow/dags/dbt_docs_pipeline.py
[2026-07-26T02:52:25.185+0000] {processor.py:914} INFO - Processing file /opt/airflow/dags/dbt_docs_pipeline.py for tasks to queue
[2026-07-26T02:52:25.188+0000] {logging_mixin.py:190} INFO - [2026-07-26T02:52:25.187+0000] {dagbag.py:588} INFO - Filling up the DagBag from /opt/airflow/dags/dbt_docs_pipeline.py
[2026-07-26T02:52:25.210+0000] {processor.py:925} INFO - DAG(s) 'dbt_docs_generate_and_publish' retrieved from /opt/airflow/dags/dbt_docs_pipeline.py
[2026-07-26T02:52:25.230+0000] {logging_mixin.py:190} INFO - [2026-07-26T02:52:25.229+0000] {dag.py:3239} INFO - Sync 1 DAGs
[2026-07-26T02:52:25.251+0000] {logging_mixin.py:190} INFO - [2026-07-26T02:52:25.251+0000] {dag.py:4180} INFO - Setting next_dagrun for dbt_docs_generate_and_publish to 2026-07-26 02:00:00+00:00, run_after=2026-07-27 02:00:00+00:00
[2026-07-26T02:52:25.273+0000] {processor.py:208} INFO - Processing /opt/airflow/dags/dbt_docs_pipeline.py took 0.094 seconds
[2026-07-26T02:52:55.348+0000] {processor.py:186} INFO - Started process (PID=2600) to work on /opt/airflow/dags/dbt_docs_pipeline.py
[2026-07-26T02:52:55.349+0000] {processor.py:914} INFO - Processing file /opt/airflow/dags/dbt_docs_pipeline.py for tasks to queue
[2026-07-26T02:52:55.351+0000] {logging_mixin.py:190} INFO - [2026-07-26T02:52:55.351+0000] {dagbag.py:588} INFO - Filling up the DagBag from /opt/airflow/dags/dbt_docs_pipeline.py
[2026-07-26T02:52:55.373+0000] {processor.py:925} INFO - DAG(s) 'dbt_docs_generate_and_publish' retrieved from /opt/airflow/dags/dbt_docs_pipeline.py
[2026-07-26T02:52:55.398+0000] {logging_mixin.py:190} INFO - [2026-07-26T02:52:55.398+0000] {dag.py:3239} INFO - Sync 1 DAGs
[2026-07-26T02:52:55.423+0000] {logging_mixin.py:190} INFO - [2026-07-26T02:52:55.423+0000] {dag.py:4180} INFO - Setting next_dagrun for dbt_docs_generate_and_publish to 2026-07-26 02:00:00+00:00, run_after=2026-07-27 02:00:00+00:00
[2026-07-26T02:52:55.446+0000] {processor.py:208} INFO - Processing /opt/airflow/dags/dbt_docs_pipeline.py took 0.104 seconds
[2026-07-26T02:53:25.675+0000] {processor.py:186} INFO - Started process (PID=2693) to work on /opt/airflow/dags/dbt_docs_pipeline.py
[2026-07-26T02:53:25.677+0000] {processor.py:914} INFO - Processing file /opt/airflow/dags/dbt_docs_pipeline.py for tasks to queue
[2026-07-26T02:53:25.679+0000] {logging_mixin.py:190} INFO - [2026-07-26T02:53:25.679+0000] {dagbag.py:588} INFO - Filling up the DagBag from /opt/airflow/dags/dbt_docs_pipeline.py
[2026-07-26T02:53:25.709+0000] {processor.py:925} INFO - DAG(s) 'dbt_docs_generate_and_publish' retrieved from /opt/airflow/dags/dbt_docs_pipeline.py
[2026-07-26T02:53:25.732+0000] {logging_mixin.py:190} INFO - [2026-07-26T02:53:25.732+0000] {dag.py:3239} INFO - Sync 1 DAGs
[2026-07-26T02:53:25.756+0000] {logging_mixin.py:190} INFO - [2026-07-26T02:53:25.756+0000] {dag.py:4180} INFO - Setting next_dagrun for dbt_docs_generate_and_publish to 2026-07-26 02:00:00+00:00, run_after=2026-07-27 02:00:00+00:00
[2026-07-26T02:53:25.773+0000] {processor.py:208} INFO - Processing /opt/airflow/dags/dbt_docs_pipeline.py took 0.104 seconds
[2026-07-26T02:53:55.878+0000] {processor.py:186} INFO - Started process (PID=2784) to work on /opt/airflow/dags/dbt_docs_pipeline.py
[2026-07-26T02:53:55.879+0000] {processor.py:914} INFO - Processing file /opt/airflow/dags/dbt_docs_pipeline.py for tasks to queue
[2026-07-26T02:53:55.882+0000] {logging_mixin.py:190} INFO - [2026-07-26T02:53:55.881+0000] {dagbag.py:588} INFO - Filling up the DagBag from /opt/airflow/dags/dbt_docs_pipeline.py
[2026-07-26T02:53:55.910+0000] {processor.py:925} INFO - DAG(s) 'dbt_docs_generate_and_publish' retrieved from /opt/airflow/dags/dbt_docs_pipeline.py
[2026-07-26T02:53:55.935+0000] {logging_mixin.py:190} INFO - [2026-07-26T02:53:55.935+0000] {dag.py:3239} INFO - Sync 1 DAGs
[2026-07-26T02:53:55.964+0000] {logging_mixin.py:190} INFO - [2026-07-26T02:53:55.964+0000] {dag.py:4180} INFO - Setting next_dagrun for dbt_docs_generate_and_publish to 2026-07-26 02:00:00+00:00, run_after=2026-07-27 02:00:00+00:00
[2026-07-26T02:53:55.986+0000] {processor.py:208} INFO - Processing /opt/airflow/dags/dbt_docs_pipeline.py took 0.117 seconds
[2026-07-26T02:54:26.081+0000] {processor.py:186} INFO - Started process (PID=2874) to work on /opt/airflow/dags/dbt_docs_pipeline.py
[2026-07-26T02:54:26.081+0000] {processor.py:914} INFO - Processing file /opt/airflow/dags/dbt_docs_pipeline.py for tasks to queue
[2026-07-26T02:54:26.084+0000] {logging_mixin.py:190} INFO - [2026-07-26T02:54:26.083+0000] {dagbag.py:588} INFO - Filling up the DagBag from /opt/airflow/dags/dbt_docs_pipeline.py
[2026-07-26T02:54:26.111+0000] {processor.py:925} INFO - DAG(s) 'dbt_docs_generate_and_publish' retrieved from /opt/airflow/dags/dbt_docs_pipeline.py
[2026-07-26T02:54:26.135+0000] {logging_mixin.py:190} INFO - [2026-07-26T02:54:26.134+0000] {dag.py:3239} INFO - Sync 1 DAGs
[2026-07-26T02:54:26.159+0000] {logging_mixin.py:190} INFO - [2026-07-26T02:54:26.159+0000] {dag.py:4180} INFO - Setting next_dagrun for dbt_docs_generate_and_publish to 2026-07-26 02:00:00+00:00, run_after=2026-07-27 02:00:00+00:00
[2026-07-26T02:54:26.181+0000] {processor.py:208} INFO - Processing /opt/airflow/dags/dbt_docs_pipeline.py took 0.105 seconds
[2026-07-26T02:54:56.316+0000] {processor.py:186} INFO - Started process (PID=2967) to work on /opt/airflow/dags/dbt_docs_pipeline.py
[2026-07-26T02:54:56.317+0000] {processor.py:914} INFO - Processing file /opt/airflow/dags/dbt_docs_pipeline.py for tasks to queue
[2026-07-26T02:54:56.319+0000] {logging_mixin.py:190} INFO - [2026-07-26T02:54:56.318+0000] {dagbag.py:588} INFO - Filling up the DagBag from /opt/airflow/dags/dbt_docs_pipeline.py
[2026-07-26T02:54:56.345+0000] {processor.py:925} INFO - DAG(s) 'dbt_docs_generate_and_publish' retrieved from /opt/airflow/dags/dbt_docs_pipeline.py
[2026-07-26T02:54:56.368+0000] {logging_mixin.py:190} INFO - [2026-07-26T02:54:56.368+0000] {dag.py:3239} INFO - Sync 1 DAGs
[2026-07-26T02:54:56.394+0000] {logging_mixin.py:190} INFO - [2026-07-26T02:54:56.393+0000] {dag.py:4180} INFO - Setting next_dagrun for dbt_docs_generate_and_publish to 2026-07-26 02:00:00+00:00, run_after=2026-07-27 02:00:00+00:00
[2026-07-26T02:54:56.415+0000] {processor.py:208} INFO - Processing /opt/airflow/dags/dbt_docs_pipeline.py took 0.105 seconds
[2026-07-26T02:55:26.638+0000] {processor.py:186} INFO - Started process (PID=3058) to work on /opt/airflow/dags/dbt_docs_pipeline.py
[2026-07-26T02:55:26.639+0000] {processor.py:914} INFO - Processing file /opt/airflow/dags/dbt_docs_pipeline.py for tasks to queue
[2026-07-26T02:55:26.641+0000] {logging_mixin.py:190} INFO - [2026-07-26T02:55:26.641+0000] {dagbag.py:588} INFO - Filling up the DagBag from /opt/airflow/dags/dbt_docs_pipeline.py
[2026-07-26T02:55:26.665+0000] {processor.py:925} INFO - DAG(s) 'dbt_docs_generate_and_publish' retrieved from /opt/airflow/dags/dbt_docs_pipeline.py
[2026-07-26T02:55:26.691+0000] {logging_mixin.py:190} INFO - [2026-07-26T02:55:26.691+0000] {dag.py:3239} INFO - Sync 1 DAGs
[2026-07-26T02:55:26.718+0000] {logging_mixin.py:190} INFO - [2026-07-26T02:55:26.717+0000] {dag.py:4180} INFO - Setting next_dagrun for dbt_docs_generate_and_publish to 2026-07-26 02:00:00+00:00, run_after=2026-07-27 02:00:00+00:00
[2026-07-26T02:55:26.740+0000] {processor.py:208} INFO - Processing /opt/airflow/dags/dbt_docs_pipeline.py took 0.108 seconds
[2026-07-26T02:55:57.037+0000] {processor.py:186} INFO - Started process (PID=3148) to work on /opt/airflow/dags/dbt_docs_pipeline.py
[2026-07-26T02:55:57.038+0000] {processor.py:914} INFO - Processing file /opt/airflow/dags/dbt_docs_pipeline.py for tasks to queue
[2026-07-26T02:55:57.040+0000] {logging_mixin.py:190} INFO - [2026-07-26T02:55:57.040+0000] {dagbag.py:588} INFO - Filling up the DagBag from /opt/airflow/dags/dbt_docs_pipeline.py
[2026-07-26T02:55:57.066+0000] {processor.py:925} INFO - DAG(s) 'dbt_docs_generate_and_publish' retrieved from /opt/airflow/dags/dbt_docs_pipeline.py
[2026-07-26T02:55:57.091+0000] {logging_mixin.py:190} INFO - [2026-07-26T02:55:57.091+0000] {dag.py:3239} INFO - Sync 1 DAGs
[2026-07-26T02:55:57.115+0000] {logging_mixin.py:190} INFO - [2026-07-26T02:55:57.115+0000] {dag.py:4180} INFO - Setting next_dagrun for dbt_docs_generate_and_publish to 2026-07-26 02:00:00+00:00, run_after=2026-07-27 02:00:00+00:00
[2026-07-26T02:55:57.140+0000] {processor.py:208} INFO - Processing /opt/airflow/dags/dbt_docs_pipeline.py took 0.109 seconds
[2026-07-26T02:56:27.465+0000] {processor.py:186} INFO - Started process (PID=3241) to work on /opt/airflow/dags/dbt_docs_pipeline.py
[2026-07-26T02:56:27.466+0000] {processor.py:914} INFO - Processing file /opt/airflow/dags/dbt_docs_pipeline.py for tasks to queue
[2026-07-26T02:56:27.468+0000] {logging_mixin.py:190} INFO - [2026-07-26T02:56:27.468+0000] {dagbag.py:588} INFO - Filling up the DagBag from /opt/airflow/dags/dbt_docs_pipeline.py
[2026-07-26T02:56:27.495+0000] {processor.py:925} INFO - DAG(s) 'dbt_docs_generate_and_publish' retrieved from /opt/airflow/dags/dbt_docs_pipeline.py
[2026-07-26T02:56:27.520+0000] {logging_mixin.py:190} INFO - [2026-07-26T02:56:27.520+0000] {dag.py:3239} INFO - Sync 1 DAGs
[2026-07-26T02:56:27.550+0000] {logging_mixin.py:190} INFO - [2026-07-26T02:56:27.550+0000] {dag.py:4180} INFO - Setting next_dagrun for dbt_docs_generate_and_publish to 2026-07-26 02:00:00+00:00, run_after=2026-07-27 02:00:00+00:00
[2026-07-26T02:56:27.575+0000] {processor.py:208} INFO - Processing /opt/airflow/dags/dbt_docs_pipeline.py took 0.117 seconds
[2026-07-26T02:56:57.936+0000] {processor.py:186} INFO - Started process (PID=3334) to work on /opt/airflow/dags/dbt_docs_pipeline.py
[2026-07-26T02:56:57.937+0000] {processor.py:914} INFO - Processing file /opt/airflow/dags/dbt_docs_pipeline.py for tasks to queue
[2026-07-26T02:56:57.939+0000] {logging_mixin.py:190} INFO - [2026-07-26T02:56:57.939+0000] {dagbag.py:588} INFO - Filling up the DagBag from /opt/airflow/dags/dbt_docs_pipeline.py
[2026-07-26T02:56:57.961+0000] {processor.py:925} INFO - DAG(s) 'dbt_docs_generate_and_publish' retrieved from /opt/airflow/dags/dbt_docs_pipeline.py
[2026-07-26T02:56:57.992+0000] {logging_mixin.py:190} INFO - [2026-07-26T02:56:57.992+0000] {dag.py:3239} INFO - Sync 1 DAGs
[2026-07-26T02:56:58.023+0000] {logging_mixin.py:190} INFO - [2026-07-26T02:56:58.022+0000] {dag.py:4180} INFO - Setting next_dagrun for dbt_docs_generate_and_publish to 2026-07-26 02:00:00+00:00, run_after=2026-07-27 02:00:00+00:00
[2026-07-26T02:56:58.049+0000] {processor.py:208} INFO - Processing /opt/airflow/dags/dbt_docs_pipeline.py took 0.119 seconds
[2026-07-26T03:19:35.746+0000] {processor.py:186} INFO - Started process (PID=172) to work on /opt/airflow/dags/dbt_docs_pipeline.py
[2026-07-26T03:19:35.748+0000] {processor.py:914} INFO - Processing file /opt/airflow/dags/dbt_docs_pipeline.py for tasks to queue
[2026-07-26T03:19:35.753+0000] {logging_mixin.py:190} INFO - [2026-07-26T03:19:35.752+0000] {dagbag.py:588} INFO - Filling up the DagBag from /opt/airflow/dags/dbt_docs_pipeline.py
[2026-07-26T03:19:35.794+0000] {processor.py:925} INFO - DAG(s) 'dbt_docs_generate_and_publish' retrieved from /opt/airflow/dags/dbt_docs_pipeline.py
[2026-07-26T03:19:35.894+0000] {logging_mixin.py:190} INFO - [2026-07-26T03:19:35.893+0000] {override.py:1900} INFO - Created Permission View: can edit on DAG:dbt_docs_generate_and_publish
[2026-07-26T03:19:35.909+0000] {logging_mixin.py:190} INFO - [2026-07-26T03:19:35.909+0000] {override.py:1900} INFO - Created Permission View: can read on DAG:dbt_docs_generate_and_publish
[2026-07-26T03:19:35.920+0000] {logging_mixin.py:190} INFO - [2026-07-26T03:19:35.919+0000] {override.py:1900} INFO - Created Permission View: can delete on DAG:dbt_docs_generate_and_publish
[2026-07-26T03:19:35.932+0000] {logging_mixin.py:190} INFO - [2026-07-26T03:19:35.932+0000] {override.py:1900} INFO - Created Permission View: can delete on DAG Run:dbt_docs_generate_and_publish
[2026-07-26T03:19:35.945+0000] {logging_mixin.py:190} INFO - [2026-07-26T03:19:35.945+0000] {override.py:1900} INFO - Created Permission View: can read on DAG Run:dbt_docs_generate_and_publish
[2026-07-26T03:19:35.956+0000] {logging_mixin.py:190} INFO - [2026-07-26T03:19:35.955+0000] {override.py:1900} INFO - Created Permission View: can create on DAG Run:dbt_docs_generate_and_publish
[2026-07-26T03:19:35.967+0000] {logging_mixin.py:190} INFO - [2026-07-26T03:19:35.967+0000] {override.py:1900} INFO - Created Permission View: menu access on DAG Run:dbt_docs_generate_and_publish
[2026-07-26T03:19:35.968+0000] {logging_mixin.py:190} INFO - [2026-07-26T03:19:35.968+0000] {dag.py:3239} INFO - Sync 1 DAGs
[2026-07-26T03:19:35.988+0000] {logging_mixin.py:190} INFO - [2026-07-26T03:19:35.988+0000] {dag.py:3262} INFO - Creating ORM DAG for dbt_docs_generate_and_publish
[2026-07-26T03:19:36.002+0000] {logging_mixin.py:190} INFO - [2026-07-26T03:19:36.002+0000] {dag.py:4180} INFO - Setting next_dagrun for dbt_docs_generate_and_publish to 2026-07-25 02:00:00+00:00, run_after=2026-07-26 02:00:00+00:00
[2026-07-26T03:19:36.043+0000] {processor.py:208} INFO - Processing /opt/airflow/dags/dbt_docs_pipeline.py took 0.305 seconds
[2026-07-26T03:20:06.930+0000] {processor.py:186} INFO - Started process (PID=265) to work on /opt/airflow/dags/dbt_docs_pipeline.py
[2026-07-26T03:20:06.931+0000] {processor.py:914} INFO - Processing file /opt/airflow/dags/dbt_docs_pipeline.py for tasks to queue
[2026-07-26T03:20:06.933+0000] {logging_mixin.py:190} INFO - [2026-07-26T03:20:06.933+0000] {dagbag.py:588} INFO - Filling up the DagBag from /opt/airflow/dags/dbt_docs_pipeline.py
[2026-07-26T03:20:06.970+0000] {processor.py:925} INFO - DAG(s) 'dbt_docs_generate_and_publish' retrieved from /opt/airflow/dags/dbt_docs_pipeline.py
[2026-07-26T03:20:06.993+0000] {logging_mixin.py:190} INFO - [2026-07-26T03:20:06.993+0000] {dag.py:3239} INFO - Sync 1 DAGs
[2026-07-26T03:20:07.016+0000] {logging_mixin.py:190} INFO - [2026-07-26T03:20:07.016+0000] {dag.py:4180} INFO - Setting next_dagrun for dbt_docs_generate_and_publish to 2026-07-25 02:00:00+00:00, run_after=2026-07-26 02:00:00+00:00
[2026-07-26T03:20:07.036+0000] {processor.py:208} INFO - Processing /opt/airflow/dags/dbt_docs_pipeline.py took 0.111 seconds
[2026-07-26T03:20:37.184+0000] {processor.py:186} INFO - Started process (PID=353) to work on /opt/airflow/dags/dbt_docs_pipeline.py
[2026-07-26T03:20:37.185+0000] {processor.py:914} INFO - Processing file /opt/airflow/dags/dbt_docs_pipeline.py for tasks to queue
[2026-07-26T03:20:37.187+0000] {logging_mixin.py:190} INFO - [2026-07-26T03:20:37.186+0000] {dagbag.py:588} INFO - Filling up the DagBag from /opt/airflow/dags/dbt_docs_pipeline.py
[2026-07-26T03:20:37.221+0000] {processor.py:925} INFO - DAG(s) 'dbt_docs_generate_and_publish' retrieved from /opt/airflow/dags/dbt_docs_pipeline.py
[2026-07-26T03:20:37.242+0000] {logging_mixin.py:190} INFO - [2026-07-26T03:20:37.242+0000] {dag.py:3239} INFO - Sync 1 DAGs
[2026-07-26T03:20:37.263+0000] {logging_mixin.py:190} INFO - [2026-07-26T03:20:37.262+0000] {dag.py:4180} INFO - Setting next_dagrun for dbt_docs_generate_and_publish to 2026-07-25 02:00:00+00:00, run_after=2026-07-26 02:00:00+00:00
[2026-07-26T03:20:37.281+0000] {processor.py:208} INFO - Processing /opt/airflow/dags/dbt_docs_pipeline.py took 0.103 seconds
[2026-07-26T03:21:07.565+0000] {processor.py:186} INFO - Started process (PID=444) to work on /opt/airflow/dags/dbt_docs_pipeline.py
[2026-07-26T03:21:07.566+0000] {processor.py:914} INFO - Processing file /opt/airflow/dags/dbt_docs_pipeline.py for tasks to queue
[2026-07-26T03:21:07.568+0000] {logging_mixin.py:190} INFO - [2026-07-26T03:21:07.568+0000] {dagbag.py:588} INFO - Filling up the DagBag from /opt/airflow/dags/dbt_docs_pipeline.py
[2026-07-26T03:21:07.598+0000] {processor.py:925} INFO - DAG(s) 'dbt_docs_generate_and_publish' retrieved from /opt/airflow/dags/dbt_docs_pipeline.py
[2026-07-26T03:21:07.621+0000] {logging_mixin.py:190} INFO - [2026-07-26T03:21:07.621+0000] {dag.py:3239} INFO - Sync 1 DAGs
[2026-07-26T03:21:07.643+0000] {logging_mixin.py:190} INFO - [2026-07-26T03:21:07.642+0000] {dag.py:4180} INFO - Setting next_dagrun for dbt_docs_generate_and_publish to 2026-07-25 02:00:00+00:00, run_after=2026-07-26 02:00:00+00:00
[2026-07-26T03:21:07.663+0000] {processor.py:208} INFO - Processing /opt/airflow/dags/dbt_docs_pipeline.py took 0.104 seconds
[2026-07-26T03:21:37.755+0000] {processor.py:186} INFO - Started process (PID=537) to work on /opt/airflow/dags/dbt_docs_pipeline.py
[2026-07-26T03:21:37.756+0000] {processor.py:914} INFO - Processing file /opt/airflow/dags/dbt_docs_pipeline.py for tasks to queue
[2026-07-26T03:21:37.758+0000] {logging_mixin.py:190} INFO - [2026-07-26T03:21:37.758+0000] {dagbag.py:588} INFO - Filling up the DagBag from /opt/airflow/dags/dbt_docs_pipeline.py
[2026-07-26T03:21:37.786+0000] {processor.py:925} INFO - DAG(s) 'dbt_docs_generate_and_publish' retrieved from /opt/airflow/dags/dbt_docs_pipeline.py
[2026-07-26T03:21:37.809+0000] {logging_mixin.py:190} INFO - [2026-07-26T03:21:37.809+0000] {dag.py:3239} INFO - Sync 1 DAGs
[2026-07-26T03:21:37.832+0000] {logging_mixin.py:190} INFO - [2026-07-26T03:21:37.832+0000] {dag.py:4180} INFO - Setting next_dagrun for dbt_docs_generate_and_publish to 2026-07-25 02:00:00+00:00, run_after=2026-07-26 02:00:00+00:00
[2026-07-26T03:21:37.855+0000] {processor.py:208} INFO - Processing /opt/airflow/dags/dbt_docs_pipeline.py took 0.106 seconds
[2026-07-26T03:22:08.279+0000] {processor.py:186} INFO - Started process (PID=628) to work on /opt/airflow/dags/dbt_docs_pipeline.py
[2026-07-26T03:22:08.280+0000] {processor.py:914} INFO - Processing file /opt/airflow/dags/dbt_docs_pipeline.py for tasks to queue
[2026-07-26T03:22:08.282+0000] {logging_mixin.py:190} INFO - [2026-07-26T03:22:08.282+0000] {dagbag.py:588} INFO - Filling up the DagBag from /opt/airflow/dags/dbt_docs_pipeline.py
[2026-07-26T03:22:08.316+0000] {processor.py:925} INFO - DAG(s) 'dbt_docs_generate_and_publish' retrieved from /opt/airflow/dags/dbt_docs_pipeline.py
[2026-07-26T03:22:08.358+0000] {logging_mixin.py:190} INFO - [2026-07-26T03:22:08.357+0000] {dag.py:3239} INFO - Sync 1 DAGs
[2026-07-26T03:22:08.397+0000] {logging_mixin.py:190} INFO - [2026-07-26T03:22:08.396+0000] {dag.py:4180} INFO - Setting next_dagrun for dbt_docs_generate_and_publish to 2026-07-25 02:00:00+00:00, run_after=2026-07-26 02:00:00+00:00
[2026-07-26T03:22:08.418+0000] {processor.py:208} INFO - Processing /opt/airflow/dags/dbt_docs_pipeline.py took 0.147 seconds
[2026-07-26T03:22:38.995+0000] {processor.py:186} INFO - Started process (PID=721) to work on /opt/airflow/dags/dbt_docs_pipeline.py
[2026-07-26T03:22:38.996+0000] {processor.py:914} INFO - Processing file /opt/airflow/dags/dbt_docs_pipeline.py for tasks to queue
[2026-07-26T03:22:38.998+0000] {logging_mixin.py:190} INFO - [2026-07-26T03:22:38.997+0000] {dagbag.py:588} INFO - Filling up the DagBag from /opt/airflow/dags/dbt_docs_pipeline.py
[2026-07-26T03:22:39.027+0000] {processor.py:925} INFO - DAG(s) 'dbt_docs_generate_and_publish' retrieved from /opt/airflow/dags/dbt_docs_pipeline.py
[2026-07-26T03:22:39.056+0000] {logging_mixin.py:190} INFO - [2026-07-26T03:22:39.055+0000] {dag.py:3239} INFO - Sync 1 DAGs
[2026-07-26T03:22:39.081+0000] {logging_mixin.py:190} INFO - [2026-07-26T03:22:39.081+0000] {dag.py:4180} INFO - Setting next_dagrun for dbt_docs_generate_and_publish to 2026-07-25 02:00:00+00:00, run_after=2026-07-26 02:00:00+00:00
[2026-07-26T03:22:39.102+0000] {processor.py:208} INFO - Processing /opt/airflow/dags/dbt_docs_pipeline.py took 0.113 seconds
[2026-07-26T03:23:09.752+0000] {processor.py:186} INFO - Started process (PID=814) to work on /opt/airflow/dags/dbt_docs_pipeline.py
[2026-07-26T03:23:09.753+0000] {processor.py:914} INFO - Processing file /opt/airflow/dags/dbt_docs_pipeline.py for tasks to queue
[2026-07-26T03:23:09.755+0000] {logging_mixin.py:190} INFO - [2026-07-26T03:23:09.755+0000] {dagbag.py:588} INFO - Filling up the DagBag from /opt/airflow/dags/dbt_docs_pipeline.py
[2026-07-26T03:23:09.781+0000] {processor.py:925} INFO - DAG(s) 'dbt_docs_generate_and_publish' retrieved from /opt/airflow/dags/dbt_docs_pipeline.py
[2026-07-26T03:23:09.812+0000] {logging_mixin.py:190} INFO - [2026-07-26T03:23:09.811+0000] {dag.py:3239} INFO - Sync 1 DAGs
[2026-07-26T03:23:09.838+0000] {logging_mixin.py:190} INFO - [2026-07-26T03:23:09.838+0000] {dag.py:4180} INFO - Setting next_dagrun for dbt_docs_generate_and_publish to 2026-07-25 02:00:00+00:00, run_after=2026-07-26 02:00:00+00:00
[2026-07-26T03:23:09.861+0000] {processor.py:208} INFO - Processing /opt/airflow/dags/dbt_docs_pipeline.py took 0.114 seconds
[2026-07-26T03:23:39.933+0000] {processor.py:186} INFO - Started process (PID=902) to work on /opt/airflow/dags/dbt_docs_pipeline.py
[2026-07-26T03:23:39.934+0000] {processor.py:914} INFO - Processing file /opt/airflow/dags/dbt_docs_pipeline.py for tasks to queue
[2026-07-26T03:23:39.939+0000] {logging_mixin.py:190} INFO - [2026-07-26T03:23:39.938+0000] {dagbag.py:588} INFO - Filling up the DagBag from /opt/airflow/dags/dbt_docs_pipeline.py
[2026-07-26T03:23:39.976+0000] {processor.py:925} INFO - DAG(s) 'dbt_docs_generate_and_publish' retrieved from /opt/airflow/dags/dbt_docs_pipeline.py
[2026-07-26T03:23:40.001+0000] {logging_mixin.py:190} INFO - [2026-07-26T03:23:40.001+0000] {dag.py:3239} INFO - Sync 1 DAGs
[2026-07-26T03:23:40.030+0000] {logging_mixin.py:190} INFO - [2026-07-26T03:23:40.030+0000] {dag.py:4180} INFO - Setting next_dagrun for dbt_docs_generate_and_publish to 2026-07-25 02:00:00+00:00, run_after=2026-07-26 02:00:00+00:00
[2026-07-26T03:23:40.052+0000] {processor.py:208} INFO - Processing /opt/airflow/dags/dbt_docs_pipeline.py took 0.128 seconds
[2026-07-26T03:24:10.213+0000] {processor.py:186} INFO - Started process (PID=995) to work on /opt/airflow/dags/dbt_docs_pipeline.py
[2026-07-26T03:24:10.214+0000] {processor.py:914} INFO - Processing file /opt/airflow/dags/dbt_docs_pipeline.py for tasks to queue
[2026-07-26T03:24:10.216+0000] {logging_mixin.py:190} INFO - [2026-07-26T03:24:10.216+0000] {dagbag.py:588} INFO - Filling up the DagBag from /opt/airflow/dags/dbt_docs_pipeline.py
[2026-07-26T03:24:10.246+0000] {processor.py:925} INFO - DAG(s) 'dbt_docs_generate_and_publish' retrieved from /opt/airflow/dags/dbt_docs_pipeline.py
[2026-07-26T03:24:10.279+0000] {logging_mixin.py:190} INFO - [2026-07-26T03:24:10.279+0000] {dag.py:3239} INFO - Sync 1 DAGs
[2026-07-26T03:24:10.304+0000] {logging_mixin.py:190} INFO - [2026-07-26T03:24:10.304+0000] {dag.py:4180} INFO - Setting next_dagrun for dbt_docs_generate_and_publish to 2026-07-25 02:00:00+00:00, run_after=2026-07-26 02:00:00+00:00
[2026-07-26T03:24:10.324+0000] {processor.py:208} INFO - Processing /opt/airflow/dags/dbt_docs_pipeline.py took 0.116 seconds
[2026-07-26T03:24:41.350+0000] {processor.py:186} INFO - Started process (PID=1088) to work on /opt/airflow/dags/dbt_docs_pipeline.py
[2026-07-26T03:24:41.351+0000] {processor.py:914} INFO - Processing file /opt/airflow/dags/dbt_docs_pipeline.py for tasks to queue
[2026-07-26T03:24:41.354+0000] {logging_mixin.py:190} INFO - [2026-07-26T03:24:41.353+0000] {dagbag.py:588} INFO - Filling up the DagBag from /opt/airflow/dags/dbt_docs_pipeline.py
[2026-07-26T03:24:41.388+0000] {processor.py:925} INFO - DAG(s) 'dbt_docs_generate_and_publish' retrieved from /opt/airflow/dags/dbt_docs_pipeline.py
[2026-07-26T03:24:41.415+0000] {logging_mixin.py:190} INFO - [2026-07-26T03:24:41.415+0000] {dag.py:3239} INFO - Sync 1 DAGs
[2026-07-26T03:24:41.439+0000] {logging_mixin.py:190} INFO - [2026-07-26T03:24:41.439+0000] {dag.py:4180} INFO - Setting next_dagrun for dbt_docs_generate_and_publish to 2026-07-25 02:00:00+00:00, run_after=2026-07-26 02:00:00+00:00
[2026-07-26T03:24:41.460+0000] {processor.py:208} INFO - Processing /opt/airflow/dags/dbt_docs_pipeline.py took 0.116 seconds
[2026-07-26T03:25:11.576+0000] {processor.py:186} INFO - Started process (PID=1178) to work on /opt/airflow/dags/dbt_docs_pipeline.py
[2026-07-26T03:25:11.577+0000] {processor.py:914} INFO - Processing file /opt/airflow/dags/dbt_docs_pipeline.py for tasks to queue
[2026-07-26T03:25:11.579+0000] {logging_mixin.py:190} INFO - [2026-07-26T03:25:11.579+0000] {dagbag.py:588} INFO - Filling up the DagBag from /opt/airflow/dags/dbt_docs_pipeline.py
[2026-07-26T03:25:11.611+0000] {processor.py:925} INFO - DAG(s) 'dbt_docs_generate_and_publish' retrieved from /opt/airflow/dags/dbt_docs_pipeline.py
[2026-07-26T03:25:11.633+0000] {logging_mixin.py:190} INFO - [2026-07-26T03:25:11.633+0000] {dag.py:3239} INFO - Sync 1 DAGs
[2026-07-26T03:25:11.653+0000] {logging_mixin.py:190} INFO - [2026-07-26T03:25:11.652+0000] {dag.py:4180} INFO - Setting next_dagrun for dbt_docs_generate_and_publish to 2026-07-25 02:00:00+00:00, run_after=2026-07-26 02:00:00+00:00
[2026-07-26T03:25:11.674+0000] {processor.py:208} INFO - Processing /opt/airflow/dags/dbt_docs_pipeline.py took 0.104 seconds
[2026-07-26T03:25:42.043+0000] {processor.py:186} INFO - Started process (PID=1269) to work on /opt/airflow/dags/dbt_docs_pipeline.py
[2026-07-26T03:25:42.044+0000] {processor.py:914} INFO - Processing file /opt/airflow/dags/dbt_docs_pipeline.py for tasks to queue
[2026-07-26T03:25:42.046+0000] {logging_mixin.py:190} INFO - [2026-07-26T03:25:42.046+0000] {dagbag.py:588} INFO - Filling up the DagBag from /opt/airflow/dags/dbt_docs_pipeline.py
[2026-07-26T03:25:42.075+0000] {processor.py:925} INFO - DAG(s) 'dbt_docs_generate_and_publish' retrieved from /opt/airflow/dags/dbt_docs_pipeline.py
[2026-07-26T03:25:42.108+0000] {logging_mixin.py:190} INFO - [2026-07-26T03:25:42.108+0000] {dag.py:3239} INFO - Sync 1 DAGs
[2026-07-26T03:25:42.142+0000] {logging_mixin.py:190} INFO - [2026-07-26T03:25:42.142+0000] {dag.py:4180} INFO - Setting next_dagrun for dbt_docs_generate_and_publish to 2026-07-25 02:00:00+00:00, run_after=2026-07-26 02:00:00+00:00
[2026-07-26T03:25:42.164+0000] {processor.py:208} INFO - Processing /opt/airflow/dags/dbt_docs_pipeline.py took 0.126 seconds
[2026-07-26T03:26:12.586+0000] {processor.py:186} INFO - Started process (PID=1362) to work on /opt/airflow/dags/dbt_docs_pipeline.py
[2026-07-26T03:26:12.590+0000] {processor.py:914} INFO - Processing file /opt/airflow/dags/dbt_docs_pipeline.py for tasks to queue
[2026-07-26T03:26:12.596+0000] {logging_mixin.py:190} INFO - [2026-07-26T03:26:12.595+0000] {dagbag.py:588} INFO - Filling up the DagBag from /opt/airflow/dags/dbt_docs_pipeline.py
[2026-07-26T03:26:12.638+0000] {processor.py:925} INFO - DAG(s) 'dbt_docs_generate_and_publish' retrieved from /opt/airflow/dags/dbt_docs_pipeline.py
[2026-07-26T03:26:12.682+0000] {logging_mixin.py:190} INFO - [2026-07-26T03:26:12.682+0000] {dag.py:3239} INFO - Sync 1 DAGs
[2026-07-26T03:26:12.713+0000] {logging_mixin.py:190} INFO - [2026-07-26T03:26:12.713+0000] {dag.py:4180} INFO - Setting next_dagrun for dbt_docs_generate_and_publish to 2026-07-25 02:00:00+00:00, run_after=2026-07-26 02:00:00+00:00
[2026-07-26T03:26:12.737+0000] {processor.py:208} INFO - Processing /opt/airflow/dags/dbt_docs_pipeline.py took 0.163 seconds
[2026-07-26T03:26:43.341+0000] {processor.py:186} INFO - Started process (PID=1455) to work on /opt/airflow/dags/dbt_docs_pipeline.py
[2026-07-26T03:26:43.342+0000] {processor.py:914} INFO - Processing file /opt/airflow/dags/dbt_docs_pipeline.py for tasks to queue
[2026-07-26T03:26:43.346+0000] {logging_mixin.py:190} INFO - [2026-07-26T03:26:43.346+0000] {dagbag.py:588} INFO - Filling up the DagBag from /opt/airflow/dags/dbt_docs_pipeline.py
[2026-07-26T03:26:43.373+0000] {processor.py:925} INFO - DAG(s) 'dbt_docs_generate_and_publish' retrieved from /opt/airflow/dags/dbt_docs_pipeline.py
[2026-07-26T03:26:43.403+0000] {logging_mixin.py:190} INFO - [2026-07-26T03:26:43.403+0000] {dag.py:3239} INFO - Sync 1 DAGs
[2026-07-26T03:26:43.436+0000] {logging_mixin.py:190} INFO - [2026-07-26T03:26:43.435+0000] {dag.py:4180} INFO - Setting next_dagrun for dbt_docs_generate_and_publish to 2026-07-25 02:00:00+00:00, run_after=2026-07-26 02:00:00+00:00
[2026-07-26T03:26:43.465+0000] {processor.py:208} INFO - Processing /opt/airflow/dags/dbt_docs_pipeline.py took 0.129 seconds
[2026-07-26T03:27:13.633+0000] {processor.py:186} INFO - Started process (PID=1545) to work on /opt/airflow/dags/dbt_docs_pipeline.py
[2026-07-26T03:27:13.634+0000] {processor.py:914} INFO - Processing file /opt/airflow/dags/dbt_docs_pipeline.py for tasks to queue
[2026-07-26T03:27:13.637+0000] {logging_mixin.py:190} INFO - [2026-07-26T03:27:13.636+0000] {dagbag.py:588} INFO - Filling up the DagBag from /opt/airflow/dags/dbt_docs_pipeline.py
[2026-07-26T03:27:13.666+0000] {processor.py:925} INFO - DAG(s) 'dbt_docs_generate_and_publish' retrieved from /opt/airflow/dags/dbt_docs_pipeline.py
[2026-07-26T03:27:13.690+0000] {logging_mixin.py:190} INFO - [2026-07-26T03:27:13.690+0000] {dag.py:3239} INFO - Sync 1 DAGs
[2026-07-26T03:27:13.714+0000] {logging_mixin.py:190} INFO - [2026-07-26T03:27:13.713+0000] {dag.py:4180} INFO - Setting next_dagrun for dbt_docs_generate_and_publish to 2026-07-25 02:00:00+00:00, run_after=2026-07-26 02:00:00+00:00
[2026-07-26T03:27:13.733+0000] {processor.py:208} INFO - Processing /opt/airflow/dags/dbt_docs_pipeline.py took 0.106 seconds
[2026-07-26T03:27:43.854+0000] {processor.py:186} INFO - Started process (PID=1638) to work on /opt/airflow/dags/dbt_docs_pipeline.py
[2026-07-26T03:27:43.856+0000] {processor.py:914} INFO - Processing file /opt/airflow/dags/dbt_docs_pipeline.py for tasks to queue
[2026-07-26T03:27:43.858+0000] {logging_mixin.py:190} INFO - [2026-07-26T03:27:43.858+0000] {dagbag.py:588} INFO - Filling up the DagBag from /opt/airflow/dags/dbt_docs_pipeline.py
[2026-07-26T03:27:43.885+0000] {processor.py:925} INFO - DAG(s) 'dbt_docs_generate_and_publish' retrieved from /opt/airflow/dags/dbt_docs_pipeline.py
[2026-07-26T03:27:43.911+0000] {logging_mixin.py:190} INFO - [2026-07-26T03:27:43.911+0000] {dag.py:3239} INFO - Sync 1 DAGs
[2026-07-26T03:27:43.933+0000] {logging_mixin.py:190} INFO - [2026-07-26T03:27:43.933+0000] {dag.py:4180} INFO - Setting next_dagrun for dbt_docs_generate_and_publish to 2026-07-25 02:00:00+00:00, run_after=2026-07-26 02:00:00+00:00
[2026-07-26T03:27:43.960+0000] {processor.py:208} INFO - Processing /opt/airflow/dags/dbt_docs_pipeline.py took 0.111 seconds
[2026-07-26T03:28:14.126+0000] {processor.py:186} INFO - Started process (PID=1729) to work on /opt/airflow/dags/dbt_docs_pipeline.py
[2026-07-26T03:28:14.127+0000] {processor.py:914} INFO - Processing file /opt/airflow/dags/dbt_docs_pipeline.py for tasks to queue
[2026-07-26T03:28:14.130+0000] {logging_mixin.py:190} INFO - [2026-07-26T03:28:14.129+0000] {dagbag.py:588} INFO - Filling up the DagBag from /opt/airflow/dags/dbt_docs_pipeline.py
[2026-07-26T03:28:14.156+0000] {processor.py:925} INFO - DAG(s) 'dbt_docs_generate_and_publish' retrieved from /opt/airflow/dags/dbt_docs_pipeline.py
[2026-07-26T03:28:14.203+0000] {logging_mixin.py:190} INFO - [2026-07-26T03:28:14.202+0000] {dag.py:3239} INFO - Sync 1 DAGs
[2026-07-26T03:28:14.244+0000] {logging_mixin.py:190} INFO - [2026-07-26T03:28:14.244+0000] {dag.py:4180} INFO - Setting next_dagrun for dbt_docs_generate_and_publish to 2026-07-25 02:00:00+00:00, run_after=2026-07-26 02:00:00+00:00
[2026-07-26T03:28:14.270+0000] {processor.py:208} INFO - Processing /opt/airflow/dags/dbt_docs_pipeline.py took 0.150 seconds
[2026-07-26T03:28:44.495+0000] {processor.py:186} INFO - Started process (PID=1817) to work on /opt/airflow/dags/dbt_docs_pipeline.py
[2026-07-26T03:28:44.496+0000] {processor.py:914} INFO - Processing file /opt/airflow/dags/dbt_docs_pipeline.py for tasks to queue
[2026-07-26T03:28:44.498+0000] {logging_mixin.py:190} INFO - [2026-07-26T03:28:44.498+0000] {dagbag.py:588} INFO - Filling up the DagBag from /opt/airflow/dags/dbt_docs_pipeline.py
[2026-07-26T03:28:44.526+0000] {processor.py:925} INFO - DAG(s) 'dbt_docs_generate_and_publish' retrieved from /opt/airflow/dags/dbt_docs_pipeline.py
[2026-07-26T03:28:44.554+0000] {logging_mixin.py:190} INFO - [2026-07-26T03:28:44.554+0000] {dag.py:3239} INFO - Sync 1 DAGs
[2026-07-26T03:28:44.577+0000] {logging_mixin.py:190} INFO - [2026-07-26T03:28:44.577+0000] {dag.py:4180} INFO - Setting next_dagrun for dbt_docs_generate_and_publish to 2026-07-25 02:00:00+00:00, run_after=2026-07-26 02:00:00+00:00
[2026-07-26T03:28:44.602+0000] {processor.py:208} INFO - Processing /opt/airflow/dags/dbt_docs_pipeline.py took 0.112 seconds
[2026-07-26T03:29:14.799+0000] {processor.py:186} INFO - Started process (PID=1912) to work on /opt/airflow/dags/dbt_docs_pipeline.py
[2026-07-26T03:29:14.800+0000] {processor.py:914} INFO - Processing file /opt/airflow/dags/dbt_docs_pipeline.py for tasks to queue
[2026-07-26T03:29:14.803+0000] {logging_mixin.py:190} INFO - [2026-07-26T03:29:14.803+0000] {dagbag.py:588} INFO - Filling up the DagBag from /opt/airflow/dags/dbt_docs_pipeline.py
[2026-07-26T03:29:14.831+0000] {processor.py:925} INFO - DAG(s) 'dbt_docs_generate_and_publish' retrieved from /opt/airflow/dags/dbt_docs_pipeline.py
[2026-07-26T03:29:14.858+0000] {logging_mixin.py:190} INFO - [2026-07-26T03:29:14.858+0000] {dag.py:3239} INFO - Sync 1 DAGs
[2026-07-26T03:29:14.882+0000] {logging_mixin.py:190} INFO - [2026-07-26T03:29:14.882+0000] {dag.py:4180} INFO - Setting next_dagrun for dbt_docs_generate_and_publish to 2026-07-25 02:00:00+00:00, run_after=2026-07-26 02:00:00+00:00
[2026-07-26T03:29:14.905+0000] {processor.py:208} INFO - Processing /opt/airflow/dags/dbt_docs_pipeline.py took 0.111 seconds
[2026-07-26T03:29:45.473+0000] {processor.py:186} INFO - Started process (PID=2003) to work on /opt/airflow/dags/dbt_docs_pipeline.py
[2026-07-26T03:29:45.474+0000] {processor.py:914} INFO - Processing file /opt/airflow/dags/dbt_docs_pipeline.py for tasks to queue
[2026-07-26T03:29:45.476+0000] {logging_mixin.py:190} INFO - [2026-07-26T03:29:45.476+0000] {dagbag.py:588} INFO - Filling up the DagBag from /opt/airflow/dags/dbt_docs_pipeline.py
[2026-07-26T03:29:45.505+0000] {processor.py:925} INFO - DAG(s) 'dbt_docs_generate_and_publish' retrieved from /opt/airflow/dags/dbt_docs_pipeline.py
[2026-07-26T03:29:45.531+0000] {logging_mixin.py:190} INFO - [2026-07-26T03:29:45.531+0000] {dag.py:3239} INFO - Sync 1 DAGs
[2026-07-26T03:29:45.554+0000] {logging_mixin.py:190} INFO - [2026-07-26T03:29:45.553+0000] {dag.py:4180} INFO - Setting next_dagrun for dbt_docs_generate_and_publish to 2026-07-25 02:00:00+00:00, run_after=2026-07-26 02:00:00+00:00
[2026-07-26T03:29:45.574+0000] {processor.py:208} INFO - Processing /opt/airflow/dags/dbt_docs_pipeline.py took 0.109 seconds
[2026-07-26T03:30:15.695+0000] {processor.py:186} INFO - Started process (PID=2093) to work on /opt/airflow/dags/dbt_docs_pipeline.py
[2026-07-26T03:30:15.696+0000] {processor.py:914} INFO - Processing file /opt/airflow/dags/dbt_docs_pipeline.py for tasks to queue
[2026-07-26T03:30:15.699+0000] {logging_mixin.py:190} INFO - [2026-07-26T03:30:15.698+0000] {dagbag.py:588} INFO - Filling up the DagBag from /opt/airflow/dags/dbt_docs_pipeline.py
[2026-07-26T03:30:15.730+0000] {processor.py:925} INFO - DAG(s) 'dbt_docs_generate_and_publish' retrieved from /opt/airflow/dags/dbt_docs_pipeline.py
[2026-07-26T03:30:15.756+0000] {logging_mixin.py:190} INFO - [2026-07-26T03:30:15.756+0000] {dag.py:3239} INFO - Sync 1 DAGs
[2026-07-26T03:30:15.781+0000] {logging_mixin.py:190} INFO - [2026-07-26T03:30:15.780+0000] {dag.py:4180} INFO - Setting next_dagrun for dbt_docs_generate_and_publish to 2026-07-25 02:00:00+00:00, run_after=2026-07-26 02:00:00+00:00
[2026-07-26T03:30:15.802+0000] {processor.py:208} INFO - Processing /opt/airflow/dags/dbt_docs_pipeline.py took 0.112 seconds
[2026-07-26T03:30:46.283+0000] {processor.py:186} INFO - Started process (PID=2184) to work on /opt/airflow/dags/dbt_docs_pipeline.py
[2026-07-26T03:30:46.284+0000] {processor.py:914} INFO - Processing file /opt/airflow/dags/dbt_docs_pipeline.py for tasks to queue
[2026-07-26T03:30:46.287+0000] {logging_mixin.py:190} INFO - [2026-07-26T03:30:46.287+0000] {dagbag.py:588} INFO - Filling up the DagBag from /opt/airflow/dags/dbt_docs_pipeline.py
[2026-07-26T03:30:46.319+0000] {processor.py:925} INFO - DAG(s) 'dbt_docs_generate_and_publish' retrieved from /opt/airflow/dags/dbt_docs_pipeline.py
[2026-07-26T03:30:46.346+0000] {logging_mixin.py:190} INFO - [2026-07-26T03:30:46.346+0000] {dag.py:3239} INFO - Sync 1 DAGs
[2026-07-26T03:30:46.369+0000] {logging_mixin.py:190} INFO - [2026-07-26T03:30:46.369+0000] {dag.py:4180} INFO - Setting next_dagrun for dbt_docs_generate_and_publish to 2026-07-25 02:00:00+00:00, run_after=2026-07-26 02:00:00+00:00
[2026-07-26T03:30:46.389+0000] {processor.py:208} INFO - Processing /opt/airflow/dags/dbt_docs_pipeline.py took 0.114 seconds
[2026-07-26T03:31:16.761+0000] {processor.py:186} INFO - Started process (PID=2277) to work on /opt/airflow/dags/dbt_docs_pipeline.py
[2026-07-26T03:31:16.762+0000] {processor.py:914} INFO - Processing file /opt/airflow/dags/dbt_docs_pipeline.py for tasks to queue
[2026-07-26T03:31:16.764+0000] {logging_mixin.py:190} INFO - [2026-07-26T03:31:16.764+0000] {dagbag.py:588} INFO - Filling up the DagBag from /opt/airflow/dags/dbt_docs_pipeline.py
[2026-07-26T03:31:16.793+0000] {processor.py:925} INFO - DAG(s) 'dbt_docs_generate_and_publish' retrieved from /opt/airflow/dags/dbt_docs_pipeline.py
[2026-07-26T03:31:16.819+0000] {logging_mixin.py:190} INFO - [2026-07-26T03:31:16.819+0000] {dag.py:3239} INFO - Sync 1 DAGs
[2026-07-26T03:31:16.843+0000] {logging_mixin.py:190} INFO - [2026-07-26T03:31:16.843+0000] {dag.py:4180} INFO - Setting next_dagrun for dbt_docs_generate_and_publish to 2026-07-25 02:00:00+00:00, run_after=2026-07-26 02:00:00+00:00
[2026-07-26T03:31:16.868+0000] {processor.py:208} INFO - Processing /opt/airflow/dags/dbt_docs_pipeline.py took 0.113 seconds
[2026-07-26T03:31:47.180+0000] {processor.py:186} INFO - Started process (PID=2370) to work on /opt/airflow/dags/dbt_docs_pipeline.py
[2026-07-26T03:31:47.182+0000] {processor.py:914} INFO - Processing file /opt/airflow/dags/dbt_docs_pipeline.py for tasks to queue
[2026-07-26T03:31:47.185+0000] {logging_mixin.py:190} INFO - [2026-07-26T03:31:47.184+0000] {dagbag.py:588} INFO - Filling up the DagBag from /opt/airflow/dags/dbt_docs_pipeline.py
[2026-07-26T03:31:47.221+0000] {processor.py:925} INFO - DAG(s) 'dbt_docs_generate_and_publish' retrieved from /opt/airflow/dags/dbt_docs_pipeline.py
[2026-07-26T03:31:47.249+0000] {logging_mixin.py:190} INFO - [2026-07-26T03:31:47.248+0000] {dag.py:3239} INFO - Sync 1 DAGs
[2026-07-26T03:31:47.275+0000] {logging_mixin.py:190} INFO - [2026-07-26T03:31:47.275+0000] {dag.py:4180} INFO - Setting next_dagrun for dbt_docs_generate_and_publish to 2026-07-25 02:00:00+00:00, run_after=2026-07-26 02:00:00+00:00
[2026-07-26T03:31:47.299+0000] {processor.py:208} INFO - Processing /opt/airflow/dags/dbt_docs_pipeline.py took 0.127 seconds
[2026-07-26T03:32:17.464+0000] {processor.py:186} INFO - Started process (PID=2464) to work on /opt/airflow/dags/dbt_docs_pipeline.py
[2026-07-26T03:32:17.465+0000] {processor.py:914} INFO - Processing file /opt/airflow/dags/dbt_docs_pipeline.py for tasks to queue
[2026-07-26T03:32:17.467+0000] {logging_mixin.py:190} INFO - [2026-07-26T03:32:17.467+0000] {dagbag.py:588} INFO - Filling up the DagBag from /opt/airflow/dags/dbt_docs_pipeline.py
[2026-07-26T03:32:17.493+0000] {processor.py:925} INFO - DAG(s) 'dbt_docs_generate_and_publish' retrieved from /opt/airflow/dags/dbt_docs_pipeline.py
[2026-07-26T03:32:17.518+0000] {logging_mixin.py:190} INFO - [2026-07-26T03:32:17.517+0000] {dag.py:3239} INFO - Sync 1 DAGs
[2026-07-26T03:32:17.541+0000] {logging_mixin.py:190} INFO - [2026-07-26T03:32:17.541+0000] {dag.py:4180} INFO - Setting next_dagrun for dbt_docs_generate_and_publish to 2026-07-25 02:00:00+00:00, run_after=2026-07-26 02:00:00+00:00
[2026-07-26T03:32:17.563+0000] {processor.py:208} INFO - Processing /opt/airflow/dags/dbt_docs_pipeline.py took 0.104 seconds
[2026-07-26T03:32:47.786+0000] {processor.py:186} INFO - Started process (PID=2750) to work on /opt/airflow/dags/dbt_docs_pipeline.py
[2026-07-26T03:32:47.787+0000] {processor.py:914} INFO - Processing file /opt/airflow/dags/dbt_docs_pipeline.py for tasks to queue
[2026-07-26T03:32:47.791+0000] {logging_mixin.py:190} INFO - [2026-07-26T03:32:47.790+0000] {dagbag.py:588} INFO - Filling up the DagBag from /opt/airflow/dags/dbt_docs_pipeline.py
[2026-07-26T03:32:47.835+0000] {processor.py:925} INFO - DAG(s) 'dbt_docs_generate_and_publish' retrieved from /opt/airflow/dags/dbt_docs_pipeline.py
[2026-07-26T03:32:47.875+0000] {logging_mixin.py:190} INFO - [2026-07-26T03:32:47.874+0000] {dag.py:3239} INFO - Sync 1 DAGs
[2026-07-26T03:32:47.916+0000] {logging_mixin.py:190} INFO - [2026-07-26T03:32:47.916+0000] {dag.py:4180} INFO - Setting next_dagrun for dbt_docs_generate_and_publish to 2026-07-25 02:00:00+00:00, run_after=2026-07-26 02:00:00+00:00
[2026-07-26T03:32:47.956+0000] {processor.py:208} INFO - Processing /opt/airflow/dags/dbt_docs_pipeline.py took 0.177 seconds
[2026-07-26T03:33:19.091+0000] {processor.py:186} INFO - Started process (PID=2987) to work on /opt/airflow/dags/dbt_docs_pipeline.py
[2026-07-26T03:33:19.092+0000] {processor.py:914} INFO - Processing file /opt/airflow/dags/dbt_docs_pipeline.py for tasks to queue
[2026-07-26T03:33:19.095+0000] {logging_mixin.py:190} INFO - [2026-07-26T03:33:19.095+0000] {dagbag.py:588} INFO - Filling up the DagBag from /opt/airflow/dags/dbt_docs_pipeline.py
[2026-07-26T03:33:19.138+0000] {processor.py:925} INFO - DAG(s) 'dbt_docs_generate_and_publish' retrieved from /opt/airflow/dags/dbt_docs_pipeline.py
[2026-07-26T03:33:19.182+0000] {logging_mixin.py:190} INFO - [2026-07-26T03:33:19.182+0000] {dag.py:3239} INFO - Sync 1 DAGs
[2026-07-26T03:33:19.223+0000] {logging_mixin.py:190} INFO - [2026-07-26T03:33:19.223+0000] {dag.py:4180} INFO - Setting next_dagrun for dbt_docs_generate_and_publish to 2026-07-25 02:00:00+00:00, run_after=2026-07-26 02:00:00+00:00
[2026-07-26T03:33:19.256+0000] {processor.py:208} INFO - Processing /opt/airflow/dags/dbt_docs_pipeline.py took 0.172 seconds
[2026-07-26T03:33:49.377+0000] {processor.py:186} INFO - Started process (PID=3083) to work on /opt/airflow/dags/dbt_docs_pipeline.py
[2026-07-26T03:33:49.378+0000] {processor.py:914} INFO - Processing file /opt/airflow/dags/dbt_docs_pipeline.py for tasks to queue
[2026-07-26T03:33:49.381+0000] {logging_mixin.py:190} INFO - [2026-07-26T03:33:49.380+0000] {dagbag.py:588} INFO - Filling up the DagBag from /opt/airflow/dags/dbt_docs_pipeline.py
[2026-07-26T03:33:49.422+0000] {processor.py:925} INFO - DAG(s) 'dbt_docs_generate_and_publish' retrieved from /opt/airflow/dags/dbt_docs_pipeline.py
[2026-07-26T03:33:49.453+0000] {logging_mixin.py:190} INFO - [2026-07-26T03:33:49.453+0000] {dag.py:3239} INFO - Sync 1 DAGs
[2026-07-26T03:33:49.482+0000] {logging_mixin.py:190} INFO - [2026-07-26T03:33:49.482+0000] {dag.py:4180} INFO - Setting next_dagrun for dbt_docs_generate_and_publish to 2026-07-25 02:00:00+00:00, run_after=2026-07-26 02:00:00+00:00
[2026-07-26T03:33:49.513+0000] {processor.py:208} INFO - Processing /opt/airflow/dags/dbt_docs_pipeline.py took 0.144 seconds
[2026-07-26T03:34:19.742+0000] {processor.py:186} INFO - Started process (PID=3193) to work on /opt/airflow/dags/dbt_docs_pipeline.py
[2026-07-26T03:34:19.745+0000] {processor.py:914} INFO - Processing file /opt/airflow/dags/dbt_docs_pipeline.py for tasks to queue
[2026-07-26T03:34:19.749+0000] {logging_mixin.py:190} INFO - [2026-07-26T03:34:19.748+0000] {dagbag.py:588} INFO - Filling up the DagBag from /opt/airflow/dags/dbt_docs_pipeline.py
[2026-07-26T03:34:19.801+0000] {processor.py:925} INFO - DAG(s) 'dbt_docs_generate_and_publish' retrieved from /opt/airflow/dags/dbt_docs_pipeline.py
[2026-07-26T03:34:19.840+0000] {logging_mixin.py:190} INFO - [2026-07-26T03:34:19.840+0000] {dag.py:3239} INFO - Sync 1 DAGs
[2026-07-26T03:34:19.885+0000] {logging_mixin.py:190} INFO - [2026-07-26T03:34:19.885+0000] {dag.py:4180} INFO - Setting next_dagrun for dbt_docs_generate_and_publish to 2026-07-25 02:00:00+00:00, run_after=2026-07-26 02:00:00+00:00
[2026-07-26T03:34:19.927+0000] {processor.py:208} INFO - Processing /opt/airflow/dags/dbt_docs_pipeline.py took 0.198 seconds
[2026-07-26T03:34:50.235+0000] {processor.py:186} INFO - Started process (PID=3302) to work on /opt/airflow/dags/dbt_docs_pipeline.py
[2026-07-26T03:34:50.236+0000] {processor.py:914} INFO - Processing file /opt/airflow/dags/dbt_docs_pipeline.py for tasks to queue
[2026-07-26T03:34:50.238+0000] {logging_mixin.py:190} INFO - [2026-07-26T03:34:50.238+0000] {dagbag.py:588} INFO - Filling up the DagBag from /opt/airflow/dags/dbt_docs_pipeline.py
[2026-07-26T03:34:50.282+0000] {processor.py:925} INFO - DAG(s) 'dbt_docs_generate_and_publish' retrieved from /opt/airflow/dags/dbt_docs_pipeline.py
[2026-07-26T03:34:50.318+0000] {logging_mixin.py:190} INFO - [2026-07-26T03:34:50.317+0000] {dag.py:3239} INFO - Sync 1 DAGs
[2026-07-26T03:34:50.350+0000] {logging_mixin.py:190} INFO - [2026-07-26T03:34:50.350+0000] {dag.py:4180} INFO - Setting next_dagrun for dbt_docs_generate_and_publish to 2026-07-25 02:00:00+00:00, run_after=2026-07-26 02:00:00+00:00
[2026-07-26T03:34:50.377+0000] {processor.py:208} INFO - Processing /opt/airflow/dags/dbt_docs_pipeline.py took 0.150 seconds
[2026-07-26T03:35:20.823+0000] {processor.py:186} INFO - Started process (PID=3438) to work on /opt/airflow/dags/dbt_docs_pipeline.py
[2026-07-26T03:35:20.824+0000] {processor.py:914} INFO - Processing file /opt/airflow/dags/dbt_docs_pipeline.py for tasks to queue
[2026-07-26T03:35:20.828+0000] {logging_mixin.py:190} INFO - [2026-07-26T03:35:20.828+0000] {dagbag.py:588} INFO - Filling up the DagBag from /opt/airflow/dags/dbt_docs_pipeline.py
[2026-07-26T03:35:20.874+0000] {processor.py:925} INFO - DAG(s) 'dbt_docs_generate_and_publish' retrieved from /opt/airflow/dags/dbt_docs_pipeline.py
[2026-07-26T03:35:20.911+0000] {logging_mixin.py:190} INFO - [2026-07-26T03:35:20.910+0000] {dag.py:3239} INFO - Sync 1 DAGs
[2026-07-26T03:35:20.943+0000] {logging_mixin.py:190} INFO - [2026-07-26T03:35:20.943+0000] {dag.py:4180} INFO - Setting next_dagrun for dbt_docs_generate_and_publish to 2026-07-25 02:00:00+00:00, run_after=2026-07-26 02:00:00+00:00
[2026-07-26T03:35:20.976+0000] {processor.py:208} INFO - Processing /opt/airflow/dags/dbt_docs_pipeline.py took 0.161 seconds
[2026-07-26T03:35:51.255+0000] {processor.py:186} INFO - Started process (PID=3580) to work on /opt/airflow/dags/dbt_docs_pipeline.py
[2026-07-26T03:35:51.257+0000] {processor.py:914} INFO - Processing file /opt/airflow/dags/dbt_docs_pipeline.py for tasks to queue
[2026-07-26T03:35:51.263+0000] {logging_mixin.py:190} INFO - [2026-07-26T03:35:51.262+0000] {dagbag.py:588} INFO - Filling up the DagBag from /opt/airflow/dags/dbt_docs_pipeline.py
[2026-07-26T03:35:51.308+0000] {processor.py:925} INFO - DAG(s) 'dbt_docs_generate_and_publish' retrieved from /opt/airflow/dags/dbt_docs_pipeline.py
[2026-07-26T03:35:51.357+0000] {logging_mixin.py:190} INFO - [2026-07-26T03:35:51.357+0000] {dag.py:3239} INFO - Sync 1 DAGs
[2026-07-26T03:35:51.398+0000] {logging_mixin.py:190} INFO - [2026-07-26T03:35:51.398+0000] {dag.py:4180} INFO - Setting next_dagrun for dbt_docs_generate_and_publish to 2026-07-25 02:00:00+00:00, run_after=2026-07-26 02:00:00+00:00
[2026-07-26T03:35:51.431+0000] {processor.py:208} INFO - Processing /opt/airflow/dags/dbt_docs_pipeline.py took 0.188 seconds
[2026-07-26T03:36:21.970+0000] {processor.py:186} INFO - Started process (PID=3678) to work on /opt/airflow/dags/dbt_docs_pipeline.py
[2026-07-26T03:36:21.971+0000] {processor.py:914} INFO - Processing file /opt/airflow/dags/dbt_docs_pipeline.py for tasks to queue
[2026-07-26T03:36:21.973+0000] {logging_mixin.py:190} INFO - [2026-07-26T03:36:21.973+0000] {dagbag.py:588} INFO - Filling up the DagBag from /opt/airflow/dags/dbt_docs_pipeline.py
[2026-07-26T03:36:22.008+0000] {processor.py:925} INFO - DAG(s) 'dbt_docs_generate_and_publish' retrieved from /opt/airflow/dags/dbt_docs_pipeline.py
[2026-07-26T03:36:22.033+0000] {logging_mixin.py:190} INFO - [2026-07-26T03:36:22.033+0000] {dag.py:3239} INFO - Sync 1 DAGs
[2026-07-26T03:36:22.056+0000] {logging_mixin.py:190} INFO - [2026-07-26T03:36:22.055+0000] {dag.py:4180} INFO - Setting next_dagrun for dbt_docs_generate_and_publish to 2026-07-25 02:00:00+00:00, run_after=2026-07-26 02:00:00+00:00
[2026-07-26T03:36:22.076+0000] {processor.py:208} INFO - Processing /opt/airflow/dags/dbt_docs_pipeline.py took 0.113 seconds
[2026-07-26T03:36:52.168+0000] {processor.py:186} INFO - Started process (PID=3768) to work on /opt/airflow/dags/dbt_docs_pipeline.py
[2026-07-26T03:36:52.169+0000] {processor.py:914} INFO - Processing file /opt/airflow/dags/dbt_docs_pipeline.py for tasks to queue
[2026-07-26T03:36:52.171+0000] {logging_mixin.py:190} INFO - [2026-07-26T03:36:52.171+0000] {dagbag.py:588} INFO - Filling up the DagBag from /opt/airflow/dags/dbt_docs_pipeline.py
[2026-07-26T03:36:52.202+0000] {processor.py:925} INFO - DAG(s) 'dbt_docs_generate_and_publish' retrieved from /opt/airflow/dags/dbt_docs_pipeline.py
[2026-07-26T03:36:52.227+0000] {logging_mixin.py:190} INFO - [2026-07-26T03:36:52.227+0000] {dag.py:3239} INFO - Sync 1 DAGs
[2026-07-26T03:36:52.260+0000] {logging_mixin.py:190} INFO - [2026-07-26T03:36:52.260+0000] {dag.py:4180} INFO - Setting next_dagrun for dbt_docs_generate_and_publish to 2026-07-25 02:00:00+00:00, run_after=2026-07-26 02:00:00+00:00
[2026-07-26T03:36:52.302+0000] {processor.py:208} INFO - Processing /opt/airflow/dags/dbt_docs_pipeline.py took 0.141 seconds
[2026-07-26T03:37:22.377+0000] {processor.py:186} INFO - Started process (PID=3876) to work on /opt/airflow/dags/dbt_docs_pipeline.py
[2026-07-26T03:37:22.378+0000] {processor.py:914} INFO - Processing file /opt/airflow/dags/dbt_docs_pipeline.py for tasks to queue
[2026-07-26T03:37:22.380+0000] {logging_mixin.py:190} INFO - [2026-07-26T03:37:22.379+0000] {dagbag.py:588} INFO - Filling up the DagBag from /opt/airflow/dags/dbt_docs_pipeline.py
[2026-07-26T03:37:22.406+0000] {processor.py:925} INFO - DAG(s) 'dbt_docs_generate_and_publish' retrieved from /opt/airflow/dags/dbt_docs_pipeline.py
[2026-07-26T03:37:22.430+0000] {logging_mixin.py:190} INFO - [2026-07-26T03:37:22.430+0000] {dag.py:3239} INFO - Sync 1 DAGs
[2026-07-26T03:37:22.452+0000] {logging_mixin.py:190} INFO - [2026-07-26T03:37:22.452+0000] {dag.py:4180} INFO - Setting next_dagrun for dbt_docs_generate_and_publish to 2026-07-25 02:00:00+00:00, run_after=2026-07-26 02:00:00+00:00
[2026-07-26T03:37:22.471+0000] {processor.py:208} INFO - Processing /opt/airflow/dags/dbt_docs_pipeline.py took 0.101 seconds
[2026-07-26T03:37:52.791+0000] {processor.py:186} INFO - Started process (PID=3967) to work on /opt/airflow/dags/dbt_docs_pipeline.py
[2026-07-26T03:37:52.793+0000] {processor.py:914} INFO - Processing file /opt/airflow/dags/dbt_docs_pipeline.py for tasks to queue
[2026-07-26T03:37:52.796+0000] {logging_mixin.py:190} INFO - [2026-07-26T03:37:52.795+0000] {dagbag.py:588} INFO - Filling up the DagBag from /opt/airflow/dags/dbt_docs_pipeline.py
[2026-07-26T03:37:52.826+0000] {processor.py:925} INFO - DAG(s) 'dbt_docs_generate_and_publish' retrieved from /opt/airflow/dags/dbt_docs_pipeline.py
[2026-07-26T03:37:52.856+0000] {logging_mixin.py:190} INFO - [2026-07-26T03:37:52.856+0000] {dag.py:3239} INFO - Sync 1 DAGs
[2026-07-26T03:37:52.888+0000] {logging_mixin.py:190} INFO - [2026-07-26T03:37:52.888+0000] {dag.py:4180} INFO - Setting next_dagrun for dbt_docs_generate_and_publish to 2026-07-25 02:00:00+00:00, run_after=2026-07-26 02:00:00+00:00
[2026-07-26T03:37:52.923+0000] {processor.py:208} INFO - Processing /opt/airflow/dags/dbt_docs_pipeline.py took 0.139 seconds
[2026-07-26T03:38:23.275+0000] {processor.py:186} INFO - Started process (PID=4060) to work on /opt/airflow/dags/dbt_docs_pipeline.py
[2026-07-26T03:38:23.276+0000] {processor.py:914} INFO - Processing file /opt/airflow/dags/dbt_docs_pipeline.py for tasks to queue
[2026-07-26T03:38:23.277+0000] {logging_mixin.py:190} INFO - [2026-07-26T03:38:23.277+0000] {dagbag.py:588} INFO - Filling up the DagBag from /opt/airflow/dags/dbt_docs_pipeline.py
[2026-07-26T03:38:23.304+0000] {processor.py:925} INFO - DAG(s) 'dbt_docs_generate_and_publish' retrieved from /opt/airflow/dags/dbt_docs_pipeline.py
[2026-07-26T03:38:23.326+0000] {logging_mixin.py:190} INFO - [2026-07-26T03:38:23.326+0000] {dag.py:3239} INFO - Sync 1 DAGs
[2026-07-26T03:38:23.347+0000] {logging_mixin.py:190} INFO - [2026-07-26T03:38:23.347+0000] {dag.py:4180} INFO - Setting next_dagrun for dbt_docs_generate_and_publish to 2026-07-25 02:00:00+00:00, run_after=2026-07-26 02:00:00+00:00
[2026-07-26T03:38:23.365+0000] {processor.py:208} INFO - Processing /opt/airflow/dags/dbt_docs_pipeline.py took 0.096 seconds
[2026-07-26T03:38:53.573+0000] {processor.py:186} INFO - Started process (PID=4148) to work on /opt/airflow/dags/dbt_docs_pipeline.py
[2026-07-26T03:38:53.574+0000] {processor.py:914} INFO - Processing file /opt/airflow/dags/dbt_docs_pipeline.py for tasks to queue
[2026-07-26T03:38:53.576+0000] {logging_mixin.py:190} INFO - [2026-07-26T03:38:53.576+0000] {dagbag.py:588} INFO - Filling up the DagBag from /opt/airflow/dags/dbt_docs_pipeline.py
[2026-07-26T03:38:53.605+0000] {processor.py:925} INFO - DAG(s) 'dbt_docs_generate_and_publish' retrieved from /opt/airflow/dags/dbt_docs_pipeline.py
[2026-07-26T03:38:53.632+0000] {logging_mixin.py:190} INFO - [2026-07-26T03:38:53.632+0000] {dag.py:3239} INFO - Sync 1 DAGs
[2026-07-26T03:38:53.659+0000] {logging_mixin.py:190} INFO - [2026-07-26T03:38:53.658+0000] {dag.py:4180} INFO - Setting next_dagrun for dbt_docs_generate_and_publish to 2026-07-25 02:00:00+00:00, run_after=2026-07-26 02:00:00+00:00
[2026-07-26T03:38:53.681+0000] {processor.py:208} INFO - Processing /opt/airflow/dags/dbt_docs_pipeline.py took 0.115 seconds
[2026-07-26T03:39:24.126+0000] {processor.py:186} INFO - Started process (PID=4241) to work on /opt/airflow/dags/dbt_docs_pipeline.py
[2026-07-26T03:39:24.127+0000] {processor.py:914} INFO - Processing file /opt/airflow/dags/dbt_docs_pipeline.py for tasks to queue
[2026-07-26T03:39:24.129+0000] {logging_mixin.py:190} INFO - [2026-07-26T03:39:24.129+0000] {dagbag.py:588} INFO - Filling up the DagBag from /opt/airflow/dags/dbt_docs_pipeline.py
[2026-07-26T03:39:24.158+0000] {processor.py:925} INFO - DAG(s) 'dbt_docs_generate_and_publish' retrieved from /opt/airflow/dags/dbt_docs_pipeline.py
[2026-07-26T03:39:24.181+0000] {logging_mixin.py:190} INFO - [2026-07-26T03:39:24.180+0000] {dag.py:3239} INFO - Sync 1 DAGs
[2026-07-26T03:39:24.203+0000] {logging_mixin.py:190} INFO - [2026-07-26T03:39:24.202+0000] {dag.py:4180} INFO - Setting next_dagrun for dbt_docs_generate_and_publish to 2026-07-25 02:00:00+00:00, run_after=2026-07-26 02:00:00+00:00
[2026-07-26T03:39:24.222+0000] {processor.py:208} INFO - Processing /opt/airflow/dags/dbt_docs_pipeline.py took 0.101 seconds
[2026-07-26T03:39:54.913+0000] {processor.py:186} INFO - Started process (PID=4334) to work on /opt/airflow/dags/dbt_docs_pipeline.py
[2026-07-26T03:39:54.914+0000] {processor.py:914} INFO - Processing file /opt/airflow/dags/dbt_docs_pipeline.py for tasks to queue
[2026-07-26T03:39:54.916+0000] {logging_mixin.py:190} INFO - [2026-07-26T03:39:54.916+0000] {dagbag.py:588} INFO - Filling up the DagBag from /opt/airflow/dags/dbt_docs_pipeline.py
[2026-07-26T03:39:54.943+0000] {processor.py:925} INFO - DAG(s) 'dbt_docs_generate_and_publish' retrieved from /opt/airflow/dags/dbt_docs_pipeline.py
[2026-07-26T03:39:54.968+0000] {logging_mixin.py:190} INFO - [2026-07-26T03:39:54.968+0000] {dag.py:3239} INFO - Sync 1 DAGs
[2026-07-26T03:39:54.991+0000] {logging_mixin.py:190} INFO - [2026-07-26T03:39:54.990+0000] {dag.py:4180} INFO - Setting next_dagrun for dbt_docs_generate_and_publish to 2026-07-25 02:00:00+00:00, run_after=2026-07-26 02:00:00+00:00
[2026-07-26T03:39:55.010+0000] {processor.py:208} INFO - Processing /opt/airflow/dags/dbt_docs_pipeline.py took 0.102 seconds
[2026-07-26T03:40:25.183+0000] {processor.py:186} INFO - Started process (PID=4407) to work on /opt/airflow/dags/dbt_docs_pipeline.py
[2026-07-26T03:40:25.184+0000] {processor.py:914} INFO - Processing file /opt/airflow/dags/dbt_docs_pipeline.py for tasks to queue
[2026-07-26T03:40:25.187+0000] {logging_mixin.py:190} INFO - [2026-07-26T03:40:25.186+0000] {dagbag.py:588} INFO - Filling up the DagBag from /opt/airflow/dags/dbt_docs_pipeline.py
[2026-07-26T03:40:25.215+0000] {processor.py:925} INFO - DAG(s) 'dbt_docs_generate_and_publish' retrieved from /opt/airflow/dags/dbt_docs_pipeline.py
[2026-07-26T03:40:25.239+0000] {logging_mixin.py:190} INFO - [2026-07-26T03:40:25.239+0000] {dag.py:3239} INFO - Sync 1 DAGs
[2026-07-26T03:40:25.262+0000] {logging_mixin.py:190} INFO - [2026-07-26T03:40:25.262+0000] {dag.py:4180} INFO - Setting next_dagrun for dbt_docs_generate_and_publish to 2026-07-25 02:00:00+00:00, run_after=2026-07-26 02:00:00+00:00
[2026-07-26T03:40:25.286+0000] {processor.py:208} INFO - Processing /opt/airflow/dags/dbt_docs_pipeline.py took 0.109 seconds
[2026-07-26T03:40:55.471+0000] {processor.py:186} INFO - Started process (PID=4481) to work on /opt/airflow/dags/dbt_docs_pipeline.py
[2026-07-26T03:40:55.472+0000] {processor.py:914} INFO - Processing file /opt/airflow/dags/dbt_docs_pipeline.py for tasks to queue
[2026-07-26T03:40:55.474+0000] {logging_mixin.py:190} INFO - [2026-07-26T03:40:55.473+0000] {dagbag.py:588} INFO - Filling up the DagBag from /opt/airflow/dags/dbt_docs_pipeline.py
[2026-07-26T03:40:55.501+0000] {processor.py:925} INFO - DAG(s) 'dbt_docs_generate_and_publish' retrieved from /opt/airflow/dags/dbt_docs_pipeline.py
[2026-07-26T03:40:55.527+0000] {logging_mixin.py:190} INFO - [2026-07-26T03:40:55.527+0000] {dag.py:3239} INFO - Sync 1 DAGs
[2026-07-26T03:40:55.552+0000] {logging_mixin.py:190} INFO - [2026-07-26T03:40:55.551+0000] {dag.py:4180} INFO - Setting next_dagrun for dbt_docs_generate_and_publish to 2026-07-25 02:00:00+00:00, run_after=2026-07-26 02:00:00+00:00
[2026-07-26T03:40:55.572+0000] {processor.py:208} INFO - Processing /opt/airflow/dags/dbt_docs_pipeline.py took 0.107 seconds
[2026-07-26T03:41:25.802+0000] {processor.py:186} INFO - Started process (PID=4574) to work on /opt/airflow/dags/dbt_docs_pipeline.py
[2026-07-26T03:41:25.803+0000] {processor.py:914} INFO - Processing file /opt/airflow/dags/dbt_docs_pipeline.py for tasks to queue
[2026-07-26T03:41:25.806+0000] {logging_mixin.py:190} INFO - [2026-07-26T03:41:25.805+0000] {dagbag.py:588} INFO - Filling up the DagBag from /opt/airflow/dags/dbt_docs_pipeline.py
[2026-07-26T03:41:25.842+0000] {processor.py:925} INFO - DAG(s) 'dbt_docs_generate_and_publish' retrieved from /opt/airflow/dags/dbt_docs_pipeline.py
[2026-07-26T03:41:25.872+0000] {logging_mixin.py:190} INFO - [2026-07-26T03:41:25.872+0000] {dag.py:3239} INFO - Sync 1 DAGs
[2026-07-26T03:41:25.898+0000] {logging_mixin.py:190} INFO - [2026-07-26T03:41:25.898+0000] {dag.py:4180} INFO - Setting next_dagrun for dbt_docs_generate_and_publish to 2026-07-25 02:00:00+00:00, run_after=2026-07-26 02:00:00+00:00
[2026-07-26T03:41:25.920+0000] {processor.py:208} INFO - Processing /opt/airflow/dags/dbt_docs_pipeline.py took 0.128 seconds
[2026-07-26T04:46:32.525+0000] {processor.py:186} INFO - Started process (PID=172) to work on /opt/airflow/dags/dbt_docs_pipeline.py
[2026-07-26T04:46:32.529+0000] {processor.py:914} INFO - Processing file /opt/airflow/dags/dbt_docs_pipeline.py for tasks to queue
[2026-07-26T04:46:32.533+0000] {logging_mixin.py:190} INFO - [2026-07-26T04:46:32.533+0000] {dagbag.py:588} INFO - Filling up the DagBag from /opt/airflow/dags/dbt_docs_pipeline.py
[2026-07-26T04:46:32.612+0000] {processor.py:925} INFO - DAG(s) 'dbt_docs_generate_and_publish' retrieved from /opt/airflow/dags/dbt_docs_pipeline.py
[2026-07-26T04:46:32.654+0000] {logging_mixin.py:190} INFO - [2026-07-26T04:46:32.654+0000] {dag.py:3239} INFO - Sync 1 DAGs
[2026-07-26T04:46:32.693+0000] {logging_mixin.py:190} INFO - [2026-07-26T04:46:32.693+0000] {dag.py:4180} INFO - Setting next_dagrun for dbt_docs_generate_and_publish to 2026-07-25 02:00:00+00:00, run_after=2026-07-26 02:00:00+00:00
[2026-07-26T04:46:32.727+0000] {processor.py:208} INFO - Processing /opt/airflow/dags/dbt_docs_pipeline.py took 0.213 seconds
[2026-07-26T04:47:02.804+0000] {processor.py:186} INFO - Started process (PID=265) to work on /opt/airflow/dags/dbt_docs_pipeline.py
[2026-07-26T04:47:02.805+0000] {processor.py:914} INFO - Processing file /opt/airflow/dags/dbt_docs_pipeline.py for tasks to queue
[2026-07-26T04:47:02.808+0000] {logging_mixin.py:190} INFO - [2026-07-26T04:47:02.808+0000] {dagbag.py:588} INFO - Filling up the DagBag from /opt/airflow/dags/dbt_docs_pipeline.py
[2026-07-26T04:47:02.837+0000] {processor.py:925} INFO - DAG(s) 'dbt_docs_generate_and_publish' retrieved from /opt/airflow/dags/dbt_docs_pipeline.py
[2026-07-26T04:47:02.863+0000] {logging_mixin.py:190} INFO - [2026-07-26T04:47:02.863+0000] {dag.py:3239} INFO - Sync 1 DAGs
[2026-07-26T04:47:02.892+0000] {logging_mixin.py:190} INFO - [2026-07-26T04:47:02.892+0000] {dag.py:4180} INFO - Setting next_dagrun for dbt_docs_generate_and_publish to 2026-07-25 02:00:00+00:00, run_after=2026-07-26 02:00:00+00:00
[2026-07-26T04:47:02.917+0000] {processor.py:208} INFO - Processing /opt/airflow/dags/dbt_docs_pipeline.py took 0.118 seconds
[2026-07-26T04:47:33.165+0000] {processor.py:186} INFO - Started process (PID=351) to work on /opt/airflow/dags/dbt_docs_pipeline.py
[2026-07-26T04:47:33.166+0000] {processor.py:914} INFO - Processing file /opt/airflow/dags/dbt_docs_pipeline.py for tasks to queue
[2026-07-26T04:47:33.169+0000] {logging_mixin.py:190} INFO - [2026-07-26T04:47:33.168+0000] {dagbag.py:588} INFO - Filling up the DagBag from /opt/airflow/dags/dbt_docs_pipeline.py
[2026-07-26T04:47:33.200+0000] {processor.py:925} INFO - DAG(s) 'dbt_docs_generate_and_publish' retrieved from /opt/airflow/dags/dbt_docs_pipeline.py
[2026-07-26T04:47:33.227+0000] {logging_mixin.py:190} INFO - [2026-07-26T04:47:33.226+0000] {dag.py:3239} INFO - Sync 1 DAGs
[2026-07-26T04:47:33.250+0000] {logging_mixin.py:190} INFO - [2026-07-26T04:47:33.250+0000] {dag.py:4180} INFO - Setting next_dagrun for dbt_docs_generate_and_publish to 2026-07-25 02:00:00+00:00, run_after=2026-07-26 02:00:00+00:00
[2026-07-26T04:47:33.274+0000] {processor.py:208} INFO - Processing /opt/airflow/dags/dbt_docs_pipeline.py took 0.115 seconds
[2026-07-26T04:48:03.567+0000] {processor.py:186} INFO - Started process (PID=444) to work on /opt/airflow/dags/dbt_docs_pipeline.py
[2026-07-26T04:48:03.569+0000] {processor.py:914} INFO - Processing file /opt/airflow/dags/dbt_docs_pipeline.py for tasks to queue
[2026-07-26T04:48:03.572+0000] {logging_mixin.py:190} INFO - [2026-07-26T04:48:03.571+0000] {dagbag.py:588} INFO - Filling up the DagBag from /opt/airflow/dags/dbt_docs_pipeline.py
[2026-07-26T04:48:03.604+0000] {processor.py:925} INFO - DAG(s) 'dbt_docs_generate_and_publish' retrieved from /opt/airflow/dags/dbt_docs_pipeline.py
[2026-07-26T04:48:03.634+0000] {logging_mixin.py:190} INFO - [2026-07-26T04:48:03.633+0000] {dag.py:3239} INFO - Sync 1 DAGs
[2026-07-26T04:48:03.663+0000] {logging_mixin.py:190} INFO - [2026-07-26T04:48:03.662+0000] {dag.py:4180} INFO - Setting next_dagrun for dbt_docs_generate_and_publish to 2026-07-25 02:00:00+00:00, run_after=2026-07-26 02:00:00+00:00
[2026-07-26T04:48:03.686+0000] {processor.py:208} INFO - Processing /opt/airflow/dags/dbt_docs_pipeline.py took 0.124 seconds
[2026-07-26T04:48:33.920+0000] {processor.py:186} INFO - Started process (PID=537) to work on /opt/airflow/dags/dbt_docs_pipeline.py
[2026-07-26T04:48:33.922+0000] {processor.py:914} INFO - Processing file /opt/airflow/dags/dbt_docs_pipeline.py for tasks to queue
[2026-07-26T04:48:33.925+0000] {logging_mixin.py:190} INFO - [2026-07-26T04:48:33.924+0000] {dagbag.py:588} INFO - Filling up the DagBag from /opt/airflow/dags/dbt_docs_pipeline.py
[2026-07-26T04:48:33.952+0000] {processor.py:925} INFO - DAG(s) 'dbt_docs_generate_and_publish' retrieved from /opt/airflow/dags/dbt_docs_pipeline.py
[2026-07-26T04:48:33.979+0000] {logging_mixin.py:190} INFO - [2026-07-26T04:48:33.978+0000] {dag.py:3239} INFO - Sync 1 DAGs
[2026-07-26T04:48:34.002+0000] {logging_mixin.py:190} INFO - [2026-07-26T04:48:34.002+0000] {dag.py:4180} INFO - Setting next_dagrun for dbt_docs_generate_and_publish to 2026-07-25 02:00:00+00:00, run_after=2026-07-26 02:00:00+00:00
[2026-07-26T04:48:34.025+0000] {processor.py:208} INFO - Processing /opt/airflow/dags/dbt_docs_pipeline.py took 0.112 seconds
[2026-07-26T04:49:04.317+0000] {processor.py:186} INFO - Started process (PID=625) to work on /opt/airflow/dags/dbt_docs_pipeline.py
[2026-07-26T04:49:04.318+0000] {processor.py:914} INFO - Processing file /opt/airflow/dags/dbt_docs_pipeline.py for tasks to queue
[2026-07-26T04:49:04.320+0000] {logging_mixin.py:190} INFO - [2026-07-26T04:49:04.320+0000] {dagbag.py:588} INFO - Filling up the DagBag from /opt/airflow/dags/dbt_docs_pipeline.py
[2026-07-26T04:49:04.349+0000] {processor.py:925} INFO - DAG(s) 'dbt_docs_generate_and_publish' retrieved from /opt/airflow/dags/dbt_docs_pipeline.py
[2026-07-26T04:49:04.374+0000] {logging_mixin.py:190} INFO - [2026-07-26T04:49:04.374+0000] {dag.py:3239} INFO - Sync 1 DAGs
[2026-07-26T04:49:04.398+0000] {logging_mixin.py:190} INFO - [2026-07-26T04:49:04.398+0000] {dag.py:4180} INFO - Setting next_dagrun for dbt_docs_generate_and_publish to 2026-07-25 02:00:00+00:00, run_after=2026-07-26 02:00:00+00:00
[2026-07-26T04:49:04.416+0000] {processor.py:208} INFO - Processing /opt/airflow/dags/dbt_docs_pipeline.py took 0.105 seconds
[2026-07-26T04:49:34.831+0000] {processor.py:186} INFO - Started process (PID=718) to work on /opt/airflow/dags/dbt_docs_pipeline.py
[2026-07-26T04:49:34.832+0000] {processor.py:914} INFO - Processing file /opt/airflow/dags/dbt_docs_pipeline.py for tasks to queue
[2026-07-26T04:49:34.834+0000] {logging_mixin.py:190} INFO - [2026-07-26T04:49:34.834+0000] {dagbag.py:588} INFO - Filling up the DagBag from /opt/airflow/dags/dbt_docs_pipeline.py
[2026-07-26T04:49:34.871+0000] {processor.py:925} INFO - DAG(s) 'dbt_docs_generate_and_publish' retrieved from /opt/airflow/dags/dbt_docs_pipeline.py
[2026-07-26T04:49:34.897+0000] {logging_mixin.py:190} INFO - [2026-07-26T04:49:34.897+0000] {dag.py:3239} INFO - Sync 1 DAGs
[2026-07-26T04:49:34.922+0000] {logging_mixin.py:190} INFO - [2026-07-26T04:49:34.922+0000] {dag.py:4180} INFO - Setting next_dagrun for dbt_docs_generate_and_publish to 2026-07-25 02:00:00+00:00, run_after=2026-07-26 02:00:00+00:00
[2026-07-26T04:49:34.945+0000] {processor.py:208} INFO - Processing /opt/airflow/dags/dbt_docs_pipeline.py took 0.120 seconds
[2026-07-26T04:50:05.217+0000] {processor.py:186} INFO - Started process (PID=811) to work on /opt/airflow/dags/dbt_docs_pipeline.py
[2026-07-26T04:50:05.219+0000] {processor.py:914} INFO - Processing file /opt/airflow/dags/dbt_docs_pipeline.py for tasks to queue
[2026-07-26T04:50:05.221+0000] {logging_mixin.py:190} INFO - [2026-07-26T04:50:05.221+0000] {dagbag.py:588} INFO - Filling up the DagBag from /opt/airflow/dags/dbt_docs_pipeline.py
[2026-07-26T04:50:05.251+0000] {processor.py:925} INFO - DAG(s) 'dbt_docs_generate_and_publish' retrieved from /opt/airflow/dags/dbt_docs_pipeline.py
[2026-07-26T04:50:05.279+0000] {logging_mixin.py:190} INFO - [2026-07-26T04:50:05.279+0000] {dag.py:3239} INFO - Sync 1 DAGs
[2026-07-26T04:50:05.311+0000] {logging_mixin.py:190} INFO - [2026-07-26T04:50:05.310+0000] {dag.py:4180} INFO - Setting next_dagrun for dbt_docs_generate_and_publish to 2026-07-25 02:00:00+00:00, run_after=2026-07-26 02:00:00+00:00
[2026-07-26T04:50:05.337+0000] {processor.py:208} INFO - Processing /opt/airflow/dags/dbt_docs_pipeline.py took 0.126 seconds
[2026-07-26T04:50:35.736+0000] {processor.py:186} INFO - Started process (PID=904) to work on /opt/airflow/dags/dbt_docs_pipeline.py
[2026-07-26T04:50:35.737+0000] {processor.py:914} INFO - Processing file /opt/airflow/dags/dbt_docs_pipeline.py for tasks to queue
[2026-07-26T04:50:35.739+0000] {logging_mixin.py:190} INFO - [2026-07-26T04:50:35.739+0000] {dagbag.py:588} INFO - Filling up the DagBag from /opt/airflow/dags/dbt_docs_pipeline.py
[2026-07-26T04:50:35.768+0000] {processor.py:925} INFO - DAG(s) 'dbt_docs_generate_and_publish' retrieved from /opt/airflow/dags/dbt_docs_pipeline.py
[2026-07-26T04:50:35.794+0000] {logging_mixin.py:190} INFO - [2026-07-26T04:50:35.794+0000] {dag.py:3239} INFO - Sync 1 DAGs
[2026-07-26T04:50:35.823+0000] {logging_mixin.py:190} INFO - [2026-07-26T04:50:35.822+0000] {dag.py:4180} INFO - Setting next_dagrun for dbt_docs_generate_and_publish to 2026-07-25 02:00:00+00:00, run_after=2026-07-26 02:00:00+00:00
[2026-07-26T04:50:35.846+0000] {processor.py:208} INFO - Processing /opt/airflow/dags/dbt_docs_pipeline.py took 0.116 seconds
[2026-07-26T04:51:05.989+0000] {processor.py:186} INFO - Started process (PID=994) to work on /opt/airflow/dags/dbt_docs_pipeline.py
[2026-07-26T04:51:05.991+0000] {processor.py:914} INFO - Processing file /opt/airflow/dags/dbt_docs_pipeline.py for tasks to queue
[2026-07-26T04:51:05.993+0000] {logging_mixin.py:190} INFO - [2026-07-26T04:51:05.993+0000] {dagbag.py:588} INFO - Filling up the DagBag from /opt/airflow/dags/dbt_docs_pipeline.py
[2026-07-26T04:51:06.022+0000] {processor.py:925} INFO - DAG(s) 'dbt_docs_generate_and_publish' retrieved from /opt/airflow/dags/dbt_docs_pipeline.py
[2026-07-26T04:51:06.045+0000] {logging_mixin.py:190} INFO - [2026-07-26T04:51:06.044+0000] {dag.py:3239} INFO - Sync 1 DAGs
[2026-07-26T04:51:06.068+0000] {logging_mixin.py:190} INFO - [2026-07-26T04:51:06.068+0000] {dag.py:4180} INFO - Setting next_dagrun for dbt_docs_generate_and_publish to 2026-07-25 02:00:00+00:00, run_after=2026-07-26 02:00:00+00:00
[2026-07-26T04:51:06.087+0000] {processor.py:208} INFO - Processing /opt/airflow/dags/dbt_docs_pipeline.py took 0.104 seconds
[2026-07-26T04:51:36.439+0000] {processor.py:186} INFO - Started process (PID=1085) to work on /opt/airflow/dags/dbt_docs_pipeline.py
[2026-07-26T04:51:36.440+0000] {processor.py:914} INFO - Processing file /opt/airflow/dags/dbt_docs_pipeline.py for tasks to queue
[2026-07-26T04:51:36.442+0000] {logging_mixin.py:190} INFO - [2026-07-26T04:51:36.442+0000] {dagbag.py:588} INFO - Filling up the DagBag from /opt/airflow/dags/dbt_docs_pipeline.py
[2026-07-26T04:51:36.473+0000] {processor.py:925} INFO - DAG(s) 'dbt_docs_generate_and_publish' retrieved from /opt/airflow/dags/dbt_docs_pipeline.py
[2026-07-26T04:51:36.506+0000] {logging_mixin.py:190} INFO - [2026-07-26T04:51:36.506+0000] {dag.py:3239} INFO - Sync 1 DAGs
[2026-07-26T04:51:36.533+0000] {logging_mixin.py:190} INFO - [2026-07-26T04:51:36.532+0000] {dag.py:4180} INFO - Setting next_dagrun for dbt_docs_generate_and_publish to 2026-07-25 02:00:00+00:00, run_after=2026-07-26 02:00:00+00:00
[2026-07-26T04:51:36.556+0000] {processor.py:208} INFO - Processing /opt/airflow/dags/dbt_docs_pipeline.py took 0.123 seconds
[2026-07-26T04:52:07.205+0000] {processor.py:186} INFO - Started process (PID=1178) to work on /opt/airflow/dags/dbt_docs_pipeline.py
[2026-07-26T04:52:07.207+0000] {processor.py:914} INFO - Processing file /opt/airflow/dags/dbt_docs_pipeline.py for tasks to queue
[2026-07-26T04:52:07.209+0000] {logging_mixin.py:190} INFO - [2026-07-26T04:52:07.208+0000] {dagbag.py:588} INFO - Filling up the DagBag from /opt/airflow/dags/dbt_docs_pipeline.py
[2026-07-26T04:52:07.235+0000] {processor.py:925} INFO - DAG(s) 'dbt_docs_generate_and_publish' retrieved from /opt/airflow/dags/dbt_docs_pipeline.py
[2026-07-26T04:52:07.257+0000] {logging_mixin.py:190} INFO - [2026-07-26T04:52:07.257+0000] {dag.py:3239} INFO - Sync 1 DAGs
[2026-07-26T04:52:07.284+0000] {logging_mixin.py:190} INFO - [2026-07-26T04:52:07.284+0000] {dag.py:4180} INFO - Setting next_dagrun for dbt_docs_generate_and_publish to 2026-07-25 02:00:00+00:00, run_after=2026-07-26 02:00:00+00:00
[2026-07-26T04:52:07.307+0000] {processor.py:208} INFO - Processing /opt/airflow/dags/dbt_docs_pipeline.py took 0.107 seconds
[2026-07-26T04:52:37.484+0000] {processor.py:186} INFO - Started process (PID=1266) to work on /opt/airflow/dags/dbt_docs_pipeline.py
[2026-07-26T04:52:37.486+0000] {processor.py:914} INFO - Processing file /opt/airflow/dags/dbt_docs_pipeline.py for tasks to queue
[2026-07-26T04:52:37.488+0000] {logging_mixin.py:190} INFO - [2026-07-26T04:52:37.487+0000] {dagbag.py:588} INFO - Filling up the DagBag from /opt/airflow/dags/dbt_docs_pipeline.py
[2026-07-26T04:52:37.519+0000] {processor.py:925} INFO - DAG(s) 'dbt_docs_generate_and_publish' retrieved from /opt/airflow/dags/dbt_docs_pipeline.py
[2026-07-26T04:52:37.550+0000] {logging_mixin.py:190} INFO - [2026-07-26T04:52:37.549+0000] {dag.py:3239} INFO - Sync 1 DAGs
[2026-07-26T04:52:37.583+0000] {logging_mixin.py:190} INFO - [2026-07-26T04:52:37.583+0000] {dag.py:4180} INFO - Setting next_dagrun for dbt_docs_generate_and_publish to 2026-07-25 02:00:00+00:00, run_after=2026-07-26 02:00:00+00:00
[2026-07-26T04:52:37.605+0000] {processor.py:208} INFO - Processing /opt/airflow/dags/dbt_docs_pipeline.py took 0.127 seconds
[2026-07-26T04:53:07.826+0000] {processor.py:186} INFO - Started process (PID=1361) to work on /opt/airflow/dags/dbt_docs_pipeline.py
[2026-07-26T04:53:07.829+0000] {processor.py:914} INFO - Processing file /opt/airflow/dags/dbt_docs_pipeline.py for tasks to queue
[2026-07-26T04:53:07.832+0000] {logging_mixin.py:190} INFO - [2026-07-26T04:53:07.832+0000] {dagbag.py:588} INFO - Filling up the DagBag from /opt/airflow/dags/dbt_docs_pipeline.py
[2026-07-26T04:53:07.877+0000] {processor.py:925} INFO - DAG(s) 'dbt_docs_generate_and_publish' retrieved from /opt/airflow/dags/dbt_docs_pipeline.py
[2026-07-26T04:53:07.901+0000] {logging_mixin.py:190} INFO - [2026-07-26T04:53:07.900+0000] {dag.py:3239} INFO - Sync 1 DAGs
[2026-07-26T04:53:07.927+0000] {logging_mixin.py:190} INFO - [2026-07-26T04:53:07.927+0000] {dag.py:4180} INFO - Setting next_dagrun for dbt_docs_generate_and_publish to 2026-07-25 02:00:00+00:00, run_after=2026-07-26 02:00:00+00:00
[2026-07-26T04:53:07.946+0000] {processor.py:208} INFO - Processing /opt/airflow/dags/dbt_docs_pipeline.py took 0.133 seconds
[2026-07-26T04:53:38.157+0000] {processor.py:186} INFO - Started process (PID=1452) to work on /opt/airflow/dags/dbt_docs_pipeline.py
[2026-07-26T04:53:38.159+0000] {processor.py:914} INFO - Processing file /opt/airflow/dags/dbt_docs_pipeline.py for tasks to queue
[2026-07-26T04:53:38.162+0000] {logging_mixin.py:190} INFO - [2026-07-26T04:53:38.161+0000] {dagbag.py:588} INFO - Filling up the DagBag from /opt/airflow/dags/dbt_docs_pipeline.py
[2026-07-26T04:53:38.195+0000] {processor.py:925} INFO - DAG(s) 'dbt_docs_generate_and_publish' retrieved from /opt/airflow/dags/dbt_docs_pipeline.py
[2026-07-26T04:53:38.250+0000] {logging_mixin.py:190} INFO - [2026-07-26T04:53:38.249+0000] {dag.py:3239} INFO - Sync 1 DAGs
[2026-07-26T04:53:38.284+0000] {logging_mixin.py:190} INFO - [2026-07-26T04:53:38.284+0000] {dag.py:4180} INFO - Setting next_dagrun for dbt_docs_generate_and_publish to 2026-07-25 02:00:00+00:00, run_after=2026-07-26 02:00:00+00:00
[2026-07-26T04:53:38.313+0000] {processor.py:208} INFO - Processing /opt/airflow/dags/dbt_docs_pipeline.py took 0.164 seconds
[2026-07-26T04:54:08.482+0000] {processor.py:186} INFO - Started process (PID=1542) to work on /opt/airflow/dags/dbt_docs_pipeline.py
[2026-07-26T04:54:08.483+0000] {processor.py:914} INFO - Processing file /opt/airflow/dags/dbt_docs_pipeline.py for tasks to queue
[2026-07-26T04:54:08.487+0000] {logging_mixin.py:190} INFO - [2026-07-26T04:54:08.487+0000] {dagbag.py:588} INFO - Filling up the DagBag from /opt/airflow/dags/dbt_docs_pipeline.py
[2026-07-26T04:54:08.524+0000] {processor.py:925} INFO - DAG(s) 'dbt_docs_generate_and_publish' retrieved from /opt/airflow/dags/dbt_docs_pipeline.py
[2026-07-26T04:54:08.559+0000] {logging_mixin.py:190} INFO - [2026-07-26T04:54:08.558+0000] {dag.py:3239} INFO - Sync 1 DAGs
[2026-07-26T04:54:08.584+0000] {logging_mixin.py:190} INFO - [2026-07-26T04:54:08.584+0000] {dag.py:4180} INFO - Setting next_dagrun for dbt_docs_generate_and_publish to 2026-07-25 02:00:00+00:00, run_after=2026-07-26 02:00:00+00:00
[2026-07-26T04:54:08.610+0000] {processor.py:208} INFO - Processing /opt/airflow/dags/dbt_docs_pipeline.py took 0.135 seconds
[2026-07-26T04:54:39.283+0000] {processor.py:186} INFO - Started process (PID=1633) to work on /opt/airflow/dags/dbt_docs_pipeline.py
[2026-07-26T04:54:39.285+0000] {processor.py:914} INFO - Processing file /opt/airflow/dags/dbt_docs_pipeline.py for tasks to queue
[2026-07-26T04:54:39.288+0000] {logging_mixin.py:190} INFO - [2026-07-26T04:54:39.287+0000] {dagbag.py:588} INFO - Filling up the DagBag from /opt/airflow/dags/dbt_docs_pipeline.py
[2026-07-26T04:54:39.316+0000] {processor.py:925} INFO - DAG(s) 'dbt_docs_generate_and_publish' retrieved from /opt/airflow/dags/dbt_docs_pipeline.py
[2026-07-26T04:54:39.340+0000] {logging_mixin.py:190} INFO - [2026-07-26T04:54:39.340+0000] {dag.py:3239} INFO - Sync 1 DAGs
[2026-07-26T04:54:39.361+0000] {logging_mixin.py:190} INFO - [2026-07-26T04:54:39.360+0000] {dag.py:4180} INFO - Setting next_dagrun for dbt_docs_generate_and_publish to 2026-07-25 02:00:00+00:00, run_after=2026-07-26 02:00:00+00:00
[2026-07-26T04:54:39.380+0000] {processor.py:208} INFO - Processing /opt/airflow/dags/dbt_docs_pipeline.py took 0.102 seconds
[2026-07-26T04:55:10.099+0000] {processor.py:186} INFO - Started process (PID=1726) to work on /opt/airflow/dags/dbt_docs_pipeline.py
[2026-07-26T04:55:10.100+0000] {processor.py:914} INFO - Processing file /opt/airflow/dags/dbt_docs_pipeline.py for tasks to queue
[2026-07-26T04:55:10.102+0000] {logging_mixin.py:190} INFO - [2026-07-26T04:55:10.102+0000] {dagbag.py:588} INFO - Filling up the DagBag from /opt/airflow/dags/dbt_docs_pipeline.py
[2026-07-26T04:55:10.126+0000] {processor.py:925} INFO - DAG(s) 'dbt_docs_generate_and_publish' retrieved from /opt/airflow/dags/dbt_docs_pipeline.py
[2026-07-26T04:55:10.148+0000] {logging_mixin.py:190} INFO - [2026-07-26T04:55:10.148+0000] {dag.py:3239} INFO - Sync 1 DAGs
[2026-07-26T04:55:10.170+0000] {logging_mixin.py:190} INFO - [2026-07-26T04:55:10.170+0000] {dag.py:4180} INFO - Setting next_dagrun for dbt_docs_generate_and_publish to 2026-07-25 02:00:00+00:00, run_after=2026-07-26 02:00:00+00:00
[2026-07-26T04:55:10.187+0000] {processor.py:208} INFO - Processing /opt/airflow/dags/dbt_docs_pipeline.py took 0.094 seconds
[2026-07-26T04:55:40.961+0000] {processor.py:186} INFO - Started process (PID=1814) to work on /opt/airflow/dags/dbt_docs_pipeline.py
[2026-07-26T04:55:40.962+0000] {processor.py:914} INFO - Processing file /opt/airflow/dags/dbt_docs_pipeline.py for tasks to queue
[2026-07-26T04:55:40.966+0000] {logging_mixin.py:190} INFO - [2026-07-26T04:55:40.966+0000] {dagbag.py:588} INFO - Filling up the DagBag from /opt/airflow/dags/dbt_docs_pipeline.py
[2026-07-26T04:55:41.002+0000] {processor.py:925} INFO - DAG(s) 'dbt_docs_generate_and_publish' retrieved from /opt/airflow/dags/dbt_docs_pipeline.py
[2026-07-26T04:55:41.041+0000] {logging_mixin.py:190} INFO - [2026-07-26T04:55:41.041+0000] {dag.py:3239} INFO - Sync 1 DAGs
[2026-07-26T04:55:41.080+0000] {logging_mixin.py:190} INFO - [2026-07-26T04:55:41.080+0000] {dag.py:4180} INFO - Setting next_dagrun for dbt_docs_generate_and_publish to 2026-07-25 02:00:00+00:00, run_after=2026-07-26 02:00:00+00:00
[2026-07-26T04:55:41.109+0000] {processor.py:208} INFO - Processing /opt/airflow/dags/dbt_docs_pipeline.py took 0.156 seconds
[2026-07-26T04:56:11.806+0000] {processor.py:186} INFO - Started process (PID=1907) to work on /opt/airflow/dags/dbt_docs_pipeline.py
[2026-07-26T04:56:11.807+0000] {processor.py:914} INFO - Processing file /opt/airflow/dags/dbt_docs_pipeline.py for tasks to queue
[2026-07-26T04:56:11.811+0000] {logging_mixin.py:190} INFO - [2026-07-26T04:56:11.810+0000] {dagbag.py:588} INFO - Filling up the DagBag from /opt/airflow/dags/dbt_docs_pipeline.py
[2026-07-26T04:56:11.844+0000] {processor.py:925} INFO - DAG(s) 'dbt_docs_generate_and_publish' retrieved from /opt/airflow/dags/dbt_docs_pipeline.py
[2026-07-26T04:56:11.889+0000] {logging_mixin.py:190} INFO - [2026-07-26T04:56:11.887+0000] {dag.py:3239} INFO - Sync 1 DAGs
[2026-07-26T04:56:11.952+0000] {logging_mixin.py:190} INFO - [2026-07-26T04:56:11.951+0000] {dag.py:4180} INFO - Setting next_dagrun for dbt_docs_generate_and_publish to 2026-07-25 02:00:00+00:00, run_after=2026-07-26 02:00:00+00:00
[2026-07-26T04:56:11.990+0000] {processor.py:208} INFO - Processing /opt/airflow/dags/dbt_docs_pipeline.py took 0.195 seconds
[2026-07-26T04:56:42.971+0000] {processor.py:186} INFO - Started process (PID=2000) to work on /opt/airflow/dags/dbt_docs_pipeline.py
[2026-07-26T04:56:42.972+0000] {processor.py:914} INFO - Processing file /opt/airflow/dags/dbt_docs_pipeline.py for tasks to queue
[2026-07-26T04:56:42.974+0000] {logging_mixin.py:190} INFO - [2026-07-26T04:56:42.974+0000] {dagbag.py:588} INFO - Filling up the DagBag from /opt/airflow/dags/dbt_docs_pipeline.py
[2026-07-26T04:56:43.002+0000] {processor.py:925} INFO - DAG(s) 'dbt_docs_generate_and_publish' retrieved from /opt/airflow/dags/dbt_docs_pipeline.py
[2026-07-26T04:56:43.025+0000] {logging_mixin.py:190} INFO - [2026-07-26T04:56:43.025+0000] {dag.py:3239} INFO - Sync 1 DAGs
[2026-07-26T04:56:43.046+0000] {logging_mixin.py:190} INFO - [2026-07-26T04:56:43.046+0000] {dag.py:4180} INFO - Setting next_dagrun for dbt_docs_generate_and_publish to 2026-07-25 02:00:00+00:00, run_after=2026-07-26 02:00:00+00:00
[2026-07-26T04:56:43.065+0000] {processor.py:208} INFO - Processing /opt/airflow/dags/dbt_docs_pipeline.py took 0.100 seconds
[2026-07-26T04:57:13.483+0000] {processor.py:186} INFO - Started process (PID=2088) to work on /opt/airflow/dags/dbt_docs_pipeline.py
[2026-07-26T04:57:13.484+0000] {processor.py:914} INFO - Processing file /opt/airflow/dags/dbt_docs_pipeline.py for tasks to queue
[2026-07-26T04:57:13.486+0000] {logging_mixin.py:190} INFO - [2026-07-26T04:57:13.486+0000] {dagbag.py:588} INFO - Filling up the DagBag from /opt/airflow/dags/dbt_docs_pipeline.py
[2026-07-26T04:57:13.515+0000] {processor.py:925} INFO - DAG(s) 'dbt_docs_generate_and_publish' retrieved from /opt/airflow/dags/dbt_docs_pipeline.py
[2026-07-26T04:57:13.542+0000] {logging_mixin.py:190} INFO - [2026-07-26T04:57:13.541+0000] {dag.py:3239} INFO - Sync 1 DAGs
[2026-07-26T04:57:13.566+0000] {logging_mixin.py:190} INFO - [2026-07-26T04:57:13.565+0000] {dag.py:4180} INFO - Setting next_dagrun for dbt_docs_generate_and_publish to 2026-07-25 02:00:00+00:00, run_after=2026-07-26 02:00:00+00:00
[2026-07-26T04:57:13.587+0000] {processor.py:208} INFO - Processing /opt/airflow/dags/dbt_docs_pipeline.py took 0.110 seconds
[2026-07-26T04:57:43.765+0000] {processor.py:186} INFO - Started process (PID=2181) to work on /opt/airflow/dags/dbt_docs_pipeline.py
[2026-07-26T04:57:43.766+0000] {processor.py:914} INFO - Processing file /opt/airflow/dags/dbt_docs_pipeline.py for tasks to queue
[2026-07-26T04:57:43.768+0000] {logging_mixin.py:190} INFO - [2026-07-26T04:57:43.768+0000] {dagbag.py:588} INFO - Filling up the DagBag from /opt/airflow/dags/dbt_docs_pipeline.py
[2026-07-26T04:57:43.795+0000] {processor.py:925} INFO - DAG(s) 'dbt_docs_generate_and_publish' retrieved from /opt/airflow/dags/dbt_docs_pipeline.py
[2026-07-26T04:57:43.821+0000] {logging_mixin.py:190} INFO - [2026-07-26T04:57:43.820+0000] {dag.py:3239} INFO - Sync 1 DAGs
[2026-07-26T04:57:43.845+0000] {logging_mixin.py:190} INFO - [2026-07-26T04:57:43.845+0000] {dag.py:4180} INFO - Setting next_dagrun for dbt_docs_generate_and_publish to 2026-07-25 02:00:00+00:00, run_after=2026-07-26 02:00:00+00:00
[2026-07-26T04:57:43.865+0000] {processor.py:208} INFO - Processing /opt/airflow/dags/dbt_docs_pipeline.py took 0.106 seconds
[2026-07-26T04:58:14.256+0000] {processor.py:186} INFO - Started process (PID=2274) to work on /opt/airflow/dags/dbt_docs_pipeline.py
[2026-07-26T04:58:14.257+0000] {processor.py:914} INFO - Processing file /opt/airflow/dags/dbt_docs_pipeline.py for tasks to queue
[2026-07-26T04:58:14.259+0000] {logging_mixin.py:190} INFO - [2026-07-26T04:58:14.259+0000] {dagbag.py:588} INFO - Filling up the DagBag from /opt/airflow/dags/dbt_docs_pipeline.py
[2026-07-26T04:58:14.283+0000] {processor.py:925} INFO - DAG(s) 'dbt_docs_generate_and_publish' retrieved from /opt/airflow/dags/dbt_docs_pipeline.py
[2026-07-26T04:58:14.304+0000] {logging_mixin.py:190} INFO - [2026-07-26T04:58:14.304+0000] {dag.py:3239} INFO - Sync 1 DAGs
[2026-07-26T04:58:14.328+0000] {logging_mixin.py:190} INFO - [2026-07-26T04:58:14.328+0000] {dag.py:4180} INFO - Setting next_dagrun for dbt_docs_generate_and_publish to 2026-07-25 02:00:00+00:00, run_after=2026-07-26 02:00:00+00:00
[2026-07-26T04:58:14.346+0000] {processor.py:208} INFO - Processing /opt/airflow/dags/dbt_docs_pipeline.py took 0.096 seconds
[2026-07-26T04:58:44.625+0000] {processor.py:186} INFO - Started process (PID=2362) to work on /opt/airflow/dags/dbt_docs_pipeline.py
[2026-07-26T04:58:44.627+0000] {processor.py:914} INFO - Processing file /opt/airflow/dags/dbt_docs_pipeline.py for tasks to queue
[2026-07-26T04:58:44.630+0000] {logging_mixin.py:190} INFO - [2026-07-26T04:58:44.629+0000] {dagbag.py:588} INFO - Filling up the DagBag from /opt/airflow/dags/dbt_docs_pipeline.py
[2026-07-26T04:58:44.661+0000] {processor.py:925} INFO - DAG(s) 'dbt_docs_generate_and_publish' retrieved from /opt/airflow/dags/dbt_docs_pipeline.py
[2026-07-26T04:58:44.691+0000] {logging_mixin.py:190} INFO - [2026-07-26T04:58:44.691+0000] {dag.py:3239} INFO - Sync 1 DAGs
[2026-07-26T04:58:44.714+0000] {logging_mixin.py:190} INFO - [2026-07-26T04:58:44.714+0000] {dag.py:4180} INFO - Setting next_dagrun for dbt_docs_generate_and_publish to 2026-07-25 02:00:00+00:00, run_after=2026-07-26 02:00:00+00:00
[2026-07-26T04:58:44.738+0000] {processor.py:208} INFO - Processing /opt/airflow/dags/dbt_docs_pipeline.py took 0.120 seconds
[2026-07-26T04:59:14.947+0000] {processor.py:186} INFO - Started process (PID=2457) to work on /opt/airflow/dags/dbt_docs_pipeline.py
[2026-07-26T04:59:14.948+0000] {processor.py:914} INFO - Processing file /opt/airflow/dags/dbt_docs_pipeline.py for tasks to queue
[2026-07-26T04:59:14.951+0000] {logging_mixin.py:190} INFO - [2026-07-26T04:59:14.950+0000] {dagbag.py:588} INFO - Filling up the DagBag from /opt/airflow/dags/dbt_docs_pipeline.py
[2026-07-26T04:59:14.980+0000] {processor.py:925} INFO - DAG(s) 'dbt_docs_generate_and_publish' retrieved from /opt/airflow/dags/dbt_docs_pipeline.py
[2026-07-26T04:59:15.005+0000] {logging_mixin.py:190} INFO - [2026-07-26T04:59:15.005+0000] {dag.py:3239} INFO - Sync 1 DAGs
[2026-07-26T04:59:15.029+0000] {logging_mixin.py:190} INFO - [2026-07-26T04:59:15.029+0000] {dag.py:4180} INFO - Setting next_dagrun for dbt_docs_generate_and_publish to 2026-07-25 02:00:00+00:00, run_after=2026-07-26 02:00:00+00:00
[2026-07-26T04:59:15.059+0000] {processor.py:208} INFO - Processing /opt/airflow/dags/dbt_docs_pipeline.py took 0.117 seconds
[2026-07-26T04:59:45.453+0000] {processor.py:186} INFO - Started process (PID=2548) to work on /opt/airflow/dags/dbt_docs_pipeline.py
[2026-07-26T04:59:45.454+0000] {processor.py:914} INFO - Processing file /opt/airflow/dags/dbt_docs_pipeline.py for tasks to queue
[2026-07-26T04:59:45.456+0000] {logging_mixin.py:190} INFO - [2026-07-26T04:59:45.456+0000] {dagbag.py:588} INFO - Filling up the DagBag from /opt/airflow/dags/dbt_docs_pipeline.py
[2026-07-26T04:59:45.482+0000] {processor.py:925} INFO - DAG(s) 'dbt_docs_generate_and_publish' retrieved from /opt/airflow/dags/dbt_docs_pipeline.py
[2026-07-26T04:59:45.509+0000] {logging_mixin.py:190} INFO - [2026-07-26T04:59:45.508+0000] {dag.py:3239} INFO - Sync 1 DAGs
[2026-07-26T04:59:45.534+0000] {logging_mixin.py:190} INFO - [2026-07-26T04:59:45.534+0000] {dag.py:4180} INFO - Setting next_dagrun for dbt_docs_generate_and_publish to 2026-07-25 02:00:00+00:00, run_after=2026-07-26 02:00:00+00:00
[2026-07-26T04:59:45.559+0000] {processor.py:208} INFO - Processing /opt/airflow/dags/dbt_docs_pipeline.py took 0.112 seconds
[2026-07-26T05:00:15.985+0000] {processor.py:186} INFO - Started process (PID=2636) to work on /opt/airflow/dags/dbt_docs_pipeline.py
[2026-07-26T05:00:15.989+0000] {processor.py:914} INFO - Processing file /opt/airflow/dags/dbt_docs_pipeline.py for tasks to queue
[2026-07-26T05:00:15.996+0000] {logging_mixin.py:190} INFO - [2026-07-26T05:00:15.995+0000] {dagbag.py:588} INFO - Filling up the DagBag from /opt/airflow/dags/dbt_docs_pipeline.py
[2026-07-26T05:00:16.067+0000] {processor.py:925} INFO - DAG(s) 'dbt_docs_generate_and_publish' retrieved from /opt/airflow/dags/dbt_docs_pipeline.py
[2026-07-26T05:00:16.104+0000] {logging_mixin.py:190} INFO - [2026-07-26T05:00:16.104+0000] {dag.py:3239} INFO - Sync 1 DAGs
[2026-07-26T05:00:16.138+0000] {logging_mixin.py:190} INFO - [2026-07-26T05:00:16.137+0000] {dag.py:4180} INFO - Setting next_dagrun for dbt_docs_generate_and_publish to 2026-07-25 02:00:00+00:00, run_after=2026-07-26 02:00:00+00:00
[2026-07-26T05:00:16.171+0000] {processor.py:208} INFO - Processing /opt/airflow/dags/dbt_docs_pipeline.py took 0.200 seconds
[2026-07-26T05:00:46.307+0000] {processor.py:186} INFO - Started process (PID=2729) to work on /opt/airflow/dags/dbt_docs_pipeline.py
[2026-07-26T05:00:46.309+0000] {processor.py:914} INFO - Processing file /opt/airflow/dags/dbt_docs_pipeline.py for tasks to queue
[2026-07-26T05:00:46.311+0000] {logging_mixin.py:190} INFO - [2026-07-26T05:00:46.311+0000] {dagbag.py:588} INFO - Filling up the DagBag from /opt/airflow/dags/dbt_docs_pipeline.py
[2026-07-26T05:00:46.340+0000] {processor.py:925} INFO - DAG(s) 'dbt_docs_generate_and_publish' retrieved from /opt/airflow/dags/dbt_docs_pipeline.py
[2026-07-26T05:00:46.371+0000] {logging_mixin.py:190} INFO - [2026-07-26T05:00:46.371+0000] {dag.py:3239} INFO - Sync 1 DAGs
[2026-07-26T05:00:46.398+0000] {logging_mixin.py:190} INFO - [2026-07-26T05:00:46.398+0000] {dag.py:4180} INFO - Setting next_dagrun for dbt_docs_generate_and_publish to 2026-07-25 02:00:00+00:00, run_after=2026-07-26 02:00:00+00:00
[2026-07-26T05:00:46.420+0000] {processor.py:208} INFO - Processing /opt/airflow/dags/dbt_docs_pipeline.py took 0.119 seconds
[2026-07-26T05:01:17.059+0000] {processor.py:186} INFO - Started process (PID=2822) to work on /opt/airflow/dags/dbt_docs_pipeline.py
[2026-07-26T05:01:17.060+0000] {processor.py:914} INFO - Processing file /opt/airflow/dags/dbt_docs_pipeline.py for tasks to queue
[2026-07-26T05:01:17.062+0000] {logging_mixin.py:190} INFO - [2026-07-26T05:01:17.061+0000] {dagbag.py:588} INFO - Filling up the DagBag from /opt/airflow/dags/dbt_docs_pipeline.py
[2026-07-26T05:01:17.094+0000] {processor.py:925} INFO - DAG(s) 'dbt_docs_generate_and_publish' retrieved from /opt/airflow/dags/dbt_docs_pipeline.py
[2026-07-26T05:01:17.122+0000] {logging_mixin.py:190} INFO - [2026-07-26T05:01:17.121+0000] {dag.py:3239} INFO - Sync 1 DAGs
[2026-07-26T05:01:17.146+0000] {logging_mixin.py:190} INFO - [2026-07-26T05:01:17.146+0000] {dag.py:4180} INFO - Setting next_dagrun for dbt_docs_generate_and_publish to 2026-07-25 02:00:00+00:00, run_after=2026-07-26 02:00:00+00:00
[2026-07-26T05:01:17.166+0000] {processor.py:208} INFO - Processing /opt/airflow/dags/dbt_docs_pipeline.py took 0.114 seconds
[2026-07-26T05:01:47.688+0000] {processor.py:186} INFO - Started process (PID=2910) to work on /opt/airflow/dags/dbt_docs_pipeline.py
[2026-07-26T05:01:47.689+0000] {processor.py:914} INFO - Processing file /opt/airflow/dags/dbt_docs_pipeline.py for tasks to queue
[2026-07-26T05:01:47.691+0000] {logging_mixin.py:190} INFO - [2026-07-26T05:01:47.691+0000] {dagbag.py:588} INFO - Filling up the DagBag from /opt/airflow/dags/dbt_docs_pipeline.py
[2026-07-26T05:01:47.719+0000] {processor.py:925} INFO - DAG(s) 'dbt_docs_generate_and_publish' retrieved from /opt/airflow/dags/dbt_docs_pipeline.py
[2026-07-26T05:01:47.747+0000] {logging_mixin.py:190} INFO - [2026-07-26T05:01:47.746+0000] {dag.py:3239} INFO - Sync 1 DAGs
[2026-07-26T05:01:47.770+0000] {logging_mixin.py:190} INFO - [2026-07-26T05:01:47.770+0000] {dag.py:4180} INFO - Setting next_dagrun for dbt_docs_generate_and_publish to 2026-07-25 02:00:00+00:00, run_after=2026-07-26 02:00:00+00:00
[2026-07-26T05:01:47.790+0000] {processor.py:208} INFO - Processing /opt/airflow/dags/dbt_docs_pipeline.py took 0.108 seconds
[2026-07-26T05:02:17.972+0000] {processor.py:186} INFO - Started process (PID=3003) to work on /opt/airflow/dags/dbt_docs_pipeline.py
[2026-07-26T05:02:17.974+0000] {processor.py:914} INFO - Processing file /opt/airflow/dags/dbt_docs_pipeline.py for tasks to queue
[2026-07-26T05:02:17.978+0000] {logging_mixin.py:190} INFO - [2026-07-26T05:02:17.977+0000] {dagbag.py:588} INFO - Filling up the DagBag from /opt/airflow/dags/dbt_docs_pipeline.py
[2026-07-26T05:02:18.010+0000] {processor.py:925} INFO - DAG(s) 'dbt_docs_generate_and_publish' retrieved from /opt/airflow/dags/dbt_docs_pipeline.py
[2026-07-26T05:02:18.047+0000] {logging_mixin.py:190} INFO - [2026-07-26T05:02:18.047+0000] {dag.py:3239} INFO - Sync 1 DAGs
[2026-07-26T05:02:18.076+0000] {logging_mixin.py:190} INFO - [2026-07-26T05:02:18.076+0000] {dag.py:4180} INFO - Setting next_dagrun for dbt_docs_generate_and_publish to 2026-07-25 02:00:00+00:00, run_after=2026-07-26 02:00:00+00:00
[2026-07-26T05:02:18.102+0000] {processor.py:208} INFO - Processing /opt/airflow/dags/dbt_docs_pipeline.py took 0.136 seconds
[2026-07-26T05:02:48.495+0000] {processor.py:186} INFO - Started process (PID=3096) to work on /opt/airflow/dags/dbt_docs_pipeline.py
[2026-07-26T05:02:48.496+0000] {processor.py:914} INFO - Processing file /opt/airflow/dags/dbt_docs_pipeline.py for tasks to queue
[2026-07-26T05:02:48.500+0000] {logging_mixin.py:190} INFO - [2026-07-26T05:02:48.500+0000] {dagbag.py:588} INFO - Filling up the DagBag from /opt/airflow/dags/dbt_docs_pipeline.py
[2026-07-26T05:02:48.530+0000] {processor.py:925} INFO - DAG(s) 'dbt_docs_generate_and_publish' retrieved from /opt/airflow/dags/dbt_docs_pipeline.py
[2026-07-26T05:02:48.563+0000] {logging_mixin.py:190} INFO - [2026-07-26T05:02:48.563+0000] {dag.py:3239} INFO - Sync 1 DAGs
[2026-07-26T05:02:48.594+0000] {logging_mixin.py:190} INFO - [2026-07-26T05:02:48.593+0000] {dag.py:4180} INFO - Setting next_dagrun for dbt_docs_generate_and_publish to 2026-07-25 02:00:00+00:00, run_after=2026-07-26 02:00:00+00:00
[2026-07-26T05:02:48.620+0000] {processor.py:208} INFO - Processing /opt/airflow/dags/dbt_docs_pipeline.py took 0.141 seconds
[2026-07-26T05:03:18.801+0000] {processor.py:186} INFO - Started process (PID=3184) to work on /opt/airflow/dags/dbt_docs_pipeline.py
[2026-07-26T05:03:18.802+0000] {processor.py:914} INFO - Processing file /opt/airflow/dags/dbt_docs_pipeline.py for tasks to queue
[2026-07-26T05:03:18.805+0000] {logging_mixin.py:190} INFO - [2026-07-26T05:03:18.804+0000] {dagbag.py:588} INFO - Filling up the DagBag from /opt/airflow/dags/dbt_docs_pipeline.py
[2026-07-26T05:03:18.833+0000] {processor.py:925} INFO - DAG(s) 'dbt_docs_generate_and_publish' retrieved from /opt/airflow/dags/dbt_docs_pipeline.py
[2026-07-26T05:03:18.863+0000] {logging_mixin.py:190} INFO - [2026-07-26T05:03:18.863+0000] {dag.py:3239} INFO - Sync 1 DAGs
[2026-07-26T05:03:18.891+0000] {logging_mixin.py:190} INFO - [2026-07-26T05:03:18.890+0000] {dag.py:4180} INFO - Setting next_dagrun for dbt_docs_generate_and_publish to 2026-07-25 02:00:00+00:00, run_after=2026-07-26 02:00:00+00:00
[2026-07-26T05:03:18.916+0000] {processor.py:208} INFO - Processing /opt/airflow/dags/dbt_docs_pipeline.py took 0.121 seconds
[2026-07-26T05:03:49.161+0000] {processor.py:186} INFO - Started process (PID=3277) to work on /opt/airflow/dags/dbt_docs_pipeline.py
[2026-07-26T05:03:49.162+0000] {processor.py:914} INFO - Processing file /opt/airflow/dags/dbt_docs_pipeline.py for tasks to queue
[2026-07-26T05:03:49.165+0000] {logging_mixin.py:190} INFO - [2026-07-26T05:03:49.165+0000] {dagbag.py:588} INFO - Filling up the DagBag from /opt/airflow/dags/dbt_docs_pipeline.py
[2026-07-26T05:03:49.194+0000] {processor.py:925} INFO - DAG(s) 'dbt_docs_generate_and_publish' retrieved from /opt/airflow/dags/dbt_docs_pipeline.py
[2026-07-26T05:03:49.217+0000] {logging_mixin.py:190} INFO - [2026-07-26T05:03:49.217+0000] {dag.py:3239} INFO - Sync 1 DAGs
[2026-07-26T05:03:49.239+0000] {logging_mixin.py:190} INFO - [2026-07-26T05:03:49.239+0000] {dag.py:4180} INFO - Setting next_dagrun for dbt_docs_generate_and_publish to 2026-07-25 02:00:00+00:00, run_after=2026-07-26 02:00:00+00:00
[2026-07-26T05:03:49.261+0000] {processor.py:208} INFO - Processing /opt/airflow/dags/dbt_docs_pipeline.py took 0.107 seconds
[2026-07-26T05:04:20.195+0000] {processor.py:186} INFO - Started process (PID=3370) to work on /opt/airflow/dags/dbt_docs_pipeline.py
[2026-07-26T05:04:20.196+0000] {processor.py:914} INFO - Processing file /opt/airflow/dags/dbt_docs_pipeline.py for tasks to queue
[2026-07-26T05:04:20.198+0000] {logging_mixin.py:190} INFO - [2026-07-26T05:04:20.198+0000] {dagbag.py:588} INFO - Filling up the DagBag from /opt/airflow/dags/dbt_docs_pipeline.py
[2026-07-26T05:04:20.224+0000] {processor.py:925} INFO - DAG(s) 'dbt_docs_generate_and_publish' retrieved from /opt/airflow/dags/dbt_docs_pipeline.py
[2026-07-26T05:04:20.247+0000] {logging_mixin.py:190} INFO - [2026-07-26T05:04:20.247+0000] {dag.py:3239} INFO - Sync 1 DAGs
[2026-07-26T05:04:20.269+0000] {logging_mixin.py:190} INFO - [2026-07-26T05:04:20.269+0000] {dag.py:4180} INFO - Setting next_dagrun for dbt_docs_generate_and_publish to 2026-07-25 02:00:00+00:00, run_after=2026-07-26 02:00:00+00:00
[2026-07-26T05:04:20.289+0000] {processor.py:208} INFO - Processing /opt/airflow/dags/dbt_docs_pipeline.py took 0.103 seconds
[2026-07-26T05:04:50.361+0000] {processor.py:186} INFO - Started process (PID=3460) to work on /opt/airflow/dags/dbt_docs_pipeline.py
[2026-07-26T05:04:50.363+0000] {processor.py:914} INFO - Processing file /opt/airflow/dags/dbt_docs_pipeline.py for tasks to queue
[2026-07-26T05:04:50.366+0000] {logging_mixin.py:190} INFO - [2026-07-26T05:04:50.365+0000] {dagbag.py:588} INFO - Filling up the DagBag from /opt/airflow/dags/dbt_docs_pipeline.py
[2026-07-26T05:04:50.392+0000] {processor.py:925} INFO - DAG(s) 'dbt_docs_generate_and_publish' retrieved from /opt/airflow/dags/dbt_docs_pipeline.py
[2026-07-26T05:04:50.415+0000] {logging_mixin.py:190} INFO - [2026-07-26T05:04:50.415+0000] {dag.py:3239} INFO - Sync 1 DAGs
[2026-07-26T05:04:50.438+0000] {logging_mixin.py:190} INFO - [2026-07-26T05:04:50.437+0000] {dag.py:4180} INFO - Setting next_dagrun for dbt_docs_generate_and_publish to 2026-07-25 02:00:00+00:00, run_after=2026-07-26 02:00:00+00:00
[2026-07-26T05:04:50.461+0000] {processor.py:208} INFO - Processing /opt/airflow/dags/dbt_docs_pipeline.py took 0.107 seconds
[2026-07-26T05:05:20.974+0000] {processor.py:186} INFO - Started process (PID=3551) to work on /opt/airflow/dags/dbt_docs_pipeline.py
[2026-07-26T05:05:20.975+0000] {processor.py:914} INFO - Processing file /opt/airflow/dags/dbt_docs_pipeline.py for tasks to queue
[2026-07-26T05:05:20.977+0000] {logging_mixin.py:190} INFO - [2026-07-26T05:05:20.977+0000] {dagbag.py:588} INFO - Filling up the DagBag from /opt/airflow/dags/dbt_docs_pipeline.py
[2026-07-26T05:05:21.006+0000] {processor.py:925} INFO - DAG(s) 'dbt_docs_generate_and_publish' retrieved from /opt/airflow/dags/dbt_docs_pipeline.py
[2026-07-26T05:05:21.034+0000] {logging_mixin.py:190} INFO - [2026-07-26T05:05:21.034+0000] {dag.py:3239} INFO - Sync 1 DAGs
[2026-07-26T05:05:21.060+0000] {logging_mixin.py:190} INFO - [2026-07-26T05:05:21.060+0000] {dag.py:4180} INFO - Setting next_dagrun for dbt_docs_generate_and_publish to 2026-07-25 02:00:00+00:00, run_after=2026-07-26 02:00:00+00:00
[2026-07-26T05:05:21.081+0000] {processor.py:208} INFO - Processing /opt/airflow/dags/dbt_docs_pipeline.py took 0.111 seconds
[2026-07-26T05:05:51.386+0000] {processor.py:186} INFO - Started process (PID=3644) to work on /opt/airflow/dags/dbt_docs_pipeline.py
[2026-07-26T05:05:51.386+0000] {processor.py:914} INFO - Processing file /opt/airflow/dags/dbt_docs_pipeline.py for tasks to queue
[2026-07-26T05:05:51.389+0000] {logging_mixin.py:190} INFO - [2026-07-26T05:05:51.389+0000] {dagbag.py:588} INFO - Filling up the DagBag from /opt/airflow/dags/dbt_docs_pipeline.py
[2026-07-26T05:05:51.416+0000] {processor.py:925} INFO - DAG(s) 'dbt_docs_generate_and_publish' retrieved from /opt/airflow/dags/dbt_docs_pipeline.py
[2026-07-26T05:05:51.441+0000] {logging_mixin.py:190} INFO - [2026-07-26T05:05:51.441+0000] {dag.py:3239} INFO - Sync 1 DAGs
[2026-07-26T05:05:51.467+0000] {logging_mixin.py:190} INFO - [2026-07-26T05:05:51.467+0000] {dag.py:4180} INFO - Setting next_dagrun for dbt_docs_generate_and_publish to 2026-07-25 02:00:00+00:00, run_after=2026-07-26 02:00:00+00:00
[2026-07-26T05:05:51.489+0000] {processor.py:208} INFO - Processing /opt/airflow/dags/dbt_docs_pipeline.py took 0.109 seconds
[2026-07-26T05:06:21.767+0000] {processor.py:186} INFO - Started process (PID=3737) to work on /opt/airflow/dags/dbt_docs_pipeline.py
[2026-07-26T05:06:21.768+0000] {processor.py:914} INFO - Processing file /opt/airflow/dags/dbt_docs_pipeline.py for tasks to queue
[2026-07-26T05:06:21.770+0000] {logging_mixin.py:190} INFO - [2026-07-26T05:06:21.770+0000] {dagbag.py:588} INFO - Filling up the DagBag from /opt/airflow/dags/dbt_docs_pipeline.py
[2026-07-26T05:06:21.798+0000] {processor.py:925} INFO - DAG(s) 'dbt_docs_generate_and_publish' retrieved from /opt/airflow/dags/dbt_docs_pipeline.py
[2026-07-26T05:06:21.821+0000] {logging_mixin.py:190} INFO - [2026-07-26T05:06:21.821+0000] {dag.py:3239} INFO - Sync 1 DAGs
[2026-07-26T05:06:21.844+0000] {logging_mixin.py:190} INFO - [2026-07-26T05:06:21.843+0000] {dag.py:4180} INFO - Setting next_dagrun for dbt_docs_generate_and_publish to 2026-07-25 02:00:00+00:00, run_after=2026-07-26 02:00:00+00:00
[2026-07-26T05:06:21.864+0000] {processor.py:208} INFO - Processing /opt/airflow/dags/dbt_docs_pipeline.py took 0.103 seconds
[2026-07-26T05:06:52.210+0000] {processor.py:186} INFO - Started process (PID=3825) to work on /opt/airflow/dags/dbt_docs_pipeline.py
[2026-07-26T05:06:52.211+0000] {processor.py:914} INFO - Processing file /opt/airflow/dags/dbt_docs_pipeline.py for tasks to queue
[2026-07-26T05:06:52.214+0000] {logging_mixin.py:190} INFO - [2026-07-26T05:06:52.214+0000] {dagbag.py:588} INFO - Filling up the DagBag from /opt/airflow/dags/dbt_docs_pipeline.py
[2026-07-26T05:06:52.243+0000] {processor.py:925} INFO - DAG(s) 'dbt_docs_generate_and_publish' retrieved from /opt/airflow/dags/dbt_docs_pipeline.py
[2026-07-26T05:06:52.276+0000] {logging_mixin.py:190} INFO - [2026-07-26T05:06:52.275+0000] {dag.py:3239} INFO - Sync 1 DAGs
[2026-07-26T05:06:52.311+0000] {logging_mixin.py:190} INFO - [2026-07-26T05:06:52.310+0000] {dag.py:4180} INFO - Setting next_dagrun for dbt_docs_generate_and_publish to 2026-07-25 02:00:00+00:00, run_after=2026-07-26 02:00:00+00:00
[2026-07-26T05:06:52.341+0000] {processor.py:208} INFO - Processing /opt/airflow/dags/dbt_docs_pipeline.py took 0.138 seconds
[2026-07-26T05:07:22.521+0000] {processor.py:186} INFO - Started process (PID=3918) to work on /opt/airflow/dags/dbt_docs_pipeline.py
[2026-07-26T05:07:22.522+0000] {processor.py:914} INFO - Processing file /opt/airflow/dags/dbt_docs_pipeline.py for tasks to queue
[2026-07-26T05:07:22.525+0000] {logging_mixin.py:190} INFO - [2026-07-26T05:07:22.524+0000] {dagbag.py:588} INFO - Filling up the DagBag from /opt/airflow/dags/dbt_docs_pipeline.py
[2026-07-26T05:07:22.554+0000] {processor.py:925} INFO - DAG(s) 'dbt_docs_generate_and_publish' retrieved from /opt/airflow/dags/dbt_docs_pipeline.py
[2026-07-26T05:07:22.587+0000] {logging_mixin.py:190} INFO - [2026-07-26T05:07:22.587+0000] {dag.py:3239} INFO - Sync 1 DAGs
[2026-07-26T05:07:22.613+0000] {logging_mixin.py:190} INFO - [2026-07-26T05:07:22.613+0000] {dag.py:4180} INFO - Setting next_dagrun for dbt_docs_generate_and_publish to 2026-07-25 02:00:00+00:00, run_after=2026-07-26 02:00:00+00:00
[2026-07-26T05:07:22.637+0000] {processor.py:208} INFO - Processing /opt/airflow/dags/dbt_docs_pipeline.py took 0.123 seconds
[2026-07-26T05:07:52.986+0000] {processor.py:186} INFO - Started process (PID=4011) to work on /opt/airflow/dags/dbt_docs_pipeline.py
[2026-07-26T05:07:52.987+0000] {processor.py:914} INFO - Processing file /opt/airflow/dags/dbt_docs_pipeline.py for tasks to queue
[2026-07-26T05:07:52.990+0000] {logging_mixin.py:190} INFO - [2026-07-26T05:07:52.989+0000] {dagbag.py:588} INFO - Filling up the DagBag from /opt/airflow/dags/dbt_docs_pipeline.py
[2026-07-26T05:07:53.017+0000] {processor.py:925} INFO - DAG(s) 'dbt_docs_generate_and_publish' retrieved from /opt/airflow/dags/dbt_docs_pipeline.py
[2026-07-26T05:07:53.040+0000] {logging_mixin.py:190} INFO - [2026-07-26T05:07:53.040+0000] {dag.py:3239} INFO - Sync 1 DAGs
[2026-07-26T05:07:53.062+0000] {logging_mixin.py:190} INFO - [2026-07-26T05:07:53.062+0000] {dag.py:4180} INFO - Setting next_dagrun for dbt_docs_generate_and_publish to 2026-07-25 02:00:00+00:00, run_after=2026-07-26 02:00:00+00:00
[2026-07-26T05:07:53.082+0000] {processor.py:208} INFO - Processing /opt/airflow/dags/dbt_docs_pipeline.py took 0.101 seconds
[2026-07-26T05:08:23.474+0000] {processor.py:186} INFO - Started process (PID=4099) to work on /opt/airflow/dags/dbt_docs_pipeline.py
[2026-07-26T05:08:23.475+0000] {processor.py:914} INFO - Processing file /opt/airflow/dags/dbt_docs_pipeline.py for tasks to queue
[2026-07-26T05:08:23.477+0000] {logging_mixin.py:190} INFO - [2026-07-26T05:08:23.477+0000] {dagbag.py:588} INFO - Filling up the DagBag from /opt/airflow/dags/dbt_docs_pipeline.py
[2026-07-26T05:08:23.504+0000] {processor.py:925} INFO - DAG(s) 'dbt_docs_generate_and_publish' retrieved from /opt/airflow/dags/dbt_docs_pipeline.py
[2026-07-26T05:08:23.535+0000] {logging_mixin.py:190} INFO - [2026-07-26T05:08:23.535+0000] {dag.py:3239} INFO - Sync 1 DAGs
[2026-07-26T05:08:23.561+0000] {logging_mixin.py:190} INFO - [2026-07-26T05:08:23.561+0000] {dag.py:4180} INFO - Setting next_dagrun for dbt_docs_generate_and_publish to 2026-07-25 02:00:00+00:00, run_after=2026-07-26 02:00:00+00:00
[2026-07-26T05:08:23.582+0000] {processor.py:208} INFO - Processing /opt/airflow/dags/dbt_docs_pipeline.py took 0.113 seconds
[2026-07-26T05:08:53.894+0000] {processor.py:186} INFO - Started process (PID=4192) to work on /opt/airflow/dags/dbt_docs_pipeline.py
[2026-07-26T05:08:53.895+0000] {processor.py:914} INFO - Processing file /opt/airflow/dags/dbt_docs_pipeline.py for tasks to queue
[2026-07-26T05:08:53.897+0000] {logging_mixin.py:190} INFO - [2026-07-26T05:08:53.897+0000] {dagbag.py:588} INFO - Filling up the DagBag from /opt/airflow/dags/dbt_docs_pipeline.py
[2026-07-26T05:08:53.933+0000] {processor.py:925} INFO - DAG(s) 'dbt_docs_generate_and_publish' retrieved from /opt/airflow/dags/dbt_docs_pipeline.py
[2026-07-26T05:08:53.963+0000] {logging_mixin.py:190} INFO - [2026-07-26T05:08:53.962+0000] {dag.py:3239} INFO - Sync 1 DAGs
[2026-07-26T05:08:53.990+0000] {logging_mixin.py:190} INFO - [2026-07-26T05:08:53.989+0000] {dag.py:4180} INFO - Setting next_dagrun for dbt_docs_generate_and_publish to 2026-07-25 02:00:00+00:00, run_after=2026-07-26 02:00:00+00:00
[2026-07-26T05:08:54.021+0000] {processor.py:208} INFO - Processing /opt/airflow/dags/dbt_docs_pipeline.py took 0.135 seconds
[2026-07-26T05:09:24.778+0000] {processor.py:186} INFO - Started process (PID=4285) to work on /opt/airflow/dags/dbt_docs_pipeline.py
[2026-07-26T05:09:24.779+0000] {processor.py:914} INFO - Processing file /opt/airflow/dags/dbt_docs_pipeline.py for tasks to queue
[2026-07-26T05:09:24.782+0000] {logging_mixin.py:190} INFO - [2026-07-26T05:09:24.782+0000] {dagbag.py:588} INFO - Filling up the DagBag from /opt/airflow/dags/dbt_docs_pipeline.py
[2026-07-26T05:09:24.808+0000] {processor.py:925} INFO - DAG(s) 'dbt_docs_generate_and_publish' retrieved from /opt/airflow/dags/dbt_docs_pipeline.py
[2026-07-26T05:09:24.836+0000] {logging_mixin.py:190} INFO - [2026-07-26T05:09:24.836+0000] {dag.py:3239} INFO - Sync 1 DAGs
[2026-07-26T05:09:24.862+0000] {logging_mixin.py:190} INFO - [2026-07-26T05:09:24.862+0000] {dag.py:4180} INFO - Setting next_dagrun for dbt_docs_generate_and_publish to 2026-07-25 02:00:00+00:00, run_after=2026-07-26 02:00:00+00:00
[2026-07-26T05:09:24.884+0000] {processor.py:208} INFO - Processing /opt/airflow/dags/dbt_docs_pipeline.py took 0.114 seconds
[2026-07-26T05:09:55.716+0000] {processor.py:186} INFO - Started process (PID=4378) to work on /opt/airflow/dags/dbt_docs_pipeline.py
[2026-07-26T05:09:55.717+0000] {processor.py:914} INFO - Processing file /opt/airflow/dags/dbt_docs_pipeline.py for tasks to queue
[2026-07-26T05:09:55.719+0000] {logging_mixin.py:190} INFO - [2026-07-26T05:09:55.719+0000] {dagbag.py:588} INFO - Filling up the DagBag from /opt/airflow/dags/dbt_docs_pipeline.py
[2026-07-26T05:09:55.751+0000] {processor.py:925} INFO - DAG(s) 'dbt_docs_generate_and_publish' retrieved from /opt/airflow/dags/dbt_docs_pipeline.py
[2026-07-26T05:09:55.777+0000] {logging_mixin.py:190} INFO - [2026-07-26T05:09:55.777+0000] {dag.py:3239} INFO - Sync 1 DAGs
[2026-07-26T05:09:55.806+0000] {logging_mixin.py:190} INFO - [2026-07-26T05:09:55.806+0000] {dag.py:4180} INFO - Setting next_dagrun for dbt_docs_generate_and_publish to 2026-07-25 02:00:00+00:00, run_after=2026-07-26 02:00:00+00:00
[2026-07-26T05:09:55.831+0000] {processor.py:208} INFO - Processing /opt/airflow/dags/dbt_docs_pipeline.py took 0.122 seconds
[2026-07-26T05:10:26.249+0000] {processor.py:186} INFO - Started process (PID=4466) to work on /opt/airflow/dags/dbt_docs_pipeline.py
[2026-07-26T05:10:26.250+0000] {processor.py:914} INFO - Processing file /opt/airflow/dags/dbt_docs_pipeline.py for tasks to queue
[2026-07-26T05:10:26.252+0000] {logging_mixin.py:190} INFO - [2026-07-26T05:10:26.252+0000] {dagbag.py:588} INFO - Filling up the DagBag from /opt/airflow/dags/dbt_docs_pipeline.py
[2026-07-26T05:10:26.283+0000] {processor.py:925} INFO - DAG(s) 'dbt_docs_generate_and_publish' retrieved from /opt/airflow/dags/dbt_docs_pipeline.py
[2026-07-26T05:10:26.313+0000] {logging_mixin.py:190} INFO - [2026-07-26T05:10:26.312+0000] {dag.py:3239} INFO - Sync 1 DAGs
[2026-07-26T05:10:26.337+0000] {logging_mixin.py:190} INFO - [2026-07-26T05:10:26.337+0000] {dag.py:4180} INFO - Setting next_dagrun for dbt_docs_generate_and_publish to 2026-07-25 02:00:00+00:00, run_after=2026-07-26 02:00:00+00:00
[2026-07-26T05:10:26.361+0000] {processor.py:208} INFO - Processing /opt/airflow/dags/dbt_docs_pipeline.py took 0.118 seconds
[2026-07-26T05:10:57.115+0000] {processor.py:186} INFO - Started process (PID=4559) to work on /opt/airflow/dags/dbt_docs_pipeline.py
[2026-07-26T05:10:57.117+0000] {processor.py:914} INFO - Processing file /opt/airflow/dags/dbt_docs_pipeline.py for tasks to queue
[2026-07-26T05:10:57.120+0000] {logging_mixin.py:190} INFO - [2026-07-26T05:10:57.119+0000] {dagbag.py:588} INFO - Filling up the DagBag from /opt/airflow/dags/dbt_docs_pipeline.py
[2026-07-26T05:10:57.155+0000] {processor.py:925} INFO - DAG(s) 'dbt_docs_generate_and_publish' retrieved from /opt/airflow/dags/dbt_docs_pipeline.py
[2026-07-26T05:10:57.193+0000] {logging_mixin.py:190} INFO - [2026-07-26T05:10:57.192+0000] {dag.py:3239} INFO - Sync 1 DAGs
[2026-07-26T05:10:57.223+0000] {logging_mixin.py:190} INFO - [2026-07-26T05:10:57.223+0000] {dag.py:4180} INFO - Setting next_dagrun for dbt_docs_generate_and_publish to 2026-07-25 02:00:00+00:00, run_after=2026-07-26 02:00:00+00:00
[2026-07-26T05:10:57.252+0000] {processor.py:208} INFO - Processing /opt/airflow/dags/dbt_docs_pipeline.py took 0.146 seconds
[2026-07-26T05:11:28.460+0000] {processor.py:186} INFO - Started process (PID=4652) to work on /opt/airflow/dags/dbt_docs_pipeline.py
[2026-07-26T05:11:28.461+0000] {processor.py:914} INFO - Processing file /opt/airflow/dags/dbt_docs_pipeline.py for tasks to queue
[2026-07-26T05:11:28.463+0000] {logging_mixin.py:190} INFO - [2026-07-26T05:11:28.462+0000] {dagbag.py:588} INFO - Filling up the DagBag from /opt/airflow/dags/dbt_docs_pipeline.py
[2026-07-26T05:11:28.487+0000] {processor.py:925} INFO - DAG(s) 'dbt_docs_generate_and_publish' retrieved from /opt/airflow/dags/dbt_docs_pipeline.py
[2026-07-26T05:11:28.512+0000] {logging_mixin.py:190} INFO - [2026-07-26T05:11:28.511+0000] {dag.py:3239} INFO - Sync 1 DAGs
[2026-07-26T05:11:28.682+0000] {logging_mixin.py:190} INFO - [2026-07-26T05:11:28.682+0000] {dag.py:4180} INFO - Setting next_dagrun for dbt_docs_generate_and_publish to 2026-07-25 02:00:00+00:00, run_after=2026-07-26 02:00:00+00:00
[2026-07-26T05:11:28.701+0000] {processor.py:208} INFO - Processing /opt/airflow/dags/dbt_docs_pipeline.py took 0.247 seconds
[2026-07-26T05:11:58.961+0000] {processor.py:186} INFO - Started process (PID=4742) to work on /opt/airflow/dags/dbt_docs_pipeline.py
[2026-07-26T05:11:58.962+0000] {processor.py:914} INFO - Processing file /opt/airflow/dags/dbt_docs_pipeline.py for tasks to queue
[2026-07-26T05:11:58.964+0000] {logging_mixin.py:190} INFO - [2026-07-26T05:11:58.964+0000] {dagbag.py:588} INFO - Filling up the DagBag from /opt/airflow/dags/dbt_docs_pipeline.py
[2026-07-26T05:11:58.989+0000] {processor.py:925} INFO - DAG(s) 'dbt_docs_generate_and_publish' retrieved from /opt/airflow/dags/dbt_docs_pipeline.py
[2026-07-26T05:11:59.015+0000] {logging_mixin.py:190} INFO - [2026-07-26T05:11:59.015+0000] {dag.py:3239} INFO - Sync 1 DAGs
[2026-07-26T05:11:59.149+0000] {logging_mixin.py:190} INFO - [2026-07-26T05:11:59.149+0000] {dag.py:4180} INFO - Setting next_dagrun for dbt_docs_generate_and_publish to 2026-07-25 02:00:00+00:00, run_after=2026-07-26 02:00:00+00:00
[2026-07-26T05:11:59.165+0000] {processor.py:208} INFO - Processing /opt/airflow/dags/dbt_docs_pipeline.py took 0.210 seconds
[2026-07-26T05:12:29.233+0000] {processor.py:186} INFO - Started process (PID=4833) to work on /opt/airflow/dags/dbt_docs_pipeline.py
[2026-07-26T05:12:29.234+0000] {processor.py:914} INFO - Processing file /opt/airflow/dags/dbt_docs_pipeline.py for tasks to queue
[2026-07-26T05:12:29.236+0000] {logging_mixin.py:190} INFO - [2026-07-26T05:12:29.236+0000] {dagbag.py:588} INFO - Filling up the DagBag from /opt/airflow/dags/dbt_docs_pipeline.py
[2026-07-26T05:12:29.395+0000] {processor.py:925} INFO - DAG(s) 'dbt_docs_generate_and_publish' retrieved from /opt/airflow/dags/dbt_docs_pipeline.py
[2026-07-26T05:12:29.417+0000] {logging_mixin.py:190} INFO - [2026-07-26T05:12:29.416+0000] {dag.py:3239} INFO - Sync 1 DAGs
[2026-07-26T05:12:29.436+0000] {logging_mixin.py:190} INFO - [2026-07-26T05:12:29.436+0000] {dag.py:4180} INFO - Setting next_dagrun for dbt_docs_generate_and_publish to 2026-07-25 02:00:00+00:00, run_after=2026-07-26 02:00:00+00:00
[2026-07-26T05:12:29.456+0000] {processor.py:208} INFO - Processing /opt/airflow/dags/dbt_docs_pipeline.py took 0.229 seconds
[2026-07-26T05:12:59.976+0000] {processor.py:186} INFO - Started process (PID=4926) to work on /opt/airflow/dags/dbt_docs_pipeline.py
[2026-07-26T05:12:59.977+0000] {processor.py:914} INFO - Processing file /opt/airflow/dags/dbt_docs_pipeline.py for tasks to queue
[2026-07-26T05:12:59.979+0000] {logging_mixin.py:190} INFO - [2026-07-26T05:12:59.979+0000] {dagbag.py:588} INFO - Filling up the DagBag from /opt/airflow/dags/dbt_docs_pipeline.py
[2026-07-26T05:13:00.007+0000] {processor.py:925} INFO - DAG(s) 'dbt_docs_generate_and_publish' retrieved from /opt/airflow/dags/dbt_docs_pipeline.py
[2026-07-26T05:13:00.033+0000] {logging_mixin.py:190} INFO - [2026-07-26T05:13:00.033+0000] {dag.py:3239} INFO - Sync 1 DAGs
[2026-07-26T05:13:00.057+0000] {logging_mixin.py:190} INFO - [2026-07-26T05:13:00.056+0000] {dag.py:4180} INFO - Setting next_dagrun for dbt_docs_generate_and_publish to 2026-07-25 02:00:00+00:00, run_after=2026-07-26 02:00:00+00:00
[2026-07-26T05:13:00.076+0000] {processor.py:208} INFO - Processing /opt/airflow/dags/dbt_docs_pipeline.py took 0.106 seconds
[2026-07-26T05:13:30.743+0000] {processor.py:186} INFO - Started process (PID=5019) to work on /opt/airflow/dags/dbt_docs_pipeline.py
[2026-07-26T05:13:30.744+0000] {processor.py:914} INFO - Processing file /opt/airflow/dags/dbt_docs_pipeline.py for tasks to queue
[2026-07-26T05:13:30.746+0000] {logging_mixin.py:190} INFO - [2026-07-26T05:13:30.746+0000] {dagbag.py:588} INFO - Filling up the DagBag from /opt/airflow/dags/dbt_docs_pipeline.py
[2026-07-26T05:13:30.776+0000] {processor.py:925} INFO - DAG(s) 'dbt_docs_generate_and_publish' retrieved from /opt/airflow/dags/dbt_docs_pipeline.py
[2026-07-26T05:13:30.798+0000] {logging_mixin.py:190} INFO - [2026-07-26T05:13:30.798+0000] {dag.py:3239} INFO - Sync 1 DAGs
[2026-07-26T05:13:30.822+0000] {logging_mixin.py:190} INFO - [2026-07-26T05:13:30.822+0000] {dag.py:4180} INFO - Setting next_dagrun for dbt_docs_generate_and_publish to 2026-07-25 02:00:00+00:00, run_after=2026-07-26 02:00:00+00:00
[2026-07-26T05:13:30.840+0000] {processor.py:208} INFO - Processing /opt/airflow/dags/dbt_docs_pipeline.py took 0.105 seconds
[2026-07-26T05:14:01.244+0000] {processor.py:186} INFO - Started process (PID=5107) to work on /opt/airflow/dags/dbt_docs_pipeline.py
[2026-07-26T05:14:01.245+0000] {processor.py:914} INFO - Processing file /opt/airflow/dags/dbt_docs_pipeline.py for tasks to queue
[2026-07-26T05:14:01.248+0000] {logging_mixin.py:190} INFO - [2026-07-26T05:14:01.247+0000] {dagbag.py:588} INFO - Filling up the DagBag from /opt/airflow/dags/dbt_docs_pipeline.py
[2026-07-26T05:14:01.278+0000] {processor.py:925} INFO - DAG(s) 'dbt_docs_generate_and_publish' retrieved from /opt/airflow/dags/dbt_docs_pipeline.py
[2026-07-26T05:14:01.303+0000] {logging_mixin.py:190} INFO - [2026-07-26T05:14:01.303+0000] {dag.py:3239} INFO - Sync 1 DAGs
[2026-07-26T05:14:01.326+0000] {logging_mixin.py:190} INFO - [2026-07-26T05:14:01.326+0000] {dag.py:4180} INFO - Setting next_dagrun for dbt_docs_generate_and_publish to 2026-07-25 02:00:00+00:00, run_after=2026-07-26 02:00:00+00:00
[2026-07-26T05:14:01.345+0000] {processor.py:208} INFO - Processing /opt/airflow/dags/dbt_docs_pipeline.py took 0.107 seconds
[2026-07-26T05:14:31.878+0000] {processor.py:186} INFO - Started process (PID=5200) to work on /opt/airflow/dags/dbt_docs_pipeline.py
[2026-07-26T05:14:31.879+0000] {processor.py:914} INFO - Processing file /opt/airflow/dags/dbt_docs_pipeline.py for tasks to queue
[2026-07-26T05:14:31.882+0000] {logging_mixin.py:190} INFO - [2026-07-26T05:14:31.882+0000] {dagbag.py:588} INFO - Filling up the DagBag from /opt/airflow/dags/dbt_docs_pipeline.py
[2026-07-26T05:14:31.913+0000] {processor.py:925} INFO - DAG(s) 'dbt_docs_generate_and_publish' retrieved from /opt/airflow/dags/dbt_docs_pipeline.py
[2026-07-26T05:14:31.946+0000] {logging_mixin.py:190} INFO - [2026-07-26T05:14:31.945+0000] {dag.py:3239} INFO - Sync 1 DAGs
[2026-07-26T05:14:31.970+0000] {logging_mixin.py:190} INFO - [2026-07-26T05:14:31.970+0000] {dag.py:4180} INFO - Setting next_dagrun for dbt_docs_generate_and_publish to 2026-07-25 02:00:00+00:00, run_after=2026-07-26 02:00:00+00:00
[2026-07-26T05:14:31.989+0000] {processor.py:208} INFO - Processing /opt/airflow/dags/dbt_docs_pipeline.py took 0.116 seconds
[2026-07-26T05:15:02.586+0000] {processor.py:186} INFO - Started process (PID=5293) to work on /opt/airflow/dags/dbt_docs_pipeline.py
[2026-07-26T05:15:02.587+0000] {processor.py:914} INFO - Processing file /opt/airflow/dags/dbt_docs_pipeline.py for tasks to queue
[2026-07-26T05:15:02.589+0000] {logging_mixin.py:190} INFO - [2026-07-26T05:15:02.588+0000] {dagbag.py:588} INFO - Filling up the DagBag from /opt/airflow/dags/dbt_docs_pipeline.py
[2026-07-26T05:15:02.613+0000] {processor.py:925} INFO - DAG(s) 'dbt_docs_generate_and_publish' retrieved from /opt/airflow/dags/dbt_docs_pipeline.py
[2026-07-26T05:15:02.635+0000] {logging_mixin.py:190} INFO - [2026-07-26T05:15:02.635+0000] {dag.py:3239} INFO - Sync 1 DAGs
[2026-07-26T05:15:02.655+0000] {logging_mixin.py:190} INFO - [2026-07-26T05:15:02.655+0000] {dag.py:4180} INFO - Setting next_dagrun for dbt_docs_generate_and_publish to 2026-07-25 02:00:00+00:00, run_after=2026-07-26 02:00:00+00:00
[2026-07-26T05:15:02.674+0000] {processor.py:208} INFO - Processing /opt/airflow/dags/dbt_docs_pipeline.py took 0.093 seconds
[2026-07-26T05:15:32.997+0000] {processor.py:186} INFO - Started process (PID=5383) to work on /opt/airflow/dags/dbt_docs_pipeline.py
[2026-07-26T05:15:32.998+0000] {processor.py:914} INFO - Processing file /opt/airflow/dags/dbt_docs_pipeline.py for tasks to queue
[2026-07-26T05:15:33.001+0000] {logging_mixin.py:190} INFO - [2026-07-26T05:15:33.000+0000] {dagbag.py:588} INFO - Filling up the DagBag from /opt/airflow/dags/dbt_docs_pipeline.py
[2026-07-26T05:15:33.025+0000] {processor.py:925} INFO - DAG(s) 'dbt_docs_generate_and_publish' retrieved from /opt/airflow/dags/dbt_docs_pipeline.py
[2026-07-26T05:15:33.051+0000] {logging_mixin.py:190} INFO - [2026-07-26T05:15:33.051+0000] {dag.py:3239} INFO - Sync 1 DAGs
[2026-07-26T05:15:33.072+0000] {logging_mixin.py:190} INFO - [2026-07-26T05:15:33.072+0000] {dag.py:4180} INFO - Setting next_dagrun for dbt_docs_generate_and_publish to 2026-07-25 02:00:00+00:00, run_after=2026-07-26 02:00:00+00:00
[2026-07-26T05:15:33.090+0000] {processor.py:208} INFO - Processing /opt/airflow/dags/dbt_docs_pipeline.py took 0.099 seconds
[2026-07-26T05:16:03.162+0000] {processor.py:186} INFO - Started process (PID=5463) to work on /opt/airflow/dags/dbt_docs_pipeline.py
[2026-07-26T05:16:03.163+0000] {processor.py:914} INFO - Processing file /opt/airflow/dags/dbt_docs_pipeline.py for tasks to queue
[2026-07-26T05:16:03.165+0000] {logging_mixin.py:190} INFO - [2026-07-26T05:16:03.165+0000] {dagbag.py:588} INFO - Filling up the DagBag from /opt/airflow/dags/dbt_docs_pipeline.py
[2026-07-26T05:16:03.193+0000] {processor.py:925} INFO - DAG(s) 'dbt_docs_generate_and_publish' retrieved from /opt/airflow/dags/dbt_docs_pipeline.py
[2026-07-26T05:16:03.223+0000] {logging_mixin.py:190} INFO - [2026-07-26T05:16:03.223+0000] {dag.py:3239} INFO - Sync 1 DAGs
[2026-07-26T05:16:03.248+0000] {logging_mixin.py:190} INFO - [2026-07-26T05:16:03.248+0000] {dag.py:4180} INFO - Setting next_dagrun for dbt_docs_generate_and_publish to 2026-07-25 02:00:00+00:00, run_after=2026-07-26 02:00:00+00:00
[2026-07-26T05:16:03.269+0000] {processor.py:208} INFO - Processing /opt/airflow/dags/dbt_docs_pipeline.py took 0.113 seconds
[2026-07-26T05:16:33.397+0000] {processor.py:186} INFO - Started process (PID=5552) to work on /opt/airflow/dags/dbt_docs_pipeline.py
[2026-07-26T05:16:33.399+0000] {processor.py:914} INFO - Processing file /opt/airflow/dags/dbt_docs_pipeline.py for tasks to queue
[2026-07-26T05:16:33.401+0000] {logging_mixin.py:190} INFO - [2026-07-26T05:16:33.401+0000] {dagbag.py:588} INFO - Filling up the DagBag from /opt/airflow/dags/dbt_docs_pipeline.py
[2026-07-26T05:16:33.427+0000] {processor.py:925} INFO - DAG(s) 'dbt_docs_generate_and_publish' retrieved from /opt/airflow/dags/dbt_docs_pipeline.py
[2026-07-26T05:16:33.451+0000] {logging_mixin.py:190} INFO - [2026-07-26T05:16:33.450+0000] {dag.py:3239} INFO - Sync 1 DAGs
[2026-07-26T05:16:33.475+0000] {logging_mixin.py:190} INFO - [2026-07-26T05:16:33.474+0000] {dag.py:4180} INFO - Setting next_dagrun for dbt_docs_generate_and_publish to 2026-07-25 02:00:00+00:00, run_after=2026-07-26 02:00:00+00:00
[2026-07-26T05:16:33.497+0000] {processor.py:208} INFO - Processing /opt/airflow/dags/dbt_docs_pipeline.py took 0.105 seconds
[2026-07-26T05:17:03.767+0000] {processor.py:186} INFO - Started process (PID=5643) to work on /opt/airflow/dags/dbt_docs_pipeline.py
[2026-07-26T05:17:03.768+0000] {processor.py:914} INFO - Processing file /opt/airflow/dags/dbt_docs_pipeline.py for tasks to queue
[2026-07-26T05:17:03.771+0000] {logging_mixin.py:190} INFO - [2026-07-26T05:17:03.770+0000] {dagbag.py:588} INFO - Filling up the DagBag from /opt/airflow/dags/dbt_docs_pipeline.py
[2026-07-26T05:17:03.801+0000] {processor.py:925} INFO - DAG(s) 'dbt_docs_generate_and_publish' retrieved from /opt/airflow/dags/dbt_docs_pipeline.py
[2026-07-26T05:17:03.828+0000] {logging_mixin.py:190} INFO - [2026-07-26T05:17:03.827+0000] {dag.py:3239} INFO - Sync 1 DAGs
[2026-07-26T05:17:03.852+0000] {logging_mixin.py:190} INFO - [2026-07-26T05:17:03.852+0000] {dag.py:4180} INFO - Setting next_dagrun for dbt_docs_generate_and_publish to 2026-07-25 02:00:00+00:00, run_after=2026-07-26 02:00:00+00:00
[2026-07-26T05:17:03.871+0000] {processor.py:208} INFO - Processing /opt/airflow/dags/dbt_docs_pipeline.py took 0.111 seconds
[2026-07-26T05:17:34.585+0000] {processor.py:186} INFO - Started process (PID=5731) to work on /opt/airflow/dags/dbt_docs_pipeline.py
[2026-07-26T05:17:34.587+0000] {processor.py:914} INFO - Processing file /opt/airflow/dags/dbt_docs_pipeline.py for tasks to queue
[2026-07-26T05:17:34.590+0000] {logging_mixin.py:190} INFO - [2026-07-26T05:17:34.589+0000] {dagbag.py:588} INFO - Filling up the DagBag from /opt/airflow/dags/dbt_docs_pipeline.py
[2026-07-26T05:17:34.614+0000] {processor.py:925} INFO - DAG(s) 'dbt_docs_generate_and_publish' retrieved from /opt/airflow/dags/dbt_docs_pipeline.py
[2026-07-26T05:17:34.640+0000] {logging_mixin.py:190} INFO - [2026-07-26T05:17:34.640+0000] {dag.py:3239} INFO - Sync 1 DAGs
[2026-07-26T05:17:34.664+0000] {logging_mixin.py:190} INFO - [2026-07-26T05:17:34.664+0000] {dag.py:4180} INFO - Setting next_dagrun for dbt_docs_generate_and_publish to 2026-07-25 02:00:00+00:00, run_after=2026-07-26 02:00:00+00:00
[2026-07-26T05:17:34.684+0000] {processor.py:208} INFO - Processing /opt/airflow/dags/dbt_docs_pipeline.py took 0.107 seconds
[2026-07-26T05:18:05.530+0000] {processor.py:186} INFO - Started process (PID=5824) to work on /opt/airflow/dags/dbt_docs_pipeline.py
[2026-07-26T05:18:05.531+0000] {processor.py:914} INFO - Processing file /opt/airflow/dags/dbt_docs_pipeline.py for tasks to queue
[2026-07-26T05:18:05.533+0000] {logging_mixin.py:190} INFO - [2026-07-26T05:18:05.533+0000] {dagbag.py:588} INFO - Filling up the DagBag from /opt/airflow/dags/dbt_docs_pipeline.py
[2026-07-26T05:18:05.561+0000] {processor.py:925} INFO - DAG(s) 'dbt_docs_generate_and_publish' retrieved from /opt/airflow/dags/dbt_docs_pipeline.py
[2026-07-26T05:18:05.584+0000] {logging_mixin.py:190} INFO - [2026-07-26T05:18:05.584+0000] {dag.py:3239} INFO - Sync 1 DAGs
[2026-07-26T05:18:05.607+0000] {logging_mixin.py:190} INFO - [2026-07-26T05:18:05.607+0000] {dag.py:4180} INFO - Setting next_dagrun for dbt_docs_generate_and_publish to 2026-07-25 02:00:00+00:00, run_after=2026-07-26 02:00:00+00:00
[2026-07-26T05:18:05.629+0000] {processor.py:208} INFO - Processing /opt/airflow/dags/dbt_docs_pipeline.py took 0.105 seconds
[2026-07-26T05:18:36.070+0000] {processor.py:186} INFO - Started process (PID=5900) to work on /opt/airflow/dags/dbt_docs_pipeline.py
[2026-07-26T05:18:36.071+0000] {processor.py:914} INFO - Processing file /opt/airflow/dags/dbt_docs_pipeline.py for tasks to queue
[2026-07-26T05:18:36.073+0000] {logging_mixin.py:190} INFO - [2026-07-26T05:18:36.073+0000] {dagbag.py:588} INFO - Filling up the DagBag from /opt/airflow/dags/dbt_docs_pipeline.py
[2026-07-26T05:18:36.103+0000] {processor.py:925} INFO - DAG(s) 'dbt_docs_generate_and_publish' retrieved from /opt/airflow/dags/dbt_docs_pipeline.py
[2026-07-26T05:18:36.125+0000] {logging_mixin.py:190} INFO - [2026-07-26T05:18:36.125+0000] {dag.py:3239} INFO - Sync 1 DAGs
[2026-07-26T05:18:36.146+0000] {logging_mixin.py:190} INFO - [2026-07-26T05:18:36.146+0000] {dag.py:4180} INFO - Setting next_dagrun for dbt_docs_generate_and_publish to 2026-07-25 02:00:00+00:00, run_after=2026-07-26 02:00:00+00:00
[2026-07-26T05:18:36.165+0000] {processor.py:208} INFO - Processing /opt/airflow/dags/dbt_docs_pipeline.py took 0.101 seconds
[2026-07-26T05:19:06.726+0000] {processor.py:186} INFO - Started process (PID=5993) to work on /opt/airflow/dags/dbt_docs_pipeline.py
[2026-07-26T05:19:06.727+0000] {processor.py:914} INFO - Processing file /opt/airflow/dags/dbt_docs_pipeline.py for tasks to queue
[2026-07-26T05:19:06.729+0000] {logging_mixin.py:190} INFO - [2026-07-26T05:19:06.729+0000] {dagbag.py:588} INFO - Filling up the DagBag from /opt/airflow/dags/dbt_docs_pipeline.py
[2026-07-26T05:19:06.756+0000] {processor.py:925} INFO - DAG(s) 'dbt_docs_generate_and_publish' retrieved from /opt/airflow/dags/dbt_docs_pipeline.py
[2026-07-26T05:19:06.780+0000] {logging_mixin.py:190} INFO - [2026-07-26T05:19:06.780+0000] {dag.py:3239} INFO - Sync 1 DAGs
[2026-07-26T05:19:06.804+0000] {logging_mixin.py:190} INFO - [2026-07-26T05:19:06.804+0000] {dag.py:4180} INFO - Setting next_dagrun for dbt_docs_generate_and_publish to 2026-07-25 02:00:00+00:00, run_after=2026-07-26 02:00:00+00:00
[2026-07-26T05:19:06.824+0000] {processor.py:208} INFO - Processing /opt/airflow/dags/dbt_docs_pipeline.py took 0.103 seconds
[2026-07-26T05:19:37.062+0000] {processor.py:186} INFO - Started process (PID=6066) to work on /opt/airflow/dags/dbt_docs_pipeline.py
[2026-07-26T05:19:37.063+0000] {processor.py:914} INFO - Processing file /opt/airflow/dags/dbt_docs_pipeline.py for tasks to queue
[2026-07-26T05:19:37.066+0000] {logging_mixin.py:190} INFO - [2026-07-26T05:19:37.066+0000] {dagbag.py:588} INFO - Filling up the DagBag from /opt/airflow/dags/dbt_docs_pipeline.py
[2026-07-26T05:19:37.093+0000] {processor.py:925} INFO - DAG(s) 'dbt_docs_generate_and_publish' retrieved from /opt/airflow/dags/dbt_docs_pipeline.py
[2026-07-26T05:19:37.116+0000] {logging_mixin.py:190} INFO - [2026-07-26T05:19:37.116+0000] {dag.py:3239} INFO - Sync 1 DAGs
[2026-07-26T05:19:37.137+0000] {logging_mixin.py:190} INFO - [2026-07-26T05:19:37.137+0000] {dag.py:4180} INFO - Setting next_dagrun for dbt_docs_generate_and_publish to 2026-07-25 02:00:00+00:00, run_after=2026-07-26 02:00:00+00:00
[2026-07-26T05:19:37.162+0000] {processor.py:208} INFO - Processing /opt/airflow/dags/dbt_docs_pipeline.py took 0.105 seconds
[2026-07-26T05:20:07.673+0000] {processor.py:186} INFO - Started process (PID=6142) to work on /opt/airflow/dags/dbt_docs_pipeline.py
[2026-07-26T05:20:07.675+0000] {processor.py:914} INFO - Processing file /opt/airflow/dags/dbt_docs_pipeline.py for tasks to queue
[2026-07-26T05:20:07.677+0000] {logging_mixin.py:190} INFO - [2026-07-26T05:20:07.677+0000] {dagbag.py:588} INFO - Filling up the DagBag from /opt/airflow/dags/dbt_docs_pipeline.py
[2026-07-26T05:20:07.705+0000] {processor.py:925} INFO - DAG(s) 'dbt_docs_generate_and_publish' retrieved from /opt/airflow/dags/dbt_docs_pipeline.py
[2026-07-26T05:20:07.737+0000] {logging_mixin.py:190} INFO - [2026-07-26T05:20:07.736+0000] {dag.py:3239} INFO - Sync 1 DAGs
[2026-07-26T05:20:07.765+0000] {logging_mixin.py:190} INFO - [2026-07-26T05:20:07.764+0000] {dag.py:4180} INFO - Setting next_dagrun for dbt_docs_generate_and_publish to 2026-07-25 02:00:00+00:00, run_after=2026-07-26 02:00:00+00:00
[2026-07-26T05:20:07.789+0000] {processor.py:208} INFO - Processing /opt/airflow/dags/dbt_docs_pipeline.py took 0.121 seconds
[2026-07-26T08:23:14.123+0000] {processor.py:186} INFO - Started process (PID=172) to work on /opt/airflow/dags/dbt_docs_pipeline.py
[2026-07-26T08:23:14.126+0000] {processor.py:914} INFO - Processing file /opt/airflow/dags/dbt_docs_pipeline.py for tasks to queue
[2026-07-26T08:23:14.130+0000] {logging_mixin.py:190} INFO - [2026-07-26T08:23:14.129+0000] {dagbag.py:588} INFO - Filling up the DagBag from /opt/airflow/dags/dbt_docs_pipeline.py
[2026-07-26T08:23:14.173+0000] {processor.py:925} INFO - DAG(s) 'dbt_docs_generate_and_publish' retrieved from /opt/airflow/dags/dbt_docs_pipeline.py
[2026-07-26T08:23:14.223+0000] {logging_mixin.py:190} INFO - [2026-07-26T08:23:14.222+0000] {dag.py:3239} INFO - Sync 1 DAGs
[2026-07-26T08:23:14.262+0000] {logging_mixin.py:190} INFO - [2026-07-26T08:23:14.262+0000] {dag.py:4180} INFO - Setting next_dagrun for dbt_docs_generate_and_publish to 2026-07-25 02:00:00+00:00, run_after=2026-07-26 02:00:00+00:00
[2026-07-26T08:23:14.297+0000] {processor.py:208} INFO - Processing /opt/airflow/dags/dbt_docs_pipeline.py took 0.181 seconds
[2026-07-26T08:23:45.214+0000] {processor.py:186} INFO - Started process (PID=265) to work on /opt/airflow/dags/dbt_docs_pipeline.py
[2026-07-26T08:23:45.215+0000] {processor.py:914} INFO - Processing file /opt/airflow/dags/dbt_docs_pipeline.py for tasks to queue
[2026-07-26T08:23:45.218+0000] {logging_mixin.py:190} INFO - [2026-07-26T08:23:45.217+0000] {dagbag.py:588} INFO - Filling up the DagBag from /opt/airflow/dags/dbt_docs_pipeline.py
[2026-07-26T08:23:45.245+0000] {processor.py:925} INFO - DAG(s) 'dbt_docs_generate_and_publish' retrieved from /opt/airflow/dags/dbt_docs_pipeline.py
[2026-07-26T08:23:45.267+0000] {logging_mixin.py:190} INFO - [2026-07-26T08:23:45.267+0000] {dag.py:3239} INFO - Sync 1 DAGs
[2026-07-26T08:23:45.292+0000] {logging_mixin.py:190} INFO - [2026-07-26T08:23:45.292+0000] {dag.py:4180} INFO - Setting next_dagrun for dbt_docs_generate_and_publish to 2026-07-25 02:00:00+00:00, run_after=2026-07-26 02:00:00+00:00
[2026-07-26T08:23:45.318+0000] {processor.py:208} INFO - Processing /opt/airflow/dags/dbt_docs_pipeline.py took 0.109 seconds
[2026-07-26T08:24:15.480+0000] {processor.py:186} INFO - Started process (PID=353) to work on /opt/airflow/dags/dbt_docs_pipeline.py
[2026-07-26T08:24:15.481+0000] {processor.py:914} INFO - Processing file /opt/airflow/dags/dbt_docs_pipeline.py for tasks to queue
[2026-07-26T08:24:15.483+0000] {logging_mixin.py:190} INFO - [2026-07-26T08:24:15.483+0000] {dagbag.py:588} INFO - Filling up the DagBag from /opt/airflow/dags/dbt_docs_pipeline.py
[2026-07-26T08:24:15.514+0000] {processor.py:925} INFO - DAG(s) 'dbt_docs_generate_and_publish' retrieved from /opt/airflow/dags/dbt_docs_pipeline.py
[2026-07-26T08:24:15.540+0000] {logging_mixin.py:190} INFO - [2026-07-26T08:24:15.539+0000] {dag.py:3239} INFO - Sync 1 DAGs
[2026-07-26T08:24:15.564+0000] {logging_mixin.py:190} INFO - [2026-07-26T08:24:15.564+0000] {dag.py:4180} INFO - Setting next_dagrun for dbt_docs_generate_and_publish to 2026-07-25 02:00:00+00:00, run_after=2026-07-26 02:00:00+00:00
[2026-07-26T08:24:15.588+0000] {processor.py:208} INFO - Processing /opt/airflow/dags/dbt_docs_pipeline.py took 0.116 seconds
[2026-07-26T08:24:46.072+0000] {processor.py:186} INFO - Started process (PID=444) to work on /opt/airflow/dags/dbt_docs_pipeline.py
[2026-07-26T08:24:46.073+0000] {processor.py:914} INFO - Processing file /opt/airflow/dags/dbt_docs_pipeline.py for tasks to queue
[2026-07-26T08:24:46.075+0000] {logging_mixin.py:190} INFO - [2026-07-26T08:24:46.074+0000] {dagbag.py:588} INFO - Filling up the DagBag from /opt/airflow/dags/dbt_docs_pipeline.py
[2026-07-26T08:24:46.103+0000] {processor.py:925} INFO - DAG(s) 'dbt_docs_generate_and_publish' retrieved from /opt/airflow/dags/dbt_docs_pipeline.py
[2026-07-26T08:24:46.134+0000] {logging_mixin.py:190} INFO - [2026-07-26T08:24:46.134+0000] {dag.py:3239} INFO - Sync 1 DAGs
[2026-07-26T08:24:46.161+0000] {logging_mixin.py:190} INFO - [2026-07-26T08:24:46.160+0000] {dag.py:4180} INFO - Setting next_dagrun for dbt_docs_generate_and_publish to 2026-07-25 02:00:00+00:00, run_after=2026-07-26 02:00:00+00:00
[2026-07-26T08:24:46.182+0000] {processor.py:208} INFO - Processing /opt/airflow/dags/dbt_docs_pipeline.py took 0.117 seconds
[2026-07-26T08:25:16.491+0000] {processor.py:186} INFO - Started process (PID=534) to work on /opt/airflow/dags/dbt_docs_pipeline.py
[2026-07-26T08:25:16.492+0000] {processor.py:914} INFO - Processing file /opt/airflow/dags/dbt_docs_pipeline.py for tasks to queue
[2026-07-26T08:25:16.493+0000] {logging_mixin.py:190} INFO - [2026-07-26T08:25:16.493+0000] {dagbag.py:588} INFO - Filling up the DagBag from /opt/airflow/dags/dbt_docs_pipeline.py
[2026-07-26T08:25:16.521+0000] {processor.py:925} INFO - DAG(s) 'dbt_docs_generate_and_publish' retrieved from /opt/airflow/dags/dbt_docs_pipeline.py
[2026-07-26T08:25:16.543+0000] {logging_mixin.py:190} INFO - [2026-07-26T08:25:16.543+0000] {dag.py:3239} INFO - Sync 1 DAGs
[2026-07-26T08:25:16.567+0000] {logging_mixin.py:190} INFO - [2026-07-26T08:25:16.567+0000] {dag.py:4180} INFO - Setting next_dagrun for dbt_docs_generate_and_publish to 2026-07-25 02:00:00+00:00, run_after=2026-07-26 02:00:00+00:00
[2026-07-26T08:25:16.585+0000] {processor.py:208} INFO - Processing /opt/airflow/dags/dbt_docs_pipeline.py took 0.100 seconds
[2026-07-26T08:25:46.978+0000] {processor.py:186} INFO - Started process (PID=622) to work on /opt/airflow/dags/dbt_docs_pipeline.py
[2026-07-26T08:25:46.979+0000] {processor.py:914} INFO - Processing file /opt/airflow/dags/dbt_docs_pipeline.py for tasks to queue
[2026-07-26T08:25:46.981+0000] {logging_mixin.py:190} INFO - [2026-07-26T08:25:46.981+0000] {dagbag.py:588} INFO - Filling up the DagBag from /opt/airflow/dags/dbt_docs_pipeline.py
[2026-07-26T08:25:47.008+0000] {processor.py:925} INFO - DAG(s) 'dbt_docs_generate_and_publish' retrieved from /opt/airflow/dags/dbt_docs_pipeline.py
[2026-07-26T08:25:47.032+0000] {logging_mixin.py:190} INFO - [2026-07-26T08:25:47.031+0000] {dag.py:3239} INFO - Sync 1 DAGs
[2026-07-26T08:25:47.057+0000] {logging_mixin.py:190} INFO - [2026-07-26T08:25:47.057+0000] {dag.py:4180} INFO - Setting next_dagrun for dbt_docs_generate_and_publish to 2026-07-25 02:00:00+00:00, run_after=2026-07-26 02:00:00+00:00
[2026-07-26T08:25:47.081+0000] {processor.py:208} INFO - Processing /opt/airflow/dags/dbt_docs_pipeline.py took 0.108 seconds
[2026-07-26T08:26:17.147+0000] {processor.py:186} INFO - Started process (PID=715) to work on /opt/airflow/dags/dbt_docs_pipeline.py
[2026-07-26T08:26:17.148+0000] {processor.py:914} INFO - Processing file /opt/airflow/dags/dbt_docs_pipeline.py for tasks to queue
[2026-07-26T08:26:17.149+0000] {logging_mixin.py:190} INFO - [2026-07-26T08:26:17.149+0000] {dagbag.py:588} INFO - Filling up the DagBag from /opt/airflow/dags/dbt_docs_pipeline.py
[2026-07-26T08:26:17.181+0000] {processor.py:925} INFO - DAG(s) 'dbt_docs_generate_and_publish' retrieved from /opt/airflow/dags/dbt_docs_pipeline.py
[2026-07-26T08:26:17.203+0000] {logging_mixin.py:190} INFO - [2026-07-26T08:26:17.203+0000] {dag.py:3239} INFO - Sync 1 DAGs
[2026-07-26T08:26:17.223+0000] {logging_mixin.py:190} INFO - [2026-07-26T08:26:17.223+0000] {dag.py:4180} INFO - Setting next_dagrun for dbt_docs_generate_and_publish to 2026-07-25 02:00:00+00:00, run_after=2026-07-26 02:00:00+00:00
[2026-07-26T08:26:17.240+0000] {processor.py:208} INFO - Processing /opt/airflow/dags/dbt_docs_pipeline.py took 0.098 seconds
[2026-07-26T08:26:47.734+0000] {processor.py:186} INFO - Started process (PID=806) to work on /opt/airflow/dags/dbt_docs_pipeline.py
[2026-07-26T08:26:47.735+0000] {processor.py:914} INFO - Processing file /opt/airflow/dags/dbt_docs_pipeline.py for tasks to queue
[2026-07-26T08:26:47.736+0000] {logging_mixin.py:190} INFO - [2026-07-26T08:26:47.736+0000] {dagbag.py:588} INFO - Filling up the DagBag from /opt/airflow/dags/dbt_docs_pipeline.py
[2026-07-26T08:26:47.761+0000] {processor.py:925} INFO - DAG(s) 'dbt_docs_generate_and_publish' retrieved from /opt/airflow/dags/dbt_docs_pipeline.py
[2026-07-26T08:26:47.782+0000] {logging_mixin.py:190} INFO - [2026-07-26T08:26:47.782+0000] {dag.py:3239} INFO - Sync 1 DAGs
[2026-07-26T08:26:47.802+0000] {logging_mixin.py:190} INFO - [2026-07-26T08:26:47.802+0000] {dag.py:4180} INFO - Setting next_dagrun for dbt_docs_generate_and_publish to 2026-07-25 02:00:00+00:00, run_after=2026-07-26 02:00:00+00:00
[2026-07-26T08:26:47.820+0000] {processor.py:208} INFO - Processing /opt/airflow/dags/dbt_docs_pipeline.py took 0.091 seconds
[2026-07-26T08:27:18.142+0000] {processor.py:186} INFO - Started process (PID=896) to work on /opt/airflow/dags/dbt_docs_pipeline.py
[2026-07-26T08:27:18.144+0000] {processor.py:914} INFO - Processing file /opt/airflow/dags/dbt_docs_pipeline.py for tasks to queue
[2026-07-26T08:27:18.145+0000] {logging_mixin.py:190} INFO - [2026-07-26T08:27:18.145+0000] {dagbag.py:588} INFO - Filling up the DagBag from /opt/airflow/dags/dbt_docs_pipeline.py
[2026-07-26T08:27:18.170+0000] {processor.py:925} INFO - DAG(s) 'dbt_docs_generate_and_publish' retrieved from /opt/airflow/dags/dbt_docs_pipeline.py
[2026-07-26T08:27:18.194+0000] {logging_mixin.py:190} INFO - [2026-07-26T08:27:18.194+0000] {dag.py:3239} INFO - Sync 1 DAGs
[2026-07-26T08:27:18.218+0000] {logging_mixin.py:190} INFO - [2026-07-26T08:27:18.218+0000] {dag.py:4180} INFO - Setting next_dagrun for dbt_docs_generate_and_publish to 2026-07-25 02:00:00+00:00, run_after=2026-07-26 02:00:00+00:00
[2026-07-26T08:27:18.243+0000] {processor.py:208} INFO - Processing /opt/airflow/dags/dbt_docs_pipeline.py took 0.105 seconds
[2026-07-26T08:27:48.653+0000] {processor.py:186} INFO - Started process (PID=989) to work on /opt/airflow/dags/dbt_docs_pipeline.py
[2026-07-26T08:27:48.654+0000] {processor.py:914} INFO - Processing file /opt/airflow/dags/dbt_docs_pipeline.py for tasks to queue
[2026-07-26T08:27:48.655+0000] {logging_mixin.py:190} INFO - [2026-07-26T08:27:48.655+0000] {dagbag.py:588} INFO - Filling up the DagBag from /opt/airflow/dags/dbt_docs_pipeline.py
[2026-07-26T08:27:48.689+0000] {processor.py:925} INFO - DAG(s) 'dbt_docs_generate_and_publish' retrieved from /opt/airflow/dags/dbt_docs_pipeline.py
[2026-07-26T08:27:48.715+0000] {logging_mixin.py:190} INFO - [2026-07-26T08:27:48.714+0000] {dag.py:3239} INFO - Sync 1 DAGs
[2026-07-26T08:27:48.741+0000] {logging_mixin.py:190} INFO - [2026-07-26T08:27:48.741+0000] {dag.py:4180} INFO - Setting next_dagrun for dbt_docs_generate_and_publish to 2026-07-25 02:00:00+00:00, run_after=2026-07-26 02:00:00+00:00
[2026-07-26T08:27:48.768+0000] {processor.py:208} INFO - Processing /opt/airflow/dags/dbt_docs_pipeline.py took 0.122 seconds
[2026-07-26T08:28:19.299+0000] {processor.py:186} INFO - Started process (PID=1082) to work on /opt/airflow/dags/dbt_docs_pipeline.py
[2026-07-26T08:28:19.300+0000] {processor.py:914} INFO - Processing file /opt/airflow/dags/dbt_docs_pipeline.py for tasks to queue
[2026-07-26T08:28:19.301+0000] {logging_mixin.py:190} INFO - [2026-07-26T08:28:19.301+0000] {dagbag.py:588} INFO - Filling up the DagBag from /opt/airflow/dags/dbt_docs_pipeline.py
[2026-07-26T08:28:19.328+0000] {processor.py:925} INFO - DAG(s) 'dbt_docs_generate_and_publish' retrieved from /opt/airflow/dags/dbt_docs_pipeline.py
[2026-07-26T08:28:19.354+0000] {logging_mixin.py:190} INFO - [2026-07-26T08:28:19.354+0000] {dag.py:3239} INFO - Sync 1 DAGs
[2026-07-26T08:28:19.381+0000] {logging_mixin.py:190} INFO - [2026-07-26T08:28:19.381+0000] {dag.py:4180} INFO - Setting next_dagrun for dbt_docs_generate_and_publish to 2026-07-25 02:00:00+00:00, run_after=2026-07-26 02:00:00+00:00
[2026-07-26T08:28:19.403+0000] {processor.py:208} INFO - Processing /opt/airflow/dags/dbt_docs_pipeline.py took 0.109 seconds
[2026-07-26T08:28:49.556+0000] {processor.py:186} INFO - Started process (PID=1173) to work on /opt/airflow/dags/dbt_docs_pipeline.py
[2026-07-26T08:28:49.557+0000] {processor.py:914} INFO - Processing file /opt/airflow/dags/dbt_docs_pipeline.py for tasks to queue
[2026-07-26T08:28:49.559+0000] {logging_mixin.py:190} INFO - [2026-07-26T08:28:49.558+0000] {dagbag.py:588} INFO - Filling up the DagBag from /opt/airflow/dags/dbt_docs_pipeline.py
[2026-07-26T08:28:49.587+0000] {processor.py:925} INFO - DAG(s) 'dbt_docs_generate_and_publish' retrieved from /opt/airflow/dags/dbt_docs_pipeline.py
[2026-07-26T08:28:49.609+0000] {logging_mixin.py:190} INFO - [2026-07-26T08:28:49.608+0000] {dag.py:3239} INFO - Sync 1 DAGs
[2026-07-26T08:28:49.630+0000] {logging_mixin.py:190} INFO - [2026-07-26T08:28:49.630+0000] {dag.py:4180} INFO - Setting next_dagrun for dbt_docs_generate_and_publish to 2026-07-25 02:00:00+00:00, run_after=2026-07-26 02:00:00+00:00
[2026-07-26T08:28:49.649+0000] {processor.py:208} INFO - Processing /opt/airflow/dags/dbt_docs_pipeline.py took 0.099 seconds
[2026-07-26T08:29:20.176+0000] {processor.py:186} INFO - Started process (PID=1263) to work on /opt/airflow/dags/dbt_docs_pipeline.py
[2026-07-26T08:29:20.177+0000] {processor.py:914} INFO - Processing file /opt/airflow/dags/dbt_docs_pipeline.py for tasks to queue
[2026-07-26T08:29:20.178+0000] {logging_mixin.py:190} INFO - [2026-07-26T08:29:20.178+0000] {dagbag.py:588} INFO - Filling up the DagBag from /opt/airflow/dags/dbt_docs_pipeline.py
[2026-07-26T08:29:20.209+0000] {processor.py:925} INFO - DAG(s) 'dbt_docs_generate_and_publish' retrieved from /opt/airflow/dags/dbt_docs_pipeline.py
[2026-07-26T08:29:20.232+0000] {logging_mixin.py:190} INFO - [2026-07-26T08:29:20.232+0000] {dag.py:3239} INFO - Sync 1 DAGs
[2026-07-26T08:29:20.255+0000] {logging_mixin.py:190} INFO - [2026-07-26T08:29:20.255+0000] {dag.py:4180} INFO - Setting next_dagrun for dbt_docs_generate_and_publish to 2026-07-25 02:00:00+00:00, run_after=2026-07-26 02:00:00+00:00
[2026-07-26T08:29:20.279+0000] {processor.py:208} INFO - Processing /opt/airflow/dags/dbt_docs_pipeline.py took 0.108 seconds
[2026-07-26T08:29:50.815+0000] {processor.py:186} INFO - Started process (PID=1356) to work on /opt/airflow/dags/dbt_docs_pipeline.py
[2026-07-26T08:29:50.816+0000] {processor.py:914} INFO - Processing file /opt/airflow/dags/dbt_docs_pipeline.py for tasks to queue
[2026-07-26T08:29:50.819+0000] {logging_mixin.py:190} INFO - [2026-07-26T08:29:50.818+0000] {dagbag.py:588} INFO - Filling up the DagBag from /opt/airflow/dags/dbt_docs_pipeline.py
[2026-07-26T08:29:50.854+0000] {processor.py:925} INFO - DAG(s) 'dbt_docs_generate_and_publish' retrieved from /opt/airflow/dags/dbt_docs_pipeline.py
[2026-07-26T08:29:50.878+0000] {logging_mixin.py:190} INFO - [2026-07-26T08:29:50.878+0000] {dag.py:3239} INFO - Sync 1 DAGs
[2026-07-26T08:29:50.907+0000] {logging_mixin.py:190} INFO - [2026-07-26T08:29:50.907+0000] {dag.py:4180} INFO - Setting next_dagrun for dbt_docs_generate_and_publish to 2026-07-25 02:00:00+00:00, run_after=2026-07-26 02:00:00+00:00
[2026-07-26T08:29:50.932+0000] {processor.py:208} INFO - Processing /opt/airflow/dags/dbt_docs_pipeline.py took 0.124 seconds
[2026-07-26T08:30:21.089+0000] {processor.py:186} INFO - Started process (PID=1447) to work on /opt/airflow/dags/dbt_docs_pipeline.py
[2026-07-26T08:30:21.090+0000] {processor.py:914} INFO - Processing file /opt/airflow/dags/dbt_docs_pipeline.py for tasks to queue
[2026-07-26T08:30:21.092+0000] {logging_mixin.py:190} INFO - [2026-07-26T08:30:21.091+0000] {dagbag.py:588} INFO - Filling up the DagBag from /opt/airflow/dags/dbt_docs_pipeline.py
[2026-07-26T08:30:21.122+0000] {processor.py:925} INFO - DAG(s) 'dbt_docs_generate_and_publish' retrieved from /opt/airflow/dags/dbt_docs_pipeline.py
[2026-07-26T08:30:21.150+0000] {logging_mixin.py:190} INFO - [2026-07-26T08:30:21.150+0000] {dag.py:3239} INFO - Sync 1 DAGs
[2026-07-26T08:30:21.172+0000] {logging_mixin.py:190} INFO - [2026-07-26T08:30:21.172+0000] {dag.py:4180} INFO - Setting next_dagrun for dbt_docs_generate_and_publish to 2026-07-25 02:00:00+00:00, run_after=2026-07-26 02:00:00+00:00
[2026-07-26T08:30:21.192+0000] {processor.py:208} INFO - Processing /opt/airflow/dags/dbt_docs_pipeline.py took 0.108 seconds
[2026-07-26T08:30:51.424+0000] {processor.py:186} INFO - Started process (PID=1537) to work on /opt/airflow/dags/dbt_docs_pipeline.py
[2026-07-26T08:30:51.425+0000] {processor.py:914} INFO - Processing file /opt/airflow/dags/dbt_docs_pipeline.py for tasks to queue
[2026-07-26T08:30:51.427+0000] {logging_mixin.py:190} INFO - [2026-07-26T08:30:51.426+0000] {dagbag.py:588} INFO - Filling up the DagBag from /opt/airflow/dags/dbt_docs_pipeline.py
[2026-07-26T08:30:51.455+0000] {processor.py:925} INFO - DAG(s) 'dbt_docs_generate_and_publish' retrieved from /opt/airflow/dags/dbt_docs_pipeline.py
[2026-07-26T08:30:51.486+0000] {logging_mixin.py:190} INFO - [2026-07-26T08:30:51.486+0000] {dag.py:3239} INFO - Sync 1 DAGs
[2026-07-26T08:30:51.510+0000] {logging_mixin.py:190} INFO - [2026-07-26T08:30:51.510+0000] {dag.py:4180} INFO - Setting next_dagrun for dbt_docs_generate_and_publish to 2026-07-25 02:00:00+00:00, run_after=2026-07-26 02:00:00+00:00
[2026-07-26T08:30:51.531+0000] {processor.py:208} INFO - Processing /opt/airflow/dags/dbt_docs_pipeline.py took 0.113 seconds
[2026-07-26T08:31:22.135+0000] {processor.py:186} INFO - Started process (PID=1630) to work on /opt/airflow/dags/dbt_docs_pipeline.py
[2026-07-26T08:31:22.136+0000] {processor.py:914} INFO - Processing file /opt/airflow/dags/dbt_docs_pipeline.py for tasks to queue
[2026-07-26T08:31:22.138+0000] {logging_mixin.py:190} INFO - [2026-07-26T08:31:22.137+0000] {dagbag.py:588} INFO - Filling up the DagBag from /opt/airflow/dags/dbt_docs_pipeline.py
[2026-07-26T08:31:22.163+0000] {processor.py:925} INFO - DAG(s) 'dbt_docs_generate_and_publish' retrieved from /opt/airflow/dags/dbt_docs_pipeline.py
[2026-07-26T08:31:22.188+0000] {logging_mixin.py:190} INFO - [2026-07-26T08:31:22.188+0000] {dag.py:3239} INFO - Sync 1 DAGs
[2026-07-26T08:31:22.209+0000] {logging_mixin.py:190} INFO - [2026-07-26T08:31:22.209+0000] {dag.py:4180} INFO - Setting next_dagrun for dbt_docs_generate_and_publish to 2026-07-25 02:00:00+00:00, run_after=2026-07-26 02:00:00+00:00
[2026-07-26T08:31:22.229+0000] {processor.py:208} INFO - Processing /opt/airflow/dags/dbt_docs_pipeline.py took 0.100 seconds
[2026-07-26T08:31:52.606+0000] {processor.py:186} INFO - Started process (PID=1723) to work on /opt/airflow/dags/dbt_docs_pipeline.py
[2026-07-26T08:31:52.607+0000] {processor.py:914} INFO - Processing file /opt/airflow/dags/dbt_docs_pipeline.py for tasks to queue
[2026-07-26T08:31:52.608+0000] {logging_mixin.py:190} INFO - [2026-07-26T08:31:52.608+0000] {dagbag.py:588} INFO - Filling up the DagBag from /opt/airflow/dags/dbt_docs_pipeline.py
[2026-07-26T08:31:52.636+0000] {processor.py:925} INFO - DAG(s) 'dbt_docs_generate_and_publish' retrieved from /opt/airflow/dags/dbt_docs_pipeline.py
[2026-07-26T08:31:52.664+0000] {logging_mixin.py:190} INFO - [2026-07-26T08:31:52.664+0000] {dag.py:3239} INFO - Sync 1 DAGs
[2026-07-26T08:31:52.689+0000] {logging_mixin.py:190} INFO - [2026-07-26T08:31:52.689+0000] {dag.py:4180} INFO - Setting next_dagrun for dbt_docs_generate_and_publish to 2026-07-25 02:00:00+00:00, run_after=2026-07-26 02:00:00+00:00
[2026-07-26T08:31:52.709+0000] {processor.py:208} INFO - Processing /opt/airflow/dags/dbt_docs_pipeline.py took 0.109 seconds
[2026-07-26T08:32:23.451+0000] {processor.py:186} INFO - Started process (PID=1814) to work on /opt/airflow/dags/dbt_docs_pipeline.py
[2026-07-26T08:32:23.453+0000] {processor.py:914} INFO - Processing file /opt/airflow/dags/dbt_docs_pipeline.py for tasks to queue
[2026-07-26T08:32:23.454+0000] {logging_mixin.py:190} INFO - [2026-07-26T08:32:23.454+0000] {dagbag.py:588} INFO - Filling up the DagBag from /opt/airflow/dags/dbt_docs_pipeline.py
[2026-07-26T08:32:23.483+0000] {processor.py:925} INFO - DAG(s) 'dbt_docs_generate_and_publish' retrieved from /opt/airflow/dags/dbt_docs_pipeline.py
[2026-07-26T08:32:23.507+0000] {logging_mixin.py:190} INFO - [2026-07-26T08:32:23.507+0000] {dag.py:3239} INFO - Sync 1 DAGs
[2026-07-26T08:32:23.533+0000] {logging_mixin.py:190} INFO - [2026-07-26T08:32:23.532+0000] {dag.py:4180} INFO - Setting next_dagrun for dbt_docs_generate_and_publish to 2026-07-25 02:00:00+00:00, run_after=2026-07-26 02:00:00+00:00
[2026-07-26T08:32:23.552+0000] {processor.py:208} INFO - Processing /opt/airflow/dags/dbt_docs_pipeline.py took 0.109 seconds
[2026-07-26T08:32:53.846+0000] {processor.py:186} INFO - Started process (PID=1904) to work on /opt/airflow/dags/dbt_docs_pipeline.py
[2026-07-26T08:32:53.847+0000] {processor.py:914} INFO - Processing file /opt/airflow/dags/dbt_docs_pipeline.py for tasks to queue
[2026-07-26T08:32:53.848+0000] {logging_mixin.py:190} INFO - [2026-07-26T08:32:53.848+0000] {dagbag.py:588} INFO - Filling up the DagBag from /opt/airflow/dags/dbt_docs_pipeline.py
[2026-07-26T08:32:53.879+0000] {processor.py:925} INFO - DAG(s) 'dbt_docs_generate_and_publish' retrieved from /opt/airflow/dags/dbt_docs_pipeline.py
[2026-07-26T08:32:53.912+0000] {logging_mixin.py:190} INFO - [2026-07-26T08:32:53.912+0000] {dag.py:3239} INFO - Sync 1 DAGs
[2026-07-26T08:32:53.945+0000] {logging_mixin.py:190} INFO - [2026-07-26T08:32:53.945+0000] {dag.py:4180} INFO - Setting next_dagrun for dbt_docs_generate_and_publish to 2026-07-25 02:00:00+00:00, run_after=2026-07-26 02:00:00+00:00
[2026-07-26T08:32:53.970+0000] {processor.py:208} INFO - Processing /opt/airflow/dags/dbt_docs_pipeline.py took 0.131 seconds
[2026-07-26T08:33:24.503+0000] {processor.py:186} INFO - Started process (PID=1997) to work on /opt/airflow/dags/dbt_docs_pipeline.py
[2026-07-26T08:33:24.504+0000] {processor.py:914} INFO - Processing file /opt/airflow/dags/dbt_docs_pipeline.py for tasks to queue
[2026-07-26T08:33:24.505+0000] {logging_mixin.py:190} INFO - [2026-07-26T08:33:24.505+0000] {dagbag.py:588} INFO - Filling up the DagBag from /opt/airflow/dags/dbt_docs_pipeline.py
[2026-07-26T08:33:24.536+0000] {processor.py:925} INFO - DAG(s) 'dbt_docs_generate_and_publish' retrieved from /opt/airflow/dags/dbt_docs_pipeline.py
[2026-07-26T08:33:24.569+0000] {logging_mixin.py:190} INFO - [2026-07-26T08:33:24.569+0000] {dag.py:3239} INFO - Sync 1 DAGs
[2026-07-26T08:33:24.602+0000] {logging_mixin.py:190} INFO - [2026-07-26T08:33:24.601+0000] {dag.py:4180} INFO - Setting next_dagrun for dbt_docs_generate_and_publish to 2026-07-25 02:00:00+00:00, run_after=2026-07-26 02:00:00+00:00
[2026-07-26T08:33:24.629+0000] {processor.py:208} INFO - Processing /opt/airflow/dags/dbt_docs_pipeline.py took 0.134 seconds
[2026-07-26T08:33:54.910+0000] {processor.py:186} INFO - Started process (PID=2088) to work on /opt/airflow/dags/dbt_docs_pipeline.py
[2026-07-26T08:33:54.911+0000] {processor.py:914} INFO - Processing file /opt/airflow/dags/dbt_docs_pipeline.py for tasks to queue
[2026-07-26T08:33:54.912+0000] {logging_mixin.py:190} INFO - [2026-07-26T08:33:54.912+0000] {dagbag.py:588} INFO - Filling up the DagBag from /opt/airflow/dags/dbt_docs_pipeline.py
[2026-07-26T08:33:54.937+0000] {processor.py:925} INFO - DAG(s) 'dbt_docs_generate_and_publish' retrieved from /opt/airflow/dags/dbt_docs_pipeline.py
[2026-07-26T08:33:54.962+0000] {logging_mixin.py:190} INFO - [2026-07-26T08:33:54.961+0000] {dag.py:3239} INFO - Sync 1 DAGs
[2026-07-26T08:33:54.987+0000] {logging_mixin.py:190} INFO - [2026-07-26T08:33:54.987+0000] {dag.py:4180} INFO - Setting next_dagrun for dbt_docs_generate_and_publish to 2026-07-25 02:00:00+00:00, run_after=2026-07-26 02:00:00+00:00
[2026-07-26T08:33:55.010+0000] {processor.py:208} INFO - Processing /opt/airflow/dags/dbt_docs_pipeline.py took 0.105 seconds
[2026-07-26T08:34:25.503+0000] {processor.py:186} INFO - Started process (PID=2178) to work on /opt/airflow/dags/dbt_docs_pipeline.py
[2026-07-26T08:34:25.504+0000] {processor.py:914} INFO - Processing file /opt/airflow/dags/dbt_docs_pipeline.py for tasks to queue
[2026-07-26T08:34:25.505+0000] {logging_mixin.py:190} INFO - [2026-07-26T08:34:25.505+0000] {dagbag.py:588} INFO - Filling up the DagBag from /opt/airflow/dags/dbt_docs_pipeline.py
[2026-07-26T08:34:25.530+0000] {processor.py:925} INFO - DAG(s) 'dbt_docs_generate_and_publish' retrieved from /opt/airflow/dags/dbt_docs_pipeline.py
[2026-07-26T08:34:25.555+0000] {logging_mixin.py:190} INFO - [2026-07-26T08:34:25.555+0000] {dag.py:3239} INFO - Sync 1 DAGs
[2026-07-26T08:34:25.582+0000] {logging_mixin.py:190} INFO - [2026-07-26T08:34:25.582+0000] {dag.py:4180} INFO - Setting next_dagrun for dbt_docs_generate_and_publish to 2026-07-25 02:00:00+00:00, run_after=2026-07-26 02:00:00+00:00
[2026-07-26T08:34:25.607+0000] {processor.py:208} INFO - Processing /opt/airflow/dags/dbt_docs_pipeline.py took 0.109 seconds
[2026-07-26T08:34:55.716+0000] {processor.py:186} INFO - Started process (PID=2271) to work on /opt/airflow/dags/dbt_docs_pipeline.py
[2026-07-26T08:34:55.717+0000] {processor.py:914} INFO - Processing file /opt/airflow/dags/dbt_docs_pipeline.py for tasks to queue
[2026-07-26T08:34:55.719+0000] {logging_mixin.py:190} INFO - [2026-07-26T08:34:55.718+0000] {dagbag.py:588} INFO - Filling up the DagBag from /opt/airflow/dags/dbt_docs_pipeline.py
[2026-07-26T08:34:55.746+0000] {processor.py:925} INFO - DAG(s) 'dbt_docs_generate_and_publish' retrieved from /opt/airflow/dags/dbt_docs_pipeline.py
[2026-07-26T08:34:55.772+0000] {logging_mixin.py:190} INFO - [2026-07-26T08:34:55.772+0000] {dag.py:3239} INFO - Sync 1 DAGs
[2026-07-26T08:34:55.795+0000] {logging_mixin.py:190} INFO - [2026-07-26T08:34:55.795+0000] {dag.py:4180} INFO - Setting next_dagrun for dbt_docs_generate_and_publish to 2026-07-25 02:00:00+00:00, run_after=2026-07-26 02:00:00+00:00
[2026-07-26T08:34:55.817+0000] {processor.py:208} INFO - Processing /opt/airflow/dags/dbt_docs_pipeline.py took 0.106 seconds
[2026-07-26T08:35:25.921+0000] {processor.py:186} INFO - Started process (PID=2364) to work on /opt/airflow/dags/dbt_docs_pipeline.py
[2026-07-26T08:35:25.922+0000] {processor.py:914} INFO - Processing file /opt/airflow/dags/dbt_docs_pipeline.py for tasks to queue
[2026-07-26T08:35:25.924+0000] {logging_mixin.py:190} INFO - [2026-07-26T08:35:25.924+0000] {dagbag.py:588} INFO - Filling up the DagBag from /opt/airflow/dags/dbt_docs_pipeline.py
[2026-07-26T08:35:25.955+0000] {processor.py:925} INFO - DAG(s) 'dbt_docs_generate_and_publish' retrieved from /opt/airflow/dags/dbt_docs_pipeline.py
[2026-07-26T08:35:25.979+0000] {logging_mixin.py:190} INFO - [2026-07-26T08:35:25.979+0000] {dag.py:3239} INFO - Sync 1 DAGs
[2026-07-26T08:35:26.004+0000] {logging_mixin.py:190} INFO - [2026-07-26T08:35:26.003+0000] {dag.py:4180} INFO - Setting next_dagrun for dbt_docs_generate_and_publish to 2026-07-25 02:00:00+00:00, run_after=2026-07-26 02:00:00+00:00
[2026-07-26T08:35:26.024+0000] {processor.py:208} INFO - Processing /opt/airflow/dags/dbt_docs_pipeline.py took 0.111 seconds
[2026-07-26T08:35:56.204+0000] {processor.py:186} INFO - Started process (PID=2455) to work on /opt/airflow/dags/dbt_docs_pipeline.py
[2026-07-26T08:35:56.205+0000] {processor.py:914} INFO - Processing file /opt/airflow/dags/dbt_docs_pipeline.py for tasks to queue
[2026-07-26T08:35:56.206+0000] {logging_mixin.py:190} INFO - [2026-07-26T08:35:56.206+0000] {dagbag.py:588} INFO - Filling up the DagBag from /opt/airflow/dags/dbt_docs_pipeline.py
[2026-07-26T08:35:56.233+0000] {processor.py:925} INFO - DAG(s) 'dbt_docs_generate_and_publish' retrieved from /opt/airflow/dags/dbt_docs_pipeline.py
[2026-07-26T08:35:56.256+0000] {logging_mixin.py:190} INFO - [2026-07-26T08:35:56.255+0000] {dag.py:3239} INFO - Sync 1 DAGs
[2026-07-26T08:35:56.281+0000] {logging_mixin.py:190} INFO - [2026-07-26T08:35:56.280+0000] {dag.py:4180} INFO - Setting next_dagrun for dbt_docs_generate_and_publish to 2026-07-25 02:00:00+00:00, run_after=2026-07-26 02:00:00+00:00
[2026-07-26T08:35:56.301+0000] {processor.py:208} INFO - Processing /opt/airflow/dags/dbt_docs_pipeline.py took 0.103 seconds
[2026-07-26T08:36:26.552+0000] {processor.py:186} INFO - Started process (PID=2545) to work on /opt/airflow/dags/dbt_docs_pipeline.py
[2026-07-26T08:36:26.553+0000] {processor.py:914} INFO - Processing file /opt/airflow/dags/dbt_docs_pipeline.py for tasks to queue
[2026-07-26T08:36:26.554+0000] {logging_mixin.py:190} INFO - [2026-07-26T08:36:26.554+0000] {dagbag.py:588} INFO - Filling up the DagBag from /opt/airflow/dags/dbt_docs_pipeline.py
[2026-07-26T08:36:26.579+0000] {processor.py:925} INFO - DAG(s) 'dbt_docs_generate_and_publish' retrieved from /opt/airflow/dags/dbt_docs_pipeline.py
[2026-07-26T08:36:26.608+0000] {logging_mixin.py:190} INFO - [2026-07-26T08:36:26.608+0000] {dag.py:3239} INFO - Sync 1 DAGs
[2026-07-26T08:36:26.637+0000] {logging_mixin.py:190} INFO - [2026-07-26T08:36:26.637+0000] {dag.py:4180} INFO - Setting next_dagrun for dbt_docs_generate_and_publish to 2026-07-25 02:00:00+00:00, run_after=2026-07-26 02:00:00+00:00
[2026-07-26T08:36:26.661+0000] {processor.py:208} INFO - Processing /opt/airflow/dags/dbt_docs_pipeline.py took 0.114 seconds
[2026-07-26T08:36:57.102+0000] {processor.py:186} INFO - Started process (PID=2638) to work on /opt/airflow/dags/dbt_docs_pipeline.py
[2026-07-26T08:36:57.103+0000] {processor.py:914} INFO - Processing file /opt/airflow/dags/dbt_docs_pipeline.py for tasks to queue
[2026-07-26T08:36:57.105+0000] {logging_mixin.py:190} INFO - [2026-07-26T08:36:57.105+0000] {dagbag.py:588} INFO - Filling up the DagBag from /opt/airflow/dags/dbt_docs_pipeline.py
[2026-07-26T08:36:57.145+0000] {processor.py:925} INFO - DAG(s) 'dbt_docs_generate_and_publish' retrieved from /opt/airflow/dags/dbt_docs_pipeline.py
[2026-07-26T08:36:57.182+0000] {logging_mixin.py:190} INFO - [2026-07-26T08:36:57.182+0000] {dag.py:3239} INFO - Sync 1 DAGs
[2026-07-26T08:36:57.223+0000] {logging_mixin.py:190} INFO - [2026-07-26T08:36:57.223+0000] {dag.py:4180} INFO - Setting next_dagrun for dbt_docs_generate_and_publish to 2026-07-25 02:00:00+00:00, run_after=2026-07-26 02:00:00+00:00
[2026-07-26T08:36:57.257+0000] {processor.py:208} INFO - Processing /opt/airflow/dags/dbt_docs_pipeline.py took 0.163 seconds
[2026-07-26T08:37:27.937+0000] {processor.py:186} INFO - Started process (PID=2729) to work on /opt/airflow/dags/dbt_docs_pipeline.py
[2026-07-26T08:37:27.938+0000] {processor.py:914} INFO - Processing file /opt/airflow/dags/dbt_docs_pipeline.py for tasks to queue
[2026-07-26T08:37:27.940+0000] {logging_mixin.py:190} INFO - [2026-07-26T08:37:27.939+0000] {dagbag.py:588} INFO - Filling up the DagBag from /opt/airflow/dags/dbt_docs_pipeline.py
[2026-07-26T08:37:27.968+0000] {processor.py:925} INFO - DAG(s) 'dbt_docs_generate_and_publish' retrieved from /opt/airflow/dags/dbt_docs_pipeline.py
[2026-07-26T08:37:27.997+0000] {logging_mixin.py:190} INFO - [2026-07-26T08:37:27.997+0000] {dag.py:3239} INFO - Sync 1 DAGs
[2026-07-26T08:37:28.022+0000] {logging_mixin.py:190} INFO - [2026-07-26T08:37:28.022+0000] {dag.py:4180} INFO - Setting next_dagrun for dbt_docs_generate_and_publish to 2026-07-25 02:00:00+00:00, run_after=2026-07-26 02:00:00+00:00
[2026-07-26T08:37:28.041+0000] {processor.py:208} INFO - Processing /opt/airflow/dags/dbt_docs_pipeline.py took 0.111 seconds
[2026-07-26T08:37:58.322+0000] {processor.py:186} INFO - Started process (PID=2819) to work on /opt/airflow/dags/dbt_docs_pipeline.py
[2026-07-26T08:37:58.323+0000] {processor.py:914} INFO - Processing file /opt/airflow/dags/dbt_docs_pipeline.py for tasks to queue
[2026-07-26T08:37:58.325+0000] {logging_mixin.py:190} INFO - [2026-07-26T08:37:58.324+0000] {dagbag.py:588} INFO - Filling up the DagBag from /opt/airflow/dags/dbt_docs_pipeline.py
[2026-07-26T08:37:58.355+0000] {processor.py:925} INFO - DAG(s) 'dbt_docs_generate_and_publish' retrieved from /opt/airflow/dags/dbt_docs_pipeline.py
[2026-07-26T08:37:58.384+0000] {logging_mixin.py:190} INFO - [2026-07-26T08:37:58.384+0000] {dag.py:3239} INFO - Sync 1 DAGs
[2026-07-26T08:37:58.412+0000] {logging_mixin.py:190} INFO - [2026-07-26T08:37:58.412+0000] {dag.py:4180} INFO - Setting next_dagrun for dbt_docs_generate_and_publish to 2026-07-25 02:00:00+00:00, run_after=2026-07-26 02:00:00+00:00
[2026-07-26T08:37:58.438+0000] {processor.py:208} INFO - Processing /opt/airflow/dags/dbt_docs_pipeline.py took 0.122 seconds
[2026-07-26T08:38:28.885+0000] {processor.py:186} INFO - Started process (PID=2912) to work on /opt/airflow/dags/dbt_docs_pipeline.py
[2026-07-26T08:38:28.886+0000] {processor.py:914} INFO - Processing file /opt/airflow/dags/dbt_docs_pipeline.py for tasks to queue
[2026-07-26T08:38:28.887+0000] {logging_mixin.py:190} INFO - [2026-07-26T08:38:28.887+0000] {dagbag.py:588} INFO - Filling up the DagBag from /opt/airflow/dags/dbt_docs_pipeline.py
[2026-07-26T08:38:28.919+0000] {processor.py:925} INFO - DAG(s) 'dbt_docs_generate_and_publish' retrieved from /opt/airflow/dags/dbt_docs_pipeline.py
[2026-07-26T08:38:28.951+0000] {logging_mixin.py:190} INFO - [2026-07-26T08:38:28.951+0000] {dag.py:3239} INFO - Sync 1 DAGs
[2026-07-26T08:38:28.979+0000] {logging_mixin.py:190} INFO - [2026-07-26T08:38:28.979+0000] {dag.py:4180} INFO - Setting next_dagrun for dbt_docs_generate_and_publish to 2026-07-25 02:00:00+00:00, run_after=2026-07-26 02:00:00+00:00
[2026-07-26T08:38:29.004+0000] {processor.py:208} INFO - Processing /opt/airflow/dags/dbt_docs_pipeline.py took 0.125 seconds
[2026-07-26T08:38:59.429+0000] {processor.py:186} INFO - Started process (PID=3005) to work on /opt/airflow/dags/dbt_docs_pipeline.py
[2026-07-26T08:38:59.430+0000] {processor.py:914} INFO - Processing file /opt/airflow/dags/dbt_docs_pipeline.py for tasks to queue
[2026-07-26T08:38:59.431+0000] {logging_mixin.py:190} INFO - [2026-07-26T08:38:59.431+0000] {dagbag.py:588} INFO - Filling up the DagBag from /opt/airflow/dags/dbt_docs_pipeline.py
[2026-07-26T08:38:59.461+0000] {processor.py:925} INFO - DAG(s) 'dbt_docs_generate_and_publish' retrieved from /opt/airflow/dags/dbt_docs_pipeline.py
[2026-07-26T08:38:59.491+0000] {logging_mixin.py:190} INFO - [2026-07-26T08:38:59.490+0000] {dag.py:3239} INFO - Sync 1 DAGs
[2026-07-26T08:38:59.518+0000] {logging_mixin.py:190} INFO - [2026-07-26T08:38:59.518+0000] {dag.py:4180} INFO - Setting next_dagrun for dbt_docs_generate_and_publish to 2026-07-25 02:00:00+00:00, run_after=2026-07-26 02:00:00+00:00
[2026-07-26T08:38:59.541+0000] {processor.py:208} INFO - Processing /opt/airflow/dags/dbt_docs_pipeline.py took 0.117 seconds
[2026-07-26T08:39:30.394+0000] {processor.py:186} INFO - Started process (PID=3096) to work on /opt/airflow/dags/dbt_docs_pipeline.py
[2026-07-26T08:39:30.396+0000] {processor.py:914} INFO - Processing file /opt/airflow/dags/dbt_docs_pipeline.py for tasks to queue
[2026-07-26T08:39:30.397+0000] {logging_mixin.py:190} INFO - [2026-07-26T08:39:30.397+0000] {dagbag.py:588} INFO - Filling up the DagBag from /opt/airflow/dags/dbt_docs_pipeline.py
[2026-07-26T08:39:30.433+0000] {processor.py:925} INFO - DAG(s) 'dbt_docs_generate_and_publish' retrieved from /opt/airflow/dags/dbt_docs_pipeline.py
[2026-07-26T08:39:30.466+0000] {logging_mixin.py:190} INFO - [2026-07-26T08:39:30.466+0000] {dag.py:3239} INFO - Sync 1 DAGs
[2026-07-26T08:39:30.496+0000] {logging_mixin.py:190} INFO - [2026-07-26T08:39:30.495+0000] {dag.py:4180} INFO - Setting next_dagrun for dbt_docs_generate_and_publish to 2026-07-25 02:00:00+00:00, run_after=2026-07-26 02:00:00+00:00
[2026-07-26T08:39:30.518+0000] {processor.py:208} INFO - Processing /opt/airflow/dags/dbt_docs_pipeline.py took 0.134 seconds
[2026-07-26T08:40:00.788+0000] {processor.py:186} INFO - Started process (PID=3186) to work on /opt/airflow/dags/dbt_docs_pipeline.py
[2026-07-26T08:40:00.790+0000] {processor.py:914} INFO - Processing file /opt/airflow/dags/dbt_docs_pipeline.py for tasks to queue
[2026-07-26T08:40:00.791+0000] {logging_mixin.py:190} INFO - [2026-07-26T08:40:00.791+0000] {dagbag.py:588} INFO - Filling up the DagBag from /opt/airflow/dags/dbt_docs_pipeline.py
[2026-07-26T08:40:00.832+0000] {processor.py:925} INFO - DAG(s) 'dbt_docs_generate_and_publish' retrieved from /opt/airflow/dags/dbt_docs_pipeline.py
[2026-07-26T08:40:00.872+0000] {logging_mixin.py:190} INFO - [2026-07-26T08:40:00.871+0000] {dag.py:3239} INFO - Sync 1 DAGs
[2026-07-26T08:40:00.909+0000] {logging_mixin.py:190} INFO - [2026-07-26T08:40:00.909+0000] {dag.py:4180} INFO - Setting next_dagrun for dbt_docs_generate_and_publish to 2026-07-25 02:00:00+00:00, run_after=2026-07-26 02:00:00+00:00
[2026-07-26T08:40:00.940+0000] {processor.py:208} INFO - Processing /opt/airflow/dags/dbt_docs_pipeline.py took 0.168 seconds
[2026-07-26T08:40:31.248+0000] {processor.py:186} INFO - Started process (PID=3279) to work on /opt/airflow/dags/dbt_docs_pipeline.py
[2026-07-26T08:40:31.250+0000] {processor.py:914} INFO - Processing file /opt/airflow/dags/dbt_docs_pipeline.py for tasks to queue
[2026-07-26T08:40:31.252+0000] {logging_mixin.py:190} INFO - [2026-07-26T08:40:31.251+0000] {dagbag.py:588} INFO - Filling up the DagBag from /opt/airflow/dags/dbt_docs_pipeline.py
[2026-07-26T08:40:31.284+0000] {processor.py:925} INFO - DAG(s) 'dbt_docs_generate_and_publish' retrieved from /opt/airflow/dags/dbt_docs_pipeline.py
[2026-07-26T08:40:31.310+0000] {logging_mixin.py:190} INFO - [2026-07-26T08:40:31.310+0000] {dag.py:3239} INFO - Sync 1 DAGs
[2026-07-26T08:40:31.343+0000] {logging_mixin.py:190} INFO - [2026-07-26T08:40:31.342+0000] {dag.py:4180} INFO - Setting next_dagrun for dbt_docs_generate_and_publish to 2026-07-25 02:00:00+00:00, run_after=2026-07-26 02:00:00+00:00
[2026-07-26T08:40:31.368+0000] {processor.py:208} INFO - Processing /opt/airflow/dags/dbt_docs_pipeline.py took 0.126 seconds
[2026-07-26T08:41:01.624+0000] {processor.py:186} INFO - Started process (PID=3373) to work on /opt/airflow/dags/dbt_docs_pipeline.py
[2026-07-26T08:41:01.625+0000] {processor.py:914} INFO - Processing file /opt/airflow/dags/dbt_docs_pipeline.py for tasks to queue
[2026-07-26T08:41:01.627+0000] {logging_mixin.py:190} INFO - [2026-07-26T08:41:01.626+0000] {dagbag.py:588} INFO - Filling up the DagBag from /opt/airflow/dags/dbt_docs_pipeline.py
[2026-07-26T08:41:01.653+0000] {processor.py:925} INFO - DAG(s) 'dbt_docs_generate_and_publish' retrieved from /opt/airflow/dags/dbt_docs_pipeline.py
[2026-07-26T08:41:01.682+0000] {logging_mixin.py:190} INFO - [2026-07-26T08:41:01.681+0000] {dag.py:3239} INFO - Sync 1 DAGs
[2026-07-26T08:41:01.707+0000] {logging_mixin.py:190} INFO - [2026-07-26T08:41:01.707+0000] {dag.py:4180} INFO - Setting next_dagrun for dbt_docs_generate_and_publish to 2026-07-25 02:00:00+00:00, run_after=2026-07-26 02:00:00+00:00
[2026-07-26T08:41:01.726+0000] {processor.py:208} INFO - Processing /opt/airflow/dags/dbt_docs_pipeline.py took 0.109 seconds
[2026-07-26T08:41:31.985+0000] {processor.py:186} INFO - Started process (PID=3463) to work on /opt/airflow/dags/dbt_docs_pipeline.py
[2026-07-26T08:41:31.986+0000] {processor.py:914} INFO - Processing file /opt/airflow/dags/dbt_docs_pipeline.py for tasks to queue
[2026-07-26T08:41:31.987+0000] {logging_mixin.py:190} INFO - [2026-07-26T08:41:31.987+0000] {dagbag.py:588} INFO - Filling up the DagBag from /opt/airflow/dags/dbt_docs_pipeline.py
[2026-07-26T08:41:32.013+0000] {processor.py:925} INFO - DAG(s) 'dbt_docs_generate_and_publish' retrieved from /opt/airflow/dags/dbt_docs_pipeline.py
[2026-07-26T08:41:32.038+0000] {logging_mixin.py:190} INFO - [2026-07-26T08:41:32.037+0000] {dag.py:3239} INFO - Sync 1 DAGs
[2026-07-26T08:41:32.062+0000] {logging_mixin.py:190} INFO - [2026-07-26T08:41:32.061+0000] {dag.py:4180} INFO - Setting next_dagrun for dbt_docs_generate_and_publish to 2026-07-25 02:00:00+00:00, run_after=2026-07-26 02:00:00+00:00
[2026-07-26T08:41:32.084+0000] {processor.py:208} INFO - Processing /opt/airflow/dags/dbt_docs_pipeline.py took 0.105 seconds
[2026-07-26T08:42:02.184+0000] {processor.py:186} INFO - Started process (PID=3556) to work on /opt/airflow/dags/dbt_docs_pipeline.py
[2026-07-26T08:42:02.185+0000] {processor.py:914} INFO - Processing file /opt/airflow/dags/dbt_docs_pipeline.py for tasks to queue
[2026-07-26T08:42:02.187+0000] {logging_mixin.py:190} INFO - [2026-07-26T08:42:02.186+0000] {dagbag.py:588} INFO - Filling up the DagBag from /opt/airflow/dags/dbt_docs_pipeline.py
[2026-07-26T08:42:02.211+0000] {processor.py:925} INFO - DAG(s) 'dbt_docs_generate_and_publish' retrieved from /opt/airflow/dags/dbt_docs_pipeline.py
[2026-07-26T08:42:02.237+0000] {logging_mixin.py:190} INFO - [2026-07-26T08:42:02.236+0000] {dag.py:3239} INFO - Sync 1 DAGs
[2026-07-26T08:42:02.264+0000] {logging_mixin.py:190} INFO - [2026-07-26T08:42:02.264+0000] {dag.py:4180} INFO - Setting next_dagrun for dbt_docs_generate_and_publish to 2026-07-25 02:00:00+00:00, run_after=2026-07-26 02:00:00+00:00
[2026-07-26T08:42:02.284+0000] {processor.py:208} INFO - Processing /opt/airflow/dags/dbt_docs_pipeline.py took 0.105 seconds
[2026-07-26T08:42:32.710+0000] {processor.py:186} INFO - Started process (PID=3649) to work on /opt/airflow/dags/dbt_docs_pipeline.py
[2026-07-26T08:42:32.711+0000] {processor.py:914} INFO - Processing file /opt/airflow/dags/dbt_docs_pipeline.py for tasks to queue
[2026-07-26T08:42:32.713+0000] {logging_mixin.py:190} INFO - [2026-07-26T08:42:32.712+0000] {dagbag.py:588} INFO - Filling up the DagBag from /opt/airflow/dags/dbt_docs_pipeline.py
[2026-07-26T08:42:32.739+0000] {processor.py:925} INFO - DAG(s) 'dbt_docs_generate_and_publish' retrieved from /opt/airflow/dags/dbt_docs_pipeline.py
[2026-07-26T08:42:32.767+0000] {logging_mixin.py:190} INFO - [2026-07-26T08:42:32.767+0000] {dag.py:3239} INFO - Sync 1 DAGs
[2026-07-26T08:42:32.791+0000] {logging_mixin.py:190} INFO - [2026-07-26T08:42:32.791+0000] {dag.py:4180} INFO - Setting next_dagrun for dbt_docs_generate_and_publish to 2026-07-25 02:00:00+00:00, run_after=2026-07-26 02:00:00+00:00
[2026-07-26T08:42:32.818+0000] {processor.py:208} INFO - Processing /opt/airflow/dags/dbt_docs_pipeline.py took 0.114 seconds
[2026-07-26T08:43:03.170+0000] {processor.py:186} INFO - Started process (PID=3740) to work on /opt/airflow/dags/dbt_docs_pipeline.py
[2026-07-26T08:43:03.172+0000] {processor.py:914} INFO - Processing file /opt/airflow/dags/dbt_docs_pipeline.py for tasks to queue
[2026-07-26T08:43:03.174+0000] {logging_mixin.py:190} INFO - [2026-07-26T08:43:03.174+0000] {dagbag.py:588} INFO - Filling up the DagBag from /opt/airflow/dags/dbt_docs_pipeline.py
[2026-07-26T08:43:03.205+0000] {processor.py:925} INFO - DAG(s) 'dbt_docs_generate_and_publish' retrieved from /opt/airflow/dags/dbt_docs_pipeline.py
[2026-07-26T08:43:03.232+0000] {logging_mixin.py:190} INFO - [2026-07-26T08:43:03.231+0000] {dag.py:3239} INFO - Sync 1 DAGs
[2026-07-26T08:43:03.259+0000] {logging_mixin.py:190} INFO - [2026-07-26T08:43:03.259+0000] {dag.py:4180} INFO - Setting next_dagrun for dbt_docs_generate_and_publish to 2026-07-25 02:00:00+00:00, run_after=2026-07-26 02:00:00+00:00
[2026-07-26T08:43:03.284+0000] {processor.py:208} INFO - Processing /opt/airflow/dags/dbt_docs_pipeline.py took 0.120 seconds
[2026-07-26T08:43:33.740+0000] {processor.py:186} INFO - Started process (PID=3830) to work on /opt/airflow/dags/dbt_docs_pipeline.py
[2026-07-26T08:43:33.742+0000] {processor.py:914} INFO - Processing file /opt/airflow/dags/dbt_docs_pipeline.py for tasks to queue
[2026-07-26T08:43:33.743+0000] {logging_mixin.py:190} INFO - [2026-07-26T08:43:33.743+0000] {dagbag.py:588} INFO - Filling up the DagBag from /opt/airflow/dags/dbt_docs_pipeline.py
[2026-07-26T08:43:33.776+0000] {processor.py:925} INFO - DAG(s) 'dbt_docs_generate_and_publish' retrieved from /opt/airflow/dags/dbt_docs_pipeline.py
[2026-07-26T08:43:33.807+0000] {logging_mixin.py:190} INFO - [2026-07-26T08:43:33.807+0000] {dag.py:3239} INFO - Sync 1 DAGs
[2026-07-26T08:43:33.839+0000] {logging_mixin.py:190} INFO - [2026-07-26T08:43:33.838+0000] {dag.py:4180} INFO - Setting next_dagrun for dbt_docs_generate_and_publish to 2026-07-25 02:00:00+00:00, run_after=2026-07-26 02:00:00+00:00
[2026-07-26T08:43:33.865+0000] {processor.py:208} INFO - Processing /opt/airflow/dags/dbt_docs_pipeline.py took 0.130 seconds
[2026-07-26T08:44:04.698+0000] {processor.py:186} INFO - Started process (PID=3923) to work on /opt/airflow/dags/dbt_docs_pipeline.py
[2026-07-26T08:44:04.700+0000] {processor.py:914} INFO - Processing file /opt/airflow/dags/dbt_docs_pipeline.py for tasks to queue
[2026-07-26T08:44:04.701+0000] {logging_mixin.py:190} INFO - [2026-07-26T08:44:04.701+0000] {dagbag.py:588} INFO - Filling up the DagBag from /opt/airflow/dags/dbt_docs_pipeline.py
[2026-07-26T08:44:04.736+0000] {processor.py:925} INFO - DAG(s) 'dbt_docs_generate_and_publish' retrieved from /opt/airflow/dags/dbt_docs_pipeline.py
[2026-07-26T08:44:04.770+0000] {logging_mixin.py:190} INFO - [2026-07-26T08:44:04.769+0000] {dag.py:3239} INFO - Sync 1 DAGs
[2026-07-26T08:44:04.797+0000] {logging_mixin.py:190} INFO - [2026-07-26T08:44:04.797+0000] {dag.py:4180} INFO - Setting next_dagrun for dbt_docs_generate_and_publish to 2026-07-25 02:00:00+00:00, run_after=2026-07-26 02:00:00+00:00
[2026-07-26T08:44:04.821+0000] {processor.py:208} INFO - Processing /opt/airflow/dags/dbt_docs_pipeline.py took 0.129 seconds
[2026-07-26T08:44:35.008+0000] {processor.py:186} INFO - Started process (PID=4014) to work on /opt/airflow/dags/dbt_docs_pipeline.py
[2026-07-26T08:44:35.009+0000] {processor.py:914} INFO - Processing file /opt/airflow/dags/dbt_docs_pipeline.py for tasks to queue
[2026-07-26T08:44:35.011+0000] {logging_mixin.py:190} INFO - [2026-07-26T08:44:35.010+0000] {dagbag.py:588} INFO - Filling up the DagBag from /opt/airflow/dags/dbt_docs_pipeline.py
[2026-07-26T08:44:35.041+0000] {processor.py:925} INFO - DAG(s) 'dbt_docs_generate_and_publish' retrieved from /opt/airflow/dags/dbt_docs_pipeline.py
[2026-07-26T08:44:35.068+0000] {logging_mixin.py:190} INFO - [2026-07-26T08:44:35.068+0000] {dag.py:3239} INFO - Sync 1 DAGs
[2026-07-26T08:44:35.091+0000] {logging_mixin.py:190} INFO - [2026-07-26T08:44:35.090+0000] {dag.py:4180} INFO - Setting next_dagrun for dbt_docs_generate_and_publish to 2026-07-25 02:00:00+00:00, run_after=2026-07-26 02:00:00+00:00
[2026-07-26T08:44:35.108+0000] {processor.py:208} INFO - Processing /opt/airflow/dags/dbt_docs_pipeline.py took 0.108 seconds
[2026-07-26T08:45:05.550+0000] {processor.py:186} INFO - Started process (PID=4104) to work on /opt/airflow/dags/dbt_docs_pipeline.py
[2026-07-26T08:45:05.551+0000] {processor.py:914} INFO - Processing file /opt/airflow/dags/dbt_docs_pipeline.py for tasks to queue
[2026-07-26T08:45:05.553+0000] {logging_mixin.py:190} INFO - [2026-07-26T08:45:05.553+0000] {dagbag.py:588} INFO - Filling up the DagBag from /opt/airflow/dags/dbt_docs_pipeline.py
[2026-07-26T08:45:05.583+0000] {processor.py:925} INFO - DAG(s) 'dbt_docs_generate_and_publish' retrieved from /opt/airflow/dags/dbt_docs_pipeline.py
[2026-07-26T08:45:05.611+0000] {logging_mixin.py:190} INFO - [2026-07-26T08:45:05.611+0000] {dag.py:3239} INFO - Sync 1 DAGs
[2026-07-26T08:45:05.640+0000] {logging_mixin.py:190} INFO - [2026-07-26T08:45:05.640+0000] {dag.py:4180} INFO - Setting next_dagrun for dbt_docs_generate_and_publish to 2026-07-25 02:00:00+00:00, run_after=2026-07-26 02:00:00+00:00
[2026-07-26T08:45:05.666+0000] {processor.py:208} INFO - Processing /opt/airflow/dags/dbt_docs_pipeline.py took 0.122 seconds
[2026-07-26T08:45:35.810+0000] {processor.py:186} INFO - Started process (PID=4197) to work on /opt/airflow/dags/dbt_docs_pipeline.py
[2026-07-26T08:45:35.811+0000] {processor.py:914} INFO - Processing file /opt/airflow/dags/dbt_docs_pipeline.py for tasks to queue
[2026-07-26T08:45:35.812+0000] {logging_mixin.py:190} INFO - [2026-07-26T08:45:35.812+0000] {dagbag.py:588} INFO - Filling up the DagBag from /opt/airflow/dags/dbt_docs_pipeline.py
[2026-07-26T08:45:35.841+0000] {processor.py:925} INFO - DAG(s) 'dbt_docs_generate_and_publish' retrieved from /opt/airflow/dags/dbt_docs_pipeline.py
[2026-07-26T08:45:35.864+0000] {logging_mixin.py:190} INFO - [2026-07-26T08:45:35.864+0000] {dag.py:3239} INFO - Sync 1 DAGs
[2026-07-26T08:45:36.021+0000] {logging_mixin.py:190} INFO - [2026-07-26T08:45:36.021+0000] {dag.py:4180} INFO - Setting next_dagrun for dbt_docs_generate_and_publish to 2026-07-25 02:00:00+00:00, run_after=2026-07-26 02:00:00+00:00
[2026-07-26T08:45:36.038+0000] {processor.py:208} INFO - Processing /opt/airflow/dags/dbt_docs_pipeline.py took 0.233 seconds
[2026-07-26T08:46:06.326+0000] {processor.py:186} INFO - Started process (PID=4290) to work on /opt/airflow/dags/dbt_docs_pipeline.py
[2026-07-26T08:46:06.328+0000] {processor.py:914} INFO - Processing file /opt/airflow/dags/dbt_docs_pipeline.py for tasks to queue
[2026-07-26T08:46:06.329+0000] {logging_mixin.py:190} INFO - [2026-07-26T08:46:06.328+0000] {dagbag.py:588} INFO - Filling up the DagBag from /opt/airflow/dags/dbt_docs_pipeline.py
[2026-07-26T08:46:06.362+0000] {processor.py:925} INFO - DAG(s) 'dbt_docs_generate_and_publish' retrieved from /opt/airflow/dags/dbt_docs_pipeline.py
[2026-07-26T08:46:06.387+0000] {logging_mixin.py:190} INFO - [2026-07-26T08:46:06.387+0000] {dag.py:3239} INFO - Sync 1 DAGs
[2026-07-26T08:46:06.407+0000] {logging_mixin.py:190} INFO - [2026-07-26T08:46:06.407+0000] {dag.py:4180} INFO - Setting next_dagrun for dbt_docs_generate_and_publish to 2026-07-25 02:00:00+00:00, run_after=2026-07-26 02:00:00+00:00
[2026-07-26T08:46:06.425+0000] {processor.py:208} INFO - Processing /opt/airflow/dags/dbt_docs_pipeline.py took 0.104 seconds
[2026-07-26T08:46:37.363+0000] {processor.py:186} INFO - Started process (PID=4381) to work on /opt/airflow/dags/dbt_docs_pipeline.py
[2026-07-26T08:46:37.364+0000] {processor.py:914} INFO - Processing file /opt/airflow/dags/dbt_docs_pipeline.py for tasks to queue
[2026-07-26T08:46:37.367+0000] {logging_mixin.py:190} INFO - [2026-07-26T08:46:37.366+0000] {dagbag.py:588} INFO - Filling up the DagBag from /opt/airflow/dags/dbt_docs_pipeline.py
[2026-07-26T08:46:37.398+0000] {processor.py:925} INFO - DAG(s) 'dbt_docs_generate_and_publish' retrieved from /opt/airflow/dags/dbt_docs_pipeline.py
[2026-07-26T08:46:37.422+0000] {logging_mixin.py:190} INFO - [2026-07-26T08:46:37.422+0000] {dag.py:3239} INFO - Sync 1 DAGs
[2026-07-26T08:46:37.446+0000] {logging_mixin.py:190} INFO - [2026-07-26T08:46:37.446+0000] {dag.py:4180} INFO - Setting next_dagrun for dbt_docs_generate_and_publish to 2026-07-25 02:00:00+00:00, run_after=2026-07-26 02:00:00+00:00
[2026-07-26T08:46:37.467+0000] {processor.py:208} INFO - Processing /opt/airflow/dags/dbt_docs_pipeline.py took 0.110 seconds
[2026-07-26T08:47:07.996+0000] {processor.py:186} INFO - Started process (PID=4471) to work on /opt/airflow/dags/dbt_docs_pipeline.py
[2026-07-26T08:47:07.998+0000] {processor.py:914} INFO - Processing file /opt/airflow/dags/dbt_docs_pipeline.py for tasks to queue
[2026-07-26T08:47:07.999+0000] {logging_mixin.py:190} INFO - [2026-07-26T08:47:07.999+0000] {dagbag.py:588} INFO - Filling up the DagBag from /opt/airflow/dags/dbt_docs_pipeline.py
[2026-07-26T08:47:08.029+0000] {processor.py:925} INFO - DAG(s) 'dbt_docs_generate_and_publish' retrieved from /opt/airflow/dags/dbt_docs_pipeline.py
[2026-07-26T08:47:08.056+0000] {logging_mixin.py:190} INFO - [2026-07-26T08:47:08.056+0000] {dag.py:3239} INFO - Sync 1 DAGs
[2026-07-26T08:47:08.083+0000] {logging_mixin.py:190} INFO - [2026-07-26T08:47:08.082+0000] {dag.py:4180} INFO - Setting next_dagrun for dbt_docs_generate_and_publish to 2026-07-25 02:00:00+00:00, run_after=2026-07-26 02:00:00+00:00
[2026-07-26T08:47:08.105+0000] {processor.py:208} INFO - Processing /opt/airflow/dags/dbt_docs_pipeline.py took 0.115 seconds
[2026-07-26T08:47:38.216+0000] {processor.py:186} INFO - Started process (PID=4564) to work on /opt/airflow/dags/dbt_docs_pipeline.py
[2026-07-26T08:47:38.217+0000] {processor.py:914} INFO - Processing file /opt/airflow/dags/dbt_docs_pipeline.py for tasks to queue
[2026-07-26T08:47:38.218+0000] {logging_mixin.py:190} INFO - [2026-07-26T08:47:38.218+0000] {dagbag.py:588} INFO - Filling up the DagBag from /opt/airflow/dags/dbt_docs_pipeline.py
[2026-07-26T08:47:38.247+0000] {processor.py:925} INFO - DAG(s) 'dbt_docs_generate_and_publish' retrieved from /opt/airflow/dags/dbt_docs_pipeline.py
[2026-07-26T08:47:38.274+0000] {logging_mixin.py:190} INFO - [2026-07-26T08:47:38.274+0000] {dag.py:3239} INFO - Sync 1 DAGs
[2026-07-26T08:47:38.300+0000] {logging_mixin.py:190} INFO - [2026-07-26T08:47:38.300+0000] {dag.py:4180} INFO - Setting next_dagrun for dbt_docs_generate_and_publish to 2026-07-25 02:00:00+00:00, run_after=2026-07-26 02:00:00+00:00
[2026-07-26T08:47:38.320+0000] {processor.py:208} INFO - Processing /opt/airflow/dags/dbt_docs_pipeline.py took 0.111 seconds
[2026-07-26T08:48:08.446+0000] {processor.py:186} INFO - Started process (PID=4655) to work on /opt/airflow/dags/dbt_docs_pipeline.py
[2026-07-26T08:48:08.447+0000] {processor.py:914} INFO - Processing file /opt/airflow/dags/dbt_docs_pipeline.py for tasks to queue
[2026-07-26T08:48:08.449+0000] {logging_mixin.py:190} INFO - [2026-07-26T08:48:08.449+0000] {dagbag.py:588} INFO - Filling up the DagBag from /opt/airflow/dags/dbt_docs_pipeline.py
[2026-07-26T08:48:08.478+0000] {processor.py:925} INFO - DAG(s) 'dbt_docs_generate_and_publish' retrieved from /opt/airflow/dags/dbt_docs_pipeline.py
[2026-07-26T08:48:08.506+0000] {logging_mixin.py:190} INFO - [2026-07-26T08:48:08.506+0000] {dag.py:3239} INFO - Sync 1 DAGs
[2026-07-26T08:48:08.531+0000] {logging_mixin.py:190} INFO - [2026-07-26T08:48:08.530+0000] {dag.py:4180} INFO - Setting next_dagrun for dbt_docs_generate_and_publish to 2026-07-25 02:00:00+00:00, run_after=2026-07-26 02:00:00+00:00
[2026-07-26T08:48:08.551+0000] {processor.py:208} INFO - Processing /opt/airflow/dags/dbt_docs_pipeline.py took 0.111 seconds
[2026-07-26T08:48:39.389+0000] {processor.py:186} INFO - Started process (PID=4745) to work on /opt/airflow/dags/dbt_docs_pipeline.py
[2026-07-26T08:48:39.390+0000] {processor.py:914} INFO - Processing file /opt/airflow/dags/dbt_docs_pipeline.py for tasks to queue
[2026-07-26T08:48:39.392+0000] {logging_mixin.py:190} INFO - [2026-07-26T08:48:39.392+0000] {dagbag.py:588} INFO - Filling up the DagBag from /opt/airflow/dags/dbt_docs_pipeline.py
[2026-07-26T08:48:39.420+0000] {processor.py:925} INFO - DAG(s) 'dbt_docs_generate_and_publish' retrieved from /opt/airflow/dags/dbt_docs_pipeline.py
[2026-07-26T08:48:39.447+0000] {logging_mixin.py:190} INFO - [2026-07-26T08:48:39.447+0000] {dag.py:3239} INFO - Sync 1 DAGs
[2026-07-26T08:48:39.471+0000] {logging_mixin.py:190} INFO - [2026-07-26T08:48:39.470+0000] {dag.py:4180} INFO - Setting next_dagrun for dbt_docs_generate_and_publish to 2026-07-25 02:00:00+00:00, run_after=2026-07-26 02:00:00+00:00
[2026-07-26T08:48:39.495+0000] {processor.py:208} INFO - Processing /opt/airflow/dags/dbt_docs_pipeline.py took 0.112 seconds
[2026-07-26T08:49:09.967+0000] {processor.py:186} INFO - Started process (PID=4838) to work on /opt/airflow/dags/dbt_docs_pipeline.py
[2026-07-26T08:49:09.968+0000] {processor.py:914} INFO - Processing file /opt/airflow/dags/dbt_docs_pipeline.py for tasks to queue
[2026-07-26T08:49:09.969+0000] {logging_mixin.py:190} INFO - [2026-07-26T08:49:09.969+0000] {dagbag.py:588} INFO - Filling up the DagBag from /opt/airflow/dags/dbt_docs_pipeline.py
[2026-07-26T08:49:09.996+0000] {processor.py:925} INFO - DAG(s) 'dbt_docs_generate_and_publish' retrieved from /opt/airflow/dags/dbt_docs_pipeline.py
[2026-07-26T08:49:10.022+0000] {logging_mixin.py:190} INFO - [2026-07-26T08:49:10.022+0000] {dag.py:3239} INFO - Sync 1 DAGs
[2026-07-26T08:49:10.046+0000] {logging_mixin.py:190} INFO - [2026-07-26T08:49:10.046+0000] {dag.py:4180} INFO - Setting next_dagrun for dbt_docs_generate_and_publish to 2026-07-25 02:00:00+00:00, run_after=2026-07-26 02:00:00+00:00
[2026-07-26T08:49:10.069+0000] {processor.py:208} INFO - Processing /opt/airflow/dags/dbt_docs_pipeline.py took 0.108 seconds
[2026-07-26T08:49:40.619+0000] {processor.py:186} INFO - Started process (PID=4931) to work on /opt/airflow/dags/dbt_docs_pipeline.py
[2026-07-26T08:49:40.620+0000] {processor.py:914} INFO - Processing file /opt/airflow/dags/dbt_docs_pipeline.py for tasks to queue
[2026-07-26T08:49:40.621+0000] {logging_mixin.py:190} INFO - [2026-07-26T08:49:40.621+0000] {dagbag.py:588} INFO - Filling up the DagBag from /opt/airflow/dags/dbt_docs_pipeline.py
[2026-07-26T08:49:40.648+0000] {processor.py:925} INFO - DAG(s) 'dbt_docs_generate_and_publish' retrieved from /opt/airflow/dags/dbt_docs_pipeline.py
[2026-07-26T08:49:40.673+0000] {logging_mixin.py:190} INFO - [2026-07-26T08:49:40.673+0000] {dag.py:3239} INFO - Sync 1 DAGs
[2026-07-26T08:49:40.698+0000] {logging_mixin.py:190} INFO - [2026-07-26T08:49:40.697+0000] {dag.py:4180} INFO - Setting next_dagrun for dbt_docs_generate_and_publish to 2026-07-25 02:00:00+00:00, run_after=2026-07-26 02:00:00+00:00
[2026-07-26T08:49:40.721+0000] {processor.py:208} INFO - Processing /opt/airflow/dags/dbt_docs_pipeline.py took 0.108 seconds
[2026-07-26T08:50:11.184+0000] {processor.py:186} INFO - Started process (PID=5022) to work on /opt/airflow/dags/dbt_docs_pipeline.py
[2026-07-26T08:50:11.185+0000] {processor.py:914} INFO - Processing file /opt/airflow/dags/dbt_docs_pipeline.py for tasks to queue
[2026-07-26T08:50:11.186+0000] {logging_mixin.py:190} INFO - [2026-07-26T08:50:11.186+0000] {dagbag.py:588} INFO - Filling up the DagBag from /opt/airflow/dags/dbt_docs_pipeline.py
[2026-07-26T08:50:11.211+0000] {processor.py:925} INFO - DAG(s) 'dbt_docs_generate_and_publish' retrieved from /opt/airflow/dags/dbt_docs_pipeline.py
[2026-07-26T08:50:11.237+0000] {logging_mixin.py:190} INFO - [2026-07-26T08:50:11.237+0000] {dag.py:3239} INFO - Sync 1 DAGs
[2026-07-26T08:50:11.267+0000] {logging_mixin.py:190} INFO - [2026-07-26T08:50:11.267+0000] {dag.py:4180} INFO - Setting next_dagrun for dbt_docs_generate_and_publish to 2026-07-25 02:00:00+00:00, run_after=2026-07-26 02:00:00+00:00
[2026-07-26T08:50:11.288+0000] {processor.py:208} INFO - Processing /opt/airflow/dags/dbt_docs_pipeline.py took 0.110 seconds
[2026-07-26T08:50:41.970+0000] {processor.py:186} INFO - Started process (PID=5112) to work on /opt/airflow/dags/dbt_docs_pipeline.py
[2026-07-26T08:50:41.971+0000] {processor.py:914} INFO - Processing file /opt/airflow/dags/dbt_docs_pipeline.py for tasks to queue
[2026-07-26T08:50:41.973+0000] {logging_mixin.py:190} INFO - [2026-07-26T08:50:41.973+0000] {dagbag.py:588} INFO - Filling up the DagBag from /opt/airflow/dags/dbt_docs_pipeline.py
[2026-07-26T08:50:42.001+0000] {processor.py:925} INFO - DAG(s) 'dbt_docs_generate_and_publish' retrieved from /opt/airflow/dags/dbt_docs_pipeline.py
[2026-07-26T08:50:42.027+0000] {logging_mixin.py:190} INFO - [2026-07-26T08:50:42.027+0000] {dag.py:3239} INFO - Sync 1 DAGs
[2026-07-26T08:50:42.052+0000] {logging_mixin.py:190} INFO - [2026-07-26T08:50:42.052+0000] {dag.py:4180} INFO - Setting next_dagrun for dbt_docs_generate_and_publish to 2026-07-25 02:00:00+00:00, run_after=2026-07-26 02:00:00+00:00
[2026-07-26T08:50:42.073+0000] {processor.py:208} INFO - Processing /opt/airflow/dags/dbt_docs_pipeline.py took 0.108 seconds
[2026-07-26T08:51:12.367+0000] {processor.py:186} INFO - Started process (PID=5205) to work on /opt/airflow/dags/dbt_docs_pipeline.py
[2026-07-26T08:51:12.368+0000] {processor.py:914} INFO - Processing file /opt/airflow/dags/dbt_docs_pipeline.py for tasks to queue
[2026-07-26T08:51:12.369+0000] {logging_mixin.py:190} INFO - [2026-07-26T08:51:12.369+0000] {dagbag.py:588} INFO - Filling up the DagBag from /opt/airflow/dags/dbt_docs_pipeline.py
[2026-07-26T08:51:12.396+0000] {processor.py:925} INFO - DAG(s) 'dbt_docs_generate_and_publish' retrieved from /opt/airflow/dags/dbt_docs_pipeline.py
[2026-07-26T08:51:12.421+0000] {logging_mixin.py:190} INFO - [2026-07-26T08:51:12.421+0000] {dag.py:3239} INFO - Sync 1 DAGs
[2026-07-26T08:51:12.445+0000] {logging_mixin.py:190} INFO - [2026-07-26T08:51:12.445+0000] {dag.py:4180} INFO - Setting next_dagrun for dbt_docs_generate_and_publish to 2026-07-25 02:00:00+00:00, run_after=2026-07-26 02:00:00+00:00
[2026-07-26T08:51:12.468+0000] {processor.py:208} INFO - Processing /opt/airflow/dags/dbt_docs_pipeline.py took 0.109 seconds
[2026-07-26T08:51:43.416+0000] {processor.py:186} INFO - Started process (PID=5296) to work on /opt/airflow/dags/dbt_docs_pipeline.py
[2026-07-26T08:51:43.418+0000] {processor.py:914} INFO - Processing file /opt/airflow/dags/dbt_docs_pipeline.py for tasks to queue
[2026-07-26T08:51:43.419+0000] {logging_mixin.py:190} INFO - [2026-07-26T08:51:43.419+0000] {dagbag.py:588} INFO - Filling up the DagBag from /opt/airflow/dags/dbt_docs_pipeline.py
[2026-07-26T08:51:43.451+0000] {processor.py:925} INFO - DAG(s) 'dbt_docs_generate_and_publish' retrieved from /opt/airflow/dags/dbt_docs_pipeline.py
[2026-07-26T08:51:43.480+0000] {logging_mixin.py:190} INFO - [2026-07-26T08:51:43.480+0000] {dag.py:3239} INFO - Sync 1 DAGs
[2026-07-26T08:51:43.510+0000] {logging_mixin.py:190} INFO - [2026-07-26T08:51:43.510+0000] {dag.py:4180} INFO - Setting next_dagrun for dbt_docs_generate_and_publish to 2026-07-25 02:00:00+00:00, run_after=2026-07-26 02:00:00+00:00
[2026-07-26T08:51:43.532+0000] {processor.py:208} INFO - Processing /opt/airflow/dags/dbt_docs_pipeline.py took 0.123 seconds
[2026-07-26T08:52:14.253+0000] {processor.py:186} INFO - Started process (PID=5386) to work on /opt/airflow/dags/dbt_docs_pipeline.py
[2026-07-26T08:52:14.254+0000] {processor.py:914} INFO - Processing file /opt/airflow/dags/dbt_docs_pipeline.py for tasks to queue
[2026-07-26T08:52:14.255+0000] {logging_mixin.py:190} INFO - [2026-07-26T08:52:14.255+0000] {dagbag.py:588} INFO - Filling up the DagBag from /opt/airflow/dags/dbt_docs_pipeline.py
[2026-07-26T08:52:14.282+0000] {processor.py:925} INFO - DAG(s) 'dbt_docs_generate_and_publish' retrieved from /opt/airflow/dags/dbt_docs_pipeline.py
[2026-07-26T08:52:14.309+0000] {logging_mixin.py:190} INFO - [2026-07-26T08:52:14.309+0000] {dag.py:3239} INFO - Sync 1 DAGs
[2026-07-26T08:52:14.335+0000] {logging_mixin.py:190} INFO - [2026-07-26T08:52:14.335+0000] {dag.py:4180} INFO - Setting next_dagrun for dbt_docs_generate_and_publish to 2026-07-25 02:00:00+00:00, run_after=2026-07-26 02:00:00+00:00
[2026-07-26T08:52:14.359+0000] {processor.py:208} INFO - Processing /opt/airflow/dags/dbt_docs_pipeline.py took 0.111 seconds
[2026-07-26T08:52:44.902+0000] {processor.py:186} INFO - Started process (PID=5479) to work on /opt/airflow/dags/dbt_docs_pipeline.py
[2026-07-26T08:52:44.903+0000] {processor.py:914} INFO - Processing file /opt/airflow/dags/dbt_docs_pipeline.py for tasks to queue
[2026-07-26T08:52:44.905+0000] {logging_mixin.py:190} INFO - [2026-07-26T08:52:44.904+0000] {dagbag.py:588} INFO - Filling up the DagBag from /opt/airflow/dags/dbt_docs_pipeline.py
[2026-07-26T08:52:44.933+0000] {processor.py:925} INFO - DAG(s) 'dbt_docs_generate_and_publish' retrieved from /opt/airflow/dags/dbt_docs_pipeline.py
[2026-07-26T08:52:44.960+0000] {logging_mixin.py:190} INFO - [2026-07-26T08:52:44.960+0000] {dag.py:3239} INFO - Sync 1 DAGs
[2026-07-26T08:52:44.987+0000] {logging_mixin.py:190} INFO - [2026-07-26T08:52:44.986+0000] {dag.py:4180} INFO - Setting next_dagrun for dbt_docs_generate_and_publish to 2026-07-25 02:00:00+00:00, run_after=2026-07-26 02:00:00+00:00
[2026-07-26T08:52:45.012+0000] {processor.py:208} INFO - Processing /opt/airflow/dags/dbt_docs_pipeline.py took 0.116 seconds
[2026-07-26T08:53:15.137+0000] {processor.py:186} INFO - Started process (PID=5572) to work on /opt/airflow/dags/dbt_docs_pipeline.py
[2026-07-26T08:53:15.138+0000] {processor.py:914} INFO - Processing file /opt/airflow/dags/dbt_docs_pipeline.py for tasks to queue
[2026-07-26T08:53:15.140+0000] {logging_mixin.py:190} INFO - [2026-07-26T08:53:15.139+0000] {dagbag.py:588} INFO - Filling up the DagBag from /opt/airflow/dags/dbt_docs_pipeline.py
[2026-07-26T08:53:15.166+0000] {processor.py:925} INFO - DAG(s) 'dbt_docs_generate_and_publish' retrieved from /opt/airflow/dags/dbt_docs_pipeline.py
[2026-07-26T08:53:15.193+0000] {logging_mixin.py:190} INFO - [2026-07-26T08:53:15.193+0000] {dag.py:3239} INFO - Sync 1 DAGs
[2026-07-26T08:53:15.218+0000] {logging_mixin.py:190} INFO - [2026-07-26T08:53:15.218+0000] {dag.py:4180} INFO - Setting next_dagrun for dbt_docs_generate_and_publish to 2026-07-25 02:00:00+00:00, run_after=2026-07-26 02:00:00+00:00
[2026-07-26T08:53:15.240+0000] {processor.py:208} INFO - Processing /opt/airflow/dags/dbt_docs_pipeline.py took 0.109 seconds
[2026-07-26T08:53:45.388+0000] {processor.py:186} INFO - Started process (PID=5663) to work on /opt/airflow/dags/dbt_docs_pipeline.py
[2026-07-26T08:53:45.389+0000] {processor.py:914} INFO - Processing file /opt/airflow/dags/dbt_docs_pipeline.py for tasks to queue
[2026-07-26T08:53:45.390+0000] {logging_mixin.py:190} INFO - [2026-07-26T08:53:45.390+0000] {dagbag.py:588} INFO - Filling up the DagBag from /opt/airflow/dags/dbt_docs_pipeline.py
[2026-07-26T08:53:45.419+0000] {processor.py:925} INFO - DAG(s) 'dbt_docs_generate_and_publish' retrieved from /opt/airflow/dags/dbt_docs_pipeline.py
[2026-07-26T08:53:45.444+0000] {logging_mixin.py:190} INFO - [2026-07-26T08:53:45.444+0000] {dag.py:3239} INFO - Sync 1 DAGs
[2026-07-26T08:53:45.470+0000] {logging_mixin.py:190} INFO - [2026-07-26T08:53:45.469+0000] {dag.py:4180} INFO - Setting next_dagrun for dbt_docs_generate_and_publish to 2026-07-25 02:00:00+00:00, run_after=2026-07-26 02:00:00+00:00
[2026-07-26T08:53:45.493+0000] {processor.py:208} INFO - Processing /opt/airflow/dags/dbt_docs_pipeline.py took 0.112 seconds
[2026-07-26T08:54:16.291+0000] {processor.py:186} INFO - Started process (PID=5753) to work on /opt/airflow/dags/dbt_docs_pipeline.py
[2026-07-26T08:54:16.292+0000] {processor.py:914} INFO - Processing file /opt/airflow/dags/dbt_docs_pipeline.py for tasks to queue
[2026-07-26T08:54:16.293+0000] {logging_mixin.py:190} INFO - [2026-07-26T08:54:16.293+0000] {dagbag.py:588} INFO - Filling up the DagBag from /opt/airflow/dags/dbt_docs_pipeline.py
[2026-07-26T08:54:16.320+0000] {processor.py:925} INFO - DAG(s) 'dbt_docs_generate_and_publish' retrieved from /opt/airflow/dags/dbt_docs_pipeline.py
[2026-07-26T08:54:16.347+0000] {logging_mixin.py:190} INFO - [2026-07-26T08:54:16.346+0000] {dag.py:3239} INFO - Sync 1 DAGs
[2026-07-26T08:54:16.372+0000] {logging_mixin.py:190} INFO - [2026-07-26T08:54:16.372+0000] {dag.py:4180} INFO - Setting next_dagrun for dbt_docs_generate_and_publish to 2026-07-25 02:00:00+00:00, run_after=2026-07-26 02:00:00+00:00
[2026-07-26T08:54:16.396+0000] {processor.py:208} INFO - Processing /opt/airflow/dags/dbt_docs_pipeline.py took 0.113 seconds
[2026-07-26T08:54:46.893+0000] {processor.py:186} INFO - Started process (PID=5846) to work on /opt/airflow/dags/dbt_docs_pipeline.py
[2026-07-26T08:54:46.894+0000] {processor.py:914} INFO - Processing file /opt/airflow/dags/dbt_docs_pipeline.py for tasks to queue
[2026-07-26T08:54:46.895+0000] {logging_mixin.py:190} INFO - [2026-07-26T08:54:46.894+0000] {dagbag.py:588} INFO - Filling up the DagBag from /opt/airflow/dags/dbt_docs_pipeline.py
[2026-07-26T08:54:46.923+0000] {processor.py:925} INFO - DAG(s) 'dbt_docs_generate_and_publish' retrieved from /opt/airflow/dags/dbt_docs_pipeline.py
[2026-07-26T08:54:46.951+0000] {logging_mixin.py:190} INFO - [2026-07-26T08:54:46.951+0000] {dag.py:3239} INFO - Sync 1 DAGs
[2026-07-26T08:54:46.977+0000] {logging_mixin.py:190} INFO - [2026-07-26T08:54:46.977+0000] {dag.py:4180} INFO - Setting next_dagrun for dbt_docs_generate_and_publish to 2026-07-25 02:00:00+00:00, run_after=2026-07-26 02:00:00+00:00
[2026-07-26T08:54:47.003+0000] {processor.py:208} INFO - Processing /opt/airflow/dags/dbt_docs_pipeline.py took 0.115 seconds
[2026-07-26T08:55:17.458+0000] {processor.py:186} INFO - Started process (PID=5937) to work on /opt/airflow/dags/dbt_docs_pipeline.py
[2026-07-26T08:55:17.459+0000] {processor.py:914} INFO - Processing file /opt/airflow/dags/dbt_docs_pipeline.py for tasks to queue
[2026-07-26T08:55:17.461+0000] {logging_mixin.py:190} INFO - [2026-07-26T08:55:17.460+0000] {dagbag.py:588} INFO - Filling up the DagBag from /opt/airflow/dags/dbt_docs_pipeline.py
[2026-07-26T08:55:17.487+0000] {processor.py:925} INFO - DAG(s) 'dbt_docs_generate_and_publish' retrieved from /opt/airflow/dags/dbt_docs_pipeline.py
[2026-07-26T08:55:17.510+0000] {logging_mixin.py:190} INFO - [2026-07-26T08:55:17.509+0000] {dag.py:3239} INFO - Sync 1 DAGs
[2026-07-26T08:55:17.534+0000] {logging_mixin.py:190} INFO - [2026-07-26T08:55:17.534+0000] {dag.py:4180} INFO - Setting next_dagrun for dbt_docs_generate_and_publish to 2026-07-25 02:00:00+00:00, run_after=2026-07-26 02:00:00+00:00
[2026-07-26T08:55:17.557+0000] {processor.py:208} INFO - Processing /opt/airflow/dags/dbt_docs_pipeline.py took 0.104 seconds
[2026-07-26T08:55:47.790+0000] {processor.py:186} INFO - Started process (PID=6027) to work on /opt/airflow/dags/dbt_docs_pipeline.py
[2026-07-26T08:55:47.791+0000] {processor.py:914} INFO - Processing file /opt/airflow/dags/dbt_docs_pipeline.py for tasks to queue
[2026-07-26T08:55:47.793+0000] {logging_mixin.py:190} INFO - [2026-07-26T08:55:47.793+0000] {dagbag.py:588} INFO - Filling up the DagBag from /opt/airflow/dags/dbt_docs_pipeline.py
[2026-07-26T08:55:47.820+0000] {processor.py:925} INFO - DAG(s) 'dbt_docs_generate_and_publish' retrieved from /opt/airflow/dags/dbt_docs_pipeline.py
[2026-07-26T08:55:47.851+0000] {logging_mixin.py:190} INFO - [2026-07-26T08:55:47.851+0000] {dag.py:3239} INFO - Sync 1 DAGs
[2026-07-26T08:55:47.875+0000] {logging_mixin.py:190} INFO - [2026-07-26T08:55:47.874+0000] {dag.py:4180} INFO - Setting next_dagrun for dbt_docs_generate_and_publish to 2026-07-25 02:00:00+00:00, run_after=2026-07-26 02:00:00+00:00
[2026-07-26T08:55:47.895+0000] {processor.py:208} INFO - Processing /opt/airflow/dags/dbt_docs_pipeline.py took 0.111 seconds
[2026-07-26T08:56:18.236+0000] {processor.py:186} INFO - Started process (PID=6120) to work on /opt/airflow/dags/dbt_docs_pipeline.py
[2026-07-26T08:56:18.237+0000] {processor.py:914} INFO - Processing file /opt/airflow/dags/dbt_docs_pipeline.py for tasks to queue
[2026-07-26T08:56:18.238+0000] {logging_mixin.py:190} INFO - [2026-07-26T08:56:18.238+0000] {dagbag.py:588} INFO - Filling up the DagBag from /opt/airflow/dags/dbt_docs_pipeline.py
[2026-07-26T08:56:18.266+0000] {processor.py:925} INFO - DAG(s) 'dbt_docs_generate_and_publish' retrieved from /opt/airflow/dags/dbt_docs_pipeline.py
[2026-07-26T08:56:18.295+0000] {logging_mixin.py:190} INFO - [2026-07-26T08:56:18.295+0000] {dag.py:3239} INFO - Sync 1 DAGs
[2026-07-26T08:56:18.322+0000] {logging_mixin.py:190} INFO - [2026-07-26T08:56:18.322+0000] {dag.py:4180} INFO - Setting next_dagrun for dbt_docs_generate_and_publish to 2026-07-25 02:00:00+00:00, run_after=2026-07-26 02:00:00+00:00
[2026-07-26T08:56:18.344+0000] {processor.py:208} INFO - Processing /opt/airflow/dags/dbt_docs_pipeline.py took 0.113 seconds
[2026-07-26T08:56:49.037+0000] {processor.py:186} INFO - Started process (PID=6213) to work on /opt/airflow/dags/dbt_docs_pipeline.py
[2026-07-26T08:56:49.039+0000] {processor.py:914} INFO - Processing file /opt/airflow/dags/dbt_docs_pipeline.py for tasks to queue
[2026-07-26T08:56:49.040+0000] {logging_mixin.py:190} INFO - [2026-07-26T08:56:49.040+0000] {dagbag.py:588} INFO - Filling up the DagBag from /opt/airflow/dags/dbt_docs_pipeline.py
[2026-07-26T08:56:49.067+0000] {processor.py:925} INFO - DAG(s) 'dbt_docs_generate_and_publish' retrieved from /opt/airflow/dags/dbt_docs_pipeline.py
[2026-07-26T08:56:49.093+0000] {logging_mixin.py:190} INFO - [2026-07-26T08:56:49.092+0000] {dag.py:3239} INFO - Sync 1 DAGs
[2026-07-26T08:56:49.120+0000] {logging_mixin.py:190} INFO - [2026-07-26T08:56:49.119+0000] {dag.py:4180} INFO - Setting next_dagrun for dbt_docs_generate_and_publish to 2026-07-25 02:00:00+00:00, run_after=2026-07-26 02:00:00+00:00
[2026-07-26T08:56:49.143+0000] {processor.py:208} INFO - Processing /opt/airflow/dags/dbt_docs_pipeline.py took 0.111 seconds
[2026-07-26T08:57:19.895+0000] {processor.py:186} INFO - Started process (PID=6304) to work on /opt/airflow/dags/dbt_docs_pipeline.py
[2026-07-26T08:57:19.898+0000] {processor.py:914} INFO - Processing file /opt/airflow/dags/dbt_docs_pipeline.py for tasks to queue
[2026-07-26T08:57:19.900+0000] {logging_mixin.py:190} INFO - [2026-07-26T08:57:19.900+0000] {dagbag.py:588} INFO - Filling up the DagBag from /opt/airflow/dags/dbt_docs_pipeline.py
[2026-07-26T08:57:19.932+0000] {processor.py:925} INFO - DAG(s) 'dbt_docs_generate_and_publish' retrieved from /opt/airflow/dags/dbt_docs_pipeline.py
[2026-07-26T08:57:19.956+0000] {logging_mixin.py:190} INFO - [2026-07-26T08:57:19.956+0000] {dag.py:3239} INFO - Sync 1 DAGs
[2026-07-26T08:57:19.984+0000] {logging_mixin.py:190} INFO - [2026-07-26T08:57:19.984+0000] {dag.py:4180} INFO - Setting next_dagrun for dbt_docs_generate_and_publish to 2026-07-25 02:00:00+00:00, run_after=2026-07-26 02:00:00+00:00
[2026-07-26T08:57:20.006+0000] {processor.py:208} INFO - Processing /opt/airflow/dags/dbt_docs_pipeline.py took 0.118 seconds
[2026-07-26T08:57:50.936+0000] {processor.py:186} INFO - Started process (PID=6458) to work on /opt/airflow/dags/dbt_docs_pipeline.py
[2026-07-26T08:57:50.938+0000] {processor.py:914} INFO - Processing file /opt/airflow/dags/dbt_docs_pipeline.py for tasks to queue
[2026-07-26T08:57:50.945+0000] {logging_mixin.py:190} INFO - [2026-07-26T08:57:50.943+0000] {dagbag.py:588} INFO - Filling up the DagBag from /opt/airflow/dags/dbt_docs_pipeline.py
[2026-07-26T08:57:51.052+0000] {processor.py:925} INFO - DAG(s) 'dbt_docs_generate_and_publish' retrieved from /opt/airflow/dags/dbt_docs_pipeline.py
[2026-07-26T10:04:09.086+0000] {processor.py:186} INFO - Started process (PID=172) to work on /opt/airflow/dags/dbt_docs_pipeline.py
[2026-07-26T10:04:09.089+0000] {processor.py:914} INFO - Processing file /opt/airflow/dags/dbt_docs_pipeline.py for tasks to queue
[2026-07-26T10:04:09.091+0000] {logging_mixin.py:190} INFO - [2026-07-26T10:04:09.091+0000] {dagbag.py:588} INFO - Filling up the DagBag from /opt/airflow/dags/dbt_docs_pipeline.py
[2026-07-26T10:04:09.135+0000] {processor.py:925} INFO - DAG(s) 'dbt_docs_generate_and_publish' retrieved from /opt/airflow/dags/dbt_docs_pipeline.py
[2026-07-26T10:04:09.190+0000] {logging_mixin.py:190} INFO - [2026-07-26T10:04:09.189+0000] {dag.py:3239} INFO - Sync 1 DAGs
[2026-07-26T10:04:09.234+0000] {logging_mixin.py:190} INFO - [2026-07-26T10:04:09.233+0000] {dag.py:4180} INFO - Setting next_dagrun for dbt_docs_generate_and_publish to 2026-07-25 02:00:00+00:00, run_after=2026-07-26 02:00:00+00:00
[2026-07-26T10:04:09.276+0000] {processor.py:208} INFO - Processing /opt/airflow/dags/dbt_docs_pipeline.py took 0.199 seconds
[2026-07-26T10:04:39.519+0000] {processor.py:186} INFO - Started process (PID=263) to work on /opt/airflow/dags/dbt_docs_pipeline.py
[2026-07-26T10:04:39.520+0000] {processor.py:914} INFO - Processing file /opt/airflow/dags/dbt_docs_pipeline.py for tasks to queue
[2026-07-26T10:04:39.524+0000] {logging_mixin.py:190} INFO - [2026-07-26T10:04:39.523+0000] {dagbag.py:588} INFO - Filling up the DagBag from /opt/airflow/dags/dbt_docs_pipeline.py
[2026-07-26T10:04:39.554+0000] {processor.py:925} INFO - DAG(s) 'dbt_docs_generate_and_publish' retrieved from /opt/airflow/dags/dbt_docs_pipeline.py
[2026-07-26T10:04:39.582+0000] {logging_mixin.py:190} INFO - [2026-07-26T10:04:39.581+0000] {dag.py:3239} INFO - Sync 1 DAGs
[2026-07-26T10:04:39.612+0000] {logging_mixin.py:190} INFO - [2026-07-26T10:04:39.612+0000] {dag.py:4180} INFO - Setting next_dagrun for dbt_docs_generate_and_publish to 2026-07-25 02:00:00+00:00, run_after=2026-07-26 02:00:00+00:00
[2026-07-26T10:04:39.634+0000] {processor.py:208} INFO - Processing /opt/airflow/dags/dbt_docs_pipeline.py took 0.120 seconds
[2026-07-26T10:05:09.925+0000] {processor.py:186} INFO - Started process (PID=356) to work on /opt/airflow/dags/dbt_docs_pipeline.py
[2026-07-26T10:05:09.927+0000] {processor.py:914} INFO - Processing file /opt/airflow/dags/dbt_docs_pipeline.py for tasks to queue
[2026-07-26T10:05:09.929+0000] {logging_mixin.py:190} INFO - [2026-07-26T10:05:09.929+0000] {dagbag.py:588} INFO - Filling up the DagBag from /opt/airflow/dags/dbt_docs_pipeline.py
[2026-07-26T10:05:09.959+0000] {processor.py:925} INFO - DAG(s) 'dbt_docs_generate_and_publish' retrieved from /opt/airflow/dags/dbt_docs_pipeline.py
[2026-07-26T10:05:09.985+0000] {logging_mixin.py:190} INFO - [2026-07-26T10:05:09.985+0000] {dag.py:3239} INFO - Sync 1 DAGs
[2026-07-26T10:05:10.008+0000] {logging_mixin.py:190} INFO - [2026-07-26T10:05:10.008+0000] {dag.py:4180} INFO - Setting next_dagrun for dbt_docs_generate_and_publish to 2026-07-25 02:00:00+00:00, run_after=2026-07-26 02:00:00+00:00
[2026-07-26T10:05:10.028+0000] {processor.py:208} INFO - Processing /opt/airflow/dags/dbt_docs_pipeline.py took 0.108 seconds
[2026-07-26T10:05:40.508+0000] {processor.py:186} INFO - Started process (PID=444) to work on /opt/airflow/dags/dbt_docs_pipeline.py
[2026-07-26T10:05:40.509+0000] {processor.py:914} INFO - Processing file /opt/airflow/dags/dbt_docs_pipeline.py for tasks to queue
[2026-07-26T10:05:40.512+0000] {logging_mixin.py:190} INFO - [2026-07-26T10:05:40.511+0000] {dagbag.py:588} INFO - Filling up the DagBag from /opt/airflow/dags/dbt_docs_pipeline.py
[2026-07-26T10:05:40.541+0000] {processor.py:925} INFO - DAG(s) 'dbt_docs_generate_and_publish' retrieved from /opt/airflow/dags/dbt_docs_pipeline.py
[2026-07-26T10:05:40.569+0000] {logging_mixin.py:190} INFO - [2026-07-26T10:05:40.569+0000] {dag.py:3239} INFO - Sync 1 DAGs
[2026-07-26T10:05:40.597+0000] {logging_mixin.py:190} INFO - [2026-07-26T10:05:40.597+0000] {dag.py:4180} INFO - Setting next_dagrun for dbt_docs_generate_and_publish to 2026-07-25 02:00:00+00:00, run_after=2026-07-26 02:00:00+00:00
[2026-07-26T10:05:40.621+0000] {processor.py:208} INFO - Processing /opt/airflow/dags/dbt_docs_pipeline.py took 0.119 seconds
[2026-07-26T10:06:10.869+0000] {processor.py:186} INFO - Started process (PID=537) to work on /opt/airflow/dags/dbt_docs_pipeline.py
[2026-07-26T10:06:10.870+0000] {processor.py:914} INFO - Processing file /opt/airflow/dags/dbt_docs_pipeline.py for tasks to queue
[2026-07-26T10:06:10.873+0000] {logging_mixin.py:190} INFO - [2026-07-26T10:06:10.872+0000] {dagbag.py:588} INFO - Filling up the DagBag from /opt/airflow/dags/dbt_docs_pipeline.py
[2026-07-26T10:06:10.902+0000] {processor.py:925} INFO - DAG(s) 'dbt_docs_generate_and_publish' retrieved from /opt/airflow/dags/dbt_docs_pipeline.py
[2026-07-26T10:06:10.928+0000] {logging_mixin.py:190} INFO - [2026-07-26T10:06:10.928+0000] {dag.py:3239} INFO - Sync 1 DAGs
[2026-07-26T10:06:10.954+0000] {logging_mixin.py:190} INFO - [2026-07-26T10:06:10.953+0000] {dag.py:4180} INFO - Setting next_dagrun for dbt_docs_generate_and_publish to 2026-07-25 02:00:00+00:00, run_after=2026-07-26 02:00:00+00:00
[2026-07-26T10:06:10.976+0000] {processor.py:208} INFO - Processing /opt/airflow/dags/dbt_docs_pipeline.py took 0.114 seconds
[2026-07-26T10:06:41.651+0000] {processor.py:186} INFO - Started process (PID=630) to work on /opt/airflow/dags/dbt_docs_pipeline.py
[2026-07-26T10:06:41.652+0000] {processor.py:914} INFO - Processing file /opt/airflow/dags/dbt_docs_pipeline.py for tasks to queue
[2026-07-26T10:06:41.654+0000] {logging_mixin.py:190} INFO - [2026-07-26T10:06:41.654+0000] {dagbag.py:588} INFO - Filling up the DagBag from /opt/airflow/dags/dbt_docs_pipeline.py
[2026-07-26T10:06:41.681+0000] {processor.py:925} INFO - DAG(s) 'dbt_docs_generate_and_publish' retrieved from /opt/airflow/dags/dbt_docs_pipeline.py
[2026-07-26T10:06:41.705+0000] {logging_mixin.py:190} INFO - [2026-07-26T10:06:41.705+0000] {dag.py:3239} INFO - Sync 1 DAGs
[2026-07-26T10:06:41.730+0000] {logging_mixin.py:190} INFO - [2026-07-26T10:06:41.729+0000] {dag.py:4180} INFO - Setting next_dagrun for dbt_docs_generate_and_publish to 2026-07-25 02:00:00+00:00, run_after=2026-07-26 02:00:00+00:00
[2026-07-26T10:06:41.751+0000] {processor.py:208} INFO - Processing /opt/airflow/dags/dbt_docs_pipeline.py took 0.106 seconds
[2026-07-26T10:07:12.272+0000] {processor.py:186} INFO - Started process (PID=723) to work on /opt/airflow/dags/dbt_docs_pipeline.py
[2026-07-26T10:07:12.273+0000] {processor.py:914} INFO - Processing file /opt/airflow/dags/dbt_docs_pipeline.py for tasks to queue
[2026-07-26T10:07:12.275+0000] {logging_mixin.py:190} INFO - [2026-07-26T10:07:12.275+0000] {dagbag.py:588} INFO - Filling up the DagBag from /opt/airflow/dags/dbt_docs_pipeline.py
[2026-07-26T10:07:12.302+0000] {processor.py:925} INFO - DAG(s) 'dbt_docs_generate_and_publish' retrieved from /opt/airflow/dags/dbt_docs_pipeline.py
[2026-07-26T10:07:12.323+0000] {logging_mixin.py:190} INFO - [2026-07-26T10:07:12.323+0000] {dag.py:3239} INFO - Sync 1 DAGs
[2026-07-26T10:07:12.346+0000] {logging_mixin.py:190} INFO - [2026-07-26T10:07:12.346+0000] {dag.py:4180} INFO - Setting next_dagrun for dbt_docs_generate_and_publish to 2026-07-25 02:00:00+00:00, run_after=2026-07-26 02:00:00+00:00
[2026-07-26T10:07:12.366+0000] {processor.py:208} INFO - Processing /opt/airflow/dags/dbt_docs_pipeline.py took 0.100 seconds
[2026-07-26T10:07:42.514+0000] {processor.py:186} INFO - Started process (PID=811) to work on /opt/airflow/dags/dbt_docs_pipeline.py
[2026-07-26T10:07:42.515+0000] {processor.py:914} INFO - Processing file /opt/airflow/dags/dbt_docs_pipeline.py for tasks to queue
[2026-07-26T10:07:42.518+0000] {logging_mixin.py:190} INFO - [2026-07-26T10:07:42.517+0000] {dagbag.py:588} INFO - Filling up the DagBag from /opt/airflow/dags/dbt_docs_pipeline.py
[2026-07-26T10:07:42.544+0000] {processor.py:925} INFO - DAG(s) 'dbt_docs_generate_and_publish' retrieved from /opt/airflow/dags/dbt_docs_pipeline.py
[2026-07-26T10:07:42.569+0000] {logging_mixin.py:190} INFO - [2026-07-26T10:07:42.569+0000] {dag.py:3239} INFO - Sync 1 DAGs
[2026-07-26T10:07:42.596+0000] {logging_mixin.py:190} INFO - [2026-07-26T10:07:42.596+0000] {dag.py:4180} INFO - Setting next_dagrun for dbt_docs_generate_and_publish to 2026-07-25 02:00:00+00:00, run_after=2026-07-26 02:00:00+00:00
[2026-07-26T10:07:42.616+0000] {processor.py:208} INFO - Processing /opt/airflow/dags/dbt_docs_pipeline.py took 0.108 seconds
[2026-07-26T10:08:12.837+0000] {processor.py:186} INFO - Started process (PID=904) to work on /opt/airflow/dags/dbt_docs_pipeline.py
[2026-07-26T10:08:12.838+0000] {processor.py:914} INFO - Processing file /opt/airflow/dags/dbt_docs_pipeline.py for tasks to queue
[2026-07-26T10:08:12.841+0000] {logging_mixin.py:190} INFO - [2026-07-26T10:08:12.840+0000] {dagbag.py:588} INFO - Filling up the DagBag from /opt/airflow/dags/dbt_docs_pipeline.py
[2026-07-26T10:08:12.867+0000] {processor.py:925} INFO - DAG(s) 'dbt_docs_generate_and_publish' retrieved from /opt/airflow/dags/dbt_docs_pipeline.py
[2026-07-26T10:08:12.891+0000] {logging_mixin.py:190} INFO - [2026-07-26T10:08:12.891+0000] {dag.py:3239} INFO - Sync 1 DAGs
[2026-07-26T10:08:12.917+0000] {logging_mixin.py:190} INFO - [2026-07-26T10:08:12.917+0000] {dag.py:4180} INFO - Setting next_dagrun for dbt_docs_generate_and_publish to 2026-07-25 02:00:00+00:00, run_after=2026-07-26 02:00:00+00:00
[2026-07-26T10:08:12.939+0000] {processor.py:208} INFO - Processing /opt/airflow/dags/dbt_docs_pipeline.py took 0.108 seconds
[2026-07-26T10:08:43.064+0000] {processor.py:186} INFO - Started process (PID=997) to work on /opt/airflow/dags/dbt_docs_pipeline.py
[2026-07-26T10:08:43.065+0000] {processor.py:914} INFO - Processing file /opt/airflow/dags/dbt_docs_pipeline.py for tasks to queue
[2026-07-26T10:08:43.067+0000] {logging_mixin.py:190} INFO - [2026-07-26T10:08:43.067+0000] {dagbag.py:588} INFO - Filling up the DagBag from /opt/airflow/dags/dbt_docs_pipeline.py
[2026-07-26T10:08:43.094+0000] {processor.py:925} INFO - DAG(s) 'dbt_docs_generate_and_publish' retrieved from /opt/airflow/dags/dbt_docs_pipeline.py
[2026-07-26T10:08:43.119+0000] {logging_mixin.py:190} INFO - [2026-07-26T10:08:43.119+0000] {dag.py:3239} INFO - Sync 1 DAGs
[2026-07-26T10:08:43.145+0000] {logging_mixin.py:190} INFO - [2026-07-26T10:08:43.145+0000] {dag.py:4180} INFO - Setting next_dagrun for dbt_docs_generate_and_publish to 2026-07-25 02:00:00+00:00, run_after=2026-07-26 02:00:00+00:00
[2026-07-26T10:08:43.164+0000] {processor.py:208} INFO - Processing /opt/airflow/dags/dbt_docs_pipeline.py took 0.106 seconds
[2026-07-26T10:09:14.152+0000] {processor.py:186} INFO - Started process (PID=1090) to work on /opt/airflow/dags/dbt_docs_pipeline.py
[2026-07-26T10:09:14.153+0000] {processor.py:914} INFO - Processing file /opt/airflow/dags/dbt_docs_pipeline.py for tasks to queue
[2026-07-26T10:09:14.155+0000] {logging_mixin.py:190} INFO - [2026-07-26T10:09:14.155+0000] {dagbag.py:588} INFO - Filling up the DagBag from /opt/airflow/dags/dbt_docs_pipeline.py
[2026-07-26T10:09:14.182+0000] {processor.py:925} INFO - DAG(s) 'dbt_docs_generate_and_publish' retrieved from /opt/airflow/dags/dbt_docs_pipeline.py
[2026-07-26T10:09:14.209+0000] {logging_mixin.py:190} INFO - [2026-07-26T10:09:14.209+0000] {dag.py:3239} INFO - Sync 1 DAGs
[2026-07-26T10:09:14.234+0000] {logging_mixin.py:190} INFO - [2026-07-26T10:09:14.234+0000] {dag.py:4180} INFO - Setting next_dagrun for dbt_docs_generate_and_publish to 2026-07-25 02:00:00+00:00, run_after=2026-07-26 02:00:00+00:00
[2026-07-26T10:09:14.252+0000] {processor.py:208} INFO - Processing /opt/airflow/dags/dbt_docs_pipeline.py took 0.106 seconds
[2026-07-26T10:09:44.412+0000] {processor.py:186} INFO - Started process (PID=1178) to work on /opt/airflow/dags/dbt_docs_pipeline.py
[2026-07-26T10:09:44.413+0000] {processor.py:914} INFO - Processing file /opt/airflow/dags/dbt_docs_pipeline.py for tasks to queue
[2026-07-26T10:09:44.415+0000] {logging_mixin.py:190} INFO - [2026-07-26T10:09:44.415+0000] {dagbag.py:588} INFO - Filling up the DagBag from /opt/airflow/dags/dbt_docs_pipeline.py
[2026-07-26T10:09:44.441+0000] {processor.py:925} INFO - DAG(s) 'dbt_docs_generate_and_publish' retrieved from /opt/airflow/dags/dbt_docs_pipeline.py
[2026-07-26T10:09:44.469+0000] {logging_mixin.py:190} INFO - [2026-07-26T10:09:44.469+0000] {dag.py:3239} INFO - Sync 1 DAGs
[2026-07-26T10:09:44.493+0000] {logging_mixin.py:190} INFO - [2026-07-26T10:09:44.493+0000] {dag.py:4180} INFO - Setting next_dagrun for dbt_docs_generate_and_publish to 2026-07-25 02:00:00+00:00, run_after=2026-07-26 02:00:00+00:00
[2026-07-26T10:09:44.513+0000] {processor.py:208} INFO - Processing /opt/airflow/dags/dbt_docs_pipeline.py took 0.108 seconds
[2026-07-26T10:10:14.901+0000] {processor.py:186} INFO - Started process (PID=1271) to work on /opt/airflow/dags/dbt_docs_pipeline.py
[2026-07-26T10:10:14.903+0000] {processor.py:914} INFO - Processing file /opt/airflow/dags/dbt_docs_pipeline.py for tasks to queue
[2026-07-26T10:10:14.905+0000] {logging_mixin.py:190} INFO - [2026-07-26T10:10:14.905+0000] {dagbag.py:588} INFO - Filling up the DagBag from /opt/airflow/dags/dbt_docs_pipeline.py
[2026-07-26T10:10:14.933+0000] {processor.py:925} INFO - DAG(s) 'dbt_docs_generate_and_publish' retrieved from /opt/airflow/dags/dbt_docs_pipeline.py
[2026-07-26T10:10:14.962+0000] {logging_mixin.py:190} INFO - [2026-07-26T10:10:14.962+0000] {dag.py:3239} INFO - Sync 1 DAGs
[2026-07-26T10:10:14.991+0000] {logging_mixin.py:190} INFO - [2026-07-26T10:10:14.990+0000] {dag.py:4180} INFO - Setting next_dagrun for dbt_docs_generate_and_publish to 2026-07-25 02:00:00+00:00, run_after=2026-07-26 02:00:00+00:00
[2026-07-26T10:10:15.014+0000] {processor.py:208} INFO - Processing /opt/airflow/dags/dbt_docs_pipeline.py took 0.118 seconds
[2026-07-26T10:10:45.514+0000] {processor.py:186} INFO - Started process (PID=1364) to work on /opt/airflow/dags/dbt_docs_pipeline.py
[2026-07-26T10:10:45.515+0000] {processor.py:914} INFO - Processing file /opt/airflow/dags/dbt_docs_pipeline.py for tasks to queue
[2026-07-26T10:10:45.517+0000] {logging_mixin.py:190} INFO - [2026-07-26T10:10:45.517+0000] {dagbag.py:588} INFO - Filling up the DagBag from /opt/airflow/dags/dbt_docs_pipeline.py
[2026-07-26T10:10:45.543+0000] {processor.py:925} INFO - DAG(s) 'dbt_docs_generate_and_publish' retrieved from /opt/airflow/dags/dbt_docs_pipeline.py
[2026-07-26T10:10:45.564+0000] {logging_mixin.py:190} INFO - [2026-07-26T10:10:45.564+0000] {dag.py:3239} INFO - Sync 1 DAGs
[2026-07-26T10:10:45.585+0000] {logging_mixin.py:190} INFO - [2026-07-26T10:10:45.585+0000] {dag.py:4180} INFO - Setting next_dagrun for dbt_docs_generate_and_publish to 2026-07-25 02:00:00+00:00, run_after=2026-07-26 02:00:00+00:00
[2026-07-26T10:10:45.605+0000] {processor.py:208} INFO - Processing /opt/airflow/dags/dbt_docs_pipeline.py took 0.096 seconds
[2026-07-26T10:11:16.196+0000] {processor.py:186} INFO - Started process (PID=1452) to work on /opt/airflow/dags/dbt_docs_pipeline.py
[2026-07-26T10:11:16.197+0000] {processor.py:914} INFO - Processing file /opt/airflow/dags/dbt_docs_pipeline.py for tasks to queue
[2026-07-26T10:11:16.201+0000] {logging_mixin.py:190} INFO - [2026-07-26T10:11:16.201+0000] {dagbag.py:588} INFO - Filling up the DagBag from /opt/airflow/dags/dbt_docs_pipeline.py
[2026-07-26T10:11:16.229+0000] {processor.py:925} INFO - DAG(s) 'dbt_docs_generate_and_publish' retrieved from /opt/airflow/dags/dbt_docs_pipeline.py
[2026-07-26T10:11:16.263+0000] {logging_mixin.py:190} INFO - [2026-07-26T10:11:16.262+0000] {dag.py:3239} INFO - Sync 1 DAGs
[2026-07-26T10:11:16.285+0000] {logging_mixin.py:190} INFO - [2026-07-26T10:11:16.285+0000] {dag.py:4180} INFO - Setting next_dagrun for dbt_docs_generate_and_publish to 2026-07-25 02:00:00+00:00, run_after=2026-07-26 02:00:00+00:00
[2026-07-26T10:11:16.305+0000] {processor.py:208} INFO - Processing /opt/airflow/dags/dbt_docs_pipeline.py took 0.116 seconds
[2026-07-26T10:11:46.478+0000] {processor.py:186} INFO - Started process (PID=1545) to work on /opt/airflow/dags/dbt_docs_pipeline.py
[2026-07-26T10:11:46.480+0000] {processor.py:914} INFO - Processing file /opt/airflow/dags/dbt_docs_pipeline.py for tasks to queue
[2026-07-26T10:11:46.482+0000] {logging_mixin.py:190} INFO - [2026-07-26T10:11:46.482+0000] {dagbag.py:588} INFO - Filling up the DagBag from /opt/airflow/dags/dbt_docs_pipeline.py
[2026-07-26T10:11:46.510+0000] {processor.py:925} INFO - DAG(s) 'dbt_docs_generate_and_publish' retrieved from /opt/airflow/dags/dbt_docs_pipeline.py
[2026-07-26T10:11:46.537+0000] {logging_mixin.py:190} INFO - [2026-07-26T10:11:46.537+0000] {dag.py:3239} INFO - Sync 1 DAGs
[2026-07-26T10:11:46.563+0000] {logging_mixin.py:190} INFO - [2026-07-26T10:11:46.562+0000] {dag.py:4180} INFO - Setting next_dagrun for dbt_docs_generate_and_publish to 2026-07-25 02:00:00+00:00, run_after=2026-07-26 02:00:00+00:00
[2026-07-26T10:11:46.584+0000] {processor.py:208} INFO - Processing /opt/airflow/dags/dbt_docs_pipeline.py took 0.111 seconds
[2026-07-26T10:12:17.048+0000] {processor.py:186} INFO - Started process (PID=1638) to work on /opt/airflow/dags/dbt_docs_pipeline.py
[2026-07-26T10:12:17.049+0000] {processor.py:914} INFO - Processing file /opt/airflow/dags/dbt_docs_pipeline.py for tasks to queue
[2026-07-26T10:12:17.052+0000] {logging_mixin.py:190} INFO - [2026-07-26T10:12:17.052+0000] {dagbag.py:588} INFO - Filling up the DagBag from /opt/airflow/dags/dbt_docs_pipeline.py
[2026-07-26T10:12:17.082+0000] {processor.py:925} INFO - DAG(s) 'dbt_docs_generate_and_publish' retrieved from /opt/airflow/dags/dbt_docs_pipeline.py
[2026-07-26T10:12:17.113+0000] {logging_mixin.py:190} INFO - [2026-07-26T10:12:17.113+0000] {dag.py:3239} INFO - Sync 1 DAGs
[2026-07-26T10:12:17.139+0000] {logging_mixin.py:190} INFO - [2026-07-26T10:12:17.139+0000] {dag.py:4180} INFO - Setting next_dagrun for dbt_docs_generate_and_publish to 2026-07-25 02:00:00+00:00, run_after=2026-07-26 02:00:00+00:00
[2026-07-26T10:12:17.160+0000] {processor.py:208} INFO - Processing /opt/airflow/dags/dbt_docs_pipeline.py took 0.117 seconds
[2026-07-26T10:12:47.865+0000] {processor.py:186} INFO - Started process (PID=1731) to work on /opt/airflow/dags/dbt_docs_pipeline.py
[2026-07-26T10:12:47.866+0000] {processor.py:914} INFO - Processing file /opt/airflow/dags/dbt_docs_pipeline.py for tasks to queue
[2026-07-26T10:12:47.868+0000] {logging_mixin.py:190} INFO - [2026-07-26T10:12:47.868+0000] {dagbag.py:588} INFO - Filling up the DagBag from /opt/airflow/dags/dbt_docs_pipeline.py
[2026-07-26T10:12:47.894+0000] {processor.py:925} INFO - DAG(s) 'dbt_docs_generate_and_publish' retrieved from /opt/airflow/dags/dbt_docs_pipeline.py
[2026-07-26T10:12:47.916+0000] {logging_mixin.py:190} INFO - [2026-07-26T10:12:47.916+0000] {dag.py:3239} INFO - Sync 1 DAGs
[2026-07-26T10:12:47.937+0000] {logging_mixin.py:190} INFO - [2026-07-26T10:12:47.937+0000] {dag.py:4180} INFO - Setting next_dagrun for dbt_docs_generate_and_publish to 2026-07-25 02:00:00+00:00, run_after=2026-07-26 02:00:00+00:00
[2026-07-26T10:12:47.955+0000] {processor.py:208} INFO - Processing /opt/airflow/dags/dbt_docs_pipeline.py took 0.095 seconds
[2026-07-26T10:13:18.386+0000] {processor.py:186} INFO - Started process (PID=1819) to work on /opt/airflow/dags/dbt_docs_pipeline.py
[2026-07-26T10:13:18.387+0000] {processor.py:914} INFO - Processing file /opt/airflow/dags/dbt_docs_pipeline.py for tasks to queue
[2026-07-26T10:13:18.390+0000] {logging_mixin.py:190} INFO - [2026-07-26T10:13:18.389+0000] {dagbag.py:588} INFO - Filling up the DagBag from /opt/airflow/dags/dbt_docs_pipeline.py
[2026-07-26T10:13:18.418+0000] {processor.py:925} INFO - DAG(s) 'dbt_docs_generate_and_publish' retrieved from /opt/airflow/dags/dbt_docs_pipeline.py
[2026-07-26T10:13:18.450+0000] {logging_mixin.py:190} INFO - [2026-07-26T10:13:18.450+0000] {dag.py:3239} INFO - Sync 1 DAGs
[2026-07-26T10:13:18.480+0000] {logging_mixin.py:190} INFO - [2026-07-26T10:13:18.480+0000] {dag.py:4180} INFO - Setting next_dagrun for dbt_docs_generate_and_publish to 2026-07-25 02:00:00+00:00, run_after=2026-07-26 02:00:00+00:00
[2026-07-26T10:13:18.505+0000] {processor.py:208} INFO - Processing /opt/airflow/dags/dbt_docs_pipeline.py took 0.125 seconds
[2026-07-26T10:13:48.734+0000] {processor.py:186} INFO - Started process (PID=1912) to work on /opt/airflow/dags/dbt_docs_pipeline.py
[2026-07-26T10:13:48.735+0000] {processor.py:914} INFO - Processing file /opt/airflow/dags/dbt_docs_pipeline.py for tasks to queue
[2026-07-26T10:13:48.737+0000] {logging_mixin.py:190} INFO - [2026-07-26T10:13:48.737+0000] {dagbag.py:588} INFO - Filling up the DagBag from /opt/airflow/dags/dbt_docs_pipeline.py
[2026-07-26T10:13:48.762+0000] {processor.py:925} INFO - DAG(s) 'dbt_docs_generate_and_publish' retrieved from /opt/airflow/dags/dbt_docs_pipeline.py
[2026-07-26T10:13:48.789+0000] {logging_mixin.py:190} INFO - [2026-07-26T10:13:48.789+0000] {dag.py:3239} INFO - Sync 1 DAGs
[2026-07-26T10:13:48.814+0000] {logging_mixin.py:190} INFO - [2026-07-26T10:13:48.814+0000] {dag.py:4180} INFO - Setting next_dagrun for dbt_docs_generate_and_publish to 2026-07-25 02:00:00+00:00, run_after=2026-07-26 02:00:00+00:00
[2026-07-26T10:13:48.835+0000] {processor.py:208} INFO - Processing /opt/airflow/dags/dbt_docs_pipeline.py took 0.106 seconds
[2026-07-26T10:14:19.286+0000] {processor.py:186} INFO - Started process (PID=2005) to work on /opt/airflow/dags/dbt_docs_pipeline.py
[2026-07-26T10:14:19.287+0000] {processor.py:914} INFO - Processing file /opt/airflow/dags/dbt_docs_pipeline.py for tasks to queue
[2026-07-26T10:14:19.290+0000] {logging_mixin.py:190} INFO - [2026-07-26T10:14:19.290+0000] {dagbag.py:588} INFO - Filling up the DagBag from /opt/airflow/dags/dbt_docs_pipeline.py
[2026-07-26T10:14:19.319+0000] {processor.py:925} INFO - DAG(s) 'dbt_docs_generate_and_publish' retrieved from /opt/airflow/dags/dbt_docs_pipeline.py
[2026-07-26T10:14:19.347+0000] {logging_mixin.py:190} INFO - [2026-07-26T10:14:19.347+0000] {dag.py:3239} INFO - Sync 1 DAGs
[2026-07-26T10:14:19.374+0000] {logging_mixin.py:190} INFO - [2026-07-26T10:14:19.373+0000] {dag.py:4180} INFO - Setting next_dagrun for dbt_docs_generate_and_publish to 2026-07-25 02:00:00+00:00, run_after=2026-07-26 02:00:00+00:00
[2026-07-26T10:14:19.394+0000] {processor.py:208} INFO - Processing /opt/airflow/dags/dbt_docs_pipeline.py took 0.114 seconds
[2026-07-26T10:15:00.366+0000] {processor.py:186} INFO - Started process (PID=2098) to work on /opt/airflow/dags/dbt_docs_pipeline.py
[2026-07-26T10:15:00.367+0000] {processor.py:914} INFO - Processing file /opt/airflow/dags/dbt_docs_pipeline.py for tasks to queue
[2026-07-26T10:15:00.370+0000] {logging_mixin.py:190} INFO - [2026-07-26T10:15:00.370+0000] {dagbag.py:588} INFO - Filling up the DagBag from /opt/airflow/dags/dbt_docs_pipeline.py
[2026-07-26T10:15:00.397+0000] {processor.py:925} INFO - DAG(s) 'dbt_docs_generate_and_publish' retrieved from /opt/airflow/dags/dbt_docs_pipeline.py
[2026-07-26T10:15:00.420+0000] {logging_mixin.py:190} INFO - [2026-07-26T10:15:00.419+0000] {dag.py:3239} INFO - Sync 1 DAGs
[2026-07-26T10:15:00.441+0000] {logging_mixin.py:190} INFO - [2026-07-26T10:15:00.441+0000] {dag.py:4180} INFO - Setting next_dagrun for dbt_docs_generate_and_publish to 2026-07-25 02:00:00+00:00, run_after=2026-07-26 02:00:00+00:00
[2026-07-26T10:15:00.459+0000] {processor.py:208} INFO - Processing /opt/airflow/dags/dbt_docs_pipeline.py took 0.098 seconds
[2026-07-26T10:15:30.583+0000] {processor.py:186} INFO - Started process (PID=2186) to work on /opt/airflow/dags/dbt_docs_pipeline.py
[2026-07-26T10:15:30.584+0000] {processor.py:914} INFO - Processing file /opt/airflow/dags/dbt_docs_pipeline.py for tasks to queue
[2026-07-26T10:15:30.587+0000] {logging_mixin.py:190} INFO - [2026-07-26T10:15:30.586+0000] {dagbag.py:588} INFO - Filling up the DagBag from /opt/airflow/dags/dbt_docs_pipeline.py
[2026-07-26T10:15:30.613+0000] {processor.py:925} INFO - DAG(s) 'dbt_docs_generate_and_publish' retrieved from /opt/airflow/dags/dbt_docs_pipeline.py
[2026-07-26T10:15:30.640+0000] {logging_mixin.py:190} INFO - [2026-07-26T10:15:30.640+0000] {dag.py:3239} INFO - Sync 1 DAGs
[2026-07-26T10:15:30.663+0000] {logging_mixin.py:190} INFO - [2026-07-26T10:15:30.663+0000] {dag.py:4180} INFO - Setting next_dagrun for dbt_docs_generate_and_publish to 2026-07-25 02:00:00+00:00, run_after=2026-07-26 02:00:00+00:00
[2026-07-26T10:15:30.686+0000] {processor.py:208} INFO - Processing /opt/airflow/dags/dbt_docs_pipeline.py took 0.108 seconds
[2026-07-26T10:16:00.860+0000] {processor.py:186} INFO - Started process (PID=2281) to work on /opt/airflow/dags/dbt_docs_pipeline.py
[2026-07-26T10:16:00.861+0000] {processor.py:914} INFO - Processing file /opt/airflow/dags/dbt_docs_pipeline.py for tasks to queue
[2026-07-26T10:16:00.864+0000] {logging_mixin.py:190} INFO - [2026-07-26T10:16:00.864+0000] {dagbag.py:588} INFO - Filling up the DagBag from /opt/airflow/dags/dbt_docs_pipeline.py
[2026-07-26T10:16:00.892+0000] {processor.py:925} INFO - DAG(s) 'dbt_docs_generate_and_publish' retrieved from /opt/airflow/dags/dbt_docs_pipeline.py
[2026-07-26T10:16:00.914+0000] {logging_mixin.py:190} INFO - [2026-07-26T10:16:00.914+0000] {dag.py:3239} INFO - Sync 1 DAGs
[2026-07-26T10:16:00.935+0000] {logging_mixin.py:190} INFO - [2026-07-26T10:16:00.935+0000] {dag.py:4180} INFO - Setting next_dagrun for dbt_docs_generate_and_publish to 2026-07-25 02:00:00+00:00, run_after=2026-07-26 02:00:00+00:00
[2026-07-26T10:16:00.953+0000] {processor.py:208} INFO - Processing /opt/airflow/dags/dbt_docs_pipeline.py took 0.099 seconds
[2026-07-26T10:16:31.165+0000] {processor.py:186} INFO - Started process (PID=2372) to work on /opt/airflow/dags/dbt_docs_pipeline.py
[2026-07-26T10:16:31.166+0000] {processor.py:914} INFO - Processing file /opt/airflow/dags/dbt_docs_pipeline.py for tasks to queue
[2026-07-26T10:16:31.168+0000] {logging_mixin.py:190} INFO - [2026-07-26T10:16:31.168+0000] {dagbag.py:588} INFO - Filling up the DagBag from /opt/airflow/dags/dbt_docs_pipeline.py
[2026-07-26T10:16:31.193+0000] {processor.py:925} INFO - DAG(s) 'dbt_docs_generate_and_publish' retrieved from /opt/airflow/dags/dbt_docs_pipeline.py
[2026-07-26T10:16:31.217+0000] {logging_mixin.py:190} INFO - [2026-07-26T10:16:31.216+0000] {dag.py:3239} INFO - Sync 1 DAGs
[2026-07-26T10:16:31.237+0000] {logging_mixin.py:190} INFO - [2026-07-26T10:16:31.237+0000] {dag.py:4180} INFO - Setting next_dagrun for dbt_docs_generate_and_publish to 2026-07-25 02:00:00+00:00, run_after=2026-07-26 02:00:00+00:00
[2026-07-26T10:16:31.256+0000] {processor.py:208} INFO - Processing /opt/airflow/dags/dbt_docs_pipeline.py took 0.096 seconds
[2026-07-26T10:17:01.771+0000] {processor.py:186} INFO - Started process (PID=2460) to work on /opt/airflow/dags/dbt_docs_pipeline.py
[2026-07-26T10:17:01.772+0000] {processor.py:914} INFO - Processing file /opt/airflow/dags/dbt_docs_pipeline.py for tasks to queue
[2026-07-26T10:17:01.775+0000] {logging_mixin.py:190} INFO - [2026-07-26T10:17:01.775+0000] {dagbag.py:588} INFO - Filling up the DagBag from /opt/airflow/dags/dbt_docs_pipeline.py
[2026-07-26T10:17:01.807+0000] {processor.py:925} INFO - DAG(s) 'dbt_docs_generate_and_publish' retrieved from /opt/airflow/dags/dbt_docs_pipeline.py
[2026-07-26T10:17:01.835+0000] {logging_mixin.py:190} INFO - [2026-07-26T10:17:01.835+0000] {dag.py:3239} INFO - Sync 1 DAGs
[2026-07-26T10:17:01.861+0000] {logging_mixin.py:190} INFO - [2026-07-26T10:17:01.860+0000] {dag.py:4180} INFO - Setting next_dagrun for dbt_docs_generate_and_publish to 2026-07-25 02:00:00+00:00, run_after=2026-07-26 02:00:00+00:00
[2026-07-26T10:17:01.881+0000] {processor.py:208} INFO - Processing /opt/airflow/dags/dbt_docs_pipeline.py took 0.116 seconds
[2026-07-26T10:17:32.626+0000] {processor.py:186} INFO - Started process (PID=2553) to work on /opt/airflow/dags/dbt_docs_pipeline.py
[2026-07-26T10:17:32.627+0000] {processor.py:914} INFO - Processing file /opt/airflow/dags/dbt_docs_pipeline.py for tasks to queue
[2026-07-26T10:17:32.630+0000] {logging_mixin.py:190} INFO - [2026-07-26T10:17:32.629+0000] {dagbag.py:588} INFO - Filling up the DagBag from /opt/airflow/dags/dbt_docs_pipeline.py
[2026-07-26T10:17:32.657+0000] {processor.py:925} INFO - DAG(s) 'dbt_docs_generate_and_publish' retrieved from /opt/airflow/dags/dbt_docs_pipeline.py
[2026-07-26T10:17:32.690+0000] {logging_mixin.py:190} INFO - [2026-07-26T10:17:32.690+0000] {dag.py:3239} INFO - Sync 1 DAGs
[2026-07-26T10:17:32.717+0000] {logging_mixin.py:190} INFO - [2026-07-26T10:17:32.717+0000] {dag.py:4180} INFO - Setting next_dagrun for dbt_docs_generate_and_publish to 2026-07-25 02:00:00+00:00, run_after=2026-07-26 02:00:00+00:00
[2026-07-26T10:17:32.745+0000] {processor.py:208} INFO - Processing /opt/airflow/dags/dbt_docs_pipeline.py took 0.125 seconds
[2026-07-26T10:18:03.434+0000] {processor.py:186} INFO - Started process (PID=2646) to work on /opt/airflow/dags/dbt_docs_pipeline.py
[2026-07-26T10:18:03.435+0000] {processor.py:914} INFO - Processing file /opt/airflow/dags/dbt_docs_pipeline.py for tasks to queue
[2026-07-26T10:18:03.437+0000] {logging_mixin.py:190} INFO - [2026-07-26T10:18:03.437+0000] {dagbag.py:588} INFO - Filling up the DagBag from /opt/airflow/dags/dbt_docs_pipeline.py
[2026-07-26T10:18:03.492+0000] {processor.py:925} INFO - DAG(s) 'dbt_docs_generate_and_publish' retrieved from /opt/airflow/dags/dbt_docs_pipeline.py
[2026-07-26T10:18:03.535+0000] {logging_mixin.py:190} INFO - [2026-07-26T10:18:03.535+0000] {dag.py:3239} INFO - Sync 1 DAGs
[2026-07-26T10:18:03.570+0000] {logging_mixin.py:190} INFO - [2026-07-26T10:18:03.570+0000] {dag.py:4180} INFO - Setting next_dagrun for dbt_docs_generate_and_publish to 2026-07-25 02:00:00+00:00, run_after=2026-07-26 02:00:00+00:00
[2026-07-26T10:18:03.593+0000] {processor.py:208} INFO - Processing /opt/airflow/dags/dbt_docs_pipeline.py took 0.164 seconds
[2026-07-26T10:20:15.044+0000] {processor.py:186} INFO - Started process (PID=172) to work on /opt/airflow/dags/dbt_docs_pipeline.py
[2026-07-26T10:20:15.045+0000] {processor.py:914} INFO - Processing file /opt/airflow/dags/dbt_docs_pipeline.py for tasks to queue
[2026-07-26T10:20:15.052+0000] {logging_mixin.py:190} INFO - [2026-07-26T10:20:15.052+0000] {dagbag.py:588} INFO - Filling up the DagBag from /opt/airflow/dags/dbt_docs_pipeline.py
[2026-07-26T10:20:15.103+0000] {processor.py:925} INFO - DAG(s) 'dbt_docs_generate_and_publish' retrieved from /opt/airflow/dags/dbt_docs_pipeline.py
[2026-07-26T10:20:15.143+0000] {logging_mixin.py:190} INFO - [2026-07-26T10:20:15.143+0000] {dag.py:3239} INFO - Sync 1 DAGs
[2026-07-26T10:20:15.195+0000] {logging_mixin.py:190} INFO - [2026-07-26T10:20:15.194+0000] {dag.py:4180} INFO - Setting next_dagrun for dbt_docs_generate_and_publish to 2026-07-25 02:00:00+00:00, run_after=2026-07-26 02:00:00+00:00
[2026-07-26T10:20:15.226+0000] {processor.py:208} INFO - Processing /opt/airflow/dags/dbt_docs_pipeline.py took 0.192 seconds
[2026-07-26T10:20:46.091+0000] {processor.py:186} INFO - Started process (PID=265) to work on /opt/airflow/dags/dbt_docs_pipeline.py
[2026-07-26T10:20:46.092+0000] {processor.py:914} INFO - Processing file /opt/airflow/dags/dbt_docs_pipeline.py for tasks to queue
[2026-07-26T10:20:46.095+0000] {logging_mixin.py:190} INFO - [2026-07-26T10:20:46.094+0000] {dagbag.py:588} INFO - Filling up the DagBag from /opt/airflow/dags/dbt_docs_pipeline.py
[2026-07-26T10:20:46.124+0000] {processor.py:925} INFO - DAG(s) 'dbt_docs_generate_and_publish' retrieved from /opt/airflow/dags/dbt_docs_pipeline.py
[2026-07-26T10:20:46.150+0000] {logging_mixin.py:190} INFO - [2026-07-26T10:20:46.150+0000] {dag.py:3239} INFO - Sync 1 DAGs
[2026-07-26T10:20:46.174+0000] {logging_mixin.py:190} INFO - [2026-07-26T10:20:46.174+0000] {dag.py:4180} INFO - Setting next_dagrun for dbt_docs_generate_and_publish to 2026-07-25 02:00:00+00:00, run_after=2026-07-26 02:00:00+00:00
[2026-07-26T10:20:46.194+0000] {processor.py:208} INFO - Processing /opt/airflow/dags/dbt_docs_pipeline.py took 0.107 seconds
[2026-07-26T10:21:16.553+0000] {processor.py:186} INFO - Started process (PID=365) to work on /opt/airflow/dags/dbt_docs_pipeline.py
[2026-07-26T10:21:16.554+0000] {processor.py:914} INFO - Processing file /opt/airflow/dags/dbt_docs_pipeline.py for tasks to queue
[2026-07-26T10:21:16.556+0000] {logging_mixin.py:190} INFO - [2026-07-26T10:21:16.556+0000] {dagbag.py:588} INFO - Filling up the DagBag from /opt/airflow/dags/dbt_docs_pipeline.py
[2026-07-26T10:21:16.585+0000] {processor.py:925} INFO - DAG(s) 'dbt_docs_generate_and_publish' retrieved from /opt/airflow/dags/dbt_docs_pipeline.py
[2026-07-26T10:21:16.609+0000] {logging_mixin.py:190} INFO - [2026-07-26T10:21:16.609+0000] {dag.py:3239} INFO - Sync 1 DAGs
[2026-07-26T10:21:16.653+0000] {processor.py:208} INFO - Processing /opt/airflow/dags/dbt_docs_pipeline.py took 0.106 seconds
[2026-07-26T10:21:47.002+0000] {processor.py:186} INFO - Started process (PID=461) to work on /opt/airflow/dags/dbt_docs_pipeline.py
[2026-07-26T10:21:47.002+0000] {processor.py:914} INFO - Processing file /opt/airflow/dags/dbt_docs_pipeline.py for tasks to queue
[2026-07-26T10:21:47.005+0000] {logging_mixin.py:190} INFO - [2026-07-26T10:21:47.004+0000] {dagbag.py:588} INFO - Filling up the DagBag from /opt/airflow/dags/dbt_docs_pipeline.py
[2026-07-26T10:21:47.036+0000] {processor.py:925} INFO - DAG(s) 'dbt_docs_generate_and_publish' retrieved from /opt/airflow/dags/dbt_docs_pipeline.py
[2026-07-26T10:21:47.064+0000] {logging_mixin.py:190} INFO - [2026-07-26T10:21:47.064+0000] {dag.py:3239} INFO - Sync 1 DAGs
[2026-07-26T10:21:47.111+0000] {processor.py:208} INFO - Processing /opt/airflow/dags/dbt_docs_pipeline.py took 0.114 seconds
[2026-07-26T10:22:17.182+0000] {processor.py:186} INFO - Started process (PID=559) to work on /opt/airflow/dags/dbt_docs_pipeline.py
[2026-07-26T10:22:17.183+0000] {processor.py:914} INFO - Processing file /opt/airflow/dags/dbt_docs_pipeline.py for tasks to queue
[2026-07-26T10:22:17.184+0000] {logging_mixin.py:190} INFO - [2026-07-26T10:22:17.184+0000] {dagbag.py:588} INFO - Filling up the DagBag from /opt/airflow/dags/dbt_docs_pipeline.py
[2026-07-26T10:22:17.217+0000] {processor.py:925} INFO - DAG(s) 'dbt_docs_generate_and_publish' retrieved from /opt/airflow/dags/dbt_docs_pipeline.py
[2026-07-26T10:22:17.237+0000] {logging_mixin.py:190} INFO - [2026-07-26T10:22:17.237+0000] {dag.py:3239} INFO - Sync 1 DAGs
[2026-07-26T10:22:17.259+0000] {logging_mixin.py:190} INFO - [2026-07-26T10:22:17.259+0000] {dag.py:4180} INFO - Setting next_dagrun for dbt_docs_generate_and_publish to 2026-07-26 02:00:00+00:00, run_after=2026-07-27 02:00:00+00:00
[2026-07-26T10:22:17.281+0000] {processor.py:208} INFO - Processing /opt/airflow/dags/dbt_docs_pipeline.py took 0.104 seconds
[2026-07-26T10:22:47.662+0000] {processor.py:186} INFO - Started process (PID=652) to work on /opt/airflow/dags/dbt_docs_pipeline.py
[2026-07-26T10:22:47.663+0000] {processor.py:914} INFO - Processing file /opt/airflow/dags/dbt_docs_pipeline.py for tasks to queue
[2026-07-26T10:22:47.665+0000] {logging_mixin.py:190} INFO - [2026-07-26T10:22:47.665+0000] {dagbag.py:588} INFO - Filling up the DagBag from /opt/airflow/dags/dbt_docs_pipeline.py
[2026-07-26T10:22:47.706+0000] {processor.py:925} INFO - DAG(s) 'dbt_docs_generate_and_publish' retrieved from /opt/airflow/dags/dbt_docs_pipeline.py
[2026-07-26T10:22:47.730+0000] {logging_mixin.py:190} INFO - [2026-07-26T10:22:47.729+0000] {dag.py:3239} INFO - Sync 1 DAGs
[2026-07-26T10:22:47.752+0000] {logging_mixin.py:190} INFO - [2026-07-26T10:22:47.752+0000] {dag.py:4180} INFO - Setting next_dagrun for dbt_docs_generate_and_publish to 2026-07-26 02:00:00+00:00, run_after=2026-07-27 02:00:00+00:00
[2026-07-26T10:22:47.777+0000] {processor.py:208} INFO - Processing /opt/airflow/dags/dbt_docs_pipeline.py took 0.121 seconds
[2026-07-26T10:23:17.894+0000] {processor.py:186} INFO - Started process (PID=740) to work on /opt/airflow/dags/dbt_docs_pipeline.py
[2026-07-26T10:23:17.895+0000] {processor.py:914} INFO - Processing file /opt/airflow/dags/dbt_docs_pipeline.py for tasks to queue
[2026-07-26T10:23:17.896+0000] {logging_mixin.py:190} INFO - [2026-07-26T10:23:17.896+0000] {dagbag.py:588} INFO - Filling up the DagBag from /opt/airflow/dags/dbt_docs_pipeline.py
[2026-07-26T10:23:17.927+0000] {processor.py:925} INFO - DAG(s) 'dbt_docs_generate_and_publish' retrieved from /opt/airflow/dags/dbt_docs_pipeline.py
[2026-07-26T10:23:17.949+0000] {logging_mixin.py:190} INFO - [2026-07-26T10:23:17.949+0000] {dag.py:3239} INFO - Sync 1 DAGs
[2026-07-26T10:23:17.973+0000] {logging_mixin.py:190} INFO - [2026-07-26T10:23:17.972+0000] {dag.py:4180} INFO - Setting next_dagrun for dbt_docs_generate_and_publish to 2026-07-26 02:00:00+00:00, run_after=2026-07-27 02:00:00+00:00
[2026-07-26T10:23:17.993+0000] {processor.py:208} INFO - Processing /opt/airflow/dags/dbt_docs_pipeline.py took 0.104 seconds
[2026-07-26T10:23:48.132+0000] {processor.py:186} INFO - Started process (PID=831) to work on /opt/airflow/dags/dbt_docs_pipeline.py
[2026-07-26T10:23:48.133+0000] {processor.py:914} INFO - Processing file /opt/airflow/dags/dbt_docs_pipeline.py for tasks to queue
[2026-07-26T10:23:48.134+0000] {logging_mixin.py:190} INFO - [2026-07-26T10:23:48.133+0000] {dagbag.py:588} INFO - Filling up the DagBag from /opt/airflow/dags/dbt_docs_pipeline.py
[2026-07-26T10:23:48.159+0000] {processor.py:925} INFO - DAG(s) 'dbt_docs_generate_and_publish' retrieved from /opt/airflow/dags/dbt_docs_pipeline.py
[2026-07-26T10:23:48.180+0000] {logging_mixin.py:190} INFO - [2026-07-26T10:23:48.180+0000] {dag.py:3239} INFO - Sync 1 DAGs
[2026-07-26T10:23:48.203+0000] {logging_mixin.py:190} INFO - [2026-07-26T10:23:48.203+0000] {dag.py:4180} INFO - Setting next_dagrun for dbt_docs_generate_and_publish to 2026-07-26 02:00:00+00:00, run_after=2026-07-27 02:00:00+00:00
[2026-07-26T10:23:48.223+0000] {processor.py:208} INFO - Processing /opt/airflow/dags/dbt_docs_pipeline.py took 0.096 seconds
[2026-07-26T10:24:18.420+0000] {processor.py:186} INFO - Started process (PID=921) to work on /opt/airflow/dags/dbt_docs_pipeline.py
[2026-07-26T10:24:18.421+0000] {processor.py:914} INFO - Processing file /opt/airflow/dags/dbt_docs_pipeline.py for tasks to queue
[2026-07-26T10:24:18.422+0000] {logging_mixin.py:190} INFO - [2026-07-26T10:24:18.422+0000] {dagbag.py:588} INFO - Filling up the DagBag from /opt/airflow/dags/dbt_docs_pipeline.py
[2026-07-26T10:24:18.449+0000] {processor.py:925} INFO - DAG(s) 'dbt_docs_generate_and_publish' retrieved from /opt/airflow/dags/dbt_docs_pipeline.py
[2026-07-26T10:24:18.472+0000] {logging_mixin.py:190} INFO - [2026-07-26T10:24:18.471+0000] {dag.py:3239} INFO - Sync 1 DAGs
[2026-07-26T10:24:18.494+0000] {logging_mixin.py:190} INFO - [2026-07-26T10:24:18.493+0000] {dag.py:4180} INFO - Setting next_dagrun for dbt_docs_generate_and_publish to 2026-07-26 02:00:00+00:00, run_after=2026-07-27 02:00:00+00:00
[2026-07-26T10:24:18.513+0000] {processor.py:208} INFO - Processing /opt/airflow/dags/dbt_docs_pipeline.py took 0.099 seconds
[2026-07-26T10:24:49.468+0000] {processor.py:186} INFO - Started process (PID=1011) to work on /opt/airflow/dags/dbt_docs_pipeline.py
[2026-07-26T10:24:49.469+0000] {processor.py:914} INFO - Processing file /opt/airflow/dags/dbt_docs_pipeline.py for tasks to queue
[2026-07-26T10:24:49.470+0000] {logging_mixin.py:190} INFO - [2026-07-26T10:24:49.470+0000] {dagbag.py:588} INFO - Filling up the DagBag from /opt/airflow/dags/dbt_docs_pipeline.py
[2026-07-26T10:24:49.499+0000] {processor.py:925} INFO - DAG(s) 'dbt_docs_generate_and_publish' retrieved from /opt/airflow/dags/dbt_docs_pipeline.py
[2026-07-26T10:24:49.514+0000] {logging_mixin.py:190} INFO - [2026-07-26T10:24:49.514+0000] {dag.py:3239} INFO - Sync 1 DAGs
[2026-07-26T10:24:49.538+0000] {logging_mixin.py:190} INFO - [2026-07-26T10:24:49.538+0000] {dag.py:4180} INFO - Setting next_dagrun for dbt_docs_generate_and_publish to 2026-07-26 02:00:00+00:00, run_after=2026-07-27 02:00:00+00:00
[2026-07-26T10:24:49.556+0000] {processor.py:208} INFO - Processing /opt/airflow/dags/dbt_docs_pipeline.py took 0.093 seconds
[2026-07-26T10:25:19.670+0000] {processor.py:186} INFO - Started process (PID=1104) to work on /opt/airflow/dags/dbt_docs_pipeline.py
[2026-07-26T10:25:19.671+0000] {processor.py:914} INFO - Processing file /opt/airflow/dags/dbt_docs_pipeline.py for tasks to queue
[2026-07-26T10:25:19.673+0000] {logging_mixin.py:190} INFO - [2026-07-26T10:25:19.673+0000] {dagbag.py:588} INFO - Filling up the DagBag from /opt/airflow/dags/dbt_docs_pipeline.py
[2026-07-26T10:25:19.701+0000] {processor.py:925} INFO - DAG(s) 'dbt_docs_generate_and_publish' retrieved from /opt/airflow/dags/dbt_docs_pipeline.py
[2026-07-26T10:25:19.755+0000] {logging_mixin.py:190} INFO - [2026-07-26T10:25:19.755+0000] {dag.py:3239} INFO - Sync 1 DAGs
[2026-07-26T10:25:19.774+0000] {logging_mixin.py:190} INFO - [2026-07-26T10:25:19.774+0000] {dag.py:4180} INFO - Setting next_dagrun for dbt_docs_generate_and_publish to 2026-07-26 02:00:00+00:00, run_after=2026-07-27 02:00:00+00:00
[2026-07-26T10:25:19.795+0000] {processor.py:208} INFO - Processing /opt/airflow/dags/dbt_docs_pipeline.py took 0.130 seconds
[2026-07-26T10:25:50.692+0000] {processor.py:186} INFO - Started process (PID=1195) to work on /opt/airflow/dags/dbt_docs_pipeline.py
[2026-07-26T10:25:50.693+0000] {processor.py:914} INFO - Processing file /opt/airflow/dags/dbt_docs_pipeline.py for tasks to queue
[2026-07-26T10:25:50.694+0000] {logging_mixin.py:190} INFO - [2026-07-26T10:25:50.694+0000] {dagbag.py:588} INFO - Filling up the DagBag from /opt/airflow/dags/dbt_docs_pipeline.py
[2026-07-26T10:25:50.733+0000] {processor.py:925} INFO - DAG(s) 'dbt_docs_generate_and_publish' retrieved from /opt/airflow/dags/dbt_docs_pipeline.py
[2026-07-26T10:25:50.771+0000] {logging_mixin.py:190} INFO - [2026-07-26T10:25:50.770+0000] {dag.py:3239} INFO - Sync 1 DAGs
[2026-07-26T10:25:50.823+0000] {logging_mixin.py:190} INFO - [2026-07-26T10:25:50.822+0000] {dag.py:4180} INFO - Setting next_dagrun for dbt_docs_generate_and_publish to 2026-07-26 02:00:00+00:00, run_after=2026-07-27 02:00:00+00:00
[2026-07-26T10:25:50.867+0000] {processor.py:208} INFO - Processing /opt/airflow/dags/dbt_docs_pipeline.py took 0.183 seconds
[2026-07-26T10:26:21.099+0000] {processor.py:186} INFO - Started process (PID=1285) to work on /opt/airflow/dags/dbt_docs_pipeline.py
[2026-07-26T10:26:21.100+0000] {processor.py:914} INFO - Processing file /opt/airflow/dags/dbt_docs_pipeline.py for tasks to queue
[2026-07-26T10:26:21.101+0000] {logging_mixin.py:190} INFO - [2026-07-26T10:26:21.101+0000] {dagbag.py:588} INFO - Filling up the DagBag from /opt/airflow/dags/dbt_docs_pipeline.py
[2026-07-26T10:26:21.133+0000] {processor.py:925} INFO - DAG(s) 'dbt_docs_generate_and_publish' retrieved from /opt/airflow/dags/dbt_docs_pipeline.py
[2026-07-26T10:26:21.158+0000] {logging_mixin.py:190} INFO - [2026-07-26T10:26:21.157+0000] {dag.py:3239} INFO - Sync 1 DAGs
[2026-07-26T10:26:21.184+0000] {logging_mixin.py:190} INFO - [2026-07-26T10:26:21.184+0000] {dag.py:4180} INFO - Setting next_dagrun for dbt_docs_generate_and_publish to 2026-07-26 02:00:00+00:00, run_after=2026-07-27 02:00:00+00:00
[2026-07-26T10:26:21.207+0000] {processor.py:208} INFO - Processing /opt/airflow/dags/dbt_docs_pipeline.py took 0.114 seconds
[2026-07-26T10:26:51.469+0000] {processor.py:186} INFO - Started process (PID=1377) to work on /opt/airflow/dags/dbt_docs_pipeline.py
[2026-07-26T10:26:51.470+0000] {processor.py:914} INFO - Processing file /opt/airflow/dags/dbt_docs_pipeline.py for tasks to queue
[2026-07-26T10:26:51.471+0000] {logging_mixin.py:190} INFO - [2026-07-26T10:26:51.471+0000] {dagbag.py:588} INFO - Filling up the DagBag from /opt/airflow/dags/dbt_docs_pipeline.py
[2026-07-26T10:26:51.496+0000] {processor.py:925} INFO - DAG(s) 'dbt_docs_generate_and_publish' retrieved from /opt/airflow/dags/dbt_docs_pipeline.py
[2026-07-26T10:26:51.517+0000] {logging_mixin.py:190} INFO - [2026-07-26T10:26:51.517+0000] {dag.py:3239} INFO - Sync 1 DAGs
[2026-07-26T10:26:51.539+0000] {logging_mixin.py:190} INFO - [2026-07-26T10:26:51.539+0000] {dag.py:4180} INFO - Setting next_dagrun for dbt_docs_generate_and_publish to 2026-07-26 02:00:00+00:00, run_after=2026-07-27 02:00:00+00:00
[2026-07-26T10:26:51.556+0000] {processor.py:208} INFO - Processing /opt/airflow/dags/dbt_docs_pipeline.py took 0.092 seconds
[2026-07-26T10:27:21.744+0000] {processor.py:186} INFO - Started process (PID=1466) to work on /opt/airflow/dags/dbt_docs_pipeline.py
[2026-07-26T10:27:21.745+0000] {processor.py:914} INFO - Processing file /opt/airflow/dags/dbt_docs_pipeline.py for tasks to queue
[2026-07-26T10:27:21.746+0000] {logging_mixin.py:190} INFO - [2026-07-26T10:27:21.746+0000] {dagbag.py:588} INFO - Filling up the DagBag from /opt/airflow/dags/dbt_docs_pipeline.py
[2026-07-26T10:27:21.775+0000] {processor.py:925} INFO - DAG(s) 'dbt_docs_generate_and_publish' retrieved from /opt/airflow/dags/dbt_docs_pipeline.py
[2026-07-26T10:27:21.796+0000] {logging_mixin.py:190} INFO - [2026-07-26T10:27:21.796+0000] {dag.py:3239} INFO - Sync 1 DAGs
[2026-07-26T10:27:21.823+0000] {logging_mixin.py:190} INFO - [2026-07-26T10:27:21.822+0000] {dag.py:4180} INFO - Setting next_dagrun for dbt_docs_generate_and_publish to 2026-07-26 02:00:00+00:00, run_after=2026-07-27 02:00:00+00:00
[2026-07-26T10:27:21.848+0000] {processor.py:208} INFO - Processing /opt/airflow/dags/dbt_docs_pipeline.py took 0.110 seconds
[2026-07-26T10:27:52.487+0000] {processor.py:186} INFO - Started process (PID=1554) to work on /opt/airflow/dags/dbt_docs_pipeline.py
[2026-07-26T10:27:52.488+0000] {processor.py:914} INFO - Processing file /opt/airflow/dags/dbt_docs_pipeline.py for tasks to queue
[2026-07-26T10:27:52.490+0000] {logging_mixin.py:190} INFO - [2026-07-26T10:27:52.489+0000] {dagbag.py:588} INFO - Filling up the DagBag from /opt/airflow/dags/dbt_docs_pipeline.py
[2026-07-26T10:27:52.518+0000] {processor.py:925} INFO - DAG(s) 'dbt_docs_generate_and_publish' retrieved from /opt/airflow/dags/dbt_docs_pipeline.py
[2026-07-26T10:27:52.539+0000] {logging_mixin.py:190} INFO - [2026-07-26T10:27:52.539+0000] {dag.py:3239} INFO - Sync 1 DAGs
[2026-07-26T10:27:52.561+0000] {logging_mixin.py:190} INFO - [2026-07-26T10:27:52.561+0000] {dag.py:4180} INFO - Setting next_dagrun for dbt_docs_generate_and_publish to 2026-07-26 02:00:00+00:00, run_after=2026-07-27 02:00:00+00:00
[2026-07-26T10:27:52.581+0000] {processor.py:208} INFO - Processing /opt/airflow/dags/dbt_docs_pipeline.py took 0.099 seconds
[2026-07-26T10:32:27.836+0000] {processor.py:186} INFO - Started process (PID=167) to work on /opt/airflow/dags/dbt_docs_pipeline.py
[2026-07-26T10:32:27.838+0000] {processor.py:914} INFO - Processing file /opt/airflow/dags/dbt_docs_pipeline.py for tasks to queue
[2026-07-26T10:32:27.844+0000] {logging_mixin.py:190} INFO - [2026-07-26T10:32:27.843+0000] {dagbag.py:588} INFO - Filling up the DagBag from /opt/airflow/dags/dbt_docs_pipeline.py
[2026-07-26T10:32:27.903+0000] {logging_mixin.py:190} INFO - [2026-07-26T10:32:27.893+0000] {dagbag.py:387} ERROR - Failed to import: /opt/airflow/dags/dbt_docs_pipeline.py
Traceback (most recent call last):
  File "/home/airflow/.local/lib/python3.10/site-packages/airflow/models/dagbag.py", line 383, in parse
    loader.exec_module(new_module)
  File "<frozen importlib._bootstrap_external>", line 883, in exec_module
  File "<frozen importlib._bootstrap>", line 241, in _call_with_frames_removed
  File "/opt/airflow/dags/dbt_docs_pipeline.py", line 15, in <module>
    from rag.dbt_parser import DbtManifestParser
ModuleNotFoundError: No module named 'rag'
[2026-07-26T10:32:27.906+0000] {processor.py:927} WARNING - No viable dags retrieved from /opt/airflow/dags/dbt_docs_pipeline.py
[2026-07-26T10:32:27.957+0000] {processor.py:208} INFO - Processing /opt/airflow/dags/dbt_docs_pipeline.py took 0.129 seconds
[2026-07-26T10:32:58.816+0000] {processor.py:186} INFO - Started process (PID=261) to work on /opt/airflow/dags/dbt_docs_pipeline.py
[2026-07-26T10:32:58.817+0000] {processor.py:914} INFO - Processing file /opt/airflow/dags/dbt_docs_pipeline.py for tasks to queue
[2026-07-26T10:32:58.820+0000] {logging_mixin.py:190} INFO - [2026-07-26T10:32:58.820+0000] {dagbag.py:588} INFO - Filling up the DagBag from /opt/airflow/dags/dbt_docs_pipeline.py
[2026-07-26T10:32:58.855+0000] {logging_mixin.py:190} INFO - [2026-07-26T10:32:58.848+0000] {dagbag.py:387} ERROR - Failed to import: /opt/airflow/dags/dbt_docs_pipeline.py
Traceback (most recent call last):
  File "/home/airflow/.local/lib/python3.10/site-packages/airflow/models/dagbag.py", line 383, in parse
    loader.exec_module(new_module)
  File "<frozen importlib._bootstrap_external>", line 883, in exec_module
  File "<frozen importlib._bootstrap>", line 241, in _call_with_frames_removed
  File "/opt/airflow/dags/dbt_docs_pipeline.py", line 15, in <module>
    from rag.dbt_parser import DbtManifestParser
ModuleNotFoundError: No module named 'rag'
[2026-07-26T10:32:58.857+0000] {processor.py:927} WARNING - No viable dags retrieved from /opt/airflow/dags/dbt_docs_pipeline.py
[2026-07-26T10:32:58.896+0000] {processor.py:208} INFO - Processing /opt/airflow/dags/dbt_docs_pipeline.py took 0.086 seconds
[2026-07-26T10:33:28.994+0000] {processor.py:186} INFO - Started process (PID=355) to work on /opt/airflow/dags/dbt_docs_pipeline.py
[2026-07-26T10:33:28.994+0000] {processor.py:914} INFO - Processing file /opt/airflow/dags/dbt_docs_pipeline.py for tasks to queue
[2026-07-26T10:33:28.996+0000] {logging_mixin.py:190} INFO - [2026-07-26T10:33:28.995+0000] {dagbag.py:588} INFO - Filling up the DagBag from /opt/airflow/dags/dbt_docs_pipeline.py
[2026-07-26T10:33:29.019+0000] {logging_mixin.py:190} INFO - [2026-07-26T10:33:29.015+0000] {dagbag.py:387} ERROR - Failed to import: /opt/airflow/dags/dbt_docs_pipeline.py
Traceback (most recent call last):
  File "/home/airflow/.local/lib/python3.10/site-packages/airflow/models/dagbag.py", line 383, in parse
    loader.exec_module(new_module)
  File "<frozen importlib._bootstrap_external>", line 883, in exec_module
  File "<frozen importlib._bootstrap>", line 241, in _call_with_frames_removed
  File "/opt/airflow/dags/dbt_docs_pipeline.py", line 15, in <module>
    from rag.dbt_parser import DbtManifestParser
ModuleNotFoundError: No module named 'rag'
[2026-07-26T10:33:29.020+0000] {processor.py:927} WARNING - No viable dags retrieved from /opt/airflow/dags/dbt_docs_pipeline.py
[2026-07-26T10:33:29.041+0000] {processor.py:208} INFO - Processing /opt/airflow/dags/dbt_docs_pipeline.py took 0.052 seconds
[2026-07-26T10:33:59.612+0000] {processor.py:186} INFO - Started process (PID=446) to work on /opt/airflow/dags/dbt_docs_pipeline.py
[2026-07-26T10:33:59.613+0000] {processor.py:914} INFO - Processing file /opt/airflow/dags/dbt_docs_pipeline.py for tasks to queue
[2026-07-26T10:33:59.614+0000] {logging_mixin.py:190} INFO - [2026-07-26T10:33:59.614+0000] {dagbag.py:588} INFO - Filling up the DagBag from /opt/airflow/dags/dbt_docs_pipeline.py
[2026-07-26T10:33:59.639+0000] {logging_mixin.py:190} INFO - [2026-07-26T10:33:59.635+0000] {dagbag.py:387} ERROR - Failed to import: /opt/airflow/dags/dbt_docs_pipeline.py
Traceback (most recent call last):
  File "/home/airflow/.local/lib/python3.10/site-packages/airflow/models/dagbag.py", line 383, in parse
    loader.exec_module(new_module)
  File "<frozen importlib._bootstrap_external>", line 883, in exec_module
  File "<frozen importlib._bootstrap>", line 241, in _call_with_frames_removed
  File "/opt/airflow/dags/dbt_docs_pipeline.py", line 15, in <module>
    from rag.dbt_parser import DbtManifestParser
ModuleNotFoundError: No module named 'rag'
[2026-07-26T10:33:59.641+0000] {processor.py:927} WARNING - No viable dags retrieved from /opt/airflow/dags/dbt_docs_pipeline.py
[2026-07-26T10:33:59.664+0000] {processor.py:208} INFO - Processing /opt/airflow/dags/dbt_docs_pipeline.py took 0.057 seconds
[2026-07-26T10:34:30.247+0000] {processor.py:186} INFO - Started process (PID=537) to work on /opt/airflow/dags/dbt_docs_pipeline.py
[2026-07-26T10:34:30.248+0000] {processor.py:914} INFO - Processing file /opt/airflow/dags/dbt_docs_pipeline.py for tasks to queue
[2026-07-26T10:34:30.249+0000] {logging_mixin.py:190} INFO - [2026-07-26T10:34:30.249+0000] {dagbag.py:588} INFO - Filling up the DagBag from /opt/airflow/dags/dbt_docs_pipeline.py
[2026-07-26T10:34:30.276+0000] {logging_mixin.py:190} INFO - [2026-07-26T10:34:30.272+0000] {dagbag.py:387} ERROR - Failed to import: /opt/airflow/dags/dbt_docs_pipeline.py
Traceback (most recent call last):
  File "/home/airflow/.local/lib/python3.10/site-packages/airflow/models/dagbag.py", line 383, in parse
    loader.exec_module(new_module)
  File "<frozen importlib._bootstrap_external>", line 883, in exec_module
  File "<frozen importlib._bootstrap>", line 241, in _call_with_frames_removed
  File "/opt/airflow/dags/dbt_docs_pipeline.py", line 15, in <module>
    from rag.dbt_parser import DbtManifestParser
ModuleNotFoundError: No module named 'rag'
[2026-07-26T10:34:30.278+0000] {processor.py:927} WARNING - No viable dags retrieved from /opt/airflow/dags/dbt_docs_pipeline.py
[2026-07-26T10:34:30.300+0000] {processor.py:208} INFO - Processing /opt/airflow/dags/dbt_docs_pipeline.py took 0.059 seconds
[2026-07-26T10:34:50.683+0000] {processor.py:186} INFO - Started process (PID=629) to work on /opt/airflow/dags/dbt_docs_pipeline.py
[2026-07-26T10:34:50.684+0000] {processor.py:914} INFO - Processing file /opt/airflow/dags/dbt_docs_pipeline.py for tasks to queue
[2026-07-26T10:34:50.685+0000] {logging_mixin.py:190} INFO - [2026-07-26T10:34:50.685+0000] {dagbag.py:588} INFO - Filling up the DagBag from /opt/airflow/dags/dbt_docs_pipeline.py
[2026-07-26T10:34:50.715+0000] {processor.py:925} INFO - DAG(s) 'dbt_docs_generate_and_publish' retrieved from /opt/airflow/dags/dbt_docs_pipeline.py
[2026-07-26T10:34:50.786+0000] {logging_mixin.py:190} INFO - [2026-07-26T10:34:50.786+0000] {dag.py:3239} INFO - Sync 1 DAGs
[2026-07-26T10:34:50.810+0000] {logging_mixin.py:190} INFO - [2026-07-26T10:34:50.810+0000] {dag.py:4180} INFO - Setting next_dagrun for dbt_docs_generate_and_publish to 2026-07-26 02:00:00+00:00, run_after=2026-07-27 02:00:00+00:00
[2026-07-26T10:34:50.837+0000] {processor.py:208} INFO - Processing /opt/airflow/dags/dbt_docs_pipeline.py took 0.161 seconds
[2026-07-26T10:35:21.336+0000] {processor.py:186} INFO - Started process (PID=718) to work on /opt/airflow/dags/dbt_docs_pipeline.py
[2026-07-26T10:35:21.337+0000] {processor.py:914} INFO - Processing file /opt/airflow/dags/dbt_docs_pipeline.py for tasks to queue
[2026-07-26T10:35:21.338+0000] {logging_mixin.py:190} INFO - [2026-07-26T10:35:21.338+0000] {dagbag.py:588} INFO - Filling up the DagBag from /opt/airflow/dags/dbt_docs_pipeline.py
[2026-07-26T10:35:21.368+0000] {processor.py:925} INFO - DAG(s) 'dbt_docs_generate_and_publish' retrieved from /opt/airflow/dags/dbt_docs_pipeline.py
[2026-07-26T10:35:21.393+0000] {logging_mixin.py:190} INFO - [2026-07-26T10:35:21.392+0000] {dag.py:3239} INFO - Sync 1 DAGs
[2026-07-26T10:35:21.417+0000] {logging_mixin.py:190} INFO - [2026-07-26T10:35:21.416+0000] {dag.py:4180} INFO - Setting next_dagrun for dbt_docs_generate_and_publish to 2026-07-26 02:00:00+00:00, run_after=2026-07-27 02:00:00+00:00
[2026-07-26T10:35:21.436+0000] {processor.py:208} INFO - Processing /opt/airflow/dags/dbt_docs_pipeline.py took 0.106 seconds
[2026-07-26T10:35:51.805+0000] {processor.py:186} INFO - Started process (PID=806) to work on /opt/airflow/dags/dbt_docs_pipeline.py
[2026-07-26T10:35:51.806+0000] {processor.py:914} INFO - Processing file /opt/airflow/dags/dbt_docs_pipeline.py for tasks to queue
[2026-07-26T10:35:51.807+0000] {logging_mixin.py:190} INFO - [2026-07-26T10:35:51.807+0000] {dagbag.py:588} INFO - Filling up the DagBag from /opt/airflow/dags/dbt_docs_pipeline.py
[2026-07-26T10:35:51.832+0000] {processor.py:925} INFO - DAG(s) 'dbt_docs_generate_and_publish' retrieved from /opt/airflow/dags/dbt_docs_pipeline.py
[2026-07-26T10:35:51.857+0000] {logging_mixin.py:190} INFO - [2026-07-26T10:35:51.856+0000] {dag.py:3239} INFO - Sync 1 DAGs
[2026-07-26T10:35:51.882+0000] {logging_mixin.py:190} INFO - [2026-07-26T10:35:51.882+0000] {dag.py:4180} INFO - Setting next_dagrun for dbt_docs_generate_and_publish to 2026-07-26 02:00:00+00:00, run_after=2026-07-27 02:00:00+00:00
[2026-07-26T10:35:51.900+0000] {processor.py:208} INFO - Processing /opt/airflow/dags/dbt_docs_pipeline.py took 0.101 seconds
[2026-07-26T10:36:22.480+0000] {processor.py:186} INFO - Started process (PID=899) to work on /opt/airflow/dags/dbt_docs_pipeline.py
[2026-07-26T10:36:22.481+0000] {processor.py:914} INFO - Processing file /opt/airflow/dags/dbt_docs_pipeline.py for tasks to queue
[2026-07-26T10:36:22.483+0000] {logging_mixin.py:190} INFO - [2026-07-26T10:36:22.482+0000] {dagbag.py:588} INFO - Filling up the DagBag from /opt/airflow/dags/dbt_docs_pipeline.py
[2026-07-26T10:36:22.511+0000] {processor.py:925} INFO - DAG(s) 'dbt_docs_generate_and_publish' retrieved from /opt/airflow/dags/dbt_docs_pipeline.py
[2026-07-26T10:36:22.534+0000] {logging_mixin.py:190} INFO - [2026-07-26T10:36:22.534+0000] {dag.py:3239} INFO - Sync 1 DAGs
[2026-07-26T10:36:22.561+0000] {logging_mixin.py:190} INFO - [2026-07-26T10:36:22.560+0000] {dag.py:4180} INFO - Setting next_dagrun for dbt_docs_generate_and_publish to 2026-07-26 02:00:00+00:00, run_after=2026-07-27 02:00:00+00:00
[2026-07-26T10:36:22.583+0000] {processor.py:208} INFO - Processing /opt/airflow/dags/dbt_docs_pipeline.py took 0.109 seconds
[2026-07-26T10:36:52.661+0000] {processor.py:186} INFO - Started process (PID=990) to work on /opt/airflow/dags/dbt_docs_pipeline.py
[2026-07-26T10:36:52.662+0000] {processor.py:914} INFO - Processing file /opt/airflow/dags/dbt_docs_pipeline.py for tasks to queue
[2026-07-26T10:36:52.663+0000] {logging_mixin.py:190} INFO - [2026-07-26T10:36:52.663+0000] {dagbag.py:588} INFO - Filling up the DagBag from /opt/airflow/dags/dbt_docs_pipeline.py
[2026-07-26T10:36:52.694+0000] {processor.py:925} INFO - DAG(s) 'dbt_docs_generate_and_publish' retrieved from /opt/airflow/dags/dbt_docs_pipeline.py
[2026-07-26T10:36:52.720+0000] {logging_mixin.py:190} INFO - [2026-07-26T10:36:52.720+0000] {dag.py:3239} INFO - Sync 1 DAGs
[2026-07-26T10:36:52.747+0000] {logging_mixin.py:190} INFO - [2026-07-26T10:36:52.747+0000] {dag.py:4180} INFO - Setting next_dagrun for dbt_docs_generate_and_publish to 2026-07-26 02:00:00+00:00, run_after=2026-07-27 02:00:00+00:00
[2026-07-26T10:36:52.767+0000] {processor.py:208} INFO - Processing /opt/airflow/dags/dbt_docs_pipeline.py took 0.113 seconds
[2026-07-26T10:37:22.888+0000] {processor.py:186} INFO - Started process (PID=1080) to work on /opt/airflow/dags/dbt_docs_pipeline.py
[2026-07-26T10:37:22.889+0000] {processor.py:914} INFO - Processing file /opt/airflow/dags/dbt_docs_pipeline.py for tasks to queue
[2026-07-26T10:37:22.891+0000] {logging_mixin.py:190} INFO - [2026-07-26T10:37:22.891+0000] {dagbag.py:588} INFO - Filling up the DagBag from /opt/airflow/dags/dbt_docs_pipeline.py
[2026-07-26T10:37:22.919+0000] {processor.py:925} INFO - DAG(s) 'dbt_docs_generate_and_publish' retrieved from /opt/airflow/dags/dbt_docs_pipeline.py
[2026-07-26T10:37:22.945+0000] {logging_mixin.py:190} INFO - [2026-07-26T10:37:22.944+0000] {dag.py:3239} INFO - Sync 1 DAGs
[2026-07-26T10:37:22.969+0000] {logging_mixin.py:190} INFO - [2026-07-26T10:37:22.969+0000] {dag.py:4180} INFO - Setting next_dagrun for dbt_docs_generate_and_publish to 2026-07-26 02:00:00+00:00, run_after=2026-07-27 02:00:00+00:00
[2026-07-26T10:37:23.008+0000] {processor.py:208} INFO - Processing /opt/airflow/dags/dbt_docs_pipeline.py took 0.126 seconds
[2026-07-26T10:37:53.291+0000] {processor.py:186} INFO - Started process (PID=1173) to work on /opt/airflow/dags/dbt_docs_pipeline.py
[2026-07-26T10:37:53.293+0000] {processor.py:914} INFO - Processing file /opt/airflow/dags/dbt_docs_pipeline.py for tasks to queue
[2026-07-26T10:37:53.295+0000] {logging_mixin.py:190} INFO - [2026-07-26T10:37:53.294+0000] {dagbag.py:588} INFO - Filling up the DagBag from /opt/airflow/dags/dbt_docs_pipeline.py
[2026-07-26T10:37:53.320+0000] {processor.py:925} INFO - DAG(s) 'dbt_docs_generate_and_publish' retrieved from /opt/airflow/dags/dbt_docs_pipeline.py
[2026-07-26T10:37:53.348+0000] {logging_mixin.py:190} INFO - [2026-07-26T10:37:53.348+0000] {dag.py:3239} INFO - Sync 1 DAGs
[2026-07-26T10:37:53.381+0000] {logging_mixin.py:190} INFO - [2026-07-26T10:37:53.381+0000] {dag.py:4180} INFO - Setting next_dagrun for dbt_docs_generate_and_publish to 2026-07-26 02:00:00+00:00, run_after=2026-07-27 02:00:00+00:00
[2026-07-26T10:37:53.413+0000] {processor.py:208} INFO - Processing /opt/airflow/dags/dbt_docs_pipeline.py took 0.129 seconds
[2026-07-26T10:38:23.998+0000] {processor.py:186} INFO - Started process (PID=1266) to work on /opt/airflow/dags/dbt_docs_pipeline.py
[2026-07-26T10:38:23.999+0000] {processor.py:914} INFO - Processing file /opt/airflow/dags/dbt_docs_pipeline.py for tasks to queue
[2026-07-26T10:38:24.000+0000] {logging_mixin.py:190} INFO - [2026-07-26T10:38:24.000+0000] {dagbag.py:588} INFO - Filling up the DagBag from /opt/airflow/dags/dbt_docs_pipeline.py
[2026-07-26T10:38:24.031+0000] {processor.py:925} INFO - DAG(s) 'dbt_docs_generate_and_publish' retrieved from /opt/airflow/dags/dbt_docs_pipeline.py
[2026-07-26T10:38:24.054+0000] {logging_mixin.py:190} INFO - [2026-07-26T10:38:24.053+0000] {dag.py:3239} INFO - Sync 1 DAGs
[2026-07-26T10:38:24.077+0000] {logging_mixin.py:190} INFO - [2026-07-26T10:38:24.076+0000] {dag.py:4180} INFO - Setting next_dagrun for dbt_docs_generate_and_publish to 2026-07-26 02:00:00+00:00, run_after=2026-07-27 02:00:00+00:00
[2026-07-26T10:38:24.096+0000] {processor.py:208} INFO - Processing /opt/airflow/dags/dbt_docs_pipeline.py took 0.103 seconds
[2026-07-26T10:38:54.688+0000] {processor.py:186} INFO - Started process (PID=1357) to work on /opt/airflow/dags/dbt_docs_pipeline.py
[2026-07-26T10:38:54.689+0000] {processor.py:914} INFO - Processing file /opt/airflow/dags/dbt_docs_pipeline.py for tasks to queue
[2026-07-26T10:38:54.691+0000] {logging_mixin.py:190} INFO - [2026-07-26T10:38:54.691+0000] {dagbag.py:588} INFO - Filling up the DagBag from /opt/airflow/dags/dbt_docs_pipeline.py
[2026-07-26T10:38:54.726+0000] {processor.py:925} INFO - DAG(s) 'dbt_docs_generate_and_publish' retrieved from /opt/airflow/dags/dbt_docs_pipeline.py
[2026-07-26T10:38:54.757+0000] {logging_mixin.py:190} INFO - [2026-07-26T10:38:54.757+0000] {dag.py:3239} INFO - Sync 1 DAGs
[2026-07-26T10:38:54.786+0000] {logging_mixin.py:190} INFO - [2026-07-26T10:38:54.786+0000] {dag.py:4180} INFO - Setting next_dagrun for dbt_docs_generate_and_publish to 2026-07-26 02:00:00+00:00, run_after=2026-07-27 02:00:00+00:00
[2026-07-26T10:38:54.817+0000] {processor.py:208} INFO - Processing /opt/airflow/dags/dbt_docs_pipeline.py took 0.137 seconds
[2026-07-26T10:39:25.295+0000] {processor.py:186} INFO - Started process (PID=1447) to work on /opt/airflow/dags/dbt_docs_pipeline.py
[2026-07-26T10:39:25.296+0000] {processor.py:914} INFO - Processing file /opt/airflow/dags/dbt_docs_pipeline.py for tasks to queue
[2026-07-26T10:39:25.298+0000] {logging_mixin.py:190} INFO - [2026-07-26T10:39:25.297+0000] {dagbag.py:588} INFO - Filling up the DagBag from /opt/airflow/dags/dbt_docs_pipeline.py
[2026-07-26T10:39:25.322+0000] {processor.py:925} INFO - DAG(s) 'dbt_docs_generate_and_publish' retrieved from /opt/airflow/dags/dbt_docs_pipeline.py
[2026-07-26T10:39:25.344+0000] {logging_mixin.py:190} INFO - [2026-07-26T10:39:25.344+0000] {dag.py:3239} INFO - Sync 1 DAGs
[2026-07-26T10:39:25.368+0000] {logging_mixin.py:190} INFO - [2026-07-26T10:39:25.368+0000] {dag.py:4180} INFO - Setting next_dagrun for dbt_docs_generate_and_publish to 2026-07-26 02:00:00+00:00, run_after=2026-07-27 02:00:00+00:00
[2026-07-26T10:39:25.386+0000] {processor.py:208} INFO - Processing /opt/airflow/dags/dbt_docs_pipeline.py took 0.096 seconds
[2026-07-26T10:39:55.870+0000] {processor.py:186} INFO - Started process (PID=1545) to work on /opt/airflow/dags/dbt_docs_pipeline.py
[2026-07-26T10:39:55.871+0000] {processor.py:914} INFO - Processing file /opt/airflow/dags/dbt_docs_pipeline.py for tasks to queue
[2026-07-26T10:39:55.873+0000] {logging_mixin.py:190} INFO - [2026-07-26T10:39:55.873+0000] {dagbag.py:588} INFO - Filling up the DagBag from /opt/airflow/dags/dbt_docs_pipeline.py
[2026-07-26T10:39:55.899+0000] {processor.py:925} INFO - DAG(s) 'dbt_docs_generate_and_publish' retrieved from /opt/airflow/dags/dbt_docs_pipeline.py
[2026-07-26T10:39:55.922+0000] {logging_mixin.py:190} INFO - [2026-07-26T10:39:55.922+0000] {dag.py:3239} INFO - Sync 1 DAGs
[2026-07-26T10:39:55.943+0000] {logging_mixin.py:190} INFO - [2026-07-26T10:39:55.943+0000] {dag.py:4180} INFO - Setting next_dagrun for dbt_docs_generate_and_publish to 2026-07-26 02:00:00+00:00, run_after=2026-07-27 02:00:00+00:00
[2026-07-26T10:39:55.967+0000] {processor.py:208} INFO - Processing /opt/airflow/dags/dbt_docs_pipeline.py took 0.102 seconds
[2026-07-26T10:40:26.252+0000] {processor.py:186} INFO - Started process (PID=1637) to work on /opt/airflow/dags/dbt_docs_pipeline.py
[2026-07-26T10:40:26.253+0000] {processor.py:914} INFO - Processing file /opt/airflow/dags/dbt_docs_pipeline.py for tasks to queue
[2026-07-26T10:40:26.254+0000] {logging_mixin.py:190} INFO - [2026-07-26T10:40:26.254+0000] {dagbag.py:588} INFO - Filling up the DagBag from /opt/airflow/dags/dbt_docs_pipeline.py
[2026-07-26T10:40:26.286+0000] {processor.py:925} INFO - DAG(s) 'dbt_docs_generate_and_publish' retrieved from /opt/airflow/dags/dbt_docs_pipeline.py
[2026-07-26T10:40:26.315+0000] {logging_mixin.py:190} INFO - [2026-07-26T10:40:26.315+0000] {dag.py:3239} INFO - Sync 1 DAGs
[2026-07-26T10:40:26.341+0000] {logging_mixin.py:190} INFO - [2026-07-26T10:40:26.341+0000] {dag.py:4180} INFO - Setting next_dagrun for dbt_docs_generate_and_publish to 2026-07-26 02:00:00+00:00, run_after=2026-07-27 02:00:00+00:00
[2026-07-26T10:40:26.365+0000] {processor.py:208} INFO - Processing /opt/airflow/dags/dbt_docs_pipeline.py took 0.122 seconds
[2026-07-26T10:40:56.536+0000] {processor.py:186} INFO - Started process (PID=1727) to work on /opt/airflow/dags/dbt_docs_pipeline.py
[2026-07-26T10:40:56.537+0000] {processor.py:914} INFO - Processing file /opt/airflow/dags/dbt_docs_pipeline.py for tasks to queue
[2026-07-26T10:40:56.538+0000] {logging_mixin.py:190} INFO - [2026-07-26T10:40:56.538+0000] {dagbag.py:588} INFO - Filling up the DagBag from /opt/airflow/dags/dbt_docs_pipeline.py
[2026-07-26T10:40:56.565+0000] {processor.py:925} INFO - DAG(s) 'dbt_docs_generate_and_publish' retrieved from /opt/airflow/dags/dbt_docs_pipeline.py
[2026-07-26T10:40:56.588+0000] {logging_mixin.py:190} INFO - [2026-07-26T10:40:56.588+0000] {dag.py:3239} INFO - Sync 1 DAGs
[2026-07-26T10:40:56.620+0000] {logging_mixin.py:190} INFO - [2026-07-26T10:40:56.620+0000] {dag.py:4180} INFO - Setting next_dagrun for dbt_docs_generate_and_publish to 2026-07-26 02:00:00+00:00, run_after=2026-07-27 02:00:00+00:00
[2026-07-26T10:40:56.645+0000] {processor.py:208} INFO - Processing /opt/airflow/dags/dbt_docs_pipeline.py took 0.115 seconds
[2026-07-26T10:41:26.930+0000] {processor.py:186} INFO - Started process (PID=1821) to work on /opt/airflow/dags/dbt_docs_pipeline.py
[2026-07-26T10:41:26.931+0000] {processor.py:914} INFO - Processing file /opt/airflow/dags/dbt_docs_pipeline.py for tasks to queue
[2026-07-26T10:41:26.932+0000] {logging_mixin.py:190} INFO - [2026-07-26T10:41:26.932+0000] {dagbag.py:588} INFO - Filling up the DagBag from /opt/airflow/dags/dbt_docs_pipeline.py
[2026-07-26T10:41:26.958+0000] {processor.py:925} INFO - DAG(s) 'dbt_docs_generate_and_publish' retrieved from /opt/airflow/dags/dbt_docs_pipeline.py
[2026-07-26T10:41:26.980+0000] {logging_mixin.py:190} INFO - [2026-07-26T10:41:26.980+0000] {dag.py:3239} INFO - Sync 1 DAGs
[2026-07-26T10:41:27.003+0000] {logging_mixin.py:190} INFO - [2026-07-26T10:41:27.003+0000] {dag.py:4180} INFO - Setting next_dagrun for dbt_docs_generate_and_publish to 2026-07-26 02:00:00+00:00, run_after=2026-07-27 02:00:00+00:00
[2026-07-26T10:41:27.023+0000] {processor.py:208} INFO - Processing /opt/airflow/dags/dbt_docs_pipeline.py took 0.100 seconds
[2026-07-26T10:41:57.849+0000] {processor.py:186} INFO - Started process (PID=1914) to work on /opt/airflow/dags/dbt_docs_pipeline.py
[2026-07-26T10:41:57.850+0000] {processor.py:914} INFO - Processing file /opt/airflow/dags/dbt_docs_pipeline.py for tasks to queue
[2026-07-26T10:41:57.852+0000] {logging_mixin.py:190} INFO - [2026-07-26T10:41:57.851+0000] {dagbag.py:588} INFO - Filling up the DagBag from /opt/airflow/dags/dbt_docs_pipeline.py
[2026-07-26T10:41:57.882+0000] {processor.py:925} INFO - DAG(s) 'dbt_docs_generate_and_publish' retrieved from /opt/airflow/dags/dbt_docs_pipeline.py
[2026-07-26T10:41:57.911+0000] {logging_mixin.py:190} INFO - [2026-07-26T10:41:57.910+0000] {dag.py:3239} INFO - Sync 1 DAGs
[2026-07-26T10:41:57.934+0000] {logging_mixin.py:190} INFO - [2026-07-26T10:41:57.934+0000] {dag.py:4180} INFO - Setting next_dagrun for dbt_docs_generate_and_publish to 2026-07-26 02:00:00+00:00, run_after=2026-07-27 02:00:00+00:00
[2026-07-26T10:41:57.954+0000] {processor.py:208} INFO - Processing /opt/airflow/dags/dbt_docs_pipeline.py took 0.111 seconds
[2026-07-26T10:42:28.544+0000] {processor.py:186} INFO - Started process (PID=2005) to work on /opt/airflow/dags/dbt_docs_pipeline.py
[2026-07-26T10:42:28.545+0000] {processor.py:914} INFO - Processing file /opt/airflow/dags/dbt_docs_pipeline.py for tasks to queue
[2026-07-26T10:42:28.546+0000] {logging_mixin.py:190} INFO - [2026-07-26T10:42:28.546+0000] {dagbag.py:588} INFO - Filling up the DagBag from /opt/airflow/dags/dbt_docs_pipeline.py
[2026-07-26T10:42:28.574+0000] {processor.py:925} INFO - DAG(s) 'dbt_docs_generate_and_publish' retrieved from /opt/airflow/dags/dbt_docs_pipeline.py
[2026-07-26T10:42:28.597+0000] {logging_mixin.py:190} INFO - [2026-07-26T10:42:28.596+0000] {dag.py:3239} INFO - Sync 1 DAGs
[2026-07-26T10:42:28.619+0000] {logging_mixin.py:190} INFO - [2026-07-26T10:42:28.619+0000] {dag.py:4180} INFO - Setting next_dagrun for dbt_docs_generate_and_publish to 2026-07-26 02:00:00+00:00, run_after=2026-07-27 02:00:00+00:00
[2026-07-26T10:42:28.638+0000] {processor.py:208} INFO - Processing /opt/airflow/dags/dbt_docs_pipeline.py took 0.100 seconds
[2026-07-26T10:42:58.789+0000] {processor.py:186} INFO - Started process (PID=2095) to work on /opt/airflow/dags/dbt_docs_pipeline.py
[2026-07-26T10:42:58.790+0000] {processor.py:914} INFO - Processing file /opt/airflow/dags/dbt_docs_pipeline.py for tasks to queue
[2026-07-26T10:42:58.791+0000] {logging_mixin.py:190} INFO - [2026-07-26T10:42:58.791+0000] {dagbag.py:588} INFO - Filling up the DagBag from /opt/airflow/dags/dbt_docs_pipeline.py
[2026-07-26T10:42:58.815+0000] {processor.py:925} INFO - DAG(s) 'dbt_docs_generate_and_publish' retrieved from /opt/airflow/dags/dbt_docs_pipeline.py
[2026-07-26T10:42:58.837+0000] {logging_mixin.py:190} INFO - [2026-07-26T10:42:58.836+0000] {dag.py:3239} INFO - Sync 1 DAGs
[2026-07-26T10:42:58.860+0000] {logging_mixin.py:190} INFO - [2026-07-26T10:42:58.860+0000] {dag.py:4180} INFO - Setting next_dagrun for dbt_docs_generate_and_publish to 2026-07-26 02:00:00+00:00, run_after=2026-07-27 02:00:00+00:00
[2026-07-26T10:42:58.877+0000] {processor.py:208} INFO - Processing /opt/airflow/dags/dbt_docs_pipeline.py took 0.093 seconds
[2026-07-26T10:43:28.971+0000] {processor.py:186} INFO - Started process (PID=2188) to work on /opt/airflow/dags/dbt_docs_pipeline.py
[2026-07-26T10:43:28.972+0000] {processor.py:914} INFO - Processing file /opt/airflow/dags/dbt_docs_pipeline.py for tasks to queue
[2026-07-26T10:43:28.974+0000] {logging_mixin.py:190} INFO - [2026-07-26T10:43:28.973+0000] {dagbag.py:588} INFO - Filling up the DagBag from /opt/airflow/dags/dbt_docs_pipeline.py
[2026-07-26T10:43:28.996+0000] {processor.py:925} INFO - DAG(s) 'dbt_docs_generate_and_publish' retrieved from /opt/airflow/dags/dbt_docs_pipeline.py
[2026-07-26T10:43:29.020+0000] {logging_mixin.py:190} INFO - [2026-07-26T10:43:29.020+0000] {dag.py:3239} INFO - Sync 1 DAGs
[2026-07-26T10:43:29.042+0000] {logging_mixin.py:190} INFO - [2026-07-26T10:43:29.042+0000] {dag.py:4180} INFO - Setting next_dagrun for dbt_docs_generate_and_publish to 2026-07-26 02:00:00+00:00, run_after=2026-07-27 02:00:00+00:00
[2026-07-26T10:43:29.059+0000] {processor.py:208} INFO - Processing /opt/airflow/dags/dbt_docs_pipeline.py took 0.094 seconds
[2026-07-26T10:43:59.461+0000] {processor.py:186} INFO - Started process (PID=2285) to work on /opt/airflow/dags/dbt_docs_pipeline.py
[2026-07-26T10:43:59.462+0000] {processor.py:914} INFO - Processing file /opt/airflow/dags/dbt_docs_pipeline.py for tasks to queue
[2026-07-26T10:43:59.463+0000] {logging_mixin.py:190} INFO - [2026-07-26T10:43:59.463+0000] {dagbag.py:588} INFO - Filling up the DagBag from /opt/airflow/dags/dbt_docs_pipeline.py
[2026-07-26T10:43:59.492+0000] {processor.py:925} INFO - DAG(s) 'dbt_docs_generate_and_publish' retrieved from /opt/airflow/dags/dbt_docs_pipeline.py
[2026-07-26T10:43:59.521+0000] {logging_mixin.py:190} INFO - [2026-07-26T10:43:59.520+0000] {dag.py:3239} INFO - Sync 1 DAGs
[2026-07-26T10:43:59.547+0000] {logging_mixin.py:190} INFO - [2026-07-26T10:43:59.547+0000] {dag.py:4180} INFO - Setting next_dagrun for dbt_docs_generate_and_publish to 2026-07-26 02:00:00+00:00, run_after=2026-07-27 02:00:00+00:00
[2026-07-26T10:43:59.567+0000] {processor.py:208} INFO - Processing /opt/airflow/dags/dbt_docs_pipeline.py took 0.111 seconds
[2026-07-26T10:44:29.763+0000] {processor.py:186} INFO - Started process (PID=2375) to work on /opt/airflow/dags/dbt_docs_pipeline.py
[2026-07-26T10:44:29.764+0000] {processor.py:914} INFO - Processing file /opt/airflow/dags/dbt_docs_pipeline.py for tasks to queue
[2026-07-26T10:44:29.766+0000] {logging_mixin.py:190} INFO - [2026-07-26T10:44:29.765+0000] {dagbag.py:588} INFO - Filling up the DagBag from /opt/airflow/dags/dbt_docs_pipeline.py
[2026-07-26T10:44:29.793+0000] {processor.py:925} INFO - DAG(s) 'dbt_docs_generate_and_publish' retrieved from /opt/airflow/dags/dbt_docs_pipeline.py
[2026-07-26T10:44:29.816+0000] {logging_mixin.py:190} INFO - [2026-07-26T10:44:29.815+0000] {dag.py:3239} INFO - Sync 1 DAGs
[2026-07-26T10:44:29.838+0000] {logging_mixin.py:190} INFO - [2026-07-26T10:44:29.838+0000] {dag.py:4180} INFO - Setting next_dagrun for dbt_docs_generate_and_publish to 2026-07-26 02:00:00+00:00, run_after=2026-07-27 02:00:00+00:00
[2026-07-26T10:44:29.860+0000] {processor.py:208} INFO - Processing /opt/airflow/dags/dbt_docs_pipeline.py took 0.102 seconds
[2026-07-26T10:45:00.252+0000] {processor.py:186} INFO - Started process (PID=2468) to work on /opt/airflow/dags/dbt_docs_pipeline.py
[2026-07-26T10:45:00.254+0000] {processor.py:914} INFO - Processing file /opt/airflow/dags/dbt_docs_pipeline.py for tasks to queue
[2026-07-26T10:45:00.255+0000] {logging_mixin.py:190} INFO - [2026-07-26T10:45:00.255+0000] {dagbag.py:588} INFO - Filling up the DagBag from /opt/airflow/dags/dbt_docs_pipeline.py
[2026-07-26T10:45:00.281+0000] {processor.py:925} INFO - DAG(s) 'dbt_docs_generate_and_publish' retrieved from /opt/airflow/dags/dbt_docs_pipeline.py
[2026-07-26T10:45:00.305+0000] {logging_mixin.py:190} INFO - [2026-07-26T10:45:00.305+0000] {dag.py:3239} INFO - Sync 1 DAGs
[2026-07-26T10:45:00.332+0000] {logging_mixin.py:190} INFO - [2026-07-26T10:45:00.332+0000] {dag.py:4180} INFO - Setting next_dagrun for dbt_docs_generate_and_publish to 2026-07-26 02:00:00+00:00, run_after=2026-07-27 02:00:00+00:00
[2026-07-26T10:45:00.350+0000] {processor.py:208} INFO - Processing /opt/airflow/dags/dbt_docs_pipeline.py took 0.103 seconds
[2026-07-26T10:45:30.496+0000] {processor.py:186} INFO - Started process (PID=2561) to work on /opt/airflow/dags/dbt_docs_pipeline.py
[2026-07-26T10:45:30.497+0000] {processor.py:914} INFO - Processing file /opt/airflow/dags/dbt_docs_pipeline.py for tasks to queue
[2026-07-26T10:45:30.498+0000] {logging_mixin.py:190} INFO - [2026-07-26T10:45:30.498+0000] {dagbag.py:588} INFO - Filling up the DagBag from /opt/airflow/dags/dbt_docs_pipeline.py
[2026-07-26T10:45:30.522+0000] {processor.py:925} INFO - DAG(s) 'dbt_docs_generate_and_publish' retrieved from /opt/airflow/dags/dbt_docs_pipeline.py
[2026-07-26T10:45:30.543+0000] {logging_mixin.py:190} INFO - [2026-07-26T10:45:30.543+0000] {dag.py:3239} INFO - Sync 1 DAGs
[2026-07-26T10:45:30.564+0000] {logging_mixin.py:190} INFO - [2026-07-26T10:45:30.564+0000] {dag.py:4180} INFO - Setting next_dagrun for dbt_docs_generate_and_publish to 2026-07-26 02:00:00+00:00, run_after=2026-07-27 02:00:00+00:00
[2026-07-26T10:45:30.583+0000] {processor.py:208} INFO - Processing /opt/airflow/dags/dbt_docs_pipeline.py took 0.093 seconds
[2026-07-26T10:46:00.756+0000] {processor.py:186} INFO - Started process (PID=2652) to work on /opt/airflow/dags/dbt_docs_pipeline.py
[2026-07-26T10:46:00.757+0000] {processor.py:914} INFO - Processing file /opt/airflow/dags/dbt_docs_pipeline.py for tasks to queue
[2026-07-26T10:46:00.758+0000] {logging_mixin.py:190} INFO - [2026-07-26T10:46:00.757+0000] {dagbag.py:588} INFO - Filling up the DagBag from /opt/airflow/dags/dbt_docs_pipeline.py
[2026-07-26T10:46:00.783+0000] {processor.py:925} INFO - DAG(s) 'dbt_docs_generate_and_publish' retrieved from /opt/airflow/dags/dbt_docs_pipeline.py
[2026-07-26T10:46:00.808+0000] {logging_mixin.py:190} INFO - [2026-07-26T10:46:00.808+0000] {dag.py:3239} INFO - Sync 1 DAGs
[2026-07-26T10:46:00.832+0000] {logging_mixin.py:190} INFO - [2026-07-26T10:46:00.832+0000] {dag.py:4180} INFO - Setting next_dagrun for dbt_docs_generate_and_publish to 2026-07-26 02:00:00+00:00, run_after=2026-07-27 02:00:00+00:00
[2026-07-26T10:46:00.849+0000] {processor.py:208} INFO - Processing /opt/airflow/dags/dbt_docs_pipeline.py took 0.098 seconds
[2026-07-26T10:46:31.071+0000] {processor.py:186} INFO - Started process (PID=2742) to work on /opt/airflow/dags/dbt_docs_pipeline.py
[2026-07-26T10:46:31.072+0000] {processor.py:914} INFO - Processing file /opt/airflow/dags/dbt_docs_pipeline.py for tasks to queue
[2026-07-26T10:46:31.074+0000] {logging_mixin.py:190} INFO - [2026-07-26T10:46:31.073+0000] {dagbag.py:588} INFO - Filling up the DagBag from /opt/airflow/dags/dbt_docs_pipeline.py
[2026-07-26T10:46:31.091+0000] {processor.py:925} INFO - DAG(s) 'dbt_docs_generate_and_publish' retrieved from /opt/airflow/dags/dbt_docs_pipeline.py
[2026-07-26T10:46:31.111+0000] {logging_mixin.py:190} INFO - [2026-07-26T10:46:31.111+0000] {dag.py:3239} INFO - Sync 1 DAGs
[2026-07-26T10:46:31.132+0000] {logging_mixin.py:190} INFO - [2026-07-26T10:46:31.131+0000] {dag.py:4180} INFO - Setting next_dagrun for dbt_docs_generate_and_publish to 2026-07-26 02:00:00+00:00, run_after=2026-07-27 02:00:00+00:00
[2026-07-26T10:46:31.153+0000] {processor.py:208} INFO - Processing /opt/airflow/dags/dbt_docs_pipeline.py took 0.087 seconds
[2026-07-26T10:53:22.627+0000] {processor.py:186} INFO - Started process (PID=170) to work on /opt/airflow/dags/dbt_docs_pipeline.py
[2026-07-26T10:53:22.628+0000] {processor.py:914} INFO - Processing file /opt/airflow/dags/dbt_docs_pipeline.py for tasks to queue
[2026-07-26T10:53:22.633+0000] {logging_mixin.py:190} INFO - [2026-07-26T10:53:22.632+0000] {dagbag.py:588} INFO - Filling up the DagBag from /opt/airflow/dags/dbt_docs_pipeline.py
[2026-07-26T10:53:22.670+0000] {processor.py:925} INFO - DAG(s) 'dbt_docs_generate_and_publish' retrieved from /opt/airflow/dags/dbt_docs_pipeline.py
[2026-07-26T10:53:22.715+0000] {logging_mixin.py:190} INFO - [2026-07-26T10:53:22.715+0000] {dag.py:3239} INFO - Sync 1 DAGs
[2026-07-26T10:53:22.751+0000] {logging_mixin.py:190} INFO - [2026-07-26T10:53:22.750+0000] {dag.py:4180} INFO - Setting next_dagrun for dbt_docs_generate_and_publish to 2026-07-26 02:00:00+00:00, run_after=2026-07-27 02:00:00+00:00
[2026-07-26T10:53:22.784+0000] {processor.py:208} INFO - Processing /opt/airflow/dags/dbt_docs_pipeline.py took 0.168 seconds
[2026-07-26T10:53:53.105+0000] {processor.py:186} INFO - Started process (PID=265) to work on /opt/airflow/dags/dbt_docs_pipeline.py
[2026-07-26T10:53:53.106+0000] {processor.py:914} INFO - Processing file /opt/airflow/dags/dbt_docs_pipeline.py for tasks to queue
[2026-07-26T10:53:53.108+0000] {logging_mixin.py:190} INFO - [2026-07-26T10:53:53.108+0000] {dagbag.py:588} INFO - Filling up the DagBag from /opt/airflow/dags/dbt_docs_pipeline.py
[2026-07-26T10:53:53.135+0000] {processor.py:925} INFO - DAG(s) 'dbt_docs_generate_and_publish' retrieved from /opt/airflow/dags/dbt_docs_pipeline.py
[2026-07-26T10:53:53.157+0000] {logging_mixin.py:190} INFO - [2026-07-26T10:53:53.157+0000] {dag.py:3239} INFO - Sync 1 DAGs
[2026-07-26T10:53:53.180+0000] {logging_mixin.py:190} INFO - [2026-07-26T10:53:53.180+0000] {dag.py:4180} INFO - Setting next_dagrun for dbt_docs_generate_and_publish to 2026-07-26 02:00:00+00:00, run_after=2026-07-27 02:00:00+00:00
[2026-07-26T10:53:53.199+0000] {processor.py:208} INFO - Processing /opt/airflow/dags/dbt_docs_pipeline.py took 0.099 seconds
[2026-07-26T10:54:23.837+0000] {processor.py:186} INFO - Started process (PID=356) to work on /opt/airflow/dags/dbt_docs_pipeline.py
[2026-07-26T10:54:23.838+0000] {processor.py:914} INFO - Processing file /opt/airflow/dags/dbt_docs_pipeline.py for tasks to queue
[2026-07-26T10:54:23.841+0000] {logging_mixin.py:190} INFO - [2026-07-26T10:54:23.840+0000] {dagbag.py:588} INFO - Filling up the DagBag from /opt/airflow/dags/dbt_docs_pipeline.py
[2026-07-26T10:54:23.873+0000] {processor.py:925} INFO - DAG(s) 'dbt_docs_generate_and_publish' retrieved from /opt/airflow/dags/dbt_docs_pipeline.py
[2026-07-26T10:54:23.896+0000] {logging_mixin.py:190} INFO - [2026-07-26T10:54:23.895+0000] {dag.py:3239} INFO - Sync 1 DAGs
[2026-07-26T10:54:23.918+0000] {logging_mixin.py:190} INFO - [2026-07-26T10:54:23.917+0000] {dag.py:4180} INFO - Setting next_dagrun for dbt_docs_generate_and_publish to 2026-07-26 02:00:00+00:00, run_after=2026-07-27 02:00:00+00:00
[2026-07-26T10:54:23.937+0000] {processor.py:208} INFO - Processing /opt/airflow/dags/dbt_docs_pipeline.py took 0.107 seconds
[2026-07-26T10:54:54.035+0000] {processor.py:186} INFO - Started process (PID=444) to work on /opt/airflow/dags/dbt_docs_pipeline.py
[2026-07-26T10:54:54.036+0000] {processor.py:914} INFO - Processing file /opt/airflow/dags/dbt_docs_pipeline.py for tasks to queue
[2026-07-26T10:54:54.038+0000] {logging_mixin.py:190} INFO - [2026-07-26T10:54:54.038+0000] {dagbag.py:588} INFO - Filling up the DagBag from /opt/airflow/dags/dbt_docs_pipeline.py
[2026-07-26T10:54:54.066+0000] {processor.py:925} INFO - DAG(s) 'dbt_docs_generate_and_publish' retrieved from /opt/airflow/dags/dbt_docs_pipeline.py
[2026-07-26T10:54:54.105+0000] {logging_mixin.py:190} INFO - [2026-07-26T10:54:54.105+0000] {dag.py:3239} INFO - Sync 1 DAGs
[2026-07-26T10:54:54.135+0000] {logging_mixin.py:190} INFO - [2026-07-26T10:54:54.135+0000] {dag.py:4180} INFO - Setting next_dagrun for dbt_docs_generate_and_publish to 2026-07-26 02:00:00+00:00, run_after=2026-07-27 02:00:00+00:00
[2026-07-26T10:54:54.170+0000] {processor.py:208} INFO - Processing /opt/airflow/dags/dbt_docs_pipeline.py took 0.142 seconds
[2026-07-26T10:55:24.272+0000] {processor.py:186} INFO - Started process (PID=537) to work on /opt/airflow/dags/dbt_docs_pipeline.py
[2026-07-26T10:55:24.274+0000] {processor.py:914} INFO - Processing file /opt/airflow/dags/dbt_docs_pipeline.py for tasks to queue
[2026-07-26T10:55:24.279+0000] {logging_mixin.py:190} INFO - [2026-07-26T10:55:24.278+0000] {dagbag.py:588} INFO - Filling up the DagBag from /opt/airflow/dags/dbt_docs_pipeline.py
[2026-07-26T10:55:24.313+0000] {processor.py:925} INFO - DAG(s) 'dbt_docs_generate_and_publish' retrieved from /opt/airflow/dags/dbt_docs_pipeline.py
[2026-07-26T10:55:24.341+0000] {logging_mixin.py:190} INFO - [2026-07-26T10:55:24.341+0000] {dag.py:3239} INFO - Sync 1 DAGs
[2026-07-26T10:55:24.383+0000] {logging_mixin.py:190} INFO - [2026-07-26T10:55:24.382+0000] {dag.py:4180} INFO - Setting next_dagrun for dbt_docs_generate_and_publish to 2026-07-26 02:00:00+00:00, run_after=2026-07-27 02:00:00+00:00
[2026-07-26T10:55:24.405+0000] {processor.py:208} INFO - Processing /opt/airflow/dags/dbt_docs_pipeline.py took 0.140 seconds
[2026-07-26T10:55:54.879+0000] {processor.py:186} INFO - Started process (PID=630) to work on /opt/airflow/dags/dbt_docs_pipeline.py
[2026-07-26T10:55:54.880+0000] {processor.py:914} INFO - Processing file /opt/airflow/dags/dbt_docs_pipeline.py for tasks to queue
[2026-07-26T10:55:54.882+0000] {logging_mixin.py:190} INFO - [2026-07-26T10:55:54.882+0000] {dagbag.py:588} INFO - Filling up the DagBag from /opt/airflow/dags/dbt_docs_pipeline.py
[2026-07-26T10:55:54.923+0000] {processor.py:925} INFO - DAG(s) 'dbt_docs_generate_and_publish' retrieved from /opt/airflow/dags/dbt_docs_pipeline.py
[2026-07-26T10:55:54.970+0000] {logging_mixin.py:190} INFO - [2026-07-26T10:55:54.969+0000] {dag.py:3239} INFO - Sync 1 DAGs
[2026-07-26T10:55:55.018+0000] {logging_mixin.py:190} INFO - [2026-07-26T10:55:55.018+0000] {dag.py:4180} INFO - Setting next_dagrun for dbt_docs_generate_and_publish to 2026-07-26 02:00:00+00:00, run_after=2026-07-27 02:00:00+00:00
[2026-07-26T10:55:55.060+0000] {processor.py:208} INFO - Processing /opt/airflow/dags/dbt_docs_pipeline.py took 0.187 seconds
[2026-07-26T10:56:25.280+0000] {processor.py:186} INFO - Started process (PID=723) to work on /opt/airflow/dags/dbt_docs_pipeline.py
[2026-07-26T10:56:25.282+0000] {processor.py:914} INFO - Processing file /opt/airflow/dags/dbt_docs_pipeline.py for tasks to queue
[2026-07-26T10:56:25.284+0000] {logging_mixin.py:190} INFO - [2026-07-26T10:56:25.283+0000] {dagbag.py:588} INFO - Filling up the DagBag from /opt/airflow/dags/dbt_docs_pipeline.py
[2026-07-26T10:56:25.312+0000] {processor.py:925} INFO - DAG(s) 'dbt_docs_generate_and_publish' retrieved from /opt/airflow/dags/dbt_docs_pipeline.py
[2026-07-26T10:56:25.335+0000] {logging_mixin.py:190} INFO - [2026-07-26T10:56:25.335+0000] {dag.py:3239} INFO - Sync 1 DAGs
[2026-07-26T10:56:25.359+0000] {logging_mixin.py:190} INFO - [2026-07-26T10:56:25.359+0000] {dag.py:4180} INFO - Setting next_dagrun for dbt_docs_generate_and_publish to 2026-07-26 02:00:00+00:00, run_after=2026-07-27 02:00:00+00:00
[2026-07-26T10:56:25.379+0000] {processor.py:208} INFO - Processing /opt/airflow/dags/dbt_docs_pipeline.py took 0.105 seconds
[2026-07-26T10:56:55.593+0000] {processor.py:186} INFO - Started process (PID=811) to work on /opt/airflow/dags/dbt_docs_pipeline.py
[2026-07-26T10:56:55.594+0000] {processor.py:914} INFO - Processing file /opt/airflow/dags/dbt_docs_pipeline.py for tasks to queue
[2026-07-26T10:56:55.597+0000] {logging_mixin.py:190} INFO - [2026-07-26T10:56:55.596+0000] {dagbag.py:588} INFO - Filling up the DagBag from /opt/airflow/dags/dbt_docs_pipeline.py
[2026-07-26T10:56:55.629+0000] {processor.py:925} INFO - DAG(s) 'dbt_docs_generate_and_publish' retrieved from /opt/airflow/dags/dbt_docs_pipeline.py
[2026-07-26T10:56:55.660+0000] {logging_mixin.py:190} INFO - [2026-07-26T10:56:55.660+0000] {dag.py:3239} INFO - Sync 1 DAGs
[2026-07-26T10:56:55.686+0000] {logging_mixin.py:190} INFO - [2026-07-26T10:56:55.686+0000] {dag.py:4180} INFO - Setting next_dagrun for dbt_docs_generate_and_publish to 2026-07-26 02:00:00+00:00, run_after=2026-07-27 02:00:00+00:00
[2026-07-26T10:56:55.709+0000] {processor.py:208} INFO - Processing /opt/airflow/dags/dbt_docs_pipeline.py took 0.122 seconds
[2026-07-26T10:57:26.091+0000] {processor.py:186} INFO - Started process (PID=904) to work on /opt/airflow/dags/dbt_docs_pipeline.py
[2026-07-26T10:57:26.092+0000] {processor.py:914} INFO - Processing file /opt/airflow/dags/dbt_docs_pipeline.py for tasks to queue
[2026-07-26T10:57:26.095+0000] {logging_mixin.py:190} INFO - [2026-07-26T10:57:26.094+0000] {dagbag.py:588} INFO - Filling up the DagBag from /opt/airflow/dags/dbt_docs_pipeline.py
[2026-07-26T10:57:26.124+0000] {processor.py:925} INFO - DAG(s) 'dbt_docs_generate_and_publish' retrieved from /opt/airflow/dags/dbt_docs_pipeline.py
[2026-07-26T10:57:26.163+0000] {logging_mixin.py:190} INFO - [2026-07-26T10:57:26.162+0000] {dag.py:3239} INFO - Sync 1 DAGs
[2026-07-26T10:57:26.192+0000] {logging_mixin.py:190} INFO - [2026-07-26T10:57:26.192+0000] {dag.py:4180} INFO - Setting next_dagrun for dbt_docs_generate_and_publish to 2026-07-26 02:00:00+00:00, run_after=2026-07-27 02:00:00+00:00
[2026-07-26T10:57:26.217+0000] {processor.py:208} INFO - Processing /opt/airflow/dags/dbt_docs_pipeline.py took 0.132 seconds
[2026-07-26T10:57:56.455+0000] {processor.py:186} INFO - Started process (PID=997) to work on /opt/airflow/dags/dbt_docs_pipeline.py
[2026-07-26T10:57:56.456+0000] {processor.py:914} INFO - Processing file /opt/airflow/dags/dbt_docs_pipeline.py for tasks to queue
[2026-07-26T10:57:56.458+0000] {logging_mixin.py:190} INFO - [2026-07-26T10:57:56.458+0000] {dagbag.py:588} INFO - Filling up the DagBag from /opt/airflow/dags/dbt_docs_pipeline.py
[2026-07-26T10:57:56.487+0000] {processor.py:925} INFO - DAG(s) 'dbt_docs_generate_and_publish' retrieved from /opt/airflow/dags/dbt_docs_pipeline.py
[2026-07-26T10:57:56.512+0000] {logging_mixin.py:190} INFO - [2026-07-26T10:57:56.512+0000] {dag.py:3239} INFO - Sync 1 DAGs
[2026-07-26T10:57:56.540+0000] {logging_mixin.py:190} INFO - [2026-07-26T10:57:56.539+0000] {dag.py:4180} INFO - Setting next_dagrun for dbt_docs_generate_and_publish to 2026-07-26 02:00:00+00:00, run_after=2026-07-27 02:00:00+00:00
[2026-07-26T10:57:56.563+0000] {processor.py:208} INFO - Processing /opt/airflow/dags/dbt_docs_pipeline.py took 0.115 seconds
[2026-07-26T10:58:26.799+0000] {processor.py:186} INFO - Started process (PID=1085) to work on /opt/airflow/dags/dbt_docs_pipeline.py
[2026-07-26T10:58:26.800+0000] {processor.py:914} INFO - Processing file /opt/airflow/dags/dbt_docs_pipeline.py for tasks to queue
[2026-07-26T10:58:26.804+0000] {logging_mixin.py:190} INFO - [2026-07-26T10:58:26.803+0000] {dagbag.py:588} INFO - Filling up the DagBag from /opt/airflow/dags/dbt_docs_pipeline.py
[2026-07-26T10:58:26.835+0000] {processor.py:925} INFO - DAG(s) 'dbt_docs_generate_and_publish' retrieved from /opt/airflow/dags/dbt_docs_pipeline.py
[2026-07-26T10:58:26.862+0000] {logging_mixin.py:190} INFO - [2026-07-26T10:58:26.862+0000] {dag.py:3239} INFO - Sync 1 DAGs
[2026-07-26T10:58:26.888+0000] {logging_mixin.py:190} INFO - [2026-07-26T10:58:26.888+0000] {dag.py:4180} INFO - Setting next_dagrun for dbt_docs_generate_and_publish to 2026-07-26 02:00:00+00:00, run_after=2026-07-27 02:00:00+00:00
[2026-07-26T10:58:26.913+0000] {processor.py:208} INFO - Processing /opt/airflow/dags/dbt_docs_pipeline.py took 0.121 seconds
[2026-07-26T10:58:57.870+0000] {processor.py:186} INFO - Started process (PID=1178) to work on /opt/airflow/dags/dbt_docs_pipeline.py
[2026-07-26T10:58:57.872+0000] {processor.py:914} INFO - Processing file /opt/airflow/dags/dbt_docs_pipeline.py for tasks to queue
[2026-07-26T10:58:57.875+0000] {logging_mixin.py:190} INFO - [2026-07-26T10:58:57.874+0000] {dagbag.py:588} INFO - Filling up the DagBag from /opt/airflow/dags/dbt_docs_pipeline.py
[2026-07-26T10:58:57.908+0000] {processor.py:925} INFO - DAG(s) 'dbt_docs_generate_and_publish' retrieved from /opt/airflow/dags/dbt_docs_pipeline.py
[2026-07-26T10:58:57.939+0000] {logging_mixin.py:190} INFO - [2026-07-26T10:58:57.939+0000] {dag.py:3239} INFO - Sync 1 DAGs
[2026-07-26T10:58:57.965+0000] {logging_mixin.py:190} INFO - [2026-07-26T10:58:57.965+0000] {dag.py:4180} INFO - Setting next_dagrun for dbt_docs_generate_and_publish to 2026-07-26 02:00:00+00:00, run_after=2026-07-27 02:00:00+00:00
[2026-07-26T10:58:57.988+0000] {processor.py:208} INFO - Processing /opt/airflow/dags/dbt_docs_pipeline.py took 0.124 seconds
[2026-07-26T10:59:28.486+0000] {processor.py:186} INFO - Started process (PID=1271) to work on /opt/airflow/dags/dbt_docs_pipeline.py
[2026-07-26T10:59:28.487+0000] {processor.py:914} INFO - Processing file /opt/airflow/dags/dbt_docs_pipeline.py for tasks to queue
[2026-07-26T10:59:28.488+0000] {logging_mixin.py:190} INFO - [2026-07-26T10:59:28.488+0000] {dagbag.py:588} INFO - Filling up the DagBag from /opt/airflow/dags/dbt_docs_pipeline.py
[2026-07-26T10:59:28.513+0000] {processor.py:925} INFO - DAG(s) 'dbt_docs_generate_and_publish' retrieved from /opt/airflow/dags/dbt_docs_pipeline.py
[2026-07-26T10:59:28.542+0000] {logging_mixin.py:190} INFO - [2026-07-26T10:59:28.542+0000] {dag.py:3239} INFO - Sync 1 DAGs
[2026-07-26T10:59:28.568+0000] {logging_mixin.py:190} INFO - [2026-07-26T10:59:28.568+0000] {dag.py:4180} INFO - Setting next_dagrun for dbt_docs_generate_and_publish to 2026-07-26 02:00:00+00:00, run_after=2026-07-27 02:00:00+00:00
[2026-07-26T10:59:28.591+0000] {processor.py:208} INFO - Processing /opt/airflow/dags/dbt_docs_pipeline.py took 0.111 seconds
[2026-07-26T10:59:59.247+0000] {processor.py:186} INFO - Started process (PID=1364) to work on /opt/airflow/dags/dbt_docs_pipeline.py
[2026-07-26T10:59:59.248+0000] {processor.py:914} INFO - Processing file /opt/airflow/dags/dbt_docs_pipeline.py for tasks to queue
[2026-07-26T10:59:59.250+0000] {logging_mixin.py:190} INFO - [2026-07-26T10:59:59.250+0000] {dagbag.py:588} INFO - Filling up the DagBag from /opt/airflow/dags/dbt_docs_pipeline.py
[2026-07-26T10:59:59.277+0000] {processor.py:925} INFO - DAG(s) 'dbt_docs_generate_and_publish' retrieved from /opt/airflow/dags/dbt_docs_pipeline.py
[2026-07-26T10:59:59.299+0000] {logging_mixin.py:190} INFO - [2026-07-26T10:59:59.299+0000] {dag.py:3239} INFO - Sync 1 DAGs
[2026-07-26T10:59:59.323+0000] {logging_mixin.py:190} INFO - [2026-07-26T10:59:59.323+0000] {dag.py:4180} INFO - Setting next_dagrun for dbt_docs_generate_and_publish to 2026-07-26 02:00:00+00:00, run_after=2026-07-27 02:00:00+00:00
[2026-07-26T10:59:59.343+0000] {processor.py:208} INFO - Processing /opt/airflow/dags/dbt_docs_pipeline.py took 0.102 seconds
[2026-07-26T11:00:29.656+0000] {processor.py:186} INFO - Started process (PID=1452) to work on /opt/airflow/dags/dbt_docs_pipeline.py
[2026-07-26T11:00:29.657+0000] {processor.py:914} INFO - Processing file /opt/airflow/dags/dbt_docs_pipeline.py for tasks to queue
[2026-07-26T11:00:29.660+0000] {logging_mixin.py:190} INFO - [2026-07-26T11:00:29.660+0000] {dagbag.py:588} INFO - Filling up the DagBag from /opt/airflow/dags/dbt_docs_pipeline.py
[2026-07-26T11:00:29.686+0000] {processor.py:925} INFO - DAG(s) 'dbt_docs_generate_and_publish' retrieved from /opt/airflow/dags/dbt_docs_pipeline.py
[2026-07-26T11:00:29.711+0000] {logging_mixin.py:190} INFO - [2026-07-26T11:00:29.711+0000] {dag.py:3239} INFO - Sync 1 DAGs
[2026-07-26T11:00:29.735+0000] {logging_mixin.py:190} INFO - [2026-07-26T11:00:29.735+0000] {dag.py:4180} INFO - Setting next_dagrun for dbt_docs_generate_and_publish to 2026-07-26 02:00:00+00:00, run_after=2026-07-27 02:00:00+00:00
[2026-07-26T11:00:29.757+0000] {processor.py:208} INFO - Processing /opt/airflow/dags/dbt_docs_pipeline.py took 0.107 seconds
[2026-07-26T11:00:59.896+0000] {processor.py:186} INFO - Started process (PID=1545) to work on /opt/airflow/dags/dbt_docs_pipeline.py
[2026-07-26T11:00:59.897+0000] {processor.py:914} INFO - Processing file /opt/airflow/dags/dbt_docs_pipeline.py for tasks to queue
[2026-07-26T11:00:59.899+0000] {logging_mixin.py:190} INFO - [2026-07-26T11:00:59.899+0000] {dagbag.py:588} INFO - Filling up the DagBag from /opt/airflow/dags/dbt_docs_pipeline.py
[2026-07-26T11:00:59.929+0000] {processor.py:925} INFO - DAG(s) 'dbt_docs_generate_and_publish' retrieved from /opt/airflow/dags/dbt_docs_pipeline.py
[2026-07-26T11:00:59.957+0000] {logging_mixin.py:190} INFO - [2026-07-26T11:00:59.957+0000] {dag.py:3239} INFO - Sync 1 DAGs
[2026-07-26T11:00:59.980+0000] {logging_mixin.py:190} INFO - [2026-07-26T11:00:59.980+0000] {dag.py:4180} INFO - Setting next_dagrun for dbt_docs_generate_and_publish to 2026-07-26 02:00:00+00:00, run_after=2026-07-27 02:00:00+00:00
[2026-07-26T11:01:00.002+0000] {processor.py:208} INFO - Processing /opt/airflow/dags/dbt_docs_pipeline.py took 0.111 seconds
[2026-07-26T11:01:30.655+0000] {processor.py:186} INFO - Started process (PID=1638) to work on /opt/airflow/dags/dbt_docs_pipeline.py
[2026-07-26T11:01:30.656+0000] {processor.py:914} INFO - Processing file /opt/airflow/dags/dbt_docs_pipeline.py for tasks to queue
[2026-07-26T11:01:30.659+0000] {logging_mixin.py:190} INFO - [2026-07-26T11:01:30.658+0000] {dagbag.py:588} INFO - Filling up the DagBag from /opt/airflow/dags/dbt_docs_pipeline.py
[2026-07-26T11:01:30.686+0000] {processor.py:925} INFO - DAG(s) 'dbt_docs_generate_and_publish' retrieved from /opt/airflow/dags/dbt_docs_pipeline.py
[2026-07-26T11:01:30.709+0000] {logging_mixin.py:190} INFO - [2026-07-26T11:01:30.709+0000] {dag.py:3239} INFO - Sync 1 DAGs
[2026-07-26T11:01:30.732+0000] {logging_mixin.py:190} INFO - [2026-07-26T11:01:30.732+0000] {dag.py:4180} INFO - Setting next_dagrun for dbt_docs_generate_and_publish to 2026-07-26 02:00:00+00:00, run_after=2026-07-27 02:00:00+00:00
[2026-07-26T11:01:30.752+0000] {processor.py:208} INFO - Processing /opt/airflow/dags/dbt_docs_pipeline.py took 0.102 seconds
[2026-07-26T11:02:00.846+0000] {processor.py:186} INFO - Started process (PID=1728) to work on /opt/airflow/dags/dbt_docs_pipeline.py
[2026-07-26T11:02:00.847+0000] {processor.py:914} INFO - Processing file /opt/airflow/dags/dbt_docs_pipeline.py for tasks to queue
[2026-07-26T11:02:00.849+0000] {logging_mixin.py:190} INFO - [2026-07-26T11:02:00.849+0000] {dagbag.py:588} INFO - Filling up the DagBag from /opt/airflow/dags/dbt_docs_pipeline.py
[2026-07-26T11:02:00.879+0000] {processor.py:925} INFO - DAG(s) 'dbt_docs_generate_and_publish' retrieved from /opt/airflow/dags/dbt_docs_pipeline.py
[2026-07-26T11:02:00.899+0000] {logging_mixin.py:190} INFO - [2026-07-26T11:02:00.899+0000] {dag.py:3239} INFO - Sync 1 DAGs
[2026-07-26T11:02:00.921+0000] {logging_mixin.py:190} INFO - [2026-07-26T11:02:00.921+0000] {dag.py:4180} INFO - Setting next_dagrun for dbt_docs_generate_and_publish to 2026-07-26 02:00:00+00:00, run_after=2026-07-27 02:00:00+00:00
[2026-07-26T11:02:00.942+0000] {processor.py:208} INFO - Processing /opt/airflow/dags/dbt_docs_pipeline.py took 0.101 seconds
[2026-07-26T11:02:31.209+0000] {processor.py:186} INFO - Started process (PID=1819) to work on /opt/airflow/dags/dbt_docs_pipeline.py
[2026-07-26T11:02:31.210+0000] {processor.py:914} INFO - Processing file /opt/airflow/dags/dbt_docs_pipeline.py for tasks to queue
[2026-07-26T11:02:31.213+0000] {logging_mixin.py:190} INFO - [2026-07-26T11:02:31.212+0000] {dagbag.py:588} INFO - Filling up the DagBag from /opt/airflow/dags/dbt_docs_pipeline.py
[2026-07-26T11:02:31.237+0000] {processor.py:925} INFO - DAG(s) 'dbt_docs_generate_and_publish' retrieved from /opt/airflow/dags/dbt_docs_pipeline.py
[2026-07-26T11:02:31.263+0000] {logging_mixin.py:190} INFO - [2026-07-26T11:02:31.263+0000] {dag.py:3239} INFO - Sync 1 DAGs
[2026-07-26T11:02:31.288+0000] {logging_mixin.py:190} INFO - [2026-07-26T11:02:31.288+0000] {dag.py:4180} INFO - Setting next_dagrun for dbt_docs_generate_and_publish to 2026-07-26 02:00:00+00:00, run_after=2026-07-27 02:00:00+00:00
[2026-07-26T11:02:31.312+0000] {processor.py:208} INFO - Processing /opt/airflow/dags/dbt_docs_pipeline.py took 0.108 seconds
[2026-07-26T11:03:01.538+0000] {processor.py:186} INFO - Started process (PID=1914) to work on /opt/airflow/dags/dbt_docs_pipeline.py
[2026-07-26T11:03:01.540+0000] {processor.py:914} INFO - Processing file /opt/airflow/dags/dbt_docs_pipeline.py for tasks to queue
[2026-07-26T11:03:01.546+0000] {logging_mixin.py:190} INFO - [2026-07-26T11:03:01.546+0000] {dagbag.py:588} INFO - Filling up the DagBag from /opt/airflow/dags/dbt_docs_pipeline.py
[2026-07-26T11:03:01.587+0000] {processor.py:925} INFO - DAG(s) 'dbt_docs_generate_and_publish' retrieved from /opt/airflow/dags/dbt_docs_pipeline.py
[2026-07-26T11:03:01.618+0000] {logging_mixin.py:190} INFO - [2026-07-26T11:03:01.617+0000] {dag.py:3239} INFO - Sync 1 DAGs
[2026-07-26T11:03:01.649+0000] {logging_mixin.py:190} INFO - [2026-07-26T11:03:01.648+0000] {dag.py:4180} INFO - Setting next_dagrun for dbt_docs_generate_and_publish to 2026-07-26 02:00:00+00:00, run_after=2026-07-27 02:00:00+00:00
[2026-07-26T11:03:01.684+0000] {processor.py:208} INFO - Processing /opt/airflow/dags/dbt_docs_pipeline.py took 0.155 seconds
[2026-07-26T11:03:32.166+0000] {processor.py:186} INFO - Started process (PID=2005) to work on /opt/airflow/dags/dbt_docs_pipeline.py
[2026-07-26T11:03:32.167+0000] {processor.py:914} INFO - Processing file /opt/airflow/dags/dbt_docs_pipeline.py for tasks to queue
[2026-07-26T11:03:32.170+0000] {logging_mixin.py:190} INFO - [2026-07-26T11:03:32.170+0000] {dagbag.py:588} INFO - Filling up the DagBag from /opt/airflow/dags/dbt_docs_pipeline.py
[2026-07-26T11:03:32.199+0000] {processor.py:925} INFO - DAG(s) 'dbt_docs_generate_and_publish' retrieved from /opt/airflow/dags/dbt_docs_pipeline.py
[2026-07-26T11:03:32.223+0000] {logging_mixin.py:190} INFO - [2026-07-26T11:03:32.223+0000] {dag.py:3239} INFO - Sync 1 DAGs
[2026-07-26T11:03:32.249+0000] {logging_mixin.py:190} INFO - [2026-07-26T11:03:32.249+0000] {dag.py:4180} INFO - Setting next_dagrun for dbt_docs_generate_and_publish to 2026-07-26 02:00:00+00:00, run_after=2026-07-27 02:00:00+00:00
[2026-07-26T11:03:32.271+0000] {processor.py:208} INFO - Processing /opt/airflow/dags/dbt_docs_pipeline.py took 0.111 seconds
[2026-07-26T11:04:02.408+0000] {processor.py:186} INFO - Started process (PID=2093) to work on /opt/airflow/dags/dbt_docs_pipeline.py
[2026-07-26T11:04:02.409+0000] {processor.py:914} INFO - Processing file /opt/airflow/dags/dbt_docs_pipeline.py for tasks to queue
[2026-07-26T11:04:02.411+0000] {logging_mixin.py:190} INFO - [2026-07-26T11:04:02.411+0000] {dagbag.py:588} INFO - Filling up the DagBag from /opt/airflow/dags/dbt_docs_pipeline.py
[2026-07-26T11:04:02.441+0000] {processor.py:925} INFO - DAG(s) 'dbt_docs_generate_and_publish' retrieved from /opt/airflow/dags/dbt_docs_pipeline.py
[2026-07-26T11:04:02.474+0000] {logging_mixin.py:190} INFO - [2026-07-26T11:04:02.473+0000] {dag.py:3239} INFO - Sync 1 DAGs
[2026-07-26T11:04:02.509+0000] {logging_mixin.py:190} INFO - [2026-07-26T11:04:02.509+0000] {dag.py:4180} INFO - Setting next_dagrun for dbt_docs_generate_and_publish to 2026-07-26 02:00:00+00:00, run_after=2026-07-27 02:00:00+00:00
[2026-07-26T11:04:02.539+0000] {processor.py:208} INFO - Processing /opt/airflow/dags/dbt_docs_pipeline.py took 0.138 seconds
[2026-07-26T11:04:32.688+0000] {processor.py:186} INFO - Started process (PID=2186) to work on /opt/airflow/dags/dbt_docs_pipeline.py
[2026-07-26T11:04:32.689+0000] {processor.py:914} INFO - Processing file /opt/airflow/dags/dbt_docs_pipeline.py for tasks to queue
[2026-07-26T11:04:32.691+0000] {logging_mixin.py:190} INFO - [2026-07-26T11:04:32.691+0000] {dagbag.py:588} INFO - Filling up the DagBag from /opt/airflow/dags/dbt_docs_pipeline.py
[2026-07-26T11:04:32.721+0000] {processor.py:925} INFO - DAG(s) 'dbt_docs_generate_and_publish' retrieved from /opt/airflow/dags/dbt_docs_pipeline.py
[2026-07-26T11:04:32.748+0000] {logging_mixin.py:190} INFO - [2026-07-26T11:04:32.747+0000] {dag.py:3239} INFO - Sync 1 DAGs
[2026-07-26T11:04:32.771+0000] {logging_mixin.py:190} INFO - [2026-07-26T11:04:32.771+0000] {dag.py:4180} INFO - Setting next_dagrun for dbt_docs_generate_and_publish to 2026-07-26 02:00:00+00:00, run_after=2026-07-27 02:00:00+00:00
[2026-07-26T11:04:32.792+0000] {processor.py:208} INFO - Processing /opt/airflow/dags/dbt_docs_pipeline.py took 0.109 seconds
[2026-07-26T11:05:03.416+0000] {processor.py:186} INFO - Started process (PID=2279) to work on /opt/airflow/dags/dbt_docs_pipeline.py
[2026-07-26T11:05:03.417+0000] {processor.py:914} INFO - Processing file /opt/airflow/dags/dbt_docs_pipeline.py for tasks to queue
[2026-07-26T11:05:03.419+0000] {logging_mixin.py:190} INFO - [2026-07-26T11:05:03.419+0000] {dagbag.py:588} INFO - Filling up the DagBag from /opt/airflow/dags/dbt_docs_pipeline.py
[2026-07-26T11:05:03.444+0000] {processor.py:925} INFO - DAG(s) 'dbt_docs_generate_and_publish' retrieved from /opt/airflow/dags/dbt_docs_pipeline.py
[2026-07-26T11:05:03.466+0000] {logging_mixin.py:190} INFO - [2026-07-26T11:05:03.466+0000] {dag.py:3239} INFO - Sync 1 DAGs
[2026-07-26T11:05:03.487+0000] {logging_mixin.py:190} INFO - [2026-07-26T11:05:03.487+0000] {dag.py:4180} INFO - Setting next_dagrun for dbt_docs_generate_and_publish to 2026-07-26 02:00:00+00:00, run_after=2026-07-27 02:00:00+00:00
[2026-07-26T11:05:03.507+0000] {processor.py:208} INFO - Processing /opt/airflow/dags/dbt_docs_pipeline.py took 0.096 seconds
[2026-07-26T11:05:33.566+0000] {processor.py:186} INFO - Started process (PID=2369) to work on /opt/airflow/dags/dbt_docs_pipeline.py
[2026-07-26T11:05:33.567+0000] {processor.py:914} INFO - Processing file /opt/airflow/dags/dbt_docs_pipeline.py for tasks to queue
[2026-07-26T11:05:33.569+0000] {logging_mixin.py:190} INFO - [2026-07-26T11:05:33.569+0000] {dagbag.py:588} INFO - Filling up the DagBag from /opt/airflow/dags/dbt_docs_pipeline.py
[2026-07-26T11:05:33.594+0000] {processor.py:925} INFO - DAG(s) 'dbt_docs_generate_and_publish' retrieved from /opt/airflow/dags/dbt_docs_pipeline.py
[2026-07-26T11:05:33.616+0000] {logging_mixin.py:190} INFO - [2026-07-26T11:05:33.616+0000] {dag.py:3239} INFO - Sync 1 DAGs
[2026-07-26T11:05:33.638+0000] {logging_mixin.py:190} INFO - [2026-07-26T11:05:33.638+0000] {dag.py:4180} INFO - Setting next_dagrun for dbt_docs_generate_and_publish to 2026-07-26 02:00:00+00:00, run_after=2026-07-27 02:00:00+00:00
[2026-07-26T11:05:33.660+0000] {processor.py:208} INFO - Processing /opt/airflow/dags/dbt_docs_pipeline.py took 0.099 seconds
[2026-07-26T11:37:58.910+0000] {processor.py:186} INFO - Started process (PID=170) to work on /opt/airflow/dags/dbt_docs_pipeline.py
[2026-07-26T11:37:58.912+0000] {processor.py:914} INFO - Processing file /opt/airflow/dags/dbt_docs_pipeline.py for tasks to queue
[2026-07-26T11:37:58.915+0000] {logging_mixin.py:190} INFO - [2026-07-26T11:37:58.914+0000] {dagbag.py:588} INFO - Filling up the DagBag from /opt/airflow/dags/dbt_docs_pipeline.py
[2026-07-26T11:37:58.952+0000] {processor.py:925} INFO - DAG(s) 'dbt_docs_generate_and_publish' retrieved from /opt/airflow/dags/dbt_docs_pipeline.py
[2026-07-26T11:37:58.998+0000] {logging_mixin.py:190} INFO - [2026-07-26T11:37:58.998+0000] {dag.py:3239} INFO - Sync 1 DAGs
[2026-07-26T11:37:59.068+0000] {logging_mixin.py:190} INFO - [2026-07-26T11:37:59.068+0000] {dag.py:4180} INFO - Setting next_dagrun for dbt_docs_generate_and_publish to 2026-07-26 02:00:00+00:00, run_after=2026-07-27 02:00:00+00:00
[2026-07-26T11:37:59.141+0000] {processor.py:208} INFO - Processing /opt/airflow/dags/dbt_docs_pipeline.py took 0.236 seconds
[2026-07-26T11:38:29.485+0000] {processor.py:186} INFO - Started process (PID=263) to work on /opt/airflow/dags/dbt_docs_pipeline.py
[2026-07-26T11:38:29.487+0000] {processor.py:914} INFO - Processing file /opt/airflow/dags/dbt_docs_pipeline.py for tasks to queue
[2026-07-26T11:38:29.489+0000] {logging_mixin.py:190} INFO - [2026-07-26T11:38:29.489+0000] {dagbag.py:588} INFO - Filling up the DagBag from /opt/airflow/dags/dbt_docs_pipeline.py
[2026-07-26T11:38:29.522+0000] {processor.py:925} INFO - DAG(s) 'dbt_docs_generate_and_publish' retrieved from /opt/airflow/dags/dbt_docs_pipeline.py
[2026-07-26T11:38:29.555+0000] {logging_mixin.py:190} INFO - [2026-07-26T11:38:29.555+0000] {dag.py:3239} INFO - Sync 1 DAGs
[2026-07-26T11:38:29.584+0000] {logging_mixin.py:190} INFO - [2026-07-26T11:38:29.584+0000] {dag.py:4180} INFO - Setting next_dagrun for dbt_docs_generate_and_publish to 2026-07-26 02:00:00+00:00, run_after=2026-07-27 02:00:00+00:00
[2026-07-26T11:38:29.613+0000] {processor.py:208} INFO - Processing /opt/airflow/dags/dbt_docs_pipeline.py took 0.133 seconds
[2026-07-26T11:38:59.983+0000] {processor.py:186} INFO - Started process (PID=356) to work on /opt/airflow/dags/dbt_docs_pipeline.py
[2026-07-26T11:38:59.984+0000] {processor.py:914} INFO - Processing file /opt/airflow/dags/dbt_docs_pipeline.py for tasks to queue
[2026-07-26T11:38:59.987+0000] {logging_mixin.py:190} INFO - [2026-07-26T11:38:59.986+0000] {dagbag.py:588} INFO - Filling up the DagBag from /opt/airflow/dags/dbt_docs_pipeline.py
[2026-07-26T11:39:00.008+0000] {processor.py:925} INFO - DAG(s) 'dbt_docs_generate_and_publish' retrieved from /opt/airflow/dags/dbt_docs_pipeline.py
[2026-07-26T11:39:00.033+0000] {logging_mixin.py:190} INFO - [2026-07-26T11:39:00.033+0000] {dag.py:3239} INFO - Sync 1 DAGs
[2026-07-26T11:39:00.055+0000] {logging_mixin.py:190} INFO - [2026-07-26T11:39:00.055+0000] {dag.py:4180} INFO - Setting next_dagrun for dbt_docs_generate_and_publish to 2026-07-26 02:00:00+00:00, run_after=2026-07-27 02:00:00+00:00
[2026-07-26T11:39:00.073+0000] {processor.py:208} INFO - Processing /opt/airflow/dags/dbt_docs_pipeline.py took 0.095 seconds
[2026-07-26T11:39:30.227+0000] {processor.py:186} INFO - Started process (PID=446) to work on /opt/airflow/dags/dbt_docs_pipeline.py
[2026-07-26T11:39:30.228+0000] {processor.py:914} INFO - Processing file /opt/airflow/dags/dbt_docs_pipeline.py for tasks to queue
[2026-07-26T11:39:30.230+0000] {logging_mixin.py:190} INFO - [2026-07-26T11:39:30.230+0000] {dagbag.py:588} INFO - Filling up the DagBag from /opt/airflow/dags/dbt_docs_pipeline.py
[2026-07-26T11:39:30.257+0000] {processor.py:925} INFO - DAG(s) 'dbt_docs_generate_and_publish' retrieved from /opt/airflow/dags/dbt_docs_pipeline.py
[2026-07-26T11:39:30.282+0000] {logging_mixin.py:190} INFO - [2026-07-26T11:39:30.281+0000] {dag.py:3239} INFO - Sync 1 DAGs
[2026-07-26T11:39:30.307+0000] {logging_mixin.py:190} INFO - [2026-07-26T11:39:30.306+0000] {dag.py:4180} INFO - Setting next_dagrun for dbt_docs_generate_and_publish to 2026-07-26 02:00:00+00:00, run_after=2026-07-27 02:00:00+00:00
[2026-07-26T11:39:30.327+0000] {processor.py:208} INFO - Processing /opt/airflow/dags/dbt_docs_pipeline.py took 0.106 seconds
[2026-07-26T11:40:00.524+0000] {processor.py:186} INFO - Started process (PID=537) to work on /opt/airflow/dags/dbt_docs_pipeline.py
[2026-07-26T11:40:00.525+0000] {processor.py:914} INFO - Processing file /opt/airflow/dags/dbt_docs_pipeline.py for tasks to queue
[2026-07-26T11:40:00.528+0000] {logging_mixin.py:190} INFO - [2026-07-26T11:40:00.528+0000] {dagbag.py:588} INFO - Filling up the DagBag from /opt/airflow/dags/dbt_docs_pipeline.py
[2026-07-26T11:40:00.561+0000] {processor.py:925} INFO - DAG(s) 'dbt_docs_generate_and_publish' retrieved from /opt/airflow/dags/dbt_docs_pipeline.py
[2026-07-26T11:40:00.596+0000] {logging_mixin.py:190} INFO - [2026-07-26T11:40:00.595+0000] {dag.py:3239} INFO - Sync 1 DAGs
[2026-07-26T11:40:00.628+0000] {logging_mixin.py:190} INFO - [2026-07-26T11:40:00.627+0000] {dag.py:4180} INFO - Setting next_dagrun for dbt_docs_generate_and_publish to 2026-07-26 02:00:00+00:00, run_after=2026-07-27 02:00:00+00:00
[2026-07-26T11:40:00.661+0000] {processor.py:208} INFO - Processing /opt/airflow/dags/dbt_docs_pipeline.py took 0.144 seconds
[2026-07-26T11:40:30.982+0000] {processor.py:186} INFO - Started process (PID=630) to work on /opt/airflow/dags/dbt_docs_pipeline.py
[2026-07-26T11:40:30.983+0000] {processor.py:914} INFO - Processing file /opt/airflow/dags/dbt_docs_pipeline.py for tasks to queue
[2026-07-26T11:40:30.985+0000] {logging_mixin.py:190} INFO - [2026-07-26T11:40:30.985+0000] {dagbag.py:588} INFO - Filling up the DagBag from /opt/airflow/dags/dbt_docs_pipeline.py
[2026-07-26T11:40:31.014+0000] {processor.py:925} INFO - DAG(s) 'dbt_docs_generate_and_publish' retrieved from /opt/airflow/dags/dbt_docs_pipeline.py
[2026-07-26T11:40:31.035+0000] {logging_mixin.py:190} INFO - [2026-07-26T11:40:31.035+0000] {dag.py:3239} INFO - Sync 1 DAGs
[2026-07-26T11:40:31.057+0000] {logging_mixin.py:190} INFO - [2026-07-26T11:40:31.057+0000] {dag.py:4180} INFO - Setting next_dagrun for dbt_docs_generate_and_publish to 2026-07-26 02:00:00+00:00, run_after=2026-07-27 02:00:00+00:00
[2026-07-26T11:40:31.073+0000] {processor.py:208} INFO - Processing /opt/airflow/dags/dbt_docs_pipeline.py took 0.098 seconds
[2026-07-26T11:41:01.249+0000] {processor.py:186} INFO - Started process (PID=720) to work on /opt/airflow/dags/dbt_docs_pipeline.py
[2026-07-26T11:41:01.250+0000] {processor.py:914} INFO - Processing file /opt/airflow/dags/dbt_docs_pipeline.py for tasks to queue
[2026-07-26T11:41:01.253+0000] {logging_mixin.py:190} INFO - [2026-07-26T11:41:01.252+0000] {dagbag.py:588} INFO - Filling up the DagBag from /opt/airflow/dags/dbt_docs_pipeline.py
[2026-07-26T11:41:01.279+0000] {processor.py:925} INFO - DAG(s) 'dbt_docs_generate_and_publish' retrieved from /opt/airflow/dags/dbt_docs_pipeline.py
[2026-07-26T11:41:01.299+0000] {logging_mixin.py:190} INFO - [2026-07-26T11:41:01.299+0000] {dag.py:3239} INFO - Sync 1 DAGs
[2026-07-26T11:41:01.319+0000] {logging_mixin.py:190} INFO - [2026-07-26T11:41:01.319+0000] {dag.py:4180} INFO - Setting next_dagrun for dbt_docs_generate_and_publish to 2026-07-26 02:00:00+00:00, run_after=2026-07-27 02:00:00+00:00
[2026-07-26T11:41:01.338+0000] {processor.py:208} INFO - Processing /opt/airflow/dags/dbt_docs_pipeline.py took 0.093 seconds
[2026-07-26T11:41:31.557+0000] {processor.py:186} INFO - Started process (PID=811) to work on /opt/airflow/dags/dbt_docs_pipeline.py
[2026-07-26T11:41:31.558+0000] {processor.py:914} INFO - Processing file /opt/airflow/dags/dbt_docs_pipeline.py for tasks to queue
[2026-07-26T11:41:31.561+0000] {logging_mixin.py:190} INFO - [2026-07-26T11:41:31.561+0000] {dagbag.py:588} INFO - Filling up the DagBag from /opt/airflow/dags/dbt_docs_pipeline.py
[2026-07-26T11:41:31.588+0000] {processor.py:925} INFO - DAG(s) 'dbt_docs_generate_and_publish' retrieved from /opt/airflow/dags/dbt_docs_pipeline.py
[2026-07-26T11:41:31.618+0000] {logging_mixin.py:190} INFO - [2026-07-26T11:41:31.618+0000] {dag.py:3239} INFO - Sync 1 DAGs
[2026-07-26T11:41:31.645+0000] {logging_mixin.py:190} INFO - [2026-07-26T11:41:31.644+0000] {dag.py:4180} INFO - Setting next_dagrun for dbt_docs_generate_and_publish to 2026-07-26 02:00:00+00:00, run_after=2026-07-27 02:00:00+00:00
[2026-07-26T11:41:31.670+0000] {processor.py:208} INFO - Processing /opt/airflow/dags/dbt_docs_pipeline.py took 0.118 seconds
[2026-07-26T11:42:02.470+0000] {processor.py:186} INFO - Started process (PID=904) to work on /opt/airflow/dags/dbt_docs_pipeline.py
[2026-07-26T11:42:02.471+0000] {processor.py:914} INFO - Processing file /opt/airflow/dags/dbt_docs_pipeline.py for tasks to queue
[2026-07-26T11:42:02.473+0000] {logging_mixin.py:190} INFO - [2026-07-26T11:42:02.473+0000] {dagbag.py:588} INFO - Filling up the DagBag from /opt/airflow/dags/dbt_docs_pipeline.py
[2026-07-26T11:42:02.506+0000] {processor.py:925} INFO - DAG(s) 'dbt_docs_generate_and_publish' retrieved from /opt/airflow/dags/dbt_docs_pipeline.py
[2026-07-26T11:42:02.546+0000] {logging_mixin.py:190} INFO - [2026-07-26T11:42:02.546+0000] {dag.py:3239} INFO - Sync 1 DAGs
[2026-07-26T11:42:02.585+0000] {logging_mixin.py:190} INFO - [2026-07-26T11:42:02.585+0000] {dag.py:4180} INFO - Setting next_dagrun for dbt_docs_generate_and_publish to 2026-07-26 02:00:00+00:00, run_after=2026-07-27 02:00:00+00:00
[2026-07-26T11:42:02.617+0000] {processor.py:208} INFO - Processing /opt/airflow/dags/dbt_docs_pipeline.py took 0.155 seconds
[2026-07-26T11:42:33.181+0000] {processor.py:186} INFO - Started process (PID=997) to work on /opt/airflow/dags/dbt_docs_pipeline.py
[2026-07-26T11:42:33.182+0000] {processor.py:914} INFO - Processing file /opt/airflow/dags/dbt_docs_pipeline.py for tasks to queue
[2026-07-26T11:42:33.184+0000] {logging_mixin.py:190} INFO - [2026-07-26T11:42:33.184+0000] {dagbag.py:588} INFO - Filling up the DagBag from /opt/airflow/dags/dbt_docs_pipeline.py
[2026-07-26T11:42:33.214+0000] {processor.py:925} INFO - DAG(s) 'dbt_docs_generate_and_publish' retrieved from /opt/airflow/dags/dbt_docs_pipeline.py
[2026-07-26T11:42:33.239+0000] {logging_mixin.py:190} INFO - [2026-07-26T11:42:33.239+0000] {dag.py:3239} INFO - Sync 1 DAGs
[2026-07-26T11:42:33.260+0000] {logging_mixin.py:190} INFO - [2026-07-26T11:42:33.260+0000] {dag.py:4180} INFO - Setting next_dagrun for dbt_docs_generate_and_publish to 2026-07-26 02:00:00+00:00, run_after=2026-07-27 02:00:00+00:00
[2026-07-26T11:42:33.278+0000] {processor.py:208} INFO - Processing /opt/airflow/dags/dbt_docs_pipeline.py took 0.102 seconds
[2026-07-26T11:43:03.904+0000] {processor.py:186} INFO - Started process (PID=1085) to work on /opt/airflow/dags/dbt_docs_pipeline.py
[2026-07-26T11:43:03.905+0000] {processor.py:914} INFO - Processing file /opt/airflow/dags/dbt_docs_pipeline.py for tasks to queue
[2026-07-26T11:43:03.907+0000] {logging_mixin.py:190} INFO - [2026-07-26T11:43:03.907+0000] {dagbag.py:588} INFO - Filling up the DagBag from /opt/airflow/dags/dbt_docs_pipeline.py
[2026-07-26T11:43:03.932+0000] {processor.py:925} INFO - DAG(s) 'dbt_docs_generate_and_publish' retrieved from /opt/airflow/dags/dbt_docs_pipeline.py
[2026-07-26T11:43:03.967+0000] {logging_mixin.py:190} INFO - [2026-07-26T11:43:03.967+0000] {dag.py:3239} INFO - Sync 1 DAGs
[2026-07-26T11:43:03.992+0000] {logging_mixin.py:190} INFO - [2026-07-26T11:43:03.991+0000] {dag.py:4180} INFO - Setting next_dagrun for dbt_docs_generate_and_publish to 2026-07-26 02:00:00+00:00, run_after=2026-07-27 02:00:00+00:00
[2026-07-26T11:43:04.013+0000] {processor.py:208} INFO - Processing /opt/airflow/dags/dbt_docs_pipeline.py took 0.116 seconds
[2026-07-26T11:43:34.134+0000] {processor.py:186} INFO - Started process (PID=1178) to work on /opt/airflow/dags/dbt_docs_pipeline.py
[2026-07-26T11:43:34.135+0000] {processor.py:914} INFO - Processing file /opt/airflow/dags/dbt_docs_pipeline.py for tasks to queue
[2026-07-26T11:43:34.137+0000] {logging_mixin.py:190} INFO - [2026-07-26T11:43:34.137+0000] {dagbag.py:588} INFO - Filling up the DagBag from /opt/airflow/dags/dbt_docs_pipeline.py
[2026-07-26T11:43:34.162+0000] {processor.py:925} INFO - DAG(s) 'dbt_docs_generate_and_publish' retrieved from /opt/airflow/dags/dbt_docs_pipeline.py
[2026-07-26T11:43:34.187+0000] {logging_mixin.py:190} INFO - [2026-07-26T11:43:34.187+0000] {dag.py:3239} INFO - Sync 1 DAGs
[2026-07-26T11:43:34.215+0000] {logging_mixin.py:190} INFO - [2026-07-26T11:43:34.215+0000] {dag.py:4180} INFO - Setting next_dagrun for dbt_docs_generate_and_publish to 2026-07-26 02:00:00+00:00, run_after=2026-07-27 02:00:00+00:00
[2026-07-26T11:43:34.239+0000] {processor.py:208} INFO - Processing /opt/airflow/dags/dbt_docs_pipeline.py took 0.110 seconds
[2026-07-26T11:44:04.881+0000] {processor.py:186} INFO - Started process (PID=1271) to work on /opt/airflow/dags/dbt_docs_pipeline.py
[2026-07-26T11:44:04.882+0000] {processor.py:914} INFO - Processing file /opt/airflow/dags/dbt_docs_pipeline.py for tasks to queue
[2026-07-26T11:44:04.885+0000] {logging_mixin.py:190} INFO - [2026-07-26T11:44:04.885+0000] {dagbag.py:588} INFO - Filling up the DagBag from /opt/airflow/dags/dbt_docs_pipeline.py
[2026-07-26T11:44:04.913+0000] {processor.py:925} INFO - DAG(s) 'dbt_docs_generate_and_publish' retrieved from /opt/airflow/dags/dbt_docs_pipeline.py
[2026-07-26T11:44:04.939+0000] {logging_mixin.py:190} INFO - [2026-07-26T11:44:04.939+0000] {dag.py:3239} INFO - Sync 1 DAGs
[2026-07-26T11:44:04.963+0000] {logging_mixin.py:190} INFO - [2026-07-26T11:44:04.962+0000] {dag.py:4180} INFO - Setting next_dagrun for dbt_docs_generate_and_publish to 2026-07-26 02:00:00+00:00, run_after=2026-07-27 02:00:00+00:00
[2026-07-26T11:44:04.989+0000] {processor.py:208} INFO - Processing /opt/airflow/dags/dbt_docs_pipeline.py took 0.113 seconds
[2026-07-26T11:44:35.249+0000] {processor.py:186} INFO - Started process (PID=1359) to work on /opt/airflow/dags/dbt_docs_pipeline.py
[2026-07-26T11:44:35.250+0000] {processor.py:914} INFO - Processing file /opt/airflow/dags/dbt_docs_pipeline.py for tasks to queue
[2026-07-26T11:44:35.252+0000] {logging_mixin.py:190} INFO - [2026-07-26T11:44:35.252+0000] {dagbag.py:588} INFO - Filling up the DagBag from /opt/airflow/dags/dbt_docs_pipeline.py
[2026-07-26T11:44:35.277+0000] {processor.py:925} INFO - DAG(s) 'dbt_docs_generate_and_publish' retrieved from /opt/airflow/dags/dbt_docs_pipeline.py
[2026-07-26T11:44:35.307+0000] {logging_mixin.py:190} INFO - [2026-07-26T11:44:35.306+0000] {dag.py:3239} INFO - Sync 1 DAGs
[2026-07-26T11:44:35.335+0000] {logging_mixin.py:190} INFO - [2026-07-26T11:44:35.335+0000] {dag.py:4180} INFO - Setting next_dagrun for dbt_docs_generate_and_publish to 2026-07-26 02:00:00+00:00, run_after=2026-07-27 02:00:00+00:00
[2026-07-26T11:44:35.356+0000] {processor.py:208} INFO - Processing /opt/airflow/dags/dbt_docs_pipeline.py took 0.112 seconds
[2026-07-26T11:45:05.582+0000] {processor.py:186} INFO - Started process (PID=1452) to work on /opt/airflow/dags/dbt_docs_pipeline.py
[2026-07-26T11:45:05.583+0000] {processor.py:914} INFO - Processing file /opt/airflow/dags/dbt_docs_pipeline.py for tasks to queue
[2026-07-26T11:45:05.586+0000] {logging_mixin.py:190} INFO - [2026-07-26T11:45:05.586+0000] {dagbag.py:588} INFO - Filling up the DagBag from /opt/airflow/dags/dbt_docs_pipeline.py
[2026-07-26T11:45:05.616+0000] {processor.py:925} INFO - DAG(s) 'dbt_docs_generate_and_publish' retrieved from /opt/airflow/dags/dbt_docs_pipeline.py
[2026-07-26T11:45:05.645+0000] {logging_mixin.py:190} INFO - [2026-07-26T11:45:05.645+0000] {dag.py:3239} INFO - Sync 1 DAGs
[2026-07-26T11:45:05.670+0000] {logging_mixin.py:190} INFO - [2026-07-26T11:45:05.670+0000] {dag.py:4180} INFO - Setting next_dagrun for dbt_docs_generate_and_publish to 2026-07-26 02:00:00+00:00, run_after=2026-07-27 02:00:00+00:00
[2026-07-26T11:45:05.698+0000] {processor.py:208} INFO - Processing /opt/airflow/dags/dbt_docs_pipeline.py took 0.123 seconds
[2026-07-26T11:45:35.898+0000] {processor.py:186} INFO - Started process (PID=1545) to work on /opt/airflow/dags/dbt_docs_pipeline.py
[2026-07-26T11:45:35.899+0000] {processor.py:914} INFO - Processing file /opt/airflow/dags/dbt_docs_pipeline.py for tasks to queue
[2026-07-26T11:45:35.902+0000] {logging_mixin.py:190} INFO - [2026-07-26T11:45:35.901+0000] {dagbag.py:588} INFO - Filling up the DagBag from /opt/airflow/dags/dbt_docs_pipeline.py
[2026-07-26T11:45:35.929+0000] {processor.py:925} INFO - DAG(s) 'dbt_docs_generate_and_publish' retrieved from /opt/airflow/dags/dbt_docs_pipeline.py
[2026-07-26T11:45:35.956+0000] {logging_mixin.py:190} INFO - [2026-07-26T11:45:35.956+0000] {dag.py:3239} INFO - Sync 1 DAGs
[2026-07-26T11:45:35.980+0000] {logging_mixin.py:190} INFO - [2026-07-26T11:45:35.980+0000] {dag.py:4180} INFO - Setting next_dagrun for dbt_docs_generate_and_publish to 2026-07-26 02:00:00+00:00, run_after=2026-07-27 02:00:00+00:00
[2026-07-26T11:45:36.001+0000] {processor.py:208} INFO - Processing /opt/airflow/dags/dbt_docs_pipeline.py took 0.108 seconds
[2026-07-26T11:46:06.644+0000] {processor.py:186} INFO - Started process (PID=1638) to work on /opt/airflow/dags/dbt_docs_pipeline.py
[2026-07-26T11:46:06.645+0000] {processor.py:914} INFO - Processing file /opt/airflow/dags/dbt_docs_pipeline.py for tasks to queue
[2026-07-26T11:46:06.648+0000] {logging_mixin.py:190} INFO - [2026-07-26T11:46:06.647+0000] {dagbag.py:588} INFO - Filling up the DagBag from /opt/airflow/dags/dbt_docs_pipeline.py
[2026-07-26T11:46:06.680+0000] {processor.py:925} INFO - DAG(s) 'dbt_docs_generate_and_publish' retrieved from /opt/airflow/dags/dbt_docs_pipeline.py
[2026-07-26T11:46:06.707+0000] {logging_mixin.py:190} INFO - [2026-07-26T11:46:06.706+0000] {dag.py:3239} INFO - Sync 1 DAGs
[2026-07-26T11:46:06.730+0000] {logging_mixin.py:190} INFO - [2026-07-26T11:46:06.729+0000] {dag.py:4180} INFO - Setting next_dagrun for dbt_docs_generate_and_publish to 2026-07-26 02:00:00+00:00, run_after=2026-07-27 02:00:00+00:00
[2026-07-26T11:46:06.756+0000] {processor.py:208} INFO - Processing /opt/airflow/dags/dbt_docs_pipeline.py took 0.117 seconds
[2026-07-26T11:46:36.957+0000] {processor.py:186} INFO - Started process (PID=1728) to work on /opt/airflow/dags/dbt_docs_pipeline.py
[2026-07-26T11:46:36.959+0000] {processor.py:914} INFO - Processing file /opt/airflow/dags/dbt_docs_pipeline.py for tasks to queue
[2026-07-26T11:46:36.961+0000] {logging_mixin.py:190} INFO - [2026-07-26T11:46:36.960+0000] {dagbag.py:588} INFO - Filling up the DagBag from /opt/airflow/dags/dbt_docs_pipeline.py
[2026-07-26T11:46:36.987+0000] {processor.py:925} INFO - DAG(s) 'dbt_docs_generate_and_publish' retrieved from /opt/airflow/dags/dbt_docs_pipeline.py
[2026-07-26T11:46:37.013+0000] {logging_mixin.py:190} INFO - [2026-07-26T11:46:37.013+0000] {dag.py:3239} INFO - Sync 1 DAGs
[2026-07-26T11:46:37.040+0000] {logging_mixin.py:190} INFO - [2026-07-26T11:46:37.040+0000] {dag.py:4180} INFO - Setting next_dagrun for dbt_docs_generate_and_publish to 2026-07-26 02:00:00+00:00, run_after=2026-07-27 02:00:00+00:00
[2026-07-26T11:46:37.062+0000] {processor.py:208} INFO - Processing /opt/airflow/dags/dbt_docs_pipeline.py took 0.110 seconds
[2026-07-26T11:47:07.745+0000] {processor.py:186} INFO - Started process (PID=1819) to work on /opt/airflow/dags/dbt_docs_pipeline.py
[2026-07-26T11:47:07.746+0000] {processor.py:914} INFO - Processing file /opt/airflow/dags/dbt_docs_pipeline.py for tasks to queue
[2026-07-26T11:47:07.748+0000] {logging_mixin.py:190} INFO - [2026-07-26T11:47:07.748+0000] {dagbag.py:588} INFO - Filling up the DagBag from /opt/airflow/dags/dbt_docs_pipeline.py
[2026-07-26T11:47:07.777+0000] {processor.py:925} INFO - DAG(s) 'dbt_docs_generate_and_publish' retrieved from /opt/airflow/dags/dbt_docs_pipeline.py
[2026-07-26T11:47:07.804+0000] {logging_mixin.py:190} INFO - [2026-07-26T11:47:07.804+0000] {dag.py:3239} INFO - Sync 1 DAGs
[2026-07-26T11:47:07.830+0000] {logging_mixin.py:190} INFO - [2026-07-26T11:47:07.829+0000] {dag.py:4180} INFO - Setting next_dagrun for dbt_docs_generate_and_publish to 2026-07-26 02:00:00+00:00, run_after=2026-07-27 02:00:00+00:00
[2026-07-26T11:47:07.855+0000] {processor.py:208} INFO - Processing /opt/airflow/dags/dbt_docs_pipeline.py took 0.115 seconds
[2026-07-26T11:47:38.623+0000] {processor.py:186} INFO - Started process (PID=1912) to work on /opt/airflow/dags/dbt_docs_pipeline.py
[2026-07-26T11:47:38.624+0000] {processor.py:914} INFO - Processing file /opt/airflow/dags/dbt_docs_pipeline.py for tasks to queue
[2026-07-26T11:47:38.626+0000] {logging_mixin.py:190} INFO - [2026-07-26T11:47:38.626+0000] {dagbag.py:588} INFO - Filling up the DagBag from /opt/airflow/dags/dbt_docs_pipeline.py
[2026-07-26T11:47:38.656+0000] {processor.py:925} INFO - DAG(s) 'dbt_docs_generate_and_publish' retrieved from /opt/airflow/dags/dbt_docs_pipeline.py
[2026-07-26T11:47:38.679+0000] {logging_mixin.py:190} INFO - [2026-07-26T11:47:38.679+0000] {dag.py:3239} INFO - Sync 1 DAGs
[2026-07-26T11:47:38.703+0000] {logging_mixin.py:190} INFO - [2026-07-26T11:47:38.703+0000] {dag.py:4180} INFO - Setting next_dagrun for dbt_docs_generate_and_publish to 2026-07-26 02:00:00+00:00, run_after=2026-07-27 02:00:00+00:00
[2026-07-26T11:47:38.725+0000] {processor.py:208} INFO - Processing /opt/airflow/dags/dbt_docs_pipeline.py took 0.107 seconds
[2026-07-26T11:48:09.164+0000] {processor.py:186} INFO - Started process (PID=2000) to work on /opt/airflow/dags/dbt_docs_pipeline.py
[2026-07-26T11:48:09.165+0000] {processor.py:914} INFO - Processing file /opt/airflow/dags/dbt_docs_pipeline.py for tasks to queue
[2026-07-26T11:48:09.167+0000] {logging_mixin.py:190} INFO - [2026-07-26T11:48:09.167+0000] {dagbag.py:588} INFO - Filling up the DagBag from /opt/airflow/dags/dbt_docs_pipeline.py
[2026-07-26T11:48:09.194+0000] {processor.py:925} INFO - DAG(s) 'dbt_docs_generate_and_publish' retrieved from /opt/airflow/dags/dbt_docs_pipeline.py
[2026-07-26T11:48:09.227+0000] {logging_mixin.py:190} INFO - [2026-07-26T11:48:09.227+0000] {dag.py:3239} INFO - Sync 1 DAGs
[2026-07-26T11:48:09.256+0000] {logging_mixin.py:190} INFO - [2026-07-26T11:48:09.255+0000] {dag.py:4180} INFO - Setting next_dagrun for dbt_docs_generate_and_publish to 2026-07-26 02:00:00+00:00, run_after=2026-07-27 02:00:00+00:00
[2026-07-26T11:48:09.280+0000] {processor.py:208} INFO - Processing /opt/airflow/dags/dbt_docs_pipeline.py took 0.122 seconds
[2026-07-26T11:48:39.360+0000] {processor.py:186} INFO - Started process (PID=2093) to work on /opt/airflow/dags/dbt_docs_pipeline.py
[2026-07-26T11:48:39.361+0000] {processor.py:914} INFO - Processing file /opt/airflow/dags/dbt_docs_pipeline.py for tasks to queue
[2026-07-26T11:48:39.363+0000] {logging_mixin.py:190} INFO - [2026-07-26T11:48:39.363+0000] {dagbag.py:588} INFO - Filling up the DagBag from /opt/airflow/dags/dbt_docs_pipeline.py
[2026-07-26T11:48:39.397+0000] {processor.py:925} INFO - DAG(s) 'dbt_docs_generate_and_publish' retrieved from /opt/airflow/dags/dbt_docs_pipeline.py
[2026-07-26T11:48:39.426+0000] {logging_mixin.py:190} INFO - [2026-07-26T11:48:39.425+0000] {dag.py:3239} INFO - Sync 1 DAGs
[2026-07-26T11:48:39.452+0000] {logging_mixin.py:190} INFO - [2026-07-26T11:48:39.451+0000] {dag.py:4180} INFO - Setting next_dagrun for dbt_docs_generate_and_publish to 2026-07-26 02:00:00+00:00, run_after=2026-07-27 02:00:00+00:00
[2026-07-26T11:48:39.474+0000] {processor.py:208} INFO - Processing /opt/airflow/dags/dbt_docs_pipeline.py took 0.119 seconds
[2026-07-26T11:52:25.529+0000] {processor.py:186} INFO - Started process (PID=170) to work on /opt/airflow/dags/dbt_docs_pipeline.py
[2026-07-26T11:52:25.532+0000] {processor.py:914} INFO - Processing file /opt/airflow/dags/dbt_docs_pipeline.py for tasks to queue
[2026-07-26T11:52:25.537+0000] {logging_mixin.py:190} INFO - [2026-07-26T11:52:25.536+0000] {dagbag.py:588} INFO - Filling up the DagBag from /opt/airflow/dags/dbt_docs_pipeline.py
[2026-07-26T11:52:25.588+0000] {processor.py:925} INFO - DAG(s) 'dbt_docs_generate_and_publish' retrieved from /opt/airflow/dags/dbt_docs_pipeline.py
[2026-07-26T11:52:25.654+0000] {logging_mixin.py:190} INFO - [2026-07-26T11:52:25.654+0000] {dag.py:3239} INFO - Sync 1 DAGs
[2026-07-26T11:52:25.722+0000] {logging_mixin.py:190} INFO - [2026-07-26T11:52:25.721+0000] {dag.py:4180} INFO - Setting next_dagrun for dbt_docs_generate_and_publish to 2026-07-26 02:00:00+00:00, run_after=2026-07-27 02:00:00+00:00
[2026-07-26T11:52:25.767+0000] {processor.py:208} INFO - Processing /opt/airflow/dags/dbt_docs_pipeline.py took 0.254 seconds
[2026-07-26T11:52:56.066+0000] {processor.py:186} INFO - Started process (PID=263) to work on /opt/airflow/dags/dbt_docs_pipeline.py
[2026-07-26T11:52:56.067+0000] {processor.py:914} INFO - Processing file /opt/airflow/dags/dbt_docs_pipeline.py for tasks to queue
[2026-07-26T11:52:56.069+0000] {logging_mixin.py:190} INFO - [2026-07-26T11:52:56.068+0000] {dagbag.py:588} INFO - Filling up the DagBag from /opt/airflow/dags/dbt_docs_pipeline.py
[2026-07-26T11:52:56.097+0000] {processor.py:925} INFO - DAG(s) 'dbt_docs_generate_and_publish' retrieved from /opt/airflow/dags/dbt_docs_pipeline.py
[2026-07-26T11:52:56.126+0000] {logging_mixin.py:190} INFO - [2026-07-26T11:52:56.126+0000] {dag.py:3239} INFO - Sync 1 DAGs
[2026-07-26T11:52:56.158+0000] {logging_mixin.py:190} INFO - [2026-07-26T11:52:56.158+0000] {dag.py:4180} INFO - Setting next_dagrun for dbt_docs_generate_and_publish to 2026-07-26 02:00:00+00:00, run_after=2026-07-27 02:00:00+00:00
[2026-07-26T11:52:56.180+0000] {processor.py:208} INFO - Processing /opt/airflow/dags/dbt_docs_pipeline.py took 0.119 seconds
[2026-07-26T11:53:26.967+0000] {processor.py:186} INFO - Started process (PID=356) to work on /opt/airflow/dags/dbt_docs_pipeline.py
[2026-07-26T11:53:26.968+0000] {processor.py:914} INFO - Processing file /opt/airflow/dags/dbt_docs_pipeline.py for tasks to queue
[2026-07-26T11:53:26.970+0000] {logging_mixin.py:190} INFO - [2026-07-26T11:53:26.970+0000] {dagbag.py:588} INFO - Filling up the DagBag from /opt/airflow/dags/dbt_docs_pipeline.py
[2026-07-26T11:53:26.999+0000] {processor.py:925} INFO - DAG(s) 'dbt_docs_generate_and_publish' retrieved from /opt/airflow/dags/dbt_docs_pipeline.py
[2026-07-26T11:53:27.023+0000] {logging_mixin.py:190} INFO - [2026-07-26T11:53:27.023+0000] {dag.py:3239} INFO - Sync 1 DAGs
[2026-07-26T11:53:27.048+0000] {logging_mixin.py:190} INFO - [2026-07-26T11:53:27.048+0000] {dag.py:4180} INFO - Setting next_dagrun for dbt_docs_generate_and_publish to 2026-07-26 02:00:00+00:00, run_after=2026-07-27 02:00:00+00:00
[2026-07-26T11:53:27.067+0000] {processor.py:208} INFO - Processing /opt/airflow/dags/dbt_docs_pipeline.py took 0.106 seconds
[2026-07-26T11:53:57.260+0000] {processor.py:186} INFO - Started process (PID=446) to work on /opt/airflow/dags/dbt_docs_pipeline.py
[2026-07-26T11:53:57.261+0000] {processor.py:914} INFO - Processing file /opt/airflow/dags/dbt_docs_pipeline.py for tasks to queue
[2026-07-26T11:53:57.264+0000] {logging_mixin.py:190} INFO - [2026-07-26T11:53:57.264+0000] {dagbag.py:588} INFO - Filling up the DagBag from /opt/airflow/dags/dbt_docs_pipeline.py
[2026-07-26T11:53:57.298+0000] {processor.py:925} INFO - DAG(s) 'dbt_docs_generate_and_publish' retrieved from /opt/airflow/dags/dbt_docs_pipeline.py
[2026-07-26T11:53:57.326+0000] {logging_mixin.py:190} INFO - [2026-07-26T11:53:57.326+0000] {dag.py:3239} INFO - Sync 1 DAGs
[2026-07-26T11:53:57.354+0000] {logging_mixin.py:190} INFO - [2026-07-26T11:53:57.353+0000] {dag.py:4180} INFO - Setting next_dagrun for dbt_docs_generate_and_publish to 2026-07-26 02:00:00+00:00, run_after=2026-07-27 02:00:00+00:00
[2026-07-26T11:53:57.383+0000] {processor.py:208} INFO - Processing /opt/airflow/dags/dbt_docs_pipeline.py took 0.130 seconds
[2026-07-26T11:54:28.012+0000] {processor.py:186} INFO - Started process (PID=537) to work on /opt/airflow/dags/dbt_docs_pipeline.py
[2026-07-26T11:54:28.013+0000] {processor.py:914} INFO - Processing file /opt/airflow/dags/dbt_docs_pipeline.py for tasks to queue
[2026-07-26T11:54:28.015+0000] {logging_mixin.py:190} INFO - [2026-07-26T11:54:28.014+0000] {dagbag.py:588} INFO - Filling up the DagBag from /opt/airflow/dags/dbt_docs_pipeline.py
[2026-07-26T11:54:28.040+0000] {processor.py:925} INFO - DAG(s) 'dbt_docs_generate_and_publish' retrieved from /opt/airflow/dags/dbt_docs_pipeline.py
[2026-07-26T11:54:28.065+0000] {logging_mixin.py:190} INFO - [2026-07-26T11:54:28.065+0000] {dag.py:3239} INFO - Sync 1 DAGs
[2026-07-26T11:54:28.099+0000] {logging_mixin.py:190} INFO - [2026-07-26T11:54:28.099+0000] {dag.py:4180} INFO - Setting next_dagrun for dbt_docs_generate_and_publish to 2026-07-26 02:00:00+00:00, run_after=2026-07-27 02:00:00+00:00
[2026-07-26T11:54:28.123+0000] {processor.py:208} INFO - Processing /opt/airflow/dags/dbt_docs_pipeline.py took 0.117 seconds
[2026-07-26T11:54:58.329+0000] {processor.py:186} INFO - Started process (PID=632) to work on /opt/airflow/dags/dbt_docs_pipeline.py
[2026-07-26T11:54:58.330+0000] {processor.py:914} INFO - Processing file /opt/airflow/dags/dbt_docs_pipeline.py for tasks to queue
[2026-07-26T11:54:58.332+0000] {logging_mixin.py:190} INFO - [2026-07-26T11:54:58.332+0000] {dagbag.py:588} INFO - Filling up the DagBag from /opt/airflow/dags/dbt_docs_pipeline.py
[2026-07-26T11:54:58.364+0000] {processor.py:925} INFO - DAG(s) 'dbt_docs_generate_and_publish' retrieved from /opt/airflow/dags/dbt_docs_pipeline.py
[2026-07-26T11:54:58.386+0000] {logging_mixin.py:190} INFO - [2026-07-26T11:54:58.386+0000] {dag.py:3239} INFO - Sync 1 DAGs
[2026-07-26T11:54:58.409+0000] {logging_mixin.py:190} INFO - [2026-07-26T11:54:58.408+0000] {dag.py:4180} INFO - Setting next_dagrun for dbt_docs_generate_and_publish to 2026-07-26 02:00:00+00:00, run_after=2026-07-27 02:00:00+00:00
[2026-07-26T11:54:58.429+0000] {processor.py:208} INFO - Processing /opt/airflow/dags/dbt_docs_pipeline.py took 0.107 seconds
[2026-07-26T11:55:28.918+0000] {processor.py:186} INFO - Started process (PID=723) to work on /opt/airflow/dags/dbt_docs_pipeline.py
[2026-07-26T11:55:28.919+0000] {processor.py:914} INFO - Processing file /opt/airflow/dags/dbt_docs_pipeline.py for tasks to queue
[2026-07-26T11:55:28.921+0000] {logging_mixin.py:190} INFO - [2026-07-26T11:55:28.921+0000] {dagbag.py:588} INFO - Filling up the DagBag from /opt/airflow/dags/dbt_docs_pipeline.py
[2026-07-26T11:55:28.947+0000] {processor.py:925} INFO - DAG(s) 'dbt_docs_generate_and_publish' retrieved from /opt/airflow/dags/dbt_docs_pipeline.py
[2026-07-26T11:55:28.969+0000] {logging_mixin.py:190} INFO - [2026-07-26T11:55:28.969+0000] {dag.py:3239} INFO - Sync 1 DAGs
[2026-07-26T11:55:28.991+0000] {logging_mixin.py:190} INFO - [2026-07-26T11:55:28.991+0000] {dag.py:4180} INFO - Setting next_dagrun for dbt_docs_generate_and_publish to 2026-07-26 02:00:00+00:00, run_after=2026-07-27 02:00:00+00:00
[2026-07-26T11:55:29.007+0000] {processor.py:208} INFO - Processing /opt/airflow/dags/dbt_docs_pipeline.py took 0.095 seconds
[2026-07-26T11:55:59.095+0000] {processor.py:186} INFO - Started process (PID=811) to work on /opt/airflow/dags/dbt_docs_pipeline.py
[2026-07-26T11:55:59.096+0000] {processor.py:914} INFO - Processing file /opt/airflow/dags/dbt_docs_pipeline.py for tasks to queue
[2026-07-26T11:55:59.099+0000] {logging_mixin.py:190} INFO - [2026-07-26T11:55:59.098+0000] {dagbag.py:588} INFO - Filling up the DagBag from /opt/airflow/dags/dbt_docs_pipeline.py
[2026-07-26T11:55:59.123+0000] {processor.py:925} INFO - DAG(s) 'dbt_docs_generate_and_publish' retrieved from /opt/airflow/dags/dbt_docs_pipeline.py
[2026-07-26T11:55:59.149+0000] {logging_mixin.py:190} INFO - [2026-07-26T11:55:59.149+0000] {dag.py:3239} INFO - Sync 1 DAGs
[2026-07-26T11:55:59.175+0000] {logging_mixin.py:190} INFO - [2026-07-26T11:55:59.175+0000] {dag.py:4180} INFO - Setting next_dagrun for dbt_docs_generate_and_publish to 2026-07-26 02:00:00+00:00, run_after=2026-07-27 02:00:00+00:00
[2026-07-26T11:55:59.196+0000] {processor.py:208} INFO - Processing /opt/airflow/dags/dbt_docs_pipeline.py took 0.108 seconds
[2026-07-26T11:56:29.385+0000] {processor.py:186} INFO - Started process (PID=904) to work on /opt/airflow/dags/dbt_docs_pipeline.py
[2026-07-26T11:56:29.386+0000] {processor.py:914} INFO - Processing file /opt/airflow/dags/dbt_docs_pipeline.py for tasks to queue
[2026-07-26T11:56:29.389+0000] {logging_mixin.py:190} INFO - [2026-07-26T11:56:29.388+0000] {dagbag.py:588} INFO - Filling up the DagBag from /opt/airflow/dags/dbt_docs_pipeline.py
[2026-07-26T11:56:29.417+0000] {processor.py:925} INFO - DAG(s) 'dbt_docs_generate_and_publish' retrieved from /opt/airflow/dags/dbt_docs_pipeline.py
[2026-07-26T11:56:29.447+0000] {logging_mixin.py:190} INFO - [2026-07-26T11:56:29.447+0000] {dag.py:3239} INFO - Sync 1 DAGs
[2026-07-26T11:56:29.478+0000] {logging_mixin.py:190} INFO - [2026-07-26T11:56:29.478+0000] {dag.py:4180} INFO - Setting next_dagrun for dbt_docs_generate_and_publish to 2026-07-26 02:00:00+00:00, run_after=2026-07-27 02:00:00+00:00
[2026-07-26T11:56:29.502+0000] {processor.py:208} INFO - Processing /opt/airflow/dags/dbt_docs_pipeline.py took 0.123 seconds
[2026-07-26T11:57:00.138+0000] {processor.py:186} INFO - Started process (PID=997) to work on /opt/airflow/dags/dbt_docs_pipeline.py
[2026-07-26T11:57:00.139+0000] {processor.py:914} INFO - Processing file /opt/airflow/dags/dbt_docs_pipeline.py for tasks to queue
[2026-07-26T11:57:00.141+0000] {logging_mixin.py:190} INFO - [2026-07-26T11:57:00.141+0000] {dagbag.py:588} INFO - Filling up the DagBag from /opt/airflow/dags/dbt_docs_pipeline.py
[2026-07-26T11:57:00.169+0000] {processor.py:925} INFO - DAG(s) 'dbt_docs_generate_and_publish' retrieved from /opt/airflow/dags/dbt_docs_pipeline.py
[2026-07-26T11:57:00.192+0000] {logging_mixin.py:190} INFO - [2026-07-26T11:57:00.191+0000] {dag.py:3239} INFO - Sync 1 DAGs
[2026-07-26T11:57:00.216+0000] {logging_mixin.py:190} INFO - [2026-07-26T11:57:00.215+0000] {dag.py:4180} INFO - Setting next_dagrun for dbt_docs_generate_and_publish to 2026-07-26 02:00:00+00:00, run_after=2026-07-27 02:00:00+00:00
[2026-07-26T11:57:00.236+0000] {processor.py:208} INFO - Processing /opt/airflow/dags/dbt_docs_pipeline.py took 0.104 seconds
[2026-07-26T11:57:30.486+0000] {processor.py:186} INFO - Started process (PID=1085) to work on /opt/airflow/dags/dbt_docs_pipeline.py
[2026-07-26T11:57:30.487+0000] {processor.py:914} INFO - Processing file /opt/airflow/dags/dbt_docs_pipeline.py for tasks to queue
[2026-07-26T11:57:30.490+0000] {logging_mixin.py:190} INFO - [2026-07-26T11:57:30.490+0000] {dagbag.py:588} INFO - Filling up the DagBag from /opt/airflow/dags/dbt_docs_pipeline.py
[2026-07-26T11:57:30.520+0000] {processor.py:925} INFO - DAG(s) 'dbt_docs_generate_and_publish' retrieved from /opt/airflow/dags/dbt_docs_pipeline.py
[2026-07-26T11:57:30.548+0000] {logging_mixin.py:190} INFO - [2026-07-26T11:57:30.548+0000] {dag.py:3239} INFO - Sync 1 DAGs
[2026-07-26T11:57:30.574+0000] {logging_mixin.py:190} INFO - [2026-07-26T11:57:30.574+0000] {dag.py:4180} INFO - Setting next_dagrun for dbt_docs_generate_and_publish to 2026-07-26 02:00:00+00:00, run_after=2026-07-27 02:00:00+00:00
[2026-07-26T11:57:30.593+0000] {processor.py:208} INFO - Processing /opt/airflow/dags/dbt_docs_pipeline.py took 0.114 seconds
[2026-07-26T11:58:01.422+0000] {processor.py:186} INFO - Started process (PID=1178) to work on /opt/airflow/dags/dbt_docs_pipeline.py
[2026-07-26T11:58:01.423+0000] {processor.py:914} INFO - Processing file /opt/airflow/dags/dbt_docs_pipeline.py for tasks to queue
[2026-07-26T11:58:01.426+0000] {logging_mixin.py:190} INFO - [2026-07-26T11:58:01.425+0000] {dagbag.py:588} INFO - Filling up the DagBag from /opt/airflow/dags/dbt_docs_pipeline.py
[2026-07-26T11:58:01.464+0000] {processor.py:925} INFO - DAG(s) 'dbt_docs_generate_and_publish' retrieved from /opt/airflow/dags/dbt_docs_pipeline.py
[2026-07-26T11:58:01.497+0000] {logging_mixin.py:190} INFO - [2026-07-26T11:58:01.497+0000] {dag.py:3239} INFO - Sync 1 DAGs
[2026-07-26T11:58:01.524+0000] {logging_mixin.py:190} INFO - [2026-07-26T11:58:01.523+0000] {dag.py:4180} INFO - Setting next_dagrun for dbt_docs_generate_and_publish to 2026-07-26 02:00:00+00:00, run_after=2026-07-27 02:00:00+00:00
[2026-07-26T11:58:01.544+0000] {processor.py:208} INFO - Processing /opt/airflow/dags/dbt_docs_pipeline.py took 0.128 seconds
[2026-07-26T11:58:31.754+0000] {processor.py:186} INFO - Started process (PID=1271) to work on /opt/airflow/dags/dbt_docs_pipeline.py
[2026-07-26T11:58:31.755+0000] {processor.py:914} INFO - Processing file /opt/airflow/dags/dbt_docs_pipeline.py for tasks to queue
[2026-07-26T11:58:31.758+0000] {logging_mixin.py:190} INFO - [2026-07-26T11:58:31.758+0000] {dagbag.py:588} INFO - Filling up the DagBag from /opt/airflow/dags/dbt_docs_pipeline.py
[2026-07-26T11:58:31.787+0000] {processor.py:925} INFO - DAG(s) 'dbt_docs_generate_and_publish' retrieved from /opt/airflow/dags/dbt_docs_pipeline.py
[2026-07-26T11:58:31.821+0000] {logging_mixin.py:190} INFO - [2026-07-26T11:58:31.821+0000] {dag.py:3239} INFO - Sync 1 DAGs
[2026-07-26T11:58:31.874+0000] {logging_mixin.py:190} INFO - [2026-07-26T11:58:31.874+0000] {dag.py:4180} INFO - Setting next_dagrun for dbt_docs_generate_and_publish to 2026-07-26 02:00:00+00:00, run_after=2026-07-27 02:00:00+00:00
[2026-07-26T11:58:31.918+0000] {processor.py:208} INFO - Processing /opt/airflow/dags/dbt_docs_pipeline.py took 0.171 seconds
[2026-07-26T12:23:34.842+0000] {processor.py:186} INFO - Started process (PID=170) to work on /opt/airflow/dags/dbt_docs_pipeline.py
[2026-07-26T12:23:34.844+0000] {processor.py:914} INFO - Processing file /opt/airflow/dags/dbt_docs_pipeline.py for tasks to queue
[2026-07-26T12:23:34.848+0000] {logging_mixin.py:190} INFO - [2026-07-26T12:23:34.847+0000] {dagbag.py:588} INFO - Filling up the DagBag from /opt/airflow/dags/dbt_docs_pipeline.py
[2026-07-26T12:23:34.888+0000] {processor.py:925} INFO - DAG(s) 'dbt_docs_generate_and_publish' retrieved from /opt/airflow/dags/dbt_docs_pipeline.py
[2026-07-26T12:23:34.954+0000] {logging_mixin.py:190} INFO - [2026-07-26T12:23:34.953+0000] {dag.py:3239} INFO - Sync 1 DAGs
[2026-07-26T12:23:35.003+0000] {logging_mixin.py:190} INFO - [2026-07-26T12:23:35.002+0000] {dag.py:4180} INFO - Setting next_dagrun for dbt_docs_generate_and_publish to 2026-07-26 02:00:00+00:00, run_after=2026-07-27 02:00:00+00:00
[2026-07-26T12:23:35.038+0000] {processor.py:208} INFO - Processing /opt/airflow/dags/dbt_docs_pipeline.py took 0.206 seconds
[2026-07-26T12:24:05.284+0000] {processor.py:186} INFO - Started process (PID=263) to work on /opt/airflow/dags/dbt_docs_pipeline.py
[2026-07-26T12:24:05.285+0000] {processor.py:914} INFO - Processing file /opt/airflow/dags/dbt_docs_pipeline.py for tasks to queue
[2026-07-26T12:24:05.288+0000] {logging_mixin.py:190} INFO - [2026-07-26T12:24:05.287+0000] {dagbag.py:588} INFO - Filling up the DagBag from /opt/airflow/dags/dbt_docs_pipeline.py
[2026-07-26T12:24:05.318+0000] {processor.py:925} INFO - DAG(s) 'dbt_docs_generate_and_publish' retrieved from /opt/airflow/dags/dbt_docs_pipeline.py
[2026-07-26T12:24:05.342+0000] {logging_mixin.py:190} INFO - [2026-07-26T12:24:05.341+0000] {dag.py:3239} INFO - Sync 1 DAGs
[2026-07-26T12:24:05.368+0000] {logging_mixin.py:190} INFO - [2026-07-26T12:24:05.368+0000] {dag.py:4180} INFO - Setting next_dagrun for dbt_docs_generate_and_publish to 2026-07-26 02:00:00+00:00, run_after=2026-07-27 02:00:00+00:00
[2026-07-26T12:24:05.388+0000] {processor.py:208} INFO - Processing /opt/airflow/dags/dbt_docs_pipeline.py took 0.111 seconds
[2026-07-26T12:24:35.545+0000] {processor.py:186} INFO - Started process (PID=353) to work on /opt/airflow/dags/dbt_docs_pipeline.py
[2026-07-26T12:24:35.546+0000] {processor.py:914} INFO - Processing file /opt/airflow/dags/dbt_docs_pipeline.py for tasks to queue
[2026-07-26T12:24:35.548+0000] {logging_mixin.py:190} INFO - [2026-07-26T12:24:35.548+0000] {dagbag.py:588} INFO - Filling up the DagBag from /opt/airflow/dags/dbt_docs_pipeline.py
[2026-07-26T12:24:35.575+0000] {processor.py:925} INFO - DAG(s) 'dbt_docs_generate_and_publish' retrieved from /opt/airflow/dags/dbt_docs_pipeline.py
[2026-07-26T12:24:35.597+0000] {logging_mixin.py:190} INFO - [2026-07-26T12:24:35.597+0000] {dag.py:3239} INFO - Sync 1 DAGs
[2026-07-26T12:24:35.620+0000] {logging_mixin.py:190} INFO - [2026-07-26T12:24:35.619+0000] {dag.py:4180} INFO - Setting next_dagrun for dbt_docs_generate_and_publish to 2026-07-26 02:00:00+00:00, run_after=2026-07-27 02:00:00+00:00
[2026-07-26T12:24:35.637+0000] {processor.py:208} INFO - Processing /opt/airflow/dags/dbt_docs_pipeline.py took 0.097 seconds
[2026-07-26T12:25:05.838+0000] {processor.py:186} INFO - Started process (PID=444) to work on /opt/airflow/dags/dbt_docs_pipeline.py
[2026-07-26T12:25:05.838+0000] {processor.py:914} INFO - Processing file /opt/airflow/dags/dbt_docs_pipeline.py for tasks to queue
[2026-07-26T12:25:05.841+0000] {logging_mixin.py:190} INFO - [2026-07-26T12:25:05.841+0000] {dagbag.py:588} INFO - Filling up the DagBag from /opt/airflow/dags/dbt_docs_pipeline.py
[2026-07-26T12:25:05.869+0000] {processor.py:925} INFO - DAG(s) 'dbt_docs_generate_and_publish' retrieved from /opt/airflow/dags/dbt_docs_pipeline.py
[2026-07-26T12:25:05.895+0000] {logging_mixin.py:190} INFO - [2026-07-26T12:25:05.894+0000] {dag.py:3239} INFO - Sync 1 DAGs
[2026-07-26T12:25:05.919+0000] {logging_mixin.py:190} INFO - [2026-07-26T12:25:05.919+0000] {dag.py:4180} INFO - Setting next_dagrun for dbt_docs_generate_and_publish to 2026-07-26 02:00:00+00:00, run_after=2026-07-27 02:00:00+00:00
[2026-07-26T12:25:05.941+0000] {processor.py:208} INFO - Processing /opt/airflow/dags/dbt_docs_pipeline.py took 0.108 seconds
[2026-07-26T12:25:36.542+0000] {processor.py:186} INFO - Started process (PID=537) to work on /opt/airflow/dags/dbt_docs_pipeline.py
[2026-07-26T12:25:36.544+0000] {processor.py:914} INFO - Processing file /opt/airflow/dags/dbt_docs_pipeline.py for tasks to queue
[2026-07-26T12:25:36.546+0000] {logging_mixin.py:190} INFO - [2026-07-26T12:25:36.546+0000] {dagbag.py:588} INFO - Filling up the DagBag from /opt/airflow/dags/dbt_docs_pipeline.py
[2026-07-26T12:25:36.575+0000] {processor.py:925} INFO - DAG(s) 'dbt_docs_generate_and_publish' retrieved from /opt/airflow/dags/dbt_docs_pipeline.py
[2026-07-26T12:25:36.596+0000] {logging_mixin.py:190} INFO - [2026-07-26T12:25:36.596+0000] {dag.py:3239} INFO - Sync 1 DAGs
[2026-07-26T12:25:36.617+0000] {logging_mixin.py:190} INFO - [2026-07-26T12:25:36.617+0000] {dag.py:4180} INFO - Setting next_dagrun for dbt_docs_generate_and_publish to 2026-07-26 02:00:00+00:00, run_after=2026-07-27 02:00:00+00:00
[2026-07-26T12:25:36.634+0000] {processor.py:208} INFO - Processing /opt/airflow/dags/dbt_docs_pipeline.py took 0.099 seconds
[2026-07-26T12:26:07.032+0000] {processor.py:186} INFO - Started process (PID=625) to work on /opt/airflow/dags/dbt_docs_pipeline.py
[2026-07-26T12:26:07.033+0000] {processor.py:914} INFO - Processing file /opt/airflow/dags/dbt_docs_pipeline.py for tasks to queue
[2026-07-26T12:26:07.036+0000] {logging_mixin.py:190} INFO - [2026-07-26T12:26:07.035+0000] {dagbag.py:588} INFO - Filling up the DagBag from /opt/airflow/dags/dbt_docs_pipeline.py
[2026-07-26T12:26:07.067+0000] {processor.py:925} INFO - DAG(s) 'dbt_docs_generate_and_publish' retrieved from /opt/airflow/dags/dbt_docs_pipeline.py
[2026-07-26T12:26:07.094+0000] {logging_mixin.py:190} INFO - [2026-07-26T12:26:07.094+0000] {dag.py:3239} INFO - Sync 1 DAGs
[2026-07-26T12:26:07.120+0000] {logging_mixin.py:190} INFO - [2026-07-26T12:26:07.119+0000] {dag.py:4180} INFO - Setting next_dagrun for dbt_docs_generate_and_publish to 2026-07-26 02:00:00+00:00, run_after=2026-07-27 02:00:00+00:00
[2026-07-26T12:26:07.141+0000] {processor.py:208} INFO - Processing /opt/airflow/dags/dbt_docs_pipeline.py took 0.117 seconds
[2026-07-26T12:26:37.377+0000] {processor.py:186} INFO - Started process (PID=718) to work on /opt/airflow/dags/dbt_docs_pipeline.py
[2026-07-26T12:26:37.378+0000] {processor.py:914} INFO - Processing file /opt/airflow/dags/dbt_docs_pipeline.py for tasks to queue
[2026-07-26T12:26:37.380+0000] {logging_mixin.py:190} INFO - [2026-07-26T12:26:37.380+0000] {dagbag.py:588} INFO - Filling up the DagBag from /opt/airflow/dags/dbt_docs_pipeline.py
[2026-07-26T12:26:37.410+0000] {processor.py:925} INFO - DAG(s) 'dbt_docs_generate_and_publish' retrieved from /opt/airflow/dags/dbt_docs_pipeline.py
[2026-07-26T12:26:37.437+0000] {logging_mixin.py:190} INFO - [2026-07-26T12:26:37.437+0000] {dag.py:3239} INFO - Sync 1 DAGs
[2026-07-26T12:26:37.466+0000] {logging_mixin.py:190} INFO - [2026-07-26T12:26:37.465+0000] {dag.py:4180} INFO - Setting next_dagrun for dbt_docs_generate_and_publish to 2026-07-26 02:00:00+00:00, run_after=2026-07-27 02:00:00+00:00
[2026-07-26T12:26:37.488+0000] {processor.py:208} INFO - Processing /opt/airflow/dags/dbt_docs_pipeline.py took 0.116 seconds
[2026-07-26T12:27:08.416+0000] {processor.py:186} INFO - Started process (PID=811) to work on /opt/airflow/dags/dbt_docs_pipeline.py
[2026-07-26T12:27:08.417+0000] {processor.py:914} INFO - Processing file /opt/airflow/dags/dbt_docs_pipeline.py for tasks to queue
[2026-07-26T12:27:08.421+0000] {logging_mixin.py:190} INFO - [2026-07-26T12:27:08.420+0000] {dagbag.py:588} INFO - Filling up the DagBag from /opt/airflow/dags/dbt_docs_pipeline.py
[2026-07-26T12:27:08.446+0000] {processor.py:925} INFO - DAG(s) 'dbt_docs_generate_and_publish' retrieved from /opt/airflow/dags/dbt_docs_pipeline.py
[2026-07-26T12:27:08.472+0000] {logging_mixin.py:190} INFO - [2026-07-26T12:27:08.472+0000] {dag.py:3239} INFO - Sync 1 DAGs
[2026-07-26T12:27:08.496+0000] {logging_mixin.py:190} INFO - [2026-07-26T12:27:08.496+0000] {dag.py:4180} INFO - Setting next_dagrun for dbt_docs_generate_and_publish to 2026-07-26 02:00:00+00:00, run_after=2026-07-27 02:00:00+00:00
[2026-07-26T12:27:08.523+0000] {processor.py:208} INFO - Processing /opt/airflow/dags/dbt_docs_pipeline.py took 0.113 seconds
[2026-07-26T12:27:39.180+0000] {processor.py:186} INFO - Started process (PID=904) to work on /opt/airflow/dags/dbt_docs_pipeline.py
[2026-07-26T12:27:39.181+0000] {processor.py:914} INFO - Processing file /opt/airflow/dags/dbt_docs_pipeline.py for tasks to queue
[2026-07-26T12:27:39.183+0000] {logging_mixin.py:190} INFO - [2026-07-26T12:27:39.183+0000] {dagbag.py:588} INFO - Filling up the DagBag from /opt/airflow/dags/dbt_docs_pipeline.py
[2026-07-26T12:27:39.209+0000] {processor.py:925} INFO - DAG(s) 'dbt_docs_generate_and_publish' retrieved from /opt/airflow/dags/dbt_docs_pipeline.py
[2026-07-26T12:27:39.230+0000] {logging_mixin.py:190} INFO - [2026-07-26T12:27:39.230+0000] {dag.py:3239} INFO - Sync 1 DAGs
[2026-07-26T12:27:39.252+0000] {logging_mixin.py:190} INFO - [2026-07-26T12:27:39.252+0000] {dag.py:4180} INFO - Setting next_dagrun for dbt_docs_generate_and_publish to 2026-07-26 02:00:00+00:00, run_after=2026-07-27 02:00:00+00:00
[2026-07-26T12:27:39.270+0000] {processor.py:208} INFO - Processing /opt/airflow/dags/dbt_docs_pipeline.py took 0.096 seconds
[2026-07-26T12:28:09.775+0000] {processor.py:186} INFO - Started process (PID=992) to work on /opt/airflow/dags/dbt_docs_pipeline.py
[2026-07-26T12:28:09.777+0000] {processor.py:914} INFO - Processing file /opt/airflow/dags/dbt_docs_pipeline.py for tasks to queue
[2026-07-26T12:28:09.781+0000] {logging_mixin.py:190} INFO - [2026-07-26T12:28:09.780+0000] {dagbag.py:588} INFO - Filling up the DagBag from /opt/airflow/dags/dbt_docs_pipeline.py
[2026-07-26T12:28:09.811+0000] {processor.py:925} INFO - DAG(s) 'dbt_docs_generate_and_publish' retrieved from /opt/airflow/dags/dbt_docs_pipeline.py
[2026-07-26T12:28:09.842+0000] {logging_mixin.py:190} INFO - [2026-07-26T12:28:09.841+0000] {dag.py:3239} INFO - Sync 1 DAGs
[2026-07-26T12:28:09.868+0000] {logging_mixin.py:190} INFO - [2026-07-26T12:28:09.868+0000] {dag.py:4180} INFO - Setting next_dagrun for dbt_docs_generate_and_publish to 2026-07-26 02:00:00+00:00, run_after=2026-07-27 02:00:00+00:00
[2026-07-26T12:28:09.891+0000] {processor.py:208} INFO - Processing /opt/airflow/dags/dbt_docs_pipeline.py took 0.125 seconds
[2026-07-26T12:28:40.408+0000] {processor.py:186} INFO - Started process (PID=1085) to work on /opt/airflow/dags/dbt_docs_pipeline.py
[2026-07-26T12:28:40.409+0000] {processor.py:914} INFO - Processing file /opt/airflow/dags/dbt_docs_pipeline.py for tasks to queue
[2026-07-26T12:28:40.412+0000] {logging_mixin.py:190} INFO - [2026-07-26T12:28:40.411+0000] {dagbag.py:588} INFO - Filling up the DagBag from /opt/airflow/dags/dbt_docs_pipeline.py
[2026-07-26T12:28:40.443+0000] {processor.py:925} INFO - DAG(s) 'dbt_docs_generate_and_publish' retrieved from /opt/airflow/dags/dbt_docs_pipeline.py
[2026-07-26T12:28:40.469+0000] {logging_mixin.py:190} INFO - [2026-07-26T12:28:40.468+0000] {dag.py:3239} INFO - Sync 1 DAGs
[2026-07-26T12:28:40.493+0000] {logging_mixin.py:190} INFO - [2026-07-26T12:28:40.493+0000] {dag.py:4180} INFO - Setting next_dagrun for dbt_docs_generate_and_publish to 2026-07-26 02:00:00+00:00, run_after=2026-07-27 02:00:00+00:00
[2026-07-26T12:28:40.516+0000] {processor.py:208} INFO - Processing /opt/airflow/dags/dbt_docs_pipeline.py took 0.113 seconds
[2026-07-26T12:29:10.711+0000] {processor.py:186} INFO - Started process (PID=1178) to work on /opt/airflow/dags/dbt_docs_pipeline.py
[2026-07-26T12:29:10.712+0000] {processor.py:914} INFO - Processing file /opt/airflow/dags/dbt_docs_pipeline.py for tasks to queue
[2026-07-26T12:29:10.714+0000] {logging_mixin.py:190} INFO - [2026-07-26T12:29:10.714+0000] {dagbag.py:588} INFO - Filling up the DagBag from /opt/airflow/dags/dbt_docs_pipeline.py
[2026-07-26T12:29:10.742+0000] {processor.py:925} INFO - DAG(s) 'dbt_docs_generate_and_publish' retrieved from /opt/airflow/dags/dbt_docs_pipeline.py
[2026-07-26T12:29:10.771+0000] {logging_mixin.py:190} INFO - [2026-07-26T12:29:10.771+0000] {dag.py:3239} INFO - Sync 1 DAGs
[2026-07-26T12:29:10.795+0000] {logging_mixin.py:190} INFO - [2026-07-26T12:29:10.795+0000] {dag.py:4180} INFO - Setting next_dagrun for dbt_docs_generate_and_publish to 2026-07-26 02:00:00+00:00, run_after=2026-07-27 02:00:00+00:00
[2026-07-26T12:29:10.820+0000] {processor.py:208} INFO - Processing /opt/airflow/dags/dbt_docs_pipeline.py took 0.114 seconds
[2026-07-26T12:29:41.272+0000] {processor.py:186} INFO - Started process (PID=1271) to work on /opt/airflow/dags/dbt_docs_pipeline.py
[2026-07-26T12:29:41.273+0000] {processor.py:914} INFO - Processing file /opt/airflow/dags/dbt_docs_pipeline.py for tasks to queue
[2026-07-26T12:29:41.276+0000] {logging_mixin.py:190} INFO - [2026-07-26T12:29:41.275+0000] {dagbag.py:588} INFO - Filling up the DagBag from /opt/airflow/dags/dbt_docs_pipeline.py
[2026-07-26T12:29:41.304+0000] {processor.py:925} INFO - DAG(s) 'dbt_docs_generate_and_publish' retrieved from /opt/airflow/dags/dbt_docs_pipeline.py
[2026-07-26T12:29:41.327+0000] {logging_mixin.py:190} INFO - [2026-07-26T12:29:41.326+0000] {dag.py:3239} INFO - Sync 1 DAGs
[2026-07-26T12:29:41.349+0000] {logging_mixin.py:190} INFO - [2026-07-26T12:29:41.348+0000] {dag.py:4180} INFO - Setting next_dagrun for dbt_docs_generate_and_publish to 2026-07-26 02:00:00+00:00, run_after=2026-07-27 02:00:00+00:00
[2026-07-26T12:29:41.368+0000] {processor.py:208} INFO - Processing /opt/airflow/dags/dbt_docs_pipeline.py took 0.101 seconds
[2026-07-26T12:30:11.513+0000] {processor.py:186} INFO - Started process (PID=1359) to work on /opt/airflow/dags/dbt_docs_pipeline.py
[2026-07-26T12:30:11.514+0000] {processor.py:914} INFO - Processing file /opt/airflow/dags/dbt_docs_pipeline.py for tasks to queue
[2026-07-26T12:30:11.517+0000] {logging_mixin.py:190} INFO - [2026-07-26T12:30:11.517+0000] {dagbag.py:588} INFO - Filling up the DagBag from /opt/airflow/dags/dbt_docs_pipeline.py
[2026-07-26T12:30:11.545+0000] {processor.py:925} INFO - DAG(s) 'dbt_docs_generate_and_publish' retrieved from /opt/airflow/dags/dbt_docs_pipeline.py
[2026-07-26T12:30:11.573+0000] {logging_mixin.py:190} INFO - [2026-07-26T12:30:11.572+0000] {dag.py:3239} INFO - Sync 1 DAGs
[2026-07-26T12:30:11.598+0000] {logging_mixin.py:190} INFO - [2026-07-26T12:30:11.598+0000] {dag.py:4180} INFO - Setting next_dagrun for dbt_docs_generate_and_publish to 2026-07-26 02:00:00+00:00, run_after=2026-07-27 02:00:00+00:00
[2026-07-26T12:30:11.618+0000] {processor.py:208} INFO - Processing /opt/airflow/dags/dbt_docs_pipeline.py took 0.112 seconds
[2026-07-26T12:30:42.244+0000] {processor.py:186} INFO - Started process (PID=1452) to work on /opt/airflow/dags/dbt_docs_pipeline.py
[2026-07-26T12:30:42.245+0000] {processor.py:914} INFO - Processing file /opt/airflow/dags/dbt_docs_pipeline.py for tasks to queue
[2026-07-26T12:30:42.248+0000] {logging_mixin.py:190} INFO - [2026-07-26T12:30:42.248+0000] {dagbag.py:588} INFO - Filling up the DagBag from /opt/airflow/dags/dbt_docs_pipeline.py
[2026-07-26T12:30:42.286+0000] {processor.py:925} INFO - DAG(s) 'dbt_docs_generate_and_publish' retrieved from /opt/airflow/dags/dbt_docs_pipeline.py
[2026-07-26T12:30:42.313+0000] {logging_mixin.py:190} INFO - [2026-07-26T12:30:42.313+0000] {dag.py:3239} INFO - Sync 1 DAGs
[2026-07-26T12:30:42.338+0000] {logging_mixin.py:190} INFO - [2026-07-26T12:30:42.338+0000] {dag.py:4180} INFO - Setting next_dagrun for dbt_docs_generate_and_publish to 2026-07-26 02:00:00+00:00, run_after=2026-07-27 02:00:00+00:00
[2026-07-26T12:30:42.359+0000] {processor.py:208} INFO - Processing /opt/airflow/dags/dbt_docs_pipeline.py took 0.121 seconds
[2026-07-26T12:31:12.875+0000] {processor.py:186} INFO - Started process (PID=1545) to work on /opt/airflow/dags/dbt_docs_pipeline.py
[2026-07-26T12:31:12.876+0000] {processor.py:914} INFO - Processing file /opt/airflow/dags/dbt_docs_pipeline.py for tasks to queue
[2026-07-26T12:31:12.879+0000] {logging_mixin.py:190} INFO - [2026-07-26T12:31:12.879+0000] {dagbag.py:588} INFO - Filling up the DagBag from /opt/airflow/dags/dbt_docs_pipeline.py
[2026-07-26T12:31:12.907+0000] {processor.py:925} INFO - DAG(s) 'dbt_docs_generate_and_publish' retrieved from /opt/airflow/dags/dbt_docs_pipeline.py
[2026-07-26T12:31:12.937+0000] {logging_mixin.py:190} INFO - [2026-07-26T12:31:12.937+0000] {dag.py:3239} INFO - Sync 1 DAGs
[2026-07-26T12:31:12.961+0000] {logging_mixin.py:190} INFO - [2026-07-26T12:31:12.961+0000] {dag.py:4180} INFO - Setting next_dagrun for dbt_docs_generate_and_publish to 2026-07-26 02:00:00+00:00, run_after=2026-07-27 02:00:00+00:00
[2026-07-26T12:31:12.981+0000] {processor.py:208} INFO - Processing /opt/airflow/dags/dbt_docs_pipeline.py took 0.112 seconds
[2026-07-26T12:31:43.167+0000] {processor.py:186} INFO - Started process (PID=1635) to work on /opt/airflow/dags/dbt_docs_pipeline.py
[2026-07-26T12:31:43.168+0000] {processor.py:914} INFO - Processing file /opt/airflow/dags/dbt_docs_pipeline.py for tasks to queue
[2026-07-26T12:31:43.170+0000] {logging_mixin.py:190} INFO - [2026-07-26T12:31:43.170+0000] {dagbag.py:588} INFO - Filling up the DagBag from /opt/airflow/dags/dbt_docs_pipeline.py
[2026-07-26T12:31:43.196+0000] {processor.py:925} INFO - DAG(s) 'dbt_docs_generate_and_publish' retrieved from /opt/airflow/dags/dbt_docs_pipeline.py
[2026-07-26T12:31:43.219+0000] {logging_mixin.py:190} INFO - [2026-07-26T12:31:43.218+0000] {dag.py:3239} INFO - Sync 1 DAGs
[2026-07-26T12:31:43.242+0000] {logging_mixin.py:190} INFO - [2026-07-26T12:31:43.242+0000] {dag.py:4180} INFO - Setting next_dagrun for dbt_docs_generate_and_publish to 2026-07-26 02:00:00+00:00, run_after=2026-07-27 02:00:00+00:00
[2026-07-26T12:31:43.260+0000] {processor.py:208} INFO - Processing /opt/airflow/dags/dbt_docs_pipeline.py took 0.099 seconds
[2026-07-26T12:32:13.387+0000] {processor.py:186} INFO - Started process (PID=1726) to work on /opt/airflow/dags/dbt_docs_pipeline.py
[2026-07-26T12:32:13.388+0000] {processor.py:914} INFO - Processing file /opt/airflow/dags/dbt_docs_pipeline.py for tasks to queue
[2026-07-26T12:32:13.390+0000] {logging_mixin.py:190} INFO - [2026-07-26T12:32:13.390+0000] {dagbag.py:588} INFO - Filling up the DagBag from /opt/airflow/dags/dbt_docs_pipeline.py
[2026-07-26T12:32:13.419+0000] {processor.py:925} INFO - DAG(s) 'dbt_docs_generate_and_publish' retrieved from /opt/airflow/dags/dbt_docs_pipeline.py
[2026-07-26T12:32:13.449+0000] {logging_mixin.py:190} INFO - [2026-07-26T12:32:13.448+0000] {dag.py:3239} INFO - Sync 1 DAGs
[2026-07-26T12:32:13.475+0000] {logging_mixin.py:190} INFO - [2026-07-26T12:32:13.475+0000] {dag.py:4180} INFO - Setting next_dagrun for dbt_docs_generate_and_publish to 2026-07-26 02:00:00+00:00, run_after=2026-07-27 02:00:00+00:00
[2026-07-26T12:32:13.494+0000] {processor.py:208} INFO - Processing /opt/airflow/dags/dbt_docs_pipeline.py took 0.113 seconds
[2026-07-26T12:32:43.581+0000] {processor.py:186} INFO - Started process (PID=1819) to work on /opt/airflow/dags/dbt_docs_pipeline.py
[2026-07-26T12:32:43.582+0000] {processor.py:914} INFO - Processing file /opt/airflow/dags/dbt_docs_pipeline.py for tasks to queue
[2026-07-26T12:32:43.585+0000] {logging_mixin.py:190} INFO - [2026-07-26T12:32:43.584+0000] {dagbag.py:588} INFO - Filling up the DagBag from /opt/airflow/dags/dbt_docs_pipeline.py
[2026-07-26T12:32:43.615+0000] {processor.py:925} INFO - DAG(s) 'dbt_docs_generate_and_publish' retrieved from /opt/airflow/dags/dbt_docs_pipeline.py
[2026-07-26T12:32:43.647+0000] {logging_mixin.py:190} INFO - [2026-07-26T12:32:43.646+0000] {dag.py:3239} INFO - Sync 1 DAGs
[2026-07-26T12:32:43.680+0000] {logging_mixin.py:190} INFO - [2026-07-26T12:32:43.680+0000] {dag.py:4180} INFO - Setting next_dagrun for dbt_docs_generate_and_publish to 2026-07-26 02:00:00+00:00, run_after=2026-07-27 02:00:00+00:00
[2026-07-26T12:32:43.705+0000] {processor.py:208} INFO - Processing /opt/airflow/dags/dbt_docs_pipeline.py took 0.130 seconds
[2026-07-26T12:33:14.344+0000] {processor.py:186} INFO - Started process (PID=1912) to work on /opt/airflow/dags/dbt_docs_pipeline.py
[2026-07-26T12:33:14.345+0000] {processor.py:914} INFO - Processing file /opt/airflow/dags/dbt_docs_pipeline.py for tasks to queue
[2026-07-26T12:33:14.347+0000] {logging_mixin.py:190} INFO - [2026-07-26T12:33:14.347+0000] {dagbag.py:588} INFO - Filling up the DagBag from /opt/airflow/dags/dbt_docs_pipeline.py
[2026-07-26T12:33:14.372+0000] {processor.py:925} INFO - DAG(s) 'dbt_docs_generate_and_publish' retrieved from /opt/airflow/dags/dbt_docs_pipeline.py
[2026-07-26T12:33:14.396+0000] {logging_mixin.py:190} INFO - [2026-07-26T12:33:14.395+0000] {dag.py:3239} INFO - Sync 1 DAGs
[2026-07-26T12:33:14.421+0000] {logging_mixin.py:190} INFO - [2026-07-26T12:33:14.421+0000] {dag.py:4180} INFO - Setting next_dagrun for dbt_docs_generate_and_publish to 2026-07-26 02:00:00+00:00, run_after=2026-07-27 02:00:00+00:00
[2026-07-26T12:33:14.440+0000] {processor.py:208} INFO - Processing /opt/airflow/dags/dbt_docs_pipeline.py took 0.101 seconds
[2026-07-26T12:33:44.681+0000] {processor.py:186} INFO - Started process (PID=2000) to work on /opt/airflow/dags/dbt_docs_pipeline.py
[2026-07-26T12:33:44.682+0000] {processor.py:914} INFO - Processing file /opt/airflow/dags/dbt_docs_pipeline.py for tasks to queue
[2026-07-26T12:33:44.685+0000] {logging_mixin.py:190} INFO - [2026-07-26T12:33:44.685+0000] {dagbag.py:588} INFO - Filling up the DagBag from /opt/airflow/dags/dbt_docs_pipeline.py
[2026-07-26T12:33:44.712+0000] {processor.py:925} INFO - DAG(s) 'dbt_docs_generate_and_publish' retrieved from /opt/airflow/dags/dbt_docs_pipeline.py
[2026-07-26T12:33:44.742+0000] {logging_mixin.py:190} INFO - [2026-07-26T12:33:44.742+0000] {dag.py:3239} INFO - Sync 1 DAGs
[2026-07-26T12:33:44.777+0000] {logging_mixin.py:190} INFO - [2026-07-26T12:33:44.777+0000] {dag.py:4180} INFO - Setting next_dagrun for dbt_docs_generate_and_publish to 2026-07-26 02:00:00+00:00, run_after=2026-07-27 02:00:00+00:00
[2026-07-26T12:33:44.802+0000] {processor.py:208} INFO - Processing /opt/airflow/dags/dbt_docs_pipeline.py took 0.128 seconds
[2026-07-26T12:34:15.035+0000] {processor.py:186} INFO - Started process (PID=2093) to work on /opt/airflow/dags/dbt_docs_pipeline.py
[2026-07-26T12:34:15.036+0000] {processor.py:914} INFO - Processing file /opt/airflow/dags/dbt_docs_pipeline.py for tasks to queue
[2026-07-26T12:34:15.038+0000] {logging_mixin.py:190} INFO - [2026-07-26T12:34:15.038+0000] {dagbag.py:588} INFO - Filling up the DagBag from /opt/airflow/dags/dbt_docs_pipeline.py
[2026-07-26T12:34:15.065+0000] {processor.py:925} INFO - DAG(s) 'dbt_docs_generate_and_publish' retrieved from /opt/airflow/dags/dbt_docs_pipeline.py
[2026-07-26T12:34:15.093+0000] {logging_mixin.py:190} INFO - [2026-07-26T12:34:15.092+0000] {dag.py:3239} INFO - Sync 1 DAGs
[2026-07-26T12:34:15.119+0000] {logging_mixin.py:190} INFO - [2026-07-26T12:34:15.119+0000] {dag.py:4180} INFO - Setting next_dagrun for dbt_docs_generate_and_publish to 2026-07-26 02:00:00+00:00, run_after=2026-07-27 02:00:00+00:00
[2026-07-26T12:34:15.141+0000] {processor.py:208} INFO - Processing /opt/airflow/dags/dbt_docs_pipeline.py took 0.111 seconds
[2026-07-26T12:36:51.658+0000] {processor.py:186} INFO - Started process (PID=170) to work on /opt/airflow/dags/dbt_docs_pipeline.py
[2026-07-26T12:36:51.660+0000] {processor.py:914} INFO - Processing file /opt/airflow/dags/dbt_docs_pipeline.py for tasks to queue
[2026-07-26T12:36:51.665+0000] {logging_mixin.py:190} INFO - [2026-07-26T12:36:51.664+0000] {dagbag.py:588} INFO - Filling up the DagBag from /opt/airflow/dags/dbt_docs_pipeline.py
[2026-07-26T12:36:51.707+0000] {processor.py:925} INFO - DAG(s) 'dbt_docs_generate_and_publish' retrieved from /opt/airflow/dags/dbt_docs_pipeline.py
[2026-07-26T12:36:51.793+0000] {logging_mixin.py:190} INFO - [2026-07-26T12:36:51.792+0000] {override.py:1900} INFO - Created Permission View: can edit on DAG:dbt_docs_generate_and_publish
[2026-07-26T12:36:51.809+0000] {logging_mixin.py:190} INFO - [2026-07-26T12:36:51.809+0000] {override.py:1900} INFO - Created Permission View: can delete on DAG:dbt_docs_generate_and_publish
[2026-07-26T12:36:51.820+0000] {logging_mixin.py:190} INFO - [2026-07-26T12:36:51.820+0000] {override.py:1900} INFO - Created Permission View: can read on DAG:dbt_docs_generate_and_publish
[2026-07-26T12:36:51.834+0000] {logging_mixin.py:190} INFO - [2026-07-26T12:36:51.833+0000] {override.py:1900} INFO - Created Permission View: can create on DAG Run:dbt_docs_generate_and_publish
[2026-07-26T12:36:51.847+0000] {logging_mixin.py:190} INFO - [2026-07-26T12:36:51.847+0000] {override.py:1900} INFO - Created Permission View: menu access on DAG Run:dbt_docs_generate_and_publish
[2026-07-26T12:36:51.858+0000] {logging_mixin.py:190} INFO - [2026-07-26T12:36:51.857+0000] {override.py:1900} INFO - Created Permission View: can delete on DAG Run:dbt_docs_generate_and_publish
[2026-07-26T12:36:51.868+0000] {logging_mixin.py:190} INFO - [2026-07-26T12:36:51.868+0000] {override.py:1900} INFO - Created Permission View: can read on DAG Run:dbt_docs_generate_and_publish
[2026-07-26T12:36:51.869+0000] {logging_mixin.py:190} INFO - [2026-07-26T12:36:51.869+0000] {dag.py:3239} INFO - Sync 1 DAGs
[2026-07-26T12:36:51.888+0000] {logging_mixin.py:190} INFO - [2026-07-26T12:36:51.887+0000] {dag.py:3262} INFO - Creating ORM DAG for dbt_docs_generate_and_publish
[2026-07-26T12:36:51.910+0000] {logging_mixin.py:190} INFO - [2026-07-26T12:36:51.909+0000] {dag.py:4180} INFO - Setting next_dagrun for dbt_docs_generate_and_publish to 2026-07-25 02:00:00+00:00, run_after=2026-07-26 02:00:00+00:00
[2026-07-26T12:36:51.947+0000] {processor.py:208} INFO - Processing /opt/airflow/dags/dbt_docs_pipeline.py took 0.298 seconds
[2026-07-26T12:37:22.447+0000] {processor.py:186} INFO - Started process (PID=265) to work on /opt/airflow/dags/dbt_docs_pipeline.py
[2026-07-26T12:37:22.448+0000] {processor.py:914} INFO - Processing file /opt/airflow/dags/dbt_docs_pipeline.py for tasks to queue
[2026-07-26T12:37:22.451+0000] {logging_mixin.py:190} INFO - [2026-07-26T12:37:22.450+0000] {dagbag.py:588} INFO - Filling up the DagBag from /opt/airflow/dags/dbt_docs_pipeline.py
[2026-07-26T12:37:22.479+0000] {processor.py:925} INFO - DAG(s) 'dbt_docs_generate_and_publish' retrieved from /opt/airflow/dags/dbt_docs_pipeline.py
[2026-07-26T12:37:22.504+0000] {logging_mixin.py:190} INFO - [2026-07-26T12:37:22.504+0000] {dag.py:3239} INFO - Sync 1 DAGs
[2026-07-26T12:37:22.528+0000] {logging_mixin.py:190} INFO - [2026-07-26T12:37:22.528+0000] {dag.py:4180} INFO - Setting next_dagrun for dbt_docs_generate_and_publish to 2026-07-25 02:00:00+00:00, run_after=2026-07-26 02:00:00+00:00
[2026-07-26T12:37:22.547+0000] {processor.py:208} INFO - Processing /opt/airflow/dags/dbt_docs_pipeline.py took 0.106 seconds
[2026-07-26T12:37:52.678+0000] {processor.py:186} INFO - Started process (PID=353) to work on /opt/airflow/dags/dbt_docs_pipeline.py
[2026-07-26T12:37:52.679+0000] {processor.py:914} INFO - Processing file /opt/airflow/dags/dbt_docs_pipeline.py for tasks to queue
[2026-07-26T12:37:52.680+0000] {logging_mixin.py:190} INFO - [2026-07-26T12:37:52.680+0000] {dagbag.py:588} INFO - Filling up the DagBag from /opt/airflow/dags/dbt_docs_pipeline.py
[2026-07-26T12:37:52.705+0000] {processor.py:925} INFO - DAG(s) 'dbt_docs_generate_and_publish' retrieved from /opt/airflow/dags/dbt_docs_pipeline.py
[2026-07-26T12:37:52.725+0000] {logging_mixin.py:190} INFO - [2026-07-26T12:37:52.725+0000] {dag.py:3239} INFO - Sync 1 DAGs
[2026-07-26T12:37:52.745+0000] {logging_mixin.py:190} INFO - [2026-07-26T12:37:52.745+0000] {dag.py:4180} INFO - Setting next_dagrun for dbt_docs_generate_and_publish to 2026-07-25 02:00:00+00:00, run_after=2026-07-26 02:00:00+00:00
[2026-07-26T12:37:52.762+0000] {processor.py:208} INFO - Processing /opt/airflow/dags/dbt_docs_pipeline.py took 0.089 seconds
[2026-07-26T12:38:23.346+0000] {processor.py:186} INFO - Started process (PID=444) to work on /opt/airflow/dags/dbt_docs_pipeline.py
[2026-07-26T12:38:23.347+0000] {processor.py:914} INFO - Processing file /opt/airflow/dags/dbt_docs_pipeline.py for tasks to queue
[2026-07-26T12:38:23.350+0000] {logging_mixin.py:190} INFO - [2026-07-26T12:38:23.349+0000] {dagbag.py:588} INFO - Filling up the DagBag from /opt/airflow/dags/dbt_docs_pipeline.py
[2026-07-26T12:38:23.378+0000] {processor.py:925} INFO - DAG(s) 'dbt_docs_generate_and_publish' retrieved from /opt/airflow/dags/dbt_docs_pipeline.py
[2026-07-26T12:38:23.400+0000] {logging_mixin.py:190} INFO - [2026-07-26T12:38:23.400+0000] {dag.py:3239} INFO - Sync 1 DAGs
[2026-07-26T12:38:23.421+0000] {logging_mixin.py:190} INFO - [2026-07-26T12:38:23.421+0000] {dag.py:4180} INFO - Setting next_dagrun for dbt_docs_generate_and_publish to 2026-07-25 02:00:00+00:00, run_after=2026-07-26 02:00:00+00:00
[2026-07-26T12:38:23.439+0000] {processor.py:208} INFO - Processing /opt/airflow/dags/dbt_docs_pipeline.py took 0.099 seconds
[2026-07-26T12:38:53.962+0000] {processor.py:186} INFO - Started process (PID=587) to work on /opt/airflow/dags/dbt_docs_pipeline.py
[2026-07-26T12:38:53.963+0000] {processor.py:914} INFO - Processing file /opt/airflow/dags/dbt_docs_pipeline.py for tasks to queue
[2026-07-26T12:38:53.965+0000] {logging_mixin.py:190} INFO - [2026-07-26T12:38:53.965+0000] {dagbag.py:588} INFO - Filling up the DagBag from /opt/airflow/dags/dbt_docs_pipeline.py
[2026-07-26T12:38:53.991+0000] {processor.py:925} INFO - DAG(s) 'dbt_docs_generate_and_publish' retrieved from /opt/airflow/dags/dbt_docs_pipeline.py
[2026-07-26T12:38:54.016+0000] {logging_mixin.py:190} INFO - [2026-07-26T12:38:54.016+0000] {dag.py:3239} INFO - Sync 1 DAGs
[2026-07-26T12:38:54.040+0000] {logging_mixin.py:190} INFO - [2026-07-26T12:38:54.040+0000] {dag.py:4180} INFO - Setting next_dagrun for dbt_docs_generate_and_publish to 2026-07-25 02:00:00+00:00, run_after=2026-07-26 02:00:00+00:00
[2026-07-26T12:38:54.061+0000] {processor.py:208} INFO - Processing /opt/airflow/dags/dbt_docs_pipeline.py took 0.104 seconds
[2026-07-26T12:39:24.428+0000] {processor.py:186} INFO - Started process (PID=969) to work on /opt/airflow/dags/dbt_docs_pipeline.py
[2026-07-26T12:39:24.429+0000] {processor.py:914} INFO - Processing file /opt/airflow/dags/dbt_docs_pipeline.py for tasks to queue
[2026-07-26T12:39:24.432+0000] {logging_mixin.py:190} INFO - [2026-07-26T12:39:24.431+0000] {dagbag.py:588} INFO - Filling up the DagBag from /opt/airflow/dags/dbt_docs_pipeline.py
[2026-07-26T12:39:24.463+0000] {processor.py:925} INFO - DAG(s) 'dbt_docs_generate_and_publish' retrieved from /opt/airflow/dags/dbt_docs_pipeline.py
[2026-07-26T12:39:24.488+0000] {logging_mixin.py:190} INFO - [2026-07-26T12:39:24.487+0000] {dag.py:3239} INFO - Sync 1 DAGs
[2026-07-26T12:39:24.515+0000] {logging_mixin.py:190} INFO - [2026-07-26T12:39:24.515+0000] {dag.py:4180} INFO - Setting next_dagrun for dbt_docs_generate_and_publish to 2026-07-25 02:00:00+00:00, run_after=2026-07-26 02:00:00+00:00
[2026-07-26T12:39:24.536+0000] {processor.py:208} INFO - Processing /opt/airflow/dags/dbt_docs_pipeline.py took 0.115 seconds
[2026-07-26T12:39:55.009+0000] {processor.py:186} INFO - Started process (PID=1073) to work on /opt/airflow/dags/dbt_docs_pipeline.py
[2026-07-26T12:39:55.010+0000] {processor.py:914} INFO - Processing file /opt/airflow/dags/dbt_docs_pipeline.py for tasks to queue
[2026-07-26T12:39:55.013+0000] {logging_mixin.py:190} INFO - [2026-07-26T12:39:55.012+0000] {dagbag.py:588} INFO - Filling up the DagBag from /opt/airflow/dags/dbt_docs_pipeline.py
[2026-07-26T12:39:55.038+0000] {processor.py:925} INFO - DAG(s) 'dbt_docs_generate_and_publish' retrieved from /opt/airflow/dags/dbt_docs_pipeline.py
[2026-07-26T12:39:55.068+0000] {logging_mixin.py:190} INFO - [2026-07-26T12:39:55.068+0000] {dag.py:3239} INFO - Sync 1 DAGs
[2026-07-26T12:39:55.095+0000] {logging_mixin.py:190} INFO - [2026-07-26T12:39:55.094+0000] {dag.py:4180} INFO - Setting next_dagrun for dbt_docs_generate_and_publish to 2026-07-25 02:00:00+00:00, run_after=2026-07-26 02:00:00+00:00
[2026-07-26T12:39:55.116+0000] {processor.py:208} INFO - Processing /opt/airflow/dags/dbt_docs_pipeline.py took 0.113 seconds
[2026-07-26T12:40:25.579+0000] {processor.py:186} INFO - Started process (PID=1196) to work on /opt/airflow/dags/dbt_docs_pipeline.py
[2026-07-26T12:40:25.580+0000] {processor.py:914} INFO - Processing file /opt/airflow/dags/dbt_docs_pipeline.py for tasks to queue
[2026-07-26T12:40:25.584+0000] {logging_mixin.py:190} INFO - [2026-07-26T12:40:25.583+0000] {dagbag.py:588} INFO - Filling up the DagBag from /opt/airflow/dags/dbt_docs_pipeline.py
[2026-07-26T12:40:25.623+0000] {processor.py:925} INFO - DAG(s) 'dbt_docs_generate_and_publish' retrieved from /opt/airflow/dags/dbt_docs_pipeline.py
[2026-07-26T12:40:25.647+0000] {logging_mixin.py:190} INFO - [2026-07-26T12:40:25.647+0000] {dag.py:3239} INFO - Sync 1 DAGs
[2026-07-26T12:40:25.672+0000] {logging_mixin.py:190} INFO - [2026-07-26T12:40:25.672+0000] {dag.py:4180} INFO - Setting next_dagrun for dbt_docs_generate_and_publish to 2026-07-25 02:00:00+00:00, run_after=2026-07-26 02:00:00+00:00
[2026-07-26T12:40:25.695+0000] {processor.py:208} INFO - Processing /opt/airflow/dags/dbt_docs_pipeline.py took 0.122 seconds
[2026-07-26T12:40:56.209+0000] {processor.py:186} INFO - Started process (PID=1332) to work on /opt/airflow/dags/dbt_docs_pipeline.py
[2026-07-26T12:40:56.211+0000] {processor.py:914} INFO - Processing file /opt/airflow/dags/dbt_docs_pipeline.py for tasks to queue
[2026-07-26T12:40:56.214+0000] {logging_mixin.py:190} INFO - [2026-07-26T12:40:56.214+0000] {dagbag.py:588} INFO - Filling up the DagBag from /opt/airflow/dags/dbt_docs_pipeline.py
[2026-07-26T12:40:56.260+0000] {processor.py:925} INFO - DAG(s) 'dbt_docs_generate_and_publish' retrieved from /opt/airflow/dags/dbt_docs_pipeline.py
[2026-07-26T12:40:56.292+0000] {logging_mixin.py:190} INFO - [2026-07-26T12:40:56.291+0000] {dag.py:3239} INFO - Sync 1 DAGs
[2026-07-26T12:40:56.319+0000] {logging_mixin.py:190} INFO - [2026-07-26T12:40:56.318+0000] {dag.py:4180} INFO - Setting next_dagrun for dbt_docs_generate_and_publish to 2026-07-25 02:00:00+00:00, run_after=2026-07-26 02:00:00+00:00
[2026-07-26T12:40:56.343+0000] {processor.py:208} INFO - Processing /opt/airflow/dags/dbt_docs_pipeline.py took 0.139 seconds
[2026-07-26T12:41:26.761+0000] {processor.py:186} INFO - Started process (PID=1479) to work on /opt/airflow/dags/dbt_docs_pipeline.py
[2026-07-26T12:41:26.762+0000] {processor.py:914} INFO - Processing file /opt/airflow/dags/dbt_docs_pipeline.py for tasks to queue
[2026-07-26T12:41:26.765+0000] {logging_mixin.py:190} INFO - [2026-07-26T12:41:26.764+0000] {dagbag.py:588} INFO - Filling up the DagBag from /opt/airflow/dags/dbt_docs_pipeline.py
[2026-07-26T12:41:26.793+0000] {processor.py:925} INFO - DAG(s) 'dbt_docs_generate_and_publish' retrieved from /opt/airflow/dags/dbt_docs_pipeline.py
[2026-07-26T12:41:26.829+0000] {logging_mixin.py:190} INFO - [2026-07-26T12:41:26.829+0000] {dag.py:3239} INFO - Sync 1 DAGs
[2026-07-26T12:41:26.878+0000] {logging_mixin.py:190} INFO - [2026-07-26T12:41:26.877+0000] {dag.py:4180} INFO - Setting next_dagrun for dbt_docs_generate_and_publish to 2026-07-25 02:00:00+00:00, run_after=2026-07-26 02:00:00+00:00
[2026-07-26T12:41:26.898+0000] {processor.py:208} INFO - Processing /opt/airflow/dags/dbt_docs_pipeline.py took 0.143 seconds
[2026-07-26T12:41:57.251+0000] {processor.py:186} INFO - Started process (PID=1572) to work on /opt/airflow/dags/dbt_docs_pipeline.py
[2026-07-26T12:41:57.253+0000] {processor.py:914} INFO - Processing file /opt/airflow/dags/dbt_docs_pipeline.py for tasks to queue
[2026-07-26T12:41:57.256+0000] {logging_mixin.py:190} INFO - [2026-07-26T12:41:57.256+0000] {dagbag.py:588} INFO - Filling up the DagBag from /opt/airflow/dags/dbt_docs_pipeline.py
[2026-07-26T12:41:57.286+0000] {processor.py:925} INFO - DAG(s) 'dbt_docs_generate_and_publish' retrieved from /opt/airflow/dags/dbt_docs_pipeline.py
[2026-07-26T12:41:57.315+0000] {logging_mixin.py:190} INFO - [2026-07-26T12:41:57.315+0000] {dag.py:3239} INFO - Sync 1 DAGs
[2026-07-26T12:41:57.341+0000] {logging_mixin.py:190} INFO - [2026-07-26T12:41:57.341+0000] {dag.py:4180} INFO - Setting next_dagrun for dbt_docs_generate_and_publish to 2026-07-25 02:00:00+00:00, run_after=2026-07-26 02:00:00+00:00
[2026-07-26T12:41:57.365+0000] {processor.py:208} INFO - Processing /opt/airflow/dags/dbt_docs_pipeline.py took 0.121 seconds
[2026-07-26T12:42:27.732+0000] {processor.py:186} INFO - Started process (PID=1680) to work on /opt/airflow/dags/dbt_docs_pipeline.py
[2026-07-26T12:42:27.733+0000] {processor.py:914} INFO - Processing file /opt/airflow/dags/dbt_docs_pipeline.py for tasks to queue
[2026-07-26T12:42:27.735+0000] {logging_mixin.py:190} INFO - [2026-07-26T12:42:27.735+0000] {dagbag.py:588} INFO - Filling up the DagBag from /opt/airflow/dags/dbt_docs_pipeline.py
[2026-07-26T12:42:27.762+0000] {processor.py:925} INFO - DAG(s) 'dbt_docs_generate_and_publish' retrieved from /opt/airflow/dags/dbt_docs_pipeline.py
[2026-07-26T12:42:27.787+0000] {logging_mixin.py:190} INFO - [2026-07-26T12:42:27.786+0000] {dag.py:3239} INFO - Sync 1 DAGs
[2026-07-26T12:42:27.810+0000] {logging_mixin.py:190} INFO - [2026-07-26T12:42:27.810+0000] {dag.py:4180} INFO - Setting next_dagrun for dbt_docs_generate_and_publish to 2026-07-25 02:00:00+00:00, run_after=2026-07-26 02:00:00+00:00
[2026-07-26T12:42:27.831+0000] {processor.py:208} INFO - Processing /opt/airflow/dags/dbt_docs_pipeline.py took 0.105 seconds
[2026-07-26T12:42:58.781+0000] {processor.py:186} INFO - Started process (PID=1770) to work on /opt/airflow/dags/dbt_docs_pipeline.py
[2026-07-26T12:42:58.782+0000] {processor.py:914} INFO - Processing file /opt/airflow/dags/dbt_docs_pipeline.py for tasks to queue
[2026-07-26T12:42:58.784+0000] {logging_mixin.py:190} INFO - [2026-07-26T12:42:58.784+0000] {dagbag.py:588} INFO - Filling up the DagBag from /opt/airflow/dags/dbt_docs_pipeline.py
[2026-07-26T12:42:58.810+0000] {processor.py:925} INFO - DAG(s) 'dbt_docs_generate_and_publish' retrieved from /opt/airflow/dags/dbt_docs_pipeline.py
[2026-07-26T12:42:58.834+0000] {logging_mixin.py:190} INFO - [2026-07-26T12:42:58.834+0000] {dag.py:3239} INFO - Sync 1 DAGs
[2026-07-26T12:42:58.858+0000] {logging_mixin.py:190} INFO - [2026-07-26T12:42:58.858+0000] {dag.py:4180} INFO - Setting next_dagrun for dbt_docs_generate_and_publish to 2026-07-25 02:00:00+00:00, run_after=2026-07-26 02:00:00+00:00
[2026-07-26T12:42:58.881+0000] {processor.py:208} INFO - Processing /opt/airflow/dags/dbt_docs_pipeline.py took 0.105 seconds
[2026-07-26T12:43:29.261+0000] {processor.py:186} INFO - Started process (PID=1863) to work on /opt/airflow/dags/dbt_docs_pipeline.py
[2026-07-26T12:43:29.262+0000] {processor.py:914} INFO - Processing file /opt/airflow/dags/dbt_docs_pipeline.py for tasks to queue
[2026-07-26T12:43:29.264+0000] {logging_mixin.py:190} INFO - [2026-07-26T12:43:29.264+0000] {dagbag.py:588} INFO - Filling up the DagBag from /opt/airflow/dags/dbt_docs_pipeline.py
[2026-07-26T12:43:29.290+0000] {processor.py:925} INFO - DAG(s) 'dbt_docs_generate_and_publish' retrieved from /opt/airflow/dags/dbt_docs_pipeline.py
[2026-07-26T12:43:29.319+0000] {logging_mixin.py:190} INFO - [2026-07-26T12:43:29.319+0000] {dag.py:3239} INFO - Sync 1 DAGs
[2026-07-26T12:43:29.345+0000] {logging_mixin.py:190} INFO - [2026-07-26T12:43:29.344+0000] {dag.py:4180} INFO - Setting next_dagrun for dbt_docs_generate_and_publish to 2026-07-25 02:00:00+00:00, run_after=2026-07-26 02:00:00+00:00
[2026-07-26T12:43:29.366+0000] {processor.py:208} INFO - Processing /opt/airflow/dags/dbt_docs_pipeline.py took 0.111 seconds
[2026-07-26T12:43:59.440+0000] {processor.py:186} INFO - Started process (PID=1954) to work on /opt/airflow/dags/dbt_docs_pipeline.py
[2026-07-26T12:43:59.441+0000] {processor.py:914} INFO - Processing file /opt/airflow/dags/dbt_docs_pipeline.py for tasks to queue
[2026-07-26T12:43:59.443+0000] {logging_mixin.py:190} INFO - [2026-07-26T12:43:59.443+0000] {dagbag.py:588} INFO - Filling up the DagBag from /opt/airflow/dags/dbt_docs_pipeline.py
[2026-07-26T12:43:59.470+0000] {processor.py:925} INFO - DAG(s) 'dbt_docs_generate_and_publish' retrieved from /opt/airflow/dags/dbt_docs_pipeline.py
[2026-07-26T12:43:59.496+0000] {logging_mixin.py:190} INFO - [2026-07-26T12:43:59.495+0000] {dag.py:3239} INFO - Sync 1 DAGs
[2026-07-26T12:43:59.516+0000] {logging_mixin.py:190} INFO - [2026-07-26T12:43:59.516+0000] {dag.py:4180} INFO - Setting next_dagrun for dbt_docs_generate_and_publish to 2026-07-25 02:00:00+00:00, run_after=2026-07-26 02:00:00+00:00
[2026-07-26T12:43:59.535+0000] {processor.py:208} INFO - Processing /opt/airflow/dags/dbt_docs_pipeline.py took 0.100 seconds
[2026-07-26T12:59:22.241+0000] {processor.py:186} INFO - Started process (PID=2042) to work on /opt/airflow/dags/dbt_docs_pipeline.py
[2026-07-26T12:59:22.243+0000] {processor.py:914} INFO - Processing file /opt/airflow/dags/dbt_docs_pipeline.py for tasks to queue
[2026-07-26T12:59:22.248+0000] {logging_mixin.py:190} INFO - [2026-07-26T12:59:22.247+0000] {dagbag.py:588} INFO - Filling up the DagBag from /opt/airflow/dags/dbt_docs_pipeline.py
[2026-07-26T12:59:22.283+0000] {processor.py:925} INFO - DAG(s) 'dbt_docs_generate_and_publish' retrieved from /opt/airflow/dags/dbt_docs_pipeline.py
[2026-07-26T12:59:22.324+0000] {logging_mixin.py:190} INFO - [2026-07-26T12:59:22.323+0000] {dag.py:3239} INFO - Sync 1 DAGs
[2026-07-26T12:59:22.360+0000] {logging_mixin.py:190} INFO - [2026-07-26T12:59:22.360+0000] {dag.py:4180} INFO - Setting next_dagrun for dbt_docs_generate_and_publish to 2026-07-25 02:00:00+00:00, run_after=2026-07-26 02:00:00+00:00
[2026-07-26T12:59:22.393+0000] {processor.py:208} INFO - Processing /opt/airflow/dags/dbt_docs_pipeline.py took 0.160 seconds
[2026-07-26T12:59:52.798+0000] {processor.py:186} INFO - Started process (PID=2135) to work on /opt/airflow/dags/dbt_docs_pipeline.py
[2026-07-26T12:59:52.799+0000] {processor.py:914} INFO - Processing file /opt/airflow/dags/dbt_docs_pipeline.py for tasks to queue
[2026-07-26T12:59:52.802+0000] {logging_mixin.py:190} INFO - [2026-07-26T12:59:52.802+0000] {dagbag.py:588} INFO - Filling up the DagBag from /opt/airflow/dags/dbt_docs_pipeline.py
[2026-07-26T12:59:52.828+0000] {processor.py:925} INFO - DAG(s) 'dbt_docs_generate_and_publish' retrieved from /opt/airflow/dags/dbt_docs_pipeline.py
[2026-07-26T12:59:52.852+0000] {logging_mixin.py:190} INFO - [2026-07-26T12:59:52.852+0000] {dag.py:3239} INFO - Sync 1 DAGs
[2026-07-26T12:59:52.876+0000] {logging_mixin.py:190} INFO - [2026-07-26T12:59:52.876+0000] {dag.py:4180} INFO - Setting next_dagrun for dbt_docs_generate_and_publish to 2026-07-25 02:00:00+00:00, run_after=2026-07-26 02:00:00+00:00
[2026-07-26T12:59:52.896+0000] {processor.py:208} INFO - Processing /opt/airflow/dags/dbt_docs_pipeline.py took 0.104 seconds
[2026-07-26T13:00:23.857+0000] {processor.py:186} INFO - Started process (PID=2228) to work on /opt/airflow/dags/dbt_docs_pipeline.py
[2026-07-26T13:00:23.858+0000] {processor.py:914} INFO - Processing file /opt/airflow/dags/dbt_docs_pipeline.py for tasks to queue
[2026-07-26T13:00:23.861+0000] {logging_mixin.py:190} INFO - [2026-07-26T13:00:23.861+0000] {dagbag.py:588} INFO - Filling up the DagBag from /opt/airflow/dags/dbt_docs_pipeline.py
[2026-07-26T13:00:23.886+0000] {processor.py:925} INFO - DAG(s) 'dbt_docs_generate_and_publish' retrieved from /opt/airflow/dags/dbt_docs_pipeline.py
[2026-07-26T13:00:23.912+0000] {logging_mixin.py:190} INFO - [2026-07-26T13:00:23.912+0000] {dag.py:3239} INFO - Sync 1 DAGs
[2026-07-26T13:00:23.938+0000] {logging_mixin.py:190} INFO - [2026-07-26T13:00:23.938+0000] {dag.py:4180} INFO - Setting next_dagrun for dbt_docs_generate_and_publish to 2026-07-25 02:00:00+00:00, run_after=2026-07-26 02:00:00+00:00
[2026-07-26T13:00:23.958+0000] {processor.py:208} INFO - Processing /opt/airflow/dags/dbt_docs_pipeline.py took 0.106 seconds
[2026-07-26T13:00:54.556+0000] {processor.py:186} INFO - Started process (PID=2321) to work on /opt/airflow/dags/dbt_docs_pipeline.py
[2026-07-26T13:00:54.558+0000] {processor.py:914} INFO - Processing file /opt/airflow/dags/dbt_docs_pipeline.py for tasks to queue
[2026-07-26T13:00:54.563+0000] {logging_mixin.py:190} INFO - [2026-07-26T13:00:54.563+0000] {dagbag.py:588} INFO - Filling up the DagBag from /opt/airflow/dags/dbt_docs_pipeline.py
[2026-07-26T13:00:54.594+0000] {processor.py:925} INFO - DAG(s) 'dbt_docs_generate_and_publish' retrieved from /opt/airflow/dags/dbt_docs_pipeline.py
[2026-07-26T13:00:54.617+0000] {logging_mixin.py:190} INFO - [2026-07-26T13:00:54.617+0000] {dag.py:3239} INFO - Sync 1 DAGs
[2026-07-26T13:00:54.638+0000] {logging_mixin.py:190} INFO - [2026-07-26T13:00:54.638+0000] {dag.py:4180} INFO - Setting next_dagrun for dbt_docs_generate_and_publish to 2026-07-25 02:00:00+00:00, run_after=2026-07-26 02:00:00+00:00
[2026-07-26T13:00:54.655+0000] {processor.py:208} INFO - Processing /opt/airflow/dags/dbt_docs_pipeline.py took 0.108 seconds
[2026-07-26T13:01:25.408+0000] {processor.py:186} INFO - Started process (PID=2419) to work on /opt/airflow/dags/dbt_docs_pipeline.py
[2026-07-26T13:01:25.409+0000] {processor.py:914} INFO - Processing file /opt/airflow/dags/dbt_docs_pipeline.py for tasks to queue
[2026-07-26T13:01:25.412+0000] {logging_mixin.py:190} INFO - [2026-07-26T13:01:25.412+0000] {dagbag.py:588} INFO - Filling up the DagBag from /opt/airflow/dags/dbt_docs_pipeline.py
[2026-07-26T13:01:25.444+0000] {processor.py:925} INFO - DAG(s) 'dbt_docs_generate_and_publish' retrieved from /opt/airflow/dags/dbt_docs_pipeline.py
[2026-07-26T13:01:25.473+0000] {logging_mixin.py:190} INFO - [2026-07-26T13:01:25.473+0000] {dag.py:3239} INFO - Sync 1 DAGs
[2026-07-26T13:01:25.526+0000] {processor.py:208} INFO - Processing /opt/airflow/dags/dbt_docs_pipeline.py took 0.125 seconds
[2026-07-26T13:01:55.844+0000] {processor.py:186} INFO - Started process (PID=2529) to work on /opt/airflow/dags/dbt_docs_pipeline.py
[2026-07-26T13:01:55.845+0000] {processor.py:914} INFO - Processing file /opt/airflow/dags/dbt_docs_pipeline.py for tasks to queue
[2026-07-26T13:01:55.848+0000] {logging_mixin.py:190} INFO - [2026-07-26T13:01:55.848+0000] {dagbag.py:588} INFO - Filling up the DagBag from /opt/airflow/dags/dbt_docs_pipeline.py
[2026-07-26T13:01:55.873+0000] {processor.py:925} INFO - DAG(s) 'dbt_docs_generate_and_publish' retrieved from /opt/airflow/dags/dbt_docs_pipeline.py
[2026-07-26T13:01:55.894+0000] {logging_mixin.py:190} INFO - [2026-07-26T13:01:55.894+0000] {dag.py:3239} INFO - Sync 1 DAGs
[2026-07-26T13:01:55.915+0000] {logging_mixin.py:190} INFO - [2026-07-26T13:01:55.915+0000] {dag.py:4180} INFO - Setting next_dagrun for dbt_docs_generate_and_publish to 2026-07-26 02:00:00+00:00, run_after=2026-07-27 02:00:00+00:00
[2026-07-26T13:01:55.931+0000] {processor.py:208} INFO - Processing /opt/airflow/dags/dbt_docs_pipeline.py took 0.092 seconds
[2026-07-26T13:02:26.015+0000] {processor.py:186} INFO - Started process (PID=2615) to work on /opt/airflow/dags/dbt_docs_pipeline.py
[2026-07-26T13:02:26.016+0000] {processor.py:914} INFO - Processing file /opt/airflow/dags/dbt_docs_pipeline.py for tasks to queue
[2026-07-26T13:02:26.017+0000] {logging_mixin.py:190} INFO - [2026-07-26T13:02:26.017+0000] {dagbag.py:588} INFO - Filling up the DagBag from /opt/airflow/dags/dbt_docs_pipeline.py
[2026-07-26T13:02:26.044+0000] {processor.py:925} INFO - DAG(s) 'dbt_docs_generate_and_publish' retrieved from /opt/airflow/dags/dbt_docs_pipeline.py
[2026-07-26T13:02:26.070+0000] {logging_mixin.py:190} INFO - [2026-07-26T13:02:26.070+0000] {dag.py:3239} INFO - Sync 1 DAGs
[2026-07-26T13:02:26.094+0000] {logging_mixin.py:190} INFO - [2026-07-26T13:02:26.094+0000] {dag.py:4180} INFO - Setting next_dagrun for dbt_docs_generate_and_publish to 2026-07-26 02:00:00+00:00, run_after=2026-07-27 02:00:00+00:00
[2026-07-26T13:02:26.121+0000] {processor.py:208} INFO - Processing /opt/airflow/dags/dbt_docs_pipeline.py took 0.112 seconds
[2026-07-26T13:02:56.452+0000] {processor.py:186} INFO - Started process (PID=2708) to work on /opt/airflow/dags/dbt_docs_pipeline.py
[2026-07-26T13:02:56.453+0000] {processor.py:914} INFO - Processing file /opt/airflow/dags/dbt_docs_pipeline.py for tasks to queue
[2026-07-26T13:02:56.454+0000] {logging_mixin.py:190} INFO - [2026-07-26T13:02:56.454+0000] {dagbag.py:588} INFO - Filling up the DagBag from /opt/airflow/dags/dbt_docs_pipeline.py
[2026-07-26T13:02:56.479+0000] {processor.py:925} INFO - DAG(s) 'dbt_docs_generate_and_publish' retrieved from /opt/airflow/dags/dbt_docs_pipeline.py
[2026-07-26T13:02:56.502+0000] {logging_mixin.py:190} INFO - [2026-07-26T13:02:56.502+0000] {dag.py:3239} INFO - Sync 1 DAGs
[2026-07-26T13:02:56.523+0000] {logging_mixin.py:190} INFO - [2026-07-26T13:02:56.523+0000] {dag.py:4180} INFO - Setting next_dagrun for dbt_docs_generate_and_publish to 2026-07-26 02:00:00+00:00, run_after=2026-07-27 02:00:00+00:00
[2026-07-26T13:02:56.541+0000] {processor.py:208} INFO - Processing /opt/airflow/dags/dbt_docs_pipeline.py took 0.094 seconds
[2026-07-26T13:03:26.685+0000] {processor.py:186} INFO - Started process (PID=2798) to work on /opt/airflow/dags/dbt_docs_pipeline.py
[2026-07-26T13:03:26.686+0000] {processor.py:914} INFO - Processing file /opt/airflow/dags/dbt_docs_pipeline.py for tasks to queue
[2026-07-26T13:03:26.687+0000] {logging_mixin.py:190} INFO - [2026-07-26T13:03:26.687+0000] {dagbag.py:588} INFO - Filling up the DagBag from /opt/airflow/dags/dbt_docs_pipeline.py
[2026-07-26T13:03:26.714+0000] {processor.py:925} INFO - DAG(s) 'dbt_docs_generate_and_publish' retrieved from /opt/airflow/dags/dbt_docs_pipeline.py
[2026-07-26T13:03:26.736+0000] {logging_mixin.py:190} INFO - [2026-07-26T13:03:26.736+0000] {dag.py:3239} INFO - Sync 1 DAGs
[2026-07-26T13:03:26.757+0000] {logging_mixin.py:190} INFO - [2026-07-26T13:03:26.756+0000] {dag.py:4180} INFO - Setting next_dagrun for dbt_docs_generate_and_publish to 2026-07-26 02:00:00+00:00, run_after=2026-07-27 02:00:00+00:00
[2026-07-26T13:03:26.778+0000] {processor.py:208} INFO - Processing /opt/airflow/dags/dbt_docs_pipeline.py took 0.098 seconds
[2026-07-26T13:03:56.879+0000] {processor.py:186} INFO - Started process (PID=2886) to work on /opt/airflow/dags/dbt_docs_pipeline.py
[2026-07-26T13:03:56.880+0000] {processor.py:914} INFO - Processing file /opt/airflow/dags/dbt_docs_pipeline.py for tasks to queue
[2026-07-26T13:03:56.881+0000] {logging_mixin.py:190} INFO - [2026-07-26T13:03:56.881+0000] {dagbag.py:588} INFO - Filling up the DagBag from /opt/airflow/dags/dbt_docs_pipeline.py
[2026-07-26T13:03:56.910+0000] {processor.py:925} INFO - DAG(s) 'dbt_docs_generate_and_publish' retrieved from /opt/airflow/dags/dbt_docs_pipeline.py
[2026-07-26T13:03:56.924+0000] {logging_mixin.py:190} INFO - [2026-07-26T13:03:56.924+0000] {dag.py:3239} INFO - Sync 1 DAGs
[2026-07-26T13:03:56.947+0000] {logging_mixin.py:190} INFO - [2026-07-26T13:03:56.947+0000] {dag.py:4180} INFO - Setting next_dagrun for dbt_docs_generate_and_publish to 2026-07-26 02:00:00+00:00, run_after=2026-07-27 02:00:00+00:00
[2026-07-26T13:03:56.969+0000] {processor.py:208} INFO - Processing /opt/airflow/dags/dbt_docs_pipeline.py took 0.095 seconds
[2026-07-26T13:04:27.098+0000] {processor.py:186} INFO - Started process (PID=2979) to work on /opt/airflow/dags/dbt_docs_pipeline.py
[2026-07-26T13:04:27.099+0000] {processor.py:914} INFO - Processing file /opt/airflow/dags/dbt_docs_pipeline.py for tasks to queue
[2026-07-26T13:04:27.100+0000] {logging_mixin.py:190} INFO - [2026-07-26T13:04:27.100+0000] {dagbag.py:588} INFO - Filling up the DagBag from /opt/airflow/dags/dbt_docs_pipeline.py
[2026-07-26T13:04:27.129+0000] {processor.py:925} INFO - DAG(s) 'dbt_docs_generate_and_publish' retrieved from /opt/airflow/dags/dbt_docs_pipeline.py
[2026-07-26T13:04:27.194+0000] {logging_mixin.py:190} INFO - [2026-07-26T13:04:27.193+0000] {dag.py:3239} INFO - Sync 1 DAGs
[2026-07-26T13:04:27.217+0000] {logging_mixin.py:190} INFO - [2026-07-26T13:04:27.216+0000] {dag.py:4180} INFO - Setting next_dagrun for dbt_docs_generate_and_publish to 2026-07-26 02:00:00+00:00, run_after=2026-07-27 02:00:00+00:00
[2026-07-26T13:04:27.239+0000] {processor.py:208} INFO - Processing /opt/airflow/dags/dbt_docs_pipeline.py took 0.147 seconds
[2026-07-26T13:04:57.604+0000] {processor.py:186} INFO - Started process (PID=3072) to work on /opt/airflow/dags/dbt_docs_pipeline.py
[2026-07-26T13:04:57.605+0000] {processor.py:914} INFO - Processing file /opt/airflow/dags/dbt_docs_pipeline.py for tasks to queue
[2026-07-26T13:04:57.606+0000] {logging_mixin.py:190} INFO - [2026-07-26T13:04:57.606+0000] {dagbag.py:588} INFO - Filling up the DagBag from /opt/airflow/dags/dbt_docs_pipeline.py
[2026-07-26T13:04:57.635+0000] {processor.py:925} INFO - DAG(s) 'dbt_docs_generate_and_publish' retrieved from /opt/airflow/dags/dbt_docs_pipeline.py
[2026-07-26T13:04:57.664+0000] {logging_mixin.py:190} INFO - [2026-07-26T13:04:57.664+0000] {dag.py:3239} INFO - Sync 1 DAGs
[2026-07-26T13:04:57.703+0000] {logging_mixin.py:190} INFO - [2026-07-26T13:04:57.702+0000] {dag.py:4180} INFO - Setting next_dagrun for dbt_docs_generate_and_publish to 2026-07-26 02:00:00+00:00, run_after=2026-07-27 02:00:00+00:00
[2026-07-26T13:04:57.729+0000] {processor.py:208} INFO - Processing /opt/airflow/dags/dbt_docs_pipeline.py took 0.131 seconds
[2026-07-26T13:05:28.024+0000] {processor.py:186} INFO - Started process (PID=3165) to work on /opt/airflow/dags/dbt_docs_pipeline.py
[2026-07-26T13:05:28.025+0000] {processor.py:914} INFO - Processing file /opt/airflow/dags/dbt_docs_pipeline.py for tasks to queue
[2026-07-26T13:05:28.026+0000] {logging_mixin.py:190} INFO - [2026-07-26T13:05:28.026+0000] {dagbag.py:588} INFO - Filling up the DagBag from /opt/airflow/dags/dbt_docs_pipeline.py
[2026-07-26T13:05:28.051+0000] {processor.py:925} INFO - DAG(s) 'dbt_docs_generate_and_publish' retrieved from /opt/airflow/dags/dbt_docs_pipeline.py
[2026-07-26T13:05:28.073+0000] {logging_mixin.py:190} INFO - [2026-07-26T13:05:28.073+0000] {dag.py:3239} INFO - Sync 1 DAGs
[2026-07-26T13:05:28.097+0000] {logging_mixin.py:190} INFO - [2026-07-26T13:05:28.097+0000] {dag.py:4180} INFO - Setting next_dagrun for dbt_docs_generate_and_publish to 2026-07-26 02:00:00+00:00, run_after=2026-07-27 02:00:00+00:00
[2026-07-26T13:05:28.115+0000] {processor.py:208} INFO - Processing /opt/airflow/dags/dbt_docs_pipeline.py took 0.097 seconds
[2026-07-26T13:05:58.748+0000] {processor.py:186} INFO - Started process (PID=3253) to work on /opt/airflow/dags/dbt_docs_pipeline.py
[2026-07-26T13:05:58.749+0000] {processor.py:914} INFO - Processing file /opt/airflow/dags/dbt_docs_pipeline.py for tasks to queue
[2026-07-26T13:05:58.750+0000] {logging_mixin.py:190} INFO - [2026-07-26T13:05:58.750+0000] {dagbag.py:588} INFO - Filling up the DagBag from /opt/airflow/dags/dbt_docs_pipeline.py
[2026-07-26T13:05:58.775+0000] {processor.py:925} INFO - DAG(s) 'dbt_docs_generate_and_publish' retrieved from /opt/airflow/dags/dbt_docs_pipeline.py
[2026-07-26T13:05:58.797+0000] {logging_mixin.py:190} INFO - [2026-07-26T13:05:58.797+0000] {dag.py:3239} INFO - Sync 1 DAGs
[2026-07-26T13:05:58.825+0000] {logging_mixin.py:190} INFO - [2026-07-26T13:05:58.824+0000] {dag.py:4180} INFO - Setting next_dagrun for dbt_docs_generate_and_publish to 2026-07-26 02:00:00+00:00, run_after=2026-07-27 02:00:00+00:00
[2026-07-26T13:05:58.851+0000] {processor.py:208} INFO - Processing /opt/airflow/dags/dbt_docs_pipeline.py took 0.108 seconds
[2026-07-26T13:06:29.044+0000] {processor.py:186} INFO - Started process (PID=3346) to work on /opt/airflow/dags/dbt_docs_pipeline.py
[2026-07-26T13:06:29.045+0000] {processor.py:914} INFO - Processing file /opt/airflow/dags/dbt_docs_pipeline.py for tasks to queue
[2026-07-26T13:06:29.047+0000] {logging_mixin.py:190} INFO - [2026-07-26T13:06:29.046+0000] {dagbag.py:588} INFO - Filling up the DagBag from /opt/airflow/dags/dbt_docs_pipeline.py
[2026-07-26T13:06:29.074+0000] {processor.py:925} INFO - DAG(s) 'dbt_docs_generate_and_publish' retrieved from /opt/airflow/dags/dbt_docs_pipeline.py
[2026-07-26T13:06:29.105+0000] {logging_mixin.py:190} INFO - [2026-07-26T13:06:29.105+0000] {dag.py:3239} INFO - Sync 1 DAGs
[2026-07-26T13:06:29.129+0000] {logging_mixin.py:190} INFO - [2026-07-26T13:06:29.129+0000] {dag.py:4180} INFO - Setting next_dagrun for dbt_docs_generate_and_publish to 2026-07-26 02:00:00+00:00, run_after=2026-07-27 02:00:00+00:00
[2026-07-26T13:06:29.151+0000] {processor.py:208} INFO - Processing /opt/airflow/dags/dbt_docs_pipeline.py took 0.113 seconds
[2026-07-26T13:06:59.415+0000] {processor.py:186} INFO - Started process (PID=3439) to work on /opt/airflow/dags/dbt_docs_pipeline.py
[2026-07-26T13:06:59.416+0000] {processor.py:914} INFO - Processing file /opt/airflow/dags/dbt_docs_pipeline.py for tasks to queue
[2026-07-26T13:06:59.417+0000] {logging_mixin.py:190} INFO - [2026-07-26T13:06:59.417+0000] {dagbag.py:588} INFO - Filling up the DagBag from /opt/airflow/dags/dbt_docs_pipeline.py
[2026-07-26T13:06:59.440+0000] {processor.py:925} INFO - DAG(s) 'dbt_docs_generate_and_publish' retrieved from /opt/airflow/dags/dbt_docs_pipeline.py
[2026-07-26T13:06:59.462+0000] {logging_mixin.py:190} INFO - [2026-07-26T13:06:59.462+0000] {dag.py:3239} INFO - Sync 1 DAGs
[2026-07-26T13:06:59.487+0000] {logging_mixin.py:190} INFO - [2026-07-26T13:06:59.487+0000] {dag.py:4180} INFO - Setting next_dagrun for dbt_docs_generate_and_publish to 2026-07-26 02:00:00+00:00, run_after=2026-07-27 02:00:00+00:00
[2026-07-26T13:06:59.506+0000] {processor.py:208} INFO - Processing /opt/airflow/dags/dbt_docs_pipeline.py took 0.097 seconds
[2026-07-26T13:07:30.219+0000] {processor.py:186} INFO - Started process (PID=3527) to work on /opt/airflow/dags/dbt_docs_pipeline.py
[2026-07-26T13:07:30.221+0000] {processor.py:914} INFO - Processing file /opt/airflow/dags/dbt_docs_pipeline.py for tasks to queue
[2026-07-26T13:07:30.222+0000] {logging_mixin.py:190} INFO - [2026-07-26T13:07:30.222+0000] {dagbag.py:588} INFO - Filling up the DagBag from /opt/airflow/dags/dbt_docs_pipeline.py
[2026-07-26T13:07:30.250+0000] {processor.py:925} INFO - DAG(s) 'dbt_docs_generate_and_publish' retrieved from /opt/airflow/dags/dbt_docs_pipeline.py
[2026-07-26T13:07:30.276+0000] {logging_mixin.py:190} INFO - [2026-07-26T13:07:30.276+0000] {dag.py:3239} INFO - Sync 1 DAGs
[2026-07-26T13:07:30.303+0000] {logging_mixin.py:190} INFO - [2026-07-26T13:07:30.303+0000] {dag.py:4180} INFO - Setting next_dagrun for dbt_docs_generate_and_publish to 2026-07-26 02:00:00+00:00, run_after=2026-07-27 02:00:00+00:00
[2026-07-26T13:07:30.326+0000] {processor.py:208} INFO - Processing /opt/airflow/dags/dbt_docs_pipeline.py took 0.112 seconds
[2026-07-26T13:08:00.507+0000] {processor.py:186} INFO - Started process (PID=3620) to work on /opt/airflow/dags/dbt_docs_pipeline.py
[2026-07-26T13:08:00.509+0000] {processor.py:914} INFO - Processing file /opt/airflow/dags/dbt_docs_pipeline.py for tasks to queue
[2026-07-26T13:08:00.510+0000] {logging_mixin.py:190} INFO - [2026-07-26T13:08:00.510+0000] {dagbag.py:588} INFO - Filling up the DagBag from /opt/airflow/dags/dbt_docs_pipeline.py
[2026-07-26T13:08:00.540+0000] {processor.py:925} INFO - DAG(s) 'dbt_docs_generate_and_publish' retrieved from /opt/airflow/dags/dbt_docs_pipeline.py
[2026-07-26T13:08:00.567+0000] {logging_mixin.py:190} INFO - [2026-07-26T13:08:00.566+0000] {dag.py:3239} INFO - Sync 1 DAGs
[2026-07-26T13:08:00.591+0000] {logging_mixin.py:190} INFO - [2026-07-26T13:08:00.591+0000] {dag.py:4180} INFO - Setting next_dagrun for dbt_docs_generate_and_publish to 2026-07-26 02:00:00+00:00, run_after=2026-07-27 02:00:00+00:00
[2026-07-26T13:08:00.614+0000] {processor.py:208} INFO - Processing /opt/airflow/dags/dbt_docs_pipeline.py took 0.112 seconds
[2026-07-26T13:08:30.781+0000] {processor.py:186} INFO - Started process (PID=3713) to work on /opt/airflow/dags/dbt_docs_pipeline.py
[2026-07-26T13:08:30.782+0000] {processor.py:914} INFO - Processing file /opt/airflow/dags/dbt_docs_pipeline.py for tasks to queue
[2026-07-26T13:08:30.784+0000] {logging_mixin.py:190} INFO - [2026-07-26T13:08:30.783+0000] {dagbag.py:588} INFO - Filling up the DagBag from /opt/airflow/dags/dbt_docs_pipeline.py
[2026-07-26T13:08:30.811+0000] {processor.py:925} INFO - DAG(s) 'dbt_docs_generate_and_publish' retrieved from /opt/airflow/dags/dbt_docs_pipeline.py
[2026-07-26T13:08:30.841+0000] {logging_mixin.py:190} INFO - [2026-07-26T13:08:30.841+0000] {dag.py:3239} INFO - Sync 1 DAGs
[2026-07-26T13:08:30.865+0000] {logging_mixin.py:190} INFO - [2026-07-26T13:08:30.865+0000] {dag.py:4180} INFO - Setting next_dagrun for dbt_docs_generate_and_publish to 2026-07-26 02:00:00+00:00, run_after=2026-07-27 02:00:00+00:00
[2026-07-26T13:08:30.889+0000] {processor.py:208} INFO - Processing /opt/airflow/dags/dbt_docs_pipeline.py took 0.114 seconds
[2026-07-26T13:09:01.434+0000] {processor.py:186} INFO - Started process (PID=3806) to work on /opt/airflow/dags/dbt_docs_pipeline.py
[2026-07-26T13:09:01.435+0000] {processor.py:914} INFO - Processing file /opt/airflow/dags/dbt_docs_pipeline.py for tasks to queue
[2026-07-26T13:09:01.436+0000] {logging_mixin.py:190} INFO - [2026-07-26T13:09:01.436+0000] {dagbag.py:588} INFO - Filling up the DagBag from /opt/airflow/dags/dbt_docs_pipeline.py
[2026-07-26T13:09:01.460+0000] {processor.py:925} INFO - DAG(s) 'dbt_docs_generate_and_publish' retrieved from /opt/airflow/dags/dbt_docs_pipeline.py
[2026-07-26T13:09:01.482+0000] {logging_mixin.py:190} INFO - [2026-07-26T13:09:01.482+0000] {dag.py:3239} INFO - Sync 1 DAGs
[2026-07-26T13:09:01.504+0000] {logging_mixin.py:190} INFO - [2026-07-26T13:09:01.504+0000] {dag.py:4180} INFO - Setting next_dagrun for dbt_docs_generate_and_publish to 2026-07-26 02:00:00+00:00, run_after=2026-07-27 02:00:00+00:00
[2026-07-26T13:09:01.522+0000] {processor.py:208} INFO - Processing /opt/airflow/dags/dbt_docs_pipeline.py took 0.094 seconds
[2026-07-26T13:09:31.671+0000] {processor.py:186} INFO - Started process (PID=3894) to work on /opt/airflow/dags/dbt_docs_pipeline.py
[2026-07-26T13:09:31.672+0000] {processor.py:914} INFO - Processing file /opt/airflow/dags/dbt_docs_pipeline.py for tasks to queue
[2026-07-26T13:09:31.673+0000] {logging_mixin.py:190} INFO - [2026-07-26T13:09:31.672+0000] {dagbag.py:588} INFO - Filling up the DagBag from /opt/airflow/dags/dbt_docs_pipeline.py
[2026-07-26T13:09:31.698+0000] {processor.py:925} INFO - DAG(s) 'dbt_docs_generate_and_publish' retrieved from /opt/airflow/dags/dbt_docs_pipeline.py
[2026-07-26T13:09:31.722+0000] {logging_mixin.py:190} INFO - [2026-07-26T13:09:31.722+0000] {dag.py:3239} INFO - Sync 1 DAGs
[2026-07-26T13:09:31.747+0000] {logging_mixin.py:190} INFO - [2026-07-26T13:09:31.746+0000] {dag.py:4180} INFO - Setting next_dagrun for dbt_docs_generate_and_publish to 2026-07-26 02:00:00+00:00, run_after=2026-07-27 02:00:00+00:00
[2026-07-26T13:09:31.767+0000] {processor.py:208} INFO - Processing /opt/airflow/dags/dbt_docs_pipeline.py took 0.102 seconds
[2026-07-26T13:20:33.635+0000] {processor.py:186} INFO - Started process (PID=3917) to work on /opt/airflow/dags/dbt_docs_pipeline.py
[2026-07-26T13:20:33.638+0000] {processor.py:914} INFO - Processing file /opt/airflow/dags/dbt_docs_pipeline.py for tasks to queue
[2026-07-26T13:20:33.643+0000] {logging_mixin.py:190} INFO - [2026-07-26T13:20:33.643+0000] {dagbag.py:588} INFO - Filling up the DagBag from /opt/airflow/dags/dbt_docs_pipeline.py
[2026-07-26T13:20:33.692+0000] {processor.py:925} INFO - DAG(s) 'dbt_docs_generate_and_publish' retrieved from /opt/airflow/dags/dbt_docs_pipeline.py
[2026-07-26T13:20:33.742+0000] {logging_mixin.py:190} INFO - [2026-07-26T13:20:33.740+0000] {dag.py:3239} INFO - Sync 1 DAGs
[2026-07-26T13:20:33.806+0000] {logging_mixin.py:190} INFO - [2026-07-26T13:20:33.806+0000] {dag.py:4180} INFO - Setting next_dagrun for dbt_docs_generate_and_publish to 2026-07-26 02:00:00+00:00, run_after=2026-07-27 02:00:00+00:00
[2026-07-26T13:20:33.847+0000] {processor.py:208} INFO - Processing /opt/airflow/dags/dbt_docs_pipeline.py took 0.222 seconds
[2026-07-26T13:21:04.083+0000] {processor.py:186} INFO - Started process (PID=4005) to work on /opt/airflow/dags/dbt_docs_pipeline.py
[2026-07-26T13:21:04.085+0000] {processor.py:914} INFO - Processing file /opt/airflow/dags/dbt_docs_pipeline.py for tasks to queue
[2026-07-26T13:21:04.086+0000] {logging_mixin.py:190} INFO - [2026-07-26T13:21:04.086+0000] {dagbag.py:588} INFO - Filling up the DagBag from /opt/airflow/dags/dbt_docs_pipeline.py
[2026-07-26T13:21:04.115+0000] {processor.py:925} INFO - DAG(s) 'dbt_docs_generate_and_publish' retrieved from /opt/airflow/dags/dbt_docs_pipeline.py
[2026-07-26T13:21:04.142+0000] {logging_mixin.py:190} INFO - [2026-07-26T13:21:04.142+0000] {dag.py:3239} INFO - Sync 1 DAGs
[2026-07-26T13:21:04.168+0000] {logging_mixin.py:190} INFO - [2026-07-26T13:21:04.168+0000] {dag.py:4180} INFO - Setting next_dagrun for dbt_docs_generate_and_publish to 2026-07-26 02:00:00+00:00, run_after=2026-07-27 02:00:00+00:00
[2026-07-26T13:21:04.191+0000] {processor.py:208} INFO - Processing /opt/airflow/dags/dbt_docs_pipeline.py took 0.113 seconds
[2026-07-26T13:44:53.767+0000] {processor.py:186} INFO - Started process (PID=170) to work on /opt/airflow/dags/dbt_docs_pipeline.py
[2026-07-26T13:44:53.769+0000] {processor.py:914} INFO - Processing file /opt/airflow/dags/dbt_docs_pipeline.py for tasks to queue
[2026-07-26T13:44:53.776+0000] {logging_mixin.py:190} INFO - [2026-07-26T13:44:53.775+0000] {dagbag.py:588} INFO - Filling up the DagBag from /opt/airflow/dags/dbt_docs_pipeline.py
[2026-07-26T13:44:53.816+0000] {processor.py:925} INFO - DAG(s) 'dbt_docs_generate_and_publish' retrieved from /opt/airflow/dags/dbt_docs_pipeline.py
[2026-07-26T13:44:53.877+0000] {logging_mixin.py:190} INFO - [2026-07-26T13:44:53.877+0000] {dag.py:3239} INFO - Sync 1 DAGs
[2026-07-26T13:44:53.927+0000] {logging_mixin.py:190} INFO - [2026-07-26T13:44:53.927+0000] {dag.py:4180} INFO - Setting next_dagrun for dbt_docs_generate_and_publish to 2026-07-26 02:00:00+00:00, run_after=2026-07-27 02:00:00+00:00
[2026-07-26T13:44:53.963+0000] {processor.py:208} INFO - Processing /opt/airflow/dags/dbt_docs_pipeline.py took 0.207 seconds
[2026-07-26T13:45:24.385+0000] {processor.py:186} INFO - Started process (PID=265) to work on /opt/airflow/dags/dbt_docs_pipeline.py
[2026-07-26T13:45:24.386+0000] {processor.py:914} INFO - Processing file /opt/airflow/dags/dbt_docs_pipeline.py for tasks to queue
[2026-07-26T13:45:24.389+0000] {logging_mixin.py:190} INFO - [2026-07-26T13:45:24.388+0000] {dagbag.py:588} INFO - Filling up the DagBag from /opt/airflow/dags/dbt_docs_pipeline.py
[2026-07-26T13:45:24.415+0000] {processor.py:925} INFO - DAG(s) 'dbt_docs_generate_and_publish' retrieved from /opt/airflow/dags/dbt_docs_pipeline.py
[2026-07-26T13:45:24.438+0000] {logging_mixin.py:190} INFO - [2026-07-26T13:45:24.438+0000] {dag.py:3239} INFO - Sync 1 DAGs
[2026-07-26T13:45:24.461+0000] {logging_mixin.py:190} INFO - [2026-07-26T13:45:24.460+0000] {dag.py:4180} INFO - Setting next_dagrun for dbt_docs_generate_and_publish to 2026-07-26 02:00:00+00:00, run_after=2026-07-27 02:00:00+00:00
[2026-07-26T13:45:24.481+0000] {processor.py:208} INFO - Processing /opt/airflow/dags/dbt_docs_pipeline.py took 0.102 seconds
[2026-07-26T13:45:54.647+0000] {processor.py:186} INFO - Started process (PID=353) to work on /opt/airflow/dags/dbt_docs_pipeline.py
[2026-07-26T13:45:54.648+0000] {processor.py:914} INFO - Processing file /opt/airflow/dags/dbt_docs_pipeline.py for tasks to queue
[2026-07-26T13:45:54.649+0000] {logging_mixin.py:190} INFO - [2026-07-26T13:45:54.649+0000] {dagbag.py:588} INFO - Filling up the DagBag from /opt/airflow/dags/dbt_docs_pipeline.py
[2026-07-26T13:45:54.677+0000] {processor.py:925} INFO - DAG(s) 'dbt_docs_generate_and_publish' retrieved from /opt/airflow/dags/dbt_docs_pipeline.py
[2026-07-26T13:45:54.699+0000] {logging_mixin.py:190} INFO - [2026-07-26T13:45:54.698+0000] {dag.py:3239} INFO - Sync 1 DAGs
[2026-07-26T13:45:54.720+0000] {logging_mixin.py:190} INFO - [2026-07-26T13:45:54.720+0000] {dag.py:4180} INFO - Setting next_dagrun for dbt_docs_generate_and_publish to 2026-07-26 02:00:00+00:00, run_after=2026-07-27 02:00:00+00:00
[2026-07-26T13:45:54.738+0000] {processor.py:208} INFO - Processing /opt/airflow/dags/dbt_docs_pipeline.py took 0.096 seconds
[2026-07-26T13:46:25.375+0000] {processor.py:186} INFO - Started process (PID=444) to work on /opt/airflow/dags/dbt_docs_pipeline.py
[2026-07-26T13:46:25.376+0000] {processor.py:914} INFO - Processing file /opt/airflow/dags/dbt_docs_pipeline.py for tasks to queue
[2026-07-26T13:46:25.378+0000] {logging_mixin.py:190} INFO - [2026-07-26T13:46:25.377+0000] {dagbag.py:588} INFO - Filling up the DagBag from /opt/airflow/dags/dbt_docs_pipeline.py
[2026-07-26T13:46:25.406+0000] {processor.py:925} INFO - DAG(s) 'dbt_docs_generate_and_publish' retrieved from /opt/airflow/dags/dbt_docs_pipeline.py
[2026-07-26T13:46:25.428+0000] {logging_mixin.py:190} INFO - [2026-07-26T13:46:25.428+0000] {dag.py:3239} INFO - Sync 1 DAGs
[2026-07-26T13:46:25.450+0000] {logging_mixin.py:190} INFO - [2026-07-26T13:46:25.450+0000] {dag.py:4180} INFO - Setting next_dagrun for dbt_docs_generate_and_publish to 2026-07-26 02:00:00+00:00, run_after=2026-07-27 02:00:00+00:00
[2026-07-26T13:46:25.471+0000] {processor.py:208} INFO - Processing /opt/airflow/dags/dbt_docs_pipeline.py took 0.102 seconds
[2026-07-26T13:46:55.961+0000] {processor.py:186} INFO - Started process (PID=534) to work on /opt/airflow/dags/dbt_docs_pipeline.py
[2026-07-26T13:46:55.962+0000] {processor.py:914} INFO - Processing file /opt/airflow/dags/dbt_docs_pipeline.py for tasks to queue
[2026-07-26T13:46:55.963+0000] {logging_mixin.py:190} INFO - [2026-07-26T13:46:55.963+0000] {dagbag.py:588} INFO - Filling up the DagBag from /opt/airflow/dags/dbt_docs_pipeline.py
[2026-07-26T13:46:55.995+0000] {processor.py:925} INFO - DAG(s) 'dbt_docs_generate_and_publish' retrieved from /opt/airflow/dags/dbt_docs_pipeline.py
[2026-07-26T13:46:56.018+0000] {logging_mixin.py:190} INFO - [2026-07-26T13:46:56.018+0000] {dag.py:3239} INFO - Sync 1 DAGs
[2026-07-26T13:46:56.039+0000] {logging_mixin.py:190} INFO - [2026-07-26T13:46:56.039+0000] {dag.py:4180} INFO - Setting next_dagrun for dbt_docs_generate_and_publish to 2026-07-26 02:00:00+00:00, run_after=2026-07-27 02:00:00+00:00
[2026-07-26T13:46:56.060+0000] {processor.py:208} INFO - Processing /opt/airflow/dags/dbt_docs_pipeline.py took 0.104 seconds
[2026-07-26T13:47:26.285+0000] {processor.py:186} INFO - Started process (PID=620) to work on /opt/airflow/dags/dbt_docs_pipeline.py
[2026-07-26T13:47:26.286+0000] {processor.py:914} INFO - Processing file /opt/airflow/dags/dbt_docs_pipeline.py for tasks to queue
[2026-07-26T13:47:26.287+0000] {logging_mixin.py:190} INFO - [2026-07-26T13:47:26.287+0000] {dagbag.py:588} INFO - Filling up the DagBag from /opt/airflow/dags/dbt_docs_pipeline.py
[2026-07-26T13:47:26.312+0000] {processor.py:925} INFO - DAG(s) 'dbt_docs_generate_and_publish' retrieved from /opt/airflow/dags/dbt_docs_pipeline.py
[2026-07-26T13:47:26.337+0000] {logging_mixin.py:190} INFO - [2026-07-26T13:47:26.337+0000] {dag.py:3239} INFO - Sync 1 DAGs
[2026-07-26T13:47:26.362+0000] {logging_mixin.py:190} INFO - [2026-07-26T13:47:26.361+0000] {dag.py:4180} INFO - Setting next_dagrun for dbt_docs_generate_and_publish to 2026-07-26 02:00:00+00:00, run_after=2026-07-27 02:00:00+00:00
[2026-07-26T13:47:26.382+0000] {processor.py:208} INFO - Processing /opt/airflow/dags/dbt_docs_pipeline.py took 0.102 seconds
[2026-07-26T13:47:56.456+0000] {processor.py:186} INFO - Started process (PID=713) to work on /opt/airflow/dags/dbt_docs_pipeline.py
[2026-07-26T13:47:56.457+0000] {processor.py:914} INFO - Processing file /opt/airflow/dags/dbt_docs_pipeline.py for tasks to queue
[2026-07-26T13:47:56.458+0000] {logging_mixin.py:190} INFO - [2026-07-26T13:47:56.458+0000] {dagbag.py:588} INFO - Filling up the DagBag from /opt/airflow/dags/dbt_docs_pipeline.py
[2026-07-26T13:47:56.485+0000] {processor.py:925} INFO - DAG(s) 'dbt_docs_generate_and_publish' retrieved from /opt/airflow/dags/dbt_docs_pipeline.py
[2026-07-26T13:47:56.510+0000] {logging_mixin.py:190} INFO - [2026-07-26T13:47:56.510+0000] {dag.py:3239} INFO - Sync 1 DAGs
[2026-07-26T13:47:56.535+0000] {logging_mixin.py:190} INFO - [2026-07-26T13:47:56.535+0000] {dag.py:4180} INFO - Setting next_dagrun for dbt_docs_generate_and_publish to 2026-07-26 02:00:00+00:00, run_after=2026-07-27 02:00:00+00:00
[2026-07-26T13:47:56.555+0000] {processor.py:208} INFO - Processing /opt/airflow/dags/dbt_docs_pipeline.py took 0.105 seconds
[2026-07-26T13:48:27.146+0000] {processor.py:186} INFO - Started process (PID=806) to work on /opt/airflow/dags/dbt_docs_pipeline.py
[2026-07-26T13:48:27.146+0000] {processor.py:914} INFO - Processing file /opt/airflow/dags/dbt_docs_pipeline.py for tasks to queue
[2026-07-26T13:48:27.148+0000] {logging_mixin.py:190} INFO - [2026-07-26T13:48:27.147+0000] {dagbag.py:588} INFO - Filling up the DagBag from /opt/airflow/dags/dbt_docs_pipeline.py
[2026-07-26T13:48:27.175+0000] {processor.py:925} INFO - DAG(s) 'dbt_docs_generate_and_publish' retrieved from /opt/airflow/dags/dbt_docs_pipeline.py
[2026-07-26T13:48:27.197+0000] {logging_mixin.py:190} INFO - [2026-07-26T13:48:27.197+0000] {dag.py:3239} INFO - Sync 1 DAGs
[2026-07-26T13:48:27.218+0000] {logging_mixin.py:190} INFO - [2026-07-26T13:48:27.218+0000] {dag.py:4180} INFO - Setting next_dagrun for dbt_docs_generate_and_publish to 2026-07-26 02:00:00+00:00, run_after=2026-07-27 02:00:00+00:00
[2026-07-26T13:48:27.236+0000] {processor.py:208} INFO - Processing /opt/airflow/dags/dbt_docs_pipeline.py took 0.095 seconds
[2026-07-26T13:48:57.399+0000] {processor.py:186} INFO - Started process (PID=896) to work on /opt/airflow/dags/dbt_docs_pipeline.py
[2026-07-26T13:48:57.400+0000] {processor.py:914} INFO - Processing file /opt/airflow/dags/dbt_docs_pipeline.py for tasks to queue
[2026-07-26T13:48:57.402+0000] {logging_mixin.py:190} INFO - [2026-07-26T13:48:57.401+0000] {dagbag.py:588} INFO - Filling up the DagBag from /opt/airflow/dags/dbt_docs_pipeline.py
[2026-07-26T13:48:57.428+0000] {processor.py:925} INFO - DAG(s) 'dbt_docs_generate_and_publish' retrieved from /opt/airflow/dags/dbt_docs_pipeline.py
[2026-07-26T13:48:57.451+0000] {logging_mixin.py:190} INFO - [2026-07-26T13:48:57.451+0000] {dag.py:3239} INFO - Sync 1 DAGs
[2026-07-26T13:48:57.472+0000] {logging_mixin.py:190} INFO - [2026-07-26T13:48:57.471+0000] {dag.py:4180} INFO - Setting next_dagrun for dbt_docs_generate_and_publish to 2026-07-26 02:00:00+00:00, run_after=2026-07-27 02:00:00+00:00
[2026-07-26T13:48:57.490+0000] {processor.py:208} INFO - Processing /opt/airflow/dags/dbt_docs_pipeline.py took 0.098 seconds
[2026-07-26T13:49:27.745+0000] {processor.py:186} INFO - Started process (PID=987) to work on /opt/airflow/dags/dbt_docs_pipeline.py
[2026-07-26T13:49:27.748+0000] {processor.py:914} INFO - Processing file /opt/airflow/dags/dbt_docs_pipeline.py for tasks to queue
[2026-07-26T13:49:27.750+0000] {logging_mixin.py:190} INFO - [2026-07-26T13:49:27.749+0000] {dagbag.py:588} INFO - Filling up the DagBag from /opt/airflow/dags/dbt_docs_pipeline.py
[2026-07-26T13:49:27.780+0000] {processor.py:925} INFO - DAG(s) 'dbt_docs_generate_and_publish' retrieved from /opt/airflow/dags/dbt_docs_pipeline.py
[2026-07-26T13:49:27.808+0000] {logging_mixin.py:190} INFO - [2026-07-26T13:49:27.807+0000] {dag.py:3239} INFO - Sync 1 DAGs
[2026-07-26T13:49:27.833+0000] {logging_mixin.py:190} INFO - [2026-07-26T13:49:27.832+0000] {dag.py:4180} INFO - Setting next_dagrun for dbt_docs_generate_and_publish to 2026-07-26 02:00:00+00:00, run_after=2026-07-27 02:00:00+00:00
[2026-07-26T13:49:27.852+0000] {processor.py:208} INFO - Processing /opt/airflow/dags/dbt_docs_pipeline.py took 0.113 seconds
[2026-07-26T14:12:18.751+0000] {processor.py:186} INFO - Started process (PID=170) to work on /opt/airflow/dags/dbt_docs_pipeline.py
[2026-07-26T14:12:18.753+0000] {processor.py:914} INFO - Processing file /opt/airflow/dags/dbt_docs_pipeline.py for tasks to queue
[2026-07-26T14:12:18.758+0000] {logging_mixin.py:190} INFO - [2026-07-26T14:12:18.757+0000] {dagbag.py:588} INFO - Filling up the DagBag from /opt/airflow/dags/dbt_docs_pipeline.py
[2026-07-26T14:12:18.792+0000] {processor.py:925} INFO - DAG(s) 'dbt_docs_generate_and_publish' retrieved from /opt/airflow/dags/dbt_docs_pipeline.py
[2026-07-26T14:12:18.836+0000] {logging_mixin.py:190} INFO - [2026-07-26T14:12:18.836+0000] {dag.py:3239} INFO - Sync 1 DAGs
[2026-07-26T14:12:18.879+0000] {logging_mixin.py:190} INFO - [2026-07-26T14:12:18.879+0000] {dag.py:4180} INFO - Setting next_dagrun for dbt_docs_generate_and_publish to 2026-07-26 02:00:00+00:00, run_after=2026-07-27 02:00:00+00:00
[2026-07-26T14:12:18.912+0000] {processor.py:208} INFO - Processing /opt/airflow/dags/dbt_docs_pipeline.py took 0.168 seconds
[2026-07-26T14:12:49.172+0000] {processor.py:186} INFO - Started process (PID=263) to work on /opt/airflow/dags/dbt_docs_pipeline.py
[2026-07-26T14:12:49.173+0000] {processor.py:914} INFO - Processing file /opt/airflow/dags/dbt_docs_pipeline.py for tasks to queue
[2026-07-26T14:12:49.175+0000] {logging_mixin.py:190} INFO - [2026-07-26T14:12:49.175+0000] {dagbag.py:588} INFO - Filling up the DagBag from /opt/airflow/dags/dbt_docs_pipeline.py
[2026-07-26T14:12:49.202+0000] {processor.py:925} INFO - DAG(s) 'dbt_docs_generate_and_publish' retrieved from /opt/airflow/dags/dbt_docs_pipeline.py
[2026-07-26T14:12:49.232+0000] {logging_mixin.py:190} INFO - [2026-07-26T14:12:49.232+0000] {dag.py:3239} INFO - Sync 1 DAGs
[2026-07-26T14:12:49.257+0000] {logging_mixin.py:190} INFO - [2026-07-26T14:12:49.257+0000] {dag.py:4180} INFO - Setting next_dagrun for dbt_docs_generate_and_publish to 2026-07-26 02:00:00+00:00, run_after=2026-07-27 02:00:00+00:00
[2026-07-26T14:12:49.278+0000] {processor.py:208} INFO - Processing /opt/airflow/dags/dbt_docs_pipeline.py took 0.111 seconds
[2026-07-26T14:13:19.687+0000] {processor.py:186} INFO - Started process (PID=356) to work on /opt/airflow/dags/dbt_docs_pipeline.py
[2026-07-26T14:13:19.688+0000] {processor.py:914} INFO - Processing file /opt/airflow/dags/dbt_docs_pipeline.py for tasks to queue
[2026-07-26T14:13:19.691+0000] {logging_mixin.py:190} INFO - [2026-07-26T14:13:19.691+0000] {dagbag.py:588} INFO - Filling up the DagBag from /opt/airflow/dags/dbt_docs_pipeline.py
[2026-07-26T14:13:19.719+0000] {processor.py:925} INFO - DAG(s) 'dbt_docs_generate_and_publish' retrieved from /opt/airflow/dags/dbt_docs_pipeline.py
[2026-07-26T14:13:19.753+0000] {logging_mixin.py:190} INFO - [2026-07-26T14:13:19.753+0000] {dag.py:3239} INFO - Sync 1 DAGs
[2026-07-26T14:13:19.782+0000] {logging_mixin.py:190} INFO - [2026-07-26T14:13:19.782+0000] {dag.py:4180} INFO - Setting next_dagrun for dbt_docs_generate_and_publish to 2026-07-26 02:00:00+00:00, run_after=2026-07-27 02:00:00+00:00
[2026-07-26T14:13:19.808+0000] {processor.py:208} INFO - Processing /opt/airflow/dags/dbt_docs_pipeline.py took 0.128 seconds
[2026-07-26T14:13:50.391+0000] {processor.py:186} INFO - Started process (PID=449) to work on /opt/airflow/dags/dbt_docs_pipeline.py
[2026-07-26T14:13:50.392+0000] {processor.py:914} INFO - Processing file /opt/airflow/dags/dbt_docs_pipeline.py for tasks to queue
[2026-07-26T14:13:50.393+0000] {logging_mixin.py:190} INFO - [2026-07-26T14:13:50.393+0000] {dagbag.py:588} INFO - Filling up the DagBag from /opt/airflow/dags/dbt_docs_pipeline.py
[2026-07-26T14:13:50.418+0000] {processor.py:925} INFO - DAG(s) 'dbt_docs_generate_and_publish' retrieved from /opt/airflow/dags/dbt_docs_pipeline.py
[2026-07-26T14:13:50.439+0000] {logging_mixin.py:190} INFO - [2026-07-26T14:13:50.439+0000] {dag.py:3239} INFO - Sync 1 DAGs
[2026-07-26T14:13:50.459+0000] {logging_mixin.py:190} INFO - [2026-07-26T14:13:50.459+0000] {dag.py:4180} INFO - Setting next_dagrun for dbt_docs_generate_and_publish to 2026-07-26 02:00:00+00:00, run_after=2026-07-27 02:00:00+00:00
[2026-07-26T14:13:50.474+0000] {processor.py:208} INFO - Processing /opt/airflow/dags/dbt_docs_pipeline.py took 0.089 seconds
[2026-07-26T14:14:20.929+0000] {processor.py:186} INFO - Started process (PID=537) to work on /opt/airflow/dags/dbt_docs_pipeline.py
[2026-07-26T14:14:20.930+0000] {processor.py:914} INFO - Processing file /opt/airflow/dags/dbt_docs_pipeline.py for tasks to queue
[2026-07-26T14:14:20.933+0000] {logging_mixin.py:190} INFO - [2026-07-26T14:14:20.933+0000] {dagbag.py:588} INFO - Filling up the DagBag from /opt/airflow/dags/dbt_docs_pipeline.py
[2026-07-26T14:14:20.961+0000] {processor.py:925} INFO - DAG(s) 'dbt_docs_generate_and_publish' retrieved from /opt/airflow/dags/dbt_docs_pipeline.py
[2026-07-26T14:14:20.988+0000] {logging_mixin.py:190} INFO - [2026-07-26T14:14:20.988+0000] {dag.py:3239} INFO - Sync 1 DAGs
[2026-07-26T14:14:21.016+0000] {logging_mixin.py:190} INFO - [2026-07-26T14:14:21.016+0000] {dag.py:4180} INFO - Setting next_dagrun for dbt_docs_generate_and_publish to 2026-07-26 02:00:00+00:00, run_after=2026-07-27 02:00:00+00:00
[2026-07-26T14:14:21.038+0000] {processor.py:208} INFO - Processing /opt/airflow/dags/dbt_docs_pipeline.py took 0.115 seconds
[2026-07-26T14:14:51.518+0000] {processor.py:186} INFO - Started process (PID=630) to work on /opt/airflow/dags/dbt_docs_pipeline.py
[2026-07-26T14:14:51.520+0000] {processor.py:914} INFO - Processing file /opt/airflow/dags/dbt_docs_pipeline.py for tasks to queue
[2026-07-26T14:14:51.523+0000] {logging_mixin.py:190} INFO - [2026-07-26T14:14:51.523+0000] {dagbag.py:588} INFO - Filling up the DagBag from /opt/airflow/dags/dbt_docs_pipeline.py
[2026-07-26T14:14:51.551+0000] {processor.py:925} INFO - DAG(s) 'dbt_docs_generate_and_publish' retrieved from /opt/airflow/dags/dbt_docs_pipeline.py
[2026-07-26T14:14:51.578+0000] {logging_mixin.py:190} INFO - [2026-07-26T14:14:51.577+0000] {dag.py:3239} INFO - Sync 1 DAGs
[2026-07-26T14:14:51.605+0000] {logging_mixin.py:190} INFO - [2026-07-26T14:14:51.605+0000] {dag.py:4180} INFO - Setting next_dagrun for dbt_docs_generate_and_publish to 2026-07-26 02:00:00+00:00, run_after=2026-07-27 02:00:00+00:00
[2026-07-26T14:14:51.627+0000] {processor.py:208} INFO - Processing /opt/airflow/dags/dbt_docs_pipeline.py took 0.118 seconds
[2026-07-26T14:15:22.229+0000] {processor.py:186} INFO - Started process (PID=729) to work on /opt/airflow/dags/dbt_docs_pipeline.py
[2026-07-26T14:15:22.230+0000] {processor.py:914} INFO - Processing file /opt/airflow/dags/dbt_docs_pipeline.py for tasks to queue
[2026-07-26T14:15:22.232+0000] {logging_mixin.py:190} INFO - [2026-07-26T14:15:22.232+0000] {dagbag.py:588} INFO - Filling up the DagBag from /opt/airflow/dags/dbt_docs_pipeline.py
[2026-07-26T14:15:22.257+0000] {processor.py:925} INFO - DAG(s) 'dbt_docs_generate_and_publish' retrieved from /opt/airflow/dags/dbt_docs_pipeline.py
[2026-07-26T14:15:22.280+0000] {logging_mixin.py:190} INFO - [2026-07-26T14:15:22.280+0000] {dag.py:3239} INFO - Sync 1 DAGs
[2026-07-26T14:15:22.304+0000] {logging_mixin.py:190} INFO - [2026-07-26T14:15:22.303+0000] {dag.py:4180} INFO - Setting next_dagrun for dbt_docs_generate_and_publish to 2026-07-26 02:00:00+00:00, run_after=2026-07-27 02:00:00+00:00
[2026-07-26T14:15:22.322+0000] {processor.py:208} INFO - Processing /opt/airflow/dags/dbt_docs_pipeline.py took 0.099 seconds
[2026-07-26T14:15:52.709+0000] {processor.py:186} INFO - Started process (PID=817) to work on /opt/airflow/dags/dbt_docs_pipeline.py
[2026-07-26T14:15:52.710+0000] {processor.py:914} INFO - Processing file /opt/airflow/dags/dbt_docs_pipeline.py for tasks to queue
[2026-07-26T14:15:52.713+0000] {logging_mixin.py:190} INFO - [2026-07-26T14:15:52.713+0000] {dagbag.py:588} INFO - Filling up the DagBag from /opt/airflow/dags/dbt_docs_pipeline.py
[2026-07-26T14:15:52.746+0000] {processor.py:925} INFO - DAG(s) 'dbt_docs_generate_and_publish' retrieved from /opt/airflow/dags/dbt_docs_pipeline.py
[2026-07-26T14:15:52.777+0000] {logging_mixin.py:190} INFO - [2026-07-26T14:15:52.777+0000] {dag.py:3239} INFO - Sync 1 DAGs
[2026-07-26T14:15:52.802+0000] {logging_mixin.py:190} INFO - [2026-07-26T14:15:52.802+0000] {dag.py:4180} INFO - Setting next_dagrun for dbt_docs_generate_and_publish to 2026-07-26 02:00:00+00:00, run_after=2026-07-27 02:00:00+00:00
[2026-07-26T14:15:52.825+0000] {processor.py:208} INFO - Processing /opt/airflow/dags/dbt_docs_pipeline.py took 0.124 seconds
[2026-07-26T14:16:23.023+0000] {processor.py:186} INFO - Started process (PID=910) to work on /opt/airflow/dags/dbt_docs_pipeline.py
[2026-07-26T14:16:23.024+0000] {processor.py:914} INFO - Processing file /opt/airflow/dags/dbt_docs_pipeline.py for tasks to queue
[2026-07-26T14:16:23.026+0000] {logging_mixin.py:190} INFO - [2026-07-26T14:16:23.026+0000] {dagbag.py:588} INFO - Filling up the DagBag from /opt/airflow/dags/dbt_docs_pipeline.py
[2026-07-26T14:16:23.054+0000] {processor.py:925} INFO - DAG(s) 'dbt_docs_generate_and_publish' retrieved from /opt/airflow/dags/dbt_docs_pipeline.py
[2026-07-26T14:16:23.081+0000] {logging_mixin.py:190} INFO - [2026-07-26T14:16:23.080+0000] {dag.py:3239} INFO - Sync 1 DAGs
[2026-07-26T14:16:23.104+0000] {logging_mixin.py:190} INFO - [2026-07-26T14:16:23.103+0000] {dag.py:4180} INFO - Setting next_dagrun for dbt_docs_generate_and_publish to 2026-07-26 02:00:00+00:00, run_after=2026-07-27 02:00:00+00:00
[2026-07-26T14:16:23.124+0000] {processor.py:208} INFO - Processing /opt/airflow/dags/dbt_docs_pipeline.py took 0.107 seconds
[2026-07-26T14:16:53.213+0000] {processor.py:186} INFO - Started process (PID=1003) to work on /opt/airflow/dags/dbt_docs_pipeline.py
[2026-07-26T14:16:53.215+0000] {processor.py:914} INFO - Processing file /opt/airflow/dags/dbt_docs_pipeline.py for tasks to queue
[2026-07-26T14:16:53.218+0000] {logging_mixin.py:190} INFO - [2026-07-26T14:16:53.217+0000] {dagbag.py:588} INFO - Filling up the DagBag from /opt/airflow/dags/dbt_docs_pipeline.py
[2026-07-26T14:16:53.249+0000] {processor.py:925} INFO - DAG(s) 'dbt_docs_generate_and_publish' retrieved from /opt/airflow/dags/dbt_docs_pipeline.py
[2026-07-26T14:16:53.278+0000] {logging_mixin.py:190} INFO - [2026-07-26T14:16:53.277+0000] {dag.py:3239} INFO - Sync 1 DAGs
[2026-07-26T14:16:53.305+0000] {logging_mixin.py:190} INFO - [2026-07-26T14:16:53.305+0000] {dag.py:4180} INFO - Setting next_dagrun for dbt_docs_generate_and_publish to 2026-07-26 02:00:00+00:00, run_after=2026-07-27 02:00:00+00:00
[2026-07-26T14:16:53.326+0000] {processor.py:208} INFO - Processing /opt/airflow/dags/dbt_docs_pipeline.py took 0.119 seconds
[2026-07-26T14:17:24.474+0000] {processor.py:186} INFO - Started process (PID=1096) to work on /opt/airflow/dags/dbt_docs_pipeline.py
[2026-07-26T14:17:24.475+0000] {processor.py:914} INFO - Processing file /opt/airflow/dags/dbt_docs_pipeline.py for tasks to queue
[2026-07-26T14:17:24.477+0000] {logging_mixin.py:190} INFO - [2026-07-26T14:17:24.476+0000] {dagbag.py:588} INFO - Filling up the DagBag from /opt/airflow/dags/dbt_docs_pipeline.py
[2026-07-26T14:17:24.504+0000] {processor.py:925} INFO - DAG(s) 'dbt_docs_generate_and_publish' retrieved from /opt/airflow/dags/dbt_docs_pipeline.py
[2026-07-26T14:17:24.525+0000] {logging_mixin.py:190} INFO - [2026-07-26T14:17:24.525+0000] {dag.py:3239} INFO - Sync 1 DAGs
[2026-07-26T14:17:24.546+0000] {logging_mixin.py:190} INFO - [2026-07-26T14:17:24.546+0000] {dag.py:4180} INFO - Setting next_dagrun for dbt_docs_generate_and_publish to 2026-07-26 02:00:00+00:00, run_after=2026-07-27 02:00:00+00:00
[2026-07-26T14:17:24.565+0000] {processor.py:208} INFO - Processing /opt/airflow/dags/dbt_docs_pipeline.py took 0.097 seconds
[2026-07-26T14:17:54.822+0000] {processor.py:186} INFO - Started process (PID=1184) to work on /opt/airflow/dags/dbt_docs_pipeline.py
[2026-07-26T14:17:54.824+0000] {processor.py:914} INFO - Processing file /opt/airflow/dags/dbt_docs_pipeline.py for tasks to queue
[2026-07-26T14:17:54.830+0000] {logging_mixin.py:190} INFO - [2026-07-26T14:17:54.829+0000] {dagbag.py:588} INFO - Filling up the DagBag from /opt/airflow/dags/dbt_docs_pipeline.py
[2026-07-26T14:17:54.863+0000] {processor.py:925} INFO - DAG(s) 'dbt_docs_generate_and_publish' retrieved from /opt/airflow/dags/dbt_docs_pipeline.py
[2026-07-26T14:17:54.897+0000] {logging_mixin.py:190} INFO - [2026-07-26T14:17:54.896+0000] {dag.py:3239} INFO - Sync 1 DAGs
[2026-07-26T14:17:54.927+0000] {logging_mixin.py:190} INFO - [2026-07-26T14:17:54.927+0000] {dag.py:4180} INFO - Setting next_dagrun for dbt_docs_generate_and_publish to 2026-07-26 02:00:00+00:00, run_after=2026-07-27 02:00:00+00:00
[2026-07-26T14:17:54.951+0000] {processor.py:208} INFO - Processing /opt/airflow/dags/dbt_docs_pipeline.py took 0.136 seconds
[2026-07-26T14:18:25.812+0000] {processor.py:186} INFO - Started process (PID=1277) to work on /opt/airflow/dags/dbt_docs_pipeline.py
[2026-07-26T14:18:25.814+0000] {processor.py:914} INFO - Processing file /opt/airflow/dags/dbt_docs_pipeline.py for tasks to queue
[2026-07-26T14:18:25.818+0000] {logging_mixin.py:190} INFO - [2026-07-26T14:18:25.817+0000] {dagbag.py:588} INFO - Filling up the DagBag from /opt/airflow/dags/dbt_docs_pipeline.py
[2026-07-26T14:18:25.858+0000] {processor.py:925} INFO - DAG(s) 'dbt_docs_generate_and_publish' retrieved from /opt/airflow/dags/dbt_docs_pipeline.py
[2026-07-26T14:18:25.901+0000] {logging_mixin.py:190} INFO - [2026-07-26T14:18:25.901+0000] {dag.py:3239} INFO - Sync 1 DAGs
[2026-07-26T14:18:25.945+0000] {logging_mixin.py:190} INFO - [2026-07-26T14:18:25.944+0000] {dag.py:4180} INFO - Setting next_dagrun for dbt_docs_generate_and_publish to 2026-07-26 02:00:00+00:00, run_after=2026-07-27 02:00:00+00:00
[2026-07-26T14:18:25.991+0000] {processor.py:208} INFO - Processing /opt/airflow/dags/dbt_docs_pipeline.py took 0.186 seconds
[2026-07-26T14:18:56.304+0000] {processor.py:186} INFO - Started process (PID=1370) to work on /opt/airflow/dags/dbt_docs_pipeline.py
[2026-07-26T14:18:56.306+0000] {processor.py:914} INFO - Processing file /opt/airflow/dags/dbt_docs_pipeline.py for tasks to queue
[2026-07-26T14:18:56.310+0000] {logging_mixin.py:190} INFO - [2026-07-26T14:18:56.310+0000] {dagbag.py:588} INFO - Filling up the DagBag from /opt/airflow/dags/dbt_docs_pipeline.py
[2026-07-26T14:18:56.343+0000] {processor.py:925} INFO - DAG(s) 'dbt_docs_generate_and_publish' retrieved from /opt/airflow/dags/dbt_docs_pipeline.py
[2026-07-26T14:18:56.366+0000] {logging_mixin.py:190} INFO - [2026-07-26T14:18:56.366+0000] {dag.py:3239} INFO - Sync 1 DAGs
[2026-07-26T14:18:56.392+0000] {logging_mixin.py:190} INFO - [2026-07-26T14:18:56.391+0000] {dag.py:4180} INFO - Setting next_dagrun for dbt_docs_generate_and_publish to 2026-07-26 02:00:00+00:00, run_after=2026-07-27 02:00:00+00:00
[2026-07-26T14:18:56.415+0000] {processor.py:208} INFO - Processing /opt/airflow/dags/dbt_docs_pipeline.py took 0.120 seconds
[2026-07-26T14:19:26.906+0000] {processor.py:186} INFO - Started process (PID=1458) to work on /opt/airflow/dags/dbt_docs_pipeline.py
[2026-07-26T14:19:26.906+0000] {processor.py:914} INFO - Processing file /opt/airflow/dags/dbt_docs_pipeline.py for tasks to queue
[2026-07-26T14:19:26.909+0000] {logging_mixin.py:190} INFO - [2026-07-26T14:19:26.908+0000] {dagbag.py:588} INFO - Filling up the DagBag from /opt/airflow/dags/dbt_docs_pipeline.py
[2026-07-26T14:19:26.934+0000] {processor.py:925} INFO - DAG(s) 'dbt_docs_generate_and_publish' retrieved from /opt/airflow/dags/dbt_docs_pipeline.py
[2026-07-26T14:19:26.958+0000] {logging_mixin.py:190} INFO - [2026-07-26T14:19:26.958+0000] {dag.py:3239} INFO - Sync 1 DAGs
[2026-07-26T14:19:26.982+0000] {logging_mixin.py:190} INFO - [2026-07-26T14:19:26.982+0000] {dag.py:4180} INFO - Setting next_dagrun for dbt_docs_generate_and_publish to 2026-07-26 02:00:00+00:00, run_after=2026-07-27 02:00:00+00:00
[2026-07-26T14:19:27.004+0000] {processor.py:208} INFO - Processing /opt/airflow/dags/dbt_docs_pipeline.py took 0.103 seconds
[2026-07-26T14:19:57.662+0000] {processor.py:186} INFO - Started process (PID=1551) to work on /opt/airflow/dags/dbt_docs_pipeline.py
[2026-07-26T14:19:57.664+0000] {processor.py:914} INFO - Processing file /opt/airflow/dags/dbt_docs_pipeline.py for tasks to queue
[2026-07-26T14:19:57.670+0000] {logging_mixin.py:190} INFO - [2026-07-26T14:19:57.669+0000] {dagbag.py:588} INFO - Filling up the DagBag from /opt/airflow/dags/dbt_docs_pipeline.py
[2026-07-26T14:19:57.711+0000] {processor.py:925} INFO - DAG(s) 'dbt_docs_generate_and_publish' retrieved from /opt/airflow/dags/dbt_docs_pipeline.py
[2026-07-26T14:19:57.745+0000] {logging_mixin.py:190} INFO - [2026-07-26T14:19:57.745+0000] {dag.py:3239} INFO - Sync 1 DAGs
[2026-07-26T14:19:57.778+0000] {logging_mixin.py:190} INFO - [2026-07-26T14:19:57.778+0000] {dag.py:4180} INFO - Setting next_dagrun for dbt_docs_generate_and_publish to 2026-07-26 02:00:00+00:00, run_after=2026-07-27 02:00:00+00:00
[2026-07-26T14:19:57.810+0000] {processor.py:208} INFO - Processing /opt/airflow/dags/dbt_docs_pipeline.py took 0.154 seconds
[2026-07-26T14:20:28.013+0000] {processor.py:186} INFO - Started process (PID=1646) to work on /opt/airflow/dags/dbt_docs_pipeline.py
[2026-07-26T14:20:28.014+0000] {processor.py:914} INFO - Processing file /opt/airflow/dags/dbt_docs_pipeline.py for tasks to queue
[2026-07-26T14:20:28.016+0000] {logging_mixin.py:190} INFO - [2026-07-26T14:20:28.016+0000] {dagbag.py:588} INFO - Filling up the DagBag from /opt/airflow/dags/dbt_docs_pipeline.py
[2026-07-26T14:20:28.043+0000] {processor.py:925} INFO - DAG(s) 'dbt_docs_generate_and_publish' retrieved from /opt/airflow/dags/dbt_docs_pipeline.py
[2026-07-26T14:20:28.066+0000] {logging_mixin.py:190} INFO - [2026-07-26T14:20:28.065+0000] {dag.py:3239} INFO - Sync 1 DAGs
[2026-07-26T14:20:28.088+0000] {logging_mixin.py:190} INFO - [2026-07-26T14:20:28.088+0000] {dag.py:4180} INFO - Setting next_dagrun for dbt_docs_generate_and_publish to 2026-07-26 02:00:00+00:00, run_after=2026-07-27 02:00:00+00:00
[2026-07-26T14:20:28.108+0000] {processor.py:208} INFO - Processing /opt/airflow/dags/dbt_docs_pipeline.py took 0.102 seconds
[2026-07-26T14:20:58.675+0000] {processor.py:186} INFO - Started process (PID=1737) to work on /opt/airflow/dags/dbt_docs_pipeline.py
[2026-07-26T14:20:58.676+0000] {processor.py:914} INFO - Processing file /opt/airflow/dags/dbt_docs_pipeline.py for tasks to queue
[2026-07-26T14:20:58.679+0000] {logging_mixin.py:190} INFO - [2026-07-26T14:20:58.679+0000] {dagbag.py:588} INFO - Filling up the DagBag from /opt/airflow/dags/dbt_docs_pipeline.py
[2026-07-26T14:20:58.709+0000] {processor.py:925} INFO - DAG(s) 'dbt_docs_generate_and_publish' retrieved from /opt/airflow/dags/dbt_docs_pipeline.py
[2026-07-26T14:20:58.734+0000] {logging_mixin.py:190} INFO - [2026-07-26T14:20:58.734+0000] {dag.py:3239} INFO - Sync 1 DAGs
[2026-07-26T14:20:58.759+0000] {logging_mixin.py:190} INFO - [2026-07-26T14:20:58.759+0000] {dag.py:4180} INFO - Setting next_dagrun for dbt_docs_generate_and_publish to 2026-07-26 02:00:00+00:00, run_after=2026-07-27 02:00:00+00:00
[2026-07-26T14:20:58.779+0000] {processor.py:208} INFO - Processing /opt/airflow/dags/dbt_docs_pipeline.py took 0.110 seconds
[2026-07-26T14:21:29.003+0000] {processor.py:186} INFO - Started process (PID=1827) to work on /opt/airflow/dags/dbt_docs_pipeline.py
[2026-07-26T14:21:29.005+0000] {processor.py:914} INFO - Processing file /opt/airflow/dags/dbt_docs_pipeline.py for tasks to queue
[2026-07-26T14:21:29.010+0000] {logging_mixin.py:190} INFO - [2026-07-26T14:21:29.009+0000] {dagbag.py:588} INFO - Filling up the DagBag from /opt/airflow/dags/dbt_docs_pipeline.py
[2026-07-26T14:21:29.052+0000] {processor.py:925} INFO - DAG(s) 'dbt_docs_generate_and_publish' retrieved from /opt/airflow/dags/dbt_docs_pipeline.py
[2026-07-26T14:21:29.097+0000] {logging_mixin.py:190} INFO - [2026-07-26T14:21:29.097+0000] {dag.py:3239} INFO - Sync 1 DAGs
[2026-07-26T14:21:29.124+0000] {logging_mixin.py:190} INFO - [2026-07-26T14:21:29.123+0000] {dag.py:4180} INFO - Setting next_dagrun for dbt_docs_generate_and_publish to 2026-07-26 02:00:00+00:00, run_after=2026-07-27 02:00:00+00:00
[2026-07-26T14:21:29.147+0000] {processor.py:208} INFO - Processing /opt/airflow/dags/dbt_docs_pipeline.py took 0.161 seconds
[2026-07-26T14:21:59.535+0000] {processor.py:186} INFO - Started process (PID=1918) to work on /opt/airflow/dags/dbt_docs_pipeline.py
[2026-07-26T14:21:59.536+0000] {processor.py:914} INFO - Processing file /opt/airflow/dags/dbt_docs_pipeline.py for tasks to queue
[2026-07-26T14:21:59.538+0000] {logging_mixin.py:190} INFO - [2026-07-26T14:21:59.538+0000] {dagbag.py:588} INFO - Filling up the DagBag from /opt/airflow/dags/dbt_docs_pipeline.py
[2026-07-26T14:21:59.567+0000] {processor.py:925} INFO - DAG(s) 'dbt_docs_generate_and_publish' retrieved from /opt/airflow/dags/dbt_docs_pipeline.py
[2026-07-26T14:21:59.594+0000] {logging_mixin.py:190} INFO - [2026-07-26T14:21:59.594+0000] {dag.py:3239} INFO - Sync 1 DAGs
[2026-07-26T14:21:59.618+0000] {logging_mixin.py:190} INFO - [2026-07-26T14:21:59.617+0000] {dag.py:4180} INFO - Setting next_dagrun for dbt_docs_generate_and_publish to 2026-07-26 02:00:00+00:00, run_after=2026-07-27 02:00:00+00:00
[2026-07-26T14:21:59.640+0000] {processor.py:208} INFO - Processing /opt/airflow/dags/dbt_docs_pipeline.py took 0.111 seconds
[2026-07-26T14:22:30.222+0000] {processor.py:186} INFO - Started process (PID=2011) to work on /opt/airflow/dags/dbt_docs_pipeline.py
[2026-07-26T14:22:30.224+0000] {processor.py:914} INFO - Processing file /opt/airflow/dags/dbt_docs_pipeline.py for tasks to queue
[2026-07-26T14:22:30.227+0000] {logging_mixin.py:190} INFO - [2026-07-26T14:22:30.226+0000] {dagbag.py:588} INFO - Filling up the DagBag from /opt/airflow/dags/dbt_docs_pipeline.py
[2026-07-26T14:22:30.267+0000] {processor.py:925} INFO - DAG(s) 'dbt_docs_generate_and_publish' retrieved from /opt/airflow/dags/dbt_docs_pipeline.py
[2026-07-26T14:22:30.312+0000] {logging_mixin.py:190} INFO - [2026-07-26T14:22:30.311+0000] {dag.py:3239} INFO - Sync 1 DAGs
[2026-07-26T14:22:30.345+0000] {logging_mixin.py:190} INFO - [2026-07-26T14:22:30.345+0000] {dag.py:4180} INFO - Setting next_dagrun for dbt_docs_generate_and_publish to 2026-07-26 02:00:00+00:00, run_after=2026-07-27 02:00:00+00:00
[2026-07-26T14:22:30.370+0000] {processor.py:208} INFO - Processing /opt/airflow/dags/dbt_docs_pipeline.py took 0.156 seconds
[2026-07-26T14:23:00.489+0000] {processor.py:186} INFO - Started process (PID=2099) to work on /opt/airflow/dags/dbt_docs_pipeline.py
[2026-07-26T14:23:00.490+0000] {processor.py:914} INFO - Processing file /opt/airflow/dags/dbt_docs_pipeline.py for tasks to queue
[2026-07-26T14:23:00.492+0000] {logging_mixin.py:190} INFO - [2026-07-26T14:23:00.492+0000] {dagbag.py:588} INFO - Filling up the DagBag from /opt/airflow/dags/dbt_docs_pipeline.py
[2026-07-26T14:23:00.517+0000] {processor.py:925} INFO - DAG(s) 'dbt_docs_generate_and_publish' retrieved from /opt/airflow/dags/dbt_docs_pipeline.py
[2026-07-26T14:23:00.539+0000] {logging_mixin.py:190} INFO - [2026-07-26T14:23:00.539+0000] {dag.py:3239} INFO - Sync 1 DAGs
[2026-07-26T14:23:00.561+0000] {logging_mixin.py:190} INFO - [2026-07-26T14:23:00.561+0000] {dag.py:4180} INFO - Setting next_dagrun for dbt_docs_generate_and_publish to 2026-07-26 02:00:00+00:00, run_after=2026-07-27 02:00:00+00:00
[2026-07-26T14:23:00.582+0000] {processor.py:208} INFO - Processing /opt/airflow/dags/dbt_docs_pipeline.py took 0.098 seconds
[2026-07-26T14:23:31.282+0000] {processor.py:186} INFO - Started process (PID=2192) to work on /opt/airflow/dags/dbt_docs_pipeline.py
[2026-07-26T14:23:31.284+0000] {processor.py:914} INFO - Processing file /opt/airflow/dags/dbt_docs_pipeline.py for tasks to queue
[2026-07-26T14:23:31.286+0000] {logging_mixin.py:190} INFO - [2026-07-26T14:23:31.286+0000] {dagbag.py:588} INFO - Filling up the DagBag from /opt/airflow/dags/dbt_docs_pipeline.py
[2026-07-26T14:23:31.316+0000] {processor.py:925} INFO - DAG(s) 'dbt_docs_generate_and_publish' retrieved from /opt/airflow/dags/dbt_docs_pipeline.py
[2026-07-26T14:23:31.342+0000] {logging_mixin.py:190} INFO - [2026-07-26T14:23:31.342+0000] {dag.py:3239} INFO - Sync 1 DAGs
[2026-07-26T14:23:31.365+0000] {logging_mixin.py:190} INFO - [2026-07-26T14:23:31.365+0000] {dag.py:4180} INFO - Setting next_dagrun for dbt_docs_generate_and_publish to 2026-07-26 02:00:00+00:00, run_after=2026-07-27 02:00:00+00:00
[2026-07-26T14:23:31.392+0000] {processor.py:208} INFO - Processing /opt/airflow/dags/dbt_docs_pipeline.py took 0.115 seconds
[2026-07-26T14:24:01.876+0000] {processor.py:186} INFO - Started process (PID=2285) to work on /opt/airflow/dags/dbt_docs_pipeline.py
[2026-07-26T14:24:01.877+0000] {processor.py:914} INFO - Processing file /opt/airflow/dags/dbt_docs_pipeline.py for tasks to queue
[2026-07-26T14:24:01.879+0000] {logging_mixin.py:190} INFO - [2026-07-26T14:24:01.879+0000] {dagbag.py:588} INFO - Filling up the DagBag from /opt/airflow/dags/dbt_docs_pipeline.py
[2026-07-26T14:24:01.905+0000] {processor.py:925} INFO - DAG(s) 'dbt_docs_generate_and_publish' retrieved from /opt/airflow/dags/dbt_docs_pipeline.py
[2026-07-26T14:24:01.925+0000] {logging_mixin.py:190} INFO - [2026-07-26T14:24:01.925+0000] {dag.py:3239} INFO - Sync 1 DAGs
[2026-07-26T14:24:01.946+0000] {logging_mixin.py:190} INFO - [2026-07-26T14:24:01.946+0000] {dag.py:4180} INFO - Setting next_dagrun for dbt_docs_generate_and_publish to 2026-07-26 02:00:00+00:00, run_after=2026-07-27 02:00:00+00:00
[2026-07-26T14:24:01.964+0000] {processor.py:208} INFO - Processing /opt/airflow/dags/dbt_docs_pipeline.py took 0.093 seconds
[2026-07-26T14:24:32.211+0000] {processor.py:186} INFO - Started process (PID=2373) to work on /opt/airflow/dags/dbt_docs_pipeline.py
[2026-07-26T14:24:32.212+0000] {processor.py:914} INFO - Processing file /opt/airflow/dags/dbt_docs_pipeline.py for tasks to queue
[2026-07-26T14:24:32.217+0000] {logging_mixin.py:190} INFO - [2026-07-26T14:24:32.216+0000] {dagbag.py:588} INFO - Filling up the DagBag from /opt/airflow/dags/dbt_docs_pipeline.py
[2026-07-26T14:24:32.256+0000] {processor.py:925} INFO - DAG(s) 'dbt_docs_generate_and_publish' retrieved from /opt/airflow/dags/dbt_docs_pipeline.py
[2026-07-26T14:24:32.294+0000] {logging_mixin.py:190} INFO - [2026-07-26T14:24:32.293+0000] {dag.py:3239} INFO - Sync 1 DAGs
[2026-07-26T14:24:32.330+0000] {logging_mixin.py:190} INFO - [2026-07-26T14:24:32.330+0000] {dag.py:4180} INFO - Setting next_dagrun for dbt_docs_generate_and_publish to 2026-07-26 02:00:00+00:00, run_after=2026-07-27 02:00:00+00:00
[2026-07-26T14:24:32.368+0000] {processor.py:208} INFO - Processing /opt/airflow/dags/dbt_docs_pipeline.py took 0.166 seconds
[2026-07-26T14:25:03.081+0000] {processor.py:186} INFO - Started process (PID=2466) to work on /opt/airflow/dags/dbt_docs_pipeline.py
[2026-07-26T14:25:03.083+0000] {processor.py:914} INFO - Processing file /opt/airflow/dags/dbt_docs_pipeline.py for tasks to queue
[2026-07-26T14:25:03.085+0000] {logging_mixin.py:190} INFO - [2026-07-26T14:25:03.085+0000] {dagbag.py:588} INFO - Filling up the DagBag from /opt/airflow/dags/dbt_docs_pipeline.py
[2026-07-26T14:25:03.117+0000] {processor.py:925} INFO - DAG(s) 'dbt_docs_generate_and_publish' retrieved from /opt/airflow/dags/dbt_docs_pipeline.py
[2026-07-26T14:25:03.139+0000] {logging_mixin.py:190} INFO - [2026-07-26T14:25:03.139+0000] {dag.py:3239} INFO - Sync 1 DAGs
[2026-07-26T14:25:03.164+0000] {logging_mixin.py:190} INFO - [2026-07-26T14:25:03.163+0000] {dag.py:4180} INFO - Setting next_dagrun for dbt_docs_generate_and_publish to 2026-07-26 02:00:00+00:00, run_after=2026-07-27 02:00:00+00:00
[2026-07-26T14:25:03.188+0000] {processor.py:208} INFO - Processing /opt/airflow/dags/dbt_docs_pipeline.py took 0.112 seconds
[2026-07-26T14:25:33.360+0000] {processor.py:186} INFO - Started process (PID=2559) to work on /opt/airflow/dags/dbt_docs_pipeline.py
[2026-07-26T14:25:33.361+0000] {processor.py:914} INFO - Processing file /opt/airflow/dags/dbt_docs_pipeline.py for tasks to queue
[2026-07-26T14:25:33.363+0000] {logging_mixin.py:190} INFO - [2026-07-26T14:25:33.362+0000] {dagbag.py:588} INFO - Filling up the DagBag from /opt/airflow/dags/dbt_docs_pipeline.py
[2026-07-26T14:25:33.389+0000] {processor.py:925} INFO - DAG(s) 'dbt_docs_generate_and_publish' retrieved from /opt/airflow/dags/dbt_docs_pipeline.py
[2026-07-26T14:25:33.414+0000] {logging_mixin.py:190} INFO - [2026-07-26T14:25:33.413+0000] {dag.py:3239} INFO - Sync 1 DAGs
[2026-07-26T14:25:33.438+0000] {logging_mixin.py:190} INFO - [2026-07-26T14:25:33.438+0000] {dag.py:4180} INFO - Setting next_dagrun for dbt_docs_generate_and_publish to 2026-07-26 02:00:00+00:00, run_after=2026-07-27 02:00:00+00:00
[2026-07-26T14:25:33.460+0000] {processor.py:208} INFO - Processing /opt/airflow/dags/dbt_docs_pipeline.py took 0.106 seconds
[2026-07-26T14:26:03.913+0000] {processor.py:186} INFO - Started process (PID=2652) to work on /opt/airflow/dags/dbt_docs_pipeline.py
[2026-07-26T14:26:03.914+0000] {processor.py:914} INFO - Processing file /opt/airflow/dags/dbt_docs_pipeline.py for tasks to queue
[2026-07-26T14:26:03.916+0000] {logging_mixin.py:190} INFO - [2026-07-26T14:26:03.916+0000] {dagbag.py:588} INFO - Filling up the DagBag from /opt/airflow/dags/dbt_docs_pipeline.py
[2026-07-26T14:26:03.940+0000] {processor.py:925} INFO - DAG(s) 'dbt_docs_generate_and_publish' retrieved from /opt/airflow/dags/dbt_docs_pipeline.py
[2026-07-26T14:26:03.965+0000] {logging_mixin.py:190} INFO - [2026-07-26T14:26:03.965+0000] {dag.py:3239} INFO - Sync 1 DAGs
[2026-07-26T14:26:03.988+0000] {logging_mixin.py:190} INFO - [2026-07-26T14:26:03.988+0000] {dag.py:4180} INFO - Setting next_dagrun for dbt_docs_generate_and_publish to 2026-07-26 02:00:00+00:00, run_after=2026-07-27 02:00:00+00:00
[2026-07-26T14:26:04.008+0000] {processor.py:208} INFO - Processing /opt/airflow/dags/dbt_docs_pipeline.py took 0.101 seconds
[2026-07-26T14:26:34.156+0000] {processor.py:186} INFO - Started process (PID=2740) to work on /opt/airflow/dags/dbt_docs_pipeline.py
[2026-07-26T14:26:34.157+0000] {processor.py:914} INFO - Processing file /opt/airflow/dags/dbt_docs_pipeline.py for tasks to queue
[2026-07-26T14:26:34.160+0000] {logging_mixin.py:190} INFO - [2026-07-26T14:26:34.160+0000] {dagbag.py:588} INFO - Filling up the DagBag from /opt/airflow/dags/dbt_docs_pipeline.py
[2026-07-26T14:26:34.188+0000] {processor.py:925} INFO - DAG(s) 'dbt_docs_generate_and_publish' retrieved from /opt/airflow/dags/dbt_docs_pipeline.py
[2026-07-26T14:26:34.218+0000] {logging_mixin.py:190} INFO - [2026-07-26T14:26:34.218+0000] {dag.py:3239} INFO - Sync 1 DAGs
[2026-07-26T14:26:34.244+0000] {logging_mixin.py:190} INFO - [2026-07-26T14:26:34.243+0000] {dag.py:4180} INFO - Setting next_dagrun for dbt_docs_generate_and_publish to 2026-07-26 02:00:00+00:00, run_after=2026-07-27 02:00:00+00:00
[2026-07-26T14:26:34.265+0000] {processor.py:208} INFO - Processing /opt/airflow/dags/dbt_docs_pipeline.py took 0.116 seconds
[2026-07-26T14:27:04.798+0000] {processor.py:186} INFO - Started process (PID=2833) to work on /opt/airflow/dags/dbt_docs_pipeline.py
[2026-07-26T14:27:04.799+0000] {processor.py:914} INFO - Processing file /opt/airflow/dags/dbt_docs_pipeline.py for tasks to queue
[2026-07-26T14:27:04.801+0000] {logging_mixin.py:190} INFO - [2026-07-26T14:27:04.801+0000] {dagbag.py:588} INFO - Filling up the DagBag from /opt/airflow/dags/dbt_docs_pipeline.py
[2026-07-26T14:27:04.826+0000] {processor.py:925} INFO - DAG(s) 'dbt_docs_generate_and_publish' retrieved from /opt/airflow/dags/dbt_docs_pipeline.py
[2026-07-26T14:27:04.854+0000] {logging_mixin.py:190} INFO - [2026-07-26T14:27:04.854+0000] {dag.py:3239} INFO - Sync 1 DAGs
[2026-07-26T14:27:04.877+0000] {logging_mixin.py:190} INFO - [2026-07-26T14:27:04.876+0000] {dag.py:4180} INFO - Setting next_dagrun for dbt_docs_generate_and_publish to 2026-07-26 02:00:00+00:00, run_after=2026-07-27 02:00:00+00:00
[2026-07-26T14:27:04.900+0000] {processor.py:208} INFO - Processing /opt/airflow/dags/dbt_docs_pipeline.py took 0.108 seconds
[2026-07-26T14:27:35.264+0000] {processor.py:186} INFO - Started process (PID=2926) to work on /opt/airflow/dags/dbt_docs_pipeline.py
[2026-07-26T14:27:35.265+0000] {processor.py:914} INFO - Processing file /opt/airflow/dags/dbt_docs_pipeline.py for tasks to queue
[2026-07-26T14:27:35.268+0000] {logging_mixin.py:190} INFO - [2026-07-26T14:27:35.267+0000] {dagbag.py:588} INFO - Filling up the DagBag from /opt/airflow/dags/dbt_docs_pipeline.py
[2026-07-26T14:27:35.296+0000] {processor.py:925} INFO - DAG(s) 'dbt_docs_generate_and_publish' retrieved from /opt/airflow/dags/dbt_docs_pipeline.py
[2026-07-26T14:27:35.320+0000] {logging_mixin.py:190} INFO - [2026-07-26T14:27:35.319+0000] {dag.py:3239} INFO - Sync 1 DAGs
[2026-07-26T14:27:35.342+0000] {logging_mixin.py:190} INFO - [2026-07-26T14:27:35.341+0000] {dag.py:4180} INFO - Setting next_dagrun for dbt_docs_generate_and_publish to 2026-07-26 02:00:00+00:00, run_after=2026-07-27 02:00:00+00:00
[2026-07-26T14:27:35.363+0000] {processor.py:208} INFO - Processing /opt/airflow/dags/dbt_docs_pipeline.py took 0.104 seconds
[2026-07-26T14:28:05.512+0000] {processor.py:186} INFO - Started process (PID=3014) to work on /opt/airflow/dags/dbt_docs_pipeline.py
[2026-07-26T14:28:05.513+0000] {processor.py:914} INFO - Processing file /opt/airflow/dags/dbt_docs_pipeline.py for tasks to queue
[2026-07-26T14:28:05.515+0000] {logging_mixin.py:190} INFO - [2026-07-26T14:28:05.515+0000] {dagbag.py:588} INFO - Filling up the DagBag from /opt/airflow/dags/dbt_docs_pipeline.py
[2026-07-26T14:28:05.542+0000] {processor.py:925} INFO - DAG(s) 'dbt_docs_generate_and_publish' retrieved from /opt/airflow/dags/dbt_docs_pipeline.py
[2026-07-26T14:28:05.565+0000] {logging_mixin.py:190} INFO - [2026-07-26T14:28:05.565+0000] {dag.py:3239} INFO - Sync 1 DAGs
[2026-07-26T14:28:05.589+0000] {logging_mixin.py:190} INFO - [2026-07-26T14:28:05.589+0000] {dag.py:4180} INFO - Setting next_dagrun for dbt_docs_generate_and_publish to 2026-07-26 02:00:00+00:00, run_after=2026-07-27 02:00:00+00:00
[2026-07-26T14:28:05.613+0000] {processor.py:208} INFO - Processing /opt/airflow/dags/dbt_docs_pipeline.py took 0.106 seconds
[2026-07-26T14:28:35.710+0000] {processor.py:186} INFO - Started process (PID=3107) to work on /opt/airflow/dags/dbt_docs_pipeline.py
[2026-07-26T14:28:35.711+0000] {processor.py:914} INFO - Processing file /opt/airflow/dags/dbt_docs_pipeline.py for tasks to queue
[2026-07-26T14:28:35.714+0000] {logging_mixin.py:190} INFO - [2026-07-26T14:28:35.713+0000] {dagbag.py:588} INFO - Filling up the DagBag from /opt/airflow/dags/dbt_docs_pipeline.py
[2026-07-26T14:28:35.750+0000] {processor.py:925} INFO - DAG(s) 'dbt_docs_generate_and_publish' retrieved from /opt/airflow/dags/dbt_docs_pipeline.py
[2026-07-26T14:28:35.784+0000] {logging_mixin.py:190} INFO - [2026-07-26T14:28:35.784+0000] {dag.py:3239} INFO - Sync 1 DAGs
[2026-07-26T14:28:35.815+0000] {logging_mixin.py:190} INFO - [2026-07-26T14:28:35.814+0000] {dag.py:4180} INFO - Setting next_dagrun for dbt_docs_generate_and_publish to 2026-07-26 02:00:00+00:00, run_after=2026-07-27 02:00:00+00:00
[2026-07-26T14:28:35.839+0000] {processor.py:208} INFO - Processing /opt/airflow/dags/dbt_docs_pipeline.py took 0.136 seconds
[2026-07-26T14:29:06.200+0000] {processor.py:186} INFO - Started process (PID=3200) to work on /opt/airflow/dags/dbt_docs_pipeline.py
[2026-07-26T14:29:06.201+0000] {processor.py:914} INFO - Processing file /opt/airflow/dags/dbt_docs_pipeline.py for tasks to queue
[2026-07-26T14:29:06.203+0000] {logging_mixin.py:190} INFO - [2026-07-26T14:29:06.203+0000] {dagbag.py:588} INFO - Filling up the DagBag from /opt/airflow/dags/dbt_docs_pipeline.py
[2026-07-26T14:29:06.229+0000] {processor.py:925} INFO - DAG(s) 'dbt_docs_generate_and_publish' retrieved from /opt/airflow/dags/dbt_docs_pipeline.py
[2026-07-26T14:29:06.256+0000] {logging_mixin.py:190} INFO - [2026-07-26T14:29:06.256+0000] {dag.py:3239} INFO - Sync 1 DAGs
[2026-07-26T14:29:06.281+0000] {logging_mixin.py:190} INFO - [2026-07-26T14:29:06.281+0000] {dag.py:4180} INFO - Setting next_dagrun for dbt_docs_generate_and_publish to 2026-07-26 02:00:00+00:00, run_after=2026-07-27 02:00:00+00:00
[2026-07-26T14:29:06.306+0000] {processor.py:208} INFO - Processing /opt/airflow/dags/dbt_docs_pipeline.py took 0.112 seconds
[2026-07-26T14:29:36.972+0000] {processor.py:186} INFO - Started process (PID=3293) to work on /opt/airflow/dags/dbt_docs_pipeline.py
[2026-07-26T14:29:36.973+0000] {processor.py:914} INFO - Processing file /opt/airflow/dags/dbt_docs_pipeline.py for tasks to queue
[2026-07-26T14:29:36.975+0000] {logging_mixin.py:190} INFO - [2026-07-26T14:29:36.975+0000] {dagbag.py:588} INFO - Filling up the DagBag from /opt/airflow/dags/dbt_docs_pipeline.py
[2026-07-26T14:29:37.004+0000] {processor.py:925} INFO - DAG(s) 'dbt_docs_generate_and_publish' retrieved from /opt/airflow/dags/dbt_docs_pipeline.py
[2026-07-26T14:29:37.033+0000] {logging_mixin.py:190} INFO - [2026-07-26T14:29:37.033+0000] {dag.py:3239} INFO - Sync 1 DAGs
[2026-07-26T14:29:37.063+0000] {logging_mixin.py:190} INFO - [2026-07-26T14:29:37.062+0000] {dag.py:4180} INFO - Setting next_dagrun for dbt_docs_generate_and_publish to 2026-07-26 02:00:00+00:00, run_after=2026-07-27 02:00:00+00:00
[2026-07-26T14:29:37.086+0000] {processor.py:208} INFO - Processing /opt/airflow/dags/dbt_docs_pipeline.py took 0.119 seconds
[2026-07-26T14:30:07.517+0000] {processor.py:186} INFO - Started process (PID=3381) to work on /opt/airflow/dags/dbt_docs_pipeline.py
[2026-07-26T14:30:07.518+0000] {processor.py:914} INFO - Processing file /opt/airflow/dags/dbt_docs_pipeline.py for tasks to queue
[2026-07-26T14:30:07.520+0000] {logging_mixin.py:190} INFO - [2026-07-26T14:30:07.520+0000] {dagbag.py:588} INFO - Filling up the DagBag from /opt/airflow/dags/dbt_docs_pipeline.py
[2026-07-26T14:30:07.545+0000] {processor.py:925} INFO - DAG(s) 'dbt_docs_generate_and_publish' retrieved from /opt/airflow/dags/dbt_docs_pipeline.py
[2026-07-26T14:30:07.570+0000] {logging_mixin.py:190} INFO - [2026-07-26T14:30:07.569+0000] {dag.py:3239} INFO - Sync 1 DAGs
[2026-07-26T14:30:07.594+0000] {logging_mixin.py:190} INFO - [2026-07-26T14:30:07.594+0000] {dag.py:4180} INFO - Setting next_dagrun for dbt_docs_generate_and_publish to 2026-07-26 02:00:00+00:00, run_after=2026-07-27 02:00:00+00:00
[2026-07-26T14:30:07.618+0000] {processor.py:208} INFO - Processing /opt/airflow/dags/dbt_docs_pipeline.py took 0.106 seconds
[2026-07-26T14:30:37.937+0000] {processor.py:186} INFO - Started process (PID=3474) to work on /opt/airflow/dags/dbt_docs_pipeline.py
[2026-07-26T14:30:37.938+0000] {processor.py:914} INFO - Processing file /opt/airflow/dags/dbt_docs_pipeline.py for tasks to queue
[2026-07-26T14:30:37.941+0000] {logging_mixin.py:190} INFO - [2026-07-26T14:30:37.940+0000] {dagbag.py:588} INFO - Filling up the DagBag from /opt/airflow/dags/dbt_docs_pipeline.py
[2026-07-26T14:30:37.984+0000] {processor.py:925} INFO - DAG(s) 'dbt_docs_generate_and_publish' retrieved from /opt/airflow/dags/dbt_docs_pipeline.py
[2026-07-26T14:30:38.014+0000] {logging_mixin.py:190} INFO - [2026-07-26T14:30:38.014+0000] {dag.py:3239} INFO - Sync 1 DAGs
[2026-07-26T14:30:38.041+0000] {logging_mixin.py:190} INFO - [2026-07-26T14:30:38.041+0000] {dag.py:4180} INFO - Setting next_dagrun for dbt_docs_generate_and_publish to 2026-07-26 02:00:00+00:00, run_after=2026-07-27 02:00:00+00:00
[2026-07-26T14:30:38.065+0000] {processor.py:208} INFO - Processing /opt/airflow/dags/dbt_docs_pipeline.py took 0.134 seconds
[2026-07-26T14:31:08.873+0000] {processor.py:186} INFO - Started process (PID=3567) to work on /opt/airflow/dags/dbt_docs_pipeline.py
[2026-07-26T14:31:08.875+0000] {processor.py:914} INFO - Processing file /opt/airflow/dags/dbt_docs_pipeline.py for tasks to queue
[2026-07-26T14:31:08.881+0000] {logging_mixin.py:190} INFO - [2026-07-26T14:31:08.881+0000] {dagbag.py:588} INFO - Filling up the DagBag from /opt/airflow/dags/dbt_docs_pipeline.py
[2026-07-26T14:31:08.925+0000] {processor.py:925} INFO - DAG(s) 'dbt_docs_generate_and_publish' retrieved from /opt/airflow/dags/dbt_docs_pipeline.py
[2026-07-26T14:31:08.953+0000] {logging_mixin.py:190} INFO - [2026-07-26T14:31:08.953+0000] {dag.py:3239} INFO - Sync 1 DAGs
[2026-07-26T14:31:08.978+0000] {logging_mixin.py:190} INFO - [2026-07-26T14:31:08.978+0000] {dag.py:4180} INFO - Setting next_dagrun for dbt_docs_generate_and_publish to 2026-07-26 02:00:00+00:00, run_after=2026-07-27 02:00:00+00:00
[2026-07-26T14:31:09.020+0000] {processor.py:208} INFO - Processing /opt/airflow/dags/dbt_docs_pipeline.py took 0.155 seconds
[2026-07-26T14:31:39.134+0000] {processor.py:186} INFO - Started process (PID=3657) to work on /opt/airflow/dags/dbt_docs_pipeline.py
[2026-07-26T14:31:39.135+0000] {processor.py:914} INFO - Processing file /opt/airflow/dags/dbt_docs_pipeline.py for tasks to queue
[2026-07-26T14:31:39.137+0000] {logging_mixin.py:190} INFO - [2026-07-26T14:31:39.137+0000] {dagbag.py:588} INFO - Filling up the DagBag from /opt/airflow/dags/dbt_docs_pipeline.py
[2026-07-26T14:31:39.162+0000] {processor.py:925} INFO - DAG(s) 'dbt_docs_generate_and_publish' retrieved from /opt/airflow/dags/dbt_docs_pipeline.py
[2026-07-26T14:31:39.184+0000] {logging_mixin.py:190} INFO - [2026-07-26T14:31:39.184+0000] {dag.py:3239} INFO - Sync 1 DAGs
[2026-07-26T14:31:39.206+0000] {logging_mixin.py:190} INFO - [2026-07-26T14:31:39.206+0000] {dag.py:4180} INFO - Setting next_dagrun for dbt_docs_generate_and_publish to 2026-07-26 02:00:00+00:00, run_after=2026-07-27 02:00:00+00:00
[2026-07-26T14:31:39.226+0000] {processor.py:208} INFO - Processing /opt/airflow/dags/dbt_docs_pipeline.py took 0.097 seconds
[2026-07-26T14:32:09.523+0000] {processor.py:186} INFO - Started process (PID=3748) to work on /opt/airflow/dags/dbt_docs_pipeline.py
[2026-07-26T14:32:09.523+0000] {processor.py:914} INFO - Processing file /opt/airflow/dags/dbt_docs_pipeline.py for tasks to queue
[2026-07-26T14:32:09.526+0000] {logging_mixin.py:190} INFO - [2026-07-26T14:32:09.526+0000] {dagbag.py:588} INFO - Filling up the DagBag from /opt/airflow/dags/dbt_docs_pipeline.py
[2026-07-26T14:32:09.552+0000] {processor.py:925} INFO - DAG(s) 'dbt_docs_generate_and_publish' retrieved from /opt/airflow/dags/dbt_docs_pipeline.py
[2026-07-26T14:32:09.580+0000] {logging_mixin.py:190} INFO - [2026-07-26T14:32:09.580+0000] {dag.py:3239} INFO - Sync 1 DAGs
[2026-07-26T14:32:09.606+0000] {logging_mixin.py:190} INFO - [2026-07-26T14:32:09.606+0000] {dag.py:4180} INFO - Setting next_dagrun for dbt_docs_generate_and_publish to 2026-07-26 02:00:00+00:00, run_after=2026-07-27 02:00:00+00:00
[2026-07-26T14:32:09.625+0000] {processor.py:208} INFO - Processing /opt/airflow/dags/dbt_docs_pipeline.py took 0.108 seconds
[2026-07-26T14:32:39.883+0000] {processor.py:186} INFO - Started process (PID=3841) to work on /opt/airflow/dags/dbt_docs_pipeline.py
[2026-07-26T14:32:39.884+0000] {processor.py:914} INFO - Processing file /opt/airflow/dags/dbt_docs_pipeline.py for tasks to queue
[2026-07-26T14:32:39.886+0000] {logging_mixin.py:190} INFO - [2026-07-26T14:32:39.886+0000] {dagbag.py:588} INFO - Filling up the DagBag from /opt/airflow/dags/dbt_docs_pipeline.py
[2026-07-26T14:32:39.911+0000] {processor.py:925} INFO - DAG(s) 'dbt_docs_generate_and_publish' retrieved from /opt/airflow/dags/dbt_docs_pipeline.py
[2026-07-26T14:32:39.934+0000] {logging_mixin.py:190} INFO - [2026-07-26T14:32:39.933+0000] {dag.py:3239} INFO - Sync 1 DAGs
[2026-07-26T14:32:39.956+0000] {logging_mixin.py:190} INFO - [2026-07-26T14:32:39.956+0000] {dag.py:4180} INFO - Setting next_dagrun for dbt_docs_generate_and_publish to 2026-07-26 02:00:00+00:00, run_after=2026-07-27 02:00:00+00:00
[2026-07-26T14:32:39.974+0000] {processor.py:208} INFO - Processing /opt/airflow/dags/dbt_docs_pipeline.py took 0.096 seconds
[2026-07-26T14:33:10.173+0000] {processor.py:186} INFO - Started process (PID=3929) to work on /opt/airflow/dags/dbt_docs_pipeline.py
[2026-07-26T14:33:10.174+0000] {processor.py:914} INFO - Processing file /opt/airflow/dags/dbt_docs_pipeline.py for tasks to queue
[2026-07-26T14:33:10.176+0000] {logging_mixin.py:190} INFO - [2026-07-26T14:33:10.176+0000] {dagbag.py:588} INFO - Filling up the DagBag from /opt/airflow/dags/dbt_docs_pipeline.py
[2026-07-26T14:33:10.206+0000] {processor.py:925} INFO - DAG(s) 'dbt_docs_generate_and_publish' retrieved from /opt/airflow/dags/dbt_docs_pipeline.py
[2026-07-26T14:33:10.230+0000] {logging_mixin.py:190} INFO - [2026-07-26T14:33:10.229+0000] {dag.py:3239} INFO - Sync 1 DAGs
[2026-07-26T14:33:10.253+0000] {logging_mixin.py:190} INFO - [2026-07-26T14:33:10.253+0000] {dag.py:4180} INFO - Setting next_dagrun for dbt_docs_generate_and_publish to 2026-07-26 02:00:00+00:00, run_after=2026-07-27 02:00:00+00:00
[2026-07-26T14:33:10.273+0000] {processor.py:208} INFO - Processing /opt/airflow/dags/dbt_docs_pipeline.py took 0.106 seconds
[2026-07-26T14:33:41.159+0000] {processor.py:186} INFO - Started process (PID=4022) to work on /opt/airflow/dags/dbt_docs_pipeline.py
[2026-07-26T14:33:41.159+0000] {processor.py:914} INFO - Processing file /opt/airflow/dags/dbt_docs_pipeline.py for tasks to queue
[2026-07-26T14:33:41.162+0000] {logging_mixin.py:190} INFO - [2026-07-26T14:33:41.161+0000] {dagbag.py:588} INFO - Filling up the DagBag from /opt/airflow/dags/dbt_docs_pipeline.py
[2026-07-26T14:33:41.189+0000] {processor.py:925} INFO - DAG(s) 'dbt_docs_generate_and_publish' retrieved from /opt/airflow/dags/dbt_docs_pipeline.py
[2026-07-26T14:33:41.213+0000] {logging_mixin.py:190} INFO - [2026-07-26T14:33:41.213+0000] {dag.py:3239} INFO - Sync 1 DAGs
[2026-07-26T14:33:41.238+0000] {logging_mixin.py:190} INFO - [2026-07-26T14:33:41.238+0000] {dag.py:4180} INFO - Setting next_dagrun for dbt_docs_generate_and_publish to 2026-07-26 02:00:00+00:00, run_after=2026-07-27 02:00:00+00:00
[2026-07-26T14:33:41.257+0000] {processor.py:208} INFO - Processing /opt/airflow/dags/dbt_docs_pipeline.py took 0.103 seconds
[2026-07-26T14:34:11.457+0000] {processor.py:186} INFO - Started process (PID=4117) to work on /opt/airflow/dags/dbt_docs_pipeline.py
[2026-07-26T14:34:11.458+0000] {processor.py:914} INFO - Processing file /opt/airflow/dags/dbt_docs_pipeline.py for tasks to queue
[2026-07-26T14:34:11.461+0000] {logging_mixin.py:190} INFO - [2026-07-26T14:34:11.461+0000] {dagbag.py:588} INFO - Filling up the DagBag from /opt/airflow/dags/dbt_docs_pipeline.py
[2026-07-26T14:34:11.488+0000] {processor.py:925} INFO - DAG(s) 'dbt_docs_generate_and_publish' retrieved from /opt/airflow/dags/dbt_docs_pipeline.py
[2026-07-26T14:34:11.515+0000] {logging_mixin.py:190} INFO - [2026-07-26T14:34:11.515+0000] {dag.py:3239} INFO - Sync 1 DAGs
[2026-07-26T14:34:11.542+0000] {logging_mixin.py:190} INFO - [2026-07-26T14:34:11.542+0000] {dag.py:4180} INFO - Setting next_dagrun for dbt_docs_generate_and_publish to 2026-07-26 02:00:00+00:00, run_after=2026-07-27 02:00:00+00:00
[2026-07-26T14:34:11.564+0000] {processor.py:208} INFO - Processing /opt/airflow/dags/dbt_docs_pipeline.py took 0.112 seconds
[2026-07-26T15:03:51.678+0000] {processor.py:186} INFO - Started process (PID=170) to work on /opt/airflow/dags/dbt_docs_pipeline.py
[2026-07-26T15:03:51.685+0000] {processor.py:914} INFO - Processing file /opt/airflow/dags/dbt_docs_pipeline.py for tasks to queue
[2026-07-26T15:03:51.695+0000] {logging_mixin.py:190} INFO - [2026-07-26T15:03:51.691+0000] {dagbag.py:588} INFO - Filling up the DagBag from /opt/airflow/dags/dbt_docs_pipeline.py
[2026-07-26T15:03:51.830+0000] {processor.py:925} INFO - DAG(s) 'dbt_docs_generate_and_publish' retrieved from /opt/airflow/dags/dbt_docs_pipeline.py
[2026-07-26T15:03:51.965+0000] {logging_mixin.py:190} INFO - [2026-07-26T15:03:51.964+0000] {dag.py:3239} INFO - Sync 1 DAGs
[2026-07-26T15:03:52.091+0000] {logging_mixin.py:190} INFO - [2026-07-26T15:03:52.091+0000] {dag.py:4180} INFO - Setting next_dagrun for dbt_docs_generate_and_publish to 2026-07-26 02:00:00+00:00, run_after=2026-07-27 02:00:00+00:00
[2026-07-26T15:03:52.131+0000] {processor.py:208} INFO - Processing /opt/airflow/dags/dbt_docs_pipeline.py took 0.483 seconds
[2026-07-26T15:04:22.488+0000] {processor.py:186} INFO - Started process (PID=263) to work on /opt/airflow/dags/dbt_docs_pipeline.py
[2026-07-26T15:04:22.489+0000] {processor.py:914} INFO - Processing file /opt/airflow/dags/dbt_docs_pipeline.py for tasks to queue
[2026-07-26T15:04:22.491+0000] {logging_mixin.py:190} INFO - [2026-07-26T15:04:22.491+0000] {dagbag.py:588} INFO - Filling up the DagBag from /opt/airflow/dags/dbt_docs_pipeline.py
[2026-07-26T15:04:22.519+0000] {processor.py:925} INFO - DAG(s) 'dbt_docs_generate_and_publish' retrieved from /opt/airflow/dags/dbt_docs_pipeline.py
[2026-07-26T15:04:22.546+0000] {logging_mixin.py:190} INFO - [2026-07-26T15:04:22.546+0000] {dag.py:3239} INFO - Sync 1 DAGs
[2026-07-26T15:04:22.571+0000] {logging_mixin.py:190} INFO - [2026-07-26T15:04:22.570+0000] {dag.py:4180} INFO - Setting next_dagrun for dbt_docs_generate_and_publish to 2026-07-26 02:00:00+00:00, run_after=2026-07-27 02:00:00+00:00
[2026-07-26T15:04:22.590+0000] {processor.py:208} INFO - Processing /opt/airflow/dags/dbt_docs_pipeline.py took 0.109 seconds
[2026-07-26T15:04:53.294+0000] {processor.py:186} INFO - Started process (PID=356) to work on /opt/airflow/dags/dbt_docs_pipeline.py
[2026-07-26T15:04:53.295+0000] {processor.py:914} INFO - Processing file /opt/airflow/dags/dbt_docs_pipeline.py for tasks to queue
[2026-07-26T15:04:53.298+0000] {logging_mixin.py:190} INFO - [2026-07-26T15:04:53.298+0000] {dagbag.py:588} INFO - Filling up the DagBag from /opt/airflow/dags/dbt_docs_pipeline.py
[2026-07-26T15:04:53.331+0000] {processor.py:925} INFO - DAG(s) 'dbt_docs_generate_and_publish' retrieved from /opt/airflow/dags/dbt_docs_pipeline.py
[2026-07-26T15:04:53.370+0000] {logging_mixin.py:190} INFO - [2026-07-26T15:04:53.369+0000] {dag.py:3239} INFO - Sync 1 DAGs
[2026-07-26T15:04:53.402+0000] {logging_mixin.py:190} INFO - [2026-07-26T15:04:53.402+0000] {dag.py:4180} INFO - Setting next_dagrun for dbt_docs_generate_and_publish to 2026-07-26 02:00:00+00:00, run_after=2026-07-27 02:00:00+00:00
[2026-07-26T15:04:53.430+0000] {processor.py:208} INFO - Processing /opt/airflow/dags/dbt_docs_pipeline.py took 0.144 seconds
[2026-07-26T15:05:23.728+0000] {processor.py:186} INFO - Started process (PID=449) to work on /opt/airflow/dags/dbt_docs_pipeline.py
[2026-07-26T15:05:23.730+0000] {processor.py:914} INFO - Processing file /opt/airflow/dags/dbt_docs_pipeline.py for tasks to queue
[2026-07-26T15:05:23.732+0000] {logging_mixin.py:190} INFO - [2026-07-26T15:05:23.732+0000] {dagbag.py:588} INFO - Filling up the DagBag from /opt/airflow/dags/dbt_docs_pipeline.py
[2026-07-26T15:05:23.763+0000] {processor.py:925} INFO - DAG(s) 'dbt_docs_generate_and_publish' retrieved from /opt/airflow/dags/dbt_docs_pipeline.py
[2026-07-26T15:05:23.789+0000] {logging_mixin.py:190} INFO - [2026-07-26T15:05:23.788+0000] {dag.py:3239} INFO - Sync 1 DAGs
[2026-07-26T15:05:23.814+0000] {logging_mixin.py:190} INFO - [2026-07-26T15:05:23.814+0000] {dag.py:4180} INFO - Setting next_dagrun for dbt_docs_generate_and_publish to 2026-07-26 02:00:00+00:00, run_after=2026-07-27 02:00:00+00:00
[2026-07-26T15:05:23.839+0000] {processor.py:208} INFO - Processing /opt/airflow/dags/dbt_docs_pipeline.py took 0.117 seconds
[2026-07-26T15:05:54.091+0000] {processor.py:186} INFO - Started process (PID=537) to work on /opt/airflow/dags/dbt_docs_pipeline.py
[2026-07-26T15:05:54.092+0000] {processor.py:914} INFO - Processing file /opt/airflow/dags/dbt_docs_pipeline.py for tasks to queue
[2026-07-26T15:05:54.095+0000] {logging_mixin.py:190} INFO - [2026-07-26T15:05:54.094+0000] {dagbag.py:588} INFO - Filling up the DagBag from /opt/airflow/dags/dbt_docs_pipeline.py
[2026-07-26T15:05:54.122+0000] {processor.py:925} INFO - DAG(s) 'dbt_docs_generate_and_publish' retrieved from /opt/airflow/dags/dbt_docs_pipeline.py
[2026-07-26T15:05:54.151+0000] {logging_mixin.py:190} INFO - [2026-07-26T15:05:54.151+0000] {dag.py:3239} INFO - Sync 1 DAGs
[2026-07-26T15:05:54.176+0000] {logging_mixin.py:190} INFO - [2026-07-26T15:05:54.176+0000] {dag.py:4180} INFO - Setting next_dagrun for dbt_docs_generate_and_publish to 2026-07-26 02:00:00+00:00, run_after=2026-07-27 02:00:00+00:00
[2026-07-26T15:05:54.199+0000] {processor.py:208} INFO - Processing /opt/airflow/dags/dbt_docs_pipeline.py took 0.116 seconds
[2026-07-26T15:06:25.197+0000] {processor.py:186} INFO - Started process (PID=630) to work on /opt/airflow/dags/dbt_docs_pipeline.py
[2026-07-26T15:06:25.199+0000] {processor.py:914} INFO - Processing file /opt/airflow/dags/dbt_docs_pipeline.py for tasks to queue
[2026-07-26T15:06:25.203+0000] {logging_mixin.py:190} INFO - [2026-07-26T15:06:25.202+0000] {dagbag.py:588} INFO - Filling up the DagBag from /opt/airflow/dags/dbt_docs_pipeline.py
[2026-07-26T15:06:25.238+0000] {processor.py:925} INFO - DAG(s) 'dbt_docs_generate_and_publish' retrieved from /opt/airflow/dags/dbt_docs_pipeline.py
[2026-07-26T15:06:25.264+0000] {logging_mixin.py:190} INFO - [2026-07-26T15:06:25.264+0000] {dag.py:3239} INFO - Sync 1 DAGs
[2026-07-26T15:06:25.291+0000] {logging_mixin.py:190} INFO - [2026-07-26T15:06:25.291+0000] {dag.py:4180} INFO - Setting next_dagrun for dbt_docs_generate_and_publish to 2026-07-26 02:00:00+00:00, run_after=2026-07-27 02:00:00+00:00
[2026-07-26T15:06:25.314+0000] {processor.py:208} INFO - Processing /opt/airflow/dags/dbt_docs_pipeline.py took 0.123 seconds
[2026-07-26T15:06:56.033+0000] {processor.py:186} INFO - Started process (PID=723) to work on /opt/airflow/dags/dbt_docs_pipeline.py
[2026-07-26T15:06:56.035+0000] {processor.py:914} INFO - Processing file /opt/airflow/dags/dbt_docs_pipeline.py for tasks to queue
[2026-07-26T15:06:56.037+0000] {logging_mixin.py:190} INFO - [2026-07-26T15:06:56.037+0000] {dagbag.py:588} INFO - Filling up the DagBag from /opt/airflow/dags/dbt_docs_pipeline.py
[2026-07-26T15:06:56.064+0000] {processor.py:925} INFO - DAG(s) 'dbt_docs_generate_and_publish' retrieved from /opt/airflow/dags/dbt_docs_pipeline.py
[2026-07-26T15:06:56.089+0000] {logging_mixin.py:190} INFO - [2026-07-26T15:06:56.089+0000] {dag.py:3239} INFO - Sync 1 DAGs
[2026-07-26T15:06:56.112+0000] {logging_mixin.py:190} INFO - [2026-07-26T15:06:56.112+0000] {dag.py:4180} INFO - Setting next_dagrun for dbt_docs_generate_and_publish to 2026-07-26 02:00:00+00:00, run_after=2026-07-27 02:00:00+00:00
[2026-07-26T15:06:56.135+0000] {processor.py:208} INFO - Processing /opt/airflow/dags/dbt_docs_pipeline.py took 0.110 seconds
[2026-07-26T15:07:26.688+0000] {processor.py:186} INFO - Started process (PID=811) to work on /opt/airflow/dags/dbt_docs_pipeline.py
[2026-07-26T15:07:26.689+0000] {processor.py:914} INFO - Processing file /opt/airflow/dags/dbt_docs_pipeline.py for tasks to queue
[2026-07-26T15:07:26.691+0000] {logging_mixin.py:190} INFO - [2026-07-26T15:07:26.691+0000] {dagbag.py:588} INFO - Filling up the DagBag from /opt/airflow/dags/dbt_docs_pipeline.py
[2026-07-26T15:07:26.722+0000] {processor.py:925} INFO - DAG(s) 'dbt_docs_generate_and_publish' retrieved from /opt/airflow/dags/dbt_docs_pipeline.py
[2026-07-26T15:07:26.753+0000] {logging_mixin.py:190} INFO - [2026-07-26T15:07:26.753+0000] {dag.py:3239} INFO - Sync 1 DAGs
[2026-07-26T15:07:26.780+0000] {logging_mixin.py:190} INFO - [2026-07-26T15:07:26.779+0000] {dag.py:4180} INFO - Setting next_dagrun for dbt_docs_generate_and_publish to 2026-07-26 02:00:00+00:00, run_after=2026-07-27 02:00:00+00:00
[2026-07-26T15:07:26.800+0000] {processor.py:208} INFO - Processing /opt/airflow/dags/dbt_docs_pipeline.py took 0.119 seconds
[2026-07-26T15:07:57.512+0000] {processor.py:186} INFO - Started process (PID=904) to work on /opt/airflow/dags/dbt_docs_pipeline.py
[2026-07-26T15:07:57.513+0000] {processor.py:914} INFO - Processing file /opt/airflow/dags/dbt_docs_pipeline.py for tasks to queue
[2026-07-26T15:07:57.515+0000] {logging_mixin.py:190} INFO - [2026-07-26T15:07:57.515+0000] {dagbag.py:588} INFO - Filling up the DagBag from /opt/airflow/dags/dbt_docs_pipeline.py
[2026-07-26T15:07:57.542+0000] {processor.py:925} INFO - DAG(s) 'dbt_docs_generate_and_publish' retrieved from /opt/airflow/dags/dbt_docs_pipeline.py
[2026-07-26T15:07:57.573+0000] {logging_mixin.py:190} INFO - [2026-07-26T15:07:57.572+0000] {dag.py:3239} INFO - Sync 1 DAGs
[2026-07-26T15:07:57.598+0000] {logging_mixin.py:190} INFO - [2026-07-26T15:07:57.598+0000] {dag.py:4180} INFO - Setting next_dagrun for dbt_docs_generate_and_publish to 2026-07-26 02:00:00+00:00, run_after=2026-07-27 02:00:00+00:00
[2026-07-26T15:07:57.620+0000] {processor.py:208} INFO - Processing /opt/airflow/dags/dbt_docs_pipeline.py took 0.114 seconds
[2026-07-26T15:08:27.963+0000] {processor.py:186} INFO - Started process (PID=997) to work on /opt/airflow/dags/dbt_docs_pipeline.py
[2026-07-26T15:08:27.964+0000] {processor.py:914} INFO - Processing file /opt/airflow/dags/dbt_docs_pipeline.py for tasks to queue
[2026-07-26T15:08:27.966+0000] {logging_mixin.py:190} INFO - [2026-07-26T15:08:27.965+0000] {dagbag.py:588} INFO - Filling up the DagBag from /opt/airflow/dags/dbt_docs_pipeline.py
[2026-07-26T15:08:27.993+0000] {processor.py:925} INFO - DAG(s) 'dbt_docs_generate_and_publish' retrieved from /opt/airflow/dags/dbt_docs_pipeline.py
[2026-07-26T15:08:28.015+0000] {logging_mixin.py:190} INFO - [2026-07-26T15:08:28.015+0000] {dag.py:3239} INFO - Sync 1 DAGs
[2026-07-26T15:08:28.037+0000] {logging_mixin.py:190} INFO - [2026-07-26T15:08:28.037+0000] {dag.py:4180} INFO - Setting next_dagrun for dbt_docs_generate_and_publish to 2026-07-26 02:00:00+00:00, run_after=2026-07-27 02:00:00+00:00
[2026-07-26T15:08:28.055+0000] {processor.py:208} INFO - Processing /opt/airflow/dags/dbt_docs_pipeline.py took 0.100 seconds
[2026-07-26T15:08:58.714+0000] {processor.py:186} INFO - Started process (PID=1085) to work on /opt/airflow/dags/dbt_docs_pipeline.py
[2026-07-26T15:08:58.715+0000] {processor.py:914} INFO - Processing file /opt/airflow/dags/dbt_docs_pipeline.py for tasks to queue
[2026-07-26T15:08:58.718+0000] {logging_mixin.py:190} INFO - [2026-07-26T15:08:58.718+0000] {dagbag.py:588} INFO - Filling up the DagBag from /opt/airflow/dags/dbt_docs_pipeline.py
[2026-07-26T15:08:58.751+0000] {processor.py:925} INFO - DAG(s) 'dbt_docs_generate_and_publish' retrieved from /opt/airflow/dags/dbt_docs_pipeline.py
[2026-07-26T15:08:58.779+0000] {logging_mixin.py:190} INFO - [2026-07-26T15:08:58.779+0000] {dag.py:3239} INFO - Sync 1 DAGs
[2026-07-26T15:08:58.805+0000] {logging_mixin.py:190} INFO - [2026-07-26T15:08:58.805+0000] {dag.py:4180} INFO - Setting next_dagrun for dbt_docs_generate_and_publish to 2026-07-26 02:00:00+00:00, run_after=2026-07-27 02:00:00+00:00
[2026-07-26T15:08:58.829+0000] {processor.py:208} INFO - Processing /opt/airflow/dags/dbt_docs_pipeline.py took 0.122 seconds
[2026-07-26T15:09:29.743+0000] {processor.py:186} INFO - Started process (PID=1178) to work on /opt/airflow/dags/dbt_docs_pipeline.py
[2026-07-26T15:09:29.746+0000] {processor.py:914} INFO - Processing file /opt/airflow/dags/dbt_docs_pipeline.py for tasks to queue
[2026-07-26T15:09:29.749+0000] {logging_mixin.py:190} INFO - [2026-07-26T15:09:29.748+0000] {dagbag.py:588} INFO - Filling up the DagBag from /opt/airflow/dags/dbt_docs_pipeline.py
[2026-07-26T15:09:29.782+0000] {processor.py:925} INFO - DAG(s) 'dbt_docs_generate_and_publish' retrieved from /opt/airflow/dags/dbt_docs_pipeline.py
[2026-07-26T15:09:29.816+0000] {logging_mixin.py:190} INFO - [2026-07-26T15:09:29.815+0000] {dag.py:3239} INFO - Sync 1 DAGs
[2026-07-26T15:09:29.842+0000] {logging_mixin.py:190} INFO - [2026-07-26T15:09:29.842+0000] {dag.py:4180} INFO - Setting next_dagrun for dbt_docs_generate_and_publish to 2026-07-26 02:00:00+00:00, run_after=2026-07-27 02:00:00+00:00
[2026-07-26T15:09:29.864+0000] {processor.py:208} INFO - Processing /opt/airflow/dags/dbt_docs_pipeline.py took 0.132 seconds
[2026-07-26T15:10:00.299+0000] {processor.py:186} INFO - Started process (PID=1271) to work on /opt/airflow/dags/dbt_docs_pipeline.py
[2026-07-26T15:10:00.300+0000] {processor.py:914} INFO - Processing file /opt/airflow/dags/dbt_docs_pipeline.py for tasks to queue
[2026-07-26T15:10:00.302+0000] {logging_mixin.py:190} INFO - [2026-07-26T15:10:00.302+0000] {dagbag.py:588} INFO - Filling up the DagBag from /opt/airflow/dags/dbt_docs_pipeline.py
[2026-07-26T15:10:00.331+0000] {processor.py:925} INFO - DAG(s) 'dbt_docs_generate_and_publish' retrieved from /opt/airflow/dags/dbt_docs_pipeline.py
[2026-07-26T15:10:00.359+0000] {logging_mixin.py:190} INFO - [2026-07-26T15:10:00.359+0000] {dag.py:3239} INFO - Sync 1 DAGs
[2026-07-26T15:10:00.383+0000] {logging_mixin.py:190} INFO - [2026-07-26T15:10:00.383+0000] {dag.py:4180} INFO - Setting next_dagrun for dbt_docs_generate_and_publish to 2026-07-26 02:00:00+00:00, run_after=2026-07-27 02:00:00+00:00
[2026-07-26T15:10:00.402+0000] {processor.py:208} INFO - Processing /opt/airflow/dags/dbt_docs_pipeline.py took 0.108 seconds
[2026-07-26T15:10:31.031+0000] {processor.py:186} INFO - Started process (PID=1364) to work on /opt/airflow/dags/dbt_docs_pipeline.py
[2026-07-26T15:10:31.032+0000] {processor.py:914} INFO - Processing file /opt/airflow/dags/dbt_docs_pipeline.py for tasks to queue
[2026-07-26T15:10:31.034+0000] {logging_mixin.py:190} INFO - [2026-07-26T15:10:31.034+0000] {dagbag.py:588} INFO - Filling up the DagBag from /opt/airflow/dags/dbt_docs_pipeline.py
[2026-07-26T15:10:31.059+0000] {processor.py:925} INFO - DAG(s) 'dbt_docs_generate_and_publish' retrieved from /opt/airflow/dags/dbt_docs_pipeline.py
[2026-07-26T15:10:31.081+0000] {logging_mixin.py:190} INFO - [2026-07-26T15:10:31.080+0000] {dag.py:3239} INFO - Sync 1 DAGs
[2026-07-26T15:10:31.103+0000] {logging_mixin.py:190} INFO - [2026-07-26T15:10:31.102+0000] {dag.py:4180} INFO - Setting next_dagrun for dbt_docs_generate_and_publish to 2026-07-26 02:00:00+00:00, run_after=2026-07-27 02:00:00+00:00
[2026-07-26T15:10:31.119+0000] {processor.py:208} INFO - Processing /opt/airflow/dags/dbt_docs_pipeline.py took 0.094 seconds
[2026-07-26T15:11:01.631+0000] {processor.py:186} INFO - Started process (PID=1452) to work on /opt/airflow/dags/dbt_docs_pipeline.py
[2026-07-26T15:11:01.632+0000] {processor.py:914} INFO - Processing file /opt/airflow/dags/dbt_docs_pipeline.py for tasks to queue
[2026-07-26T15:11:01.634+0000] {logging_mixin.py:190} INFO - [2026-07-26T15:11:01.634+0000] {dagbag.py:588} INFO - Filling up the DagBag from /opt/airflow/dags/dbt_docs_pipeline.py
[2026-07-26T15:11:01.662+0000] {processor.py:925} INFO - DAG(s) 'dbt_docs_generate_and_publish' retrieved from /opt/airflow/dags/dbt_docs_pipeline.py
[2026-07-26T15:11:01.689+0000] {logging_mixin.py:190} INFO - [2026-07-26T15:11:01.689+0000] {dag.py:3239} INFO - Sync 1 DAGs
[2026-07-26T15:11:01.721+0000] {logging_mixin.py:190} INFO - [2026-07-26T15:11:01.720+0000] {dag.py:4180} INFO - Setting next_dagrun for dbt_docs_generate_and_publish to 2026-07-26 02:00:00+00:00, run_after=2026-07-27 02:00:00+00:00
[2026-07-26T15:11:01.750+0000] {processor.py:208} INFO - Processing /opt/airflow/dags/dbt_docs_pipeline.py took 0.124 seconds
[2026-07-26T15:11:31.850+0000] {processor.py:186} INFO - Started process (PID=1545) to work on /opt/airflow/dags/dbt_docs_pipeline.py
[2026-07-26T15:11:31.851+0000] {processor.py:914} INFO - Processing file /opt/airflow/dags/dbt_docs_pipeline.py for tasks to queue
[2026-07-26T15:11:31.854+0000] {logging_mixin.py:190} INFO - [2026-07-26T15:11:31.853+0000] {dagbag.py:588} INFO - Filling up the DagBag from /opt/airflow/dags/dbt_docs_pipeline.py
[2026-07-26T15:11:31.889+0000] {processor.py:925} INFO - DAG(s) 'dbt_docs_generate_and_publish' retrieved from /opt/airflow/dags/dbt_docs_pipeline.py
[2026-07-26T15:11:31.925+0000] {logging_mixin.py:190} INFO - [2026-07-26T15:11:31.925+0000] {dag.py:3239} INFO - Sync 1 DAGs
[2026-07-26T15:11:31.956+0000] {logging_mixin.py:190} INFO - [2026-07-26T15:11:31.955+0000] {dag.py:4180} INFO - Setting next_dagrun for dbt_docs_generate_and_publish to 2026-07-26 02:00:00+00:00, run_after=2026-07-27 02:00:00+00:00
[2026-07-26T15:11:31.985+0000] {processor.py:208} INFO - Processing /opt/airflow/dags/dbt_docs_pipeline.py took 0.141 seconds
[2026-07-26T15:12:02.168+0000] {processor.py:186} INFO - Started process (PID=1638) to work on /opt/airflow/dags/dbt_docs_pipeline.py
[2026-07-26T15:12:02.169+0000] {processor.py:914} INFO - Processing file /opt/airflow/dags/dbt_docs_pipeline.py for tasks to queue
[2026-07-26T15:12:02.171+0000] {logging_mixin.py:190} INFO - [2026-07-26T15:12:02.171+0000] {dagbag.py:588} INFO - Filling up the DagBag from /opt/airflow/dags/dbt_docs_pipeline.py
[2026-07-26T15:12:02.202+0000] {processor.py:925} INFO - DAG(s) 'dbt_docs_generate_and_publish' retrieved from /opt/airflow/dags/dbt_docs_pipeline.py
[2026-07-26T15:12:02.235+0000] {logging_mixin.py:190} INFO - [2026-07-26T15:12:02.234+0000] {dag.py:3239} INFO - Sync 1 DAGs
[2026-07-26T15:12:02.263+0000] {logging_mixin.py:190} INFO - [2026-07-26T15:12:02.263+0000] {dag.py:4180} INFO - Setting next_dagrun for dbt_docs_generate_and_publish to 2026-07-26 02:00:00+00:00, run_after=2026-07-27 02:00:00+00:00
[2026-07-26T15:12:02.290+0000] {processor.py:208} INFO - Processing /opt/airflow/dags/dbt_docs_pipeline.py took 0.128 seconds
[2026-07-26T15:12:33.104+0000] {processor.py:186} INFO - Started process (PID=1731) to work on /opt/airflow/dags/dbt_docs_pipeline.py
[2026-07-26T15:12:33.105+0000] {processor.py:914} INFO - Processing file /opt/airflow/dags/dbt_docs_pipeline.py for tasks to queue
[2026-07-26T15:12:33.107+0000] {logging_mixin.py:190} INFO - [2026-07-26T15:12:33.107+0000] {dagbag.py:588} INFO - Filling up the DagBag from /opt/airflow/dags/dbt_docs_pipeline.py
[2026-07-26T15:12:33.135+0000] {processor.py:925} INFO - DAG(s) 'dbt_docs_generate_and_publish' retrieved from /opt/airflow/dags/dbt_docs_pipeline.py
[2026-07-26T15:12:33.160+0000] {logging_mixin.py:190} INFO - [2026-07-26T15:12:33.159+0000] {dag.py:3239} INFO - Sync 1 DAGs
[2026-07-26T15:12:33.183+0000] {logging_mixin.py:190} INFO - [2026-07-26T15:12:33.183+0000] {dag.py:4180} INFO - Setting next_dagrun for dbt_docs_generate_and_publish to 2026-07-26 02:00:00+00:00, run_after=2026-07-27 02:00:00+00:00
[2026-07-26T15:12:33.203+0000] {processor.py:208} INFO - Processing /opt/airflow/dags/dbt_docs_pipeline.py took 0.104 seconds
[2026-07-26T15:13:03.530+0000] {processor.py:186} INFO - Started process (PID=1819) to work on /opt/airflow/dags/dbt_docs_pipeline.py
[2026-07-26T15:13:03.531+0000] {processor.py:914} INFO - Processing file /opt/airflow/dags/dbt_docs_pipeline.py for tasks to queue
[2026-07-26T15:13:03.535+0000] {logging_mixin.py:190} INFO - [2026-07-26T15:13:03.534+0000] {dagbag.py:588} INFO - Filling up the DagBag from /opt/airflow/dags/dbt_docs_pipeline.py
[2026-07-26T15:13:03.564+0000] {processor.py:925} INFO - DAG(s) 'dbt_docs_generate_and_publish' retrieved from /opt/airflow/dags/dbt_docs_pipeline.py
[2026-07-26T15:13:03.592+0000] {logging_mixin.py:190} INFO - [2026-07-26T15:13:03.592+0000] {dag.py:3239} INFO - Sync 1 DAGs
[2026-07-26T15:13:03.617+0000] {logging_mixin.py:190} INFO - [2026-07-26T15:13:03.617+0000] {dag.py:4180} INFO - Setting next_dagrun for dbt_docs_generate_and_publish to 2026-07-26 02:00:00+00:00, run_after=2026-07-27 02:00:00+00:00
[2026-07-26T15:13:03.639+0000] {processor.py:208} INFO - Processing /opt/airflow/dags/dbt_docs_pipeline.py took 0.114 seconds
[2026-07-26T15:13:34.586+0000] {processor.py:186} INFO - Started process (PID=1912) to work on /opt/airflow/dags/dbt_docs_pipeline.py
[2026-07-26T15:13:34.588+0000] {processor.py:914} INFO - Processing file /opt/airflow/dags/dbt_docs_pipeline.py for tasks to queue
[2026-07-26T15:13:34.593+0000] {logging_mixin.py:190} INFO - [2026-07-26T15:13:34.592+0000] {dagbag.py:588} INFO - Filling up the DagBag from /opt/airflow/dags/dbt_docs_pipeline.py
[2026-07-26T15:13:34.640+0000] {processor.py:925} INFO - DAG(s) 'dbt_docs_generate_and_publish' retrieved from /opt/airflow/dags/dbt_docs_pipeline.py
[2026-07-26T15:13:34.684+0000] {logging_mixin.py:190} INFO - [2026-07-26T15:13:34.684+0000] {dag.py:3239} INFO - Sync 1 DAGs
[2026-07-26T15:13:34.749+0000] {logging_mixin.py:190} INFO - [2026-07-26T15:13:34.749+0000] {dag.py:4180} INFO - Setting next_dagrun for dbt_docs_generate_and_publish to 2026-07-26 02:00:00+00:00, run_after=2026-07-27 02:00:00+00:00
[2026-07-26T15:13:34.800+0000] {processor.py:208} INFO - Processing /opt/airflow/dags/dbt_docs_pipeline.py took 0.232 seconds
[2026-07-26T15:14:05.366+0000] {processor.py:186} INFO - Started process (PID=2005) to work on /opt/airflow/dags/dbt_docs_pipeline.py
[2026-07-26T15:14:05.367+0000] {processor.py:914} INFO - Processing file /opt/airflow/dags/dbt_docs_pipeline.py for tasks to queue
[2026-07-26T15:14:05.369+0000] {logging_mixin.py:190} INFO - [2026-07-26T15:14:05.369+0000] {dagbag.py:588} INFO - Filling up the DagBag from /opt/airflow/dags/dbt_docs_pipeline.py
[2026-07-26T15:14:05.397+0000] {processor.py:925} INFO - DAG(s) 'dbt_docs_generate_and_publish' retrieved from /opt/airflow/dags/dbt_docs_pipeline.py
[2026-07-26T15:14:05.422+0000] {logging_mixin.py:190} INFO - [2026-07-26T15:14:05.421+0000] {dag.py:3239} INFO - Sync 1 DAGs
[2026-07-26T15:14:05.446+0000] {logging_mixin.py:190} INFO - [2026-07-26T15:14:05.445+0000] {dag.py:4180} INFO - Setting next_dagrun for dbt_docs_generate_and_publish to 2026-07-26 02:00:00+00:00, run_after=2026-07-27 02:00:00+00:00
[2026-07-26T15:14:05.465+0000] {processor.py:208} INFO - Processing /opt/airflow/dags/dbt_docs_pipeline.py took 0.104 seconds
[2026-07-26T15:14:35.792+0000] {processor.py:186} INFO - Started process (PID=2093) to work on /opt/airflow/dags/dbt_docs_pipeline.py
[2026-07-26T15:14:35.793+0000] {processor.py:914} INFO - Processing file /opt/airflow/dags/dbt_docs_pipeline.py for tasks to queue
[2026-07-26T15:14:35.795+0000] {logging_mixin.py:190} INFO - [2026-07-26T15:14:35.795+0000] {dagbag.py:588} INFO - Filling up the DagBag from /opt/airflow/dags/dbt_docs_pipeline.py
[2026-07-26T15:14:35.825+0000] {processor.py:925} INFO - DAG(s) 'dbt_docs_generate_and_publish' retrieved from /opt/airflow/dags/dbt_docs_pipeline.py
[2026-07-26T15:14:35.851+0000] {logging_mixin.py:190} INFO - [2026-07-26T15:14:35.851+0000] {dag.py:3239} INFO - Sync 1 DAGs
[2026-07-26T15:14:35.877+0000] {logging_mixin.py:190} INFO - [2026-07-26T15:14:35.877+0000] {dag.py:4180} INFO - Setting next_dagrun for dbt_docs_generate_and_publish to 2026-07-26 02:00:00+00:00, run_after=2026-07-27 02:00:00+00:00
[2026-07-26T15:14:35.898+0000] {processor.py:208} INFO - Processing /opt/airflow/dags/dbt_docs_pipeline.py took 0.113 seconds
[2026-07-26T15:15:06.086+0000] {processor.py:186} INFO - Started process (PID=2188) to work on /opt/airflow/dags/dbt_docs_pipeline.py
[2026-07-26T15:15:06.087+0000] {processor.py:914} INFO - Processing file /opt/airflow/dags/dbt_docs_pipeline.py for tasks to queue
[2026-07-26T15:15:06.089+0000] {logging_mixin.py:190} INFO - [2026-07-26T15:15:06.089+0000] {dagbag.py:588} INFO - Filling up the DagBag from /opt/airflow/dags/dbt_docs_pipeline.py
[2026-07-26T15:15:06.114+0000] {processor.py:925} INFO - DAG(s) 'dbt_docs_generate_and_publish' retrieved from /opt/airflow/dags/dbt_docs_pipeline.py
[2026-07-26T15:15:06.139+0000] {logging_mixin.py:190} INFO - [2026-07-26T15:15:06.139+0000] {dag.py:3239} INFO - Sync 1 DAGs
[2026-07-26T15:15:06.163+0000] {logging_mixin.py:190} INFO - [2026-07-26T15:15:06.163+0000] {dag.py:4180} INFO - Setting next_dagrun for dbt_docs_generate_and_publish to 2026-07-26 02:00:00+00:00, run_after=2026-07-27 02:00:00+00:00
[2026-07-26T15:15:06.184+0000] {processor.py:208} INFO - Processing /opt/airflow/dags/dbt_docs_pipeline.py took 0.103 seconds
[2026-07-26T15:15:36.514+0000] {processor.py:186} INFO - Started process (PID=2279) to work on /opt/airflow/dags/dbt_docs_pipeline.py
[2026-07-26T15:15:36.515+0000] {processor.py:914} INFO - Processing file /opt/airflow/dags/dbt_docs_pipeline.py for tasks to queue
[2026-07-26T15:15:36.517+0000] {logging_mixin.py:190} INFO - [2026-07-26T15:15:36.517+0000] {dagbag.py:588} INFO - Filling up the DagBag from /opt/airflow/dags/dbt_docs_pipeline.py
[2026-07-26T15:15:36.544+0000] {processor.py:925} INFO - DAG(s) 'dbt_docs_generate_and_publish' retrieved from /opt/airflow/dags/dbt_docs_pipeline.py
[2026-07-26T15:15:36.567+0000] {logging_mixin.py:190} INFO - [2026-07-26T15:15:36.567+0000] {dag.py:3239} INFO - Sync 1 DAGs
[2026-07-26T15:15:36.592+0000] {logging_mixin.py:190} INFO - [2026-07-26T15:15:36.591+0000] {dag.py:4180} INFO - Setting next_dagrun for dbt_docs_generate_and_publish to 2026-07-26 02:00:00+00:00, run_after=2026-07-27 02:00:00+00:00
[2026-07-26T15:15:36.616+0000] {processor.py:208} INFO - Processing /opt/airflow/dags/dbt_docs_pipeline.py took 0.107 seconds
[2026-07-26T15:16:06.772+0000] {processor.py:186} INFO - Started process (PID=2367) to work on /opt/airflow/dags/dbt_docs_pipeline.py
[2026-07-26T15:16:06.773+0000] {processor.py:914} INFO - Processing file /opt/airflow/dags/dbt_docs_pipeline.py for tasks to queue
[2026-07-26T15:16:06.775+0000] {logging_mixin.py:190} INFO - [2026-07-26T15:16:06.775+0000] {dagbag.py:588} INFO - Filling up the DagBag from /opt/airflow/dags/dbt_docs_pipeline.py
[2026-07-26T15:16:06.807+0000] {processor.py:925} INFO - DAG(s) 'dbt_docs_generate_and_publish' retrieved from /opt/airflow/dags/dbt_docs_pipeline.py
[2026-07-26T15:16:06.850+0000] {logging_mixin.py:190} INFO - [2026-07-26T15:16:06.849+0000] {dag.py:3239} INFO - Sync 1 DAGs
[2026-07-26T15:16:06.889+0000] {logging_mixin.py:190} INFO - [2026-07-26T15:16:06.888+0000] {dag.py:4180} INFO - Setting next_dagrun for dbt_docs_generate_and_publish to 2026-07-26 02:00:00+00:00, run_after=2026-07-27 02:00:00+00:00
[2026-07-26T15:16:06.914+0000] {processor.py:208} INFO - Processing /opt/airflow/dags/dbt_docs_pipeline.py took 0.147 seconds
[2026-07-26T15:16:37.103+0000] {processor.py:186} INFO - Started process (PID=2462) to work on /opt/airflow/dags/dbt_docs_pipeline.py
[2026-07-26T15:16:37.105+0000] {processor.py:914} INFO - Processing file /opt/airflow/dags/dbt_docs_pipeline.py for tasks to queue
[2026-07-26T15:16:37.107+0000] {logging_mixin.py:190} INFO - [2026-07-26T15:16:37.107+0000] {dagbag.py:588} INFO - Filling up the DagBag from /opt/airflow/dags/dbt_docs_pipeline.py
[2026-07-26T15:16:37.136+0000] {processor.py:925} INFO - DAG(s) 'dbt_docs_generate_and_publish' retrieved from /opt/airflow/dags/dbt_docs_pipeline.py
[2026-07-26T15:16:37.157+0000] {logging_mixin.py:190} INFO - [2026-07-26T15:16:37.156+0000] {dag.py:3239} INFO - Sync 1 DAGs
[2026-07-26T15:16:37.179+0000] {logging_mixin.py:190} INFO - [2026-07-26T15:16:37.178+0000] {dag.py:4180} INFO - Setting next_dagrun for dbt_docs_generate_and_publish to 2026-07-26 02:00:00+00:00, run_after=2026-07-27 02:00:00+00:00
[2026-07-26T15:16:37.197+0000] {processor.py:208} INFO - Processing /opt/airflow/dags/dbt_docs_pipeline.py took 0.099 seconds
[2026-07-26T15:17:07.327+0000] {processor.py:186} INFO - Started process (PID=2555) to work on /opt/airflow/dags/dbt_docs_pipeline.py
[2026-07-26T15:17:07.328+0000] {processor.py:914} INFO - Processing file /opt/airflow/dags/dbt_docs_pipeline.py for tasks to queue
[2026-07-26T15:17:07.331+0000] {logging_mixin.py:190} INFO - [2026-07-26T15:17:07.331+0000] {dagbag.py:588} INFO - Filling up the DagBag from /opt/airflow/dags/dbt_docs_pipeline.py
[2026-07-26T15:17:07.355+0000] {processor.py:925} INFO - DAG(s) 'dbt_docs_generate_and_publish' retrieved from /opt/airflow/dags/dbt_docs_pipeline.py
[2026-07-26T15:17:07.377+0000] {logging_mixin.py:190} INFO - [2026-07-26T15:17:07.376+0000] {dag.py:3239} INFO - Sync 1 DAGs
[2026-07-26T15:17:07.397+0000] {logging_mixin.py:190} INFO - [2026-07-26T15:17:07.397+0000] {dag.py:4180} INFO - Setting next_dagrun for dbt_docs_generate_and_publish to 2026-07-26 02:00:00+00:00, run_after=2026-07-27 02:00:00+00:00
[2026-07-26T15:17:07.414+0000] {processor.py:208} INFO - Processing /opt/airflow/dags/dbt_docs_pipeline.py took 0.091 seconds
[2026-07-26T15:17:37.596+0000] {processor.py:186} INFO - Started process (PID=2646) to work on /opt/airflow/dags/dbt_docs_pipeline.py
[2026-07-26T15:17:37.597+0000] {processor.py:914} INFO - Processing file /opt/airflow/dags/dbt_docs_pipeline.py for tasks to queue
[2026-07-26T15:17:37.599+0000] {logging_mixin.py:190} INFO - [2026-07-26T15:17:37.599+0000] {dagbag.py:588} INFO - Filling up the DagBag from /opt/airflow/dags/dbt_docs_pipeline.py
[2026-07-26T15:17:37.625+0000] {processor.py:925} INFO - DAG(s) 'dbt_docs_generate_and_publish' retrieved from /opt/airflow/dags/dbt_docs_pipeline.py
[2026-07-26T15:17:37.646+0000] {logging_mixin.py:190} INFO - [2026-07-26T15:17:37.646+0000] {dag.py:3239} INFO - Sync 1 DAGs
[2026-07-26T15:17:37.669+0000] {logging_mixin.py:190} INFO - [2026-07-26T15:17:37.669+0000] {dag.py:4180} INFO - Setting next_dagrun for dbt_docs_generate_and_publish to 2026-07-26 02:00:00+00:00, run_after=2026-07-27 02:00:00+00:00
[2026-07-26T15:17:37.686+0000] {processor.py:208} INFO - Processing /opt/airflow/dags/dbt_docs_pipeline.py took 0.095 seconds
[2026-07-26T15:18:07.766+0000] {processor.py:186} INFO - Started process (PID=2736) to work on /opt/airflow/dags/dbt_docs_pipeline.py
[2026-07-26T15:18:07.767+0000] {processor.py:914} INFO - Processing file /opt/airflow/dags/dbt_docs_pipeline.py for tasks to queue
[2026-07-26T15:18:07.769+0000] {logging_mixin.py:190} INFO - [2026-07-26T15:18:07.769+0000] {dagbag.py:588} INFO - Filling up the DagBag from /opt/airflow/dags/dbt_docs_pipeline.py
[2026-07-26T15:18:07.795+0000] {processor.py:925} INFO - DAG(s) 'dbt_docs_generate_and_publish' retrieved from /opt/airflow/dags/dbt_docs_pipeline.py
[2026-07-26T15:18:07.820+0000] {logging_mixin.py:190} INFO - [2026-07-26T15:18:07.820+0000] {dag.py:3239} INFO - Sync 1 DAGs
[2026-07-26T15:18:07.844+0000] {logging_mixin.py:190} INFO - [2026-07-26T15:18:07.843+0000] {dag.py:4180} INFO - Setting next_dagrun for dbt_docs_generate_and_publish to 2026-07-26 02:00:00+00:00, run_after=2026-07-27 02:00:00+00:00
[2026-07-26T15:18:07.867+0000] {processor.py:208} INFO - Processing /opt/airflow/dags/dbt_docs_pipeline.py took 0.107 seconds
[2026-07-26T15:18:38.337+0000] {processor.py:186} INFO - Started process (PID=2827) to work on /opt/airflow/dags/dbt_docs_pipeline.py
[2026-07-26T15:18:38.338+0000] {processor.py:914} INFO - Processing file /opt/airflow/dags/dbt_docs_pipeline.py for tasks to queue
[2026-07-26T15:18:38.340+0000] {logging_mixin.py:190} INFO - [2026-07-26T15:18:38.339+0000] {dagbag.py:588} INFO - Filling up the DagBag from /opt/airflow/dags/dbt_docs_pipeline.py
[2026-07-26T15:18:38.370+0000] {processor.py:925} INFO - DAG(s) 'dbt_docs_generate_and_publish' retrieved from /opt/airflow/dags/dbt_docs_pipeline.py
[2026-07-26T15:18:38.394+0000] {logging_mixin.py:190} INFO - [2026-07-26T15:18:38.394+0000] {dag.py:3239} INFO - Sync 1 DAGs
[2026-07-26T15:18:38.421+0000] {logging_mixin.py:190} INFO - [2026-07-26T15:18:38.421+0000] {dag.py:4180} INFO - Setting next_dagrun for dbt_docs_generate_and_publish to 2026-07-26 02:00:00+00:00, run_after=2026-07-27 02:00:00+00:00
[2026-07-26T15:18:38.442+0000] {processor.py:208} INFO - Processing /opt/airflow/dags/dbt_docs_pipeline.py took 0.110 seconds
[2026-07-26T15:19:08.546+0000] {processor.py:186} INFO - Started process (PID=2920) to work on /opt/airflow/dags/dbt_docs_pipeline.py
[2026-07-26T15:19:08.547+0000] {processor.py:914} INFO - Processing file /opt/airflow/dags/dbt_docs_pipeline.py for tasks to queue
[2026-07-26T15:19:08.550+0000] {logging_mixin.py:190} INFO - [2026-07-26T15:19:08.549+0000] {dagbag.py:588} INFO - Filling up the DagBag from /opt/airflow/dags/dbt_docs_pipeline.py
[2026-07-26T15:19:08.580+0000] {processor.py:925} INFO - DAG(s) 'dbt_docs_generate_and_publish' retrieved from /opt/airflow/dags/dbt_docs_pipeline.py
[2026-07-26T15:19:08.609+0000] {logging_mixin.py:190} INFO - [2026-07-26T15:19:08.608+0000] {dag.py:3239} INFO - Sync 1 DAGs
[2026-07-26T15:19:08.634+0000] {logging_mixin.py:190} INFO - [2026-07-26T15:19:08.634+0000] {dag.py:4180} INFO - Setting next_dagrun for dbt_docs_generate_and_publish to 2026-07-26 02:00:00+00:00, run_after=2026-07-27 02:00:00+00:00
[2026-07-26T15:19:08.663+0000] {processor.py:208} INFO - Processing /opt/airflow/dags/dbt_docs_pipeline.py took 0.122 seconds
[2026-07-26T15:19:39.004+0000] {processor.py:186} INFO - Started process (PID=3008) to work on /opt/airflow/dags/dbt_docs_pipeline.py
[2026-07-26T15:19:39.005+0000] {processor.py:914} INFO - Processing file /opt/airflow/dags/dbt_docs_pipeline.py for tasks to queue
[2026-07-26T15:19:39.007+0000] {logging_mixin.py:190} INFO - [2026-07-26T15:19:39.007+0000] {dagbag.py:588} INFO - Filling up the DagBag from /opt/airflow/dags/dbt_docs_pipeline.py
[2026-07-26T15:19:39.033+0000] {processor.py:925} INFO - DAG(s) 'dbt_docs_generate_and_publish' retrieved from /opt/airflow/dags/dbt_docs_pipeline.py
[2026-07-26T15:19:39.058+0000] {logging_mixin.py:190} INFO - [2026-07-26T15:19:39.058+0000] {dag.py:3239} INFO - Sync 1 DAGs
[2026-07-26T15:19:39.080+0000] {logging_mixin.py:190} INFO - [2026-07-26T15:19:39.079+0000] {dag.py:4180} INFO - Setting next_dagrun for dbt_docs_generate_and_publish to 2026-07-26 02:00:00+00:00, run_after=2026-07-27 02:00:00+00:00
[2026-07-26T15:19:39.100+0000] {processor.py:208} INFO - Processing /opt/airflow/dags/dbt_docs_pipeline.py took 0.101 seconds
[2026-07-26T15:20:09.343+0000] {processor.py:186} INFO - Started process (PID=3101) to work on /opt/airflow/dags/dbt_docs_pipeline.py
[2026-07-26T15:20:09.344+0000] {processor.py:914} INFO - Processing file /opt/airflow/dags/dbt_docs_pipeline.py for tasks to queue
[2026-07-26T15:20:09.347+0000] {logging_mixin.py:190} INFO - [2026-07-26T15:20:09.346+0000] {dagbag.py:588} INFO - Filling up the DagBag from /opt/airflow/dags/dbt_docs_pipeline.py
[2026-07-26T15:20:09.373+0000] {processor.py:925} INFO - DAG(s) 'dbt_docs_generate_and_publish' retrieved from /opt/airflow/dags/dbt_docs_pipeline.py
[2026-07-26T15:20:09.400+0000] {logging_mixin.py:190} INFO - [2026-07-26T15:20:09.400+0000] {dag.py:3239} INFO - Sync 1 DAGs
[2026-07-26T15:20:09.428+0000] {logging_mixin.py:190} INFO - [2026-07-26T15:20:09.428+0000] {dag.py:4180} INFO - Setting next_dagrun for dbt_docs_generate_and_publish to 2026-07-26 02:00:00+00:00, run_after=2026-07-27 02:00:00+00:00
[2026-07-26T15:20:09.451+0000] {processor.py:208} INFO - Processing /opt/airflow/dags/dbt_docs_pipeline.py took 0.114 seconds
[2026-07-26T15:20:39.631+0000] {processor.py:186} INFO - Started process (PID=3194) to work on /opt/airflow/dags/dbt_docs_pipeline.py
[2026-07-26T15:20:39.632+0000] {processor.py:914} INFO - Processing file /opt/airflow/dags/dbt_docs_pipeline.py for tasks to queue
[2026-07-26T15:20:39.635+0000] {logging_mixin.py:190} INFO - [2026-07-26T15:20:39.634+0000] {dagbag.py:588} INFO - Filling up the DagBag from /opt/airflow/dags/dbt_docs_pipeline.py
[2026-07-26T15:20:39.661+0000] {processor.py:925} INFO - DAG(s) 'dbt_docs_generate_and_publish' retrieved from /opt/airflow/dags/dbt_docs_pipeline.py
[2026-07-26T15:20:39.694+0000] {logging_mixin.py:190} INFO - [2026-07-26T15:20:39.694+0000] {dag.py:3239} INFO - Sync 1 DAGs
[2026-07-26T15:20:39.719+0000] {logging_mixin.py:190} INFO - [2026-07-26T15:20:39.719+0000] {dag.py:4180} INFO - Setting next_dagrun for dbt_docs_generate_and_publish to 2026-07-26 02:00:00+00:00, run_after=2026-07-27 02:00:00+00:00
[2026-07-26T15:20:39.740+0000] {processor.py:208} INFO - Processing /opt/airflow/dags/dbt_docs_pipeline.py took 0.114 seconds
[2026-07-26T15:21:10.059+0000] {processor.py:186} INFO - Started process (PID=3287) to work on /opt/airflow/dags/dbt_docs_pipeline.py
[2026-07-26T15:21:10.060+0000] {processor.py:914} INFO - Processing file /opt/airflow/dags/dbt_docs_pipeline.py for tasks to queue
[2026-07-26T15:21:10.063+0000] {logging_mixin.py:190} INFO - [2026-07-26T15:21:10.062+0000] {dagbag.py:588} INFO - Filling up the DagBag from /opt/airflow/dags/dbt_docs_pipeline.py
[2026-07-26T15:21:10.092+0000] {processor.py:925} INFO - DAG(s) 'dbt_docs_generate_and_publish' retrieved from /opt/airflow/dags/dbt_docs_pipeline.py
[2026-07-26T15:21:10.118+0000] {logging_mixin.py:190} INFO - [2026-07-26T15:21:10.117+0000] {dag.py:3239} INFO - Sync 1 DAGs
[2026-07-26T15:21:10.141+0000] {logging_mixin.py:190} INFO - [2026-07-26T15:21:10.141+0000] {dag.py:4180} INFO - Setting next_dagrun for dbt_docs_generate_and_publish to 2026-07-26 02:00:00+00:00, run_after=2026-07-27 02:00:00+00:00
[2026-07-26T15:21:10.162+0000] {processor.py:208} INFO - Processing /opt/airflow/dags/dbt_docs_pipeline.py took 0.109 seconds
[2026-07-26T15:21:40.843+0000] {processor.py:186} INFO - Started process (PID=3375) to work on /opt/airflow/dags/dbt_docs_pipeline.py
[2026-07-26T15:21:40.844+0000] {processor.py:914} INFO - Processing file /opt/airflow/dags/dbt_docs_pipeline.py for tasks to queue
[2026-07-26T15:21:40.846+0000] {logging_mixin.py:190} INFO - [2026-07-26T15:21:40.846+0000] {dagbag.py:588} INFO - Filling up the DagBag from /opt/airflow/dags/dbt_docs_pipeline.py
[2026-07-26T15:21:40.872+0000] {processor.py:925} INFO - DAG(s) 'dbt_docs_generate_and_publish' retrieved from /opt/airflow/dags/dbt_docs_pipeline.py
[2026-07-26T15:21:40.898+0000] {logging_mixin.py:190} INFO - [2026-07-26T15:21:40.898+0000] {dag.py:3239} INFO - Sync 1 DAGs
[2026-07-26T15:21:40.926+0000] {logging_mixin.py:190} INFO - [2026-07-26T15:21:40.926+0000] {dag.py:4180} INFO - Setting next_dagrun for dbt_docs_generate_and_publish to 2026-07-26 02:00:00+00:00, run_after=2026-07-27 02:00:00+00:00
[2026-07-26T15:21:40.949+0000] {processor.py:208} INFO - Processing /opt/airflow/dags/dbt_docs_pipeline.py took 0.111 seconds
[2026-07-26T15:22:11.269+0000] {processor.py:186} INFO - Started process (PID=3468) to work on /opt/airflow/dags/dbt_docs_pipeline.py
[2026-07-26T15:22:11.271+0000] {processor.py:914} INFO - Processing file /opt/airflow/dags/dbt_docs_pipeline.py for tasks to queue
[2026-07-26T15:22:11.273+0000] {logging_mixin.py:190} INFO - [2026-07-26T15:22:11.273+0000] {dagbag.py:588} INFO - Filling up the DagBag from /opt/airflow/dags/dbt_docs_pipeline.py
[2026-07-26T15:22:11.302+0000] {processor.py:925} INFO - DAG(s) 'dbt_docs_generate_and_publish' retrieved from /opt/airflow/dags/dbt_docs_pipeline.py
[2026-07-26T15:22:11.329+0000] {logging_mixin.py:190} INFO - [2026-07-26T15:22:11.328+0000] {dag.py:3239} INFO - Sync 1 DAGs
[2026-07-26T15:22:11.357+0000] {logging_mixin.py:190} INFO - [2026-07-26T15:22:11.356+0000] {dag.py:4180} INFO - Setting next_dagrun for dbt_docs_generate_and_publish to 2026-07-26 02:00:00+00:00, run_after=2026-07-27 02:00:00+00:00
[2026-07-26T15:22:11.378+0000] {processor.py:208} INFO - Processing /opt/airflow/dags/dbt_docs_pipeline.py took 0.115 seconds
[2026-07-26T15:22:42.101+0000] {processor.py:186} INFO - Started process (PID=3561) to work on /opt/airflow/dags/dbt_docs_pipeline.py
[2026-07-26T15:22:42.102+0000] {processor.py:914} INFO - Processing file /opt/airflow/dags/dbt_docs_pipeline.py for tasks to queue
[2026-07-26T15:22:42.105+0000] {logging_mixin.py:190} INFO - [2026-07-26T15:22:42.104+0000] {dagbag.py:588} INFO - Filling up the DagBag from /opt/airflow/dags/dbt_docs_pipeline.py
[2026-07-26T15:22:42.134+0000] {processor.py:925} INFO - DAG(s) 'dbt_docs_generate_and_publish' retrieved from /opt/airflow/dags/dbt_docs_pipeline.py
[2026-07-26T15:22:42.173+0000] {logging_mixin.py:190} INFO - [2026-07-26T15:22:42.172+0000] {dag.py:3239} INFO - Sync 1 DAGs
[2026-07-26T15:22:42.205+0000] {logging_mixin.py:190} INFO - [2026-07-26T15:22:42.205+0000] {dag.py:4180} INFO - Setting next_dagrun for dbt_docs_generate_and_publish to 2026-07-26 02:00:00+00:00, run_after=2026-07-27 02:00:00+00:00
[2026-07-26T15:22:42.233+0000] {processor.py:208} INFO - Processing /opt/airflow/dags/dbt_docs_pipeline.py took 0.141 seconds
[2026-07-26T15:23:12.581+0000] {processor.py:186} INFO - Started process (PID=3654) to work on /opt/airflow/dags/dbt_docs_pipeline.py
[2026-07-26T15:23:12.582+0000] {processor.py:914} INFO - Processing file /opt/airflow/dags/dbt_docs_pipeline.py for tasks to queue
[2026-07-26T15:23:12.584+0000] {logging_mixin.py:190} INFO - [2026-07-26T15:23:12.584+0000] {dagbag.py:588} INFO - Filling up the DagBag from /opt/airflow/dags/dbt_docs_pipeline.py
[2026-07-26T15:23:12.609+0000] {processor.py:925} INFO - DAG(s) 'dbt_docs_generate_and_publish' retrieved from /opt/airflow/dags/dbt_docs_pipeline.py
[2026-07-26T15:23:12.631+0000] {logging_mixin.py:190} INFO - [2026-07-26T15:23:12.631+0000] {dag.py:3239} INFO - Sync 1 DAGs
[2026-07-26T15:23:12.653+0000] {logging_mixin.py:190} INFO - [2026-07-26T15:23:12.653+0000] {dag.py:4180} INFO - Setting next_dagrun for dbt_docs_generate_and_publish to 2026-07-26 02:00:00+00:00, run_after=2026-07-27 02:00:00+00:00
[2026-07-26T15:23:12.670+0000] {processor.py:208} INFO - Processing /opt/airflow/dags/dbt_docs_pipeline.py took 0.094 seconds
[2026-07-26T15:23:42.818+0000] {processor.py:186} INFO - Started process (PID=3742) to work on /opt/airflow/dags/dbt_docs_pipeline.py
[2026-07-26T15:23:42.819+0000] {processor.py:914} INFO - Processing file /opt/airflow/dags/dbt_docs_pipeline.py for tasks to queue
[2026-07-26T15:23:42.821+0000] {logging_mixin.py:190} INFO - [2026-07-26T15:23:42.821+0000] {dagbag.py:588} INFO - Filling up the DagBag from /opt/airflow/dags/dbt_docs_pipeline.py
[2026-07-26T15:23:42.847+0000] {processor.py:925} INFO - DAG(s) 'dbt_docs_generate_and_publish' retrieved from /opt/airflow/dags/dbt_docs_pipeline.py
[2026-07-26T15:23:42.871+0000] {logging_mixin.py:190} INFO - [2026-07-26T15:23:42.871+0000] {dag.py:3239} INFO - Sync 1 DAGs
[2026-07-26T15:23:42.896+0000] {logging_mixin.py:190} INFO - [2026-07-26T15:23:42.896+0000] {dag.py:4180} INFO - Setting next_dagrun for dbt_docs_generate_and_publish to 2026-07-26 02:00:00+00:00, run_after=2026-07-27 02:00:00+00:00
[2026-07-26T15:23:42.918+0000] {processor.py:208} INFO - Processing /opt/airflow/dags/dbt_docs_pipeline.py took 0.105 seconds
[2026-07-26T15:24:13.194+0000] {processor.py:186} INFO - Started process (PID=3835) to work on /opt/airflow/dags/dbt_docs_pipeline.py
[2026-07-26T15:24:13.195+0000] {processor.py:914} INFO - Processing file /opt/airflow/dags/dbt_docs_pipeline.py for tasks to queue
[2026-07-26T15:24:13.200+0000] {logging_mixin.py:190} INFO - [2026-07-26T15:24:13.199+0000] {dagbag.py:588} INFO - Filling up the DagBag from /opt/airflow/dags/dbt_docs_pipeline.py
[2026-07-26T15:24:13.238+0000] {processor.py:925} INFO - DAG(s) 'dbt_docs_generate_and_publish' retrieved from /opt/airflow/dags/dbt_docs_pipeline.py
[2026-07-26T15:24:13.262+0000] {logging_mixin.py:190} INFO - [2026-07-26T15:24:13.262+0000] {dag.py:3239} INFO - Sync 1 DAGs
[2026-07-26T15:24:13.288+0000] {logging_mixin.py:190} INFO - [2026-07-26T15:24:13.288+0000] {dag.py:4180} INFO - Setting next_dagrun for dbt_docs_generate_and_publish to 2026-07-26 02:00:00+00:00, run_after=2026-07-27 02:00:00+00:00
[2026-07-26T15:24:13.308+0000] {processor.py:208} INFO - Processing /opt/airflow/dags/dbt_docs_pipeline.py took 0.124 seconds
[2026-07-26T15:24:44.213+0000] {processor.py:186} INFO - Started process (PID=3928) to work on /opt/airflow/dags/dbt_docs_pipeline.py
[2026-07-26T15:24:44.214+0000] {processor.py:914} INFO - Processing file /opt/airflow/dags/dbt_docs_pipeline.py for tasks to queue
[2026-07-26T15:24:44.216+0000] {logging_mixin.py:190} INFO - [2026-07-26T15:24:44.216+0000] {dagbag.py:588} INFO - Filling up the DagBag from /opt/airflow/dags/dbt_docs_pipeline.py
[2026-07-26T15:24:44.257+0000] {processor.py:925} INFO - DAG(s) 'dbt_docs_generate_and_publish' retrieved from /opt/airflow/dags/dbt_docs_pipeline.py
[2026-07-26T15:24:44.286+0000] {logging_mixin.py:190} INFO - [2026-07-26T15:24:44.286+0000] {dag.py:3239} INFO - Sync 1 DAGs
[2026-07-26T15:24:44.318+0000] {logging_mixin.py:190} INFO - [2026-07-26T15:24:44.318+0000] {dag.py:4180} INFO - Setting next_dagrun for dbt_docs_generate_and_publish to 2026-07-26 02:00:00+00:00, run_after=2026-07-27 02:00:00+00:00
[2026-07-26T15:24:44.339+0000] {processor.py:208} INFO - Processing /opt/airflow/dags/dbt_docs_pipeline.py took 0.137 seconds
[2026-07-26T15:25:14.672+0000] {processor.py:186} INFO - Started process (PID=4016) to work on /opt/airflow/dags/dbt_docs_pipeline.py
[2026-07-26T15:25:14.673+0000] {processor.py:914} INFO - Processing file /opt/airflow/dags/dbt_docs_pipeline.py for tasks to queue
[2026-07-26T15:25:14.676+0000] {logging_mixin.py:190} INFO - [2026-07-26T15:25:14.675+0000] {dagbag.py:588} INFO - Filling up the DagBag from /opt/airflow/dags/dbt_docs_pipeline.py
[2026-07-26T15:25:14.703+0000] {processor.py:925} INFO - DAG(s) 'dbt_docs_generate_and_publish' retrieved from /opt/airflow/dags/dbt_docs_pipeline.py
[2026-07-26T15:25:14.732+0000] {logging_mixin.py:190} INFO - [2026-07-26T15:25:14.732+0000] {dag.py:3239} INFO - Sync 1 DAGs
[2026-07-26T15:25:14.766+0000] {logging_mixin.py:190} INFO - [2026-07-26T15:25:14.766+0000] {dag.py:4180} INFO - Setting next_dagrun for dbt_docs_generate_and_publish to 2026-07-26 02:00:00+00:00, run_after=2026-07-27 02:00:00+00:00
[2026-07-26T15:25:14.787+0000] {processor.py:208} INFO - Processing /opt/airflow/dags/dbt_docs_pipeline.py took 0.122 seconds
[2026-07-26T15:25:45.066+0000] {processor.py:186} INFO - Started process (PID=4109) to work on /opt/airflow/dags/dbt_docs_pipeline.py
[2026-07-26T15:25:45.068+0000] {processor.py:914} INFO - Processing file /opt/airflow/dags/dbt_docs_pipeline.py for tasks to queue
[2026-07-26T15:25:45.071+0000] {logging_mixin.py:190} INFO - [2026-07-26T15:25:45.070+0000] {dagbag.py:588} INFO - Filling up the DagBag from /opt/airflow/dags/dbt_docs_pipeline.py
[2026-07-26T15:25:45.100+0000] {processor.py:925} INFO - DAG(s) 'dbt_docs_generate_and_publish' retrieved from /opt/airflow/dags/dbt_docs_pipeline.py
[2026-07-26T15:25:45.127+0000] {logging_mixin.py:190} INFO - [2026-07-26T15:25:45.127+0000] {dag.py:3239} INFO - Sync 1 DAGs
[2026-07-26T15:25:45.152+0000] {logging_mixin.py:190} INFO - [2026-07-26T15:25:45.152+0000] {dag.py:4180} INFO - Setting next_dagrun for dbt_docs_generate_and_publish to 2026-07-26 02:00:00+00:00, run_after=2026-07-27 02:00:00+00:00
[2026-07-26T15:25:45.173+0000] {processor.py:208} INFO - Processing /opt/airflow/dags/dbt_docs_pipeline.py took 0.112 seconds
[2026-07-26T15:26:15.857+0000] {processor.py:186} INFO - Started process (PID=4202) to work on /opt/airflow/dags/dbt_docs_pipeline.py
[2026-07-26T15:26:15.858+0000] {processor.py:914} INFO - Processing file /opt/airflow/dags/dbt_docs_pipeline.py for tasks to queue
[2026-07-26T15:26:15.861+0000] {logging_mixin.py:190} INFO - [2026-07-26T15:26:15.860+0000] {dagbag.py:588} INFO - Filling up the DagBag from /opt/airflow/dags/dbt_docs_pipeline.py
[2026-07-26T15:26:15.888+0000] {processor.py:925} INFO - DAG(s) 'dbt_docs_generate_and_publish' retrieved from /opt/airflow/dags/dbt_docs_pipeline.py
[2026-07-26T15:26:15.913+0000] {logging_mixin.py:190} INFO - [2026-07-26T15:26:15.912+0000] {dag.py:3239} INFO - Sync 1 DAGs
[2026-07-26T15:26:15.938+0000] {logging_mixin.py:190} INFO - [2026-07-26T15:26:15.937+0000] {dag.py:4180} INFO - Setting next_dagrun for dbt_docs_generate_and_publish to 2026-07-26 02:00:00+00:00, run_after=2026-07-27 02:00:00+00:00
[2026-07-26T15:26:15.961+0000] {processor.py:208} INFO - Processing /opt/airflow/dags/dbt_docs_pipeline.py took 0.110 seconds
[2026-07-26T15:26:46.823+0000] {processor.py:186} INFO - Started process (PID=4295) to work on /opt/airflow/dags/dbt_docs_pipeline.py
[2026-07-26T15:26:46.825+0000] {processor.py:914} INFO - Processing file /opt/airflow/dags/dbt_docs_pipeline.py for tasks to queue
[2026-07-26T15:26:46.827+0000] {logging_mixin.py:190} INFO - [2026-07-26T15:26:46.827+0000] {dagbag.py:588} INFO - Filling up the DagBag from /opt/airflow/dags/dbt_docs_pipeline.py
[2026-07-26T15:26:46.858+0000] {processor.py:925} INFO - DAG(s) 'dbt_docs_generate_and_publish' retrieved from /opt/airflow/dags/dbt_docs_pipeline.py
[2026-07-26T15:26:46.880+0000] {logging_mixin.py:190} INFO - [2026-07-26T15:26:46.880+0000] {dag.py:3239} INFO - Sync 1 DAGs
[2026-07-26T15:26:46.903+0000] {logging_mixin.py:190} INFO - [2026-07-26T15:26:46.902+0000] {dag.py:4180} INFO - Setting next_dagrun for dbt_docs_generate_and_publish to 2026-07-26 02:00:00+00:00, run_after=2026-07-27 02:00:00+00:00
[2026-07-26T15:26:47.050+0000] {processor.py:208} INFO - Processing /opt/airflow/dags/dbt_docs_pipeline.py took 0.233 seconds
[2026-07-26T15:27:17.743+0000] {processor.py:186} INFO - Started process (PID=4383) to work on /opt/airflow/dags/dbt_docs_pipeline.py
[2026-07-26T15:27:17.744+0000] {processor.py:914} INFO - Processing file /opt/airflow/dags/dbt_docs_pipeline.py for tasks to queue
[2026-07-26T15:27:17.747+0000] {logging_mixin.py:190} INFO - [2026-07-26T15:27:17.747+0000] {dagbag.py:588} INFO - Filling up the DagBag from /opt/airflow/dags/dbt_docs_pipeline.py
[2026-07-26T15:27:17.774+0000] {processor.py:925} INFO - DAG(s) 'dbt_docs_generate_and_publish' retrieved from /opt/airflow/dags/dbt_docs_pipeline.py
[2026-07-26T15:27:17.799+0000] {logging_mixin.py:190} INFO - [2026-07-26T15:27:17.799+0000] {dag.py:3239} INFO - Sync 1 DAGs
[2026-07-26T15:27:17.982+0000] {logging_mixin.py:190} INFO - [2026-07-26T15:27:17.982+0000] {dag.py:4180} INFO - Setting next_dagrun for dbt_docs_generate_and_publish to 2026-07-26 02:00:00+00:00, run_after=2026-07-27 02:00:00+00:00
[2026-07-26T15:27:18.003+0000] {processor.py:208} INFO - Processing /opt/airflow/dags/dbt_docs_pipeline.py took 0.265 seconds
[2026-07-26T15:27:48.121+0000] {processor.py:186} INFO - Started process (PID=4476) to work on /opt/airflow/dags/dbt_docs_pipeline.py
[2026-07-26T15:27:48.122+0000] {processor.py:914} INFO - Processing file /opt/airflow/dags/dbt_docs_pipeline.py for tasks to queue
[2026-07-26T15:27:48.124+0000] {logging_mixin.py:190} INFO - [2026-07-26T15:27:48.124+0000] {dagbag.py:588} INFO - Filling up the DagBag from /opt/airflow/dags/dbt_docs_pipeline.py
[2026-07-26T15:27:48.153+0000] {processor.py:925} INFO - DAG(s) 'dbt_docs_generate_and_publish' retrieved from /opt/airflow/dags/dbt_docs_pipeline.py
[2026-07-26T15:27:48.180+0000] {logging_mixin.py:190} INFO - [2026-07-26T15:27:48.180+0000] {dag.py:3239} INFO - Sync 1 DAGs
[2026-07-26T15:27:48.205+0000] {logging_mixin.py:190} INFO - [2026-07-26T15:27:48.205+0000] {dag.py:4180} INFO - Setting next_dagrun for dbt_docs_generate_and_publish to 2026-07-26 02:00:00+00:00, run_after=2026-07-27 02:00:00+00:00
[2026-07-26T15:27:48.224+0000] {processor.py:208} INFO - Processing /opt/airflow/dags/dbt_docs_pipeline.py took 0.109 seconds
[2026-07-26T15:28:18.780+0000] {processor.py:186} INFO - Started process (PID=4569) to work on /opt/airflow/dags/dbt_docs_pipeline.py
[2026-07-26T15:28:18.781+0000] {processor.py:914} INFO - Processing file /opt/airflow/dags/dbt_docs_pipeline.py for tasks to queue
[2026-07-26T15:28:18.783+0000] {logging_mixin.py:190} INFO - [2026-07-26T15:28:18.783+0000] {dagbag.py:588} INFO - Filling up the DagBag from /opt/airflow/dags/dbt_docs_pipeline.py
[2026-07-26T15:28:18.811+0000] {processor.py:925} INFO - DAG(s) 'dbt_docs_generate_and_publish' retrieved from /opt/airflow/dags/dbt_docs_pipeline.py
[2026-07-26T15:28:18.836+0000] {logging_mixin.py:190} INFO - [2026-07-26T15:28:18.835+0000] {dag.py:3239} INFO - Sync 1 DAGs
[2026-07-26T15:28:18.859+0000] {logging_mixin.py:190} INFO - [2026-07-26T15:28:18.859+0000] {dag.py:4180} INFO - Setting next_dagrun for dbt_docs_generate_and_publish to 2026-07-26 02:00:00+00:00, run_after=2026-07-27 02:00:00+00:00
[2026-07-26T15:28:18.879+0000] {processor.py:208} INFO - Processing /opt/airflow/dags/dbt_docs_pipeline.py took 0.104 seconds
[2026-07-26T15:28:49.047+0000] {processor.py:186} INFO - Started process (PID=4657) to work on /opt/airflow/dags/dbt_docs_pipeline.py
[2026-07-26T15:28:49.048+0000] {processor.py:914} INFO - Processing file /opt/airflow/dags/dbt_docs_pipeline.py for tasks to queue
[2026-07-26T15:28:49.050+0000] {logging_mixin.py:190} INFO - [2026-07-26T15:28:49.050+0000] {dagbag.py:588} INFO - Filling up the DagBag from /opt/airflow/dags/dbt_docs_pipeline.py
[2026-07-26T15:28:49.079+0000] {processor.py:925} INFO - DAG(s) 'dbt_docs_generate_and_publish' retrieved from /opt/airflow/dags/dbt_docs_pipeline.py
[2026-07-26T15:28:49.111+0000] {logging_mixin.py:190} INFO - [2026-07-26T15:28:49.111+0000] {dag.py:3239} INFO - Sync 1 DAGs
[2026-07-26T15:28:49.139+0000] {logging_mixin.py:190} INFO - [2026-07-26T15:28:49.138+0000] {dag.py:4180} INFO - Setting next_dagrun for dbt_docs_generate_and_publish to 2026-07-26 02:00:00+00:00, run_after=2026-07-27 02:00:00+00:00
[2026-07-26T15:28:49.168+0000] {processor.py:208} INFO - Processing /opt/airflow/dags/dbt_docs_pipeline.py took 0.128 seconds
[2026-07-26T15:29:19.761+0000] {processor.py:186} INFO - Started process (PID=4750) to work on /opt/airflow/dags/dbt_docs_pipeline.py
[2026-07-26T15:29:19.762+0000] {processor.py:914} INFO - Processing file /opt/airflow/dags/dbt_docs_pipeline.py for tasks to queue
[2026-07-26T15:29:19.764+0000] {logging_mixin.py:190} INFO - [2026-07-26T15:29:19.764+0000] {dagbag.py:588} INFO - Filling up the DagBag from /opt/airflow/dags/dbt_docs_pipeline.py
[2026-07-26T15:29:19.795+0000] {processor.py:925} INFO - DAG(s) 'dbt_docs_generate_and_publish' retrieved from /opt/airflow/dags/dbt_docs_pipeline.py
[2026-07-26T15:29:19.829+0000] {logging_mixin.py:190} INFO - [2026-07-26T15:29:19.828+0000] {dag.py:3239} INFO - Sync 1 DAGs
[2026-07-26T15:29:19.860+0000] {logging_mixin.py:190} INFO - [2026-07-26T15:29:19.859+0000] {dag.py:4180} INFO - Setting next_dagrun for dbt_docs_generate_and_publish to 2026-07-26 02:00:00+00:00, run_after=2026-07-27 02:00:00+00:00
[2026-07-26T15:29:19.886+0000] {processor.py:208} INFO - Processing /opt/airflow/dags/dbt_docs_pipeline.py took 0.132 seconds
[2026-07-26T15:29:50.860+0000] {processor.py:186} INFO - Started process (PID=4843) to work on /opt/airflow/dags/dbt_docs_pipeline.py
[2026-07-26T15:29:50.861+0000] {processor.py:914} INFO - Processing file /opt/airflow/dags/dbt_docs_pipeline.py for tasks to queue
[2026-07-26T15:29:50.864+0000] {logging_mixin.py:190} INFO - [2026-07-26T15:29:50.863+0000] {dagbag.py:588} INFO - Filling up the DagBag from /opt/airflow/dags/dbt_docs_pipeline.py
[2026-07-26T15:29:50.893+0000] {processor.py:925} INFO - DAG(s) 'dbt_docs_generate_and_publish' retrieved from /opt/airflow/dags/dbt_docs_pipeline.py
[2026-07-26T15:29:50.918+0000] {logging_mixin.py:190} INFO - [2026-07-26T15:29:50.918+0000] {dag.py:3239} INFO - Sync 1 DAGs
[2026-07-26T15:29:50.944+0000] {logging_mixin.py:190} INFO - [2026-07-26T15:29:50.944+0000] {dag.py:4180} INFO - Setting next_dagrun for dbt_docs_generate_and_publish to 2026-07-26 02:00:00+00:00, run_after=2026-07-27 02:00:00+00:00
[2026-07-26T15:29:50.967+0000] {processor.py:208} INFO - Processing /opt/airflow/dags/dbt_docs_pipeline.py took 0.112 seconds
[2026-07-26T15:30:21.604+0000] {processor.py:186} INFO - Started process (PID=4936) to work on /opt/airflow/dags/dbt_docs_pipeline.py
[2026-07-26T15:30:21.605+0000] {processor.py:914} INFO - Processing file /opt/airflow/dags/dbt_docs_pipeline.py for tasks to queue
[2026-07-26T15:30:21.607+0000] {logging_mixin.py:190} INFO - [2026-07-26T15:30:21.607+0000] {dagbag.py:588} INFO - Filling up the DagBag from /opt/airflow/dags/dbt_docs_pipeline.py
[2026-07-26T15:30:21.636+0000] {processor.py:925} INFO - DAG(s) 'dbt_docs_generate_and_publish' retrieved from /opt/airflow/dags/dbt_docs_pipeline.py
[2026-07-26T15:30:21.658+0000] {logging_mixin.py:190} INFO - [2026-07-26T15:30:21.657+0000] {dag.py:3239} INFO - Sync 1 DAGs
[2026-07-26T15:30:21.678+0000] {logging_mixin.py:190} INFO - [2026-07-26T15:30:21.677+0000] {dag.py:4180} INFO - Setting next_dagrun for dbt_docs_generate_and_publish to 2026-07-26 02:00:00+00:00, run_after=2026-07-27 02:00:00+00:00
[2026-07-26T15:30:21.695+0000] {processor.py:208} INFO - Processing /opt/airflow/dags/dbt_docs_pipeline.py took 0.097 seconds
[2026-07-26T15:30:52.539+0000] {processor.py:186} INFO - Started process (PID=5024) to work on /opt/airflow/dags/dbt_docs_pipeline.py
[2026-07-26T15:30:52.541+0000] {processor.py:914} INFO - Processing file /opt/airflow/dags/dbt_docs_pipeline.py for tasks to queue
[2026-07-26T15:30:52.543+0000] {logging_mixin.py:190} INFO - [2026-07-26T15:30:52.543+0000] {dagbag.py:588} INFO - Filling up the DagBag from /opt/airflow/dags/dbt_docs_pipeline.py
[2026-07-26T15:30:52.576+0000] {processor.py:925} INFO - DAG(s) 'dbt_docs_generate_and_publish' retrieved from /opt/airflow/dags/dbt_docs_pipeline.py
[2026-07-26T15:30:52.611+0000] {logging_mixin.py:190} INFO - [2026-07-26T15:30:52.611+0000] {dag.py:3239} INFO - Sync 1 DAGs
[2026-07-26T15:30:52.645+0000] {logging_mixin.py:190} INFO - [2026-07-26T15:30:52.645+0000] {dag.py:4180} INFO - Setting next_dagrun for dbt_docs_generate_and_publish to 2026-07-26 02:00:00+00:00, run_after=2026-07-27 02:00:00+00:00
[2026-07-26T15:30:52.675+0000] {processor.py:208} INFO - Processing /opt/airflow/dags/dbt_docs_pipeline.py took 0.142 seconds
[2026-07-26T15:31:23.205+0000] {processor.py:186} INFO - Started process (PID=5162) to work on /opt/airflow/dags/dbt_docs_pipeline.py
[2026-07-26T15:31:23.206+0000] {processor.py:914} INFO - Processing file /opt/airflow/dags/dbt_docs_pipeline.py for tasks to queue
[2026-07-26T15:31:23.209+0000] {logging_mixin.py:190} INFO - [2026-07-26T15:31:23.209+0000] {dagbag.py:588} INFO - Filling up the DagBag from /opt/airflow/dags/dbt_docs_pipeline.py
[2026-07-26T15:31:23.243+0000] {processor.py:925} INFO - DAG(s) 'dbt_docs_generate_and_publish' retrieved from /opt/airflow/dags/dbt_docs_pipeline.py
[2026-07-26T15:31:23.282+0000] {logging_mixin.py:190} INFO - [2026-07-26T15:31:23.282+0000] {dag.py:3239} INFO - Sync 1 DAGs
[2026-07-26T15:31:23.328+0000] {logging_mixin.py:190} INFO - [2026-07-26T15:31:23.328+0000] {dag.py:4180} INFO - Setting next_dagrun for dbt_docs_generate_and_publish to 2026-07-26 02:00:00+00:00, run_after=2026-07-27 02:00:00+00:00
[2026-07-26T15:31:23.360+0000] {processor.py:208} INFO - Processing /opt/airflow/dags/dbt_docs_pipeline.py took 0.162 seconds
[2026-07-26T15:31:53.676+0000] {processor.py:186} INFO - Started process (PID=5561) to work on /opt/airflow/dags/dbt_docs_pipeline.py
[2026-07-26T15:31:53.678+0000] {processor.py:914} INFO - Processing file /opt/airflow/dags/dbt_docs_pipeline.py for tasks to queue
[2026-07-26T15:31:53.680+0000] {logging_mixin.py:190} INFO - [2026-07-26T15:31:53.680+0000] {dagbag.py:588} INFO - Filling up the DagBag from /opt/airflow/dags/dbt_docs_pipeline.py
[2026-07-26T15:31:53.713+0000] {processor.py:925} INFO - DAG(s) 'dbt_docs_generate_and_publish' retrieved from /opt/airflow/dags/dbt_docs_pipeline.py
[2026-07-26T15:31:53.736+0000] {logging_mixin.py:190} INFO - [2026-07-26T15:31:53.735+0000] {dag.py:3239} INFO - Sync 1 DAGs
[2026-07-26T15:31:53.757+0000] {logging_mixin.py:190} INFO - [2026-07-26T15:31:53.757+0000] {dag.py:4180} INFO - Setting next_dagrun for dbt_docs_generate_and_publish to 2026-07-26 02:00:00+00:00, run_after=2026-07-27 02:00:00+00:00
[2026-07-26T15:31:53.775+0000] {processor.py:208} INFO - Processing /opt/airflow/dags/dbt_docs_pipeline.py took 0.105 seconds
[2026-07-26T15:32:24.274+0000] {processor.py:186} INFO - Started process (PID=5653) to work on /opt/airflow/dags/dbt_docs_pipeline.py
[2026-07-26T15:32:24.276+0000] {processor.py:914} INFO - Processing file /opt/airflow/dags/dbt_docs_pipeline.py for tasks to queue
[2026-07-26T15:32:24.280+0000] {logging_mixin.py:190} INFO - [2026-07-26T15:32:24.279+0000] {dagbag.py:588} INFO - Filling up the DagBag from /opt/airflow/dags/dbt_docs_pipeline.py
[2026-07-26T15:32:24.315+0000] {processor.py:925} INFO - DAG(s) 'dbt_docs_generate_and_publish' retrieved from /opt/airflow/dags/dbt_docs_pipeline.py
[2026-07-26T15:32:24.353+0000] {logging_mixin.py:190} INFO - [2026-07-26T15:32:24.353+0000] {dag.py:3239} INFO - Sync 1 DAGs
[2026-07-26T15:32:24.391+0000] {logging_mixin.py:190} INFO - [2026-07-26T15:32:24.391+0000] {dag.py:4180} INFO - Setting next_dagrun for dbt_docs_generate_and_publish to 2026-07-26 02:00:00+00:00, run_after=2026-07-27 02:00:00+00:00
[2026-07-26T15:32:24.423+0000] {processor.py:208} INFO - Processing /opt/airflow/dags/dbt_docs_pipeline.py took 0.157 seconds
[2026-07-26T15:32:54.895+0000] {processor.py:186} INFO - Started process (PID=5756) to work on /opt/airflow/dags/dbt_docs_pipeline.py
[2026-07-26T15:32:54.901+0000] {processor.py:914} INFO - Processing file /opt/airflow/dags/dbt_docs_pipeline.py for tasks to queue
[2026-07-26T15:32:54.916+0000] {logging_mixin.py:190} INFO - [2026-07-26T15:32:54.913+0000] {dagbag.py:588} INFO - Filling up the DagBag from /opt/airflow/dags/dbt_docs_pipeline.py
[2026-07-26T15:32:54.979+0000] {processor.py:925} INFO - DAG(s) 'dbt_docs_generate_and_publish' retrieved from /opt/airflow/dags/dbt_docs_pipeline.py
[2026-07-26T15:32:55.030+0000] {logging_mixin.py:190} INFO - [2026-07-26T15:32:55.030+0000] {dag.py:3239} INFO - Sync 1 DAGs
[2026-07-26T15:32:55.062+0000] {logging_mixin.py:190} INFO - [2026-07-26T15:32:55.062+0000] {dag.py:4180} INFO - Setting next_dagrun for dbt_docs_generate_and_publish to 2026-07-26 02:00:00+00:00, run_after=2026-07-27 02:00:00+00:00
[2026-07-26T15:32:55.081+0000] {processor.py:208} INFO - Processing /opt/airflow/dags/dbt_docs_pipeline.py took 0.205 seconds
[2026-07-26T15:33:25.348+0000] {processor.py:186} INFO - Started process (PID=5867) to work on /opt/airflow/dags/dbt_docs_pipeline.py
[2026-07-26T15:33:25.350+0000] {processor.py:914} INFO - Processing file /opt/airflow/dags/dbt_docs_pipeline.py for tasks to queue
[2026-07-26T15:33:25.359+0000] {logging_mixin.py:190} INFO - [2026-07-26T15:33:25.359+0000] {dagbag.py:588} INFO - Filling up the DagBag from /opt/airflow/dags/dbt_docs_pipeline.py
[2026-07-26T15:33:25.418+0000] {processor.py:925} INFO - DAG(s) 'dbt_docs_generate_and_publish' retrieved from /opt/airflow/dags/dbt_docs_pipeline.py
[2026-07-26T15:33:25.657+0000] {logging_mixin.py:190} INFO - [2026-07-26T15:33:25.657+0000] {dag.py:3239} INFO - Sync 1 DAGs
[2026-07-26T15:33:25.722+0000] {logging_mixin.py:190} INFO - [2026-07-26T15:33:25.721+0000] {dag.py:4180} INFO - Setting next_dagrun for dbt_docs_generate_and_publish to 2026-07-26 02:00:00+00:00, run_after=2026-07-27 02:00:00+00:00
[2026-07-26T15:33:25.768+0000] {processor.py:208} INFO - Processing /opt/airflow/dags/dbt_docs_pipeline.py took 0.444 seconds
[2026-07-26T15:33:56.452+0000] {processor.py:186} INFO - Started process (PID=6009) to work on /opt/airflow/dags/dbt_docs_pipeline.py
[2026-07-26T15:33:56.454+0000] {processor.py:914} INFO - Processing file /opt/airflow/dags/dbt_docs_pipeline.py for tasks to queue
[2026-07-26T15:33:56.460+0000] {logging_mixin.py:190} INFO - [2026-07-26T15:33:56.459+0000] {dagbag.py:588} INFO - Filling up the DagBag from /opt/airflow/dags/dbt_docs_pipeline.py
[2026-07-26T15:33:56.501+0000] {processor.py:925} INFO - DAG(s) 'dbt_docs_generate_and_publish' retrieved from /opt/airflow/dags/dbt_docs_pipeline.py
[2026-07-26T15:33:56.548+0000] {logging_mixin.py:190} INFO - [2026-07-26T15:33:56.548+0000] {dag.py:3239} INFO - Sync 1 DAGs
[2026-07-26T15:33:56.592+0000] {logging_mixin.py:190} INFO - [2026-07-26T15:33:56.591+0000] {dag.py:4180} INFO - Setting next_dagrun for dbt_docs_generate_and_publish to 2026-07-26 02:00:00+00:00, run_after=2026-07-27 02:00:00+00:00
[2026-07-26T15:33:56.629+0000] {processor.py:208} INFO - Processing /opt/airflow/dags/dbt_docs_pipeline.py took 0.191 seconds
[2026-07-26T15:34:27.316+0000] {processor.py:186} INFO - Started process (PID=6130) to work on /opt/airflow/dags/dbt_docs_pipeline.py
[2026-07-26T15:34:27.318+0000] {processor.py:914} INFO - Processing file /opt/airflow/dags/dbt_docs_pipeline.py for tasks to queue
[2026-07-26T15:34:27.322+0000] {logging_mixin.py:190} INFO - [2026-07-26T15:34:27.322+0000] {dagbag.py:588} INFO - Filling up the DagBag from /opt/airflow/dags/dbt_docs_pipeline.py
[2026-07-26T15:34:27.371+0000] {processor.py:925} INFO - DAG(s) 'dbt_docs_generate_and_publish' retrieved from /opt/airflow/dags/dbt_docs_pipeline.py
[2026-07-26T15:34:27.428+0000] {logging_mixin.py:190} INFO - [2026-07-26T15:34:27.428+0000] {dag.py:3239} INFO - Sync 1 DAGs
[2026-07-26T15:34:27.496+0000] {logging_mixin.py:190} INFO - [2026-07-26T15:34:27.495+0000] {dag.py:4180} INFO - Setting next_dagrun for dbt_docs_generate_and_publish to 2026-07-26 02:00:00+00:00, run_after=2026-07-27 02:00:00+00:00
[2026-07-26T15:34:27.537+0000] {processor.py:208} INFO - Processing /opt/airflow/dags/dbt_docs_pipeline.py took 0.232 seconds
[2026-07-26T15:34:57.902+0000] {processor.py:186} INFO - Started process (PID=6270) to work on /opt/airflow/dags/dbt_docs_pipeline.py
[2026-07-26T15:34:57.903+0000] {processor.py:914} INFO - Processing file /opt/airflow/dags/dbt_docs_pipeline.py for tasks to queue
[2026-07-26T15:34:57.905+0000] {logging_mixin.py:190} INFO - [2026-07-26T15:34:57.905+0000] {dagbag.py:588} INFO - Filling up the DagBag from /opt/airflow/dags/dbt_docs_pipeline.py
[2026-07-26T15:34:57.932+0000] {processor.py:925} INFO - DAG(s) 'dbt_docs_generate_and_publish' retrieved from /opt/airflow/dags/dbt_docs_pipeline.py
[2026-07-26T15:34:57.958+0000] {logging_mixin.py:190} INFO - [2026-07-26T15:34:57.958+0000] {dag.py:3239} INFO - Sync 1 DAGs
[2026-07-26T15:34:57.982+0000] {logging_mixin.py:190} INFO - [2026-07-26T15:34:57.982+0000] {dag.py:4180} INFO - Setting next_dagrun for dbt_docs_generate_and_publish to 2026-07-26 02:00:00+00:00, run_after=2026-07-27 02:00:00+00:00
[2026-07-26T15:34:58.004+0000] {processor.py:208} INFO - Processing /opt/airflow/dags/dbt_docs_pipeline.py took 0.108 seconds
[2026-07-26T15:35:28.450+0000] {processor.py:186} INFO - Started process (PID=6363) to work on /opt/airflow/dags/dbt_docs_pipeline.py
[2026-07-26T15:35:28.451+0000] {processor.py:914} INFO - Processing file /opt/airflow/dags/dbt_docs_pipeline.py for tasks to queue
[2026-07-26T15:35:28.453+0000] {logging_mixin.py:190} INFO - [2026-07-26T15:35:28.453+0000] {dagbag.py:588} INFO - Filling up the DagBag from /opt/airflow/dags/dbt_docs_pipeline.py
[2026-07-26T15:35:28.480+0000] {processor.py:925} INFO - DAG(s) 'dbt_docs_generate_and_publish' retrieved from /opt/airflow/dags/dbt_docs_pipeline.py
[2026-07-26T15:35:28.505+0000] {logging_mixin.py:190} INFO - [2026-07-26T15:35:28.505+0000] {dag.py:3239} INFO - Sync 1 DAGs
[2026-07-26T15:35:28.530+0000] {logging_mixin.py:190} INFO - [2026-07-26T15:35:28.530+0000] {dag.py:4180} INFO - Setting next_dagrun for dbt_docs_generate_and_publish to 2026-07-26 02:00:00+00:00, run_after=2026-07-27 02:00:00+00:00
[2026-07-26T15:35:28.549+0000] {processor.py:208} INFO - Processing /opt/airflow/dags/dbt_docs_pipeline.py took 0.106 seconds
[2026-07-26T15:35:58.711+0000] {processor.py:186} INFO - Started process (PID=6434) to work on /opt/airflow/dags/dbt_docs_pipeline.py
[2026-07-26T15:35:58.712+0000] {processor.py:914} INFO - Processing file /opt/airflow/dags/dbt_docs_pipeline.py for tasks to queue
[2026-07-26T15:35:58.715+0000] {logging_mixin.py:190} INFO - [2026-07-26T15:35:58.715+0000] {dagbag.py:588} INFO - Filling up the DagBag from /opt/airflow/dags/dbt_docs_pipeline.py
[2026-07-26T15:35:58.743+0000] {processor.py:925} INFO - DAG(s) 'dbt_docs_generate_and_publish' retrieved from /opt/airflow/dags/dbt_docs_pipeline.py
[2026-07-26T15:35:58.768+0000] {logging_mixin.py:190} INFO - [2026-07-26T15:35:58.768+0000] {dag.py:3239} INFO - Sync 1 DAGs
[2026-07-26T15:35:58.794+0000] {logging_mixin.py:190} INFO - [2026-07-26T15:35:58.794+0000] {dag.py:4180} INFO - Setting next_dagrun for dbt_docs_generate_and_publish to 2026-07-26 02:00:00+00:00, run_after=2026-07-27 02:00:00+00:00
[2026-07-26T15:35:58.815+0000] {processor.py:208} INFO - Processing /opt/airflow/dags/dbt_docs_pipeline.py took 0.112 seconds
[2026-07-26T15:36:29.189+0000] {processor.py:186} INFO - Started process (PID=6527) to work on /opt/airflow/dags/dbt_docs_pipeline.py
[2026-07-26T15:36:29.190+0000] {processor.py:914} INFO - Processing file /opt/airflow/dags/dbt_docs_pipeline.py for tasks to queue
[2026-07-26T15:36:29.192+0000] {logging_mixin.py:190} INFO - [2026-07-26T15:36:29.192+0000] {dagbag.py:588} INFO - Filling up the DagBag from /opt/airflow/dags/dbt_docs_pipeline.py
[2026-07-26T15:36:29.219+0000] {processor.py:925} INFO - DAG(s) 'dbt_docs_generate_and_publish' retrieved from /opt/airflow/dags/dbt_docs_pipeline.py
[2026-07-26T15:36:29.243+0000] {logging_mixin.py:190} INFO - [2026-07-26T15:36:29.243+0000] {dag.py:3239} INFO - Sync 1 DAGs
[2026-07-26T15:36:29.266+0000] {logging_mixin.py:190} INFO - [2026-07-26T15:36:29.265+0000] {dag.py:4180} INFO - Setting next_dagrun for dbt_docs_generate_and_publish to 2026-07-26 02:00:00+00:00, run_after=2026-07-27 02:00:00+00:00
[2026-07-26T15:36:29.286+0000] {processor.py:208} INFO - Processing /opt/airflow/dags/dbt_docs_pipeline.py took 0.104 seconds
[2026-07-26T15:37:00.195+0000] {processor.py:186} INFO - Started process (PID=6603) to work on /opt/airflow/dags/dbt_docs_pipeline.py
[2026-07-26T15:37:00.196+0000] {processor.py:914} INFO - Processing file /opt/airflow/dags/dbt_docs_pipeline.py for tasks to queue
[2026-07-26T15:37:00.199+0000] {logging_mixin.py:190} INFO - [2026-07-26T15:37:00.198+0000] {dagbag.py:588} INFO - Filling up the DagBag from /opt/airflow/dags/dbt_docs_pipeline.py
[2026-07-26T15:37:00.227+0000] {processor.py:925} INFO - DAG(s) 'dbt_docs_generate_and_publish' retrieved from /opt/airflow/dags/dbt_docs_pipeline.py
[2026-07-26T15:37:00.249+0000] {logging_mixin.py:190} INFO - [2026-07-26T15:37:00.249+0000] {dag.py:3239} INFO - Sync 1 DAGs
[2026-07-26T15:37:00.270+0000] {logging_mixin.py:190} INFO - [2026-07-26T15:37:00.269+0000] {dag.py:4180} INFO - Setting next_dagrun for dbt_docs_generate_and_publish to 2026-07-26 02:00:00+00:00, run_after=2026-07-27 02:00:00+00:00
[2026-07-26T15:37:00.286+0000] {processor.py:208} INFO - Processing /opt/airflow/dags/dbt_docs_pipeline.py took 0.098 seconds
[2026-07-26T15:37:30.487+0000] {processor.py:186} INFO - Started process (PID=6657) to work on /opt/airflow/dags/dbt_docs_pipeline.py
[2026-07-26T15:37:30.488+0000] {processor.py:914} INFO - Processing file /opt/airflow/dags/dbt_docs_pipeline.py for tasks to queue
[2026-07-26T15:37:30.491+0000] {logging_mixin.py:190} INFO - [2026-07-26T15:37:30.490+0000] {dagbag.py:588} INFO - Filling up the DagBag from /opt/airflow/dags/dbt_docs_pipeline.py
[2026-07-26T15:37:30.521+0000] {processor.py:925} INFO - DAG(s) 'dbt_docs_generate_and_publish' retrieved from /opt/airflow/dags/dbt_docs_pipeline.py
[2026-07-26T15:37:30.548+0000] {logging_mixin.py:190} INFO - [2026-07-26T15:37:30.548+0000] {dag.py:3239} INFO - Sync 1 DAGs
[2026-07-26T15:37:30.574+0000] {logging_mixin.py:190} INFO - [2026-07-26T15:37:30.574+0000] {dag.py:4180} INFO - Setting next_dagrun for dbt_docs_generate_and_publish to 2026-07-26 02:00:00+00:00, run_after=2026-07-27 02:00:00+00:00
[2026-07-26T15:37:30.596+0000] {processor.py:208} INFO - Processing /opt/airflow/dags/dbt_docs_pipeline.py took 0.115 seconds
