[2026-07-26T02:01:17.653+0000] {processor.py:186} INFO - Started process (PID=180) to work on /opt/airflow/dags/setup_lakehouse_infrastructure_v3.py
[2026-07-26T02:01:17.657+0000] {processor.py:914} INFO - Processing file /opt/airflow/dags/setup_lakehouse_infrastructure_v3.py for tasks to queue
[2026-07-26T02:01:17.662+0000] {logging_mixin.py:190} INFO - [2026-07-26T02:01:17.661+0000] {dagbag.py:588} INFO - Filling up the DagBag from /opt/airflow/dags/setup_lakehouse_infrastructure_v3.py
[2026-07-26T02:01:17.706+0000] {processor.py:925} INFO - DAG(s) 'setup_lakehouse_infrastructure_v3' retrieved from /opt/airflow/dags/setup_lakehouse_infrastructure_v3.py
[2026-07-26T02:01:17.810+0000] {logging_mixin.py:190} INFO - [2026-07-26T02:01:17.809+0000] {override.py:1900} INFO - Created Permission View: can read on DAG:setup_lakehouse_infrastructure_v3
[2026-07-26T02:01:17.828+0000] {logging_mixin.py:190} INFO - [2026-07-26T02:01:17.827+0000] {override.py:1900} INFO - Created Permission View: can delete on DAG:setup_lakehouse_infrastructure_v3
[2026-07-26T02:01:17.858+0000] {logging_mixin.py:190} INFO - [2026-07-26T02:01:17.857+0000] {override.py:1900} INFO - Created Permission View: can edit on DAG:setup_lakehouse_infrastructure_v3
[2026-07-26T02:01:17.887+0000] {logging_mixin.py:190} INFO - [2026-07-26T02:01:17.887+0000] {override.py:1900} INFO - Created Permission View: can read on DAG Run:setup_lakehouse_infrastructure_v3
[2026-07-26T02:01:17.905+0000] {logging_mixin.py:190} INFO - [2026-07-26T02:01:17.905+0000] {override.py:1900} INFO - Created Permission View: menu access on DAG Run:setup_lakehouse_infrastructure_v3
[2026-07-26T02:01:17.918+0000] {logging_mixin.py:190} INFO - [2026-07-26T02:01:17.918+0000] {override.py:1900} INFO - Created Permission View: can delete on DAG Run:setup_lakehouse_infrastructure_v3
[2026-07-26T02:01:17.931+0000] {logging_mixin.py:190} INFO - [2026-07-26T02:01:17.930+0000] {override.py:1900} INFO - Created Permission View: can create on DAG Run:setup_lakehouse_infrastructure_v3
[2026-07-26T02:01:17.932+0000] {logging_mixin.py:190} INFO - [2026-07-26T02:01:17.932+0000] {dag.py:3239} INFO - Sync 1 DAGs
[2026-07-26T02:01:17.952+0000] {logging_mixin.py:190} INFO - [2026-07-26T02:01:17.951+0000] {dag.py:3262} INFO - Creating ORM DAG for setup_lakehouse_infrastructure_v3
[2026-07-26T02:01:17.972+0000] {logging_mixin.py:190} INFO - [2026-07-26T02:01:17.972+0000] {dag.py:4180} INFO - Setting next_dagrun for setup_lakehouse_infrastructure_v3 to 2024-01-01 00:00:00+00:00, run_after=2024-01-01 00:00:00+00:00
[2026-07-26T02:01:18.018+0000] {processor.py:208} INFO - Processing /opt/airflow/dags/setup_lakehouse_infrastructure_v3.py took 0.390 seconds
[2026-07-26T02:01:48.093+0000] {processor.py:186} INFO - Started process (PID=275) to work on /opt/airflow/dags/setup_lakehouse_infrastructure_v3.py
[2026-07-26T02:01:48.094+0000] {processor.py:914} INFO - Processing file /opt/airflow/dags/setup_lakehouse_infrastructure_v3.py for tasks to queue
[2026-07-26T02:01:48.097+0000] {logging_mixin.py:190} INFO - [2026-07-26T02:01:48.096+0000] {dagbag.py:588} INFO - Filling up the DagBag from /opt/airflow/dags/setup_lakehouse_infrastructure_v3.py
[2026-07-26T02:01:48.129+0000] {processor.py:925} INFO - DAG(s) 'setup_lakehouse_infrastructure_v3' retrieved from /opt/airflow/dags/setup_lakehouse_infrastructure_v3.py
[2026-07-26T02:01:48.155+0000] {logging_mixin.py:190} INFO - [2026-07-26T02:01:48.155+0000] {dag.py:3239} INFO - Sync 1 DAGs
[2026-07-26T02:01:48.180+0000] {logging_mixin.py:190} INFO - [2026-07-26T02:01:48.180+0000] {dag.py:4180} INFO - Setting next_dagrun for setup_lakehouse_infrastructure_v3 to 2024-01-01 00:00:00+00:00, run_after=2024-01-01 00:00:00+00:00
[2026-07-26T02:01:48.206+0000] {processor.py:208} INFO - Processing /opt/airflow/dags/setup_lakehouse_infrastructure_v3.py took 0.119 seconds
[2026-07-26T02:02:18.712+0000] {processor.py:186} INFO - Started process (PID=361) to work on /opt/airflow/dags/setup_lakehouse_infrastructure_v3.py
[2026-07-26T02:02:18.713+0000] {processor.py:914} INFO - Processing file /opt/airflow/dags/setup_lakehouse_infrastructure_v3.py for tasks to queue
[2026-07-26T02:02:18.716+0000] {logging_mixin.py:190} INFO - [2026-07-26T02:02:18.716+0000] {dagbag.py:588} INFO - Filling up the DagBag from /opt/airflow/dags/setup_lakehouse_infrastructure_v3.py
[2026-07-26T02:02:18.745+0000] {processor.py:925} INFO - DAG(s) 'setup_lakehouse_infrastructure_v3' retrieved from /opt/airflow/dags/setup_lakehouse_infrastructure_v3.py
[2026-07-26T02:02:18.768+0000] {logging_mixin.py:190} INFO - [2026-07-26T02:02:18.768+0000] {dag.py:3239} INFO - Sync 1 DAGs
[2026-07-26T02:02:18.791+0000] {logging_mixin.py:190} INFO - [2026-07-26T02:02:18.791+0000] {dag.py:4180} INFO - Setting next_dagrun for setup_lakehouse_infrastructure_v3 to 2024-01-01 00:00:00+00:00, run_after=2024-01-01 00:00:00+00:00
[2026-07-26T02:02:18.808+0000] {processor.py:208} INFO - Processing /opt/airflow/dags/setup_lakehouse_infrastructure_v3.py took 0.102 seconds
[2026-07-26T02:02:49.516+0000] {processor.py:186} INFO - Started process (PID=455) to work on /opt/airflow/dags/setup_lakehouse_infrastructure_v3.py
[2026-07-26T02:02:49.517+0000] {processor.py:914} INFO - Processing file /opt/airflow/dags/setup_lakehouse_infrastructure_v3.py for tasks to queue
[2026-07-26T02:02:49.519+0000] {logging_mixin.py:190} INFO - [2026-07-26T02:02:49.519+0000] {dagbag.py:588} INFO - Filling up the DagBag from /opt/airflow/dags/setup_lakehouse_infrastructure_v3.py
[2026-07-26T02:02:49.552+0000] {processor.py:925} INFO - DAG(s) 'setup_lakehouse_infrastructure_v3' retrieved from /opt/airflow/dags/setup_lakehouse_infrastructure_v3.py
[2026-07-26T02:02:49.577+0000] {logging_mixin.py:190} INFO - [2026-07-26T02:02:49.577+0000] {dag.py:3239} INFO - Sync 1 DAGs
[2026-07-26T02:02:49.599+0000] {logging_mixin.py:190} INFO - [2026-07-26T02:02:49.599+0000] {dag.py:4180} INFO - Setting next_dagrun for setup_lakehouse_infrastructure_v3 to 2024-01-01 00:00:00+00:00, run_after=2024-01-01 00:00:00+00:00
[2026-07-26T02:02:49.622+0000] {processor.py:208} INFO - Processing /opt/airflow/dags/setup_lakehouse_infrastructure_v3.py took 0.113 seconds
[2026-07-26T02:03:20.363+0000] {processor.py:186} INFO - Started process (PID=544) to work on /opt/airflow/dags/setup_lakehouse_infrastructure_v3.py
[2026-07-26T02:03:20.365+0000] {processor.py:914} INFO - Processing file /opt/airflow/dags/setup_lakehouse_infrastructure_v3.py for tasks to queue
[2026-07-26T02:03:20.367+0000] {logging_mixin.py:190} INFO - [2026-07-26T02:03:20.367+0000] {dagbag.py:588} INFO - Filling up the DagBag from /opt/airflow/dags/setup_lakehouse_infrastructure_v3.py
[2026-07-26T02:03:20.394+0000] {processor.py:925} INFO - DAG(s) 'setup_lakehouse_infrastructure_v3' retrieved from /opt/airflow/dags/setup_lakehouse_infrastructure_v3.py
[2026-07-26T02:03:20.420+0000] {logging_mixin.py:190} INFO - [2026-07-26T02:03:20.419+0000] {dag.py:3239} INFO - Sync 1 DAGs
[2026-07-26T02:03:20.444+0000] {logging_mixin.py:190} INFO - [2026-07-26T02:03:20.444+0000] {dag.py:4180} INFO - Setting next_dagrun for setup_lakehouse_infrastructure_v3 to 2024-01-01 00:00:00+00:00, run_after=2024-01-01 00:00:00+00:00
[2026-07-26T02:03:20.468+0000] {processor.py:208} INFO - Processing /opt/airflow/dags/setup_lakehouse_infrastructure_v3.py took 0.111 seconds
[2026-07-26T02:03:50.709+0000] {processor.py:186} INFO - Started process (PID=634) to work on /opt/airflow/dags/setup_lakehouse_infrastructure_v3.py
[2026-07-26T02:03:50.710+0000] {processor.py:914} INFO - Processing file /opt/airflow/dags/setup_lakehouse_infrastructure_v3.py for tasks to queue
[2026-07-26T02:03:50.713+0000] {logging_mixin.py:190} INFO - [2026-07-26T02:03:50.712+0000] {dagbag.py:588} INFO - Filling up the DagBag from /opt/airflow/dags/setup_lakehouse_infrastructure_v3.py
[2026-07-26T02:03:50.737+0000] {processor.py:925} INFO - DAG(s) 'setup_lakehouse_infrastructure_v3' retrieved from /opt/airflow/dags/setup_lakehouse_infrastructure_v3.py
[2026-07-26T02:03:50.759+0000] {logging_mixin.py:190} INFO - [2026-07-26T02:03:50.759+0000] {dag.py:3239} INFO - Sync 1 DAGs
[2026-07-26T02:03:50.781+0000] {logging_mixin.py:190} INFO - [2026-07-26T02:03:50.780+0000] {dag.py:4180} INFO - Setting next_dagrun for setup_lakehouse_infrastructure_v3 to 2024-01-01 00:00:00+00:00, run_after=2024-01-01 00:00:00+00:00
[2026-07-26T02:03:50.803+0000] {processor.py:208} INFO - Processing /opt/airflow/dags/setup_lakehouse_infrastructure_v3.py took 0.099 seconds
[2026-07-26T02:04:21.587+0000] {processor.py:186} INFO - Started process (PID=727) to work on /opt/airflow/dags/setup_lakehouse_infrastructure_v3.py
[2026-07-26T02:04:21.589+0000] {processor.py:914} INFO - Processing file /opt/airflow/dags/setup_lakehouse_infrastructure_v3.py for tasks to queue
[2026-07-26T02:04:21.591+0000] {logging_mixin.py:190} INFO - [2026-07-26T02:04:21.591+0000] {dagbag.py:588} INFO - Filling up the DagBag from /opt/airflow/dags/setup_lakehouse_infrastructure_v3.py
[2026-07-26T02:04:21.614+0000] {processor.py:925} INFO - DAG(s) 'setup_lakehouse_infrastructure_v3' retrieved from /opt/airflow/dags/setup_lakehouse_infrastructure_v3.py
[2026-07-26T02:04:21.635+0000] {logging_mixin.py:190} INFO - [2026-07-26T02:04:21.635+0000] {dag.py:3239} INFO - Sync 1 DAGs
[2026-07-26T02:04:21.655+0000] {logging_mixin.py:190} INFO - [2026-07-26T02:04:21.655+0000] {dag.py:4180} INFO - Setting next_dagrun for setup_lakehouse_infrastructure_v3 to 2024-01-01 00:00:00+00:00, run_after=2024-01-01 00:00:00+00:00
[2026-07-26T02:04:21.675+0000] {processor.py:208} INFO - Processing /opt/airflow/dags/setup_lakehouse_infrastructure_v3.py took 0.093 seconds
[2026-07-26T02:04:52.058+0000] {processor.py:186} INFO - Started process (PID=818) to work on /opt/airflow/dags/setup_lakehouse_infrastructure_v3.py
[2026-07-26T02:04:52.059+0000] {processor.py:914} INFO - Processing file /opt/airflow/dags/setup_lakehouse_infrastructure_v3.py for tasks to queue
[2026-07-26T02:04:52.062+0000] {logging_mixin.py:190} INFO - [2026-07-26T02:04:52.061+0000] {dagbag.py:588} INFO - Filling up the DagBag from /opt/airflow/dags/setup_lakehouse_infrastructure_v3.py
[2026-07-26T02:04:52.091+0000] {processor.py:925} INFO - DAG(s) 'setup_lakehouse_infrastructure_v3' retrieved from /opt/airflow/dags/setup_lakehouse_infrastructure_v3.py
[2026-07-26T02:04:52.121+0000] {logging_mixin.py:190} INFO - [2026-07-26T02:04:52.121+0000] {dag.py:3239} INFO - Sync 1 DAGs
[2026-07-26T02:04:52.143+0000] {logging_mixin.py:190} INFO - [2026-07-26T02:04:52.143+0000] {dag.py:4180} INFO - Setting next_dagrun for setup_lakehouse_infrastructure_v3 to 2024-01-01 00:00:00+00:00, run_after=2024-01-01 00:00:00+00:00
[2026-07-26T02:04:52.164+0000] {processor.py:208} INFO - Processing /opt/airflow/dags/setup_lakehouse_infrastructure_v3.py took 0.112 seconds
[2026-07-26T02:05:22.236+0000] {processor.py:186} INFO - Started process (PID=908) to work on /opt/airflow/dags/setup_lakehouse_infrastructure_v3.py
[2026-07-26T02:05:22.237+0000] {processor.py:914} INFO - Processing file /opt/airflow/dags/setup_lakehouse_infrastructure_v3.py for tasks to queue
[2026-07-26T02:05:22.239+0000] {logging_mixin.py:190} INFO - [2026-07-26T02:05:22.239+0000] {dagbag.py:588} INFO - Filling up the DagBag from /opt/airflow/dags/setup_lakehouse_infrastructure_v3.py
[2026-07-26T02:05:22.263+0000] {processor.py:925} INFO - DAG(s) 'setup_lakehouse_infrastructure_v3' retrieved from /opt/airflow/dags/setup_lakehouse_infrastructure_v3.py
[2026-07-26T02:05:22.284+0000] {logging_mixin.py:190} INFO - [2026-07-26T02:05:22.284+0000] {dag.py:3239} INFO - Sync 1 DAGs
[2026-07-26T02:05:22.305+0000] {logging_mixin.py:190} INFO - [2026-07-26T02:05:22.305+0000] {dag.py:4180} INFO - Setting next_dagrun for setup_lakehouse_infrastructure_v3 to 2024-01-01 00:00:00+00:00, run_after=2024-01-01 00:00:00+00:00
[2026-07-26T02:05:22.324+0000] {processor.py:208} INFO - Processing /opt/airflow/dags/setup_lakehouse_infrastructure_v3.py took 0.093 seconds
[2026-07-26T02:05:52.859+0000] {processor.py:186} INFO - Started process (PID=1001) to work on /opt/airflow/dags/setup_lakehouse_infrastructure_v3.py
[2026-07-26T02:05:52.860+0000] {processor.py:914} INFO - Processing file /opt/airflow/dags/setup_lakehouse_infrastructure_v3.py for tasks to queue
[2026-07-26T02:05:52.863+0000] {logging_mixin.py:190} INFO - [2026-07-26T02:05:52.862+0000] {dagbag.py:588} INFO - Filling up the DagBag from /opt/airflow/dags/setup_lakehouse_infrastructure_v3.py
[2026-07-26T02:05:52.890+0000] {processor.py:925} INFO - DAG(s) 'setup_lakehouse_infrastructure_v3' retrieved from /opt/airflow/dags/setup_lakehouse_infrastructure_v3.py
[2026-07-26T02:05:52.910+0000] {logging_mixin.py:190} INFO - [2026-07-26T02:05:52.910+0000] {dag.py:3239} INFO - Sync 1 DAGs
[2026-07-26T02:05:52.930+0000] {logging_mixin.py:190} INFO - [2026-07-26T02:05:52.930+0000] {dag.py:4180} INFO - Setting next_dagrun for setup_lakehouse_infrastructure_v3 to 2024-01-01 00:00:00+00:00, run_after=2024-01-01 00:00:00+00:00
[2026-07-26T02:05:52.950+0000] {processor.py:208} INFO - Processing /opt/airflow/dags/setup_lakehouse_infrastructure_v3.py took 0.096 seconds
[2026-07-26T02:06:23.034+0000] {processor.py:186} INFO - Started process (PID=1092) to work on /opt/airflow/dags/setup_lakehouse_infrastructure_v3.py
[2026-07-26T02:06:23.035+0000] {processor.py:914} INFO - Processing file /opt/airflow/dags/setup_lakehouse_infrastructure_v3.py for tasks to queue
[2026-07-26T02:06:23.037+0000] {logging_mixin.py:190} INFO - [2026-07-26T02:06:23.037+0000] {dagbag.py:588} INFO - Filling up the DagBag from /opt/airflow/dags/setup_lakehouse_infrastructure_v3.py
[2026-07-26T02:06:23.064+0000] {processor.py:925} INFO - DAG(s) 'setup_lakehouse_infrastructure_v3' retrieved from /opt/airflow/dags/setup_lakehouse_infrastructure_v3.py
[2026-07-26T02:06:23.086+0000] {logging_mixin.py:190} INFO - [2026-07-26T02:06:23.086+0000] {dag.py:3239} INFO - Sync 1 DAGs
[2026-07-26T02:06:23.108+0000] {logging_mixin.py:190} INFO - [2026-07-26T02:06:23.108+0000] {dag.py:4180} INFO - Setting next_dagrun for setup_lakehouse_infrastructure_v3 to 2024-01-01 00:00:00+00:00, run_after=2024-01-01 00:00:00+00:00
[2026-07-26T02:06:23.127+0000] {processor.py:208} INFO - Processing /opt/airflow/dags/setup_lakehouse_infrastructure_v3.py took 0.099 seconds
[2026-07-26T02:06:53.516+0000] {processor.py:186} INFO - Started process (PID=1185) to work on /opt/airflow/dags/setup_lakehouse_infrastructure_v3.py
[2026-07-26T02:06:53.517+0000] {processor.py:914} INFO - Processing file /opt/airflow/dags/setup_lakehouse_infrastructure_v3.py for tasks to queue
[2026-07-26T02:06:53.519+0000] {logging_mixin.py:190} INFO - [2026-07-26T02:06:53.518+0000] {dagbag.py:588} INFO - Filling up the DagBag from /opt/airflow/dags/setup_lakehouse_infrastructure_v3.py
[2026-07-26T02:06:53.542+0000] {processor.py:925} INFO - DAG(s) 'setup_lakehouse_infrastructure_v3' retrieved from /opt/airflow/dags/setup_lakehouse_infrastructure_v3.py
[2026-07-26T02:06:53.564+0000] {logging_mixin.py:190} INFO - [2026-07-26T02:06:53.564+0000] {dag.py:3239} INFO - Sync 1 DAGs
[2026-07-26T02:06:53.583+0000] {logging_mixin.py:190} INFO - [2026-07-26T02:06:53.583+0000] {dag.py:4180} INFO - Setting next_dagrun for setup_lakehouse_infrastructure_v3 to 2024-01-01 00:00:00+00:00, run_after=2024-01-01 00:00:00+00:00
[2026-07-26T02:06:53.599+0000] {processor.py:208} INFO - Processing /opt/airflow/dags/setup_lakehouse_infrastructure_v3.py took 0.088 seconds
[2026-07-26T02:07:23.758+0000] {processor.py:186} INFO - Started process (PID=1275) to work on /opt/airflow/dags/setup_lakehouse_infrastructure_v3.py
[2026-07-26T02:07:23.759+0000] {processor.py:914} INFO - Processing file /opt/airflow/dags/setup_lakehouse_infrastructure_v3.py for tasks to queue
[2026-07-26T02:07:23.761+0000] {logging_mixin.py:190} INFO - [2026-07-26T02:07:23.761+0000] {dagbag.py:588} INFO - Filling up the DagBag from /opt/airflow/dags/setup_lakehouse_infrastructure_v3.py
[2026-07-26T02:07:23.788+0000] {processor.py:925} INFO - DAG(s) 'setup_lakehouse_infrastructure_v3' retrieved from /opt/airflow/dags/setup_lakehouse_infrastructure_v3.py
[2026-07-26T02:07:23.808+0000] {logging_mixin.py:190} INFO - [2026-07-26T02:07:23.807+0000] {dag.py:3239} INFO - Sync 1 DAGs
[2026-07-26T02:07:23.827+0000] {logging_mixin.py:190} INFO - [2026-07-26T02:07:23.827+0000] {dag.py:4180} INFO - Setting next_dagrun for setup_lakehouse_infrastructure_v3 to 2024-01-01 00:00:00+00:00, run_after=2024-01-01 00:00:00+00:00
[2026-07-26T02:07:23.846+0000] {processor.py:208} INFO - Processing /opt/airflow/dags/setup_lakehouse_infrastructure_v3.py took 0.093 seconds
[2026-07-26T02:07:53.920+0000] {processor.py:186} INFO - Started process (PID=1366) to work on /opt/airflow/dags/setup_lakehouse_infrastructure_v3.py
[2026-07-26T02:07:53.921+0000] {processor.py:914} INFO - Processing file /opt/airflow/dags/setup_lakehouse_infrastructure_v3.py for tasks to queue
[2026-07-26T02:07:53.923+0000] {logging_mixin.py:190} INFO - [2026-07-26T02:07:53.923+0000] {dagbag.py:588} INFO - Filling up the DagBag from /opt/airflow/dags/setup_lakehouse_infrastructure_v3.py
[2026-07-26T02:07:53.953+0000] {processor.py:925} INFO - DAG(s) 'setup_lakehouse_infrastructure_v3' retrieved from /opt/airflow/dags/setup_lakehouse_infrastructure_v3.py
[2026-07-26T02:07:53.976+0000] {logging_mixin.py:190} INFO - [2026-07-26T02:07:53.976+0000] {dag.py:3239} INFO - Sync 1 DAGs
[2026-07-26T02:07:54.000+0000] {logging_mixin.py:190} INFO - [2026-07-26T02:07:54.000+0000] {dag.py:4180} INFO - Setting next_dagrun for setup_lakehouse_infrastructure_v3 to 2024-01-01 00:00:00+00:00, run_after=2024-01-01 00:00:00+00:00
[2026-07-26T02:07:54.020+0000] {processor.py:208} INFO - Processing /opt/airflow/dags/setup_lakehouse_infrastructure_v3.py took 0.106 seconds
[2026-07-26T02:08:24.438+0000] {processor.py:186} INFO - Started process (PID=1459) to work on /opt/airflow/dags/setup_lakehouse_infrastructure_v3.py
[2026-07-26T02:08:24.439+0000] {processor.py:914} INFO - Processing file /opt/airflow/dags/setup_lakehouse_infrastructure_v3.py for tasks to queue
[2026-07-26T02:08:24.441+0000] {logging_mixin.py:190} INFO - [2026-07-26T02:08:24.441+0000] {dagbag.py:588} INFO - Filling up the DagBag from /opt/airflow/dags/setup_lakehouse_infrastructure_v3.py
[2026-07-26T02:08:24.467+0000] {processor.py:925} INFO - DAG(s) 'setup_lakehouse_infrastructure_v3' retrieved from /opt/airflow/dags/setup_lakehouse_infrastructure_v3.py
[2026-07-26T02:08:24.490+0000] {logging_mixin.py:190} INFO - [2026-07-26T02:08:24.490+0000] {dag.py:3239} INFO - Sync 1 DAGs
[2026-07-26T02:08:24.512+0000] {logging_mixin.py:190} INFO - [2026-07-26T02:08:24.512+0000] {dag.py:4180} INFO - Setting next_dagrun for setup_lakehouse_infrastructure_v3 to 2024-01-01 00:00:00+00:00, run_after=2024-01-01 00:00:00+00:00
[2026-07-26T02:08:24.533+0000] {processor.py:208} INFO - Processing /opt/airflow/dags/setup_lakehouse_infrastructure_v3.py took 0.101 seconds
[2026-07-26T02:08:54.778+0000] {processor.py:186} INFO - Started process (PID=1547) to work on /opt/airflow/dags/setup_lakehouse_infrastructure_v3.py
[2026-07-26T02:08:54.780+0000] {processor.py:914} INFO - Processing file /opt/airflow/dags/setup_lakehouse_infrastructure_v3.py for tasks to queue
[2026-07-26T02:08:54.782+0000] {logging_mixin.py:190} INFO - [2026-07-26T02:08:54.782+0000] {dagbag.py:588} INFO - Filling up the DagBag from /opt/airflow/dags/setup_lakehouse_infrastructure_v3.py
[2026-07-26T02:08:54.814+0000] {processor.py:925} INFO - DAG(s) 'setup_lakehouse_infrastructure_v3' retrieved from /opt/airflow/dags/setup_lakehouse_infrastructure_v3.py
[2026-07-26T02:08:54.842+0000] {logging_mixin.py:190} INFO - [2026-07-26T02:08:54.842+0000] {dag.py:3239} INFO - Sync 1 DAGs
[2026-07-26T02:08:54.865+0000] {logging_mixin.py:190} INFO - [2026-07-26T02:08:54.865+0000] {dag.py:4180} INFO - Setting next_dagrun for setup_lakehouse_infrastructure_v3 to 2024-01-01 00:00:00+00:00, run_after=2024-01-01 00:00:00+00:00
[2026-07-26T02:08:54.883+0000] {processor.py:208} INFO - Processing /opt/airflow/dags/setup_lakehouse_infrastructure_v3.py took 0.110 seconds
[2026-07-26T02:09:25.166+0000] {processor.py:186} INFO - Started process (PID=1640) to work on /opt/airflow/dags/setup_lakehouse_infrastructure_v3.py
[2026-07-26T02:09:25.167+0000] {processor.py:914} INFO - Processing file /opt/airflow/dags/setup_lakehouse_infrastructure_v3.py for tasks to queue
[2026-07-26T02:09:25.169+0000] {logging_mixin.py:190} INFO - [2026-07-26T02:09:25.169+0000] {dagbag.py:588} INFO - Filling up the DagBag from /opt/airflow/dags/setup_lakehouse_infrastructure_v3.py
[2026-07-26T02:09:25.197+0000] {processor.py:925} INFO - DAG(s) 'setup_lakehouse_infrastructure_v3' retrieved from /opt/airflow/dags/setup_lakehouse_infrastructure_v3.py
[2026-07-26T02:09:25.222+0000] {logging_mixin.py:190} INFO - [2026-07-26T02:09:25.221+0000] {dag.py:3239} INFO - Sync 1 DAGs
[2026-07-26T02:09:25.243+0000] {logging_mixin.py:190} INFO - [2026-07-26T02:09:25.242+0000] {dag.py:4180} INFO - Setting next_dagrun for setup_lakehouse_infrastructure_v3 to 2024-01-01 00:00:00+00:00, run_after=2024-01-01 00:00:00+00:00
[2026-07-26T02:09:25.261+0000] {processor.py:208} INFO - Processing /opt/airflow/dags/setup_lakehouse_infrastructure_v3.py took 0.100 seconds
[2026-07-26T02:09:56.128+0000] {processor.py:186} INFO - Started process (PID=1733) to work on /opt/airflow/dags/setup_lakehouse_infrastructure_v3.py
[2026-07-26T02:09:56.129+0000] {processor.py:914} INFO - Processing file /opt/airflow/dags/setup_lakehouse_infrastructure_v3.py for tasks to queue
[2026-07-26T02:09:56.131+0000] {logging_mixin.py:190} INFO - [2026-07-26T02:09:56.131+0000] {dagbag.py:588} INFO - Filling up the DagBag from /opt/airflow/dags/setup_lakehouse_infrastructure_v3.py
[2026-07-26T02:09:56.159+0000] {processor.py:925} INFO - DAG(s) 'setup_lakehouse_infrastructure_v3' retrieved from /opt/airflow/dags/setup_lakehouse_infrastructure_v3.py
[2026-07-26T02:09:56.180+0000] {logging_mixin.py:190} INFO - [2026-07-26T02:09:56.180+0000] {dag.py:3239} INFO - Sync 1 DAGs
[2026-07-26T02:09:56.202+0000] {logging_mixin.py:190} INFO - [2026-07-26T02:09:56.202+0000] {dag.py:4180} INFO - Setting next_dagrun for setup_lakehouse_infrastructure_v3 to 2024-01-01 00:00:00+00:00, run_after=2024-01-01 00:00:00+00:00
[2026-07-26T02:09:56.220+0000] {processor.py:208} INFO - Processing /opt/airflow/dags/setup_lakehouse_infrastructure_v3.py took 0.098 seconds
[2026-07-26T02:10:26.817+0000] {processor.py:186} INFO - Started process (PID=1823) to work on /opt/airflow/dags/setup_lakehouse_infrastructure_v3.py
[2026-07-26T02:10:26.818+0000] {processor.py:914} INFO - Processing file /opt/airflow/dags/setup_lakehouse_infrastructure_v3.py for tasks to queue
[2026-07-26T02:10:26.820+0000] {logging_mixin.py:190} INFO - [2026-07-26T02:10:26.820+0000] {dagbag.py:588} INFO - Filling up the DagBag from /opt/airflow/dags/setup_lakehouse_infrastructure_v3.py
[2026-07-26T02:10:26.844+0000] {processor.py:925} INFO - DAG(s) 'setup_lakehouse_infrastructure_v3' retrieved from /opt/airflow/dags/setup_lakehouse_infrastructure_v3.py
[2026-07-26T02:10:26.866+0000] {logging_mixin.py:190} INFO - [2026-07-26T02:10:26.865+0000] {dag.py:3239} INFO - Sync 1 DAGs
[2026-07-26T02:10:26.885+0000] {logging_mixin.py:190} INFO - [2026-07-26T02:10:26.885+0000] {dag.py:4180} INFO - Setting next_dagrun for setup_lakehouse_infrastructure_v3 to 2024-01-01 00:00:00+00:00, run_after=2024-01-01 00:00:00+00:00
[2026-07-26T02:10:26.903+0000] {processor.py:208} INFO - Processing /opt/airflow/dags/setup_lakehouse_infrastructure_v3.py took 0.091 seconds
[2026-07-26T02:10:57.181+0000] {processor.py:186} INFO - Started process (PID=1914) to work on /opt/airflow/dags/setup_lakehouse_infrastructure_v3.py
[2026-07-26T02:10:57.182+0000] {processor.py:914} INFO - Processing file /opt/airflow/dags/setup_lakehouse_infrastructure_v3.py for tasks to queue
[2026-07-26T02:10:57.184+0000] {logging_mixin.py:190} INFO - [2026-07-26T02:10:57.184+0000] {dagbag.py:588} INFO - Filling up the DagBag from /opt/airflow/dags/setup_lakehouse_infrastructure_v3.py
[2026-07-26T02:10:57.216+0000] {processor.py:925} INFO - DAG(s) 'setup_lakehouse_infrastructure_v3' retrieved from /opt/airflow/dags/setup_lakehouse_infrastructure_v3.py
[2026-07-26T02:10:57.241+0000] {logging_mixin.py:190} INFO - [2026-07-26T02:10:57.241+0000] {dag.py:3239} INFO - Sync 1 DAGs
[2026-07-26T02:10:57.264+0000] {logging_mixin.py:190} INFO - [2026-07-26T02:10:57.263+0000] {dag.py:4180} INFO - Setting next_dagrun for setup_lakehouse_infrastructure_v3 to 2024-01-01 00:00:00+00:00, run_after=2024-01-01 00:00:00+00:00
[2026-07-26T02:10:57.281+0000] {processor.py:208} INFO - Processing /opt/airflow/dags/setup_lakehouse_infrastructure_v3.py took 0.105 seconds
[2026-07-26T02:11:27.644+0000] {processor.py:186} INFO - Started process (PID=2007) to work on /opt/airflow/dags/setup_lakehouse_infrastructure_v3.py
[2026-07-26T02:11:27.646+0000] {processor.py:914} INFO - Processing file /opt/airflow/dags/setup_lakehouse_infrastructure_v3.py for tasks to queue
[2026-07-26T02:11:27.648+0000] {logging_mixin.py:190} INFO - [2026-07-26T02:11:27.647+0000] {dagbag.py:588} INFO - Filling up the DagBag from /opt/airflow/dags/setup_lakehouse_infrastructure_v3.py
[2026-07-26T02:11:27.669+0000] {processor.py:925} INFO - DAG(s) 'setup_lakehouse_infrastructure_v3' retrieved from /opt/airflow/dags/setup_lakehouse_infrastructure_v3.py
[2026-07-26T02:11:27.691+0000] {logging_mixin.py:190} INFO - [2026-07-26T02:11:27.691+0000] {dag.py:3239} INFO - Sync 1 DAGs
[2026-07-26T02:11:27.714+0000] {logging_mixin.py:190} INFO - [2026-07-26T02:11:27.714+0000] {dag.py:4180} INFO - Setting next_dagrun for setup_lakehouse_infrastructure_v3 to 2024-01-01 00:00:00+00:00, run_after=2024-01-01 00:00:00+00:00
[2026-07-26T02:11:27.733+0000] {processor.py:208} INFO - Processing /opt/airflow/dags/setup_lakehouse_infrastructure_v3.py took 0.094 seconds
[2026-07-26T02:11:57.872+0000] {processor.py:186} INFO - Started process (PID=2095) to work on /opt/airflow/dags/setup_lakehouse_infrastructure_v3.py
[2026-07-26T02:11:57.873+0000] {processor.py:914} INFO - Processing file /opt/airflow/dags/setup_lakehouse_infrastructure_v3.py for tasks to queue
[2026-07-26T02:11:57.876+0000] {logging_mixin.py:190} INFO - [2026-07-26T02:11:57.876+0000] {dagbag.py:588} INFO - Filling up the DagBag from /opt/airflow/dags/setup_lakehouse_infrastructure_v3.py
[2026-07-26T02:11:57.904+0000] {processor.py:925} INFO - DAG(s) 'setup_lakehouse_infrastructure_v3' retrieved from /opt/airflow/dags/setup_lakehouse_infrastructure_v3.py
[2026-07-26T02:11:57.928+0000] {logging_mixin.py:190} INFO - [2026-07-26T02:11:57.928+0000] {dag.py:3239} INFO - Sync 1 DAGs
[2026-07-26T02:11:57.951+0000] {logging_mixin.py:190} INFO - [2026-07-26T02:11:57.950+0000] {dag.py:4180} INFO - Setting next_dagrun for setup_lakehouse_infrastructure_v3 to 2024-01-01 00:00:00+00:00, run_after=2024-01-01 00:00:00+00:00
[2026-07-26T02:11:57.970+0000] {processor.py:208} INFO - Processing /opt/airflow/dags/setup_lakehouse_infrastructure_v3.py took 0.104 seconds
[2026-07-26T02:12:28.444+0000] {processor.py:186} INFO - Started process (PID=2188) to work on /opt/airflow/dags/setup_lakehouse_infrastructure_v3.py
[2026-07-26T02:12:28.445+0000] {processor.py:914} INFO - Processing file /opt/airflow/dags/setup_lakehouse_infrastructure_v3.py for tasks to queue
[2026-07-26T02:12:28.448+0000] {logging_mixin.py:190} INFO - [2026-07-26T02:12:28.448+0000] {dagbag.py:588} INFO - Filling up the DagBag from /opt/airflow/dags/setup_lakehouse_infrastructure_v3.py
[2026-07-26T02:12:28.473+0000] {processor.py:925} INFO - DAG(s) 'setup_lakehouse_infrastructure_v3' retrieved from /opt/airflow/dags/setup_lakehouse_infrastructure_v3.py
[2026-07-26T02:12:28.498+0000] {logging_mixin.py:190} INFO - [2026-07-26T02:12:28.498+0000] {dag.py:3239} INFO - Sync 1 DAGs
[2026-07-26T02:12:28.523+0000] {logging_mixin.py:190} INFO - [2026-07-26T02:12:28.522+0000] {dag.py:4180} INFO - Setting next_dagrun for setup_lakehouse_infrastructure_v3 to 2024-01-01 00:00:00+00:00, run_after=2024-01-01 00:00:00+00:00
[2026-07-26T02:12:28.541+0000] {processor.py:208} INFO - Processing /opt/airflow/dags/setup_lakehouse_infrastructure_v3.py took 0.103 seconds
[2026-07-26T02:12:59.048+0000] {processor.py:186} INFO - Started process (PID=2281) to work on /opt/airflow/dags/setup_lakehouse_infrastructure_v3.py
[2026-07-26T02:12:59.049+0000] {processor.py:914} INFO - Processing file /opt/airflow/dags/setup_lakehouse_infrastructure_v3.py for tasks to queue
[2026-07-26T02:12:59.051+0000] {logging_mixin.py:190} INFO - [2026-07-26T02:12:59.051+0000] {dagbag.py:588} INFO - Filling up the DagBag from /opt/airflow/dags/setup_lakehouse_infrastructure_v3.py
[2026-07-26T02:12:59.076+0000] {processor.py:925} INFO - DAG(s) 'setup_lakehouse_infrastructure_v3' retrieved from /opt/airflow/dags/setup_lakehouse_infrastructure_v3.py
[2026-07-26T02:12:59.097+0000] {logging_mixin.py:190} INFO - [2026-07-26T02:12:59.096+0000] {dag.py:3239} INFO - Sync 1 DAGs
[2026-07-26T02:12:59.116+0000] {logging_mixin.py:190} INFO - [2026-07-26T02:12:59.116+0000] {dag.py:4180} INFO - Setting next_dagrun for setup_lakehouse_infrastructure_v3 to 2024-01-01 00:00:00+00:00, run_after=2024-01-01 00:00:00+00:00
[2026-07-26T02:12:59.134+0000] {processor.py:208} INFO - Processing /opt/airflow/dags/setup_lakehouse_infrastructure_v3.py took 0.091 seconds
[2026-07-26T02:13:29.376+0000] {processor.py:186} INFO - Started process (PID=2369) to work on /opt/airflow/dags/setup_lakehouse_infrastructure_v3.py
[2026-07-26T02:13:29.378+0000] {processor.py:914} INFO - Processing file /opt/airflow/dags/setup_lakehouse_infrastructure_v3.py for tasks to queue
[2026-07-26T02:13:29.382+0000] {logging_mixin.py:190} INFO - [2026-07-26T02:13:29.382+0000] {dagbag.py:588} INFO - Filling up the DagBag from /opt/airflow/dags/setup_lakehouse_infrastructure_v3.py
[2026-07-26T02:13:29.426+0000] {processor.py:925} INFO - DAG(s) 'setup_lakehouse_infrastructure_v3' retrieved from /opt/airflow/dags/setup_lakehouse_infrastructure_v3.py
[2026-07-26T02:13:29.454+0000] {logging_mixin.py:190} INFO - [2026-07-26T02:13:29.453+0000] {dag.py:3239} INFO - Sync 1 DAGs
[2026-07-26T02:13:29.478+0000] {logging_mixin.py:190} INFO - [2026-07-26T02:13:29.478+0000] {dag.py:4180} INFO - Setting next_dagrun for setup_lakehouse_infrastructure_v3 to 2024-01-01 00:00:00+00:00, run_after=2024-01-01 00:00:00+00:00
[2026-07-26T02:13:29.500+0000] {processor.py:208} INFO - Processing /opt/airflow/dags/setup_lakehouse_infrastructure_v3.py took 0.134 seconds
[2026-07-26T02:14:00.215+0000] {processor.py:186} INFO - Started process (PID=2464) to work on /opt/airflow/dags/setup_lakehouse_infrastructure_v3.py
[2026-07-26T02:14:00.216+0000] {processor.py:914} INFO - Processing file /opt/airflow/dags/setup_lakehouse_infrastructure_v3.py for tasks to queue
[2026-07-26T02:14:00.218+0000] {logging_mixin.py:190} INFO - [2026-07-26T02:14:00.218+0000] {dagbag.py:588} INFO - Filling up the DagBag from /opt/airflow/dags/setup_lakehouse_infrastructure_v3.py
[2026-07-26T02:14:00.246+0000] {processor.py:925} INFO - DAG(s) 'setup_lakehouse_infrastructure_v3' retrieved from /opt/airflow/dags/setup_lakehouse_infrastructure_v3.py
[2026-07-26T02:14:00.267+0000] {logging_mixin.py:190} INFO - [2026-07-26T02:14:00.266+0000] {dag.py:3239} INFO - Sync 1 DAGs
[2026-07-26T02:14:00.286+0000] {logging_mixin.py:190} INFO - [2026-07-26T02:14:00.286+0000] {dag.py:4180} INFO - Setting next_dagrun for setup_lakehouse_infrastructure_v3 to 2024-01-01 00:00:00+00:00, run_after=2024-01-01 00:00:00+00:00
[2026-07-26T02:14:00.306+0000] {processor.py:208} INFO - Processing /opt/airflow/dags/setup_lakehouse_infrastructure_v3.py took 0.097 seconds
[2026-07-26T02:14:30.732+0000] {processor.py:186} INFO - Started process (PID=2555) to work on /opt/airflow/dags/setup_lakehouse_infrastructure_v3.py
[2026-07-26T02:14:30.733+0000] {processor.py:914} INFO - Processing file /opt/airflow/dags/setup_lakehouse_infrastructure_v3.py for tasks to queue
[2026-07-26T02:14:30.735+0000] {logging_mixin.py:190} INFO - [2026-07-26T02:14:30.735+0000] {dagbag.py:588} INFO - Filling up the DagBag from /opt/airflow/dags/setup_lakehouse_infrastructure_v3.py
[2026-07-26T02:14:30.760+0000] {processor.py:925} INFO - DAG(s) 'setup_lakehouse_infrastructure_v3' retrieved from /opt/airflow/dags/setup_lakehouse_infrastructure_v3.py
[2026-07-26T02:14:30.781+0000] {logging_mixin.py:190} INFO - [2026-07-26T02:14:30.780+0000] {dag.py:3239} INFO - Sync 1 DAGs
[2026-07-26T02:14:30.800+0000] {logging_mixin.py:190} INFO - [2026-07-26T02:14:30.799+0000] {dag.py:4180} INFO - Setting next_dagrun for setup_lakehouse_infrastructure_v3 to 2024-01-01 00:00:00+00:00, run_after=2024-01-01 00:00:00+00:00
[2026-07-26T02:14:30.817+0000] {processor.py:208} INFO - Processing /opt/airflow/dags/setup_lakehouse_infrastructure_v3.py took 0.090 seconds
[2026-07-26T02:15:01.167+0000] {processor.py:186} INFO - Started process (PID=2643) to work on /opt/airflow/dags/setup_lakehouse_infrastructure_v3.py
[2026-07-26T02:15:01.169+0000] {processor.py:914} INFO - Processing file /opt/airflow/dags/setup_lakehouse_infrastructure_v3.py for tasks to queue
[2026-07-26T02:15:01.171+0000] {logging_mixin.py:190} INFO - [2026-07-26T02:15:01.171+0000] {dagbag.py:588} INFO - Filling up the DagBag from /opt/airflow/dags/setup_lakehouse_infrastructure_v3.py
[2026-07-26T02:15:01.202+0000] {processor.py:925} INFO - DAG(s) 'setup_lakehouse_infrastructure_v3' retrieved from /opt/airflow/dags/setup_lakehouse_infrastructure_v3.py
[2026-07-26T02:15:01.231+0000] {logging_mixin.py:190} INFO - [2026-07-26T02:15:01.230+0000] {dag.py:3239} INFO - Sync 1 DAGs
[2026-07-26T02:15:01.255+0000] {logging_mixin.py:190} INFO - [2026-07-26T02:15:01.255+0000] {dag.py:4180} INFO - Setting next_dagrun for setup_lakehouse_infrastructure_v3 to 2024-01-01 00:00:00+00:00, run_after=2024-01-01 00:00:00+00:00
[2026-07-26T02:15:01.275+0000] {processor.py:208} INFO - Processing /opt/airflow/dags/setup_lakehouse_infrastructure_v3.py took 0.114 seconds
[2026-07-26T02:15:31.800+0000] {processor.py:186} INFO - Started process (PID=2738) to work on /opt/airflow/dags/setup_lakehouse_infrastructure_v3.py
[2026-07-26T02:15:31.801+0000] {processor.py:914} INFO - Processing file /opt/airflow/dags/setup_lakehouse_infrastructure_v3.py for tasks to queue
[2026-07-26T02:15:31.803+0000] {logging_mixin.py:190} INFO - [2026-07-26T02:15:31.803+0000] {dagbag.py:588} INFO - Filling up the DagBag from /opt/airflow/dags/setup_lakehouse_infrastructure_v3.py
[2026-07-26T02:15:31.827+0000] {processor.py:925} INFO - DAG(s) 'setup_lakehouse_infrastructure_v3' retrieved from /opt/airflow/dags/setup_lakehouse_infrastructure_v3.py
[2026-07-26T02:15:31.847+0000] {logging_mixin.py:190} INFO - [2026-07-26T02:15:31.846+0000] {dag.py:3239} INFO - Sync 1 DAGs
[2026-07-26T02:15:31.865+0000] {logging_mixin.py:190} INFO - [2026-07-26T02:15:31.865+0000] {dag.py:4180} INFO - Setting next_dagrun for setup_lakehouse_infrastructure_v3 to 2024-01-01 00:00:00+00:00, run_after=2024-01-01 00:00:00+00:00
[2026-07-26T02:15:31.886+0000] {processor.py:208} INFO - Processing /opt/airflow/dags/setup_lakehouse_infrastructure_v3.py took 0.092 seconds
[2026-07-26T02:16:02.470+0000] {processor.py:186} INFO - Started process (PID=2829) to work on /opt/airflow/dags/setup_lakehouse_infrastructure_v3.py
[2026-07-26T02:16:02.471+0000] {processor.py:914} INFO - Processing file /opt/airflow/dags/setup_lakehouse_infrastructure_v3.py for tasks to queue
[2026-07-26T02:16:02.473+0000] {logging_mixin.py:190} INFO - [2026-07-26T02:16:02.473+0000] {dagbag.py:588} INFO - Filling up the DagBag from /opt/airflow/dags/setup_lakehouse_infrastructure_v3.py
[2026-07-26T02:16:02.494+0000] {processor.py:925} INFO - DAG(s) 'setup_lakehouse_infrastructure_v3' retrieved from /opt/airflow/dags/setup_lakehouse_infrastructure_v3.py
[2026-07-26T02:16:02.515+0000] {logging_mixin.py:190} INFO - [2026-07-26T02:16:02.514+0000] {dag.py:3239} INFO - Sync 1 DAGs
[2026-07-26T02:16:02.535+0000] {logging_mixin.py:190} INFO - [2026-07-26T02:16:02.535+0000] {dag.py:4180} INFO - Setting next_dagrun for setup_lakehouse_infrastructure_v3 to 2024-01-01 00:00:00+00:00, run_after=2024-01-01 00:00:00+00:00
[2026-07-26T02:16:02.552+0000] {processor.py:208} INFO - Processing /opt/airflow/dags/setup_lakehouse_infrastructure_v3.py took 0.087 seconds
[2026-07-26T02:16:32.862+0000] {processor.py:186} INFO - Started process (PID=2917) to work on /opt/airflow/dags/setup_lakehouse_infrastructure_v3.py
[2026-07-26T02:16:32.863+0000] {processor.py:914} INFO - Processing file /opt/airflow/dags/setup_lakehouse_infrastructure_v3.py for tasks to queue
[2026-07-26T02:16:32.866+0000] {logging_mixin.py:190} INFO - [2026-07-26T02:16:32.865+0000] {dagbag.py:588} INFO - Filling up the DagBag from /opt/airflow/dags/setup_lakehouse_infrastructure_v3.py
[2026-07-26T02:16:32.897+0000] {processor.py:925} INFO - DAG(s) 'setup_lakehouse_infrastructure_v3' retrieved from /opt/airflow/dags/setup_lakehouse_infrastructure_v3.py
[2026-07-26T02:16:32.925+0000] {logging_mixin.py:190} INFO - [2026-07-26T02:16:32.925+0000] {dag.py:3239} INFO - Sync 1 DAGs
[2026-07-26T02:16:32.947+0000] {logging_mixin.py:190} INFO - [2026-07-26T02:16:32.947+0000] {dag.py:4180} INFO - Setting next_dagrun for setup_lakehouse_infrastructure_v3 to 2024-01-01 00:00:00+00:00, run_after=2024-01-01 00:00:00+00:00
[2026-07-26T02:16:32.970+0000] {processor.py:208} INFO - Processing /opt/airflow/dags/setup_lakehouse_infrastructure_v3.py took 0.113 seconds
[2026-07-26T02:17:03.210+0000] {processor.py:186} INFO - Started process (PID=3012) to work on /opt/airflow/dags/setup_lakehouse_infrastructure_v3.py
[2026-07-26T02:17:03.211+0000] {processor.py:914} INFO - Processing file /opt/airflow/dags/setup_lakehouse_infrastructure_v3.py for tasks to queue
[2026-07-26T02:17:03.213+0000] {logging_mixin.py:190} INFO - [2026-07-26T02:17:03.213+0000] {dagbag.py:588} INFO - Filling up the DagBag from /opt/airflow/dags/setup_lakehouse_infrastructure_v3.py
[2026-07-26T02:17:03.238+0000] {processor.py:925} INFO - DAG(s) 'setup_lakehouse_infrastructure_v3' retrieved from /opt/airflow/dags/setup_lakehouse_infrastructure_v3.py
[2026-07-26T02:17:03.266+0000] {logging_mixin.py:190} INFO - [2026-07-26T02:17:03.266+0000] {dag.py:3239} INFO - Sync 1 DAGs
[2026-07-26T02:17:03.291+0000] {logging_mixin.py:190} INFO - [2026-07-26T02:17:03.291+0000] {dag.py:4180} INFO - Setting next_dagrun for setup_lakehouse_infrastructure_v3 to 2024-01-01 00:00:00+00:00, run_after=2024-01-01 00:00:00+00:00
[2026-07-26T02:17:03.319+0000] {processor.py:208} INFO - Processing /opt/airflow/dags/setup_lakehouse_infrastructure_v3.py took 0.115 seconds
[2026-07-26T02:17:34.212+0000] {processor.py:186} INFO - Started process (PID=3105) to work on /opt/airflow/dags/setup_lakehouse_infrastructure_v3.py
[2026-07-26T02:17:34.214+0000] {processor.py:914} INFO - Processing file /opt/airflow/dags/setup_lakehouse_infrastructure_v3.py for tasks to queue
[2026-07-26T02:17:34.216+0000] {logging_mixin.py:190} INFO - [2026-07-26T02:17:34.215+0000] {dagbag.py:588} INFO - Filling up the DagBag from /opt/airflow/dags/setup_lakehouse_infrastructure_v3.py
[2026-07-26T02:17:34.241+0000] {processor.py:925} INFO - DAG(s) 'setup_lakehouse_infrastructure_v3' retrieved from /opt/airflow/dags/setup_lakehouse_infrastructure_v3.py
[2026-07-26T02:17:34.262+0000] {logging_mixin.py:190} INFO - [2026-07-26T02:17:34.261+0000] {dag.py:3239} INFO - Sync 1 DAGs
[2026-07-26T02:17:34.282+0000] {logging_mixin.py:190} INFO - [2026-07-26T02:17:34.282+0000] {dag.py:4180} INFO - Setting next_dagrun for setup_lakehouse_infrastructure_v3 to 2024-01-01 00:00:00+00:00, run_after=2024-01-01 00:00:00+00:00
[2026-07-26T02:17:34.301+0000] {processor.py:208} INFO - Processing /opt/airflow/dags/setup_lakehouse_infrastructure_v3.py took 0.094 seconds
[2026-07-26T02:18:04.783+0000] {processor.py:186} INFO - Started process (PID=3196) to work on /opt/airflow/dags/setup_lakehouse_infrastructure_v3.py
[2026-07-26T02:18:04.784+0000] {processor.py:914} INFO - Processing file /opt/airflow/dags/setup_lakehouse_infrastructure_v3.py for tasks to queue
[2026-07-26T02:18:04.786+0000] {logging_mixin.py:190} INFO - [2026-07-26T02:18:04.786+0000] {dagbag.py:588} INFO - Filling up the DagBag from /opt/airflow/dags/setup_lakehouse_infrastructure_v3.py
[2026-07-26T02:18:04.810+0000] {processor.py:925} INFO - DAG(s) 'setup_lakehouse_infrastructure_v3' retrieved from /opt/airflow/dags/setup_lakehouse_infrastructure_v3.py
[2026-07-26T02:18:04.832+0000] {logging_mixin.py:190} INFO - [2026-07-26T02:18:04.831+0000] {dag.py:3239} INFO - Sync 1 DAGs
[2026-07-26T02:18:04.852+0000] {logging_mixin.py:190} INFO - [2026-07-26T02:18:04.851+0000] {dag.py:4180} INFO - Setting next_dagrun for setup_lakehouse_infrastructure_v3 to 2024-01-01 00:00:00+00:00, run_after=2024-01-01 00:00:00+00:00
[2026-07-26T02:18:04.869+0000] {processor.py:208} INFO - Processing /opt/airflow/dags/setup_lakehouse_infrastructure_v3.py took 0.091 seconds
[2026-07-26T02:18:35.264+0000] {processor.py:186} INFO - Started process (PID=3286) to work on /opt/airflow/dags/setup_lakehouse_infrastructure_v3.py
[2026-07-26T02:18:35.265+0000] {processor.py:914} INFO - Processing file /opt/airflow/dags/setup_lakehouse_infrastructure_v3.py for tasks to queue
[2026-07-26T02:18:35.267+0000] {logging_mixin.py:190} INFO - [2026-07-26T02:18:35.267+0000] {dagbag.py:588} INFO - Filling up the DagBag from /opt/airflow/dags/setup_lakehouse_infrastructure_v3.py
[2026-07-26T02:18:35.292+0000] {processor.py:925} INFO - DAG(s) 'setup_lakehouse_infrastructure_v3' retrieved from /opt/airflow/dags/setup_lakehouse_infrastructure_v3.py
[2026-07-26T02:18:35.314+0000] {logging_mixin.py:190} INFO - [2026-07-26T02:18:35.314+0000] {dag.py:3239} INFO - Sync 1 DAGs
[2026-07-26T02:18:35.335+0000] {logging_mixin.py:190} INFO - [2026-07-26T02:18:35.335+0000] {dag.py:4180} INFO - Setting next_dagrun for setup_lakehouse_infrastructure_v3 to 2024-01-01 00:00:00+00:00, run_after=2024-01-01 00:00:00+00:00
[2026-07-26T02:18:35.354+0000] {processor.py:208} INFO - Processing /opt/airflow/dags/setup_lakehouse_infrastructure_v3.py took 0.096 seconds
[2026-07-26T02:26:08.087+0000] {processor.py:186} INFO - Started process (PID=3377) to work on /opt/airflow/dags/setup_lakehouse_infrastructure_v3.py
[2026-07-26T02:26:08.088+0000] {processor.py:914} INFO - Processing file /opt/airflow/dags/setup_lakehouse_infrastructure_v3.py for tasks to queue
[2026-07-26T02:26:08.091+0000] {logging_mixin.py:190} INFO - [2026-07-26T02:26:08.090+0000] {dagbag.py:588} INFO - Filling up the DagBag from /opt/airflow/dags/setup_lakehouse_infrastructure_v3.py
[2026-07-26T02:26:08.121+0000] {processor.py:925} INFO - DAG(s) 'setup_lakehouse_infrastructure_v3' retrieved from /opt/airflow/dags/setup_lakehouse_infrastructure_v3.py
[2026-07-26T02:26:08.145+0000] {logging_mixin.py:190} INFO - [2026-07-26T02:26:08.144+0000] {dag.py:3239} INFO - Sync 1 DAGs
[2026-07-26T02:26:08.172+0000] {logging_mixin.py:190} INFO - [2026-07-26T02:26:08.171+0000] {dag.py:4180} INFO - Setting next_dagrun for setup_lakehouse_infrastructure_v3 to 2024-01-01 00:00:00+00:00, run_after=2024-01-01 00:00:00+00:00
[2026-07-26T02:26:08.199+0000] {processor.py:208} INFO - Processing /opt/airflow/dags/setup_lakehouse_infrastructure_v3.py took 0.118 seconds
[2026-07-26T02:29:49.741+0000] {processor.py:186} INFO - Started process (PID=180) to work on /opt/airflow/dags/setup_lakehouse_infrastructure_v3.py
[2026-07-26T02:29:49.743+0000] {processor.py:914} INFO - Processing file /opt/airflow/dags/setup_lakehouse_infrastructure_v3.py for tasks to queue
[2026-07-26T02:29:49.745+0000] {logging_mixin.py:190} INFO - [2026-07-26T02:29:49.745+0000] {dagbag.py:588} INFO - Filling up the DagBag from /opt/airflow/dags/setup_lakehouse_infrastructure_v3.py
[2026-07-26T02:29:49.774+0000] {processor.py:925} INFO - DAG(s) 'setup_lakehouse_infrastructure_v3' retrieved from /opt/airflow/dags/setup_lakehouse_infrastructure_v3.py
[2026-07-26T02:29:49.858+0000] {logging_mixin.py:190} INFO - [2026-07-26T02:29:49.857+0000] {override.py:1900} INFO - Created Permission View: can read on DAG:setup_lakehouse_infrastructure_v3
[2026-07-26T02:29:49.874+0000] {logging_mixin.py:190} INFO - [2026-07-26T02:29:49.873+0000] {override.py:1900} INFO - Created Permission View: can delete on DAG:setup_lakehouse_infrastructure_v3
[2026-07-26T02:29:49.887+0000] {logging_mixin.py:190} INFO - [2026-07-26T02:29:49.886+0000] {override.py:1900} INFO - Created Permission View: can edit on DAG:setup_lakehouse_infrastructure_v3
[2026-07-26T02:29:49.900+0000] {logging_mixin.py:190} INFO - [2026-07-26T02:29:49.900+0000] {override.py:1900} INFO - Created Permission View: can read on DAG Run:setup_lakehouse_infrastructure_v3
[2026-07-26T02:29:49.910+0000] {logging_mixin.py:190} INFO - [2026-07-26T02:29:49.910+0000] {override.py:1900} INFO - Created Permission View: menu access on DAG Run:setup_lakehouse_infrastructure_v3
[2026-07-26T02:29:49.920+0000] {logging_mixin.py:190} INFO - [2026-07-26T02:29:49.919+0000] {override.py:1900} INFO - Created Permission View: can delete on DAG Run:setup_lakehouse_infrastructure_v3
[2026-07-26T02:29:49.931+0000] {logging_mixin.py:190} INFO - [2026-07-26T02:29:49.930+0000] {override.py:1900} INFO - Created Permission View: can create on DAG Run:setup_lakehouse_infrastructure_v3
[2026-07-26T02:29:49.932+0000] {logging_mixin.py:190} INFO - [2026-07-26T02:29:49.932+0000] {dag.py:3239} INFO - Sync 1 DAGs
[2026-07-26T02:29:49.948+0000] {logging_mixin.py:190} INFO - [2026-07-26T02:29:49.947+0000] {dag.py:3262} INFO - Creating ORM DAG for setup_lakehouse_infrastructure_v3
[2026-07-26T02:29:49.963+0000] {logging_mixin.py:190} INFO - [2026-07-26T02:29:49.962+0000] {dag.py:4180} INFO - Setting next_dagrun for setup_lakehouse_infrastructure_v3 to 2024-01-01 00:00:00+00:00, run_after=2024-01-01 00:00:00+00:00
[2026-07-26T02:29:49.998+0000] {processor.py:208} INFO - Processing /opt/airflow/dags/setup_lakehouse_infrastructure_v3.py took 0.265 seconds
[2026-07-26T02:30:20.294+0000] {processor.py:186} INFO - Started process (PID=275) to work on /opt/airflow/dags/setup_lakehouse_infrastructure_v3.py
[2026-07-26T02:30:20.295+0000] {processor.py:914} INFO - Processing file /opt/airflow/dags/setup_lakehouse_infrastructure_v3.py for tasks to queue
[2026-07-26T02:30:20.297+0000] {logging_mixin.py:190} INFO - [2026-07-26T02:30:20.297+0000] {dagbag.py:588} INFO - Filling up the DagBag from /opt/airflow/dags/setup_lakehouse_infrastructure_v3.py
[2026-07-26T02:30:20.330+0000] {processor.py:925} INFO - DAG(s) 'setup_lakehouse_infrastructure_v3' retrieved from /opt/airflow/dags/setup_lakehouse_infrastructure_v3.py
[2026-07-26T02:30:20.404+0000] {logging_mixin.py:190} INFO - [2026-07-26T02:30:20.403+0000] {dag.py:3239} INFO - Sync 1 DAGs
[2026-07-26T02:30:20.437+0000] {logging_mixin.py:190} INFO - [2026-07-26T02:30:20.437+0000] {dag.py:4180} INFO - Setting next_dagrun for setup_lakehouse_infrastructure_v3 to 2024-01-01 00:00:00+00:00, run_after=2024-01-01 00:00:00+00:00
[2026-07-26T02:30:20.461+0000] {processor.py:208} INFO - Processing /opt/airflow/dags/setup_lakehouse_infrastructure_v3.py took 0.173 seconds
[2026-07-26T02:30:51.361+0000] {processor.py:186} INFO - Started process (PID=363) to work on /opt/airflow/dags/setup_lakehouse_infrastructure_v3.py
[2026-07-26T02:30:51.362+0000] {processor.py:914} INFO - Processing file /opt/airflow/dags/setup_lakehouse_infrastructure_v3.py for tasks to queue
[2026-07-26T02:30:51.364+0000] {logging_mixin.py:190} INFO - [2026-07-26T02:30:51.364+0000] {dagbag.py:588} INFO - Filling up the DagBag from /opt/airflow/dags/setup_lakehouse_infrastructure_v3.py
[2026-07-26T02:30:51.397+0000] {processor.py:925} INFO - DAG(s) 'setup_lakehouse_infrastructure_v3' retrieved from /opt/airflow/dags/setup_lakehouse_infrastructure_v3.py
[2026-07-26T02:30:51.418+0000] {logging_mixin.py:190} INFO - [2026-07-26T02:30:51.418+0000] {dag.py:3239} INFO - Sync 1 DAGs
[2026-07-26T02:30:51.436+0000] {logging_mixin.py:190} INFO - [2026-07-26T02:30:51.436+0000] {dag.py:4180} INFO - Setting next_dagrun for setup_lakehouse_infrastructure_v3 to 2024-01-01 00:00:00+00:00, run_after=2024-01-01 00:00:00+00:00
[2026-07-26T02:30:51.459+0000] {processor.py:208} INFO - Processing /opt/airflow/dags/setup_lakehouse_infrastructure_v3.py took 0.103 seconds
[2026-07-26T02:31:21.869+0000] {processor.py:186} INFO - Started process (PID=454) to work on /opt/airflow/dags/setup_lakehouse_infrastructure_v3.py
[2026-07-26T02:31:21.870+0000] {processor.py:914} INFO - Processing file /opt/airflow/dags/setup_lakehouse_infrastructure_v3.py for tasks to queue
[2026-07-26T02:31:21.873+0000] {logging_mixin.py:190} INFO - [2026-07-26T02:31:21.872+0000] {dagbag.py:588} INFO - Filling up the DagBag from /opt/airflow/dags/setup_lakehouse_infrastructure_v3.py
[2026-07-26T02:31:21.896+0000] {processor.py:925} INFO - DAG(s) 'setup_lakehouse_infrastructure_v3' retrieved from /opt/airflow/dags/setup_lakehouse_infrastructure_v3.py
[2026-07-26T02:31:21.919+0000] {logging_mixin.py:190} INFO - [2026-07-26T02:31:21.919+0000] {dag.py:3239} INFO - Sync 1 DAGs
[2026-07-26T02:31:21.939+0000] {logging_mixin.py:190} INFO - [2026-07-26T02:31:21.939+0000] {dag.py:4180} INFO - Setting next_dagrun for setup_lakehouse_infrastructure_v3 to 2024-01-01 00:00:00+00:00, run_after=2024-01-01 00:00:00+00:00
[2026-07-26T02:31:21.958+0000] {processor.py:208} INFO - Processing /opt/airflow/dags/setup_lakehouse_infrastructure_v3.py took 0.095 seconds
[2026-07-26T02:31:52.357+0000] {processor.py:186} INFO - Started process (PID=544) to work on /opt/airflow/dags/setup_lakehouse_infrastructure_v3.py
[2026-07-26T02:31:52.358+0000] {processor.py:914} INFO - Processing file /opt/airflow/dags/setup_lakehouse_infrastructure_v3.py for tasks to queue
[2026-07-26T02:31:52.360+0000] {logging_mixin.py:190} INFO - [2026-07-26T02:31:52.360+0000] {dagbag.py:588} INFO - Filling up the DagBag from /opt/airflow/dags/setup_lakehouse_infrastructure_v3.py
[2026-07-26T02:31:52.381+0000] {processor.py:925} INFO - DAG(s) 'setup_lakehouse_infrastructure_v3' retrieved from /opt/airflow/dags/setup_lakehouse_infrastructure_v3.py
[2026-07-26T02:31:52.403+0000] {logging_mixin.py:190} INFO - [2026-07-26T02:31:52.403+0000] {dag.py:3239} INFO - Sync 1 DAGs
[2026-07-26T02:31:52.422+0000] {logging_mixin.py:190} INFO - [2026-07-26T02:31:52.422+0000] {dag.py:4180} INFO - Setting next_dagrun for setup_lakehouse_infrastructure_v3 to 2024-01-01 00:00:00+00:00, run_after=2024-01-01 00:00:00+00:00
[2026-07-26T02:31:52.440+0000] {processor.py:208} INFO - Processing /opt/airflow/dags/setup_lakehouse_infrastructure_v3.py took 0.088 seconds
[2026-07-26T02:32:23.389+0000] {processor.py:186} INFO - Started process (PID=637) to work on /opt/airflow/dags/setup_lakehouse_infrastructure_v3.py
[2026-07-26T02:32:23.390+0000] {processor.py:914} INFO - Processing file /opt/airflow/dags/setup_lakehouse_infrastructure_v3.py for tasks to queue
[2026-07-26T02:32:23.392+0000] {logging_mixin.py:190} INFO - [2026-07-26T02:32:23.392+0000] {dagbag.py:588} INFO - Filling up the DagBag from /opt/airflow/dags/setup_lakehouse_infrastructure_v3.py
[2026-07-26T02:32:23.423+0000] {processor.py:925} INFO - DAG(s) 'setup_lakehouse_infrastructure_v3' retrieved from /opt/airflow/dags/setup_lakehouse_infrastructure_v3.py
[2026-07-26T02:32:23.452+0000] {logging_mixin.py:190} INFO - [2026-07-26T02:32:23.451+0000] {dag.py:3239} INFO - Sync 1 DAGs
[2026-07-26T02:32:23.476+0000] {logging_mixin.py:190} INFO - [2026-07-26T02:32:23.476+0000] {dag.py:4180} INFO - Setting next_dagrun for setup_lakehouse_infrastructure_v3 to 2024-01-01 00:00:00+00:00, run_after=2024-01-01 00:00:00+00:00
[2026-07-26T02:32:23.502+0000] {processor.py:208} INFO - Processing /opt/airflow/dags/setup_lakehouse_infrastructure_v3.py took 0.119 seconds
[2026-07-26T02:32:53.613+0000] {processor.py:186} INFO - Started process (PID=730) to work on /opt/airflow/dags/setup_lakehouse_infrastructure_v3.py
[2026-07-26T02:32:53.614+0000] {processor.py:914} INFO - Processing file /opt/airflow/dags/setup_lakehouse_infrastructure_v3.py for tasks to queue
[2026-07-26T02:32:53.616+0000] {logging_mixin.py:190} INFO - [2026-07-26T02:32:53.616+0000] {dagbag.py:588} INFO - Filling up the DagBag from /opt/airflow/dags/setup_lakehouse_infrastructure_v3.py
[2026-07-26T02:32:53.646+0000] {processor.py:925} INFO - DAG(s) 'setup_lakehouse_infrastructure_v3' retrieved from /opt/airflow/dags/setup_lakehouse_infrastructure_v3.py
[2026-07-26T02:32:53.667+0000] {logging_mixin.py:190} INFO - [2026-07-26T02:32:53.667+0000] {dag.py:3239} INFO - Sync 1 DAGs
[2026-07-26T02:32:53.687+0000] {logging_mixin.py:190} INFO - [2026-07-26T02:32:53.687+0000] {dag.py:4180} INFO - Setting next_dagrun for setup_lakehouse_infrastructure_v3 to 2024-01-01 00:00:00+00:00, run_after=2024-01-01 00:00:00+00:00
[2026-07-26T02:32:53.709+0000] {processor.py:208} INFO - Processing /opt/airflow/dags/setup_lakehouse_infrastructure_v3.py took 0.102 seconds
[2026-07-26T02:33:24.355+0000] {processor.py:186} INFO - Started process (PID=821) to work on /opt/airflow/dags/setup_lakehouse_infrastructure_v3.py
[2026-07-26T02:33:24.356+0000] {processor.py:914} INFO - Processing file /opt/airflow/dags/setup_lakehouse_infrastructure_v3.py for tasks to queue
[2026-07-26T02:33:24.359+0000] {logging_mixin.py:190} INFO - [2026-07-26T02:33:24.359+0000] {dagbag.py:588} INFO - Filling up the DagBag from /opt/airflow/dags/setup_lakehouse_infrastructure_v3.py
[2026-07-26T02:33:24.391+0000] {processor.py:925} INFO - DAG(s) 'setup_lakehouse_infrastructure_v3' retrieved from /opt/airflow/dags/setup_lakehouse_infrastructure_v3.py
[2026-07-26T02:33:24.420+0000] {logging_mixin.py:190} INFO - [2026-07-26T02:33:24.420+0000] {dag.py:3239} INFO - Sync 1 DAGs
[2026-07-26T02:33:24.447+0000] {logging_mixin.py:190} INFO - [2026-07-26T02:33:24.447+0000] {dag.py:4180} INFO - Setting next_dagrun for setup_lakehouse_infrastructure_v3 to 2024-01-01 00:00:00+00:00, run_after=2024-01-01 00:00:00+00:00
[2026-07-26T02:33:24.475+0000] {processor.py:208} INFO - Processing /opt/airflow/dags/setup_lakehouse_infrastructure_v3.py took 0.130 seconds
[2026-07-26T02:33:54.606+0000] {processor.py:186} INFO - Started process (PID=911) to work on /opt/airflow/dags/setup_lakehouse_infrastructure_v3.py
[2026-07-26T02:33:54.607+0000] {processor.py:914} INFO - Processing file /opt/airflow/dags/setup_lakehouse_infrastructure_v3.py for tasks to queue
[2026-07-26T02:33:54.609+0000] {logging_mixin.py:190} INFO - [2026-07-26T02:33:54.609+0000] {dagbag.py:588} INFO - Filling up the DagBag from /opt/airflow/dags/setup_lakehouse_infrastructure_v3.py
[2026-07-26T02:33:54.632+0000] {processor.py:925} INFO - DAG(s) 'setup_lakehouse_infrastructure_v3' retrieved from /opt/airflow/dags/setup_lakehouse_infrastructure_v3.py
[2026-07-26T02:33:54.653+0000] {logging_mixin.py:190} INFO - [2026-07-26T02:33:54.653+0000] {dag.py:3239} INFO - Sync 1 DAGs
[2026-07-26T02:33:54.674+0000] {logging_mixin.py:190} INFO - [2026-07-26T02:33:54.673+0000] {dag.py:4180} INFO - Setting next_dagrun for setup_lakehouse_infrastructure_v3 to 2024-01-01 00:00:00+00:00, run_after=2024-01-01 00:00:00+00:00
[2026-07-26T02:33:54.695+0000] {processor.py:208} INFO - Processing /opt/airflow/dags/setup_lakehouse_infrastructure_v3.py took 0.094 seconds
[2026-07-26T02:34:24.906+0000] {processor.py:186} INFO - Started process (PID=1004) to work on /opt/airflow/dags/setup_lakehouse_infrastructure_v3.py
[2026-07-26T02:34:24.907+0000] {processor.py:914} INFO - Processing file /opt/airflow/dags/setup_lakehouse_infrastructure_v3.py for tasks to queue
[2026-07-26T02:34:24.911+0000] {logging_mixin.py:190} INFO - [2026-07-26T02:34:24.910+0000] {dagbag.py:588} INFO - Filling up the DagBag from /opt/airflow/dags/setup_lakehouse_infrastructure_v3.py
[2026-07-26T02:34:24.939+0000] {processor.py:925} INFO - DAG(s) 'setup_lakehouse_infrastructure_v3' retrieved from /opt/airflow/dags/setup_lakehouse_infrastructure_v3.py
[2026-07-26T02:34:24.960+0000] {logging_mixin.py:190} INFO - [2026-07-26T02:34:24.960+0000] {dag.py:3239} INFO - Sync 1 DAGs
[2026-07-26T02:34:24.980+0000] {logging_mixin.py:190} INFO - [2026-07-26T02:34:24.980+0000] {dag.py:4180} INFO - Setting next_dagrun for setup_lakehouse_infrastructure_v3 to 2024-01-01 00:00:00+00:00, run_after=2024-01-01 00:00:00+00:00
[2026-07-26T02:34:25.003+0000] {processor.py:208} INFO - Processing /opt/airflow/dags/setup_lakehouse_infrastructure_v3.py took 0.102 seconds
[2026-07-26T02:34:55.709+0000] {processor.py:186} INFO - Started process (PID=1095) to work on /opt/airflow/dags/setup_lakehouse_infrastructure_v3.py
[2026-07-26T02:34:55.710+0000] {processor.py:914} INFO - Processing file /opt/airflow/dags/setup_lakehouse_infrastructure_v3.py for tasks to queue
[2026-07-26T02:34:55.713+0000] {logging_mixin.py:190} INFO - [2026-07-26T02:34:55.713+0000] {dagbag.py:588} INFO - Filling up the DagBag from /opt/airflow/dags/setup_lakehouse_infrastructure_v3.py
[2026-07-26T02:34:55.743+0000] {processor.py:925} INFO - DAG(s) 'setup_lakehouse_infrastructure_v3' retrieved from /opt/airflow/dags/setup_lakehouse_infrastructure_v3.py
[2026-07-26T02:34:55.769+0000] {logging_mixin.py:190} INFO - [2026-07-26T02:34:55.769+0000] {dag.py:3239} INFO - Sync 1 DAGs
[2026-07-26T02:34:55.793+0000] {logging_mixin.py:190} INFO - [2026-07-26T02:34:55.793+0000] {dag.py:4180} INFO - Setting next_dagrun for setup_lakehouse_infrastructure_v3 to 2024-01-01 00:00:00+00:00, run_after=2024-01-01 00:00:00+00:00
[2026-07-26T02:34:55.815+0000] {processor.py:208} INFO - Processing /opt/airflow/dags/setup_lakehouse_infrastructure_v3.py took 0.114 seconds
[2026-07-26T02:35:25.979+0000] {processor.py:186} INFO - Started process (PID=1188) to work on /opt/airflow/dags/setup_lakehouse_infrastructure_v3.py
[2026-07-26T02:35:25.980+0000] {processor.py:914} INFO - Processing file /opt/airflow/dags/setup_lakehouse_infrastructure_v3.py for tasks to queue
[2026-07-26T02:35:25.982+0000] {logging_mixin.py:190} INFO - [2026-07-26T02:35:25.982+0000] {dagbag.py:588} INFO - Filling up the DagBag from /opt/airflow/dags/setup_lakehouse_infrastructure_v3.py
[2026-07-26T02:35:26.009+0000] {processor.py:925} INFO - DAG(s) 'setup_lakehouse_infrastructure_v3' retrieved from /opt/airflow/dags/setup_lakehouse_infrastructure_v3.py
[2026-07-26T02:35:26.030+0000] {logging_mixin.py:190} INFO - [2026-07-26T02:35:26.030+0000] {dag.py:3239} INFO - Sync 1 DAGs
[2026-07-26T02:35:26.049+0000] {logging_mixin.py:190} INFO - [2026-07-26T02:35:26.049+0000] {dag.py:4180} INFO - Setting next_dagrun for setup_lakehouse_infrastructure_v3 to 2024-01-01 00:00:00+00:00, run_after=2024-01-01 00:00:00+00:00
[2026-07-26T02:35:26.069+0000] {processor.py:208} INFO - Processing /opt/airflow/dags/setup_lakehouse_infrastructure_v3.py took 0.095 seconds
[2026-07-26T02:35:56.166+0000] {processor.py:186} INFO - Started process (PID=1281) to work on /opt/airflow/dags/setup_lakehouse_infrastructure_v3.py
[2026-07-26T02:35:56.167+0000] {processor.py:914} INFO - Processing file /opt/airflow/dags/setup_lakehouse_infrastructure_v3.py for tasks to queue
[2026-07-26T02:35:56.170+0000] {logging_mixin.py:190} INFO - [2026-07-26T02:35:56.169+0000] {dagbag.py:588} INFO - Filling up the DagBag from /opt/airflow/dags/setup_lakehouse_infrastructure_v3.py
[2026-07-26T02:35:56.195+0000] {processor.py:925} INFO - DAG(s) 'setup_lakehouse_infrastructure_v3' retrieved from /opt/airflow/dags/setup_lakehouse_infrastructure_v3.py
[2026-07-26T02:35:56.215+0000] {logging_mixin.py:190} INFO - [2026-07-26T02:35:56.214+0000] {dag.py:3239} INFO - Sync 1 DAGs
[2026-07-26T02:35:56.235+0000] {logging_mixin.py:190} INFO - [2026-07-26T02:35:56.235+0000] {dag.py:4180} INFO - Setting next_dagrun for setup_lakehouse_infrastructure_v3 to 2024-01-01 00:00:00+00:00, run_after=2024-01-01 00:00:00+00:00
[2026-07-26T02:35:56.260+0000] {processor.py:208} INFO - Processing /opt/airflow/dags/setup_lakehouse_infrastructure_v3.py took 0.099 seconds
[2026-07-26T02:36:26.509+0000] {processor.py:186} INFO - Started process (PID=1375) to work on /opt/airflow/dags/setup_lakehouse_infrastructure_v3.py
[2026-07-26T02:36:26.510+0000] {processor.py:914} INFO - Processing file /opt/airflow/dags/setup_lakehouse_infrastructure_v3.py for tasks to queue
[2026-07-26T02:36:26.512+0000] {logging_mixin.py:190} INFO - [2026-07-26T02:36:26.512+0000] {dagbag.py:588} INFO - Filling up the DagBag from /opt/airflow/dags/setup_lakehouse_infrastructure_v3.py
[2026-07-26T02:36:26.539+0000] {processor.py:925} INFO - DAG(s) 'setup_lakehouse_infrastructure_v3' retrieved from /opt/airflow/dags/setup_lakehouse_infrastructure_v3.py
[2026-07-26T02:36:26.564+0000] {logging_mixin.py:190} INFO - [2026-07-26T02:36:26.564+0000] {dag.py:3239} INFO - Sync 1 DAGs
[2026-07-26T02:36:26.585+0000] {logging_mixin.py:190} INFO - [2026-07-26T02:36:26.585+0000] {dag.py:4180} INFO - Setting next_dagrun for setup_lakehouse_infrastructure_v3 to 2024-01-01 00:00:00+00:00, run_after=2024-01-01 00:00:00+00:00
[2026-07-26T02:36:26.603+0000] {processor.py:208} INFO - Processing /opt/airflow/dags/setup_lakehouse_infrastructure_v3.py took 0.100 seconds
[2026-07-26T02:36:56.732+0000] {processor.py:186} INFO - Started process (PID=1465) to work on /opt/airflow/dags/setup_lakehouse_infrastructure_v3.py
[2026-07-26T02:36:56.734+0000] {processor.py:914} INFO - Processing file /opt/airflow/dags/setup_lakehouse_infrastructure_v3.py for tasks to queue
[2026-07-26T02:36:56.739+0000] {logging_mixin.py:190} INFO - [2026-07-26T02:36:56.738+0000] {dagbag.py:588} INFO - Filling up the DagBag from /opt/airflow/dags/setup_lakehouse_infrastructure_v3.py
[2026-07-26T02:36:56.777+0000] {processor.py:925} INFO - DAG(s) 'setup_lakehouse_infrastructure_v3' retrieved from /opt/airflow/dags/setup_lakehouse_infrastructure_v3.py
[2026-07-26T02:36:56.805+0000] {logging_mixin.py:190} INFO - [2026-07-26T02:36:56.804+0000] {dag.py:3239} INFO - Sync 1 DAGs
[2026-07-26T02:36:56.828+0000] {logging_mixin.py:190} INFO - [2026-07-26T02:36:56.828+0000] {dag.py:4180} INFO - Setting next_dagrun for setup_lakehouse_infrastructure_v3 to 2024-01-01 00:00:00+00:00, run_after=2024-01-01 00:00:00+00:00
[2026-07-26T02:36:56.850+0000] {processor.py:208} INFO - Processing /opt/airflow/dags/setup_lakehouse_infrastructure_v3.py took 0.125 seconds
[2026-07-26T02:37:27.084+0000] {processor.py:186} INFO - Started process (PID=1558) to work on /opt/airflow/dags/setup_lakehouse_infrastructure_v3.py
[2026-07-26T02:37:27.085+0000] {processor.py:914} INFO - Processing file /opt/airflow/dags/setup_lakehouse_infrastructure_v3.py for tasks to queue
[2026-07-26T02:37:27.087+0000] {logging_mixin.py:190} INFO - [2026-07-26T02:37:27.086+0000] {dagbag.py:588} INFO - Filling up the DagBag from /opt/airflow/dags/setup_lakehouse_infrastructure_v3.py
[2026-07-26T02:37:27.103+0000] {processor.py:925} INFO - DAG(s) 'setup_lakehouse_infrastructure_v3' retrieved from /opt/airflow/dags/setup_lakehouse_infrastructure_v3.py
[2026-07-26T02:37:27.123+0000] {logging_mixin.py:190} INFO - [2026-07-26T02:37:27.123+0000] {dag.py:3239} INFO - Sync 1 DAGs
[2026-07-26T02:37:27.142+0000] {logging_mixin.py:190} INFO - [2026-07-26T02:37:27.142+0000] {dag.py:4180} INFO - Setting next_dagrun for setup_lakehouse_infrastructure_v3 to 2024-01-01 00:00:00+00:00, run_after=2024-01-01 00:00:00+00:00
[2026-07-26T02:37:27.164+0000] {processor.py:208} INFO - Processing /opt/airflow/dags/setup_lakehouse_infrastructure_v3.py took 0.085 seconds
[2026-07-26T02:37:57.907+0000] {processor.py:186} INFO - Started process (PID=1651) to work on /opt/airflow/dags/setup_lakehouse_infrastructure_v3.py
[2026-07-26T02:37:57.908+0000] {processor.py:914} INFO - Processing file /opt/airflow/dags/setup_lakehouse_infrastructure_v3.py for tasks to queue
[2026-07-26T02:37:57.911+0000] {logging_mixin.py:190} INFO - [2026-07-26T02:37:57.911+0000] {dagbag.py:588} INFO - Filling up the DagBag from /opt/airflow/dags/setup_lakehouse_infrastructure_v3.py
[2026-07-26T02:37:57.941+0000] {processor.py:925} INFO - DAG(s) 'setup_lakehouse_infrastructure_v3' retrieved from /opt/airflow/dags/setup_lakehouse_infrastructure_v3.py
[2026-07-26T02:37:57.961+0000] {logging_mixin.py:190} INFO - [2026-07-26T02:37:57.961+0000] {dag.py:3239} INFO - Sync 1 DAGs
[2026-07-26T02:37:57.981+0000] {logging_mixin.py:190} INFO - [2026-07-26T02:37:57.981+0000] {dag.py:4180} INFO - Setting next_dagrun for setup_lakehouse_infrastructure_v3 to 2024-01-01 00:00:00+00:00, run_after=2024-01-01 00:00:00+00:00
[2026-07-26T02:37:58.003+0000] {processor.py:208} INFO - Processing /opt/airflow/dags/setup_lakehouse_infrastructure_v3.py took 0.101 seconds
[2026-07-26T02:39:42.162+0000] {processor.py:186} INFO - Started process (PID=180) to work on /opt/airflow/dags/setup_lakehouse_infrastructure_v3.py
[2026-07-26T02:39:42.164+0000] {processor.py:914} INFO - Processing file /opt/airflow/dags/setup_lakehouse_infrastructure_v3.py for tasks to queue
[2026-07-26T02:39:42.168+0000] {logging_mixin.py:190} INFO - [2026-07-26T02:39:42.167+0000] {dagbag.py:588} INFO - Filling up the DagBag from /opt/airflow/dags/setup_lakehouse_infrastructure_v3.py
[2026-07-26T02:39:42.202+0000] {processor.py:925} INFO - DAG(s) 'setup_lakehouse_infrastructure_v3' retrieved from /opt/airflow/dags/setup_lakehouse_infrastructure_v3.py
[2026-07-26T02:39:42.290+0000] {logging_mixin.py:190} INFO - [2026-07-26T02:39:42.289+0000] {override.py:1900} INFO - Created Permission View: can delete on DAG:setup_lakehouse_infrastructure_v3
[2026-07-26T02:39:42.310+0000] {logging_mixin.py:190} INFO - [2026-07-26T02:39:42.309+0000] {override.py:1900} INFO - Created Permission View: can read on DAG:setup_lakehouse_infrastructure_v3
[2026-07-26T02:39:42.322+0000] {logging_mixin.py:190} INFO - [2026-07-26T02:39:42.321+0000] {override.py:1900} INFO - Created Permission View: can edit on DAG:setup_lakehouse_infrastructure_v3
[2026-07-26T02:39:42.334+0000] {logging_mixin.py:190} INFO - [2026-07-26T02:39:42.333+0000] {override.py:1900} INFO - Created Permission View: can delete on DAG Run:setup_lakehouse_infrastructure_v3
[2026-07-26T02:39:42.344+0000] {logging_mixin.py:190} INFO - [2026-07-26T02:39:42.344+0000] {override.py:1900} INFO - Created Permission View: can read on DAG Run:setup_lakehouse_infrastructure_v3
[2026-07-26T02:39:42.355+0000] {logging_mixin.py:190} INFO - [2026-07-26T02:39:42.355+0000] {override.py:1900} INFO - Created Permission View: menu access on DAG Run:setup_lakehouse_infrastructure_v3
[2026-07-26T02:39:42.364+0000] {logging_mixin.py:190} INFO - [2026-07-26T02:39:42.364+0000] {override.py:1900} INFO - Created Permission View: can create on DAG Run:setup_lakehouse_infrastructure_v3
[2026-07-26T02:39:42.365+0000] {logging_mixin.py:190} INFO - [2026-07-26T02:39:42.365+0000] {dag.py:3239} INFO - Sync 1 DAGs
[2026-07-26T02:39:42.387+0000] {logging_mixin.py:190} INFO - [2026-07-26T02:39:42.386+0000] {dag.py:3262} INFO - Creating ORM DAG for setup_lakehouse_infrastructure_v3
[2026-07-26T02:39:42.402+0000] {logging_mixin.py:190} INFO - [2026-07-26T02:39:42.401+0000] {dag.py:4180} INFO - Setting next_dagrun for setup_lakehouse_infrastructure_v3 to 2024-01-01 00:00:00+00:00, run_after=2024-01-01 00:00:00+00:00
[2026-07-26T02:39:42.440+0000] {processor.py:208} INFO - Processing /opt/airflow/dags/setup_lakehouse_infrastructure_v3.py took 0.284 seconds
[2026-07-26T02:40:13.284+0000] {processor.py:186} INFO - Started process (PID=275) to work on /opt/airflow/dags/setup_lakehouse_infrastructure_v3.py
[2026-07-26T02:40:13.285+0000] {processor.py:914} INFO - Processing file /opt/airflow/dags/setup_lakehouse_infrastructure_v3.py for tasks to queue
[2026-07-26T02:40:13.289+0000] {logging_mixin.py:190} INFO - [2026-07-26T02:40:13.288+0000] {dagbag.py:588} INFO - Filling up the DagBag from /opt/airflow/dags/setup_lakehouse_infrastructure_v3.py
[2026-07-26T02:40:13.315+0000] {processor.py:925} INFO - DAG(s) 'setup_lakehouse_infrastructure_v3' retrieved from /opt/airflow/dags/setup_lakehouse_infrastructure_v3.py
[2026-07-26T02:40:13.343+0000] {logging_mixin.py:190} INFO - [2026-07-26T02:40:13.343+0000] {dag.py:3239} INFO - Sync 1 DAGs
[2026-07-26T02:40:13.366+0000] {logging_mixin.py:190} INFO - [2026-07-26T02:40:13.365+0000] {dag.py:4180} INFO - Setting next_dagrun for setup_lakehouse_infrastructure_v3 to 2024-01-01 00:00:00+00:00, run_after=2024-01-01 00:00:00+00:00
[2026-07-26T02:40:13.391+0000] {processor.py:208} INFO - Processing /opt/airflow/dags/setup_lakehouse_infrastructure_v3.py took 0.112 seconds
[2026-07-26T02:40:43.755+0000] {processor.py:186} INFO - Started process (PID=366) to work on /opt/airflow/dags/setup_lakehouse_infrastructure_v3.py
[2026-07-26T02:40:43.756+0000] {processor.py:914} INFO - Processing file /opt/airflow/dags/setup_lakehouse_infrastructure_v3.py for tasks to queue
[2026-07-26T02:40:43.759+0000] {logging_mixin.py:190} INFO - [2026-07-26T02:40:43.758+0000] {dagbag.py:588} INFO - Filling up the DagBag from /opt/airflow/dags/setup_lakehouse_infrastructure_v3.py
[2026-07-26T02:40:43.788+0000] {processor.py:925} INFO - DAG(s) 'setup_lakehouse_infrastructure_v3' retrieved from /opt/airflow/dags/setup_lakehouse_infrastructure_v3.py
[2026-07-26T02:40:43.815+0000] {logging_mixin.py:190} INFO - [2026-07-26T02:40:43.815+0000] {dag.py:3239} INFO - Sync 1 DAGs
[2026-07-26T02:40:43.841+0000] {logging_mixin.py:190} INFO - [2026-07-26T02:40:43.840+0000] {dag.py:4180} INFO - Setting next_dagrun for setup_lakehouse_infrastructure_v3 to 2024-01-01 00:00:00+00:00, run_after=2024-01-01 00:00:00+00:00
[2026-07-26T02:40:43.868+0000] {processor.py:208} INFO - Processing /opt/airflow/dags/setup_lakehouse_infrastructure_v3.py took 0.119 seconds
[2026-07-26T02:41:15.406+0000] {processor.py:186} INFO - Started process (PID=466) to work on /opt/airflow/dags/setup_lakehouse_infrastructure_v3.py
[2026-07-26T02:41:15.408+0000] {processor.py:914} INFO - Processing file /opt/airflow/dags/setup_lakehouse_infrastructure_v3.py for tasks to queue
[2026-07-26T02:41:15.413+0000] {logging_mixin.py:190} INFO - [2026-07-26T02:41:15.412+0000] {dagbag.py:588} INFO - Filling up the DagBag from /opt/airflow/dags/setup_lakehouse_infrastructure_v3.py
[2026-07-26T02:41:15.460+0000] {processor.py:925} INFO - DAG(s) 'setup_lakehouse_infrastructure_v3' retrieved from /opt/airflow/dags/setup_lakehouse_infrastructure_v3.py
[2026-07-26T02:41:15.516+0000] {logging_mixin.py:190} INFO - [2026-07-26T02:41:15.515+0000] {dag.py:3239} INFO - Sync 1 DAGs
[2026-07-26T02:41:15.582+0000] {logging_mixin.py:190} INFO - [2026-07-26T02:41:15.582+0000] {dag.py:4180} INFO - Setting next_dagrun for setup_lakehouse_infrastructure_v3 to 2024-01-01 00:00:00+00:00, run_after=2024-01-01 00:00:00+00:00
[2026-07-26T02:41:15.632+0000] {processor.py:208} INFO - Processing /opt/airflow/dags/setup_lakehouse_infrastructure_v3.py took 0.238 seconds
[2026-07-26T02:41:46.280+0000] {processor.py:186} INFO - Started process (PID=577) to work on /opt/airflow/dags/setup_lakehouse_infrastructure_v3.py
[2026-07-26T02:41:46.281+0000] {processor.py:914} INFO - Processing file /opt/airflow/dags/setup_lakehouse_infrastructure_v3.py for tasks to queue
[2026-07-26T02:41:46.283+0000] {logging_mixin.py:190} INFO - [2026-07-26T02:41:46.283+0000] {dagbag.py:588} INFO - Filling up the DagBag from /opt/airflow/dags/setup_lakehouse_infrastructure_v3.py
[2026-07-26T02:41:46.311+0000] {processor.py:925} INFO - DAG(s) 'setup_lakehouse_infrastructure_v3' retrieved from /opt/airflow/dags/setup_lakehouse_infrastructure_v3.py
[2026-07-26T02:41:46.337+0000] {logging_mixin.py:190} INFO - [2026-07-26T02:41:46.336+0000] {dag.py:3239} INFO - Sync 1 DAGs
[2026-07-26T02:41:46.360+0000] {logging_mixin.py:190} INFO - [2026-07-26T02:41:46.360+0000] {dag.py:4180} INFO - Setting next_dagrun for setup_lakehouse_infrastructure_v3 to 2024-01-01 00:00:00+00:00, run_after=2024-01-01 00:00:00+00:00
[2026-07-26T02:41:46.380+0000] {processor.py:208} INFO - Processing /opt/airflow/dags/setup_lakehouse_infrastructure_v3.py took 0.106 seconds
[2026-07-26T02:42:16.511+0000] {processor.py:186} INFO - Started process (PID=680) to work on /opt/airflow/dags/setup_lakehouse_infrastructure_v3.py
[2026-07-26T02:42:16.512+0000] {processor.py:914} INFO - Processing file /opt/airflow/dags/setup_lakehouse_infrastructure_v3.py for tasks to queue
[2026-07-26T02:42:16.516+0000] {logging_mixin.py:190} INFO - [2026-07-26T02:42:16.515+0000] {dagbag.py:588} INFO - Filling up the DagBag from /opt/airflow/dags/setup_lakehouse_infrastructure_v3.py
[2026-07-26T02:42:16.541+0000] {processor.py:925} INFO - DAG(s) 'setup_lakehouse_infrastructure_v3' retrieved from /opt/airflow/dags/setup_lakehouse_infrastructure_v3.py
[2026-07-26T02:42:16.568+0000] {logging_mixin.py:190} INFO - [2026-07-26T02:42:16.567+0000] {dag.py:3239} INFO - Sync 1 DAGs
[2026-07-26T02:42:16.594+0000] {logging_mixin.py:190} INFO - [2026-07-26T02:42:16.593+0000] {dag.py:4180} INFO - Setting next_dagrun for setup_lakehouse_infrastructure_v3 to 2024-01-01 00:00:00+00:00, run_after=2024-01-01 00:00:00+00:00
[2026-07-26T02:42:16.619+0000] {processor.py:208} INFO - Processing /opt/airflow/dags/setup_lakehouse_infrastructure_v3.py took 0.113 seconds
[2026-07-26T02:42:47.308+0000] {processor.py:186} INFO - Started process (PID=775) to work on /opt/airflow/dags/setup_lakehouse_infrastructure_v3.py
[2026-07-26T02:42:47.310+0000] {processor.py:914} INFO - Processing file /opt/airflow/dags/setup_lakehouse_infrastructure_v3.py for tasks to queue
[2026-07-26T02:42:47.312+0000] {logging_mixin.py:190} INFO - [2026-07-26T02:42:47.312+0000] {dagbag.py:588} INFO - Filling up the DagBag from /opt/airflow/dags/setup_lakehouse_infrastructure_v3.py
[2026-07-26T02:42:47.335+0000] {processor.py:925} INFO - DAG(s) 'setup_lakehouse_infrastructure_v3' retrieved from /opt/airflow/dags/setup_lakehouse_infrastructure_v3.py
[2026-07-26T02:42:47.361+0000] {logging_mixin.py:190} INFO - [2026-07-26T02:42:47.361+0000] {dag.py:3239} INFO - Sync 1 DAGs
[2026-07-26T02:42:47.392+0000] {logging_mixin.py:190} INFO - [2026-07-26T02:42:47.392+0000] {dag.py:4180} INFO - Setting next_dagrun for setup_lakehouse_infrastructure_v3 to 2024-01-01 00:00:00+00:00, run_after=2024-01-01 00:00:00+00:00
[2026-07-26T02:42:47.422+0000] {processor.py:208} INFO - Processing /opt/airflow/dags/setup_lakehouse_infrastructure_v3.py took 0.119 seconds
[2026-07-26T02:43:17.669+0000] {processor.py:186} INFO - Started process (PID=861) to work on /opt/airflow/dags/setup_lakehouse_infrastructure_v3.py
[2026-07-26T02:43:17.671+0000] {processor.py:914} INFO - Processing file /opt/airflow/dags/setup_lakehouse_infrastructure_v3.py for tasks to queue
[2026-07-26T02:43:17.674+0000] {logging_mixin.py:190} INFO - [2026-07-26T02:43:17.673+0000] {dagbag.py:588} INFO - Filling up the DagBag from /opt/airflow/dags/setup_lakehouse_infrastructure_v3.py
[2026-07-26T02:43:17.702+0000] {processor.py:925} INFO - DAG(s) 'setup_lakehouse_infrastructure_v3' retrieved from /opt/airflow/dags/setup_lakehouse_infrastructure_v3.py
[2026-07-26T02:43:17.725+0000] {logging_mixin.py:190} INFO - [2026-07-26T02:43:17.725+0000] {dag.py:3239} INFO - Sync 1 DAGs
[2026-07-26T02:43:17.748+0000] {logging_mixin.py:190} INFO - [2026-07-26T02:43:17.748+0000] {dag.py:4180} INFO - Setting next_dagrun for setup_lakehouse_infrastructure_v3 to 2024-01-01 00:00:00+00:00, run_after=2024-01-01 00:00:00+00:00
[2026-07-26T02:43:17.769+0000] {processor.py:208} INFO - Processing /opt/airflow/dags/setup_lakehouse_infrastructure_v3.py took 0.106 seconds
[2026-07-26T02:43:48.183+0000] {processor.py:186} INFO - Started process (PID=954) to work on /opt/airflow/dags/setup_lakehouse_infrastructure_v3.py
[2026-07-26T02:43:48.184+0000] {processor.py:914} INFO - Processing file /opt/airflow/dags/setup_lakehouse_infrastructure_v3.py for tasks to queue
[2026-07-26T02:43:48.187+0000] {logging_mixin.py:190} INFO - [2026-07-26T02:43:48.187+0000] {dagbag.py:588} INFO - Filling up the DagBag from /opt/airflow/dags/setup_lakehouse_infrastructure_v3.py
[2026-07-26T02:43:48.211+0000] {processor.py:925} INFO - DAG(s) 'setup_lakehouse_infrastructure_v3' retrieved from /opt/airflow/dags/setup_lakehouse_infrastructure_v3.py
[2026-07-26T02:43:48.240+0000] {logging_mixin.py:190} INFO - [2026-07-26T02:43:48.239+0000] {dag.py:3239} INFO - Sync 1 DAGs
[2026-07-26T02:43:48.266+0000] {logging_mixin.py:190} INFO - [2026-07-26T02:43:48.266+0000] {dag.py:4180} INFO - Setting next_dagrun for setup_lakehouse_infrastructure_v3 to 2024-01-01 00:00:00+00:00, run_after=2024-01-01 00:00:00+00:00
[2026-07-26T02:43:48.285+0000] {processor.py:208} INFO - Processing /opt/airflow/dags/setup_lakehouse_infrastructure_v3.py took 0.109 seconds
[2026-07-26T02:44:18.620+0000] {processor.py:186} INFO - Started process (PID=1043) to work on /opt/airflow/dags/setup_lakehouse_infrastructure_v3.py
[2026-07-26T02:44:18.621+0000] {processor.py:914} INFO - Processing file /opt/airflow/dags/setup_lakehouse_infrastructure_v3.py for tasks to queue
[2026-07-26T02:44:18.624+0000] {logging_mixin.py:190} INFO - [2026-07-26T02:44:18.624+0000] {dagbag.py:588} INFO - Filling up the DagBag from /opt/airflow/dags/setup_lakehouse_infrastructure_v3.py
[2026-07-26T02:44:18.657+0000] {processor.py:925} INFO - DAG(s) 'setup_lakehouse_infrastructure_v3' retrieved from /opt/airflow/dags/setup_lakehouse_infrastructure_v3.py
[2026-07-26T02:44:18.686+0000] {logging_mixin.py:190} INFO - [2026-07-26T02:44:18.686+0000] {dag.py:3239} INFO - Sync 1 DAGs
[2026-07-26T02:44:18.712+0000] {logging_mixin.py:190} INFO - [2026-07-26T02:44:18.712+0000] {dag.py:4180} INFO - Setting next_dagrun for setup_lakehouse_infrastructure_v3 to 2024-01-01 00:00:00+00:00, run_after=2024-01-01 00:00:00+00:00
[2026-07-26T02:44:18.735+0000] {processor.py:208} INFO - Processing /opt/airflow/dags/setup_lakehouse_infrastructure_v3.py took 0.120 seconds
[2026-07-26T02:44:48.811+0000] {processor.py:186} INFO - Started process (PID=1130) to work on /opt/airflow/dags/setup_lakehouse_infrastructure_v3.py
[2026-07-26T02:44:48.812+0000] {processor.py:914} INFO - Processing file /opt/airflow/dags/setup_lakehouse_infrastructure_v3.py for tasks to queue
[2026-07-26T02:44:48.816+0000] {logging_mixin.py:190} INFO - [2026-07-26T02:44:48.815+0000] {dagbag.py:588} INFO - Filling up the DagBag from /opt/airflow/dags/setup_lakehouse_infrastructure_v3.py
[2026-07-26T02:44:48.857+0000] {processor.py:925} INFO - DAG(s) 'setup_lakehouse_infrastructure_v3' retrieved from /opt/airflow/dags/setup_lakehouse_infrastructure_v3.py
[2026-07-26T02:44:48.896+0000] {logging_mixin.py:190} INFO - [2026-07-26T02:44:48.896+0000] {dag.py:3239} INFO - Sync 1 DAGs
[2026-07-26T02:44:48.923+0000] {logging_mixin.py:190} INFO - [2026-07-26T02:44:48.923+0000] {dag.py:4180} INFO - Setting next_dagrun for setup_lakehouse_infrastructure_v3 to 2024-01-01 00:00:00+00:00, run_after=2024-01-01 00:00:00+00:00
[2026-07-26T02:44:48.957+0000] {processor.py:208} INFO - Processing /opt/airflow/dags/setup_lakehouse_infrastructure_v3.py took 0.153 seconds
[2026-07-26T02:45:19.352+0000] {processor.py:186} INFO - Started process (PID=1226) to work on /opt/airflow/dags/setup_lakehouse_infrastructure_v3.py
[2026-07-26T02:45:19.353+0000] {processor.py:914} INFO - Processing file /opt/airflow/dags/setup_lakehouse_infrastructure_v3.py for tasks to queue
[2026-07-26T02:45:19.357+0000] {logging_mixin.py:190} INFO - [2026-07-26T02:45:19.356+0000] {dagbag.py:588} INFO - Filling up the DagBag from /opt/airflow/dags/setup_lakehouse_infrastructure_v3.py
[2026-07-26T02:45:19.383+0000] {processor.py:925} INFO - DAG(s) 'setup_lakehouse_infrastructure_v3' retrieved from /opt/airflow/dags/setup_lakehouse_infrastructure_v3.py
[2026-07-26T02:45:19.416+0000] {logging_mixin.py:190} INFO - [2026-07-26T02:45:19.416+0000] {dag.py:3239} INFO - Sync 1 DAGs
[2026-07-26T02:45:19.446+0000] {logging_mixin.py:190} INFO - [2026-07-26T02:45:19.446+0000] {dag.py:4180} INFO - Setting next_dagrun for setup_lakehouse_infrastructure_v3 to 2024-01-01 00:00:00+00:00, run_after=2024-01-01 00:00:00+00:00
[2026-07-26T02:45:19.475+0000] {processor.py:208} INFO - Processing /opt/airflow/dags/setup_lakehouse_infrastructure_v3.py took 0.129 seconds
[2026-07-26T02:45:49.925+0000] {processor.py:186} INFO - Started process (PID=1314) to work on /opt/airflow/dags/setup_lakehouse_infrastructure_v3.py
[2026-07-26T02:45:49.926+0000] {processor.py:914} INFO - Processing file /opt/airflow/dags/setup_lakehouse_infrastructure_v3.py for tasks to queue
[2026-07-26T02:45:49.929+0000] {logging_mixin.py:190} INFO - [2026-07-26T02:45:49.928+0000] {dagbag.py:588} INFO - Filling up the DagBag from /opt/airflow/dags/setup_lakehouse_infrastructure_v3.py
[2026-07-26T02:45:49.961+0000] {processor.py:925} INFO - DAG(s) 'setup_lakehouse_infrastructure_v3' retrieved from /opt/airflow/dags/setup_lakehouse_infrastructure_v3.py
[2026-07-26T02:45:49.988+0000] {logging_mixin.py:190} INFO - [2026-07-26T02:45:49.987+0000] {dag.py:3239} INFO - Sync 1 DAGs
[2026-07-26T02:45:50.013+0000] {logging_mixin.py:190} INFO - [2026-07-26T02:45:50.013+0000] {dag.py:4180} INFO - Setting next_dagrun for setup_lakehouse_infrastructure_v3 to 2024-01-01 00:00:00+00:00, run_after=2024-01-01 00:00:00+00:00
[2026-07-26T02:45:50.035+0000] {processor.py:208} INFO - Processing /opt/airflow/dags/setup_lakehouse_infrastructure_v3.py took 0.115 seconds
[2026-07-26T02:46:20.303+0000] {processor.py:186} INFO - Started process (PID=1410) to work on /opt/airflow/dags/setup_lakehouse_infrastructure_v3.py
[2026-07-26T02:46:20.304+0000] {processor.py:914} INFO - Processing file /opt/airflow/dags/setup_lakehouse_infrastructure_v3.py for tasks to queue
[2026-07-26T02:46:20.306+0000] {logging_mixin.py:190} INFO - [2026-07-26T02:46:20.306+0000] {dagbag.py:588} INFO - Filling up the DagBag from /opt/airflow/dags/setup_lakehouse_infrastructure_v3.py
[2026-07-26T02:46:20.332+0000] {processor.py:925} INFO - DAG(s) 'setup_lakehouse_infrastructure_v3' retrieved from /opt/airflow/dags/setup_lakehouse_infrastructure_v3.py
[2026-07-26T02:46:20.361+0000] {logging_mixin.py:190} INFO - [2026-07-26T02:46:20.360+0000] {dag.py:3239} INFO - Sync 1 DAGs
[2026-07-26T02:46:20.392+0000] {logging_mixin.py:190} INFO - [2026-07-26T02:46:20.392+0000] {dag.py:4180} INFO - Setting next_dagrun for setup_lakehouse_infrastructure_v3 to 2024-01-01 00:00:00+00:00, run_after=2024-01-01 00:00:00+00:00
[2026-07-26T02:46:20.416+0000] {processor.py:208} INFO - Processing /opt/airflow/dags/setup_lakehouse_infrastructure_v3.py took 0.118 seconds
[2026-07-26T02:46:50.797+0000] {processor.py:186} INFO - Started process (PID=1503) to work on /opt/airflow/dags/setup_lakehouse_infrastructure_v3.py
[2026-07-26T02:46:50.798+0000] {processor.py:914} INFO - Processing file /opt/airflow/dags/setup_lakehouse_infrastructure_v3.py for tasks to queue
[2026-07-26T02:46:50.803+0000] {logging_mixin.py:190} INFO - [2026-07-26T02:46:50.802+0000] {dagbag.py:588} INFO - Filling up the DagBag from /opt/airflow/dags/setup_lakehouse_infrastructure_v3.py
[2026-07-26T02:46:50.832+0000] {processor.py:925} INFO - DAG(s) 'setup_lakehouse_infrastructure_v3' retrieved from /opt/airflow/dags/setup_lakehouse_infrastructure_v3.py
[2026-07-26T02:46:50.859+0000] {logging_mixin.py:190} INFO - [2026-07-26T02:46:50.859+0000] {dag.py:3239} INFO - Sync 1 DAGs
[2026-07-26T02:46:50.883+0000] {logging_mixin.py:190} INFO - [2026-07-26T02:46:50.883+0000] {dag.py:4180} INFO - Setting next_dagrun for setup_lakehouse_infrastructure_v3 to 2024-01-01 00:00:00+00:00, run_after=2024-01-01 00:00:00+00:00
[2026-07-26T02:46:50.906+0000] {processor.py:208} INFO - Processing /opt/airflow/dags/setup_lakehouse_infrastructure_v3.py took 0.114 seconds
[2026-07-26T02:47:21.434+0000] {processor.py:186} INFO - Started process (PID=1599) to work on /opt/airflow/dags/setup_lakehouse_infrastructure_v3.py
[2026-07-26T02:47:21.436+0000] {processor.py:914} INFO - Processing file /opt/airflow/dags/setup_lakehouse_infrastructure_v3.py for tasks to queue
[2026-07-26T02:47:21.438+0000] {logging_mixin.py:190} INFO - [2026-07-26T02:47:21.437+0000] {dagbag.py:588} INFO - Filling up the DagBag from /opt/airflow/dags/setup_lakehouse_infrastructure_v3.py
[2026-07-26T02:47:21.465+0000] {processor.py:925} INFO - DAG(s) 'setup_lakehouse_infrastructure_v3' retrieved from /opt/airflow/dags/setup_lakehouse_infrastructure_v3.py
[2026-07-26T02:47:21.488+0000] {logging_mixin.py:190} INFO - [2026-07-26T02:47:21.488+0000] {dag.py:3239} INFO - Sync 1 DAGs
[2026-07-26T02:47:21.509+0000] {logging_mixin.py:190} INFO - [2026-07-26T02:47:21.509+0000] {dag.py:4180} INFO - Setting next_dagrun for setup_lakehouse_infrastructure_v3 to 2024-01-01 00:00:00+00:00, run_after=2024-01-01 00:00:00+00:00
[2026-07-26T02:47:21.528+0000] {processor.py:208} INFO - Processing /opt/airflow/dags/setup_lakehouse_infrastructure_v3.py took 0.100 seconds
[2026-07-26T02:47:51.847+0000] {processor.py:186} INFO - Started process (PID=1687) to work on /opt/airflow/dags/setup_lakehouse_infrastructure_v3.py
[2026-07-26T02:47:51.849+0000] {processor.py:914} INFO - Processing file /opt/airflow/dags/setup_lakehouse_infrastructure_v3.py for tasks to queue
[2026-07-26T02:47:51.851+0000] {logging_mixin.py:190} INFO - [2026-07-26T02:47:51.851+0000] {dagbag.py:588} INFO - Filling up the DagBag from /opt/airflow/dags/setup_lakehouse_infrastructure_v3.py
[2026-07-26T02:47:51.876+0000] {processor.py:925} INFO - DAG(s) 'setup_lakehouse_infrastructure_v3' retrieved from /opt/airflow/dags/setup_lakehouse_infrastructure_v3.py
[2026-07-26T02:47:51.908+0000] {logging_mixin.py:190} INFO - [2026-07-26T02:47:51.907+0000] {dag.py:3239} INFO - Sync 1 DAGs
[2026-07-26T02:47:51.936+0000] {logging_mixin.py:190} INFO - [2026-07-26T02:47:51.936+0000] {dag.py:4180} INFO - Setting next_dagrun for setup_lakehouse_infrastructure_v3 to 2024-01-01 00:00:00+00:00, run_after=2024-01-01 00:00:00+00:00
[2026-07-26T02:47:51.957+0000] {processor.py:208} INFO - Processing /opt/airflow/dags/setup_lakehouse_infrastructure_v3.py took 0.116 seconds
[2026-07-26T02:48:22.454+0000] {processor.py:186} INFO - Started process (PID=1783) to work on /opt/airflow/dags/setup_lakehouse_infrastructure_v3.py
[2026-07-26T02:48:22.455+0000] {processor.py:914} INFO - Processing file /opt/airflow/dags/setup_lakehouse_infrastructure_v3.py for tasks to queue
[2026-07-26T02:48:22.457+0000] {logging_mixin.py:190} INFO - [2026-07-26T02:48:22.457+0000] {dagbag.py:588} INFO - Filling up the DagBag from /opt/airflow/dags/setup_lakehouse_infrastructure_v3.py
[2026-07-26T02:48:22.482+0000] {processor.py:925} INFO - DAG(s) 'setup_lakehouse_infrastructure_v3' retrieved from /opt/airflow/dags/setup_lakehouse_infrastructure_v3.py
[2026-07-26T02:48:22.510+0000] {logging_mixin.py:190} INFO - [2026-07-26T02:48:22.509+0000] {dag.py:3239} INFO - Sync 1 DAGs
[2026-07-26T02:48:22.535+0000] {logging_mixin.py:190} INFO - [2026-07-26T02:48:22.535+0000] {dag.py:4180} INFO - Setting next_dagrun for setup_lakehouse_infrastructure_v3 to 2024-01-01 00:00:00+00:00, run_after=2024-01-01 00:00:00+00:00
[2026-07-26T02:48:22.557+0000] {processor.py:208} INFO - Processing /opt/airflow/dags/setup_lakehouse_infrastructure_v3.py took 0.108 seconds
[2026-07-26T02:48:53.111+0000] {processor.py:186} INFO - Started process (PID=1876) to work on /opt/airflow/dags/setup_lakehouse_infrastructure_v3.py
[2026-07-26T02:48:53.112+0000] {processor.py:914} INFO - Processing file /opt/airflow/dags/setup_lakehouse_infrastructure_v3.py for tasks to queue
[2026-07-26T02:48:53.115+0000] {logging_mixin.py:190} INFO - [2026-07-26T02:48:53.115+0000] {dagbag.py:588} INFO - Filling up the DagBag from /opt/airflow/dags/setup_lakehouse_infrastructure_v3.py
[2026-07-26T02:48:53.140+0000] {processor.py:925} INFO - DAG(s) 'setup_lakehouse_infrastructure_v3' retrieved from /opt/airflow/dags/setup_lakehouse_infrastructure_v3.py
[2026-07-26T02:48:53.164+0000] {logging_mixin.py:190} INFO - [2026-07-26T02:48:53.164+0000] {dag.py:3239} INFO - Sync 1 DAGs
[2026-07-26T02:48:53.185+0000] {logging_mixin.py:190} INFO - [2026-07-26T02:48:53.185+0000] {dag.py:4180} INFO - Setting next_dagrun for setup_lakehouse_infrastructure_v3 to 2024-01-01 00:00:00+00:00, run_after=2024-01-01 00:00:00+00:00
[2026-07-26T02:48:53.205+0000] {processor.py:208} INFO - Processing /opt/airflow/dags/setup_lakehouse_infrastructure_v3.py took 0.101 seconds
[2026-07-26T02:49:23.362+0000] {processor.py:186} INFO - Started process (PID=1964) to work on /opt/airflow/dags/setup_lakehouse_infrastructure_v3.py
[2026-07-26T02:49:23.363+0000] {processor.py:914} INFO - Processing file /opt/airflow/dags/setup_lakehouse_infrastructure_v3.py for tasks to queue
[2026-07-26T02:49:23.365+0000] {logging_mixin.py:190} INFO - [2026-07-26T02:49:23.365+0000] {dagbag.py:588} INFO - Filling up the DagBag from /opt/airflow/dags/setup_lakehouse_infrastructure_v3.py
[2026-07-26T02:49:23.389+0000] {processor.py:925} INFO - DAG(s) 'setup_lakehouse_infrastructure_v3' retrieved from /opt/airflow/dags/setup_lakehouse_infrastructure_v3.py
[2026-07-26T02:49:23.415+0000] {logging_mixin.py:190} INFO - [2026-07-26T02:49:23.415+0000] {dag.py:3239} INFO - Sync 1 DAGs
[2026-07-26T02:49:23.444+0000] {logging_mixin.py:190} INFO - [2026-07-26T02:49:23.443+0000] {dag.py:4180} INFO - Setting next_dagrun for setup_lakehouse_infrastructure_v3 to 2024-01-01 00:00:00+00:00, run_after=2024-01-01 00:00:00+00:00
[2026-07-26T02:49:23.471+0000] {processor.py:208} INFO - Processing /opt/airflow/dags/setup_lakehouse_infrastructure_v3.py took 0.113 seconds
[2026-07-26T02:49:53.777+0000] {processor.py:186} INFO - Started process (PID=2057) to work on /opt/airflow/dags/setup_lakehouse_infrastructure_v3.py
[2026-07-26T02:49:53.778+0000] {processor.py:914} INFO - Processing file /opt/airflow/dags/setup_lakehouse_infrastructure_v3.py for tasks to queue
[2026-07-26T02:49:53.780+0000] {logging_mixin.py:190} INFO - [2026-07-26T02:49:53.780+0000] {dagbag.py:588} INFO - Filling up the DagBag from /opt/airflow/dags/setup_lakehouse_infrastructure_v3.py
[2026-07-26T02:49:53.809+0000] {processor.py:925} INFO - DAG(s) 'setup_lakehouse_infrastructure_v3' retrieved from /opt/airflow/dags/setup_lakehouse_infrastructure_v3.py
[2026-07-26T02:49:53.837+0000] {logging_mixin.py:190} INFO - [2026-07-26T02:49:53.837+0000] {dag.py:3239} INFO - Sync 1 DAGs
[2026-07-26T02:49:53.862+0000] {logging_mixin.py:190} INFO - [2026-07-26T02:49:53.862+0000] {dag.py:4180} INFO - Setting next_dagrun for setup_lakehouse_infrastructure_v3 to 2024-01-01 00:00:00+00:00, run_after=2024-01-01 00:00:00+00:00
[2026-07-26T02:49:53.882+0000] {processor.py:208} INFO - Processing /opt/airflow/dags/setup_lakehouse_infrastructure_v3.py took 0.111 seconds
[2026-07-26T02:50:24.566+0000] {processor.py:186} INFO - Started process (PID=2150) to work on /opt/airflow/dags/setup_lakehouse_infrastructure_v3.py
[2026-07-26T02:50:24.567+0000] {processor.py:914} INFO - Processing file /opt/airflow/dags/setup_lakehouse_infrastructure_v3.py for tasks to queue
[2026-07-26T02:50:24.570+0000] {logging_mixin.py:190} INFO - [2026-07-26T02:50:24.569+0000] {dagbag.py:588} INFO - Filling up the DagBag from /opt/airflow/dags/setup_lakehouse_infrastructure_v3.py
[2026-07-26T02:50:24.596+0000] {processor.py:925} INFO - DAG(s) 'setup_lakehouse_infrastructure_v3' retrieved from /opt/airflow/dags/setup_lakehouse_infrastructure_v3.py
[2026-07-26T02:50:24.625+0000] {logging_mixin.py:190} INFO - [2026-07-26T02:50:24.625+0000] {dag.py:3239} INFO - Sync 1 DAGs
[2026-07-26T02:50:24.648+0000] {logging_mixin.py:190} INFO - [2026-07-26T02:50:24.647+0000] {dag.py:4180} INFO - Setting next_dagrun for setup_lakehouse_infrastructure_v3 to 2024-01-01 00:00:00+00:00, run_after=2024-01-01 00:00:00+00:00
[2026-07-26T02:50:24.667+0000] {processor.py:208} INFO - Processing /opt/airflow/dags/setup_lakehouse_infrastructure_v3.py took 0.107 seconds
[2026-07-26T02:50:54.742+0000] {processor.py:186} INFO - Started process (PID=2238) to work on /opt/airflow/dags/setup_lakehouse_infrastructure_v3.py
[2026-07-26T02:50:54.743+0000] {processor.py:914} INFO - Processing file /opt/airflow/dags/setup_lakehouse_infrastructure_v3.py for tasks to queue
[2026-07-26T02:50:54.745+0000] {logging_mixin.py:190} INFO - [2026-07-26T02:50:54.745+0000] {dagbag.py:588} INFO - Filling up the DagBag from /opt/airflow/dags/setup_lakehouse_infrastructure_v3.py
[2026-07-26T02:50:54.774+0000] {processor.py:925} INFO - DAG(s) 'setup_lakehouse_infrastructure_v3' retrieved from /opt/airflow/dags/setup_lakehouse_infrastructure_v3.py
[2026-07-26T02:50:54.805+0000] {logging_mixin.py:190} INFO - [2026-07-26T02:50:54.805+0000] {dag.py:3239} INFO - Sync 1 DAGs
[2026-07-26T02:50:54.828+0000] {logging_mixin.py:190} INFO - [2026-07-26T02:50:54.828+0000] {dag.py:4180} INFO - Setting next_dagrun for setup_lakehouse_infrastructure_v3 to 2024-01-01 00:00:00+00:00, run_after=2024-01-01 00:00:00+00:00
[2026-07-26T02:50:54.845+0000] {processor.py:208} INFO - Processing /opt/airflow/dags/setup_lakehouse_infrastructure_v3.py took 0.108 seconds
[2026-07-26T02:51:24.963+0000] {processor.py:186} INFO - Started process (PID=2334) to work on /opt/airflow/dags/setup_lakehouse_infrastructure_v3.py
[2026-07-26T02:51:24.963+0000] {processor.py:914} INFO - Processing file /opt/airflow/dags/setup_lakehouse_infrastructure_v3.py for tasks to queue
[2026-07-26T02:51:24.966+0000] {logging_mixin.py:190} INFO - [2026-07-26T02:51:24.965+0000] {dagbag.py:588} INFO - Filling up the DagBag from /opt/airflow/dags/setup_lakehouse_infrastructure_v3.py
[2026-07-26T02:51:24.991+0000] {processor.py:925} INFO - DAG(s) 'setup_lakehouse_infrastructure_v3' retrieved from /opt/airflow/dags/setup_lakehouse_infrastructure_v3.py
[2026-07-26T02:51:25.016+0000] {logging_mixin.py:190} INFO - [2026-07-26T02:51:25.016+0000] {dag.py:3239} INFO - Sync 1 DAGs
[2026-07-26T02:51:25.040+0000] {logging_mixin.py:190} INFO - [2026-07-26T02:51:25.040+0000] {dag.py:4180} INFO - Setting next_dagrun for setup_lakehouse_infrastructure_v3 to 2024-01-01 00:00:00+00:00, run_after=2024-01-01 00:00:00+00:00
[2026-07-26T02:51:25.059+0000] {processor.py:208} INFO - Processing /opt/airflow/dags/setup_lakehouse_infrastructure_v3.py took 0.101 seconds
[2026-07-26T02:51:55.767+0000] {processor.py:186} INFO - Started process (PID=2427) to work on /opt/airflow/dags/setup_lakehouse_infrastructure_v3.py
[2026-07-26T02:51:55.768+0000] {processor.py:914} INFO - Processing file /opt/airflow/dags/setup_lakehouse_infrastructure_v3.py for tasks to queue
[2026-07-26T02:51:55.770+0000] {logging_mixin.py:190} INFO - [2026-07-26T02:51:55.770+0000] {dagbag.py:588} INFO - Filling up the DagBag from /opt/airflow/dags/setup_lakehouse_infrastructure_v3.py
[2026-07-26T02:51:55.795+0000] {processor.py:925} INFO - DAG(s) 'setup_lakehouse_infrastructure_v3' retrieved from /opt/airflow/dags/setup_lakehouse_infrastructure_v3.py
[2026-07-26T02:51:55.819+0000] {logging_mixin.py:190} INFO - [2026-07-26T02:51:55.819+0000] {dag.py:3239} INFO - Sync 1 DAGs
[2026-07-26T02:51:55.842+0000] {logging_mixin.py:190} INFO - [2026-07-26T02:51:55.842+0000] {dag.py:4180} INFO - Setting next_dagrun for setup_lakehouse_infrastructure_v3 to 2024-01-01 00:00:00+00:00, run_after=2024-01-01 00:00:00+00:00
[2026-07-26T02:51:55.863+0000] {processor.py:208} INFO - Processing /opt/airflow/dags/setup_lakehouse_infrastructure_v3.py took 0.102 seconds
[2026-07-26T02:52:26.332+0000] {processor.py:186} INFO - Started process (PID=2515) to work on /opt/airflow/dags/setup_lakehouse_infrastructure_v3.py
[2026-07-26T02:52:26.334+0000] {processor.py:914} INFO - Processing file /opt/airflow/dags/setup_lakehouse_infrastructure_v3.py for tasks to queue
[2026-07-26T02:52:26.337+0000] {logging_mixin.py:190} INFO - [2026-07-26T02:52:26.337+0000] {dagbag.py:588} INFO - Filling up the DagBag from /opt/airflow/dags/setup_lakehouse_infrastructure_v3.py
[2026-07-26T02:52:26.364+0000] {processor.py:925} INFO - DAG(s) 'setup_lakehouse_infrastructure_v3' retrieved from /opt/airflow/dags/setup_lakehouse_infrastructure_v3.py
[2026-07-26T02:52:26.389+0000] {logging_mixin.py:190} INFO - [2026-07-26T02:52:26.388+0000] {dag.py:3239} INFO - Sync 1 DAGs
[2026-07-26T02:52:26.411+0000] {logging_mixin.py:190} INFO - [2026-07-26T02:52:26.411+0000] {dag.py:4180} INFO - Setting next_dagrun for setup_lakehouse_infrastructure_v3 to 2024-01-01 00:00:00+00:00, run_after=2024-01-01 00:00:00+00:00
[2026-07-26T02:52:26.432+0000] {processor.py:208} INFO - Processing /opt/airflow/dags/setup_lakehouse_infrastructure_v3.py took 0.106 seconds
[2026-07-26T02:52:56.498+0000] {processor.py:186} INFO - Started process (PID=2608) to work on /opt/airflow/dags/setup_lakehouse_infrastructure_v3.py
[2026-07-26T02:52:56.499+0000] {processor.py:914} INFO - Processing file /opt/airflow/dags/setup_lakehouse_infrastructure_v3.py for tasks to queue
[2026-07-26T02:52:56.501+0000] {logging_mixin.py:190} INFO - [2026-07-26T02:52:56.501+0000] {dagbag.py:588} INFO - Filling up the DagBag from /opt/airflow/dags/setup_lakehouse_infrastructure_v3.py
[2026-07-26T02:52:56.526+0000] {processor.py:925} INFO - DAG(s) 'setup_lakehouse_infrastructure_v3' retrieved from /opt/airflow/dags/setup_lakehouse_infrastructure_v3.py
[2026-07-26T02:52:56.549+0000] {logging_mixin.py:190} INFO - [2026-07-26T02:52:56.549+0000] {dag.py:3239} INFO - Sync 1 DAGs
[2026-07-26T02:52:56.572+0000] {logging_mixin.py:190} INFO - [2026-07-26T02:52:56.571+0000] {dag.py:4180} INFO - Setting next_dagrun for setup_lakehouse_infrastructure_v3 to 2024-01-01 00:00:00+00:00, run_after=2024-01-01 00:00:00+00:00
[2026-07-26T02:52:56.590+0000] {processor.py:208} INFO - Processing /opt/airflow/dags/setup_lakehouse_infrastructure_v3.py took 0.097 seconds
[2026-07-26T02:53:26.755+0000] {processor.py:186} INFO - Started process (PID=2701) to work on /opt/airflow/dags/setup_lakehouse_infrastructure_v3.py
[2026-07-26T02:53:26.756+0000] {processor.py:914} INFO - Processing file /opt/airflow/dags/setup_lakehouse_infrastructure_v3.py for tasks to queue
[2026-07-26T02:53:26.759+0000] {logging_mixin.py:190} INFO - [2026-07-26T02:53:26.759+0000] {dagbag.py:588} INFO - Filling up the DagBag from /opt/airflow/dags/setup_lakehouse_infrastructure_v3.py
[2026-07-26T02:53:26.787+0000] {processor.py:925} INFO - DAG(s) 'setup_lakehouse_infrastructure_v3' retrieved from /opt/airflow/dags/setup_lakehouse_infrastructure_v3.py
[2026-07-26T02:53:26.820+0000] {logging_mixin.py:190} INFO - [2026-07-26T02:53:26.820+0000] {dag.py:3239} INFO - Sync 1 DAGs
[2026-07-26T02:53:26.845+0000] {logging_mixin.py:190} INFO - [2026-07-26T02:53:26.844+0000] {dag.py:4180} INFO - Setting next_dagrun for setup_lakehouse_infrastructure_v3 to 2024-01-01 00:00:00+00:00, run_after=2024-01-01 00:00:00+00:00
[2026-07-26T02:53:26.868+0000] {processor.py:208} INFO - Processing /opt/airflow/dags/setup_lakehouse_infrastructure_v3.py took 0.118 seconds
[2026-07-26T02:53:57.241+0000] {processor.py:186} INFO - Started process (PID=2794) to work on /opt/airflow/dags/setup_lakehouse_infrastructure_v3.py
[2026-07-26T02:53:57.243+0000] {processor.py:914} INFO - Processing file /opt/airflow/dags/setup_lakehouse_infrastructure_v3.py for tasks to queue
[2026-07-26T02:53:57.246+0000] {logging_mixin.py:190} INFO - [2026-07-26T02:53:57.246+0000] {dagbag.py:588} INFO - Filling up the DagBag from /opt/airflow/dags/setup_lakehouse_infrastructure_v3.py
[2026-07-26T02:53:57.279+0000] {processor.py:925} INFO - DAG(s) 'setup_lakehouse_infrastructure_v3' retrieved from /opt/airflow/dags/setup_lakehouse_infrastructure_v3.py
[2026-07-26T02:53:57.311+0000] {logging_mixin.py:190} INFO - [2026-07-26T02:53:57.311+0000] {dag.py:3239} INFO - Sync 1 DAGs
[2026-07-26T02:53:57.336+0000] {logging_mixin.py:190} INFO - [2026-07-26T02:53:57.336+0000] {dag.py:4180} INFO - Setting next_dagrun for setup_lakehouse_infrastructure_v3 to 2024-01-01 00:00:00+00:00, run_after=2024-01-01 00:00:00+00:00
[2026-07-26T02:53:57.365+0000] {processor.py:208} INFO - Processing /opt/airflow/dags/setup_lakehouse_infrastructure_v3.py took 0.132 seconds
[2026-07-26T02:54:28.273+0000] {processor.py:186} INFO - Started process (PID=2884) to work on /opt/airflow/dags/setup_lakehouse_infrastructure_v3.py
[2026-07-26T02:54:28.274+0000] {processor.py:914} INFO - Processing file /opt/airflow/dags/setup_lakehouse_infrastructure_v3.py for tasks to queue
[2026-07-26T02:54:28.276+0000] {logging_mixin.py:190} INFO - [2026-07-26T02:54:28.276+0000] {dagbag.py:588} INFO - Filling up the DagBag from /opt/airflow/dags/setup_lakehouse_infrastructure_v3.py
[2026-07-26T02:54:28.300+0000] {processor.py:925} INFO - DAG(s) 'setup_lakehouse_infrastructure_v3' retrieved from /opt/airflow/dags/setup_lakehouse_infrastructure_v3.py
[2026-07-26T02:54:28.324+0000] {logging_mixin.py:190} INFO - [2026-07-26T02:54:28.324+0000] {dag.py:3239} INFO - Sync 1 DAGs
[2026-07-26T02:54:28.345+0000] {logging_mixin.py:190} INFO - [2026-07-26T02:54:28.345+0000] {dag.py:4180} INFO - Setting next_dagrun for setup_lakehouse_infrastructure_v3 to 2024-01-01 00:00:00+00:00, run_after=2024-01-01 00:00:00+00:00
[2026-07-26T02:54:28.364+0000] {processor.py:208} INFO - Processing /opt/airflow/dags/setup_lakehouse_infrastructure_v3.py took 0.096 seconds
[2026-07-26T02:54:58.512+0000] {processor.py:186} INFO - Started process (PID=2977) to work on /opt/airflow/dags/setup_lakehouse_infrastructure_v3.py
[2026-07-26T02:54:58.512+0000] {processor.py:914} INFO - Processing file /opt/airflow/dags/setup_lakehouse_infrastructure_v3.py for tasks to queue
[2026-07-26T02:54:58.515+0000] {logging_mixin.py:190} INFO - [2026-07-26T02:54:58.514+0000] {dagbag.py:588} INFO - Filling up the DagBag from /opt/airflow/dags/setup_lakehouse_infrastructure_v3.py
[2026-07-26T02:54:58.536+0000] {processor.py:925} INFO - DAG(s) 'setup_lakehouse_infrastructure_v3' retrieved from /opt/airflow/dags/setup_lakehouse_infrastructure_v3.py
[2026-07-26T02:54:58.560+0000] {logging_mixin.py:190} INFO - [2026-07-26T02:54:58.559+0000] {dag.py:3239} INFO - Sync 1 DAGs
[2026-07-26T02:54:58.582+0000] {logging_mixin.py:190} INFO - [2026-07-26T02:54:58.581+0000] {dag.py:4180} INFO - Setting next_dagrun for setup_lakehouse_infrastructure_v3 to 2024-01-01 00:00:00+00:00, run_after=2024-01-01 00:00:00+00:00
[2026-07-26T02:54:58.600+0000] {processor.py:208} INFO - Processing /opt/airflow/dags/setup_lakehouse_infrastructure_v3.py took 0.096 seconds
[2026-07-26T02:55:28.813+0000] {processor.py:186} INFO - Started process (PID=3068) to work on /opt/airflow/dags/setup_lakehouse_infrastructure_v3.py
[2026-07-26T02:55:28.814+0000] {processor.py:914} INFO - Processing file /opt/airflow/dags/setup_lakehouse_infrastructure_v3.py for tasks to queue
[2026-07-26T02:55:28.816+0000] {logging_mixin.py:190} INFO - [2026-07-26T02:55:28.816+0000] {dagbag.py:588} INFO - Filling up the DagBag from /opt/airflow/dags/setup_lakehouse_infrastructure_v3.py
[2026-07-26T02:55:28.844+0000] {processor.py:925} INFO - DAG(s) 'setup_lakehouse_infrastructure_v3' retrieved from /opt/airflow/dags/setup_lakehouse_infrastructure_v3.py
[2026-07-26T02:55:28.866+0000] {logging_mixin.py:190} INFO - [2026-07-26T02:55:28.866+0000] {dag.py:3239} INFO - Sync 1 DAGs
[2026-07-26T02:55:28.892+0000] {logging_mixin.py:190} INFO - [2026-07-26T02:55:28.892+0000] {dag.py:4180} INFO - Setting next_dagrun for setup_lakehouse_infrastructure_v3 to 2024-01-01 00:00:00+00:00, run_after=2024-01-01 00:00:00+00:00
[2026-07-26T02:55:28.913+0000] {processor.py:208} INFO - Processing /opt/airflow/dags/setup_lakehouse_infrastructure_v3.py took 0.105 seconds
[2026-07-26T02:55:59.229+0000] {processor.py:186} INFO - Started process (PID=3158) to work on /opt/airflow/dags/setup_lakehouse_infrastructure_v3.py
[2026-07-26T02:55:59.230+0000] {processor.py:914} INFO - Processing file /opt/airflow/dags/setup_lakehouse_infrastructure_v3.py for tasks to queue
[2026-07-26T02:55:59.232+0000] {logging_mixin.py:190} INFO - [2026-07-26T02:55:59.231+0000] {dagbag.py:588} INFO - Filling up the DagBag from /opt/airflow/dags/setup_lakehouse_infrastructure_v3.py
[2026-07-26T02:55:59.256+0000] {processor.py:925} INFO - DAG(s) 'setup_lakehouse_infrastructure_v3' retrieved from /opt/airflow/dags/setup_lakehouse_infrastructure_v3.py
[2026-07-26T02:55:59.280+0000] {logging_mixin.py:190} INFO - [2026-07-26T02:55:59.280+0000] {dag.py:3239} INFO - Sync 1 DAGs
[2026-07-26T02:55:59.303+0000] {logging_mixin.py:190} INFO - [2026-07-26T02:55:59.302+0000] {dag.py:4180} INFO - Setting next_dagrun for setup_lakehouse_infrastructure_v3 to 2024-01-01 00:00:00+00:00, run_after=2024-01-01 00:00:00+00:00
[2026-07-26T02:55:59.322+0000] {processor.py:208} INFO - Processing /opt/airflow/dags/setup_lakehouse_infrastructure_v3.py took 0.099 seconds
[2026-07-26T02:56:29.673+0000] {processor.py:186} INFO - Started process (PID=3251) to work on /opt/airflow/dags/setup_lakehouse_infrastructure_v3.py
[2026-07-26T02:56:29.674+0000] {processor.py:914} INFO - Processing file /opt/airflow/dags/setup_lakehouse_infrastructure_v3.py for tasks to queue
[2026-07-26T02:56:29.676+0000] {logging_mixin.py:190} INFO - [2026-07-26T02:56:29.676+0000] {dagbag.py:588} INFO - Filling up the DagBag from /opt/airflow/dags/setup_lakehouse_infrastructure_v3.py
[2026-07-26T02:56:29.704+0000] {processor.py:925} INFO - DAG(s) 'setup_lakehouse_infrastructure_v3' retrieved from /opt/airflow/dags/setup_lakehouse_infrastructure_v3.py
[2026-07-26T02:56:29.729+0000] {logging_mixin.py:190} INFO - [2026-07-26T02:56:29.728+0000] {dag.py:3239} INFO - Sync 1 DAGs
[2026-07-26T02:56:29.750+0000] {logging_mixin.py:190} INFO - [2026-07-26T02:56:29.750+0000] {dag.py:4180} INFO - Setting next_dagrun for setup_lakehouse_infrastructure_v3 to 2024-01-01 00:00:00+00:00, run_after=2024-01-01 00:00:00+00:00
[2026-07-26T02:56:29.767+0000] {processor.py:208} INFO - Processing /opt/airflow/dags/setup_lakehouse_infrastructure_v3.py took 0.100 seconds
[2026-07-26T03:19:36.118+0000] {processor.py:186} INFO - Started process (PID=180) to work on /opt/airflow/dags/setup_lakehouse_infrastructure_v3.py
[2026-07-26T03:19:36.120+0000] {processor.py:914} INFO - Processing file /opt/airflow/dags/setup_lakehouse_infrastructure_v3.py for tasks to queue
[2026-07-26T03:19:36.123+0000] {logging_mixin.py:190} INFO - [2026-07-26T03:19:36.123+0000] {dagbag.py:588} INFO - Filling up the DagBag from /opt/airflow/dags/setup_lakehouse_infrastructure_v3.py
[2026-07-26T03:19:36.159+0000] {processor.py:925} INFO - DAG(s) 'setup_lakehouse_infrastructure_v3' retrieved from /opt/airflow/dags/setup_lakehouse_infrastructure_v3.py
[2026-07-26T03:19:36.250+0000] {logging_mixin.py:190} INFO - [2026-07-26T03:19:36.249+0000] {override.py:1900} INFO - Created Permission View: can edit on DAG:setup_lakehouse_infrastructure_v3
[2026-07-26T03:19:36.266+0000] {logging_mixin.py:190} INFO - [2026-07-26T03:19:36.266+0000] {override.py:1900} INFO - Created Permission View: can read on DAG:setup_lakehouse_infrastructure_v3
[2026-07-26T03:19:36.278+0000] {logging_mixin.py:190} INFO - [2026-07-26T03:19:36.277+0000] {override.py:1900} INFO - Created Permission View: can delete on DAG:setup_lakehouse_infrastructure_v3
[2026-07-26T03:19:36.289+0000] {logging_mixin.py:190} INFO - [2026-07-26T03:19:36.289+0000] {override.py:1900} INFO - Created Permission View: can delete on DAG Run:setup_lakehouse_infrastructure_v3
[2026-07-26T03:19:36.300+0000] {logging_mixin.py:190} INFO - [2026-07-26T03:19:36.299+0000] {override.py:1900} INFO - Created Permission View: can read on DAG Run:setup_lakehouse_infrastructure_v3
[2026-07-26T03:19:36.311+0000] {logging_mixin.py:190} INFO - [2026-07-26T03:19:36.311+0000] {override.py:1900} INFO - Created Permission View: can create on DAG Run:setup_lakehouse_infrastructure_v3
[2026-07-26T03:19:36.322+0000] {logging_mixin.py:190} INFO - [2026-07-26T03:19:36.322+0000] {override.py:1900} INFO - Created Permission View: menu access on DAG Run:setup_lakehouse_infrastructure_v3
[2026-07-26T03:19:36.323+0000] {logging_mixin.py:190} INFO - [2026-07-26T03:19:36.323+0000] {dag.py:3239} INFO - Sync 1 DAGs
[2026-07-26T03:19:36.339+0000] {logging_mixin.py:190} INFO - [2026-07-26T03:19:36.339+0000] {dag.py:3262} INFO - Creating ORM DAG for setup_lakehouse_infrastructure_v3
[2026-07-26T03:19:36.353+0000] {logging_mixin.py:190} INFO - [2026-07-26T03:19:36.353+0000] {dag.py:4180} INFO - Setting next_dagrun for setup_lakehouse_infrastructure_v3 to 2024-01-01 00:00:00+00:00, run_after=2024-01-01 00:00:00+00:00
[2026-07-26T03:19:36.385+0000] {processor.py:208} INFO - Processing /opt/airflow/dags/setup_lakehouse_infrastructure_v3.py took 0.276 seconds
[2026-07-26T03:20:07.222+0000] {processor.py:186} INFO - Started process (PID=275) to work on /opt/airflow/dags/setup_lakehouse_infrastructure_v3.py
[2026-07-26T03:20:07.223+0000] {processor.py:914} INFO - Processing file /opt/airflow/dags/setup_lakehouse_infrastructure_v3.py for tasks to queue
[2026-07-26T03:20:07.225+0000] {logging_mixin.py:190} INFO - [2026-07-26T03:20:07.225+0000] {dagbag.py:588} INFO - Filling up the DagBag from /opt/airflow/dags/setup_lakehouse_infrastructure_v3.py
[2026-07-26T03:20:07.248+0000] {processor.py:925} INFO - DAG(s) 'setup_lakehouse_infrastructure_v3' retrieved from /opt/airflow/dags/setup_lakehouse_infrastructure_v3.py
[2026-07-26T03:20:07.270+0000] {logging_mixin.py:190} INFO - [2026-07-26T03:20:07.269+0000] {dag.py:3239} INFO - Sync 1 DAGs
[2026-07-26T03:20:07.291+0000] {logging_mixin.py:190} INFO - [2026-07-26T03:20:07.291+0000] {dag.py:4180} INFO - Setting next_dagrun for setup_lakehouse_infrastructure_v3 to 2024-01-01 00:00:00+00:00, run_after=2024-01-01 00:00:00+00:00
[2026-07-26T03:20:07.308+0000] {processor.py:208} INFO - Processing /opt/airflow/dags/setup_lakehouse_infrastructure_v3.py took 0.092 seconds
[2026-07-26T03:20:37.478+0000] {processor.py:186} INFO - Started process (PID=363) to work on /opt/airflow/dags/setup_lakehouse_infrastructure_v3.py
[2026-07-26T03:20:37.479+0000] {processor.py:914} INFO - Processing file /opt/airflow/dags/setup_lakehouse_infrastructure_v3.py for tasks to queue
[2026-07-26T03:20:37.481+0000] {logging_mixin.py:190} INFO - [2026-07-26T03:20:37.481+0000] {dagbag.py:588} INFO - Filling up the DagBag from /opt/airflow/dags/setup_lakehouse_infrastructure_v3.py
[2026-07-26T03:20:37.504+0000] {processor.py:925} INFO - DAG(s) 'setup_lakehouse_infrastructure_v3' retrieved from /opt/airflow/dags/setup_lakehouse_infrastructure_v3.py
[2026-07-26T03:20:37.527+0000] {logging_mixin.py:190} INFO - [2026-07-26T03:20:37.527+0000] {dag.py:3239} INFO - Sync 1 DAGs
[2026-07-26T03:20:37.547+0000] {logging_mixin.py:190} INFO - [2026-07-26T03:20:37.546+0000] {dag.py:4180} INFO - Setting next_dagrun for setup_lakehouse_infrastructure_v3 to 2024-01-01 00:00:00+00:00, run_after=2024-01-01 00:00:00+00:00
[2026-07-26T03:20:37.565+0000] {processor.py:208} INFO - Processing /opt/airflow/dags/setup_lakehouse_infrastructure_v3.py took 0.092 seconds
[2026-07-26T03:21:07.865+0000] {processor.py:186} INFO - Started process (PID=454) to work on /opt/airflow/dags/setup_lakehouse_infrastructure_v3.py
[2026-07-26T03:21:07.866+0000] {processor.py:914} INFO - Processing file /opt/airflow/dags/setup_lakehouse_infrastructure_v3.py for tasks to queue
[2026-07-26T03:21:07.868+0000] {logging_mixin.py:190} INFO - [2026-07-26T03:21:07.868+0000] {dagbag.py:588} INFO - Filling up the DagBag from /opt/airflow/dags/setup_lakehouse_infrastructure_v3.py
[2026-07-26T03:21:07.896+0000] {processor.py:925} INFO - DAG(s) 'setup_lakehouse_infrastructure_v3' retrieved from /opt/airflow/dags/setup_lakehouse_infrastructure_v3.py
[2026-07-26T03:21:07.922+0000] {logging_mixin.py:190} INFO - [2026-07-26T03:21:07.921+0000] {dag.py:3239} INFO - Sync 1 DAGs
[2026-07-26T03:21:07.946+0000] {logging_mixin.py:190} INFO - [2026-07-26T03:21:07.946+0000] {dag.py:4180} INFO - Setting next_dagrun for setup_lakehouse_infrastructure_v3 to 2024-01-01 00:00:00+00:00, run_after=2024-01-01 00:00:00+00:00
[2026-07-26T03:21:07.967+0000] {processor.py:208} INFO - Processing /opt/airflow/dags/setup_lakehouse_infrastructure_v3.py took 0.107 seconds
[2026-07-26T03:21:38.052+0000] {processor.py:186} INFO - Started process (PID=547) to work on /opt/airflow/dags/setup_lakehouse_infrastructure_v3.py
[2026-07-26T03:21:38.053+0000] {processor.py:914} INFO - Processing file /opt/airflow/dags/setup_lakehouse_infrastructure_v3.py for tasks to queue
[2026-07-26T03:21:38.056+0000] {logging_mixin.py:190} INFO - [2026-07-26T03:21:38.056+0000] {dagbag.py:588} INFO - Filling up the DagBag from /opt/airflow/dags/setup_lakehouse_infrastructure_v3.py
[2026-07-26T03:21:38.083+0000] {processor.py:925} INFO - DAG(s) 'setup_lakehouse_infrastructure_v3' retrieved from /opt/airflow/dags/setup_lakehouse_infrastructure_v3.py
[2026-07-26T03:21:38.107+0000] {logging_mixin.py:190} INFO - [2026-07-26T03:21:38.107+0000] {dag.py:3239} INFO - Sync 1 DAGs
[2026-07-26T03:21:38.130+0000] {logging_mixin.py:190} INFO - [2026-07-26T03:21:38.129+0000] {dag.py:4180} INFO - Setting next_dagrun for setup_lakehouse_infrastructure_v3 to 2024-01-01 00:00:00+00:00, run_after=2024-01-01 00:00:00+00:00
[2026-07-26T03:21:38.147+0000] {processor.py:208} INFO - Processing /opt/airflow/dags/setup_lakehouse_infrastructure_v3.py took 0.100 seconds
[2026-07-26T03:22:08.470+0000] {processor.py:186} INFO - Started process (PID=638) to work on /opt/airflow/dags/setup_lakehouse_infrastructure_v3.py
[2026-07-26T03:22:08.472+0000] {processor.py:914} INFO - Processing file /opt/airflow/dags/setup_lakehouse_infrastructure_v3.py for tasks to queue
[2026-07-26T03:22:08.474+0000] {logging_mixin.py:190} INFO - [2026-07-26T03:22:08.474+0000] {dagbag.py:588} INFO - Filling up the DagBag from /opt/airflow/dags/setup_lakehouse_infrastructure_v3.py
[2026-07-26T03:22:08.502+0000] {processor.py:925} INFO - DAG(s) 'setup_lakehouse_infrastructure_v3' retrieved from /opt/airflow/dags/setup_lakehouse_infrastructure_v3.py
[2026-07-26T03:22:08.529+0000] {logging_mixin.py:190} INFO - [2026-07-26T03:22:08.528+0000] {dag.py:3239} INFO - Sync 1 DAGs
[2026-07-26T03:22:08.554+0000] {logging_mixin.py:190} INFO - [2026-07-26T03:22:08.554+0000] {dag.py:4180} INFO - Setting next_dagrun for setup_lakehouse_infrastructure_v3 to 2024-01-01 00:00:00+00:00, run_after=2024-01-01 00:00:00+00:00
[2026-07-26T03:22:08.590+0000] {processor.py:208} INFO - Processing /opt/airflow/dags/setup_lakehouse_infrastructure_v3.py took 0.125 seconds
[2026-07-26T03:22:39.152+0000] {processor.py:186} INFO - Started process (PID=731) to work on /opt/airflow/dags/setup_lakehouse_infrastructure_v3.py
[2026-07-26T03:22:39.153+0000] {processor.py:914} INFO - Processing file /opt/airflow/dags/setup_lakehouse_infrastructure_v3.py for tasks to queue
[2026-07-26T03:22:39.155+0000] {logging_mixin.py:190} INFO - [2026-07-26T03:22:39.155+0000] {dagbag.py:588} INFO - Filling up the DagBag from /opt/airflow/dags/setup_lakehouse_infrastructure_v3.py
[2026-07-26T03:22:39.184+0000] {processor.py:925} INFO - DAG(s) 'setup_lakehouse_infrastructure_v3' retrieved from /opt/airflow/dags/setup_lakehouse_infrastructure_v3.py
[2026-07-26T03:22:39.212+0000] {logging_mixin.py:190} INFO - [2026-07-26T03:22:39.211+0000] {dag.py:3239} INFO - Sync 1 DAGs
[2026-07-26T03:22:39.235+0000] {logging_mixin.py:190} INFO - [2026-07-26T03:22:39.235+0000] {dag.py:4180} INFO - Setting next_dagrun for setup_lakehouse_infrastructure_v3 to 2024-01-01 00:00:00+00:00, run_after=2024-01-01 00:00:00+00:00
[2026-07-26T03:22:39.262+0000] {processor.py:208} INFO - Processing /opt/airflow/dags/setup_lakehouse_infrastructure_v3.py took 0.115 seconds
[2026-07-26T03:23:10.058+0000] {processor.py:186} INFO - Started process (PID=824) to work on /opt/airflow/dags/setup_lakehouse_infrastructure_v3.py
[2026-07-26T03:23:10.061+0000] {processor.py:914} INFO - Processing file /opt/airflow/dags/setup_lakehouse_infrastructure_v3.py for tasks to queue
[2026-07-26T03:23:10.064+0000] {logging_mixin.py:190} INFO - [2026-07-26T03:23:10.064+0000] {dagbag.py:588} INFO - Filling up the DagBag from /opt/airflow/dags/setup_lakehouse_infrastructure_v3.py
[2026-07-26T03:23:10.100+0000] {processor.py:925} INFO - DAG(s) 'setup_lakehouse_infrastructure_v3' retrieved from /opt/airflow/dags/setup_lakehouse_infrastructure_v3.py
[2026-07-26T03:23:10.131+0000] {logging_mixin.py:190} INFO - [2026-07-26T03:23:10.130+0000] {dag.py:3239} INFO - Sync 1 DAGs
[2026-07-26T03:23:10.160+0000] {logging_mixin.py:190} INFO - [2026-07-26T03:23:10.160+0000] {dag.py:4180} INFO - Setting next_dagrun for setup_lakehouse_infrastructure_v3 to 2024-01-01 00:00:00+00:00, run_after=2024-01-01 00:00:00+00:00
[2026-07-26T03:23:10.182+0000] {processor.py:208} INFO - Processing /opt/airflow/dags/setup_lakehouse_infrastructure_v3.py took 0.131 seconds
[2026-07-26T03:23:40.319+0000] {processor.py:186} INFO - Started process (PID=914) to work on /opt/airflow/dags/setup_lakehouse_infrastructure_v3.py
[2026-07-26T03:23:40.321+0000] {processor.py:914} INFO - Processing file /opt/airflow/dags/setup_lakehouse_infrastructure_v3.py for tasks to queue
[2026-07-26T03:23:40.324+0000] {logging_mixin.py:190} INFO - [2026-07-26T03:23:40.324+0000] {dagbag.py:588} INFO - Filling up the DagBag from /opt/airflow/dags/setup_lakehouse_infrastructure_v3.py
[2026-07-26T03:23:40.348+0000] {processor.py:925} INFO - DAG(s) 'setup_lakehouse_infrastructure_v3' retrieved from /opt/airflow/dags/setup_lakehouse_infrastructure_v3.py
[2026-07-26T03:23:40.373+0000] {logging_mixin.py:190} INFO - [2026-07-26T03:23:40.373+0000] {dag.py:3239} INFO - Sync 1 DAGs
[2026-07-26T03:23:40.395+0000] {logging_mixin.py:190} INFO - [2026-07-26T03:23:40.395+0000] {dag.py:4180} INFO - Setting next_dagrun for setup_lakehouse_infrastructure_v3 to 2024-01-01 00:00:00+00:00, run_after=2024-01-01 00:00:00+00:00
[2026-07-26T03:23:40.414+0000] {processor.py:208} INFO - Processing /opt/airflow/dags/setup_lakehouse_infrastructure_v3.py took 0.101 seconds
[2026-07-26T03:24:10.496+0000] {processor.py:186} INFO - Started process (PID=1007) to work on /opt/airflow/dags/setup_lakehouse_infrastructure_v3.py
[2026-07-26T03:24:10.497+0000] {processor.py:914} INFO - Processing file /opt/airflow/dags/setup_lakehouse_infrastructure_v3.py for tasks to queue
[2026-07-26T03:24:10.499+0000] {logging_mixin.py:190} INFO - [2026-07-26T03:24:10.499+0000] {dagbag.py:588} INFO - Filling up the DagBag from /opt/airflow/dags/setup_lakehouse_infrastructure_v3.py
[2026-07-26T03:24:10.524+0000] {processor.py:925} INFO - DAG(s) 'setup_lakehouse_infrastructure_v3' retrieved from /opt/airflow/dags/setup_lakehouse_infrastructure_v3.py
[2026-07-26T03:24:10.547+0000] {logging_mixin.py:190} INFO - [2026-07-26T03:24:10.547+0000] {dag.py:3239} INFO - Sync 1 DAGs
[2026-07-26T03:24:10.567+0000] {logging_mixin.py:190} INFO - [2026-07-26T03:24:10.567+0000] {dag.py:4180} INFO - Setting next_dagrun for setup_lakehouse_infrastructure_v3 to 2024-01-01 00:00:00+00:00, run_after=2024-01-01 00:00:00+00:00
[2026-07-26T03:24:10.584+0000] {processor.py:208} INFO - Processing /opt/airflow/dags/setup_lakehouse_infrastructure_v3.py took 0.093 seconds
[2026-07-26T03:24:41.645+0000] {processor.py:186} INFO - Started process (PID=1098) to work on /opt/airflow/dags/setup_lakehouse_infrastructure_v3.py
[2026-07-26T03:24:41.646+0000] {processor.py:914} INFO - Processing file /opt/airflow/dags/setup_lakehouse_infrastructure_v3.py for tasks to queue
[2026-07-26T03:24:41.648+0000] {logging_mixin.py:190} INFO - [2026-07-26T03:24:41.648+0000] {dagbag.py:588} INFO - Filling up the DagBag from /opt/airflow/dags/setup_lakehouse_infrastructure_v3.py
[2026-07-26T03:24:41.673+0000] {processor.py:925} INFO - DAG(s) 'setup_lakehouse_infrastructure_v3' retrieved from /opt/airflow/dags/setup_lakehouse_infrastructure_v3.py
[2026-07-26T03:24:41.698+0000] {logging_mixin.py:190} INFO - [2026-07-26T03:24:41.698+0000] {dag.py:3239} INFO - Sync 1 DAGs
[2026-07-26T03:24:41.729+0000] {logging_mixin.py:190} INFO - [2026-07-26T03:24:41.729+0000] {dag.py:4180} INFO - Setting next_dagrun for setup_lakehouse_infrastructure_v3 to 2024-01-01 00:00:00+00:00, run_after=2024-01-01 00:00:00+00:00
[2026-07-26T03:24:41.749+0000] {processor.py:208} INFO - Processing /opt/airflow/dags/setup_lakehouse_infrastructure_v3.py took 0.110 seconds
[2026-07-26T03:25:11.902+0000] {processor.py:186} INFO - Started process (PID=1188) to work on /opt/airflow/dags/setup_lakehouse_infrastructure_v3.py
[2026-07-26T03:25:11.903+0000] {processor.py:914} INFO - Processing file /opt/airflow/dags/setup_lakehouse_infrastructure_v3.py for tasks to queue
[2026-07-26T03:25:11.905+0000] {logging_mixin.py:190} INFO - [2026-07-26T03:25:11.905+0000] {dagbag.py:588} INFO - Filling up the DagBag from /opt/airflow/dags/setup_lakehouse_infrastructure_v3.py
[2026-07-26T03:25:11.934+0000] {processor.py:925} INFO - DAG(s) 'setup_lakehouse_infrastructure_v3' retrieved from /opt/airflow/dags/setup_lakehouse_infrastructure_v3.py
[2026-07-26T03:25:11.956+0000] {logging_mixin.py:190} INFO - [2026-07-26T03:25:11.956+0000] {dag.py:3239} INFO - Sync 1 DAGs
[2026-07-26T03:25:11.976+0000] {logging_mixin.py:190} INFO - [2026-07-26T03:25:11.976+0000] {dag.py:4180} INFO - Setting next_dagrun for setup_lakehouse_infrastructure_v3 to 2024-01-01 00:00:00+00:00, run_after=2024-01-01 00:00:00+00:00
[2026-07-26T03:25:11.993+0000] {processor.py:208} INFO - Processing /opt/airflow/dags/setup_lakehouse_infrastructure_v3.py took 0.097 seconds
[2026-07-26T03:25:42.233+0000] {processor.py:186} INFO - Started process (PID=1279) to work on /opt/airflow/dags/setup_lakehouse_infrastructure_v3.py
[2026-07-26T03:25:42.234+0000] {processor.py:914} INFO - Processing file /opt/airflow/dags/setup_lakehouse_infrastructure_v3.py for tasks to queue
[2026-07-26T03:25:42.236+0000] {logging_mixin.py:190} INFO - [2026-07-26T03:25:42.236+0000] {dagbag.py:588} INFO - Filling up the DagBag from /opt/airflow/dags/setup_lakehouse_infrastructure_v3.py
[2026-07-26T03:25:42.263+0000] {processor.py:925} INFO - DAG(s) 'setup_lakehouse_infrastructure_v3' retrieved from /opt/airflow/dags/setup_lakehouse_infrastructure_v3.py
[2026-07-26T03:25:42.297+0000] {logging_mixin.py:190} INFO - [2026-07-26T03:25:42.296+0000] {dag.py:3239} INFO - Sync 1 DAGs
[2026-07-26T03:25:42.331+0000] {logging_mixin.py:190} INFO - [2026-07-26T03:25:42.331+0000] {dag.py:4180} INFO - Setting next_dagrun for setup_lakehouse_infrastructure_v3 to 2024-01-01 00:00:00+00:00, run_after=2024-01-01 00:00:00+00:00
[2026-07-26T03:25:42.351+0000] {processor.py:208} INFO - Processing /opt/airflow/dags/setup_lakehouse_infrastructure_v3.py took 0.125 seconds
[2026-07-26T03:26:12.792+0000] {processor.py:186} INFO - Started process (PID=1372) to work on /opt/airflow/dags/setup_lakehouse_infrastructure_v3.py
[2026-07-26T03:26:12.793+0000] {processor.py:914} INFO - Processing file /opt/airflow/dags/setup_lakehouse_infrastructure_v3.py for tasks to queue
[2026-07-26T03:26:12.797+0000] {logging_mixin.py:190} INFO - [2026-07-26T03:26:12.797+0000] {dagbag.py:588} INFO - Filling up the DagBag from /opt/airflow/dags/setup_lakehouse_infrastructure_v3.py
[2026-07-26T03:26:12.829+0000] {processor.py:925} INFO - DAG(s) 'setup_lakehouse_infrastructure_v3' retrieved from /opt/airflow/dags/setup_lakehouse_infrastructure_v3.py
[2026-07-26T03:26:12.868+0000] {logging_mixin.py:190} INFO - [2026-07-26T03:26:12.868+0000] {dag.py:3239} INFO - Sync 1 DAGs
[2026-07-26T03:26:12.922+0000] {logging_mixin.py:190} INFO - [2026-07-26T03:26:12.922+0000] {dag.py:4180} INFO - Setting next_dagrun for setup_lakehouse_infrastructure_v3 to 2024-01-01 00:00:00+00:00, run_after=2024-01-01 00:00:00+00:00
[2026-07-26T03:26:12.947+0000] {processor.py:208} INFO - Processing /opt/airflow/dags/setup_lakehouse_infrastructure_v3.py took 0.164 seconds
[2026-07-26T03:26:43.692+0000] {processor.py:186} INFO - Started process (PID=1465) to work on /opt/airflow/dags/setup_lakehouse_infrastructure_v3.py
[2026-07-26T03:26:43.693+0000] {processor.py:914} INFO - Processing file /opt/airflow/dags/setup_lakehouse_infrastructure_v3.py for tasks to queue
[2026-07-26T03:26:43.698+0000] {logging_mixin.py:190} INFO - [2026-07-26T03:26:43.697+0000] {dagbag.py:588} INFO - Filling up the DagBag from /opt/airflow/dags/setup_lakehouse_infrastructure_v3.py
[2026-07-26T03:26:43.723+0000] {processor.py:925} INFO - DAG(s) 'setup_lakehouse_infrastructure_v3' retrieved from /opt/airflow/dags/setup_lakehouse_infrastructure_v3.py
[2026-07-26T03:26:43.751+0000] {logging_mixin.py:190} INFO - [2026-07-26T03:26:43.750+0000] {dag.py:3239} INFO - Sync 1 DAGs
[2026-07-26T03:26:43.780+0000] {logging_mixin.py:190} INFO - [2026-07-26T03:26:43.780+0000] {dag.py:4180} INFO - Setting next_dagrun for setup_lakehouse_infrastructure_v3 to 2024-01-01 00:00:00+00:00, run_after=2024-01-01 00:00:00+00:00
[2026-07-26T03:26:43.806+0000] {processor.py:208} INFO - Processing /opt/airflow/dags/setup_lakehouse_infrastructure_v3.py took 0.121 seconds
[2026-07-26T03:27:13.937+0000] {processor.py:186} INFO - Started process (PID=1555) to work on /opt/airflow/dags/setup_lakehouse_infrastructure_v3.py
[2026-07-26T03:27:13.938+0000] {processor.py:914} INFO - Processing file /opt/airflow/dags/setup_lakehouse_infrastructure_v3.py for tasks to queue
[2026-07-26T03:27:13.940+0000] {logging_mixin.py:190} INFO - [2026-07-26T03:27:13.940+0000] {dagbag.py:588} INFO - Filling up the DagBag from /opt/airflow/dags/setup_lakehouse_infrastructure_v3.py
[2026-07-26T03:27:13.965+0000] {processor.py:925} INFO - DAG(s) 'setup_lakehouse_infrastructure_v3' retrieved from /opt/airflow/dags/setup_lakehouse_infrastructure_v3.py
[2026-07-26T03:27:13.988+0000] {logging_mixin.py:190} INFO - [2026-07-26T03:27:13.988+0000] {dag.py:3239} INFO - Sync 1 DAGs
[2026-07-26T03:27:14.013+0000] {logging_mixin.py:190} INFO - [2026-07-26T03:27:14.013+0000] {dag.py:4180} INFO - Setting next_dagrun for setup_lakehouse_infrastructure_v3 to 2024-01-01 00:00:00+00:00, run_after=2024-01-01 00:00:00+00:00
[2026-07-26T03:27:14.034+0000] {processor.py:208} INFO - Processing /opt/airflow/dags/setup_lakehouse_infrastructure_v3.py took 0.103 seconds
[2026-07-26T03:27:44.174+0000] {processor.py:186} INFO - Started process (PID=1648) to work on /opt/airflow/dags/setup_lakehouse_infrastructure_v3.py
[2026-07-26T03:27:44.175+0000] {processor.py:914} INFO - Processing file /opt/airflow/dags/setup_lakehouse_infrastructure_v3.py for tasks to queue
[2026-07-26T03:27:44.178+0000] {logging_mixin.py:190} INFO - [2026-07-26T03:27:44.177+0000] {dagbag.py:588} INFO - Filling up the DagBag from /opt/airflow/dags/setup_lakehouse_infrastructure_v3.py
[2026-07-26T03:27:44.204+0000] {processor.py:925} INFO - DAG(s) 'setup_lakehouse_infrastructure_v3' retrieved from /opt/airflow/dags/setup_lakehouse_infrastructure_v3.py
[2026-07-26T03:27:44.233+0000] {logging_mixin.py:190} INFO - [2026-07-26T03:27:44.233+0000] {dag.py:3239} INFO - Sync 1 DAGs
[2026-07-26T03:27:44.256+0000] {logging_mixin.py:190} INFO - [2026-07-26T03:27:44.256+0000] {dag.py:4180} INFO - Setting next_dagrun for setup_lakehouse_infrastructure_v3 to 2024-01-01 00:00:00+00:00, run_after=2024-01-01 00:00:00+00:00
[2026-07-26T03:27:44.277+0000] {processor.py:208} INFO - Processing /opt/airflow/dags/setup_lakehouse_infrastructure_v3.py took 0.109 seconds
[2026-07-26T03:28:14.464+0000] {processor.py:186} INFO - Started process (PID=1739) to work on /opt/airflow/dags/setup_lakehouse_infrastructure_v3.py
[2026-07-26T03:28:14.465+0000] {processor.py:914} INFO - Processing file /opt/airflow/dags/setup_lakehouse_infrastructure_v3.py for tasks to queue
[2026-07-26T03:28:14.467+0000] {logging_mixin.py:190} INFO - [2026-07-26T03:28:14.467+0000] {dagbag.py:588} INFO - Filling up the DagBag from /opt/airflow/dags/setup_lakehouse_infrastructure_v3.py
[2026-07-26T03:28:14.489+0000] {processor.py:925} INFO - DAG(s) 'setup_lakehouse_infrastructure_v3' retrieved from /opt/airflow/dags/setup_lakehouse_infrastructure_v3.py
[2026-07-26T03:28:14.512+0000] {logging_mixin.py:190} INFO - [2026-07-26T03:28:14.511+0000] {dag.py:3239} INFO - Sync 1 DAGs
[2026-07-26T03:28:14.534+0000] {logging_mixin.py:190} INFO - [2026-07-26T03:28:14.534+0000] {dag.py:4180} INFO - Setting next_dagrun for setup_lakehouse_infrastructure_v3 to 2024-01-01 00:00:00+00:00, run_after=2024-01-01 00:00:00+00:00
[2026-07-26T03:28:14.553+0000] {processor.py:208} INFO - Processing /opt/airflow/dags/setup_lakehouse_infrastructure_v3.py took 0.095 seconds
[2026-07-26T03:28:44.657+0000] {processor.py:186} INFO - Started process (PID=1827) to work on /opt/airflow/dags/setup_lakehouse_infrastructure_v3.py
[2026-07-26T03:28:44.658+0000] {processor.py:914} INFO - Processing file /opt/airflow/dags/setup_lakehouse_infrastructure_v3.py for tasks to queue
[2026-07-26T03:28:44.660+0000] {logging_mixin.py:190} INFO - [2026-07-26T03:28:44.660+0000] {dagbag.py:588} INFO - Filling up the DagBag from /opt/airflow/dags/setup_lakehouse_infrastructure_v3.py
[2026-07-26T03:28:44.688+0000] {processor.py:925} INFO - DAG(s) 'setup_lakehouse_infrastructure_v3' retrieved from /opt/airflow/dags/setup_lakehouse_infrastructure_v3.py
[2026-07-26T03:28:44.712+0000] {logging_mixin.py:190} INFO - [2026-07-26T03:28:44.712+0000] {dag.py:3239} INFO - Sync 1 DAGs
[2026-07-26T03:28:44.735+0000] {logging_mixin.py:190} INFO - [2026-07-26T03:28:44.734+0000] {dag.py:4180} INFO - Setting next_dagrun for setup_lakehouse_infrastructure_v3 to 2024-01-01 00:00:00+00:00, run_after=2024-01-01 00:00:00+00:00
[2026-07-26T03:28:44.752+0000] {processor.py:208} INFO - Processing /opt/airflow/dags/setup_lakehouse_infrastructure_v3.py took 0.100 seconds
[2026-07-26T03:29:14.963+0000] {processor.py:186} INFO - Started process (PID=1922) to work on /opt/airflow/dags/setup_lakehouse_infrastructure_v3.py
[2026-07-26T03:29:14.964+0000] {processor.py:914} INFO - Processing file /opt/airflow/dags/setup_lakehouse_infrastructure_v3.py for tasks to queue
[2026-07-26T03:29:14.967+0000] {logging_mixin.py:190} INFO - [2026-07-26T03:29:14.966+0000] {dagbag.py:588} INFO - Filling up the DagBag from /opt/airflow/dags/setup_lakehouse_infrastructure_v3.py
[2026-07-26T03:29:14.993+0000] {processor.py:925} INFO - DAG(s) 'setup_lakehouse_infrastructure_v3' retrieved from /opt/airflow/dags/setup_lakehouse_infrastructure_v3.py
[2026-07-26T03:29:15.014+0000] {logging_mixin.py:190} INFO - [2026-07-26T03:29:15.014+0000] {dag.py:3239} INFO - Sync 1 DAGs
[2026-07-26T03:29:15.034+0000] {logging_mixin.py:190} INFO - [2026-07-26T03:29:15.033+0000] {dag.py:4180} INFO - Setting next_dagrun for setup_lakehouse_infrastructure_v3 to 2024-01-01 00:00:00+00:00, run_after=2024-01-01 00:00:00+00:00
[2026-07-26T03:29:15.051+0000] {processor.py:208} INFO - Processing /opt/airflow/dags/setup_lakehouse_infrastructure_v3.py took 0.094 seconds
[2026-07-26T03:29:45.765+0000] {processor.py:186} INFO - Started process (PID=2015) to work on /opt/airflow/dags/setup_lakehouse_infrastructure_v3.py
[2026-07-26T03:29:45.766+0000] {processor.py:914} INFO - Processing file /opt/airflow/dags/setup_lakehouse_infrastructure_v3.py for tasks to queue
[2026-07-26T03:29:45.768+0000] {logging_mixin.py:190} INFO - [2026-07-26T03:29:45.768+0000] {dagbag.py:588} INFO - Filling up the DagBag from /opt/airflow/dags/setup_lakehouse_infrastructure_v3.py
[2026-07-26T03:29:45.798+0000] {processor.py:925} INFO - DAG(s) 'setup_lakehouse_infrastructure_v3' retrieved from /opt/airflow/dags/setup_lakehouse_infrastructure_v3.py
[2026-07-26T03:29:45.821+0000] {logging_mixin.py:190} INFO - [2026-07-26T03:29:45.821+0000] {dag.py:3239} INFO - Sync 1 DAGs
[2026-07-26T03:29:45.842+0000] {logging_mixin.py:190} INFO - [2026-07-26T03:29:45.841+0000] {dag.py:4180} INFO - Setting next_dagrun for setup_lakehouse_infrastructure_v3 to 2024-01-01 00:00:00+00:00, run_after=2024-01-01 00:00:00+00:00
[2026-07-26T03:29:45.859+0000] {processor.py:208} INFO - Processing /opt/airflow/dags/setup_lakehouse_infrastructure_v3.py took 0.100 seconds
[2026-07-26T03:30:16.021+0000] {processor.py:186} INFO - Started process (PID=2106) to work on /opt/airflow/dags/setup_lakehouse_infrastructure_v3.py
[2026-07-26T03:30:16.022+0000] {processor.py:914} INFO - Processing file /opt/airflow/dags/setup_lakehouse_infrastructure_v3.py for tasks to queue
[2026-07-26T03:30:16.024+0000] {logging_mixin.py:190} INFO - [2026-07-26T03:30:16.023+0000] {dagbag.py:588} INFO - Filling up the DagBag from /opt/airflow/dags/setup_lakehouse_infrastructure_v3.py
[2026-07-26T03:30:16.055+0000] {processor.py:925} INFO - DAG(s) 'setup_lakehouse_infrastructure_v3' retrieved from /opt/airflow/dags/setup_lakehouse_infrastructure_v3.py
[2026-07-26T03:30:16.079+0000] {logging_mixin.py:190} INFO - [2026-07-26T03:30:16.079+0000] {dag.py:3239} INFO - Sync 1 DAGs
[2026-07-26T03:30:16.116+0000] {logging_mixin.py:190} INFO - [2026-07-26T03:30:16.116+0000] {dag.py:4180} INFO - Setting next_dagrun for setup_lakehouse_infrastructure_v3 to 2024-01-01 00:00:00+00:00, run_after=2024-01-01 00:00:00+00:00
[2026-07-26T03:30:16.155+0000] {processor.py:208} INFO - Processing /opt/airflow/dags/setup_lakehouse_infrastructure_v3.py took 0.140 seconds
[2026-07-26T03:30:46.435+0000] {processor.py:186} INFO - Started process (PID=2194) to work on /opt/airflow/dags/setup_lakehouse_infrastructure_v3.py
[2026-07-26T03:30:46.436+0000] {processor.py:914} INFO - Processing file /opt/airflow/dags/setup_lakehouse_infrastructure_v3.py for tasks to queue
[2026-07-26T03:30:46.439+0000] {logging_mixin.py:190} INFO - [2026-07-26T03:30:46.438+0000] {dagbag.py:588} INFO - Filling up the DagBag from /opt/airflow/dags/setup_lakehouse_infrastructure_v3.py
[2026-07-26T03:30:46.465+0000] {processor.py:925} INFO - DAG(s) 'setup_lakehouse_infrastructure_v3' retrieved from /opt/airflow/dags/setup_lakehouse_infrastructure_v3.py
[2026-07-26T03:30:46.488+0000] {logging_mixin.py:190} INFO - [2026-07-26T03:30:46.488+0000] {dag.py:3239} INFO - Sync 1 DAGs
[2026-07-26T03:30:46.512+0000] {logging_mixin.py:190} INFO - [2026-07-26T03:30:46.511+0000] {dag.py:4180} INFO - Setting next_dagrun for setup_lakehouse_infrastructure_v3 to 2024-01-01 00:00:00+00:00, run_after=2024-01-01 00:00:00+00:00
[2026-07-26T03:30:46.533+0000] {processor.py:208} INFO - Processing /opt/airflow/dags/setup_lakehouse_infrastructure_v3.py took 0.102 seconds
[2026-07-26T03:31:16.918+0000] {processor.py:186} INFO - Started process (PID=2287) to work on /opt/airflow/dags/setup_lakehouse_infrastructure_v3.py
[2026-07-26T03:31:16.919+0000] {processor.py:914} INFO - Processing file /opt/airflow/dags/setup_lakehouse_infrastructure_v3.py for tasks to queue
[2026-07-26T03:31:16.921+0000] {logging_mixin.py:190} INFO - [2026-07-26T03:31:16.921+0000] {dagbag.py:588} INFO - Filling up the DagBag from /opt/airflow/dags/setup_lakehouse_infrastructure_v3.py
[2026-07-26T03:31:16.947+0000] {processor.py:925} INFO - DAG(s) 'setup_lakehouse_infrastructure_v3' retrieved from /opt/airflow/dags/setup_lakehouse_infrastructure_v3.py
[2026-07-26T03:31:16.974+0000] {logging_mixin.py:190} INFO - [2026-07-26T03:31:16.973+0000] {dag.py:3239} INFO - Sync 1 DAGs
[2026-07-26T03:31:16.995+0000] {logging_mixin.py:190} INFO - [2026-07-26T03:31:16.995+0000] {dag.py:4180} INFO - Setting next_dagrun for setup_lakehouse_infrastructure_v3 to 2024-01-01 00:00:00+00:00, run_after=2024-01-01 00:00:00+00:00
[2026-07-26T03:31:17.013+0000] {processor.py:208} INFO - Processing /opt/airflow/dags/setup_lakehouse_infrastructure_v3.py took 0.101 seconds
[2026-07-26T03:31:47.530+0000] {processor.py:186} INFO - Started process (PID=2380) to work on /opt/airflow/dags/setup_lakehouse_infrastructure_v3.py
[2026-07-26T03:31:47.532+0000] {processor.py:914} INFO - Processing file /opt/airflow/dags/setup_lakehouse_infrastructure_v3.py for tasks to queue
[2026-07-26T03:31:47.536+0000] {logging_mixin.py:190} INFO - [2026-07-26T03:31:47.536+0000] {dagbag.py:588} INFO - Filling up the DagBag from /opt/airflow/dags/setup_lakehouse_infrastructure_v3.py
[2026-07-26T03:31:47.571+0000] {processor.py:925} INFO - DAG(s) 'setup_lakehouse_infrastructure_v3' retrieved from /opt/airflow/dags/setup_lakehouse_infrastructure_v3.py
[2026-07-26T03:31:47.603+0000] {logging_mixin.py:190} INFO - [2026-07-26T03:31:47.602+0000] {dag.py:3239} INFO - Sync 1 DAGs
[2026-07-26T03:31:47.633+0000] {logging_mixin.py:190} INFO - [2026-07-26T03:31:47.632+0000] {dag.py:4180} INFO - Setting next_dagrun for setup_lakehouse_infrastructure_v3 to 2024-01-01 00:00:00+00:00, run_after=2024-01-01 00:00:00+00:00
[2026-07-26T03:31:47.655+0000] {processor.py:208} INFO - Processing /opt/airflow/dags/setup_lakehouse_infrastructure_v3.py took 0.132 seconds
[2026-07-26T03:32:17.760+0000] {processor.py:186} INFO - Started process (PID=2476) to work on /opt/airflow/dags/setup_lakehouse_infrastructure_v3.py
[2026-07-26T03:32:17.761+0000] {processor.py:914} INFO - Processing file /opt/airflow/dags/setup_lakehouse_infrastructure_v3.py for tasks to queue
[2026-07-26T03:32:17.763+0000] {logging_mixin.py:190} INFO - [2026-07-26T03:32:17.763+0000] {dagbag.py:588} INFO - Filling up the DagBag from /opt/airflow/dags/setup_lakehouse_infrastructure_v3.py
[2026-07-26T03:32:17.786+0000] {processor.py:925} INFO - DAG(s) 'setup_lakehouse_infrastructure_v3' retrieved from /opt/airflow/dags/setup_lakehouse_infrastructure_v3.py
[2026-07-26T03:32:17.815+0000] {logging_mixin.py:190} INFO - [2026-07-26T03:32:17.815+0000] {dag.py:3239} INFO - Sync 1 DAGs
[2026-07-26T03:32:17.837+0000] {logging_mixin.py:190} INFO - [2026-07-26T03:32:17.837+0000] {dag.py:4180} INFO - Setting next_dagrun for setup_lakehouse_infrastructure_v3 to None, run_after=None
[2026-07-26T03:32:17.859+0000] {processor.py:208} INFO - Processing /opt/airflow/dags/setup_lakehouse_infrastructure_v3.py took 0.105 seconds
[2026-07-26T03:32:48.115+0000] {processor.py:186} INFO - Started process (PID=2802) to work on /opt/airflow/dags/setup_lakehouse_infrastructure_v3.py
[2026-07-26T03:32:48.117+0000] {processor.py:914} INFO - Processing file /opt/airflow/dags/setup_lakehouse_infrastructure_v3.py for tasks to queue
[2026-07-26T03:32:48.123+0000] {logging_mixin.py:190} INFO - [2026-07-26T03:32:48.122+0000] {dagbag.py:588} INFO - Filling up the DagBag from /opt/airflow/dags/setup_lakehouse_infrastructure_v3.py
[2026-07-26T03:32:48.181+0000] {processor.py:925} INFO - DAG(s) 'setup_lakehouse_infrastructure_v3' retrieved from /opt/airflow/dags/setup_lakehouse_infrastructure_v3.py
[2026-07-26T03:32:48.237+0000] {logging_mixin.py:190} INFO - [2026-07-26T03:32:48.237+0000] {dag.py:3239} INFO - Sync 1 DAGs
[2026-07-26T03:32:48.280+0000] {logging_mixin.py:190} INFO - [2026-07-26T03:32:48.280+0000] {dag.py:4180} INFO - Setting next_dagrun for setup_lakehouse_infrastructure_v3 to None, run_after=None
[2026-07-26T03:32:48.313+0000] {processor.py:208} INFO - Processing /opt/airflow/dags/setup_lakehouse_infrastructure_v3.py took 0.227 seconds
[2026-07-26T03:33:19.515+0000] {processor.py:186} INFO - Started process (PID=2997) to work on /opt/airflow/dags/setup_lakehouse_infrastructure_v3.py
[2026-07-26T03:33:19.517+0000] {processor.py:914} INFO - Processing file /opt/airflow/dags/setup_lakehouse_infrastructure_v3.py for tasks to queue
[2026-07-26T03:33:19.520+0000] {logging_mixin.py:190} INFO - [2026-07-26T03:33:19.519+0000] {dagbag.py:588} INFO - Filling up the DagBag from /opt/airflow/dags/setup_lakehouse_infrastructure_v3.py
[2026-07-26T03:33:19.549+0000] {processor.py:925} INFO - DAG(s) 'setup_lakehouse_infrastructure_v3' retrieved from /opt/airflow/dags/setup_lakehouse_infrastructure_v3.py
[2026-07-26T03:33:19.576+0000] {logging_mixin.py:190} INFO - [2026-07-26T03:33:19.575+0000] {dag.py:3239} INFO - Sync 1 DAGs
[2026-07-26T03:33:19.600+0000] {logging_mixin.py:190} INFO - [2026-07-26T03:33:19.600+0000] {dag.py:4180} INFO - Setting next_dagrun for setup_lakehouse_infrastructure_v3 to None, run_after=None
[2026-07-26T03:33:19.622+0000] {processor.py:208} INFO - Processing /opt/airflow/dags/setup_lakehouse_infrastructure_v3.py took 0.113 seconds
[2026-07-26T03:33:49.792+0000] {processor.py:186} INFO - Started process (PID=3095) to work on /opt/airflow/dags/setup_lakehouse_infrastructure_v3.py
[2026-07-26T03:33:49.793+0000] {processor.py:914} INFO - Processing file /opt/airflow/dags/setup_lakehouse_infrastructure_v3.py for tasks to queue
[2026-07-26T03:33:49.796+0000] {logging_mixin.py:190} INFO - [2026-07-26T03:33:49.796+0000] {dagbag.py:588} INFO - Filling up the DagBag from /opt/airflow/dags/setup_lakehouse_infrastructure_v3.py
[2026-07-26T03:33:49.825+0000] {processor.py:925} INFO - DAG(s) 'setup_lakehouse_infrastructure_v3' retrieved from /opt/airflow/dags/setup_lakehouse_infrastructure_v3.py
[2026-07-26T03:33:49.856+0000] {logging_mixin.py:190} INFO - [2026-07-26T03:33:49.855+0000] {dag.py:3239} INFO - Sync 1 DAGs
[2026-07-26T03:33:49.881+0000] {logging_mixin.py:190} INFO - [2026-07-26T03:33:49.881+0000] {dag.py:4180} INFO - Setting next_dagrun for setup_lakehouse_infrastructure_v3 to None, run_after=None
[2026-07-26T03:33:49.905+0000] {processor.py:208} INFO - Processing /opt/airflow/dags/setup_lakehouse_infrastructure_v3.py took 0.123 seconds
[2026-07-26T03:34:20.053+0000] {processor.py:186} INFO - Started process (PID=3201) to work on /opt/airflow/dags/setup_lakehouse_infrastructure_v3.py
[2026-07-26T03:34:20.055+0000] {processor.py:914} INFO - Processing file /opt/airflow/dags/setup_lakehouse_infrastructure_v3.py for tasks to queue
[2026-07-26T03:34:20.058+0000] {logging_mixin.py:190} INFO - [2026-07-26T03:34:20.058+0000] {dagbag.py:588} INFO - Filling up the DagBag from /opt/airflow/dags/setup_lakehouse_infrastructure_v3.py
[2026-07-26T03:34:20.119+0000] {processor.py:925} INFO - DAG(s) 'setup_lakehouse_infrastructure_v3' retrieved from /opt/airflow/dags/setup_lakehouse_infrastructure_v3.py
[2026-07-26T03:34:20.158+0000] {logging_mixin.py:190} INFO - [2026-07-26T03:34:20.157+0000] {dag.py:3239} INFO - Sync 1 DAGs
[2026-07-26T03:34:20.198+0000] {logging_mixin.py:190} INFO - [2026-07-26T03:34:20.198+0000] {dag.py:4180} INFO - Setting next_dagrun for setup_lakehouse_infrastructure_v3 to None, run_after=None
[2026-07-26T03:34:20.247+0000] {processor.py:208} INFO - Processing /opt/airflow/dags/setup_lakehouse_infrastructure_v3.py took 0.204 seconds
[2026-07-26T03:34:50.678+0000] {processor.py:186} INFO - Started process (PID=3312) to work on /opt/airflow/dags/setup_lakehouse_infrastructure_v3.py
[2026-07-26T03:34:50.680+0000] {processor.py:914} INFO - Processing file /opt/airflow/dags/setup_lakehouse_infrastructure_v3.py for tasks to queue
[2026-07-26T03:34:50.685+0000] {logging_mixin.py:190} INFO - [2026-07-26T03:34:50.685+0000] {dagbag.py:588} INFO - Filling up the DagBag from /opt/airflow/dags/setup_lakehouse_infrastructure_v3.py
[2026-07-26T03:34:50.740+0000] {processor.py:925} INFO - DAG(s) 'setup_lakehouse_infrastructure_v3' retrieved from /opt/airflow/dags/setup_lakehouse_infrastructure_v3.py
[2026-07-26T03:34:50.790+0000] {logging_mixin.py:190} INFO - [2026-07-26T03:34:50.790+0000] {dag.py:3239} INFO - Sync 1 DAGs
[2026-07-26T03:34:50.847+0000] {logging_mixin.py:190} INFO - [2026-07-26T03:34:50.847+0000] {dag.py:4180} INFO - Setting next_dagrun for setup_lakehouse_infrastructure_v3 to None, run_after=None
[2026-07-26T03:34:50.889+0000] {processor.py:208} INFO - Processing /opt/airflow/dags/setup_lakehouse_infrastructure_v3.py took 0.222 seconds
[2026-07-26T03:35:21.059+0000] {processor.py:186} INFO - Started process (PID=3448) to work on /opt/airflow/dags/setup_lakehouse_infrastructure_v3.py
[2026-07-26T03:35:21.061+0000] {processor.py:914} INFO - Processing file /opt/airflow/dags/setup_lakehouse_infrastructure_v3.py for tasks to queue
[2026-07-26T03:35:21.065+0000] {logging_mixin.py:190} INFO - [2026-07-26T03:35:21.065+0000] {dagbag.py:588} INFO - Filling up the DagBag from /opt/airflow/dags/setup_lakehouse_infrastructure_v3.py
[2026-07-26T03:35:21.111+0000] {processor.py:925} INFO - DAG(s) 'setup_lakehouse_infrastructure_v3' retrieved from /opt/airflow/dags/setup_lakehouse_infrastructure_v3.py
[2026-07-26T03:35:21.141+0000] {logging_mixin.py:190} INFO - [2026-07-26T03:35:21.141+0000] {dag.py:3239} INFO - Sync 1 DAGs
[2026-07-26T03:35:21.182+0000] {logging_mixin.py:190} INFO - [2026-07-26T03:35:21.181+0000] {dag.py:4180} INFO - Setting next_dagrun for setup_lakehouse_infrastructure_v3 to None, run_after=None
[2026-07-26T03:35:21.214+0000] {processor.py:208} INFO - Processing /opt/airflow/dags/setup_lakehouse_infrastructure_v3.py took 0.161 seconds
[2026-07-26T03:35:51.511+0000] {processor.py:186} INFO - Started process (PID=3590) to work on /opt/airflow/dags/setup_lakehouse_infrastructure_v3.py
[2026-07-26T03:35:51.513+0000] {processor.py:914} INFO - Processing file /opt/airflow/dags/setup_lakehouse_infrastructure_v3.py for tasks to queue
[2026-07-26T03:35:51.517+0000] {logging_mixin.py:190} INFO - [2026-07-26T03:35:51.517+0000] {dagbag.py:588} INFO - Filling up the DagBag from /opt/airflow/dags/setup_lakehouse_infrastructure_v3.py
[2026-07-26T03:35:51.553+0000] {processor.py:925} INFO - DAG(s) 'setup_lakehouse_infrastructure_v3' retrieved from /opt/airflow/dags/setup_lakehouse_infrastructure_v3.py
[2026-07-26T03:35:51.596+0000] {logging_mixin.py:190} INFO - [2026-07-26T03:35:51.596+0000] {dag.py:3239} INFO - Sync 1 DAGs
[2026-07-26T03:35:51.639+0000] {logging_mixin.py:190} INFO - [2026-07-26T03:35:51.639+0000] {dag.py:4180} INFO - Setting next_dagrun for setup_lakehouse_infrastructure_v3 to None, run_after=None
[2026-07-26T03:35:51.693+0000] {processor.py:208} INFO - Processing /opt/airflow/dags/setup_lakehouse_infrastructure_v3.py took 0.192 seconds
[2026-07-26T03:36:22.251+0000] {processor.py:186} INFO - Started process (PID=3688) to work on /opt/airflow/dags/setup_lakehouse_infrastructure_v3.py
[2026-07-26T03:36:22.252+0000] {processor.py:914} INFO - Processing file /opt/airflow/dags/setup_lakehouse_infrastructure_v3.py for tasks to queue
[2026-07-26T03:36:22.254+0000] {logging_mixin.py:190} INFO - [2026-07-26T03:36:22.254+0000] {dagbag.py:588} INFO - Filling up the DagBag from /opt/airflow/dags/setup_lakehouse_infrastructure_v3.py
[2026-07-26T03:36:22.278+0000] {processor.py:925} INFO - DAG(s) 'setup_lakehouse_infrastructure_v3' retrieved from /opt/airflow/dags/setup_lakehouse_infrastructure_v3.py
[2026-07-26T03:36:22.302+0000] {logging_mixin.py:190} INFO - [2026-07-26T03:36:22.302+0000] {dag.py:3239} INFO - Sync 1 DAGs
[2026-07-26T03:36:22.325+0000] {logging_mixin.py:190} INFO - [2026-07-26T03:36:22.325+0000] {dag.py:4180} INFO - Setting next_dagrun for setup_lakehouse_infrastructure_v3 to None, run_after=None
[2026-07-26T03:36:22.342+0000] {processor.py:208} INFO - Processing /opt/airflow/dags/setup_lakehouse_infrastructure_v3.py took 0.097 seconds
[2026-07-26T03:36:52.596+0000] {processor.py:186} INFO - Started process (PID=3778) to work on /opt/airflow/dags/setup_lakehouse_infrastructure_v3.py
[2026-07-26T03:36:52.597+0000] {processor.py:914} INFO - Processing file /opt/airflow/dags/setup_lakehouse_infrastructure_v3.py for tasks to queue
[2026-07-26T03:36:52.599+0000] {logging_mixin.py:190} INFO - [2026-07-26T03:36:52.599+0000] {dagbag.py:588} INFO - Filling up the DagBag from /opt/airflow/dags/setup_lakehouse_infrastructure_v3.py
[2026-07-26T03:36:52.630+0000] {processor.py:925} INFO - DAG(s) 'setup_lakehouse_infrastructure_v3' retrieved from /opt/airflow/dags/setup_lakehouse_infrastructure_v3.py
[2026-07-26T03:36:52.657+0000] {logging_mixin.py:190} INFO - [2026-07-26T03:36:52.657+0000] {dag.py:3239} INFO - Sync 1 DAGs
[2026-07-26T03:36:52.683+0000] {logging_mixin.py:190} INFO - [2026-07-26T03:36:52.683+0000] {dag.py:4180} INFO - Setting next_dagrun for setup_lakehouse_infrastructure_v3 to None, run_after=None
[2026-07-26T03:36:52.706+0000] {processor.py:208} INFO - Processing /opt/airflow/dags/setup_lakehouse_infrastructure_v3.py took 0.117 seconds
[2026-07-26T03:37:23.415+0000] {processor.py:186} INFO - Started process (PID=3884) to work on /opt/airflow/dags/setup_lakehouse_infrastructure_v3.py
[2026-07-26T03:37:23.416+0000] {processor.py:914} INFO - Processing file /opt/airflow/dags/setup_lakehouse_infrastructure_v3.py for tasks to queue
[2026-07-26T03:37:23.418+0000] {logging_mixin.py:190} INFO - [2026-07-26T03:37:23.418+0000] {dagbag.py:588} INFO - Filling up the DagBag from /opt/airflow/dags/setup_lakehouse_infrastructure_v3.py
[2026-07-26T03:37:23.443+0000] {processor.py:925} INFO - DAG(s) 'setup_lakehouse_infrastructure_v3' retrieved from /opt/airflow/dags/setup_lakehouse_infrastructure_v3.py
[2026-07-26T03:37:23.468+0000] {logging_mixin.py:190} INFO - [2026-07-26T03:37:23.468+0000] {dag.py:3239} INFO - Sync 1 DAGs
[2026-07-26T03:37:23.494+0000] {logging_mixin.py:190} INFO - [2026-07-26T03:37:23.494+0000] {dag.py:4180} INFO - Setting next_dagrun for setup_lakehouse_infrastructure_v3 to None, run_after=None
[2026-07-26T03:37:23.519+0000] {processor.py:208} INFO - Processing /opt/airflow/dags/setup_lakehouse_infrastructure_v3.py took 0.110 seconds
[2026-07-26T03:37:54.001+0000] {processor.py:186} INFO - Started process (PID=3977) to work on /opt/airflow/dags/setup_lakehouse_infrastructure_v3.py
[2026-07-26T03:37:54.003+0000] {processor.py:914} INFO - Processing file /opt/airflow/dags/setup_lakehouse_infrastructure_v3.py for tasks to queue
[2026-07-26T03:37:54.007+0000] {logging_mixin.py:190} INFO - [2026-07-26T03:37:54.006+0000] {dagbag.py:588} INFO - Filling up the DagBag from /opt/airflow/dags/setup_lakehouse_infrastructure_v3.py
[2026-07-26T03:37:54.043+0000] {processor.py:925} INFO - DAG(s) 'setup_lakehouse_infrastructure_v3' retrieved from /opt/airflow/dags/setup_lakehouse_infrastructure_v3.py
[2026-07-26T03:37:54.075+0000] {logging_mixin.py:190} INFO - [2026-07-26T03:37:54.074+0000] {dag.py:3239} INFO - Sync 1 DAGs
[2026-07-26T03:37:54.116+0000] {logging_mixin.py:190} INFO - [2026-07-26T03:37:54.116+0000] {dag.py:4180} INFO - Setting next_dagrun for setup_lakehouse_infrastructure_v3 to None, run_after=None
[2026-07-26T03:37:54.141+0000] {processor.py:208} INFO - Processing /opt/airflow/dags/setup_lakehouse_infrastructure_v3.py took 0.148 seconds
[2026-07-26T03:38:24.429+0000] {processor.py:186} INFO - Started process (PID=4070) to work on /opt/airflow/dags/setup_lakehouse_infrastructure_v3.py
[2026-07-26T03:38:24.430+0000] {processor.py:914} INFO - Processing file /opt/airflow/dags/setup_lakehouse_infrastructure_v3.py for tasks to queue
[2026-07-26T03:38:24.432+0000] {logging_mixin.py:190} INFO - [2026-07-26T03:38:24.432+0000] {dagbag.py:588} INFO - Filling up the DagBag from /opt/airflow/dags/setup_lakehouse_infrastructure_v3.py
[2026-07-26T03:38:24.453+0000] {processor.py:925} INFO - DAG(s) 'setup_lakehouse_infrastructure_v3' retrieved from /opt/airflow/dags/setup_lakehouse_infrastructure_v3.py
[2026-07-26T03:38:24.477+0000] {logging_mixin.py:190} INFO - [2026-07-26T03:38:24.477+0000] {dag.py:3239} INFO - Sync 1 DAGs
[2026-07-26T03:38:24.503+0000] {logging_mixin.py:190} INFO - [2026-07-26T03:38:24.502+0000] {dag.py:4180} INFO - Setting next_dagrun for setup_lakehouse_infrastructure_v3 to None, run_after=None
[2026-07-26T03:38:24.524+0000] {processor.py:208} INFO - Processing /opt/airflow/dags/setup_lakehouse_infrastructure_v3.py took 0.103 seconds
[2026-07-26T03:38:54.740+0000] {processor.py:186} INFO - Started process (PID=4158) to work on /opt/airflow/dags/setup_lakehouse_infrastructure_v3.py
[2026-07-26T03:38:54.741+0000] {processor.py:914} INFO - Processing file /opt/airflow/dags/setup_lakehouse_infrastructure_v3.py for tasks to queue
[2026-07-26T03:38:54.743+0000] {logging_mixin.py:190} INFO - [2026-07-26T03:38:54.743+0000] {dagbag.py:588} INFO - Filling up the DagBag from /opt/airflow/dags/setup_lakehouse_infrastructure_v3.py
[2026-07-26T03:38:54.771+0000] {processor.py:925} INFO - DAG(s) 'setup_lakehouse_infrastructure_v3' retrieved from /opt/airflow/dags/setup_lakehouse_infrastructure_v3.py
[2026-07-26T03:38:54.793+0000] {logging_mixin.py:190} INFO - [2026-07-26T03:38:54.793+0000] {dag.py:3239} INFO - Sync 1 DAGs
[2026-07-26T03:38:54.814+0000] {logging_mixin.py:190} INFO - [2026-07-26T03:38:54.814+0000] {dag.py:4180} INFO - Setting next_dagrun for setup_lakehouse_infrastructure_v3 to None, run_after=None
[2026-07-26T03:38:54.836+0000] {processor.py:208} INFO - Processing /opt/airflow/dags/setup_lakehouse_infrastructure_v3.py took 0.101 seconds
[2026-07-26T03:39:25.287+0000] {processor.py:186} INFO - Started process (PID=4251) to work on /opt/airflow/dags/setup_lakehouse_infrastructure_v3.py
[2026-07-26T03:39:25.288+0000] {processor.py:914} INFO - Processing file /opt/airflow/dags/setup_lakehouse_infrastructure_v3.py for tasks to queue
[2026-07-26T03:39:25.290+0000] {logging_mixin.py:190} INFO - [2026-07-26T03:39:25.289+0000] {dagbag.py:588} INFO - Filling up the DagBag from /opt/airflow/dags/setup_lakehouse_infrastructure_v3.py
[2026-07-26T03:39:25.315+0000] {processor.py:925} INFO - DAG(s) 'setup_lakehouse_infrastructure_v3' retrieved from /opt/airflow/dags/setup_lakehouse_infrastructure_v3.py
[2026-07-26T03:39:25.339+0000] {logging_mixin.py:190} INFO - [2026-07-26T03:39:25.339+0000] {dag.py:3239} INFO - Sync 1 DAGs
[2026-07-26T03:39:25.362+0000] {logging_mixin.py:190} INFO - [2026-07-26T03:39:25.362+0000] {dag.py:4180} INFO - Setting next_dagrun for setup_lakehouse_infrastructure_v3 to None, run_after=None
[2026-07-26T03:39:25.385+0000] {processor.py:208} INFO - Processing /opt/airflow/dags/setup_lakehouse_infrastructure_v3.py took 0.104 seconds
[2026-07-26T03:39:56.073+0000] {processor.py:186} INFO - Started process (PID=4344) to work on /opt/airflow/dags/setup_lakehouse_infrastructure_v3.py
[2026-07-26T03:39:56.074+0000] {processor.py:914} INFO - Processing file /opt/airflow/dags/setup_lakehouse_infrastructure_v3.py for tasks to queue
[2026-07-26T03:39:56.077+0000] {logging_mixin.py:190} INFO - [2026-07-26T03:39:56.076+0000] {dagbag.py:588} INFO - Filling up the DagBag from /opt/airflow/dags/setup_lakehouse_infrastructure_v3.py
[2026-07-26T03:39:56.102+0000] {processor.py:925} INFO - DAG(s) 'setup_lakehouse_infrastructure_v3' retrieved from /opt/airflow/dags/setup_lakehouse_infrastructure_v3.py
[2026-07-26T03:39:56.126+0000] {logging_mixin.py:190} INFO - [2026-07-26T03:39:56.126+0000] {dag.py:3239} INFO - Sync 1 DAGs
[2026-07-26T03:39:56.151+0000] {logging_mixin.py:190} INFO - [2026-07-26T03:39:56.151+0000] {dag.py:4180} INFO - Setting next_dagrun for setup_lakehouse_infrastructure_v3 to None, run_after=None
[2026-07-26T03:39:56.170+0000] {processor.py:208} INFO - Processing /opt/airflow/dags/setup_lakehouse_infrastructure_v3.py took 0.103 seconds
[2026-07-26T03:40:26.367+0000] {processor.py:186} INFO - Started process (PID=4432) to work on /opt/airflow/dags/setup_lakehouse_infrastructure_v3.py
[2026-07-26T03:40:26.368+0000] {processor.py:914} INFO - Processing file /opt/airflow/dags/setup_lakehouse_infrastructure_v3.py for tasks to queue
[2026-07-26T03:40:26.370+0000] {logging_mixin.py:190} INFO - [2026-07-26T03:40:26.370+0000] {dagbag.py:588} INFO - Filling up the DagBag from /opt/airflow/dags/setup_lakehouse_infrastructure_v3.py
[2026-07-26T03:40:26.395+0000] {processor.py:925} INFO - DAG(s) 'setup_lakehouse_infrastructure_v3' retrieved from /opt/airflow/dags/setup_lakehouse_infrastructure_v3.py
[2026-07-26T03:40:26.418+0000] {logging_mixin.py:190} INFO - [2026-07-26T03:40:26.418+0000] {dag.py:3239} INFO - Sync 1 DAGs
[2026-07-26T03:40:26.440+0000] {logging_mixin.py:190} INFO - [2026-07-26T03:40:26.440+0000] {dag.py:4180} INFO - Setting next_dagrun for setup_lakehouse_infrastructure_v3 to None, run_after=None
[2026-07-26T03:40:26.460+0000] {processor.py:208} INFO - Processing /opt/airflow/dags/setup_lakehouse_infrastructure_v3.py took 0.099 seconds
[2026-07-26T03:40:56.632+0000] {processor.py:186} INFO - Started process (PID=4525) to work on /opt/airflow/dags/setup_lakehouse_infrastructure_v3.py
[2026-07-26T03:40:56.633+0000] {processor.py:914} INFO - Processing file /opt/airflow/dags/setup_lakehouse_infrastructure_v3.py for tasks to queue
[2026-07-26T03:40:56.635+0000] {logging_mixin.py:190} INFO - [2026-07-26T03:40:56.635+0000] {dagbag.py:588} INFO - Filling up the DagBag from /opt/airflow/dags/setup_lakehouse_infrastructure_v3.py
[2026-07-26T03:40:56.661+0000] {processor.py:925} INFO - DAG(s) 'setup_lakehouse_infrastructure_v3' retrieved from /opt/airflow/dags/setup_lakehouse_infrastructure_v3.py
[2026-07-26T03:40:56.687+0000] {logging_mixin.py:190} INFO - [2026-07-26T03:40:56.686+0000] {dag.py:3239} INFO - Sync 1 DAGs
[2026-07-26T03:40:56.708+0000] {logging_mixin.py:190} INFO - [2026-07-26T03:40:56.708+0000] {dag.py:4180} INFO - Setting next_dagrun for setup_lakehouse_infrastructure_v3 to None, run_after=None
[2026-07-26T03:40:56.730+0000] {processor.py:208} INFO - Processing /opt/airflow/dags/setup_lakehouse_infrastructure_v3.py took 0.103 seconds
[2026-07-26T03:41:26.989+0000] {processor.py:186} INFO - Started process (PID=4584) to work on /opt/airflow/dags/setup_lakehouse_infrastructure_v3.py
[2026-07-26T03:41:26.990+0000] {processor.py:914} INFO - Processing file /opt/airflow/dags/setup_lakehouse_infrastructure_v3.py for tasks to queue
[2026-07-26T03:41:26.994+0000] {logging_mixin.py:190} INFO - [2026-07-26T03:41:26.994+0000] {dagbag.py:588} INFO - Filling up the DagBag from /opt/airflow/dags/setup_lakehouse_infrastructure_v3.py
[2026-07-26T03:41:27.024+0000] {processor.py:925} INFO - DAG(s) 'setup_lakehouse_infrastructure_v3' retrieved from /opt/airflow/dags/setup_lakehouse_infrastructure_v3.py
[2026-07-26T03:41:27.058+0000] {logging_mixin.py:190} INFO - [2026-07-26T03:41:27.057+0000] {dag.py:3239} INFO - Sync 1 DAGs
[2026-07-26T03:41:27.085+0000] {logging_mixin.py:190} INFO - [2026-07-26T03:41:27.084+0000] {dag.py:4180} INFO - Setting next_dagrun for setup_lakehouse_infrastructure_v3 to None, run_after=None
[2026-07-26T03:41:27.111+0000] {processor.py:208} INFO - Processing /opt/airflow/dags/setup_lakehouse_infrastructure_v3.py took 0.128 seconds
[2026-07-26T04:46:32.818+0000] {processor.py:186} INFO - Started process (PID=180) to work on /opt/airflow/dags/setup_lakehouse_infrastructure_v3.py
[2026-07-26T04:46:32.819+0000] {processor.py:914} INFO - Processing file /opt/airflow/dags/setup_lakehouse_infrastructure_v3.py for tasks to queue
[2026-07-26T04:46:32.826+0000] {logging_mixin.py:190} INFO - [2026-07-26T04:46:32.825+0000] {dagbag.py:588} INFO - Filling up the DagBag from /opt/airflow/dags/setup_lakehouse_infrastructure_v3.py
[2026-07-26T04:46:32.868+0000] {processor.py:925} INFO - DAG(s) 'setup_lakehouse_infrastructure_v3' retrieved from /opt/airflow/dags/setup_lakehouse_infrastructure_v3.py
[2026-07-26T04:46:32.912+0000] {logging_mixin.py:190} INFO - [2026-07-26T04:46:32.912+0000] {dag.py:3239} INFO - Sync 1 DAGs
[2026-07-26T04:46:32.945+0000] {logging_mixin.py:190} INFO - [2026-07-26T04:46:32.945+0000] {dag.py:4180} INFO - Setting next_dagrun for setup_lakehouse_infrastructure_v3 to None, run_after=None
[2026-07-26T04:46:32.975+0000] {processor.py:208} INFO - Processing /opt/airflow/dags/setup_lakehouse_infrastructure_v3.py took 0.172 seconds
[2026-07-26T04:47:03.164+0000] {processor.py:186} INFO - Started process (PID=275) to work on /opt/airflow/dags/setup_lakehouse_infrastructure_v3.py
[2026-07-26T04:47:03.165+0000] {processor.py:914} INFO - Processing file /opt/airflow/dags/setup_lakehouse_infrastructure_v3.py for tasks to queue
[2026-07-26T04:47:03.168+0000] {logging_mixin.py:190} INFO - [2026-07-26T04:47:03.168+0000] {dagbag.py:588} INFO - Filling up the DagBag from /opt/airflow/dags/setup_lakehouse_infrastructure_v3.py
[2026-07-26T04:47:03.197+0000] {processor.py:925} INFO - DAG(s) 'setup_lakehouse_infrastructure_v3' retrieved from /opt/airflow/dags/setup_lakehouse_infrastructure_v3.py
[2026-07-26T04:47:03.223+0000] {logging_mixin.py:190} INFO - [2026-07-26T04:47:03.223+0000] {dag.py:3239} INFO - Sync 1 DAGs
[2026-07-26T04:47:03.245+0000] {logging_mixin.py:190} INFO - [2026-07-26T04:47:03.245+0000] {dag.py:4180} INFO - Setting next_dagrun for setup_lakehouse_infrastructure_v3 to None, run_after=None
[2026-07-26T04:47:03.270+0000] {processor.py:208} INFO - Processing /opt/airflow/dags/setup_lakehouse_infrastructure_v3.py took 0.113 seconds
[2026-07-26T04:47:33.470+0000] {processor.py:186} INFO - Started process (PID=366) to work on /opt/airflow/dags/setup_lakehouse_infrastructure_v3.py
[2026-07-26T04:47:33.471+0000] {processor.py:914} INFO - Processing file /opt/airflow/dags/setup_lakehouse_infrastructure_v3.py for tasks to queue
[2026-07-26T04:47:33.473+0000] {logging_mixin.py:190} INFO - [2026-07-26T04:47:33.473+0000] {dagbag.py:588} INFO - Filling up the DagBag from /opt/airflow/dags/setup_lakehouse_infrastructure_v3.py
[2026-07-26T04:47:33.502+0000] {processor.py:925} INFO - DAG(s) 'setup_lakehouse_infrastructure_v3' retrieved from /opt/airflow/dags/setup_lakehouse_infrastructure_v3.py
[2026-07-26T04:47:33.524+0000] {logging_mixin.py:190} INFO - [2026-07-26T04:47:33.523+0000] {dag.py:3239} INFO - Sync 1 DAGs
[2026-07-26T04:47:33.548+0000] {logging_mixin.py:190} INFO - [2026-07-26T04:47:33.547+0000] {dag.py:4180} INFO - Setting next_dagrun for setup_lakehouse_infrastructure_v3 to None, run_after=None
[2026-07-26T04:47:33.567+0000] {processor.py:208} INFO - Processing /opt/airflow/dags/setup_lakehouse_infrastructure_v3.py took 0.103 seconds
[2026-07-26T04:48:03.877+0000] {processor.py:186} INFO - Started process (PID=456) to work on /opt/airflow/dags/setup_lakehouse_infrastructure_v3.py
[2026-07-26T04:48:03.878+0000] {processor.py:914} INFO - Processing file /opt/airflow/dags/setup_lakehouse_infrastructure_v3.py for tasks to queue
[2026-07-26T04:48:03.881+0000] {logging_mixin.py:190} INFO - [2026-07-26T04:48:03.880+0000] {dagbag.py:588} INFO - Filling up the DagBag from /opt/airflow/dags/setup_lakehouse_infrastructure_v3.py
[2026-07-26T04:48:03.910+0000] {processor.py:925} INFO - DAG(s) 'setup_lakehouse_infrastructure_v3' retrieved from /opt/airflow/dags/setup_lakehouse_infrastructure_v3.py
[2026-07-26T04:48:03.935+0000] {logging_mixin.py:190} INFO - [2026-07-26T04:48:03.934+0000] {dag.py:3239} INFO - Sync 1 DAGs
[2026-07-26T04:48:03.957+0000] {logging_mixin.py:190} INFO - [2026-07-26T04:48:03.956+0000] {dag.py:4180} INFO - Setting next_dagrun for setup_lakehouse_infrastructure_v3 to None, run_after=None
[2026-07-26T04:48:03.979+0000] {processor.py:208} INFO - Processing /opt/airflow/dags/setup_lakehouse_infrastructure_v3.py took 0.108 seconds
[2026-07-26T04:48:34.229+0000] {processor.py:186} INFO - Started process (PID=547) to work on /opt/airflow/dags/setup_lakehouse_infrastructure_v3.py
[2026-07-26T04:48:34.231+0000] {processor.py:914} INFO - Processing file /opt/airflow/dags/setup_lakehouse_infrastructure_v3.py for tasks to queue
[2026-07-26T04:48:34.233+0000] {logging_mixin.py:190} INFO - [2026-07-26T04:48:34.233+0000] {dagbag.py:588} INFO - Filling up the DagBag from /opt/airflow/dags/setup_lakehouse_infrastructure_v3.py
[2026-07-26T04:48:34.268+0000] {processor.py:925} INFO - DAG(s) 'setup_lakehouse_infrastructure_v3' retrieved from /opt/airflow/dags/setup_lakehouse_infrastructure_v3.py
[2026-07-26T04:48:34.293+0000] {logging_mixin.py:190} INFO - [2026-07-26T04:48:34.293+0000] {dag.py:3239} INFO - Sync 1 DAGs
[2026-07-26T04:48:34.314+0000] {logging_mixin.py:190} INFO - [2026-07-26T04:48:34.313+0000] {dag.py:4180} INFO - Setting next_dagrun for setup_lakehouse_infrastructure_v3 to None, run_after=None
[2026-07-26T04:48:34.333+0000] {processor.py:208} INFO - Processing /opt/airflow/dags/setup_lakehouse_infrastructure_v3.py took 0.109 seconds
[2026-07-26T04:49:04.475+0000] {processor.py:186} INFO - Started process (PID=635) to work on /opt/airflow/dags/setup_lakehouse_infrastructure_v3.py
[2026-07-26T04:49:04.476+0000] {processor.py:914} INFO - Processing file /opt/airflow/dags/setup_lakehouse_infrastructure_v3.py for tasks to queue
[2026-07-26T04:49:04.479+0000] {logging_mixin.py:190} INFO - [2026-07-26T04:49:04.478+0000] {dagbag.py:588} INFO - Filling up the DagBag from /opt/airflow/dags/setup_lakehouse_infrastructure_v3.py
[2026-07-26T04:49:04.506+0000] {processor.py:925} INFO - DAG(s) 'setup_lakehouse_infrastructure_v3' retrieved from /opt/airflow/dags/setup_lakehouse_infrastructure_v3.py
[2026-07-26T04:49:04.532+0000] {logging_mixin.py:190} INFO - [2026-07-26T04:49:04.532+0000] {dag.py:3239} INFO - Sync 1 DAGs
[2026-07-26T04:49:04.558+0000] {logging_mixin.py:190} INFO - [2026-07-26T04:49:04.558+0000] {dag.py:4180} INFO - Setting next_dagrun for setup_lakehouse_infrastructure_v3 to None, run_after=None
[2026-07-26T04:49:04.594+0000] {processor.py:208} INFO - Processing /opt/airflow/dags/setup_lakehouse_infrastructure_v3.py took 0.126 seconds
[2026-07-26T04:49:34.994+0000] {processor.py:186} INFO - Started process (PID=728) to work on /opt/airflow/dags/setup_lakehouse_infrastructure_v3.py
[2026-07-26T04:49:34.995+0000] {processor.py:914} INFO - Processing file /opt/airflow/dags/setup_lakehouse_infrastructure_v3.py for tasks to queue
[2026-07-26T04:49:34.998+0000] {logging_mixin.py:190} INFO - [2026-07-26T04:49:34.997+0000] {dagbag.py:588} INFO - Filling up the DagBag from /opt/airflow/dags/setup_lakehouse_infrastructure_v3.py
[2026-07-26T04:49:35.024+0000] {processor.py:925} INFO - DAG(s) 'setup_lakehouse_infrastructure_v3' retrieved from /opt/airflow/dags/setup_lakehouse_infrastructure_v3.py
[2026-07-26T04:49:35.053+0000] {logging_mixin.py:190} INFO - [2026-07-26T04:49:35.053+0000] {dag.py:3239} INFO - Sync 1 DAGs
[2026-07-26T04:49:35.075+0000] {logging_mixin.py:190} INFO - [2026-07-26T04:49:35.075+0000] {dag.py:4180} INFO - Setting next_dagrun for setup_lakehouse_infrastructure_v3 to None, run_after=None
[2026-07-26T04:49:35.094+0000] {processor.py:208} INFO - Processing /opt/airflow/dags/setup_lakehouse_infrastructure_v3.py took 0.106 seconds
[2026-07-26T04:50:05.395+0000] {processor.py:186} INFO - Started process (PID=821) to work on /opt/airflow/dags/setup_lakehouse_infrastructure_v3.py
[2026-07-26T04:50:05.397+0000] {processor.py:914} INFO - Processing file /opt/airflow/dags/setup_lakehouse_infrastructure_v3.py for tasks to queue
[2026-07-26T04:50:05.401+0000] {logging_mixin.py:190} INFO - [2026-07-26T04:50:05.401+0000] {dagbag.py:588} INFO - Filling up the DagBag from /opt/airflow/dags/setup_lakehouse_infrastructure_v3.py
[2026-07-26T04:50:05.447+0000] {processor.py:925} INFO - DAG(s) 'setup_lakehouse_infrastructure_v3' retrieved from /opt/airflow/dags/setup_lakehouse_infrastructure_v3.py
[2026-07-26T04:50:05.482+0000] {logging_mixin.py:190} INFO - [2026-07-26T04:50:05.481+0000] {dag.py:3239} INFO - Sync 1 DAGs
[2026-07-26T04:50:05.517+0000] {logging_mixin.py:190} INFO - [2026-07-26T04:50:05.517+0000] {dag.py:4180} INFO - Setting next_dagrun for setup_lakehouse_infrastructure_v3 to None, run_after=None
[2026-07-26T04:50:05.542+0000] {processor.py:208} INFO - Processing /opt/airflow/dags/setup_lakehouse_infrastructure_v3.py took 0.154 seconds
[2026-07-26T04:50:36.035+0000] {processor.py:186} INFO - Started process (PID=914) to work on /opt/airflow/dags/setup_lakehouse_infrastructure_v3.py
[2026-07-26T04:50:36.036+0000] {processor.py:914} INFO - Processing file /opt/airflow/dags/setup_lakehouse_infrastructure_v3.py for tasks to queue
[2026-07-26T04:50:36.039+0000] {logging_mixin.py:190} INFO - [2026-07-26T04:50:36.039+0000] {dagbag.py:588} INFO - Filling up the DagBag from /opt/airflow/dags/setup_lakehouse_infrastructure_v3.py
[2026-07-26T04:50:36.064+0000] {processor.py:925} INFO - DAG(s) 'setup_lakehouse_infrastructure_v3' retrieved from /opt/airflow/dags/setup_lakehouse_infrastructure_v3.py
[2026-07-26T04:50:36.085+0000] {logging_mixin.py:190} INFO - [2026-07-26T04:50:36.085+0000] {dag.py:3239} INFO - Sync 1 DAGs
[2026-07-26T04:50:36.105+0000] {logging_mixin.py:190} INFO - [2026-07-26T04:50:36.105+0000] {dag.py:4180} INFO - Setting next_dagrun for setup_lakehouse_infrastructure_v3 to None, run_after=None
[2026-07-26T04:50:36.122+0000] {processor.py:208} INFO - Processing /opt/airflow/dags/setup_lakehouse_infrastructure_v3.py took 0.093 seconds
[2026-07-26T04:51:06.300+0000] {processor.py:186} INFO - Started process (PID=1004) to work on /opt/airflow/dags/setup_lakehouse_infrastructure_v3.py
[2026-07-26T04:51:06.302+0000] {processor.py:914} INFO - Processing file /opt/airflow/dags/setup_lakehouse_infrastructure_v3.py for tasks to queue
[2026-07-26T04:51:06.304+0000] {logging_mixin.py:190} INFO - [2026-07-26T04:51:06.304+0000] {dagbag.py:588} INFO - Filling up the DagBag from /opt/airflow/dags/setup_lakehouse_infrastructure_v3.py
[2026-07-26T04:51:06.335+0000] {processor.py:925} INFO - DAG(s) 'setup_lakehouse_infrastructure_v3' retrieved from /opt/airflow/dags/setup_lakehouse_infrastructure_v3.py
[2026-07-26T04:51:06.356+0000] {logging_mixin.py:190} INFO - [2026-07-26T04:51:06.355+0000] {dag.py:3239} INFO - Sync 1 DAGs
[2026-07-26T04:51:06.375+0000] {logging_mixin.py:190} INFO - [2026-07-26T04:51:06.374+0000] {dag.py:4180} INFO - Setting next_dagrun for setup_lakehouse_infrastructure_v3 to None, run_after=None
[2026-07-26T04:51:06.393+0000] {processor.py:208} INFO - Processing /opt/airflow/dags/setup_lakehouse_infrastructure_v3.py took 0.098 seconds
[2026-07-26T04:51:36.614+0000] {processor.py:186} INFO - Started process (PID=1095) to work on /opt/airflow/dags/setup_lakehouse_infrastructure_v3.py
[2026-07-26T04:51:36.615+0000] {processor.py:914} INFO - Processing file /opt/airflow/dags/setup_lakehouse_infrastructure_v3.py for tasks to queue
[2026-07-26T04:51:36.617+0000] {logging_mixin.py:190} INFO - [2026-07-26T04:51:36.617+0000] {dagbag.py:588} INFO - Filling up the DagBag from /opt/airflow/dags/setup_lakehouse_infrastructure_v3.py
[2026-07-26T04:51:36.645+0000] {processor.py:925} INFO - DAG(s) 'setup_lakehouse_infrastructure_v3' retrieved from /opt/airflow/dags/setup_lakehouse_infrastructure_v3.py
[2026-07-26T04:51:36.675+0000] {logging_mixin.py:190} INFO - [2026-07-26T04:51:36.675+0000] {dag.py:3239} INFO - Sync 1 DAGs
[2026-07-26T04:51:36.705+0000] {logging_mixin.py:190} INFO - [2026-07-26T04:51:36.705+0000] {dag.py:4180} INFO - Setting next_dagrun for setup_lakehouse_infrastructure_v3 to None, run_after=None
[2026-07-26T04:51:36.726+0000] {processor.py:208} INFO - Processing /opt/airflow/dags/setup_lakehouse_infrastructure_v3.py took 0.118 seconds
[2026-07-26T04:52:07.504+0000] {processor.py:186} INFO - Started process (PID=1188) to work on /opt/airflow/dags/setup_lakehouse_infrastructure_v3.py
[2026-07-26T04:52:07.505+0000] {processor.py:914} INFO - Processing file /opt/airflow/dags/setup_lakehouse_infrastructure_v3.py for tasks to queue
[2026-07-26T04:52:07.507+0000] {logging_mixin.py:190} INFO - [2026-07-26T04:52:07.507+0000] {dagbag.py:588} INFO - Filling up the DagBag from /opt/airflow/dags/setup_lakehouse_infrastructure_v3.py
[2026-07-26T04:52:07.533+0000] {processor.py:925} INFO - DAG(s) 'setup_lakehouse_infrastructure_v3' retrieved from /opt/airflow/dags/setup_lakehouse_infrastructure_v3.py
[2026-07-26T04:52:07.554+0000] {logging_mixin.py:190} INFO - [2026-07-26T04:52:07.554+0000] {dag.py:3239} INFO - Sync 1 DAGs
[2026-07-26T04:52:07.577+0000] {logging_mixin.py:190} INFO - [2026-07-26T04:52:07.577+0000] {dag.py:4180} INFO - Setting next_dagrun for setup_lakehouse_infrastructure_v3 to None, run_after=None
[2026-07-26T04:52:07.595+0000] {processor.py:208} INFO - Processing /opt/airflow/dags/setup_lakehouse_infrastructure_v3.py took 0.097 seconds
[2026-07-26T04:52:37.667+0000] {processor.py:186} INFO - Started process (PID=1276) to work on /opt/airflow/dags/setup_lakehouse_infrastructure_v3.py
[2026-07-26T04:52:37.669+0000] {processor.py:914} INFO - Processing file /opt/airflow/dags/setup_lakehouse_infrastructure_v3.py for tasks to queue
[2026-07-26T04:52:37.671+0000] {logging_mixin.py:190} INFO - [2026-07-26T04:52:37.671+0000] {dagbag.py:588} INFO - Filling up the DagBag from /opt/airflow/dags/setup_lakehouse_infrastructure_v3.py
[2026-07-26T04:52:37.703+0000] {processor.py:925} INFO - DAG(s) 'setup_lakehouse_infrastructure_v3' retrieved from /opt/airflow/dags/setup_lakehouse_infrastructure_v3.py
[2026-07-26T04:52:37.730+0000] {logging_mixin.py:190} INFO - [2026-07-26T04:52:37.730+0000] {dag.py:3239} INFO - Sync 1 DAGs
[2026-07-26T04:52:37.753+0000] {logging_mixin.py:190} INFO - [2026-07-26T04:52:37.752+0000] {dag.py:4180} INFO - Setting next_dagrun for setup_lakehouse_infrastructure_v3 to None, run_after=None
[2026-07-26T04:52:37.773+0000] {processor.py:208} INFO - Processing /opt/airflow/dags/setup_lakehouse_infrastructure_v3.py took 0.111 seconds
[2026-07-26T04:53:08.012+0000] {processor.py:186} INFO - Started process (PID=1369) to work on /opt/airflow/dags/setup_lakehouse_infrastructure_v3.py
[2026-07-26T04:53:08.014+0000] {processor.py:914} INFO - Processing file /opt/airflow/dags/setup_lakehouse_infrastructure_v3.py for tasks to queue
[2026-07-26T04:53:08.016+0000] {logging_mixin.py:190} INFO - [2026-07-26T04:53:08.015+0000] {dagbag.py:588} INFO - Filling up the DagBag from /opt/airflow/dags/setup_lakehouse_infrastructure_v3.py
[2026-07-26T04:53:08.043+0000] {processor.py:925} INFO - DAG(s) 'setup_lakehouse_infrastructure_v3' retrieved from /opt/airflow/dags/setup_lakehouse_infrastructure_v3.py
[2026-07-26T04:53:08.068+0000] {logging_mixin.py:190} INFO - [2026-07-26T04:53:08.068+0000] {dag.py:3239} INFO - Sync 1 DAGs
[2026-07-26T04:53:08.091+0000] {logging_mixin.py:190} INFO - [2026-07-26T04:53:08.090+0000] {dag.py:4180} INFO - Setting next_dagrun for setup_lakehouse_infrastructure_v3 to None, run_after=None
[2026-07-26T04:53:08.112+0000] {processor.py:208} INFO - Processing /opt/airflow/dags/setup_lakehouse_infrastructure_v3.py took 0.105 seconds
[2026-07-26T04:53:38.589+0000] {processor.py:186} INFO - Started process (PID=1462) to work on /opt/airflow/dags/setup_lakehouse_infrastructure_v3.py
[2026-07-26T04:53:38.590+0000] {processor.py:914} INFO - Processing file /opt/airflow/dags/setup_lakehouse_infrastructure_v3.py for tasks to queue
[2026-07-26T04:53:38.598+0000] {logging_mixin.py:190} INFO - [2026-07-26T04:53:38.597+0000] {dagbag.py:588} INFO - Filling up the DagBag from /opt/airflow/dags/setup_lakehouse_infrastructure_v3.py
[2026-07-26T04:53:38.632+0000] {processor.py:925} INFO - DAG(s) 'setup_lakehouse_infrastructure_v3' retrieved from /opt/airflow/dags/setup_lakehouse_infrastructure_v3.py
[2026-07-26T04:53:38.664+0000] {logging_mixin.py:190} INFO - [2026-07-26T04:53:38.664+0000] {dag.py:3239} INFO - Sync 1 DAGs
[2026-07-26T04:53:38.693+0000] {logging_mixin.py:190} INFO - [2026-07-26T04:53:38.693+0000] {dag.py:4180} INFO - Setting next_dagrun for setup_lakehouse_infrastructure_v3 to None, run_after=None
[2026-07-26T04:53:38.719+0000] {processor.py:208} INFO - Processing /opt/airflow/dags/setup_lakehouse_infrastructure_v3.py took 0.142 seconds
[2026-07-26T04:54:08.855+0000] {processor.py:186} INFO - Started process (PID=1552) to work on /opt/airflow/dags/setup_lakehouse_infrastructure_v3.py
[2026-07-26T04:54:08.856+0000] {processor.py:914} INFO - Processing file /opt/airflow/dags/setup_lakehouse_infrastructure_v3.py for tasks to queue
[2026-07-26T04:54:08.859+0000] {logging_mixin.py:190} INFO - [2026-07-26T04:54:08.858+0000] {dagbag.py:588} INFO - Filling up the DagBag from /opt/airflow/dags/setup_lakehouse_infrastructure_v3.py
[2026-07-26T04:54:08.889+0000] {processor.py:925} INFO - DAG(s) 'setup_lakehouse_infrastructure_v3' retrieved from /opt/airflow/dags/setup_lakehouse_infrastructure_v3.py
[2026-07-26T04:54:08.917+0000] {logging_mixin.py:190} INFO - [2026-07-26T04:54:08.917+0000] {dag.py:3239} INFO - Sync 1 DAGs
[2026-07-26T04:54:08.946+0000] {logging_mixin.py:190} INFO - [2026-07-26T04:54:08.945+0000] {dag.py:4180} INFO - Setting next_dagrun for setup_lakehouse_infrastructure_v3 to None, run_after=None
[2026-07-26T04:54:08.970+0000] {processor.py:208} INFO - Processing /opt/airflow/dags/setup_lakehouse_infrastructure_v3.py took 0.122 seconds
[2026-07-26T04:54:39.427+0000] {processor.py:186} INFO - Started process (PID=1643) to work on /opt/airflow/dags/setup_lakehouse_infrastructure_v3.py
[2026-07-26T04:54:39.428+0000] {processor.py:914} INFO - Processing file /opt/airflow/dags/setup_lakehouse_infrastructure_v3.py for tasks to queue
[2026-07-26T04:54:39.431+0000] {logging_mixin.py:190} INFO - [2026-07-26T04:54:39.431+0000] {dagbag.py:588} INFO - Filling up the DagBag from /opt/airflow/dags/setup_lakehouse_infrastructure_v3.py
[2026-07-26T04:54:39.461+0000] {processor.py:925} INFO - DAG(s) 'setup_lakehouse_infrastructure_v3' retrieved from /opt/airflow/dags/setup_lakehouse_infrastructure_v3.py
[2026-07-26T04:54:39.483+0000] {logging_mixin.py:190} INFO - [2026-07-26T04:54:39.483+0000] {dag.py:3239} INFO - Sync 1 DAGs
[2026-07-26T04:54:39.505+0000] {logging_mixin.py:190} INFO - [2026-07-26T04:54:39.505+0000] {dag.py:4180} INFO - Setting next_dagrun for setup_lakehouse_infrastructure_v3 to None, run_after=None
[2026-07-26T04:54:39.525+0000] {processor.py:208} INFO - Processing /opt/airflow/dags/setup_lakehouse_infrastructure_v3.py took 0.103 seconds
[2026-07-26T04:55:10.352+0000] {processor.py:186} INFO - Started process (PID=1736) to work on /opt/airflow/dags/setup_lakehouse_infrastructure_v3.py
[2026-07-26T04:55:10.353+0000] {processor.py:914} INFO - Processing file /opt/airflow/dags/setup_lakehouse_infrastructure_v3.py for tasks to queue
[2026-07-26T04:55:10.355+0000] {logging_mixin.py:190} INFO - [2026-07-26T04:55:10.355+0000] {dagbag.py:588} INFO - Filling up the DagBag from /opt/airflow/dags/setup_lakehouse_infrastructure_v3.py
[2026-07-26T04:55:10.378+0000] {processor.py:925} INFO - DAG(s) 'setup_lakehouse_infrastructure_v3' retrieved from /opt/airflow/dags/setup_lakehouse_infrastructure_v3.py
[2026-07-26T04:55:10.402+0000] {logging_mixin.py:190} INFO - [2026-07-26T04:55:10.402+0000] {dag.py:3239} INFO - Sync 1 DAGs
[2026-07-26T04:55:10.423+0000] {logging_mixin.py:190} INFO - [2026-07-26T04:55:10.423+0000] {dag.py:4180} INFO - Setting next_dagrun for setup_lakehouse_infrastructure_v3 to None, run_after=None
[2026-07-26T04:55:10.441+0000] {processor.py:208} INFO - Processing /opt/airflow/dags/setup_lakehouse_infrastructure_v3.py took 0.094 seconds
[2026-07-26T04:55:41.172+0000] {processor.py:186} INFO - Started process (PID=1824) to work on /opt/airflow/dags/setup_lakehouse_infrastructure_v3.py
[2026-07-26T04:55:41.173+0000] {processor.py:914} INFO - Processing file /opt/airflow/dags/setup_lakehouse_infrastructure_v3.py for tasks to queue
[2026-07-26T04:55:41.176+0000] {logging_mixin.py:190} INFO - [2026-07-26T04:55:41.176+0000] {dagbag.py:588} INFO - Filling up the DagBag from /opt/airflow/dags/setup_lakehouse_infrastructure_v3.py
[2026-07-26T04:55:41.207+0000] {processor.py:925} INFO - DAG(s) 'setup_lakehouse_infrastructure_v3' retrieved from /opt/airflow/dags/setup_lakehouse_infrastructure_v3.py
[2026-07-26T04:55:41.235+0000] {logging_mixin.py:190} INFO - [2026-07-26T04:55:41.235+0000] {dag.py:3239} INFO - Sync 1 DAGs
[2026-07-26T04:55:41.263+0000] {logging_mixin.py:190} INFO - [2026-07-26T04:55:41.262+0000] {dag.py:4180} INFO - Setting next_dagrun for setup_lakehouse_infrastructure_v3 to None, run_after=None
[2026-07-26T04:55:41.288+0000] {processor.py:208} INFO - Processing /opt/airflow/dags/setup_lakehouse_infrastructure_v3.py took 0.123 seconds
[2026-07-26T04:56:12.212+0000] {processor.py:186} INFO - Started process (PID=1919) to work on /opt/airflow/dags/setup_lakehouse_infrastructure_v3.py
[2026-07-26T04:56:12.214+0000] {processor.py:914} INFO - Processing file /opt/airflow/dags/setup_lakehouse_infrastructure_v3.py for tasks to queue
[2026-07-26T04:56:12.217+0000] {logging_mixin.py:190} INFO - [2026-07-26T04:56:12.216+0000] {dagbag.py:588} INFO - Filling up the DagBag from /opt/airflow/dags/setup_lakehouse_infrastructure_v3.py
[2026-07-26T04:56:12.255+0000] {processor.py:925} INFO - DAG(s) 'setup_lakehouse_infrastructure_v3' retrieved from /opt/airflow/dags/setup_lakehouse_infrastructure_v3.py
[2026-07-26T04:56:12.289+0000] {logging_mixin.py:190} INFO - [2026-07-26T04:56:12.289+0000] {dag.py:3239} INFO - Sync 1 DAGs
[2026-07-26T04:56:12.316+0000] {logging_mixin.py:190} INFO - [2026-07-26T04:56:12.316+0000] {dag.py:4180} INFO - Setting next_dagrun for setup_lakehouse_infrastructure_v3 to None, run_after=None
[2026-07-26T04:56:12.341+0000] {processor.py:208} INFO - Processing /opt/airflow/dags/setup_lakehouse_infrastructure_v3.py took 0.135 seconds
[2026-07-26T04:56:43.269+0000] {processor.py:186} INFO - Started process (PID=2010) to work on /opt/airflow/dags/setup_lakehouse_infrastructure_v3.py
[2026-07-26T04:56:43.270+0000] {processor.py:914} INFO - Processing file /opt/airflow/dags/setup_lakehouse_infrastructure_v3.py for tasks to queue
[2026-07-26T04:56:43.272+0000] {logging_mixin.py:190} INFO - [2026-07-26T04:56:43.272+0000] {dagbag.py:588} INFO - Filling up the DagBag from /opt/airflow/dags/setup_lakehouse_infrastructure_v3.py
[2026-07-26T04:56:43.298+0000] {processor.py:925} INFO - DAG(s) 'setup_lakehouse_infrastructure_v3' retrieved from /opt/airflow/dags/setup_lakehouse_infrastructure_v3.py
[2026-07-26T04:56:43.324+0000] {logging_mixin.py:190} INFO - [2026-07-26T04:56:43.323+0000] {dag.py:3239} INFO - Sync 1 DAGs
[2026-07-26T04:56:43.347+0000] {logging_mixin.py:190} INFO - [2026-07-26T04:56:43.346+0000] {dag.py:4180} INFO - Setting next_dagrun for setup_lakehouse_infrastructure_v3 to None, run_after=None
[2026-07-26T04:56:43.367+0000] {processor.py:208} INFO - Processing /opt/airflow/dags/setup_lakehouse_infrastructure_v3.py took 0.104 seconds
[2026-07-26T04:57:13.773+0000] {processor.py:186} INFO - Started process (PID=2100) to work on /opt/airflow/dags/setup_lakehouse_infrastructure_v3.py
[2026-07-26T04:57:13.775+0000] {processor.py:914} INFO - Processing file /opt/airflow/dags/setup_lakehouse_infrastructure_v3.py for tasks to queue
[2026-07-26T04:57:13.777+0000] {logging_mixin.py:190} INFO - [2026-07-26T04:57:13.777+0000] {dagbag.py:588} INFO - Filling up the DagBag from /opt/airflow/dags/setup_lakehouse_infrastructure_v3.py
[2026-07-26T04:57:13.817+0000] {processor.py:925} INFO - DAG(s) 'setup_lakehouse_infrastructure_v3' retrieved from /opt/airflow/dags/setup_lakehouse_infrastructure_v3.py
[2026-07-26T04:57:13.848+0000] {logging_mixin.py:190} INFO - [2026-07-26T04:57:13.847+0000] {dag.py:3239} INFO - Sync 1 DAGs
[2026-07-26T04:57:13.872+0000] {logging_mixin.py:190} INFO - [2026-07-26T04:57:13.871+0000] {dag.py:4180} INFO - Setting next_dagrun for setup_lakehouse_infrastructure_v3 to None, run_after=None
[2026-07-26T04:57:13.895+0000] {processor.py:208} INFO - Processing /opt/airflow/dags/setup_lakehouse_infrastructure_v3.py took 0.127 seconds
[2026-07-26T04:57:44.048+0000] {processor.py:186} INFO - Started process (PID=2193) to work on /opt/airflow/dags/setup_lakehouse_infrastructure_v3.py
[2026-07-26T04:57:44.050+0000] {processor.py:914} INFO - Processing file /opt/airflow/dags/setup_lakehouse_infrastructure_v3.py for tasks to queue
[2026-07-26T04:57:44.052+0000] {logging_mixin.py:190} INFO - [2026-07-26T04:57:44.052+0000] {dagbag.py:588} INFO - Filling up the DagBag from /opt/airflow/dags/setup_lakehouse_infrastructure_v3.py
[2026-07-26T04:57:44.085+0000] {processor.py:925} INFO - DAG(s) 'setup_lakehouse_infrastructure_v3' retrieved from /opt/airflow/dags/setup_lakehouse_infrastructure_v3.py
[2026-07-26T04:57:44.107+0000] {logging_mixin.py:190} INFO - [2026-07-26T04:57:44.106+0000] {dag.py:3239} INFO - Sync 1 DAGs
[2026-07-26T04:57:44.128+0000] {logging_mixin.py:190} INFO - [2026-07-26T04:57:44.127+0000] {dag.py:4180} INFO - Setting next_dagrun for setup_lakehouse_infrastructure_v3 to None, run_after=None
[2026-07-26T04:57:44.148+0000] {processor.py:208} INFO - Processing /opt/airflow/dags/setup_lakehouse_infrastructure_v3.py took 0.105 seconds
[2026-07-26T04:58:14.530+0000] {processor.py:186} INFO - Started process (PID=2284) to work on /opt/airflow/dags/setup_lakehouse_infrastructure_v3.py
[2026-07-26T04:58:14.531+0000] {processor.py:914} INFO - Processing file /opt/airflow/dags/setup_lakehouse_infrastructure_v3.py for tasks to queue
[2026-07-26T04:58:14.533+0000] {logging_mixin.py:190} INFO - [2026-07-26T04:58:14.533+0000] {dagbag.py:588} INFO - Filling up the DagBag from /opt/airflow/dags/setup_lakehouse_infrastructure_v3.py
[2026-07-26T04:58:14.553+0000] {processor.py:925} INFO - DAG(s) 'setup_lakehouse_infrastructure_v3' retrieved from /opt/airflow/dags/setup_lakehouse_infrastructure_v3.py
[2026-07-26T04:58:14.576+0000] {logging_mixin.py:190} INFO - [2026-07-26T04:58:14.575+0000] {dag.py:3239} INFO - Sync 1 DAGs
[2026-07-26T04:58:14.595+0000] {logging_mixin.py:190} INFO - [2026-07-26T04:58:14.595+0000] {dag.py:4180} INFO - Setting next_dagrun for setup_lakehouse_infrastructure_v3 to None, run_after=None
[2026-07-26T04:58:14.612+0000] {processor.py:208} INFO - Processing /opt/airflow/dags/setup_lakehouse_infrastructure_v3.py took 0.087 seconds
[2026-07-26T04:58:44.929+0000] {processor.py:186} INFO - Started process (PID=2374) to work on /opt/airflow/dags/setup_lakehouse_infrastructure_v3.py
[2026-07-26T04:58:44.930+0000] {processor.py:914} INFO - Processing file /opt/airflow/dags/setup_lakehouse_infrastructure_v3.py for tasks to queue
[2026-07-26T04:58:44.933+0000] {logging_mixin.py:190} INFO - [2026-07-26T04:58:44.932+0000] {dagbag.py:588} INFO - Filling up the DagBag from /opt/airflow/dags/setup_lakehouse_infrastructure_v3.py
[2026-07-26T04:58:44.958+0000] {processor.py:925} INFO - DAG(s) 'setup_lakehouse_infrastructure_v3' retrieved from /opt/airflow/dags/setup_lakehouse_infrastructure_v3.py
[2026-07-26T04:58:44.981+0000] {logging_mixin.py:190} INFO - [2026-07-26T04:58:44.980+0000] {dag.py:3239} INFO - Sync 1 DAGs
[2026-07-26T04:58:45.002+0000] {logging_mixin.py:190} INFO - [2026-07-26T04:58:45.002+0000] {dag.py:4180} INFO - Setting next_dagrun for setup_lakehouse_infrastructure_v3 to None, run_after=None
[2026-07-26T04:58:45.022+0000] {processor.py:208} INFO - Processing /opt/airflow/dags/setup_lakehouse_infrastructure_v3.py took 0.098 seconds
[2026-07-26T04:59:15.121+0000] {processor.py:186} INFO - Started process (PID=2467) to work on /opt/airflow/dags/setup_lakehouse_infrastructure_v3.py
[2026-07-26T04:59:15.123+0000] {processor.py:914} INFO - Processing file /opt/airflow/dags/setup_lakehouse_infrastructure_v3.py for tasks to queue
[2026-07-26T04:59:15.126+0000] {logging_mixin.py:190} INFO - [2026-07-26T04:59:15.125+0000] {dagbag.py:588} INFO - Filling up the DagBag from /opt/airflow/dags/setup_lakehouse_infrastructure_v3.py
[2026-07-26T04:59:15.154+0000] {processor.py:925} INFO - DAG(s) 'setup_lakehouse_infrastructure_v3' retrieved from /opt/airflow/dags/setup_lakehouse_infrastructure_v3.py
[2026-07-26T04:59:15.179+0000] {logging_mixin.py:190} INFO - [2026-07-26T04:59:15.179+0000] {dag.py:3239} INFO - Sync 1 DAGs
[2026-07-26T04:59:15.203+0000] {logging_mixin.py:190} INFO - [2026-07-26T04:59:15.202+0000] {dag.py:4180} INFO - Setting next_dagrun for setup_lakehouse_infrastructure_v3 to None, run_after=None
[2026-07-26T04:59:15.224+0000] {processor.py:208} INFO - Processing /opt/airflow/dags/setup_lakehouse_infrastructure_v3.py took 0.109 seconds
[2026-07-26T04:59:45.734+0000] {processor.py:186} INFO - Started process (PID=2558) to work on /opt/airflow/dags/setup_lakehouse_infrastructure_v3.py
[2026-07-26T04:59:45.735+0000] {processor.py:914} INFO - Processing file /opt/airflow/dags/setup_lakehouse_infrastructure_v3.py for tasks to queue
[2026-07-26T04:59:45.738+0000] {logging_mixin.py:190} INFO - [2026-07-26T04:59:45.737+0000] {dagbag.py:588} INFO - Filling up the DagBag from /opt/airflow/dags/setup_lakehouse_infrastructure_v3.py
[2026-07-26T04:59:45.763+0000] {processor.py:925} INFO - DAG(s) 'setup_lakehouse_infrastructure_v3' retrieved from /opt/airflow/dags/setup_lakehouse_infrastructure_v3.py
[2026-07-26T04:59:45.789+0000] {logging_mixin.py:190} INFO - [2026-07-26T04:59:45.788+0000] {dag.py:3239} INFO - Sync 1 DAGs
[2026-07-26T04:59:45.813+0000] {logging_mixin.py:190} INFO - [2026-07-26T04:59:45.812+0000] {dag.py:4180} INFO - Setting next_dagrun for setup_lakehouse_infrastructure_v3 to None, run_after=None
[2026-07-26T04:59:45.837+0000] {processor.py:208} INFO - Processing /opt/airflow/dags/setup_lakehouse_infrastructure_v3.py took 0.108 seconds
[2026-07-26T05:00:16.244+0000] {processor.py:186} INFO - Started process (PID=2646) to work on /opt/airflow/dags/setup_lakehouse_infrastructure_v3.py
[2026-07-26T05:00:16.245+0000] {processor.py:914} INFO - Processing file /opt/airflow/dags/setup_lakehouse_infrastructure_v3.py for tasks to queue
[2026-07-26T05:00:16.248+0000] {logging_mixin.py:190} INFO - [2026-07-26T05:00:16.247+0000] {dagbag.py:588} INFO - Filling up the DagBag from /opt/airflow/dags/setup_lakehouse_infrastructure_v3.py
[2026-07-26T05:00:16.280+0000] {processor.py:925} INFO - DAG(s) 'setup_lakehouse_infrastructure_v3' retrieved from /opt/airflow/dags/setup_lakehouse_infrastructure_v3.py
[2026-07-26T05:00:16.312+0000] {logging_mixin.py:190} INFO - [2026-07-26T05:00:16.312+0000] {dag.py:3239} INFO - Sync 1 DAGs
[2026-07-26T05:00:16.340+0000] {logging_mixin.py:190} INFO - [2026-07-26T05:00:16.340+0000] {dag.py:4180} INFO - Setting next_dagrun for setup_lakehouse_infrastructure_v3 to None, run_after=None
[2026-07-26T05:00:16.360+0000] {processor.py:208} INFO - Processing /opt/airflow/dags/setup_lakehouse_infrastructure_v3.py took 0.122 seconds
[2026-07-26T05:00:46.625+0000] {processor.py:186} INFO - Started process (PID=2741) to work on /opt/airflow/dags/setup_lakehouse_infrastructure_v3.py
[2026-07-26T05:00:46.626+0000] {processor.py:914} INFO - Processing file /opt/airflow/dags/setup_lakehouse_infrastructure_v3.py for tasks to queue
[2026-07-26T05:00:46.630+0000] {logging_mixin.py:190} INFO - [2026-07-26T05:00:46.629+0000] {dagbag.py:588} INFO - Filling up the DagBag from /opt/airflow/dags/setup_lakehouse_infrastructure_v3.py
[2026-07-26T05:00:46.653+0000] {processor.py:925} INFO - DAG(s) 'setup_lakehouse_infrastructure_v3' retrieved from /opt/airflow/dags/setup_lakehouse_infrastructure_v3.py
[2026-07-26T05:00:46.682+0000] {logging_mixin.py:190} INFO - [2026-07-26T05:00:46.681+0000] {dag.py:3239} INFO - Sync 1 DAGs
[2026-07-26T05:00:46.708+0000] {logging_mixin.py:190} INFO - [2026-07-26T05:00:46.707+0000] {dag.py:4180} INFO - Setting next_dagrun for setup_lakehouse_infrastructure_v3 to None, run_after=None
[2026-07-26T05:00:46.732+0000] {processor.py:208} INFO - Processing /opt/airflow/dags/setup_lakehouse_infrastructure_v3.py took 0.114 seconds
[2026-07-26T05:01:17.351+0000] {processor.py:186} INFO - Started process (PID=2832) to work on /opt/airflow/dags/setup_lakehouse_infrastructure_v3.py
[2026-07-26T05:01:17.352+0000] {processor.py:914} INFO - Processing file /opt/airflow/dags/setup_lakehouse_infrastructure_v3.py for tasks to queue
[2026-07-26T05:01:17.354+0000] {logging_mixin.py:190} INFO - [2026-07-26T05:01:17.354+0000] {dagbag.py:588} INFO - Filling up the DagBag from /opt/airflow/dags/setup_lakehouse_infrastructure_v3.py
[2026-07-26T05:01:17.377+0000] {processor.py:925} INFO - DAG(s) 'setup_lakehouse_infrastructure_v3' retrieved from /opt/airflow/dags/setup_lakehouse_infrastructure_v3.py
[2026-07-26T05:01:17.401+0000] {logging_mixin.py:190} INFO - [2026-07-26T05:01:17.400+0000] {dag.py:3239} INFO - Sync 1 DAGs
[2026-07-26T05:01:17.422+0000] {logging_mixin.py:190} INFO - [2026-07-26T05:01:17.422+0000] {dag.py:4180} INFO - Setting next_dagrun for setup_lakehouse_infrastructure_v3 to None, run_after=None
[2026-07-26T05:01:17.439+0000] {processor.py:208} INFO - Processing /opt/airflow/dags/setup_lakehouse_infrastructure_v3.py took 0.094 seconds
[2026-07-26T05:01:47.839+0000] {processor.py:186} INFO - Started process (PID=2920) to work on /opt/airflow/dags/setup_lakehouse_infrastructure_v3.py
[2026-07-26T05:01:47.840+0000] {processor.py:914} INFO - Processing file /opt/airflow/dags/setup_lakehouse_infrastructure_v3.py for tasks to queue
[2026-07-26T05:01:47.842+0000] {logging_mixin.py:190} INFO - [2026-07-26T05:01:47.842+0000] {dagbag.py:588} INFO - Filling up the DagBag from /opt/airflow/dags/setup_lakehouse_infrastructure_v3.py
[2026-07-26T05:01:47.873+0000] {processor.py:925} INFO - DAG(s) 'setup_lakehouse_infrastructure_v3' retrieved from /opt/airflow/dags/setup_lakehouse_infrastructure_v3.py
[2026-07-26T05:01:47.903+0000] {logging_mixin.py:190} INFO - [2026-07-26T05:01:47.903+0000] {dag.py:3239} INFO - Sync 1 DAGs
[2026-07-26T05:01:47.933+0000] {logging_mixin.py:190} INFO - [2026-07-26T05:01:47.933+0000] {dag.py:4180} INFO - Setting next_dagrun for setup_lakehouse_infrastructure_v3 to None, run_after=None
[2026-07-26T05:01:47.953+0000] {processor.py:208} INFO - Processing /opt/airflow/dags/setup_lakehouse_infrastructure_v3.py took 0.119 seconds
[2026-07-26T05:02:18.316+0000] {processor.py:186} INFO - Started process (PID=3015) to work on /opt/airflow/dags/setup_lakehouse_infrastructure_v3.py
[2026-07-26T05:02:18.318+0000] {processor.py:914} INFO - Processing file /opt/airflow/dags/setup_lakehouse_infrastructure_v3.py for tasks to queue
[2026-07-26T05:02:18.321+0000] {logging_mixin.py:190} INFO - [2026-07-26T05:02:18.321+0000] {dagbag.py:588} INFO - Filling up the DagBag from /opt/airflow/dags/setup_lakehouse_infrastructure_v3.py
[2026-07-26T05:02:18.358+0000] {processor.py:925} INFO - DAG(s) 'setup_lakehouse_infrastructure_v3' retrieved from /opt/airflow/dags/setup_lakehouse_infrastructure_v3.py
[2026-07-26T05:02:18.388+0000] {logging_mixin.py:190} INFO - [2026-07-26T05:02:18.388+0000] {dag.py:3239} INFO - Sync 1 DAGs
[2026-07-26T05:02:18.413+0000] {logging_mixin.py:190} INFO - [2026-07-26T05:02:18.412+0000] {dag.py:4180} INFO - Setting next_dagrun for setup_lakehouse_infrastructure_v3 to None, run_after=None
[2026-07-26T05:02:18.436+0000] {processor.py:208} INFO - Processing /opt/airflow/dags/setup_lakehouse_infrastructure_v3.py took 0.125 seconds
[2026-07-26T05:02:48.846+0000] {processor.py:186} INFO - Started process (PID=3106) to work on /opt/airflow/dags/setup_lakehouse_infrastructure_v3.py
[2026-07-26T05:02:48.847+0000] {processor.py:914} INFO - Processing file /opt/airflow/dags/setup_lakehouse_infrastructure_v3.py for tasks to queue
[2026-07-26T05:02:48.849+0000] {logging_mixin.py:190} INFO - [2026-07-26T05:02:48.849+0000] {dagbag.py:588} INFO - Filling up the DagBag from /opt/airflow/dags/setup_lakehouse_infrastructure_v3.py
[2026-07-26T05:02:48.879+0000] {processor.py:925} INFO - DAG(s) 'setup_lakehouse_infrastructure_v3' retrieved from /opt/airflow/dags/setup_lakehouse_infrastructure_v3.py
[2026-07-26T05:02:48.910+0000] {logging_mixin.py:190} INFO - [2026-07-26T05:02:48.909+0000] {dag.py:3239} INFO - Sync 1 DAGs
[2026-07-26T05:02:48.939+0000] {logging_mixin.py:190} INFO - [2026-07-26T05:02:48.938+0000] {dag.py:4180} INFO - Setting next_dagrun for setup_lakehouse_infrastructure_v3 to None, run_after=None
[2026-07-26T05:02:48.967+0000] {processor.py:208} INFO - Processing /opt/airflow/dags/setup_lakehouse_infrastructure_v3.py took 0.127 seconds
[2026-07-26T05:03:19.162+0000] {processor.py:186} INFO - Started process (PID=3196) to work on /opt/airflow/dags/setup_lakehouse_infrastructure_v3.py
[2026-07-26T05:03:19.164+0000] {processor.py:914} INFO - Processing file /opt/airflow/dags/setup_lakehouse_infrastructure_v3.py for tasks to queue
[2026-07-26T05:03:19.168+0000] {logging_mixin.py:190} INFO - [2026-07-26T05:03:19.168+0000] {dagbag.py:588} INFO - Filling up the DagBag from /opt/airflow/dags/setup_lakehouse_infrastructure_v3.py
[2026-07-26T05:03:19.199+0000] {processor.py:925} INFO - DAG(s) 'setup_lakehouse_infrastructure_v3' retrieved from /opt/airflow/dags/setup_lakehouse_infrastructure_v3.py
[2026-07-26T05:03:19.225+0000] {logging_mixin.py:190} INFO - [2026-07-26T05:03:19.225+0000] {dag.py:3239} INFO - Sync 1 DAGs
[2026-07-26T05:03:19.246+0000] {logging_mixin.py:190} INFO - [2026-07-26T05:03:19.246+0000] {dag.py:4180} INFO - Setting next_dagrun for setup_lakehouse_infrastructure_v3 to None, run_after=None
[2026-07-26T05:03:19.267+0000] {processor.py:208} INFO - Processing /opt/airflow/dags/setup_lakehouse_infrastructure_v3.py took 0.118 seconds
[2026-07-26T05:03:49.434+0000] {processor.py:186} INFO - Started process (PID=3289) to work on /opt/airflow/dags/setup_lakehouse_infrastructure_v3.py
[2026-07-26T05:03:49.435+0000] {processor.py:914} INFO - Processing file /opt/airflow/dags/setup_lakehouse_infrastructure_v3.py for tasks to queue
[2026-07-26T05:03:49.437+0000] {logging_mixin.py:190} INFO - [2026-07-26T05:03:49.437+0000] {dagbag.py:588} INFO - Filling up the DagBag from /opt/airflow/dags/setup_lakehouse_infrastructure_v3.py
[2026-07-26T05:03:49.461+0000] {processor.py:925} INFO - DAG(s) 'setup_lakehouse_infrastructure_v3' retrieved from /opt/airflow/dags/setup_lakehouse_infrastructure_v3.py
[2026-07-26T05:03:49.483+0000] {logging_mixin.py:190} INFO - [2026-07-26T05:03:49.482+0000] {dag.py:3239} INFO - Sync 1 DAGs
[2026-07-26T05:03:49.502+0000] {logging_mixin.py:190} INFO - [2026-07-26T05:03:49.502+0000] {dag.py:4180} INFO - Setting next_dagrun for setup_lakehouse_infrastructure_v3 to None, run_after=None
[2026-07-26T05:03:49.521+0000] {processor.py:208} INFO - Processing /opt/airflow/dags/setup_lakehouse_infrastructure_v3.py took 0.092 seconds
[2026-07-26T05:04:20.511+0000] {processor.py:186} INFO - Started process (PID=3380) to work on /opt/airflow/dags/setup_lakehouse_infrastructure_v3.py
[2026-07-26T05:04:20.513+0000] {processor.py:914} INFO - Processing file /opt/airflow/dags/setup_lakehouse_infrastructure_v3.py for tasks to queue
[2026-07-26T05:04:20.517+0000] {logging_mixin.py:190} INFO - [2026-07-26T05:04:20.517+0000] {dagbag.py:588} INFO - Filling up the DagBag from /opt/airflow/dags/setup_lakehouse_infrastructure_v3.py
[2026-07-26T05:04:20.550+0000] {processor.py:925} INFO - DAG(s) 'setup_lakehouse_infrastructure_v3' retrieved from /opt/airflow/dags/setup_lakehouse_infrastructure_v3.py
[2026-07-26T05:04:20.577+0000] {logging_mixin.py:190} INFO - [2026-07-26T05:04:20.577+0000] {dag.py:3239} INFO - Sync 1 DAGs
[2026-07-26T05:04:20.608+0000] {logging_mixin.py:190} INFO - [2026-07-26T05:04:20.608+0000] {dag.py:4180} INFO - Setting next_dagrun for setup_lakehouse_infrastructure_v3 to None, run_after=None
[2026-07-26T05:04:20.631+0000] {processor.py:208} INFO - Processing /opt/airflow/dags/setup_lakehouse_infrastructure_v3.py took 0.127 seconds
[2026-07-26T05:04:51.560+0000] {processor.py:186} INFO - Started process (PID=3473) to work on /opt/airflow/dags/setup_lakehouse_infrastructure_v3.py
[2026-07-26T05:04:51.561+0000] {processor.py:914} INFO - Processing file /opt/airflow/dags/setup_lakehouse_infrastructure_v3.py for tasks to queue
[2026-07-26T05:04:51.563+0000] {logging_mixin.py:190} INFO - [2026-07-26T05:04:51.563+0000] {dagbag.py:588} INFO - Filling up the DagBag from /opt/airflow/dags/setup_lakehouse_infrastructure_v3.py
[2026-07-26T05:04:51.593+0000] {processor.py:925} INFO - DAG(s) 'setup_lakehouse_infrastructure_v3' retrieved from /opt/airflow/dags/setup_lakehouse_infrastructure_v3.py
[2026-07-26T05:04:51.620+0000] {logging_mixin.py:190} INFO - [2026-07-26T05:04:51.620+0000] {dag.py:3239} INFO - Sync 1 DAGs
[2026-07-26T05:04:51.644+0000] {logging_mixin.py:190} INFO - [2026-07-26T05:04:51.644+0000] {dag.py:4180} INFO - Setting next_dagrun for setup_lakehouse_infrastructure_v3 to None, run_after=None
[2026-07-26T05:04:51.662+0000] {processor.py:208} INFO - Processing /opt/airflow/dags/setup_lakehouse_infrastructure_v3.py took 0.107 seconds
[2026-07-26T05:05:22.166+0000] {processor.py:186} INFO - Started process (PID=3563) to work on /opt/airflow/dags/setup_lakehouse_infrastructure_v3.py
[2026-07-26T05:05:22.169+0000] {processor.py:914} INFO - Processing file /opt/airflow/dags/setup_lakehouse_infrastructure_v3.py for tasks to queue
[2026-07-26T05:05:22.173+0000] {logging_mixin.py:190} INFO - [2026-07-26T05:05:22.172+0000] {dagbag.py:588} INFO - Filling up the DagBag from /opt/airflow/dags/setup_lakehouse_infrastructure_v3.py
[2026-07-26T05:05:22.209+0000] {processor.py:925} INFO - DAG(s) 'setup_lakehouse_infrastructure_v3' retrieved from /opt/airflow/dags/setup_lakehouse_infrastructure_v3.py
[2026-07-26T05:05:22.239+0000] {logging_mixin.py:190} INFO - [2026-07-26T05:05:22.239+0000] {dag.py:3239} INFO - Sync 1 DAGs
[2026-07-26T05:05:22.259+0000] {logging_mixin.py:190} INFO - [2026-07-26T05:05:22.259+0000] {dag.py:4180} INFO - Setting next_dagrun for setup_lakehouse_infrastructure_v3 to None, run_after=None
[2026-07-26T05:05:22.287+0000] {processor.py:208} INFO - Processing /opt/airflow/dags/setup_lakehouse_infrastructure_v3.py took 0.129 seconds
[2026-07-26T05:05:52.547+0000] {processor.py:186} INFO - Started process (PID=3656) to work on /opt/airflow/dags/setup_lakehouse_infrastructure_v3.py
[2026-07-26T05:05:52.548+0000] {processor.py:914} INFO - Processing file /opt/airflow/dags/setup_lakehouse_infrastructure_v3.py for tasks to queue
[2026-07-26T05:05:52.550+0000] {logging_mixin.py:190} INFO - [2026-07-26T05:05:52.549+0000] {dagbag.py:588} INFO - Filling up the DagBag from /opt/airflow/dags/setup_lakehouse_infrastructure_v3.py
[2026-07-26T05:05:52.571+0000] {processor.py:925} INFO - DAG(s) 'setup_lakehouse_infrastructure_v3' retrieved from /opt/airflow/dags/setup_lakehouse_infrastructure_v3.py
[2026-07-26T05:05:52.592+0000] {logging_mixin.py:190} INFO - [2026-07-26T05:05:52.592+0000] {dag.py:3239} INFO - Sync 1 DAGs
[2026-07-26T05:05:52.618+0000] {logging_mixin.py:190} INFO - [2026-07-26T05:05:52.618+0000] {dag.py:4180} INFO - Setting next_dagrun for setup_lakehouse_infrastructure_v3 to None, run_after=None
[2026-07-26T05:05:52.637+0000] {processor.py:208} INFO - Processing /opt/airflow/dags/setup_lakehouse_infrastructure_v3.py took 0.096 seconds
[2026-07-26T05:06:22.941+0000] {processor.py:186} INFO - Started process (PID=3747) to work on /opt/airflow/dags/setup_lakehouse_infrastructure_v3.py
[2026-07-26T05:06:22.942+0000] {processor.py:914} INFO - Processing file /opt/airflow/dags/setup_lakehouse_infrastructure_v3.py for tasks to queue
[2026-07-26T05:06:22.944+0000] {logging_mixin.py:190} INFO - [2026-07-26T05:06:22.944+0000] {dagbag.py:588} INFO - Filling up the DagBag from /opt/airflow/dags/setup_lakehouse_infrastructure_v3.py
[2026-07-26T05:06:22.968+0000] {processor.py:925} INFO - DAG(s) 'setup_lakehouse_infrastructure_v3' retrieved from /opt/airflow/dags/setup_lakehouse_infrastructure_v3.py
[2026-07-26T05:06:22.990+0000] {logging_mixin.py:190} INFO - [2026-07-26T05:06:22.990+0000] {dag.py:3239} INFO - Sync 1 DAGs
[2026-07-26T05:06:23.011+0000] {logging_mixin.py:190} INFO - [2026-07-26T05:06:23.011+0000] {dag.py:4180} INFO - Setting next_dagrun for setup_lakehouse_infrastructure_v3 to None, run_after=None
[2026-07-26T05:06:23.031+0000] {processor.py:208} INFO - Processing /opt/airflow/dags/setup_lakehouse_infrastructure_v3.py took 0.095 seconds
[2026-07-26T05:06:53.439+0000] {processor.py:186} INFO - Started process (PID=3837) to work on /opt/airflow/dags/setup_lakehouse_infrastructure_v3.py
[2026-07-26T05:06:53.441+0000] {processor.py:914} INFO - Processing file /opt/airflow/dags/setup_lakehouse_infrastructure_v3.py for tasks to queue
[2026-07-26T05:06:53.444+0000] {logging_mixin.py:190} INFO - [2026-07-26T05:06:53.444+0000] {dagbag.py:588} INFO - Filling up the DagBag from /opt/airflow/dags/setup_lakehouse_infrastructure_v3.py
[2026-07-26T05:06:53.465+0000] {processor.py:925} INFO - DAG(s) 'setup_lakehouse_infrastructure_v3' retrieved from /opt/airflow/dags/setup_lakehouse_infrastructure_v3.py
[2026-07-26T05:06:53.491+0000] {logging_mixin.py:190} INFO - [2026-07-26T05:06:53.490+0000] {dag.py:3239} INFO - Sync 1 DAGs
[2026-07-26T05:06:53.514+0000] {logging_mixin.py:190} INFO - [2026-07-26T05:06:53.513+0000] {dag.py:4180} INFO - Setting next_dagrun for setup_lakehouse_infrastructure_v3 to None, run_after=None
[2026-07-26T05:06:53.534+0000] {processor.py:208} INFO - Processing /opt/airflow/dags/setup_lakehouse_infrastructure_v3.py took 0.101 seconds
[2026-07-26T05:07:23.716+0000] {processor.py:186} INFO - Started process (PID=3930) to work on /opt/airflow/dags/setup_lakehouse_infrastructure_v3.py
[2026-07-26T05:07:23.717+0000] {processor.py:914} INFO - Processing file /opt/airflow/dags/setup_lakehouse_infrastructure_v3.py for tasks to queue
[2026-07-26T05:07:23.719+0000] {logging_mixin.py:190} INFO - [2026-07-26T05:07:23.719+0000] {dagbag.py:588} INFO - Filling up the DagBag from /opt/airflow/dags/setup_lakehouse_infrastructure_v3.py
[2026-07-26T05:07:23.743+0000] {processor.py:925} INFO - DAG(s) 'setup_lakehouse_infrastructure_v3' retrieved from /opt/airflow/dags/setup_lakehouse_infrastructure_v3.py
[2026-07-26T05:07:23.765+0000] {logging_mixin.py:190} INFO - [2026-07-26T05:07:23.765+0000] {dag.py:3239} INFO - Sync 1 DAGs
[2026-07-26T05:07:23.788+0000] {logging_mixin.py:190} INFO - [2026-07-26T05:07:23.788+0000] {dag.py:4180} INFO - Setting next_dagrun for setup_lakehouse_infrastructure_v3 to None, run_after=None
[2026-07-26T05:07:23.806+0000] {processor.py:208} INFO - Processing /opt/airflow/dags/setup_lakehouse_infrastructure_v3.py took 0.096 seconds
[2026-07-26T05:07:54.151+0000] {processor.py:186} INFO - Started process (PID=4021) to work on /opt/airflow/dags/setup_lakehouse_infrastructure_v3.py
[2026-07-26T05:07:54.152+0000] {processor.py:914} INFO - Processing file /opt/airflow/dags/setup_lakehouse_infrastructure_v3.py for tasks to queue
[2026-07-26T05:07:54.154+0000] {logging_mixin.py:190} INFO - [2026-07-26T05:07:54.154+0000] {dagbag.py:588} INFO - Filling up the DagBag from /opt/airflow/dags/setup_lakehouse_infrastructure_v3.py
[2026-07-26T05:07:54.182+0000] {processor.py:925} INFO - DAG(s) 'setup_lakehouse_infrastructure_v3' retrieved from /opt/airflow/dags/setup_lakehouse_infrastructure_v3.py
[2026-07-26T05:07:54.206+0000] {logging_mixin.py:190} INFO - [2026-07-26T05:07:54.205+0000] {dag.py:3239} INFO - Sync 1 DAGs
[2026-07-26T05:07:54.226+0000] {logging_mixin.py:190} INFO - [2026-07-26T05:07:54.226+0000] {dag.py:4180} INFO - Setting next_dagrun for setup_lakehouse_infrastructure_v3 to None, run_after=None
[2026-07-26T05:07:54.246+0000] {processor.py:208} INFO - Processing /opt/airflow/dags/setup_lakehouse_infrastructure_v3.py took 0.100 seconds
[2026-07-26T05:08:24.658+0000] {processor.py:186} INFO - Started process (PID=4111) to work on /opt/airflow/dags/setup_lakehouse_infrastructure_v3.py
[2026-07-26T05:08:24.659+0000] {processor.py:914} INFO - Processing file /opt/airflow/dags/setup_lakehouse_infrastructure_v3.py for tasks to queue
[2026-07-26T05:08:24.661+0000] {logging_mixin.py:190} INFO - [2026-07-26T05:08:24.661+0000] {dagbag.py:588} INFO - Filling up the DagBag from /opt/airflow/dags/setup_lakehouse_infrastructure_v3.py
[2026-07-26T05:08:24.685+0000] {processor.py:925} INFO - DAG(s) 'setup_lakehouse_infrastructure_v3' retrieved from /opt/airflow/dags/setup_lakehouse_infrastructure_v3.py
[2026-07-26T05:08:24.706+0000] {logging_mixin.py:190} INFO - [2026-07-26T05:08:24.706+0000] {dag.py:3239} INFO - Sync 1 DAGs
[2026-07-26T05:08:24.725+0000] {logging_mixin.py:190} INFO - [2026-07-26T05:08:24.725+0000] {dag.py:4180} INFO - Setting next_dagrun for setup_lakehouse_infrastructure_v3 to None, run_after=None
[2026-07-26T05:08:24.743+0000] {processor.py:208} INFO - Processing /opt/airflow/dags/setup_lakehouse_infrastructure_v3.py took 0.090 seconds
[2026-07-26T05:08:55.102+0000] {processor.py:186} INFO - Started process (PID=4204) to work on /opt/airflow/dags/setup_lakehouse_infrastructure_v3.py
[2026-07-26T05:08:55.103+0000] {processor.py:914} INFO - Processing file /opt/airflow/dags/setup_lakehouse_infrastructure_v3.py for tasks to queue
[2026-07-26T05:08:55.106+0000] {logging_mixin.py:190} INFO - [2026-07-26T05:08:55.105+0000] {dagbag.py:588} INFO - Filling up the DagBag from /opt/airflow/dags/setup_lakehouse_infrastructure_v3.py
[2026-07-26T05:08:55.132+0000] {processor.py:925} INFO - DAG(s) 'setup_lakehouse_infrastructure_v3' retrieved from /opt/airflow/dags/setup_lakehouse_infrastructure_v3.py
[2026-07-26T05:08:55.156+0000] {logging_mixin.py:190} INFO - [2026-07-26T05:08:55.156+0000] {dag.py:3239} INFO - Sync 1 DAGs
[2026-07-26T05:08:55.179+0000] {logging_mixin.py:190} INFO - [2026-07-26T05:08:55.179+0000] {dag.py:4180} INFO - Setting next_dagrun for setup_lakehouse_infrastructure_v3 to None, run_after=None
[2026-07-26T05:08:55.198+0000] {processor.py:208} INFO - Processing /opt/airflow/dags/setup_lakehouse_infrastructure_v3.py took 0.102 seconds
[2026-07-26T05:09:25.956+0000] {processor.py:186} INFO - Started process (PID=4297) to work on /opt/airflow/dags/setup_lakehouse_infrastructure_v3.py
[2026-07-26T05:09:25.957+0000] {processor.py:914} INFO - Processing file /opt/airflow/dags/setup_lakehouse_infrastructure_v3.py for tasks to queue
[2026-07-26T05:09:25.959+0000] {logging_mixin.py:190} INFO - [2026-07-26T05:09:25.959+0000] {dagbag.py:588} INFO - Filling up the DagBag from /opt/airflow/dags/setup_lakehouse_infrastructure_v3.py
[2026-07-26T05:09:25.982+0000] {processor.py:925} INFO - DAG(s) 'setup_lakehouse_infrastructure_v3' retrieved from /opt/airflow/dags/setup_lakehouse_infrastructure_v3.py
[2026-07-26T05:09:26.005+0000] {logging_mixin.py:190} INFO - [2026-07-26T05:09:26.005+0000] {dag.py:3239} INFO - Sync 1 DAGs
[2026-07-26T05:09:26.026+0000] {logging_mixin.py:190} INFO - [2026-07-26T05:09:26.026+0000] {dag.py:4180} INFO - Setting next_dagrun for setup_lakehouse_infrastructure_v3 to None, run_after=None
[2026-07-26T05:09:26.044+0000] {processor.py:208} INFO - Processing /opt/airflow/dags/setup_lakehouse_infrastructure_v3.py took 0.094 seconds
[2026-07-26T05:09:56.906+0000] {processor.py:186} INFO - Started process (PID=4388) to work on /opt/airflow/dags/setup_lakehouse_infrastructure_v3.py
[2026-07-26T05:09:56.907+0000] {processor.py:914} INFO - Processing file /opt/airflow/dags/setup_lakehouse_infrastructure_v3.py for tasks to queue
[2026-07-26T05:09:56.910+0000] {logging_mixin.py:190} INFO - [2026-07-26T05:09:56.910+0000] {dagbag.py:588} INFO - Filling up the DagBag from /opt/airflow/dags/setup_lakehouse_infrastructure_v3.py
[2026-07-26T05:09:56.942+0000] {processor.py:925} INFO - DAG(s) 'setup_lakehouse_infrastructure_v3' retrieved from /opt/airflow/dags/setup_lakehouse_infrastructure_v3.py
[2026-07-26T05:09:56.966+0000] {logging_mixin.py:190} INFO - [2026-07-26T05:09:56.966+0000] {dag.py:3239} INFO - Sync 1 DAGs
[2026-07-26T05:09:56.989+0000] {logging_mixin.py:190} INFO - [2026-07-26T05:09:56.989+0000] {dag.py:4180} INFO - Setting next_dagrun for setup_lakehouse_infrastructure_v3 to None, run_after=None
[2026-07-26T05:09:57.009+0000] {processor.py:208} INFO - Processing /opt/airflow/dags/setup_lakehouse_infrastructure_v3.py took 0.109 seconds
[2026-07-26T05:10:27.458+0000] {processor.py:186} INFO - Started process (PID=4478) to work on /opt/airflow/dags/setup_lakehouse_infrastructure_v3.py
[2026-07-26T05:10:27.459+0000] {processor.py:914} INFO - Processing file /opt/airflow/dags/setup_lakehouse_infrastructure_v3.py for tasks to queue
[2026-07-26T05:10:27.463+0000] {logging_mixin.py:190} INFO - [2026-07-26T05:10:27.462+0000] {dagbag.py:588} INFO - Filling up the DagBag from /opt/airflow/dags/setup_lakehouse_infrastructure_v3.py
[2026-07-26T05:10:27.490+0000] {processor.py:925} INFO - DAG(s) 'setup_lakehouse_infrastructure_v3' retrieved from /opt/airflow/dags/setup_lakehouse_infrastructure_v3.py
[2026-07-26T05:10:27.516+0000] {logging_mixin.py:190} INFO - [2026-07-26T05:10:27.515+0000] {dag.py:3239} INFO - Sync 1 DAGs
[2026-07-26T05:10:27.538+0000] {logging_mixin.py:190} INFO - [2026-07-26T05:10:27.538+0000] {dag.py:4180} INFO - Setting next_dagrun for setup_lakehouse_infrastructure_v3 to None, run_after=None
[2026-07-26T05:10:27.557+0000] {processor.py:208} INFO - Processing /opt/airflow/dags/setup_lakehouse_infrastructure_v3.py took 0.105 seconds
[2026-07-26T05:10:58.341+0000] {processor.py:186} INFO - Started process (PID=4571) to work on /opt/airflow/dags/setup_lakehouse_infrastructure_v3.py
[2026-07-26T05:10:58.343+0000] {processor.py:914} INFO - Processing file /opt/airflow/dags/setup_lakehouse_infrastructure_v3.py for tasks to queue
[2026-07-26T05:10:58.349+0000] {logging_mixin.py:190} INFO - [2026-07-26T05:10:58.349+0000] {dagbag.py:588} INFO - Filling up the DagBag from /opt/airflow/dags/setup_lakehouse_infrastructure_v3.py
[2026-07-26T05:10:58.380+0000] {processor.py:925} INFO - DAG(s) 'setup_lakehouse_infrastructure_v3' retrieved from /opt/airflow/dags/setup_lakehouse_infrastructure_v3.py
[2026-07-26T05:10:58.409+0000] {logging_mixin.py:190} INFO - [2026-07-26T05:10:58.408+0000] {dag.py:3239} INFO - Sync 1 DAGs
[2026-07-26T05:10:58.443+0000] {logging_mixin.py:190} INFO - [2026-07-26T05:10:58.443+0000] {dag.py:4180} INFO - Setting next_dagrun for setup_lakehouse_infrastructure_v3 to None, run_after=None
[2026-07-26T05:10:58.659+0000] {processor.py:208} INFO - Processing /opt/airflow/dags/setup_lakehouse_infrastructure_v3.py took 0.327 seconds
[2026-07-26T05:11:29.013+0000] {processor.py:186} INFO - Started process (PID=4662) to work on /opt/airflow/dags/setup_lakehouse_infrastructure_v3.py
[2026-07-26T05:11:29.014+0000] {processor.py:914} INFO - Processing file /opt/airflow/dags/setup_lakehouse_infrastructure_v3.py for tasks to queue
[2026-07-26T05:11:29.016+0000] {logging_mixin.py:190} INFO - [2026-07-26T05:11:29.016+0000] {dagbag.py:588} INFO - Filling up the DagBag from /opt/airflow/dags/setup_lakehouse_infrastructure_v3.py
[2026-07-26T05:11:29.043+0000] {processor.py:925} INFO - DAG(s) 'setup_lakehouse_infrastructure_v3' retrieved from /opt/airflow/dags/setup_lakehouse_infrastructure_v3.py
[2026-07-26T05:11:29.067+0000] {logging_mixin.py:190} INFO - [2026-07-26T05:11:29.067+0000] {dag.py:3239} INFO - Sync 1 DAGs
[2026-07-26T05:11:29.088+0000] {logging_mixin.py:190} INFO - [2026-07-26T05:11:29.087+0000] {dag.py:4180} INFO - Setting next_dagrun for setup_lakehouse_infrastructure_v3 to None, run_after=None
[2026-07-26T05:11:29.108+0000] {processor.py:208} INFO - Processing /opt/airflow/dags/setup_lakehouse_infrastructure_v3.py took 0.102 seconds
[2026-07-26T05:11:59.232+0000] {processor.py:186} INFO - Started process (PID=4750) to work on /opt/airflow/dags/setup_lakehouse_infrastructure_v3.py
[2026-07-26T05:11:59.233+0000] {processor.py:914} INFO - Processing file /opt/airflow/dags/setup_lakehouse_infrastructure_v3.py for tasks to queue
[2026-07-26T05:11:59.235+0000] {logging_mixin.py:190} INFO - [2026-07-26T05:11:59.235+0000] {dagbag.py:588} INFO - Filling up the DagBag from /opt/airflow/dags/setup_lakehouse_infrastructure_v3.py
[2026-07-26T05:11:59.260+0000] {processor.py:925} INFO - DAG(s) 'setup_lakehouse_infrastructure_v3' retrieved from /opt/airflow/dags/setup_lakehouse_infrastructure_v3.py
[2026-07-26T05:11:59.284+0000] {logging_mixin.py:190} INFO - [2026-07-26T05:11:59.284+0000] {dag.py:3239} INFO - Sync 1 DAGs
[2026-07-26T05:11:59.304+0000] {logging_mixin.py:190} INFO - [2026-07-26T05:11:59.304+0000] {dag.py:4180} INFO - Setting next_dagrun for setup_lakehouse_infrastructure_v3 to None, run_after=None
[2026-07-26T05:11:59.325+0000] {processor.py:208} INFO - Processing /opt/airflow/dags/setup_lakehouse_infrastructure_v3.py took 0.098 seconds
[2026-07-26T05:12:29.788+0000] {processor.py:186} INFO - Started process (PID=4845) to work on /opt/airflow/dags/setup_lakehouse_infrastructure_v3.py
[2026-07-26T05:12:29.789+0000] {processor.py:914} INFO - Processing file /opt/airflow/dags/setup_lakehouse_infrastructure_v3.py for tasks to queue
[2026-07-26T05:12:29.791+0000] {logging_mixin.py:190} INFO - [2026-07-26T05:12:29.791+0000] {dagbag.py:588} INFO - Filling up the DagBag from /opt/airflow/dags/setup_lakehouse_infrastructure_v3.py
[2026-07-26T05:12:29.814+0000] {processor.py:925} INFO - DAG(s) 'setup_lakehouse_infrastructure_v3' retrieved from /opt/airflow/dags/setup_lakehouse_infrastructure_v3.py
[2026-07-26T05:12:29.836+0000] {logging_mixin.py:190} INFO - [2026-07-26T05:12:29.835+0000] {dag.py:3239} INFO - Sync 1 DAGs
[2026-07-26T05:12:29.856+0000] {logging_mixin.py:190} INFO - [2026-07-26T05:12:29.855+0000] {dag.py:4180} INFO - Setting next_dagrun for setup_lakehouse_infrastructure_v3 to None, run_after=None
[2026-07-26T05:12:29.873+0000] {processor.py:208} INFO - Processing /opt/airflow/dags/setup_lakehouse_infrastructure_v3.py took 0.092 seconds
[2026-07-26T05:13:00.127+0000] {processor.py:186} INFO - Started process (PID=4936) to work on /opt/airflow/dags/setup_lakehouse_infrastructure_v3.py
[2026-07-26T05:13:00.128+0000] {processor.py:914} INFO - Processing file /opt/airflow/dags/setup_lakehouse_infrastructure_v3.py for tasks to queue
[2026-07-26T05:13:00.130+0000] {logging_mixin.py:190} INFO - [2026-07-26T05:13:00.130+0000] {dagbag.py:588} INFO - Filling up the DagBag from /opt/airflow/dags/setup_lakehouse_infrastructure_v3.py
[2026-07-26T05:13:00.160+0000] {processor.py:925} INFO - DAG(s) 'setup_lakehouse_infrastructure_v3' retrieved from /opt/airflow/dags/setup_lakehouse_infrastructure_v3.py
[2026-07-26T05:13:00.186+0000] {logging_mixin.py:190} INFO - [2026-07-26T05:13:00.186+0000] {dag.py:3239} INFO - Sync 1 DAGs
[2026-07-26T05:13:00.218+0000] {logging_mixin.py:190} INFO - [2026-07-26T05:13:00.218+0000] {dag.py:4180} INFO - Setting next_dagrun for setup_lakehouse_infrastructure_v3 to None, run_after=None
[2026-07-26T05:13:00.247+0000] {processor.py:208} INFO - Processing /opt/airflow/dags/setup_lakehouse_infrastructure_v3.py took 0.126 seconds
[2026-07-26T05:13:31.017+0000] {processor.py:186} INFO - Started process (PID=5029) to work on /opt/airflow/dags/setup_lakehouse_infrastructure_v3.py
[2026-07-26T05:13:31.018+0000] {processor.py:914} INFO - Processing file /opt/airflow/dags/setup_lakehouse_infrastructure_v3.py for tasks to queue
[2026-07-26T05:13:31.020+0000] {logging_mixin.py:190} INFO - [2026-07-26T05:13:31.020+0000] {dagbag.py:588} INFO - Filling up the DagBag from /opt/airflow/dags/setup_lakehouse_infrastructure_v3.py
[2026-07-26T05:13:31.048+0000] {processor.py:925} INFO - DAG(s) 'setup_lakehouse_infrastructure_v3' retrieved from /opt/airflow/dags/setup_lakehouse_infrastructure_v3.py
[2026-07-26T05:13:31.079+0000] {logging_mixin.py:190} INFO - [2026-07-26T05:13:31.079+0000] {dag.py:3239} INFO - Sync 1 DAGs
[2026-07-26T05:13:31.104+0000] {logging_mixin.py:190} INFO - [2026-07-26T05:13:31.104+0000] {dag.py:4180} INFO - Setting next_dagrun for setup_lakehouse_infrastructure_v3 to None, run_after=None
[2026-07-26T05:13:31.126+0000] {processor.py:208} INFO - Processing /opt/airflow/dags/setup_lakehouse_infrastructure_v3.py took 0.115 seconds
[2026-07-26T05:14:01.394+0000] {processor.py:186} INFO - Started process (PID=5117) to work on /opt/airflow/dags/setup_lakehouse_infrastructure_v3.py
[2026-07-26T05:14:01.395+0000] {processor.py:914} INFO - Processing file /opt/airflow/dags/setup_lakehouse_infrastructure_v3.py for tasks to queue
[2026-07-26T05:14:01.397+0000] {logging_mixin.py:190} INFO - [2026-07-26T05:14:01.397+0000] {dagbag.py:588} INFO - Filling up the DagBag from /opt/airflow/dags/setup_lakehouse_infrastructure_v3.py
[2026-07-26T05:14:01.423+0000] {processor.py:925} INFO - DAG(s) 'setup_lakehouse_infrastructure_v3' retrieved from /opt/airflow/dags/setup_lakehouse_infrastructure_v3.py
[2026-07-26T05:14:01.447+0000] {logging_mixin.py:190} INFO - [2026-07-26T05:14:01.447+0000] {dag.py:3239} INFO - Sync 1 DAGs
[2026-07-26T05:14:01.474+0000] {logging_mixin.py:190} INFO - [2026-07-26T05:14:01.474+0000] {dag.py:4180} INFO - Setting next_dagrun for setup_lakehouse_infrastructure_v3 to None, run_after=None
[2026-07-26T05:14:01.496+0000] {processor.py:208} INFO - Processing /opt/airflow/dags/setup_lakehouse_infrastructure_v3.py took 0.108 seconds
[2026-07-26T05:14:32.040+0000] {processor.py:186} INFO - Started process (PID=5210) to work on /opt/airflow/dags/setup_lakehouse_infrastructure_v3.py
[2026-07-26T05:14:32.041+0000] {processor.py:914} INFO - Processing file /opt/airflow/dags/setup_lakehouse_infrastructure_v3.py for tasks to queue
[2026-07-26T05:14:32.043+0000] {logging_mixin.py:190} INFO - [2026-07-26T05:14:32.043+0000] {dagbag.py:588} INFO - Filling up the DagBag from /opt/airflow/dags/setup_lakehouse_infrastructure_v3.py
[2026-07-26T05:14:32.069+0000] {processor.py:925} INFO - DAG(s) 'setup_lakehouse_infrastructure_v3' retrieved from /opt/airflow/dags/setup_lakehouse_infrastructure_v3.py
[2026-07-26T05:14:32.094+0000] {logging_mixin.py:190} INFO - [2026-07-26T05:14:32.094+0000] {dag.py:3239} INFO - Sync 1 DAGs
[2026-07-26T05:14:32.118+0000] {logging_mixin.py:190} INFO - [2026-07-26T05:14:32.118+0000] {dag.py:4180} INFO - Setting next_dagrun for setup_lakehouse_infrastructure_v3 to None, run_after=None
[2026-07-26T05:14:32.138+0000] {processor.py:208} INFO - Processing /opt/airflow/dags/setup_lakehouse_infrastructure_v3.py took 0.103 seconds
[2026-07-26T05:15:02.853+0000] {processor.py:186} INFO - Started process (PID=5303) to work on /opt/airflow/dags/setup_lakehouse_infrastructure_v3.py
[2026-07-26T05:15:02.854+0000] {processor.py:914} INFO - Processing file /opt/airflow/dags/setup_lakehouse_infrastructure_v3.py for tasks to queue
[2026-07-26T05:15:02.856+0000] {logging_mixin.py:190} INFO - [2026-07-26T05:15:02.856+0000] {dagbag.py:588} INFO - Filling up the DagBag from /opt/airflow/dags/setup_lakehouse_infrastructure_v3.py
[2026-07-26T05:15:02.882+0000] {processor.py:925} INFO - DAG(s) 'setup_lakehouse_infrastructure_v3' retrieved from /opt/airflow/dags/setup_lakehouse_infrastructure_v3.py
[2026-07-26T05:15:02.907+0000] {logging_mixin.py:190} INFO - [2026-07-26T05:15:02.907+0000] {dag.py:3239} INFO - Sync 1 DAGs
[2026-07-26T05:15:02.932+0000] {logging_mixin.py:190} INFO - [2026-07-26T05:15:02.931+0000] {dag.py:4180} INFO - Setting next_dagrun for setup_lakehouse_infrastructure_v3 to None, run_after=None
[2026-07-26T05:15:02.950+0000] {processor.py:208} INFO - Processing /opt/airflow/dags/setup_lakehouse_infrastructure_v3.py took 0.102 seconds
[2026-07-26T05:15:33.159+0000] {processor.py:186} INFO - Started process (PID=5391) to work on /opt/airflow/dags/setup_lakehouse_infrastructure_v3.py
[2026-07-26T05:15:33.161+0000] {processor.py:914} INFO - Processing file /opt/airflow/dags/setup_lakehouse_infrastructure_v3.py for tasks to queue
[2026-07-26T05:15:33.164+0000] {logging_mixin.py:190} INFO - [2026-07-26T05:15:33.163+0000] {dagbag.py:588} INFO - Filling up the DagBag from /opt/airflow/dags/setup_lakehouse_infrastructure_v3.py
[2026-07-26T05:15:33.187+0000] {processor.py:925} INFO - DAG(s) 'setup_lakehouse_infrastructure_v3' retrieved from /opt/airflow/dags/setup_lakehouse_infrastructure_v3.py
[2026-07-26T05:15:33.212+0000] {logging_mixin.py:190} INFO - [2026-07-26T05:15:33.211+0000] {dag.py:3239} INFO - Sync 1 DAGs
[2026-07-26T05:15:33.239+0000] {logging_mixin.py:190} INFO - [2026-07-26T05:15:33.238+0000] {dag.py:4180} INFO - Setting next_dagrun for setup_lakehouse_infrastructure_v3 to None, run_after=None
[2026-07-26T05:15:33.270+0000] {processor.py:208} INFO - Processing /opt/airflow/dags/setup_lakehouse_infrastructure_v3.py took 0.117 seconds
[2026-07-26T05:16:03.471+0000] {processor.py:186} INFO - Started process (PID=5486) to work on /opt/airflow/dags/setup_lakehouse_infrastructure_v3.py
[2026-07-26T05:16:03.472+0000] {processor.py:914} INFO - Processing file /opt/airflow/dags/setup_lakehouse_infrastructure_v3.py for tasks to queue
[2026-07-26T05:16:03.474+0000] {logging_mixin.py:190} INFO - [2026-07-26T05:16:03.474+0000] {dagbag.py:588} INFO - Filling up the DagBag from /opt/airflow/dags/setup_lakehouse_infrastructure_v3.py
[2026-07-26T05:16:03.497+0000] {processor.py:925} INFO - DAG(s) 'setup_lakehouse_infrastructure_v3' retrieved from /opt/airflow/dags/setup_lakehouse_infrastructure_v3.py
[2026-07-26T05:16:03.521+0000] {logging_mixin.py:190} INFO - [2026-07-26T05:16:03.520+0000] {dag.py:3239} INFO - Sync 1 DAGs
[2026-07-26T05:16:03.544+0000] {logging_mixin.py:190} INFO - [2026-07-26T05:16:03.543+0000] {dag.py:4180} INFO - Setting next_dagrun for setup_lakehouse_infrastructure_v3 to None, run_after=None
[2026-07-26T05:16:03.563+0000] {processor.py:208} INFO - Processing /opt/airflow/dags/setup_lakehouse_infrastructure_v3.py took 0.098 seconds
[2026-07-26T05:16:33.734+0000] {processor.py:186} INFO - Started process (PID=5577) to work on /opt/airflow/dags/setup_lakehouse_infrastructure_v3.py
[2026-07-26T05:16:33.735+0000] {processor.py:914} INFO - Processing file /opt/airflow/dags/setup_lakehouse_infrastructure_v3.py for tasks to queue
[2026-07-26T05:16:33.737+0000] {logging_mixin.py:190} INFO - [2026-07-26T05:16:33.737+0000] {dagbag.py:588} INFO - Filling up the DagBag from /opt/airflow/dags/setup_lakehouse_infrastructure_v3.py
[2026-07-26T05:16:33.771+0000] {processor.py:925} INFO - DAG(s) 'setup_lakehouse_infrastructure_v3' retrieved from /opt/airflow/dags/setup_lakehouse_infrastructure_v3.py
[2026-07-26T05:16:33.800+0000] {logging_mixin.py:190} INFO - [2026-07-26T05:16:33.800+0000] {dag.py:3239} INFO - Sync 1 DAGs
[2026-07-26T05:16:33.825+0000] {logging_mixin.py:190} INFO - [2026-07-26T05:16:33.825+0000] {dag.py:4180} INFO - Setting next_dagrun for setup_lakehouse_infrastructure_v3 to None, run_after=None
[2026-07-26T05:16:33.848+0000] {processor.py:208} INFO - Processing /opt/airflow/dags/setup_lakehouse_infrastructure_v3.py took 0.119 seconds
[2026-07-26T05:17:04.069+0000] {processor.py:186} INFO - Started process (PID=5653) to work on /opt/airflow/dags/setup_lakehouse_infrastructure_v3.py
[2026-07-26T05:17:04.070+0000] {processor.py:914} INFO - Processing file /opt/airflow/dags/setup_lakehouse_infrastructure_v3.py for tasks to queue
[2026-07-26T05:17:04.072+0000] {logging_mixin.py:190} INFO - [2026-07-26T05:17:04.072+0000] {dagbag.py:588} INFO - Filling up the DagBag from /opt/airflow/dags/setup_lakehouse_infrastructure_v3.py
[2026-07-26T05:17:04.097+0000] {processor.py:925} INFO - DAG(s) 'setup_lakehouse_infrastructure_v3' retrieved from /opt/airflow/dags/setup_lakehouse_infrastructure_v3.py
[2026-07-26T05:17:04.121+0000] {logging_mixin.py:190} INFO - [2026-07-26T05:17:04.121+0000] {dag.py:3239} INFO - Sync 1 DAGs
[2026-07-26T05:17:04.149+0000] {logging_mixin.py:190} INFO - [2026-07-26T05:17:04.149+0000] {dag.py:4180} INFO - Setting next_dagrun for setup_lakehouse_infrastructure_v3 to None, run_after=None
[2026-07-26T05:17:04.169+0000] {processor.py:208} INFO - Processing /opt/airflow/dags/setup_lakehouse_infrastructure_v3.py took 0.105 seconds
[2026-07-26T05:17:34.737+0000] {processor.py:186} INFO - Started process (PID=5741) to work on /opt/airflow/dags/setup_lakehouse_infrastructure_v3.py
[2026-07-26T05:17:34.739+0000] {processor.py:914} INFO - Processing file /opt/airflow/dags/setup_lakehouse_infrastructure_v3.py for tasks to queue
[2026-07-26T05:17:34.741+0000] {logging_mixin.py:190} INFO - [2026-07-26T05:17:34.741+0000] {dagbag.py:588} INFO - Filling up the DagBag from /opt/airflow/dags/setup_lakehouse_infrastructure_v3.py
[2026-07-26T05:17:34.766+0000] {processor.py:925} INFO - DAG(s) 'setup_lakehouse_infrastructure_v3' retrieved from /opt/airflow/dags/setup_lakehouse_infrastructure_v3.py
[2026-07-26T05:17:34.793+0000] {logging_mixin.py:190} INFO - [2026-07-26T05:17:34.792+0000] {dag.py:3239} INFO - Sync 1 DAGs
[2026-07-26T05:17:34.815+0000] {logging_mixin.py:190} INFO - [2026-07-26T05:17:34.815+0000] {dag.py:4180} INFO - Setting next_dagrun for setup_lakehouse_infrastructure_v3 to None, run_after=None
[2026-07-26T05:17:34.838+0000] {processor.py:208} INFO - Processing /opt/airflow/dags/setup_lakehouse_infrastructure_v3.py took 0.106 seconds
[2026-07-26T05:18:05.679+0000] {processor.py:186} INFO - Started process (PID=5834) to work on /opt/airflow/dags/setup_lakehouse_infrastructure_v3.py
[2026-07-26T05:18:05.680+0000] {processor.py:914} INFO - Processing file /opt/airflow/dags/setup_lakehouse_infrastructure_v3.py for tasks to queue
[2026-07-26T05:18:05.682+0000] {logging_mixin.py:190} INFO - [2026-07-26T05:18:05.682+0000] {dagbag.py:588} INFO - Filling up the DagBag from /opt/airflow/dags/setup_lakehouse_infrastructure_v3.py
[2026-07-26T05:18:05.709+0000] {processor.py:925} INFO - DAG(s) 'setup_lakehouse_infrastructure_v3' retrieved from /opt/airflow/dags/setup_lakehouse_infrastructure_v3.py
[2026-07-26T05:18:05.732+0000] {logging_mixin.py:190} INFO - [2026-07-26T05:18:05.732+0000] {dag.py:3239} INFO - Sync 1 DAGs
[2026-07-26T05:18:05.756+0000] {logging_mixin.py:190} INFO - [2026-07-26T05:18:05.755+0000] {dag.py:4180} INFO - Setting next_dagrun for setup_lakehouse_infrastructure_v3 to None, run_after=None
[2026-07-26T05:18:05.776+0000] {processor.py:208} INFO - Processing /opt/airflow/dags/setup_lakehouse_infrastructure_v3.py took 0.103 seconds
[2026-07-26T05:18:36.214+0000] {processor.py:186} INFO - Started process (PID=5910) to work on /opt/airflow/dags/setup_lakehouse_infrastructure_v3.py
[2026-07-26T05:18:36.215+0000] {processor.py:914} INFO - Processing file /opt/airflow/dags/setup_lakehouse_infrastructure_v3.py for tasks to queue
[2026-07-26T05:18:36.218+0000] {logging_mixin.py:190} INFO - [2026-07-26T05:18:36.217+0000] {dagbag.py:588} INFO - Filling up the DagBag from /opt/airflow/dags/setup_lakehouse_infrastructure_v3.py
[2026-07-26T05:18:36.245+0000] {processor.py:925} INFO - DAG(s) 'setup_lakehouse_infrastructure_v3' retrieved from /opt/airflow/dags/setup_lakehouse_infrastructure_v3.py
[2026-07-26T05:18:36.270+0000] {logging_mixin.py:190} INFO - [2026-07-26T05:18:36.270+0000] {dag.py:3239} INFO - Sync 1 DAGs
[2026-07-26T05:18:36.294+0000] {logging_mixin.py:190} INFO - [2026-07-26T05:18:36.293+0000] {dag.py:4180} INFO - Setting next_dagrun for setup_lakehouse_infrastructure_v3 to None, run_after=None
[2026-07-26T05:18:36.313+0000] {processor.py:208} INFO - Processing /opt/airflow/dags/setup_lakehouse_infrastructure_v3.py took 0.105 seconds
[2026-07-26T05:19:07.016+0000] {processor.py:186} INFO - Started process (PID=6003) to work on /opt/airflow/dags/setup_lakehouse_infrastructure_v3.py
[2026-07-26T05:19:07.018+0000] {processor.py:914} INFO - Processing file /opt/airflow/dags/setup_lakehouse_infrastructure_v3.py for tasks to queue
[2026-07-26T05:19:07.021+0000] {logging_mixin.py:190} INFO - [2026-07-26T05:19:07.020+0000] {dagbag.py:588} INFO - Filling up the DagBag from /opt/airflow/dags/setup_lakehouse_infrastructure_v3.py
[2026-07-26T05:19:07.058+0000] {processor.py:925} INFO - DAG(s) 'setup_lakehouse_infrastructure_v3' retrieved from /opt/airflow/dags/setup_lakehouse_infrastructure_v3.py
[2026-07-26T05:19:07.085+0000] {logging_mixin.py:190} INFO - [2026-07-26T05:19:07.085+0000] {dag.py:3239} INFO - Sync 1 DAGs
[2026-07-26T05:19:07.111+0000] {logging_mixin.py:190} INFO - [2026-07-26T05:19:07.110+0000] {dag.py:4180} INFO - Setting next_dagrun for setup_lakehouse_infrastructure_v3 to None, run_after=None
[2026-07-26T05:19:07.137+0000] {processor.py:208} INFO - Processing /opt/airflow/dags/setup_lakehouse_infrastructure_v3.py took 0.127 seconds
[2026-07-26T05:19:37.640+0000] {processor.py:186} INFO - Started process (PID=6093) to work on /opt/airflow/dags/setup_lakehouse_infrastructure_v3.py
[2026-07-26T05:19:37.641+0000] {processor.py:914} INFO - Processing file /opt/airflow/dags/setup_lakehouse_infrastructure_v3.py for tasks to queue
[2026-07-26T05:19:37.643+0000] {logging_mixin.py:190} INFO - [2026-07-26T05:19:37.642+0000] {dagbag.py:588} INFO - Filling up the DagBag from /opt/airflow/dags/setup_lakehouse_infrastructure_v3.py
[2026-07-26T05:19:37.667+0000] {processor.py:925} INFO - DAG(s) 'setup_lakehouse_infrastructure_v3' retrieved from /opt/airflow/dags/setup_lakehouse_infrastructure_v3.py
[2026-07-26T05:19:37.694+0000] {logging_mixin.py:190} INFO - [2026-07-26T05:19:37.694+0000] {dag.py:3239} INFO - Sync 1 DAGs
[2026-07-26T05:19:37.717+0000] {logging_mixin.py:190} INFO - [2026-07-26T05:19:37.716+0000] {dag.py:4180} INFO - Setting next_dagrun for setup_lakehouse_infrastructure_v3 to None, run_after=None
[2026-07-26T05:19:37.740+0000] {processor.py:208} INFO - Processing /opt/airflow/dags/setup_lakehouse_infrastructure_v3.py took 0.105 seconds
[2026-07-26T05:20:08.697+0000] {processor.py:186} INFO - Started process (PID=6186) to work on /opt/airflow/dags/setup_lakehouse_infrastructure_v3.py
[2026-07-26T05:20:08.698+0000] {processor.py:914} INFO - Processing file /opt/airflow/dags/setup_lakehouse_infrastructure_v3.py for tasks to queue
[2026-07-26T05:20:08.701+0000] {logging_mixin.py:190} INFO - [2026-07-26T05:20:08.700+0000] {dagbag.py:588} INFO - Filling up the DagBag from /opt/airflow/dags/setup_lakehouse_infrastructure_v3.py
[2026-07-26T05:20:08.726+0000] {processor.py:925} INFO - DAG(s) 'setup_lakehouse_infrastructure_v3' retrieved from /opt/airflow/dags/setup_lakehouse_infrastructure_v3.py
[2026-07-26T05:20:08.751+0000] {logging_mixin.py:190} INFO - [2026-07-26T05:20:08.750+0000] {dag.py:3239} INFO - Sync 1 DAGs
[2026-07-26T05:20:08.779+0000] {logging_mixin.py:190} INFO - [2026-07-26T05:20:08.779+0000] {dag.py:4180} INFO - Setting next_dagrun for setup_lakehouse_infrastructure_v3 to None, run_after=None
[2026-07-26T05:20:08.804+0000] {processor.py:208} INFO - Processing /opt/airflow/dags/setup_lakehouse_infrastructure_v3.py took 0.113 seconds
[2026-07-26T08:23:14.372+0000] {processor.py:186} INFO - Started process (PID=180) to work on /opt/airflow/dags/setup_lakehouse_infrastructure_v3.py
[2026-07-26T08:23:14.375+0000] {processor.py:914} INFO - Processing file /opt/airflow/dags/setup_lakehouse_infrastructure_v3.py for tasks to queue
[2026-07-26T08:23:14.380+0000] {logging_mixin.py:190} INFO - [2026-07-26T08:23:14.379+0000] {dagbag.py:588} INFO - Filling up the DagBag from /opt/airflow/dags/setup_lakehouse_infrastructure_v3.py
[2026-07-26T08:23:14.421+0000] {processor.py:925} INFO - DAG(s) 'setup_lakehouse_infrastructure_v3' retrieved from /opt/airflow/dags/setup_lakehouse_infrastructure_v3.py
[2026-07-26T08:23:14.479+0000] {logging_mixin.py:190} INFO - [2026-07-26T08:23:14.478+0000] {dag.py:3239} INFO - Sync 1 DAGs
[2026-07-26T08:23:14.515+0000] {logging_mixin.py:190} INFO - [2026-07-26T08:23:14.515+0000] {dag.py:4180} INFO - Setting next_dagrun for setup_lakehouse_infrastructure_v3 to None, run_after=None
[2026-07-26T08:23:14.545+0000] {processor.py:208} INFO - Processing /opt/airflow/dags/setup_lakehouse_infrastructure_v3.py took 0.182 seconds
[2026-07-26T08:23:45.512+0000] {processor.py:186} INFO - Started process (PID=275) to work on /opt/airflow/dags/setup_lakehouse_infrastructure_v3.py
[2026-07-26T08:23:45.513+0000] {processor.py:914} INFO - Processing file /opt/airflow/dags/setup_lakehouse_infrastructure_v3.py for tasks to queue
[2026-07-26T08:23:45.515+0000] {logging_mixin.py:190} INFO - [2026-07-26T08:23:45.515+0000] {dagbag.py:588} INFO - Filling up the DagBag from /opt/airflow/dags/setup_lakehouse_infrastructure_v3.py
[2026-07-26T08:23:45.544+0000] {processor.py:925} INFO - DAG(s) 'setup_lakehouse_infrastructure_v3' retrieved from /opt/airflow/dags/setup_lakehouse_infrastructure_v3.py
[2026-07-26T08:23:45.566+0000] {logging_mixin.py:190} INFO - [2026-07-26T08:23:45.566+0000] {dag.py:3239} INFO - Sync 1 DAGs
[2026-07-26T08:23:45.587+0000] {logging_mixin.py:190} INFO - [2026-07-26T08:23:45.587+0000] {dag.py:4180} INFO - Setting next_dagrun for setup_lakehouse_infrastructure_v3 to None, run_after=None
[2026-07-26T08:23:45.609+0000] {processor.py:208} INFO - Processing /opt/airflow/dags/setup_lakehouse_infrastructure_v3.py took 0.102 seconds
[2026-07-26T08:24:15.782+0000] {processor.py:186} INFO - Started process (PID=363) to work on /opt/airflow/dags/setup_lakehouse_infrastructure_v3.py
[2026-07-26T08:24:15.783+0000] {processor.py:914} INFO - Processing file /opt/airflow/dags/setup_lakehouse_infrastructure_v3.py for tasks to queue
[2026-07-26T08:24:15.784+0000] {logging_mixin.py:190} INFO - [2026-07-26T08:24:15.783+0000] {dagbag.py:588} INFO - Filling up the DagBag from /opt/airflow/dags/setup_lakehouse_infrastructure_v3.py
[2026-07-26T08:24:15.805+0000] {processor.py:925} INFO - DAG(s) 'setup_lakehouse_infrastructure_v3' retrieved from /opt/airflow/dags/setup_lakehouse_infrastructure_v3.py
[2026-07-26T08:24:15.827+0000] {logging_mixin.py:190} INFO - [2026-07-26T08:24:15.827+0000] {dag.py:3239} INFO - Sync 1 DAGs
[2026-07-26T08:24:15.847+0000] {logging_mixin.py:190} INFO - [2026-07-26T08:24:15.846+0000] {dag.py:4180} INFO - Setting next_dagrun for setup_lakehouse_infrastructure_v3 to None, run_after=None
[2026-07-26T08:24:15.865+0000] {processor.py:208} INFO - Processing /opt/airflow/dags/setup_lakehouse_infrastructure_v3.py took 0.088 seconds
[2026-07-26T08:24:46.360+0000] {processor.py:186} INFO - Started process (PID=455) to work on /opt/airflow/dags/setup_lakehouse_infrastructure_v3.py
[2026-07-26T08:24:46.361+0000] {processor.py:914} INFO - Processing file /opt/airflow/dags/setup_lakehouse_infrastructure_v3.py for tasks to queue
[2026-07-26T08:24:46.362+0000] {logging_mixin.py:190} INFO - [2026-07-26T08:24:46.362+0000] {dagbag.py:588} INFO - Filling up the DagBag from /opt/airflow/dags/setup_lakehouse_infrastructure_v3.py
[2026-07-26T08:24:46.388+0000] {processor.py:925} INFO - DAG(s) 'setup_lakehouse_infrastructure_v3' retrieved from /opt/airflow/dags/setup_lakehouse_infrastructure_v3.py
[2026-07-26T08:24:46.412+0000] {logging_mixin.py:190} INFO - [2026-07-26T08:24:46.411+0000] {dag.py:3239} INFO - Sync 1 DAGs
[2026-07-26T08:24:46.433+0000] {logging_mixin.py:190} INFO - [2026-07-26T08:24:46.432+0000] {dag.py:4180} INFO - Setting next_dagrun for setup_lakehouse_infrastructure_v3 to None, run_after=None
[2026-07-26T08:24:46.451+0000] {processor.py:208} INFO - Processing /opt/airflow/dags/setup_lakehouse_infrastructure_v3.py took 0.097 seconds
[2026-07-26T08:25:16.759+0000] {processor.py:186} INFO - Started process (PID=544) to work on /opt/airflow/dags/setup_lakehouse_infrastructure_v3.py
[2026-07-26T08:25:16.760+0000] {processor.py:914} INFO - Processing file /opt/airflow/dags/setup_lakehouse_infrastructure_v3.py for tasks to queue
[2026-07-26T08:25:16.761+0000] {logging_mixin.py:190} INFO - [2026-07-26T08:25:16.761+0000] {dagbag.py:588} INFO - Filling up the DagBag from /opt/airflow/dags/setup_lakehouse_infrastructure_v3.py
[2026-07-26T08:25:16.784+0000] {processor.py:925} INFO - DAG(s) 'setup_lakehouse_infrastructure_v3' retrieved from /opt/airflow/dags/setup_lakehouse_infrastructure_v3.py
[2026-07-26T08:25:16.806+0000] {logging_mixin.py:190} INFO - [2026-07-26T08:25:16.806+0000] {dag.py:3239} INFO - Sync 1 DAGs
[2026-07-26T08:25:16.827+0000] {logging_mixin.py:190} INFO - [2026-07-26T08:25:16.827+0000] {dag.py:4180} INFO - Setting next_dagrun for setup_lakehouse_infrastructure_v3 to None, run_after=None
[2026-07-26T08:25:16.844+0000] {processor.py:208} INFO - Processing /opt/airflow/dags/setup_lakehouse_infrastructure_v3.py took 0.090 seconds
[2026-07-26T08:25:47.136+0000] {processor.py:186} INFO - Started process (PID=632) to work on /opt/airflow/dags/setup_lakehouse_infrastructure_v3.py
[2026-07-26T08:25:47.137+0000] {processor.py:914} INFO - Processing file /opt/airflow/dags/setup_lakehouse_infrastructure_v3.py for tasks to queue
[2026-07-26T08:25:47.138+0000] {logging_mixin.py:190} INFO - [2026-07-26T08:25:47.138+0000] {dagbag.py:588} INFO - Filling up the DagBag from /opt/airflow/dags/setup_lakehouse_infrastructure_v3.py
[2026-07-26T08:25:47.170+0000] {processor.py:925} INFO - DAG(s) 'setup_lakehouse_infrastructure_v3' retrieved from /opt/airflow/dags/setup_lakehouse_infrastructure_v3.py
[2026-07-26T08:25:47.195+0000] {logging_mixin.py:190} INFO - [2026-07-26T08:25:47.194+0000] {dag.py:3239} INFO - Sync 1 DAGs
[2026-07-26T08:25:47.217+0000] {logging_mixin.py:190} INFO - [2026-07-26T08:25:47.217+0000] {dag.py:4180} INFO - Setting next_dagrun for setup_lakehouse_infrastructure_v3 to None, run_after=None
[2026-07-26T08:25:47.237+0000] {processor.py:208} INFO - Processing /opt/airflow/dags/setup_lakehouse_infrastructure_v3.py took 0.107 seconds
[2026-07-26T08:26:17.292+0000] {processor.py:186} INFO - Started process (PID=723) to work on /opt/airflow/dags/setup_lakehouse_infrastructure_v3.py
[2026-07-26T08:26:17.293+0000] {processor.py:914} INFO - Processing file /opt/airflow/dags/setup_lakehouse_infrastructure_v3.py for tasks to queue
[2026-07-26T08:26:17.294+0000] {logging_mixin.py:190} INFO - [2026-07-26T08:26:17.294+0000] {dagbag.py:588} INFO - Filling up the DagBag from /opt/airflow/dags/setup_lakehouse_infrastructure_v3.py
[2026-07-26T08:26:17.320+0000] {processor.py:925} INFO - DAG(s) 'setup_lakehouse_infrastructure_v3' retrieved from /opt/airflow/dags/setup_lakehouse_infrastructure_v3.py
[2026-07-26T08:26:17.344+0000] {logging_mixin.py:190} INFO - [2026-07-26T08:26:17.343+0000] {dag.py:3239} INFO - Sync 1 DAGs
[2026-07-26T08:26:17.365+0000] {logging_mixin.py:190} INFO - [2026-07-26T08:26:17.365+0000] {dag.py:4180} INFO - Setting next_dagrun for setup_lakehouse_infrastructure_v3 to None, run_after=None
[2026-07-26T08:26:17.383+0000] {processor.py:208} INFO - Processing /opt/airflow/dags/setup_lakehouse_infrastructure_v3.py took 0.096 seconds
[2026-07-26T08:26:47.982+0000] {processor.py:186} INFO - Started process (PID=816) to work on /opt/airflow/dags/setup_lakehouse_infrastructure_v3.py
[2026-07-26T08:26:47.983+0000] {processor.py:914} INFO - Processing file /opt/airflow/dags/setup_lakehouse_infrastructure_v3.py for tasks to queue
[2026-07-26T08:26:47.984+0000] {logging_mixin.py:190} INFO - [2026-07-26T08:26:47.984+0000] {dagbag.py:588} INFO - Filling up the DagBag from /opt/airflow/dags/setup_lakehouse_infrastructure_v3.py
[2026-07-26T08:26:48.007+0000] {processor.py:925} INFO - DAG(s) 'setup_lakehouse_infrastructure_v3' retrieved from /opt/airflow/dags/setup_lakehouse_infrastructure_v3.py
[2026-07-26T08:26:48.034+0000] {logging_mixin.py:190} INFO - [2026-07-26T08:26:48.034+0000] {dag.py:3239} INFO - Sync 1 DAGs
[2026-07-26T08:26:48.056+0000] {logging_mixin.py:190} INFO - [2026-07-26T08:26:48.055+0000] {dag.py:4180} INFO - Setting next_dagrun for setup_lakehouse_infrastructure_v3 to None, run_after=None
[2026-07-26T08:26:48.075+0000] {processor.py:208} INFO - Processing /opt/airflow/dags/setup_lakehouse_infrastructure_v3.py took 0.099 seconds
[2026-07-26T08:27:18.289+0000] {processor.py:186} INFO - Started process (PID=906) to work on /opt/airflow/dags/setup_lakehouse_infrastructure_v3.py
[2026-07-26T08:27:18.290+0000] {processor.py:914} INFO - Processing file /opt/airflow/dags/setup_lakehouse_infrastructure_v3.py for tasks to queue
[2026-07-26T08:27:18.291+0000] {logging_mixin.py:190} INFO - [2026-07-26T08:27:18.291+0000] {dagbag.py:588} INFO - Filling up the DagBag from /opt/airflow/dags/setup_lakehouse_infrastructure_v3.py
[2026-07-26T08:27:18.315+0000] {processor.py:925} INFO - DAG(s) 'setup_lakehouse_infrastructure_v3' retrieved from /opt/airflow/dags/setup_lakehouse_infrastructure_v3.py
[2026-07-26T08:27:18.337+0000] {logging_mixin.py:190} INFO - [2026-07-26T08:27:18.337+0000] {dag.py:3239} INFO - Sync 1 DAGs
[2026-07-26T08:27:18.360+0000] {logging_mixin.py:190} INFO - [2026-07-26T08:27:18.360+0000] {dag.py:4180} INFO - Setting next_dagrun for setup_lakehouse_infrastructure_v3 to None, run_after=None
[2026-07-26T08:27:18.376+0000] {processor.py:208} INFO - Processing /opt/airflow/dags/setup_lakehouse_infrastructure_v3.py took 0.092 seconds
[2026-07-26T08:27:48.820+0000] {processor.py:186} INFO - Started process (PID=999) to work on /opt/airflow/dags/setup_lakehouse_infrastructure_v3.py
[2026-07-26T08:27:48.821+0000] {processor.py:914} INFO - Processing file /opt/airflow/dags/setup_lakehouse_infrastructure_v3.py for tasks to queue
[2026-07-26T08:27:48.823+0000] {logging_mixin.py:190} INFO - [2026-07-26T08:27:48.822+0000] {dagbag.py:588} INFO - Filling up the DagBag from /opt/airflow/dags/setup_lakehouse_infrastructure_v3.py
[2026-07-26T08:27:48.849+0000] {processor.py:925} INFO - DAG(s) 'setup_lakehouse_infrastructure_v3' retrieved from /opt/airflow/dags/setup_lakehouse_infrastructure_v3.py
[2026-07-26T08:27:48.876+0000] {logging_mixin.py:190} INFO - [2026-07-26T08:27:48.876+0000] {dag.py:3239} INFO - Sync 1 DAGs
[2026-07-26T08:27:48.898+0000] {logging_mixin.py:190} INFO - [2026-07-26T08:27:48.898+0000] {dag.py:4180} INFO - Setting next_dagrun for setup_lakehouse_infrastructure_v3 to None, run_after=None
[2026-07-26T08:27:48.918+0000] {processor.py:208} INFO - Processing /opt/airflow/dags/setup_lakehouse_infrastructure_v3.py took 0.103 seconds
[2026-07-26T08:28:19.453+0000] {processor.py:186} INFO - Started process (PID=1092) to work on /opt/airflow/dags/setup_lakehouse_infrastructure_v3.py
[2026-07-26T08:28:19.454+0000] {processor.py:914} INFO - Processing file /opt/airflow/dags/setup_lakehouse_infrastructure_v3.py for tasks to queue
[2026-07-26T08:28:19.456+0000] {logging_mixin.py:190} INFO - [2026-07-26T08:28:19.455+0000] {dagbag.py:588} INFO - Filling up the DagBag from /opt/airflow/dags/setup_lakehouse_infrastructure_v3.py
[2026-07-26T08:28:19.482+0000] {processor.py:925} INFO - DAG(s) 'setup_lakehouse_infrastructure_v3' retrieved from /opt/airflow/dags/setup_lakehouse_infrastructure_v3.py
[2026-07-26T08:28:19.507+0000] {logging_mixin.py:190} INFO - [2026-07-26T08:28:19.507+0000] {dag.py:3239} INFO - Sync 1 DAGs
[2026-07-26T08:28:19.529+0000] {logging_mixin.py:190} INFO - [2026-07-26T08:28:19.529+0000] {dag.py:4180} INFO - Setting next_dagrun for setup_lakehouse_infrastructure_v3 to None, run_after=None
[2026-07-26T08:28:19.549+0000] {processor.py:208} INFO - Processing /opt/airflow/dags/setup_lakehouse_infrastructure_v3.py took 0.102 seconds
[2026-07-26T08:28:49.833+0000] {processor.py:186} INFO - Started process (PID=1183) to work on /opt/airflow/dags/setup_lakehouse_infrastructure_v3.py
[2026-07-26T08:28:49.834+0000] {processor.py:914} INFO - Processing file /opt/airflow/dags/setup_lakehouse_infrastructure_v3.py for tasks to queue
[2026-07-26T08:28:49.835+0000] {logging_mixin.py:190} INFO - [2026-07-26T08:28:49.835+0000] {dagbag.py:588} INFO - Filling up the DagBag from /opt/airflow/dags/setup_lakehouse_infrastructure_v3.py
[2026-07-26T08:28:49.865+0000] {processor.py:925} INFO - DAG(s) 'setup_lakehouse_infrastructure_v3' retrieved from /opt/airflow/dags/setup_lakehouse_infrastructure_v3.py
[2026-07-26T08:28:49.902+0000] {logging_mixin.py:190} INFO - [2026-07-26T08:28:49.901+0000] {dag.py:3239} INFO - Sync 1 DAGs
[2026-07-26T08:28:49.923+0000] {logging_mixin.py:190} INFO - [2026-07-26T08:28:49.923+0000] {dag.py:4180} INFO - Setting next_dagrun for setup_lakehouse_infrastructure_v3 to None, run_after=None
[2026-07-26T08:28:49.943+0000] {processor.py:208} INFO - Processing /opt/airflow/dags/setup_lakehouse_infrastructure_v3.py took 0.115 seconds
[2026-07-26T08:29:20.338+0000] {processor.py:186} INFO - Started process (PID=1273) to work on /opt/airflow/dags/setup_lakehouse_infrastructure_v3.py
[2026-07-26T08:29:20.339+0000] {processor.py:914} INFO - Processing file /opt/airflow/dags/setup_lakehouse_infrastructure_v3.py for tasks to queue
[2026-07-26T08:29:20.341+0000] {logging_mixin.py:190} INFO - [2026-07-26T08:29:20.341+0000] {dagbag.py:588} INFO - Filling up the DagBag from /opt/airflow/dags/setup_lakehouse_infrastructure_v3.py
[2026-07-26T08:29:20.379+0000] {processor.py:925} INFO - DAG(s) 'setup_lakehouse_infrastructure_v3' retrieved from /opt/airflow/dags/setup_lakehouse_infrastructure_v3.py
[2026-07-26T08:29:20.406+0000] {logging_mixin.py:190} INFO - [2026-07-26T08:29:20.406+0000] {dag.py:3239} INFO - Sync 1 DAGs
[2026-07-26T08:29:20.428+0000] {logging_mixin.py:190} INFO - [2026-07-26T08:29:20.427+0000] {dag.py:4180} INFO - Setting next_dagrun for setup_lakehouse_infrastructure_v3 to None, run_after=None
[2026-07-26T08:29:20.446+0000] {processor.py:208} INFO - Processing /opt/airflow/dags/setup_lakehouse_infrastructure_v3.py took 0.115 seconds
[2026-07-26T08:29:50.986+0000] {processor.py:186} INFO - Started process (PID=1366) to work on /opt/airflow/dags/setup_lakehouse_infrastructure_v3.py
[2026-07-26T08:29:50.988+0000] {processor.py:914} INFO - Processing file /opt/airflow/dags/setup_lakehouse_infrastructure_v3.py for tasks to queue
[2026-07-26T08:29:50.989+0000] {logging_mixin.py:190} INFO - [2026-07-26T08:29:50.989+0000] {dagbag.py:588} INFO - Filling up the DagBag from /opt/airflow/dags/setup_lakehouse_infrastructure_v3.py
[2026-07-26T08:29:51.019+0000] {processor.py:925} INFO - DAG(s) 'setup_lakehouse_infrastructure_v3' retrieved from /opt/airflow/dags/setup_lakehouse_infrastructure_v3.py
[2026-07-26T08:29:51.046+0000] {logging_mixin.py:190} INFO - [2026-07-26T08:29:51.046+0000] {dag.py:3239} INFO - Sync 1 DAGs
[2026-07-26T08:29:51.075+0000] {logging_mixin.py:190} INFO - [2026-07-26T08:29:51.075+0000] {dag.py:4180} INFO - Setting next_dagrun for setup_lakehouse_infrastructure_v3 to None, run_after=None
[2026-07-26T08:29:51.096+0000] {processor.py:208} INFO - Processing /opt/airflow/dags/setup_lakehouse_infrastructure_v3.py took 0.117 seconds
[2026-07-26T08:30:21.384+0000] {processor.py:186} INFO - Started process (PID=1457) to work on /opt/airflow/dags/setup_lakehouse_infrastructure_v3.py
[2026-07-26T08:30:21.385+0000] {processor.py:914} INFO - Processing file /opt/airflow/dags/setup_lakehouse_infrastructure_v3.py for tasks to queue
[2026-07-26T08:30:21.386+0000] {logging_mixin.py:190} INFO - [2026-07-26T08:30:21.386+0000] {dagbag.py:588} INFO - Filling up the DagBag from /opt/airflow/dags/setup_lakehouse_infrastructure_v3.py
[2026-07-26T08:30:21.412+0000] {processor.py:925} INFO - DAG(s) 'setup_lakehouse_infrastructure_v3' retrieved from /opt/airflow/dags/setup_lakehouse_infrastructure_v3.py
[2026-07-26T08:30:21.434+0000] {logging_mixin.py:190} INFO - [2026-07-26T08:30:21.433+0000] {dag.py:3239} INFO - Sync 1 DAGs
[2026-07-26T08:30:21.457+0000] {logging_mixin.py:190} INFO - [2026-07-26T08:30:21.456+0000] {dag.py:4180} INFO - Setting next_dagrun for setup_lakehouse_infrastructure_v3 to None, run_after=None
[2026-07-26T08:30:21.476+0000] {processor.py:208} INFO - Processing /opt/airflow/dags/setup_lakehouse_infrastructure_v3.py took 0.098 seconds
[2026-07-26T08:30:51.580+0000] {processor.py:186} INFO - Started process (PID=1547) to work on /opt/airflow/dags/setup_lakehouse_infrastructure_v3.py
[2026-07-26T08:30:51.582+0000] {processor.py:914} INFO - Processing file /opt/airflow/dags/setup_lakehouse_infrastructure_v3.py for tasks to queue
[2026-07-26T08:30:51.583+0000] {logging_mixin.py:190} INFO - [2026-07-26T08:30:51.583+0000] {dagbag.py:588} INFO - Filling up the DagBag from /opt/airflow/dags/setup_lakehouse_infrastructure_v3.py
[2026-07-26T08:30:51.610+0000] {processor.py:925} INFO - DAG(s) 'setup_lakehouse_infrastructure_v3' retrieved from /opt/airflow/dags/setup_lakehouse_infrastructure_v3.py
[2026-07-26T08:30:51.634+0000] {logging_mixin.py:190} INFO - [2026-07-26T08:30:51.634+0000] {dag.py:3239} INFO - Sync 1 DAGs
[2026-07-26T08:30:51.656+0000] {logging_mixin.py:190} INFO - [2026-07-26T08:30:51.655+0000] {dag.py:4180} INFO - Setting next_dagrun for setup_lakehouse_infrastructure_v3 to None, run_after=None
[2026-07-26T08:30:51.674+0000] {processor.py:208} INFO - Processing /opt/airflow/dags/setup_lakehouse_infrastructure_v3.py took 0.099 seconds
[2026-07-26T08:31:22.278+0000] {processor.py:186} INFO - Started process (PID=1640) to work on /opt/airflow/dags/setup_lakehouse_infrastructure_v3.py
[2026-07-26T08:31:22.279+0000] {processor.py:914} INFO - Processing file /opt/airflow/dags/setup_lakehouse_infrastructure_v3.py for tasks to queue
[2026-07-26T08:31:22.281+0000] {logging_mixin.py:190} INFO - [2026-07-26T08:31:22.281+0000] {dagbag.py:588} INFO - Filling up the DagBag from /opt/airflow/dags/setup_lakehouse_infrastructure_v3.py
[2026-07-26T08:31:22.307+0000] {processor.py:925} INFO - DAG(s) 'setup_lakehouse_infrastructure_v3' retrieved from /opt/airflow/dags/setup_lakehouse_infrastructure_v3.py
[2026-07-26T08:31:22.330+0000] {logging_mixin.py:190} INFO - [2026-07-26T08:31:22.330+0000] {dag.py:3239} INFO - Sync 1 DAGs
[2026-07-26T08:31:22.351+0000] {logging_mixin.py:190} INFO - [2026-07-26T08:31:22.351+0000] {dag.py:4180} INFO - Setting next_dagrun for setup_lakehouse_infrastructure_v3 to None, run_after=None
[2026-07-26T08:31:22.368+0000] {processor.py:208} INFO - Processing /opt/airflow/dags/setup_lakehouse_infrastructure_v3.py took 0.095 seconds
[2026-07-26T08:31:52.754+0000] {processor.py:186} INFO - Started process (PID=1733) to work on /opt/airflow/dags/setup_lakehouse_infrastructure_v3.py
[2026-07-26T08:31:52.755+0000] {processor.py:914} INFO - Processing file /opt/airflow/dags/setup_lakehouse_infrastructure_v3.py for tasks to queue
[2026-07-26T08:31:52.756+0000] {logging_mixin.py:190} INFO - [2026-07-26T08:31:52.756+0000] {dagbag.py:588} INFO - Filling up the DagBag from /opt/airflow/dags/setup_lakehouse_infrastructure_v3.py
[2026-07-26T08:31:52.778+0000] {processor.py:925} INFO - DAG(s) 'setup_lakehouse_infrastructure_v3' retrieved from /opt/airflow/dags/setup_lakehouse_infrastructure_v3.py
[2026-07-26T08:31:52.802+0000] {logging_mixin.py:190} INFO - [2026-07-26T08:31:52.802+0000] {dag.py:3239} INFO - Sync 1 DAGs
[2026-07-26T08:31:52.823+0000] {logging_mixin.py:190} INFO - [2026-07-26T08:31:52.823+0000] {dag.py:4180} INFO - Setting next_dagrun for setup_lakehouse_infrastructure_v3 to None, run_after=None
[2026-07-26T08:31:52.840+0000] {processor.py:208} INFO - Processing /opt/airflow/dags/setup_lakehouse_infrastructure_v3.py took 0.091 seconds
[2026-07-26T08:32:23.747+0000] {processor.py:186} INFO - Started process (PID=1824) to work on /opt/airflow/dags/setup_lakehouse_infrastructure_v3.py
[2026-07-26T08:32:23.749+0000] {processor.py:914} INFO - Processing file /opt/airflow/dags/setup_lakehouse_infrastructure_v3.py for tasks to queue
[2026-07-26T08:32:23.750+0000] {logging_mixin.py:190} INFO - [2026-07-26T08:32:23.750+0000] {dagbag.py:588} INFO - Filling up the DagBag from /opt/airflow/dags/setup_lakehouse_infrastructure_v3.py
[2026-07-26T08:32:23.780+0000] {processor.py:925} INFO - DAG(s) 'setup_lakehouse_infrastructure_v3' retrieved from /opt/airflow/dags/setup_lakehouse_infrastructure_v3.py
[2026-07-26T08:32:23.807+0000] {logging_mixin.py:190} INFO - [2026-07-26T08:32:23.807+0000] {dag.py:3239} INFO - Sync 1 DAGs
[2026-07-26T08:32:23.834+0000] {logging_mixin.py:190} INFO - [2026-07-26T08:32:23.834+0000] {dag.py:4180} INFO - Setting next_dagrun for setup_lakehouse_infrastructure_v3 to None, run_after=None
[2026-07-26T08:32:23.855+0000] {processor.py:208} INFO - Processing /opt/airflow/dags/setup_lakehouse_infrastructure_v3.py took 0.115 seconds
[2026-07-26T08:32:54.012+0000] {processor.py:186} INFO - Started process (PID=1914) to work on /opt/airflow/dags/setup_lakehouse_infrastructure_v3.py
[2026-07-26T08:32:54.013+0000] {processor.py:914} INFO - Processing file /opt/airflow/dags/setup_lakehouse_infrastructure_v3.py for tasks to queue
[2026-07-26T08:32:54.014+0000] {logging_mixin.py:190} INFO - [2026-07-26T08:32:54.014+0000] {dagbag.py:588} INFO - Filling up the DagBag from /opt/airflow/dags/setup_lakehouse_infrastructure_v3.py
[2026-07-26T08:32:54.041+0000] {processor.py:925} INFO - DAG(s) 'setup_lakehouse_infrastructure_v3' retrieved from /opt/airflow/dags/setup_lakehouse_infrastructure_v3.py
[2026-07-26T08:32:54.071+0000] {logging_mixin.py:190} INFO - [2026-07-26T08:32:54.070+0000] {dag.py:3239} INFO - Sync 1 DAGs
[2026-07-26T08:32:54.094+0000] {logging_mixin.py:190} INFO - [2026-07-26T08:32:54.094+0000] {dag.py:4180} INFO - Setting next_dagrun for setup_lakehouse_infrastructure_v3 to None, run_after=None
[2026-07-26T08:32:54.114+0000] {processor.py:208} INFO - Processing /opt/airflow/dags/setup_lakehouse_infrastructure_v3.py took 0.110 seconds
[2026-07-26T08:33:24.686+0000] {processor.py:186} INFO - Started process (PID=2007) to work on /opt/airflow/dags/setup_lakehouse_infrastructure_v3.py
[2026-07-26T08:33:24.687+0000] {processor.py:914} INFO - Processing file /opt/airflow/dags/setup_lakehouse_infrastructure_v3.py for tasks to queue
[2026-07-26T08:33:24.689+0000] {logging_mixin.py:190} INFO - [2026-07-26T08:33:24.688+0000] {dagbag.py:588} INFO - Filling up the DagBag from /opt/airflow/dags/setup_lakehouse_infrastructure_v3.py
[2026-07-26T08:33:24.710+0000] {processor.py:925} INFO - DAG(s) 'setup_lakehouse_infrastructure_v3' retrieved from /opt/airflow/dags/setup_lakehouse_infrastructure_v3.py
[2026-07-26T08:33:24.734+0000] {logging_mixin.py:190} INFO - [2026-07-26T08:33:24.734+0000] {dag.py:3239} INFO - Sync 1 DAGs
[2026-07-26T08:33:24.755+0000] {logging_mixin.py:190} INFO - [2026-07-26T08:33:24.755+0000] {dag.py:4180} INFO - Setting next_dagrun for setup_lakehouse_infrastructure_v3 to None, run_after=None
[2026-07-26T08:33:24.775+0000] {processor.py:208} INFO - Processing /opt/airflow/dags/setup_lakehouse_infrastructure_v3.py took 0.096 seconds
[2026-07-26T08:33:55.179+0000] {processor.py:186} INFO - Started process (PID=2098) to work on /opt/airflow/dags/setup_lakehouse_infrastructure_v3.py
[2026-07-26T08:33:55.180+0000] {processor.py:914} INFO - Processing file /opt/airflow/dags/setup_lakehouse_infrastructure_v3.py for tasks to queue
[2026-07-26T08:33:55.181+0000] {logging_mixin.py:190} INFO - [2026-07-26T08:33:55.181+0000] {dagbag.py:588} INFO - Filling up the DagBag from /opt/airflow/dags/setup_lakehouse_infrastructure_v3.py
[2026-07-26T08:33:55.209+0000] {processor.py:925} INFO - DAG(s) 'setup_lakehouse_infrastructure_v3' retrieved from /opt/airflow/dags/setup_lakehouse_infrastructure_v3.py
[2026-07-26T08:33:55.232+0000] {logging_mixin.py:190} INFO - [2026-07-26T08:33:55.232+0000] {dag.py:3239} INFO - Sync 1 DAGs
[2026-07-26T08:33:55.255+0000] {logging_mixin.py:190} INFO - [2026-07-26T08:33:55.254+0000] {dag.py:4180} INFO - Setting next_dagrun for setup_lakehouse_infrastructure_v3 to None, run_after=None
[2026-07-26T08:33:55.271+0000] {processor.py:208} INFO - Processing /opt/airflow/dags/setup_lakehouse_infrastructure_v3.py took 0.099 seconds
[2026-07-26T08:34:25.660+0000] {processor.py:186} INFO - Started process (PID=2188) to work on /opt/airflow/dags/setup_lakehouse_infrastructure_v3.py
[2026-07-26T08:34:25.661+0000] {processor.py:914} INFO - Processing file /opt/airflow/dags/setup_lakehouse_infrastructure_v3.py for tasks to queue
[2026-07-26T08:34:25.663+0000] {logging_mixin.py:190} INFO - [2026-07-26T08:34:25.662+0000] {dagbag.py:588} INFO - Filling up the DagBag from /opt/airflow/dags/setup_lakehouse_infrastructure_v3.py
[2026-07-26T08:34:25.688+0000] {processor.py:925} INFO - DAG(s) 'setup_lakehouse_infrastructure_v3' retrieved from /opt/airflow/dags/setup_lakehouse_infrastructure_v3.py
[2026-07-26T08:34:25.713+0000] {logging_mixin.py:190} INFO - [2026-07-26T08:34:25.713+0000] {dag.py:3239} INFO - Sync 1 DAGs
[2026-07-26T08:34:25.735+0000] {logging_mixin.py:190} INFO - [2026-07-26T08:34:25.735+0000] {dag.py:4180} INFO - Setting next_dagrun for setup_lakehouse_infrastructure_v3 to None, run_after=None
[2026-07-26T08:34:25.757+0000] {processor.py:208} INFO - Processing /opt/airflow/dags/setup_lakehouse_infrastructure_v3.py took 0.104 seconds
[2026-07-26T08:34:55.877+0000] {processor.py:186} INFO - Started process (PID=2281) to work on /opt/airflow/dags/setup_lakehouse_infrastructure_v3.py
[2026-07-26T08:34:55.878+0000] {processor.py:914} INFO - Processing file /opt/airflow/dags/setup_lakehouse_infrastructure_v3.py for tasks to queue
[2026-07-26T08:34:55.879+0000] {logging_mixin.py:190} INFO - [2026-07-26T08:34:55.879+0000] {dagbag.py:588} INFO - Filling up the DagBag from /opt/airflow/dags/setup_lakehouse_infrastructure_v3.py
[2026-07-26T08:34:55.919+0000] {processor.py:925} INFO - DAG(s) 'setup_lakehouse_infrastructure_v3' retrieved from /opt/airflow/dags/setup_lakehouse_infrastructure_v3.py
[2026-07-26T08:34:55.945+0000] {logging_mixin.py:190} INFO - [2026-07-26T08:34:55.945+0000] {dag.py:3239} INFO - Sync 1 DAGs
[2026-07-26T08:34:55.970+0000] {logging_mixin.py:190} INFO - [2026-07-26T08:34:55.969+0000] {dag.py:4180} INFO - Setting next_dagrun for setup_lakehouse_infrastructure_v3 to None, run_after=None
[2026-07-26T08:34:55.988+0000] {processor.py:208} INFO - Processing /opt/airflow/dags/setup_lakehouse_infrastructure_v3.py took 0.116 seconds
[2026-07-26T08:35:26.084+0000] {processor.py:186} INFO - Started process (PID=2374) to work on /opt/airflow/dags/setup_lakehouse_infrastructure_v3.py
[2026-07-26T08:35:26.085+0000] {processor.py:914} INFO - Processing file /opt/airflow/dags/setup_lakehouse_infrastructure_v3.py for tasks to queue
[2026-07-26T08:35:26.086+0000] {logging_mixin.py:190} INFO - [2026-07-26T08:35:26.086+0000] {dagbag.py:588} INFO - Filling up the DagBag from /opt/airflow/dags/setup_lakehouse_infrastructure_v3.py
[2026-07-26T08:35:26.111+0000] {processor.py:925} INFO - DAG(s) 'setup_lakehouse_infrastructure_v3' retrieved from /opt/airflow/dags/setup_lakehouse_infrastructure_v3.py
[2026-07-26T08:35:26.144+0000] {logging_mixin.py:190} INFO - [2026-07-26T08:35:26.144+0000] {dag.py:3239} INFO - Sync 1 DAGs
[2026-07-26T08:35:26.178+0000] {logging_mixin.py:190} INFO - [2026-07-26T08:35:26.177+0000] {dag.py:4180} INFO - Setting next_dagrun for setup_lakehouse_infrastructure_v3 to None, run_after=None
[2026-07-26T08:35:26.203+0000] {processor.py:208} INFO - Processing /opt/airflow/dags/setup_lakehouse_infrastructure_v3.py took 0.125 seconds
[2026-07-26T08:35:56.498+0000] {processor.py:186} INFO - Started process (PID=2465) to work on /opt/airflow/dags/setup_lakehouse_infrastructure_v3.py
[2026-07-26T08:35:56.499+0000] {processor.py:914} INFO - Processing file /opt/airflow/dags/setup_lakehouse_infrastructure_v3.py for tasks to queue
[2026-07-26T08:35:56.500+0000] {logging_mixin.py:190} INFO - [2026-07-26T08:35:56.500+0000] {dagbag.py:588} INFO - Filling up the DagBag from /opt/airflow/dags/setup_lakehouse_infrastructure_v3.py
[2026-07-26T08:35:56.526+0000] {processor.py:925} INFO - DAG(s) 'setup_lakehouse_infrastructure_v3' retrieved from /opt/airflow/dags/setup_lakehouse_infrastructure_v3.py
[2026-07-26T08:35:56.550+0000] {logging_mixin.py:190} INFO - [2026-07-26T08:35:56.550+0000] {dag.py:3239} INFO - Sync 1 DAGs
[2026-07-26T08:35:56.571+0000] {logging_mixin.py:190} INFO - [2026-07-26T08:35:56.571+0000] {dag.py:4180} INFO - Setting next_dagrun for setup_lakehouse_infrastructure_v3 to None, run_after=None
[2026-07-26T08:35:56.589+0000] {processor.py:208} INFO - Processing /opt/airflow/dags/setup_lakehouse_infrastructure_v3.py took 0.097 seconds
[2026-07-26T08:36:26.710+0000] {processor.py:186} INFO - Started process (PID=2555) to work on /opt/airflow/dags/setup_lakehouse_infrastructure_v3.py
[2026-07-26T08:36:26.711+0000] {processor.py:914} INFO - Processing file /opt/airflow/dags/setup_lakehouse_infrastructure_v3.py for tasks to queue
[2026-07-26T08:36:26.712+0000] {logging_mixin.py:190} INFO - [2026-07-26T08:36:26.712+0000] {dagbag.py:588} INFO - Filling up the DagBag from /opt/airflow/dags/setup_lakehouse_infrastructure_v3.py
[2026-07-26T08:36:26.735+0000] {processor.py:925} INFO - DAG(s) 'setup_lakehouse_infrastructure_v3' retrieved from /opt/airflow/dags/setup_lakehouse_infrastructure_v3.py
[2026-07-26T08:36:26.758+0000] {logging_mixin.py:190} INFO - [2026-07-26T08:36:26.757+0000] {dag.py:3239} INFO - Sync 1 DAGs
[2026-07-26T08:36:26.781+0000] {logging_mixin.py:190} INFO - [2026-07-26T08:36:26.781+0000] {dag.py:4180} INFO - Setting next_dagrun for setup_lakehouse_infrastructure_v3 to None, run_after=None
[2026-07-26T08:36:26.798+0000] {processor.py:208} INFO - Processing /opt/airflow/dags/setup_lakehouse_infrastructure_v3.py took 0.094 seconds
[2026-07-26T08:36:57.319+0000] {processor.py:186} INFO - Started process (PID=2648) to work on /opt/airflow/dags/setup_lakehouse_infrastructure_v3.py
[2026-07-26T08:36:57.320+0000] {processor.py:914} INFO - Processing file /opt/airflow/dags/setup_lakehouse_infrastructure_v3.py for tasks to queue
[2026-07-26T08:36:57.322+0000] {logging_mixin.py:190} INFO - [2026-07-26T08:36:57.321+0000] {dagbag.py:588} INFO - Filling up the DagBag from /opt/airflow/dags/setup_lakehouse_infrastructure_v3.py
[2026-07-26T08:36:57.353+0000] {processor.py:925} INFO - DAG(s) 'setup_lakehouse_infrastructure_v3' retrieved from /opt/airflow/dags/setup_lakehouse_infrastructure_v3.py
[2026-07-26T08:36:57.382+0000] {logging_mixin.py:190} INFO - [2026-07-26T08:36:57.382+0000] {dag.py:3239} INFO - Sync 1 DAGs
[2026-07-26T08:36:57.405+0000] {logging_mixin.py:190} INFO - [2026-07-26T08:36:57.405+0000] {dag.py:4180} INFO - Setting next_dagrun for setup_lakehouse_infrastructure_v3 to None, run_after=None
[2026-07-26T08:36:57.426+0000] {processor.py:208} INFO - Processing /opt/airflow/dags/setup_lakehouse_infrastructure_v3.py took 0.114 seconds
[2026-07-26T08:37:28.233+0000] {processor.py:186} INFO - Started process (PID=2739) to work on /opt/airflow/dags/setup_lakehouse_infrastructure_v3.py
[2026-07-26T08:37:28.235+0000] {processor.py:914} INFO - Processing file /opt/airflow/dags/setup_lakehouse_infrastructure_v3.py for tasks to queue
[2026-07-26T08:37:28.236+0000] {logging_mixin.py:190} INFO - [2026-07-26T08:37:28.236+0000] {dagbag.py:588} INFO - Filling up the DagBag from /opt/airflow/dags/setup_lakehouse_infrastructure_v3.py
[2026-07-26T08:37:28.264+0000] {processor.py:925} INFO - DAG(s) 'setup_lakehouse_infrastructure_v3' retrieved from /opt/airflow/dags/setup_lakehouse_infrastructure_v3.py
[2026-07-26T08:37:28.287+0000] {logging_mixin.py:190} INFO - [2026-07-26T08:37:28.287+0000] {dag.py:3239} INFO - Sync 1 DAGs
[2026-07-26T08:37:28.310+0000] {logging_mixin.py:190} INFO - [2026-07-26T08:37:28.310+0000] {dag.py:4180} INFO - Setting next_dagrun for setup_lakehouse_infrastructure_v3 to None, run_after=None
[2026-07-26T08:37:28.330+0000] {processor.py:208} INFO - Processing /opt/airflow/dags/setup_lakehouse_infrastructure_v3.py took 0.104 seconds
[2026-07-26T08:37:58.488+0000] {processor.py:186} INFO - Started process (PID=2829) to work on /opt/airflow/dags/setup_lakehouse_infrastructure_v3.py
[2026-07-26T08:37:58.489+0000] {processor.py:914} INFO - Processing file /opt/airflow/dags/setup_lakehouse_infrastructure_v3.py for tasks to queue
[2026-07-26T08:37:58.491+0000] {logging_mixin.py:190} INFO - [2026-07-26T08:37:58.490+0000] {dagbag.py:588} INFO - Filling up the DagBag from /opt/airflow/dags/setup_lakehouse_infrastructure_v3.py
[2026-07-26T08:37:58.515+0000] {processor.py:925} INFO - DAG(s) 'setup_lakehouse_infrastructure_v3' retrieved from /opt/airflow/dags/setup_lakehouse_infrastructure_v3.py
[2026-07-26T08:37:58.541+0000] {logging_mixin.py:190} INFO - [2026-07-26T08:37:58.541+0000] {dag.py:3239} INFO - Sync 1 DAGs
[2026-07-26T08:37:58.565+0000] {logging_mixin.py:190} INFO - [2026-07-26T08:37:58.565+0000] {dag.py:4180} INFO - Setting next_dagrun for setup_lakehouse_infrastructure_v3 to None, run_after=None
[2026-07-26T08:37:58.583+0000] {processor.py:208} INFO - Processing /opt/airflow/dags/setup_lakehouse_infrastructure_v3.py took 0.102 seconds
[2026-07-26T08:38:29.057+0000] {processor.py:186} INFO - Started process (PID=2922) to work on /opt/airflow/dags/setup_lakehouse_infrastructure_v3.py
[2026-07-26T08:38:29.058+0000] {processor.py:914} INFO - Processing file /opt/airflow/dags/setup_lakehouse_infrastructure_v3.py for tasks to queue
[2026-07-26T08:38:29.060+0000] {logging_mixin.py:190} INFO - [2026-07-26T08:38:29.059+0000] {dagbag.py:588} INFO - Filling up the DagBag from /opt/airflow/dags/setup_lakehouse_infrastructure_v3.py
[2026-07-26T08:38:29.085+0000] {processor.py:925} INFO - DAG(s) 'setup_lakehouse_infrastructure_v3' retrieved from /opt/airflow/dags/setup_lakehouse_infrastructure_v3.py
[2026-07-26T08:38:29.109+0000] {logging_mixin.py:190} INFO - [2026-07-26T08:38:29.109+0000] {dag.py:3239} INFO - Sync 1 DAGs
[2026-07-26T08:38:29.132+0000] {logging_mixin.py:190} INFO - [2026-07-26T08:38:29.132+0000] {dag.py:4180} INFO - Setting next_dagrun for setup_lakehouse_infrastructure_v3 to None, run_after=None
[2026-07-26T08:38:29.151+0000] {processor.py:208} INFO - Processing /opt/airflow/dags/setup_lakehouse_infrastructure_v3.py took 0.100 seconds
[2026-07-26T08:38:59.591+0000] {processor.py:186} INFO - Started process (PID=3015) to work on /opt/airflow/dags/setup_lakehouse_infrastructure_v3.py
[2026-07-26T08:38:59.592+0000] {processor.py:914} INFO - Processing file /opt/airflow/dags/setup_lakehouse_infrastructure_v3.py for tasks to queue
[2026-07-26T08:38:59.593+0000] {logging_mixin.py:190} INFO - [2026-07-26T08:38:59.593+0000] {dagbag.py:588} INFO - Filling up the DagBag from /opt/airflow/dags/setup_lakehouse_infrastructure_v3.py
[2026-07-26T08:38:59.622+0000] {processor.py:925} INFO - DAG(s) 'setup_lakehouse_infrastructure_v3' retrieved from /opt/airflow/dags/setup_lakehouse_infrastructure_v3.py
[2026-07-26T08:38:59.646+0000] {logging_mixin.py:190} INFO - [2026-07-26T08:38:59.646+0000] {dag.py:3239} INFO - Sync 1 DAGs
[2026-07-26T08:38:59.667+0000] {logging_mixin.py:190} INFO - [2026-07-26T08:38:59.667+0000] {dag.py:4180} INFO - Setting next_dagrun for setup_lakehouse_infrastructure_v3 to None, run_after=None
[2026-07-26T08:38:59.683+0000] {processor.py:208} INFO - Processing /opt/airflow/dags/setup_lakehouse_infrastructure_v3.py took 0.099 seconds
[2026-07-26T08:39:30.701+0000] {processor.py:186} INFO - Started process (PID=3106) to work on /opt/airflow/dags/setup_lakehouse_infrastructure_v3.py
[2026-07-26T08:39:30.703+0000] {processor.py:914} INFO - Processing file /opt/airflow/dags/setup_lakehouse_infrastructure_v3.py for tasks to queue
[2026-07-26T08:39:30.704+0000] {logging_mixin.py:190} INFO - [2026-07-26T08:39:30.704+0000] {dagbag.py:588} INFO - Filling up the DagBag from /opt/airflow/dags/setup_lakehouse_infrastructure_v3.py
[2026-07-26T08:39:30.737+0000] {processor.py:925} INFO - DAG(s) 'setup_lakehouse_infrastructure_v3' retrieved from /opt/airflow/dags/setup_lakehouse_infrastructure_v3.py
[2026-07-26T08:39:30.769+0000] {logging_mixin.py:190} INFO - [2026-07-26T08:39:30.768+0000] {dag.py:3239} INFO - Sync 1 DAGs
[2026-07-26T08:39:30.797+0000] {logging_mixin.py:190} INFO - [2026-07-26T08:39:30.797+0000] {dag.py:4180} INFO - Setting next_dagrun for setup_lakehouse_infrastructure_v3 to None, run_after=None
[2026-07-26T08:39:30.817+0000] {processor.py:208} INFO - Processing /opt/airflow/dags/setup_lakehouse_infrastructure_v3.py took 0.121 seconds
[2026-07-26T08:40:00.993+0000] {processor.py:186} INFO - Started process (PID=3196) to work on /opt/airflow/dags/setup_lakehouse_infrastructure_v3.py
[2026-07-26T08:40:00.994+0000] {processor.py:914} INFO - Processing file /opt/airflow/dags/setup_lakehouse_infrastructure_v3.py for tasks to queue
[2026-07-26T08:40:00.996+0000] {logging_mixin.py:190} INFO - [2026-07-26T08:40:00.995+0000] {dagbag.py:588} INFO - Filling up the DagBag from /opt/airflow/dags/setup_lakehouse_infrastructure_v3.py
[2026-07-26T08:40:01.024+0000] {processor.py:925} INFO - DAG(s) 'setup_lakehouse_infrastructure_v3' retrieved from /opt/airflow/dags/setup_lakehouse_infrastructure_v3.py
[2026-07-26T08:40:01.046+0000] {logging_mixin.py:190} INFO - [2026-07-26T08:40:01.046+0000] {dag.py:3239} INFO - Sync 1 DAGs
[2026-07-26T08:40:01.068+0000] {logging_mixin.py:190} INFO - [2026-07-26T08:40:01.068+0000] {dag.py:4180} INFO - Setting next_dagrun for setup_lakehouse_infrastructure_v3 to None, run_after=None
[2026-07-26T08:40:01.085+0000] {processor.py:208} INFO - Processing /opt/airflow/dags/setup_lakehouse_infrastructure_v3.py took 0.097 seconds
[2026-07-26T08:40:31.423+0000] {processor.py:186} INFO - Started process (PID=3289) to work on /opt/airflow/dags/setup_lakehouse_infrastructure_v3.py
[2026-07-26T08:40:31.424+0000] {processor.py:914} INFO - Processing file /opt/airflow/dags/setup_lakehouse_infrastructure_v3.py for tasks to queue
[2026-07-26T08:40:31.425+0000] {logging_mixin.py:190} INFO - [2026-07-26T08:40:31.425+0000] {dagbag.py:588} INFO - Filling up the DagBag from /opt/airflow/dags/setup_lakehouse_infrastructure_v3.py
[2026-07-26T08:40:31.454+0000] {processor.py:925} INFO - DAG(s) 'setup_lakehouse_infrastructure_v3' retrieved from /opt/airflow/dags/setup_lakehouse_infrastructure_v3.py
[2026-07-26T08:40:31.479+0000] {logging_mixin.py:190} INFO - [2026-07-26T08:40:31.478+0000] {dag.py:3239} INFO - Sync 1 DAGs
[2026-07-26T08:40:31.509+0000] {logging_mixin.py:190} INFO - [2026-07-26T08:40:31.509+0000] {dag.py:4180} INFO - Setting next_dagrun for setup_lakehouse_infrastructure_v3 to None, run_after=None
[2026-07-26T08:40:31.534+0000] {processor.py:208} INFO - Processing /opt/airflow/dags/setup_lakehouse_infrastructure_v3.py took 0.116 seconds
[2026-07-26T08:41:01.893+0000] {processor.py:186} INFO - Started process (PID=3383) to work on /opt/airflow/dags/setup_lakehouse_infrastructure_v3.py
[2026-07-26T08:41:01.894+0000] {processor.py:914} INFO - Processing file /opt/airflow/dags/setup_lakehouse_infrastructure_v3.py for tasks to queue
[2026-07-26T08:41:01.895+0000] {logging_mixin.py:190} INFO - [2026-07-26T08:41:01.895+0000] {dagbag.py:588} INFO - Filling up the DagBag from /opt/airflow/dags/setup_lakehouse_infrastructure_v3.py
[2026-07-26T08:41:01.919+0000] {processor.py:925} INFO - DAG(s) 'setup_lakehouse_infrastructure_v3' retrieved from /opt/airflow/dags/setup_lakehouse_infrastructure_v3.py
[2026-07-26T08:41:01.942+0000] {logging_mixin.py:190} INFO - [2026-07-26T08:41:01.942+0000] {dag.py:3239} INFO - Sync 1 DAGs
[2026-07-26T08:41:01.970+0000] {logging_mixin.py:190} INFO - [2026-07-26T08:41:01.969+0000] {dag.py:4180} INFO - Setting next_dagrun for setup_lakehouse_infrastructure_v3 to None, run_after=None
[2026-07-26T08:41:01.989+0000] {processor.py:208} INFO - Processing /opt/airflow/dags/setup_lakehouse_infrastructure_v3.py took 0.102 seconds
[2026-07-26T08:41:32.132+0000] {processor.py:186} INFO - Started process (PID=3473) to work on /opt/airflow/dags/setup_lakehouse_infrastructure_v3.py
[2026-07-26T08:41:32.133+0000] {processor.py:914} INFO - Processing file /opt/airflow/dags/setup_lakehouse_infrastructure_v3.py for tasks to queue
[2026-07-26T08:41:32.134+0000] {logging_mixin.py:190} INFO - [2026-07-26T08:41:32.134+0000] {dagbag.py:588} INFO - Filling up the DagBag from /opt/airflow/dags/setup_lakehouse_infrastructure_v3.py
[2026-07-26T08:41:32.162+0000] {processor.py:925} INFO - DAG(s) 'setup_lakehouse_infrastructure_v3' retrieved from /opt/airflow/dags/setup_lakehouse_infrastructure_v3.py
[2026-07-26T08:41:32.184+0000] {logging_mixin.py:190} INFO - [2026-07-26T08:41:32.184+0000] {dag.py:3239} INFO - Sync 1 DAGs
[2026-07-26T08:41:32.209+0000] {logging_mixin.py:190} INFO - [2026-07-26T08:41:32.208+0000] {dag.py:4180} INFO - Setting next_dagrun for setup_lakehouse_infrastructure_v3 to None, run_after=None
[2026-07-26T08:41:32.229+0000] {processor.py:208} INFO - Processing /opt/airflow/dags/setup_lakehouse_infrastructure_v3.py took 0.103 seconds
[2026-07-26T08:42:02.330+0000] {processor.py:186} INFO - Started process (PID=3566) to work on /opt/airflow/dags/setup_lakehouse_infrastructure_v3.py
[2026-07-26T08:42:02.331+0000] {processor.py:914} INFO - Processing file /opt/airflow/dags/setup_lakehouse_infrastructure_v3.py for tasks to queue
[2026-07-26T08:42:02.332+0000] {logging_mixin.py:190} INFO - [2026-07-26T08:42:02.332+0000] {dagbag.py:588} INFO - Filling up the DagBag from /opt/airflow/dags/setup_lakehouse_infrastructure_v3.py
[2026-07-26T08:42:02.361+0000] {processor.py:925} INFO - DAG(s) 'setup_lakehouse_infrastructure_v3' retrieved from /opt/airflow/dags/setup_lakehouse_infrastructure_v3.py
[2026-07-26T08:42:02.386+0000] {logging_mixin.py:190} INFO - [2026-07-26T08:42:02.385+0000] {dag.py:3239} INFO - Sync 1 DAGs
[2026-07-26T08:42:02.408+0000] {logging_mixin.py:190} INFO - [2026-07-26T08:42:02.407+0000] {dag.py:4180} INFO - Setting next_dagrun for setup_lakehouse_infrastructure_v3 to None, run_after=None
[2026-07-26T08:42:02.430+0000] {processor.py:208} INFO - Processing /opt/airflow/dags/setup_lakehouse_infrastructure_v3.py took 0.105 seconds
[2026-07-26T08:42:32.871+0000] {processor.py:186} INFO - Started process (PID=3659) to work on /opt/airflow/dags/setup_lakehouse_infrastructure_v3.py
[2026-07-26T08:42:32.872+0000] {processor.py:914} INFO - Processing file /opt/airflow/dags/setup_lakehouse_infrastructure_v3.py for tasks to queue
[2026-07-26T08:42:32.874+0000] {logging_mixin.py:190} INFO - [2026-07-26T08:42:32.873+0000] {dagbag.py:588} INFO - Filling up the DagBag from /opt/airflow/dags/setup_lakehouse_infrastructure_v3.py
[2026-07-26T08:42:32.906+0000] {processor.py:925} INFO - DAG(s) 'setup_lakehouse_infrastructure_v3' retrieved from /opt/airflow/dags/setup_lakehouse_infrastructure_v3.py
[2026-07-26T08:42:32.929+0000] {logging_mixin.py:190} INFO - [2026-07-26T08:42:32.929+0000] {dag.py:3239} INFO - Sync 1 DAGs
[2026-07-26T08:42:32.950+0000] {logging_mixin.py:190} INFO - [2026-07-26T08:42:32.950+0000] {dag.py:4180} INFO - Setting next_dagrun for setup_lakehouse_infrastructure_v3 to None, run_after=None
[2026-07-26T08:42:32.971+0000] {processor.py:208} INFO - Processing /opt/airflow/dags/setup_lakehouse_infrastructure_v3.py took 0.104 seconds
[2026-07-26T08:43:03.467+0000] {processor.py:186} INFO - Started process (PID=3750) to work on /opt/airflow/dags/setup_lakehouse_infrastructure_v3.py
[2026-07-26T08:43:03.468+0000] {processor.py:914} INFO - Processing file /opt/airflow/dags/setup_lakehouse_infrastructure_v3.py for tasks to queue
[2026-07-26T08:43:03.469+0000] {logging_mixin.py:190} INFO - [2026-07-26T08:43:03.468+0000] {dagbag.py:588} INFO - Filling up the DagBag from /opt/airflow/dags/setup_lakehouse_infrastructure_v3.py
[2026-07-26T08:43:03.494+0000] {processor.py:925} INFO - DAG(s) 'setup_lakehouse_infrastructure_v3' retrieved from /opt/airflow/dags/setup_lakehouse_infrastructure_v3.py
[2026-07-26T08:43:03.518+0000] {logging_mixin.py:190} INFO - [2026-07-26T08:43:03.518+0000] {dag.py:3239} INFO - Sync 1 DAGs
[2026-07-26T08:43:03.541+0000] {logging_mixin.py:190} INFO - [2026-07-26T08:43:03.541+0000] {dag.py:4180} INFO - Setting next_dagrun for setup_lakehouse_infrastructure_v3 to None, run_after=None
[2026-07-26T08:43:03.563+0000] {processor.py:208} INFO - Processing /opt/airflow/dags/setup_lakehouse_infrastructure_v3.py took 0.102 seconds
[2026-07-26T08:43:33.923+0000] {processor.py:186} INFO - Started process (PID=3840) to work on /opt/airflow/dags/setup_lakehouse_infrastructure_v3.py
[2026-07-26T08:43:33.925+0000] {processor.py:914} INFO - Processing file /opt/airflow/dags/setup_lakehouse_infrastructure_v3.py for tasks to queue
[2026-07-26T08:43:33.926+0000] {logging_mixin.py:190} INFO - [2026-07-26T08:43:33.926+0000] {dagbag.py:588} INFO - Filling up the DagBag from /opt/airflow/dags/setup_lakehouse_infrastructure_v3.py
[2026-07-26T08:43:33.954+0000] {processor.py:925} INFO - DAG(s) 'setup_lakehouse_infrastructure_v3' retrieved from /opt/airflow/dags/setup_lakehouse_infrastructure_v3.py
[2026-07-26T08:43:33.978+0000] {logging_mixin.py:190} INFO - [2026-07-26T08:43:33.978+0000] {dag.py:3239} INFO - Sync 1 DAGs
[2026-07-26T08:43:34.005+0000] {logging_mixin.py:190} INFO - [2026-07-26T08:43:34.005+0000] {dag.py:4180} INFO - Setting next_dagrun for setup_lakehouse_infrastructure_v3 to None, run_after=None
[2026-07-26T08:43:34.023+0000] {processor.py:208} INFO - Processing /opt/airflow/dags/setup_lakehouse_infrastructure_v3.py took 0.105 seconds
[2026-07-26T08:44:04.867+0000] {processor.py:186} INFO - Started process (PID=3933) to work on /opt/airflow/dags/setup_lakehouse_infrastructure_v3.py
[2026-07-26T08:44:04.868+0000] {processor.py:914} INFO - Processing file /opt/airflow/dags/setup_lakehouse_infrastructure_v3.py for tasks to queue
[2026-07-26T08:44:04.870+0000] {logging_mixin.py:190} INFO - [2026-07-26T08:44:04.869+0000] {dagbag.py:588} INFO - Filling up the DagBag from /opt/airflow/dags/setup_lakehouse_infrastructure_v3.py
[2026-07-26T08:44:04.891+0000] {processor.py:925} INFO - DAG(s) 'setup_lakehouse_infrastructure_v3' retrieved from /opt/airflow/dags/setup_lakehouse_infrastructure_v3.py
[2026-07-26T08:44:04.915+0000] {logging_mixin.py:190} INFO - [2026-07-26T08:44:04.915+0000] {dag.py:3239} INFO - Sync 1 DAGs
[2026-07-26T08:44:04.937+0000] {logging_mixin.py:190} INFO - [2026-07-26T08:44:04.937+0000] {dag.py:4180} INFO - Setting next_dagrun for setup_lakehouse_infrastructure_v3 to None, run_after=None
[2026-07-26T08:44:04.954+0000] {processor.py:208} INFO - Processing /opt/airflow/dags/setup_lakehouse_infrastructure_v3.py took 0.093 seconds
[2026-07-26T08:44:35.275+0000] {processor.py:186} INFO - Started process (PID=4024) to work on /opt/airflow/dags/setup_lakehouse_infrastructure_v3.py
[2026-07-26T08:44:35.277+0000] {processor.py:914} INFO - Processing file /opt/airflow/dags/setup_lakehouse_infrastructure_v3.py for tasks to queue
[2026-07-26T08:44:35.278+0000] {logging_mixin.py:190} INFO - [2026-07-26T08:44:35.278+0000] {dagbag.py:588} INFO - Filling up the DagBag from /opt/airflow/dags/setup_lakehouse_infrastructure_v3.py
[2026-07-26T08:44:35.307+0000] {processor.py:925} INFO - DAG(s) 'setup_lakehouse_infrastructure_v3' retrieved from /opt/airflow/dags/setup_lakehouse_infrastructure_v3.py
[2026-07-26T08:44:35.330+0000] {logging_mixin.py:190} INFO - [2026-07-26T08:44:35.329+0000] {dag.py:3239} INFO - Sync 1 DAGs
[2026-07-26T08:44:35.350+0000] {logging_mixin.py:190} INFO - [2026-07-26T08:44:35.350+0000] {dag.py:4180} INFO - Setting next_dagrun for setup_lakehouse_infrastructure_v3 to None, run_after=None
[2026-07-26T08:44:35.366+0000] {processor.py:208} INFO - Processing /opt/airflow/dags/setup_lakehouse_infrastructure_v3.py took 0.096 seconds
[2026-07-26T08:45:05.715+0000] {processor.py:186} INFO - Started process (PID=4112) to work on /opt/airflow/dags/setup_lakehouse_infrastructure_v3.py
[2026-07-26T08:45:05.716+0000] {processor.py:914} INFO - Processing file /opt/airflow/dags/setup_lakehouse_infrastructure_v3.py for tasks to queue
[2026-07-26T08:45:05.718+0000] {logging_mixin.py:190} INFO - [2026-07-26T08:45:05.717+0000] {dagbag.py:588} INFO - Filling up the DagBag from /opt/airflow/dags/setup_lakehouse_infrastructure_v3.py
[2026-07-26T08:45:05.748+0000] {processor.py:925} INFO - DAG(s) 'setup_lakehouse_infrastructure_v3' retrieved from /opt/airflow/dags/setup_lakehouse_infrastructure_v3.py
[2026-07-26T08:45:05.782+0000] {logging_mixin.py:190} INFO - [2026-07-26T08:45:05.781+0000] {dag.py:3239} INFO - Sync 1 DAGs
[2026-07-26T08:45:05.808+0000] {logging_mixin.py:190} INFO - [2026-07-26T08:45:05.807+0000] {dag.py:4180} INFO - Setting next_dagrun for setup_lakehouse_infrastructure_v3 to None, run_after=None
[2026-07-26T08:45:05.952+0000] {processor.py:208} INFO - Processing /opt/airflow/dags/setup_lakehouse_infrastructure_v3.py took 0.244 seconds
[2026-07-26T08:45:36.100+0000] {processor.py:186} INFO - Started process (PID=4205) to work on /opt/airflow/dags/setup_lakehouse_infrastructure_v3.py
[2026-07-26T08:45:36.100+0000] {processor.py:914} INFO - Processing file /opt/airflow/dags/setup_lakehouse_infrastructure_v3.py for tasks to queue
[2026-07-26T08:45:36.102+0000] {logging_mixin.py:190} INFO - [2026-07-26T08:45:36.102+0000] {dagbag.py:588} INFO - Filling up the DagBag from /opt/airflow/dags/setup_lakehouse_infrastructure_v3.py
[2026-07-26T08:45:36.126+0000] {processor.py:925} INFO - DAG(s) 'setup_lakehouse_infrastructure_v3' retrieved from /opt/airflow/dags/setup_lakehouse_infrastructure_v3.py
[2026-07-26T08:45:36.151+0000] {logging_mixin.py:190} INFO - [2026-07-26T08:45:36.151+0000] {dag.py:3239} INFO - Sync 1 DAGs
[2026-07-26T08:45:36.356+0000] {logging_mixin.py:190} INFO - [2026-07-26T08:45:36.356+0000] {dag.py:4180} INFO - Setting next_dagrun for setup_lakehouse_infrastructure_v3 to None, run_after=None
[2026-07-26T08:45:36.377+0000] {processor.py:208} INFO - Processing /opt/airflow/dags/setup_lakehouse_infrastructure_v3.py took 0.283 seconds
[2026-07-26T08:46:06.491+0000] {processor.py:186} INFO - Started process (PID=4298) to work on /opt/airflow/dags/setup_lakehouse_infrastructure_v3.py
[2026-07-26T08:46:06.493+0000] {processor.py:914} INFO - Processing file /opt/airflow/dags/setup_lakehouse_infrastructure_v3.py for tasks to queue
[2026-07-26T08:46:06.494+0000] {logging_mixin.py:190} INFO - [2026-07-26T08:46:06.494+0000] {dagbag.py:588} INFO - Filling up the DagBag from /opt/airflow/dags/setup_lakehouse_infrastructure_v3.py
[2026-07-26T08:46:06.519+0000] {processor.py:925} INFO - DAG(s) 'setup_lakehouse_infrastructure_v3' retrieved from /opt/airflow/dags/setup_lakehouse_infrastructure_v3.py
[2026-07-26T08:46:06.543+0000] {logging_mixin.py:190} INFO - [2026-07-26T08:46:06.543+0000] {dag.py:3239} INFO - Sync 1 DAGs
[2026-07-26T08:46:06.564+0000] {logging_mixin.py:190} INFO - [2026-07-26T08:46:06.563+0000] {dag.py:4180} INFO - Setting next_dagrun for setup_lakehouse_infrastructure_v3 to None, run_after=None
[2026-07-26T08:46:06.582+0000] {processor.py:208} INFO - Processing /opt/airflow/dags/setup_lakehouse_infrastructure_v3.py took 0.096 seconds
[2026-07-26T08:46:37.680+0000] {processor.py:186} INFO - Started process (PID=4391) to work on /opt/airflow/dags/setup_lakehouse_infrastructure_v3.py
[2026-07-26T08:46:37.681+0000] {processor.py:914} INFO - Processing file /opt/airflow/dags/setup_lakehouse_infrastructure_v3.py for tasks to queue
[2026-07-26T08:46:37.682+0000] {logging_mixin.py:190} INFO - [2026-07-26T08:46:37.682+0000] {dagbag.py:588} INFO - Filling up the DagBag from /opt/airflow/dags/setup_lakehouse_infrastructure_v3.py
[2026-07-26T08:46:37.710+0000] {processor.py:925} INFO - DAG(s) 'setup_lakehouse_infrastructure_v3' retrieved from /opt/airflow/dags/setup_lakehouse_infrastructure_v3.py
[2026-07-26T08:46:37.733+0000] {logging_mixin.py:190} INFO - [2026-07-26T08:46:37.733+0000] {dag.py:3239} INFO - Sync 1 DAGs
[2026-07-26T08:46:37.756+0000] {logging_mixin.py:190} INFO - [2026-07-26T08:46:37.756+0000] {dag.py:4180} INFO - Setting next_dagrun for setup_lakehouse_infrastructure_v3 to None, run_after=None
[2026-07-26T08:46:37.781+0000] {processor.py:208} INFO - Processing /opt/airflow/dags/setup_lakehouse_infrastructure_v3.py took 0.107 seconds
[2026-07-26T08:47:08.159+0000] {processor.py:186} INFO - Started process (PID=4481) to work on /opt/airflow/dags/setup_lakehouse_infrastructure_v3.py
[2026-07-26T08:47:08.160+0000] {processor.py:914} INFO - Processing file /opt/airflow/dags/setup_lakehouse_infrastructure_v3.py for tasks to queue
[2026-07-26T08:47:08.161+0000] {logging_mixin.py:190} INFO - [2026-07-26T08:47:08.161+0000] {dagbag.py:588} INFO - Filling up the DagBag from /opt/airflow/dags/setup_lakehouse_infrastructure_v3.py
[2026-07-26T08:47:08.182+0000] {processor.py:925} INFO - DAG(s) 'setup_lakehouse_infrastructure_v3' retrieved from /opt/airflow/dags/setup_lakehouse_infrastructure_v3.py
[2026-07-26T08:47:08.206+0000] {logging_mixin.py:190} INFO - [2026-07-26T08:47:08.206+0000] {dag.py:3239} INFO - Sync 1 DAGs
[2026-07-26T08:47:08.227+0000] {logging_mixin.py:190} INFO - [2026-07-26T08:47:08.227+0000] {dag.py:4180} INFO - Setting next_dagrun for setup_lakehouse_infrastructure_v3 to None, run_after=None
[2026-07-26T08:47:08.247+0000] {processor.py:208} INFO - Processing /opt/airflow/dags/setup_lakehouse_infrastructure_v3.py took 0.095 seconds
[2026-07-26T08:47:38.378+0000] {processor.py:186} INFO - Started process (PID=4574) to work on /opt/airflow/dags/setup_lakehouse_infrastructure_v3.py
[2026-07-26T08:47:38.379+0000] {processor.py:914} INFO - Processing file /opt/airflow/dags/setup_lakehouse_infrastructure_v3.py for tasks to queue
[2026-07-26T08:47:38.381+0000] {logging_mixin.py:190} INFO - [2026-07-26T08:47:38.381+0000] {dagbag.py:588} INFO - Filling up the DagBag from /opt/airflow/dags/setup_lakehouse_infrastructure_v3.py
[2026-07-26T08:47:38.408+0000] {processor.py:925} INFO - DAG(s) 'setup_lakehouse_infrastructure_v3' retrieved from /opt/airflow/dags/setup_lakehouse_infrastructure_v3.py
[2026-07-26T08:47:38.430+0000] {logging_mixin.py:190} INFO - [2026-07-26T08:47:38.430+0000] {dag.py:3239} INFO - Sync 1 DAGs
[2026-07-26T08:47:38.450+0000] {logging_mixin.py:190} INFO - [2026-07-26T08:47:38.450+0000] {dag.py:4180} INFO - Setting next_dagrun for setup_lakehouse_infrastructure_v3 to None, run_after=None
[2026-07-26T08:47:38.468+0000] {processor.py:208} INFO - Processing /opt/airflow/dags/setup_lakehouse_infrastructure_v3.py took 0.096 seconds
[2026-07-26T08:48:08.749+0000] {processor.py:186} INFO - Started process (PID=4665) to work on /opt/airflow/dags/setup_lakehouse_infrastructure_v3.py
[2026-07-26T08:48:08.750+0000] {processor.py:914} INFO - Processing file /opt/airflow/dags/setup_lakehouse_infrastructure_v3.py for tasks to queue
[2026-07-26T08:48:08.752+0000] {logging_mixin.py:190} INFO - [2026-07-26T08:48:08.751+0000] {dagbag.py:588} INFO - Filling up the DagBag from /opt/airflow/dags/setup_lakehouse_infrastructure_v3.py
[2026-07-26T08:48:08.779+0000] {processor.py:925} INFO - DAG(s) 'setup_lakehouse_infrastructure_v3' retrieved from /opt/airflow/dags/setup_lakehouse_infrastructure_v3.py
[2026-07-26T08:48:08.803+0000] {logging_mixin.py:190} INFO - [2026-07-26T08:48:08.803+0000] {dag.py:3239} INFO - Sync 1 DAGs
[2026-07-26T08:48:08.825+0000] {logging_mixin.py:190} INFO - [2026-07-26T08:48:08.825+0000] {dag.py:4180} INFO - Setting next_dagrun for setup_lakehouse_infrastructure_v3 to None, run_after=None
[2026-07-26T08:48:08.848+0000] {processor.py:208} INFO - Processing /opt/airflow/dags/setup_lakehouse_infrastructure_v3.py took 0.105 seconds
[2026-07-26T08:48:39.559+0000] {processor.py:186} INFO - Started process (PID=4755) to work on /opt/airflow/dags/setup_lakehouse_infrastructure_v3.py
[2026-07-26T08:48:39.560+0000] {processor.py:914} INFO - Processing file /opt/airflow/dags/setup_lakehouse_infrastructure_v3.py for tasks to queue
[2026-07-26T08:48:39.561+0000] {logging_mixin.py:190} INFO - [2026-07-26T08:48:39.561+0000] {dagbag.py:588} INFO - Filling up the DagBag from /opt/airflow/dags/setup_lakehouse_infrastructure_v3.py
[2026-07-26T08:48:39.589+0000] {processor.py:925} INFO - DAG(s) 'setup_lakehouse_infrastructure_v3' retrieved from /opt/airflow/dags/setup_lakehouse_infrastructure_v3.py
[2026-07-26T08:48:39.614+0000] {logging_mixin.py:190} INFO - [2026-07-26T08:48:39.613+0000] {dag.py:3239} INFO - Sync 1 DAGs
[2026-07-26T08:48:39.635+0000] {logging_mixin.py:190} INFO - [2026-07-26T08:48:39.635+0000] {dag.py:4180} INFO - Setting next_dagrun for setup_lakehouse_infrastructure_v3 to None, run_after=None
[2026-07-26T08:48:39.655+0000] {processor.py:208} INFO - Processing /opt/airflow/dags/setup_lakehouse_infrastructure_v3.py took 0.104 seconds
[2026-07-26T08:49:10.117+0000] {processor.py:186} INFO - Started process (PID=4848) to work on /opt/airflow/dags/setup_lakehouse_infrastructure_v3.py
[2026-07-26T08:49:10.118+0000] {processor.py:914} INFO - Processing file /opt/airflow/dags/setup_lakehouse_infrastructure_v3.py for tasks to queue
[2026-07-26T08:49:10.120+0000] {logging_mixin.py:190} INFO - [2026-07-26T08:49:10.119+0000] {dagbag.py:588} INFO - Filling up the DagBag from /opt/airflow/dags/setup_lakehouse_infrastructure_v3.py
[2026-07-26T08:49:10.148+0000] {processor.py:925} INFO - DAG(s) 'setup_lakehouse_infrastructure_v3' retrieved from /opt/airflow/dags/setup_lakehouse_infrastructure_v3.py
[2026-07-26T08:49:10.171+0000] {logging_mixin.py:190} INFO - [2026-07-26T08:49:10.170+0000] {dag.py:3239} INFO - Sync 1 DAGs
[2026-07-26T08:49:10.192+0000] {logging_mixin.py:190} INFO - [2026-07-26T08:49:10.192+0000] {dag.py:4180} INFO - Setting next_dagrun for setup_lakehouse_infrastructure_v3 to None, run_after=None
[2026-07-26T08:49:10.209+0000] {processor.py:208} INFO - Processing /opt/airflow/dags/setup_lakehouse_infrastructure_v3.py took 0.099 seconds
[2026-07-26T08:49:40.770+0000] {processor.py:186} INFO - Started process (PID=4941) to work on /opt/airflow/dags/setup_lakehouse_infrastructure_v3.py
[2026-07-26T08:49:40.771+0000] {processor.py:914} INFO - Processing file /opt/airflow/dags/setup_lakehouse_infrastructure_v3.py for tasks to queue
[2026-07-26T08:49:40.772+0000] {logging_mixin.py:190} INFO - [2026-07-26T08:49:40.772+0000] {dagbag.py:588} INFO - Filling up the DagBag from /opt/airflow/dags/setup_lakehouse_infrastructure_v3.py
[2026-07-26T08:49:40.799+0000] {processor.py:925} INFO - DAG(s) 'setup_lakehouse_infrastructure_v3' retrieved from /opt/airflow/dags/setup_lakehouse_infrastructure_v3.py
[2026-07-26T08:49:40.823+0000] {logging_mixin.py:190} INFO - [2026-07-26T08:49:40.822+0000] {dag.py:3239} INFO - Sync 1 DAGs
[2026-07-26T08:49:40.843+0000] {logging_mixin.py:190} INFO - [2026-07-26T08:49:40.843+0000] {dag.py:4180} INFO - Setting next_dagrun for setup_lakehouse_infrastructure_v3 to None, run_after=None
[2026-07-26T08:49:40.861+0000] {processor.py:208} INFO - Processing /opt/airflow/dags/setup_lakehouse_infrastructure_v3.py took 0.097 seconds
[2026-07-26T08:50:11.477+0000] {processor.py:186} INFO - Started process (PID=5032) to work on /opt/airflow/dags/setup_lakehouse_infrastructure_v3.py
[2026-07-26T08:50:11.478+0000] {processor.py:914} INFO - Processing file /opt/airflow/dags/setup_lakehouse_infrastructure_v3.py for tasks to queue
[2026-07-26T08:50:11.479+0000] {logging_mixin.py:190} INFO - [2026-07-26T08:50:11.479+0000] {dagbag.py:588} INFO - Filling up the DagBag from /opt/airflow/dags/setup_lakehouse_infrastructure_v3.py
[2026-07-26T08:50:11.507+0000] {processor.py:925} INFO - DAG(s) 'setup_lakehouse_infrastructure_v3' retrieved from /opt/airflow/dags/setup_lakehouse_infrastructure_v3.py
[2026-07-26T08:50:11.533+0000] {logging_mixin.py:190} INFO - [2026-07-26T08:50:11.533+0000] {dag.py:3239} INFO - Sync 1 DAGs
[2026-07-26T08:50:11.558+0000] {logging_mixin.py:190} INFO - [2026-07-26T08:50:11.557+0000] {dag.py:4180} INFO - Setting next_dagrun for setup_lakehouse_infrastructure_v3 to None, run_after=None
[2026-07-26T08:50:11.578+0000] {processor.py:208} INFO - Processing /opt/airflow/dags/setup_lakehouse_infrastructure_v3.py took 0.109 seconds
[2026-07-26T08:50:42.122+0000] {processor.py:186} INFO - Started process (PID=5122) to work on /opt/airflow/dags/setup_lakehouse_infrastructure_v3.py
[2026-07-26T08:50:42.123+0000] {processor.py:914} INFO - Processing file /opt/airflow/dags/setup_lakehouse_infrastructure_v3.py for tasks to queue
[2026-07-26T08:50:42.125+0000] {logging_mixin.py:190} INFO - [2026-07-26T08:50:42.125+0000] {dagbag.py:588} INFO - Filling up the DagBag from /opt/airflow/dags/setup_lakehouse_infrastructure_v3.py
[2026-07-26T08:50:42.151+0000] {processor.py:925} INFO - DAG(s) 'setup_lakehouse_infrastructure_v3' retrieved from /opt/airflow/dags/setup_lakehouse_infrastructure_v3.py
[2026-07-26T08:50:42.175+0000] {logging_mixin.py:190} INFO - [2026-07-26T08:50:42.175+0000] {dag.py:3239} INFO - Sync 1 DAGs
[2026-07-26T08:50:42.196+0000] {logging_mixin.py:190} INFO - [2026-07-26T08:50:42.196+0000] {dag.py:4180} INFO - Setting next_dagrun for setup_lakehouse_infrastructure_v3 to None, run_after=None
[2026-07-26T08:50:42.215+0000] {processor.py:208} INFO - Processing /opt/airflow/dags/setup_lakehouse_infrastructure_v3.py took 0.099 seconds
[2026-07-26T08:51:12.523+0000] {processor.py:186} INFO - Started process (PID=5215) to work on /opt/airflow/dags/setup_lakehouse_infrastructure_v3.py
[2026-07-26T08:51:12.524+0000] {processor.py:914} INFO - Processing file /opt/airflow/dags/setup_lakehouse_infrastructure_v3.py for tasks to queue
[2026-07-26T08:51:12.525+0000] {logging_mixin.py:190} INFO - [2026-07-26T08:51:12.525+0000] {dagbag.py:588} INFO - Filling up the DagBag from /opt/airflow/dags/setup_lakehouse_infrastructure_v3.py
[2026-07-26T08:51:12.545+0000] {processor.py:925} INFO - DAG(s) 'setup_lakehouse_infrastructure_v3' retrieved from /opt/airflow/dags/setup_lakehouse_infrastructure_v3.py
[2026-07-26T08:51:12.570+0000] {logging_mixin.py:190} INFO - [2026-07-26T08:51:12.570+0000] {dag.py:3239} INFO - Sync 1 DAGs
[2026-07-26T08:51:12.594+0000] {logging_mixin.py:190} INFO - [2026-07-26T08:51:12.594+0000] {dag.py:4180} INFO - Setting next_dagrun for setup_lakehouse_infrastructure_v3 to None, run_after=None
[2026-07-26T08:51:12.616+0000] {processor.py:208} INFO - Processing /opt/airflow/dags/setup_lakehouse_infrastructure_v3.py took 0.099 seconds
[2026-07-26T08:51:43.711+0000] {processor.py:186} INFO - Started process (PID=5306) to work on /opt/airflow/dags/setup_lakehouse_infrastructure_v3.py
[2026-07-26T08:51:43.712+0000] {processor.py:914} INFO - Processing file /opt/airflow/dags/setup_lakehouse_infrastructure_v3.py for tasks to queue
[2026-07-26T08:51:43.714+0000] {logging_mixin.py:190} INFO - [2026-07-26T08:51:43.713+0000] {dagbag.py:588} INFO - Filling up the DagBag from /opt/airflow/dags/setup_lakehouse_infrastructure_v3.py
[2026-07-26T08:51:43.744+0000] {processor.py:925} INFO - DAG(s) 'setup_lakehouse_infrastructure_v3' retrieved from /opt/airflow/dags/setup_lakehouse_infrastructure_v3.py
[2026-07-26T08:51:43.769+0000] {logging_mixin.py:190} INFO - [2026-07-26T08:51:43.769+0000] {dag.py:3239} INFO - Sync 1 DAGs
[2026-07-26T08:51:43.800+0000] {logging_mixin.py:190} INFO - [2026-07-26T08:51:43.800+0000] {dag.py:4180} INFO - Setting next_dagrun for setup_lakehouse_infrastructure_v3 to None, run_after=None
[2026-07-26T08:51:43.821+0000] {processor.py:208} INFO - Processing /opt/airflow/dags/setup_lakehouse_infrastructure_v3.py took 0.116 seconds
[2026-07-26T08:52:14.407+0000] {processor.py:186} INFO - Started process (PID=5396) to work on /opt/airflow/dags/setup_lakehouse_infrastructure_v3.py
[2026-07-26T08:52:14.408+0000] {processor.py:914} INFO - Processing file /opt/airflow/dags/setup_lakehouse_infrastructure_v3.py for tasks to queue
[2026-07-26T08:52:14.410+0000] {logging_mixin.py:190} INFO - [2026-07-26T08:52:14.410+0000] {dagbag.py:588} INFO - Filling up the DagBag from /opt/airflow/dags/setup_lakehouse_infrastructure_v3.py
[2026-07-26T08:52:14.432+0000] {processor.py:925} INFO - DAG(s) 'setup_lakehouse_infrastructure_v3' retrieved from /opt/airflow/dags/setup_lakehouse_infrastructure_v3.py
[2026-07-26T08:52:14.464+0000] {logging_mixin.py:190} INFO - [2026-07-26T08:52:14.464+0000] {dag.py:3239} INFO - Sync 1 DAGs
[2026-07-26T08:52:14.497+0000] {logging_mixin.py:190} INFO - [2026-07-26T08:52:14.497+0000] {dag.py:4180} INFO - Setting next_dagrun for setup_lakehouse_infrastructure_v3 to None, run_after=None
[2026-07-26T08:52:14.528+0000] {processor.py:208} INFO - Processing /opt/airflow/dags/setup_lakehouse_infrastructure_v3.py took 0.126 seconds
[2026-07-26T08:52:45.060+0000] {processor.py:186} INFO - Started process (PID=5489) to work on /opt/airflow/dags/setup_lakehouse_infrastructure_v3.py
[2026-07-26T08:52:45.061+0000] {processor.py:914} INFO - Processing file /opt/airflow/dags/setup_lakehouse_infrastructure_v3.py for tasks to queue
[2026-07-26T08:52:45.062+0000] {logging_mixin.py:190} INFO - [2026-07-26T08:52:45.062+0000] {dagbag.py:588} INFO - Filling up the DagBag from /opt/airflow/dags/setup_lakehouse_infrastructure_v3.py
[2026-07-26T08:52:45.088+0000] {processor.py:925} INFO - DAG(s) 'setup_lakehouse_infrastructure_v3' retrieved from /opt/airflow/dags/setup_lakehouse_infrastructure_v3.py
[2026-07-26T08:52:45.111+0000] {logging_mixin.py:190} INFO - [2026-07-26T08:52:45.110+0000] {dag.py:3239} INFO - Sync 1 DAGs
[2026-07-26T08:52:45.133+0000] {logging_mixin.py:190} INFO - [2026-07-26T08:52:45.133+0000] {dag.py:4180} INFO - Setting next_dagrun for setup_lakehouse_infrastructure_v3 to None, run_after=None
[2026-07-26T08:52:45.152+0000] {processor.py:208} INFO - Processing /opt/airflow/dags/setup_lakehouse_infrastructure_v3.py took 0.098 seconds
[2026-07-26T08:53:15.296+0000] {processor.py:186} INFO - Started process (PID=5582) to work on /opt/airflow/dags/setup_lakehouse_infrastructure_v3.py
[2026-07-26T08:53:15.297+0000] {processor.py:914} INFO - Processing file /opt/airflow/dags/setup_lakehouse_infrastructure_v3.py for tasks to queue
[2026-07-26T08:53:15.298+0000] {logging_mixin.py:190} INFO - [2026-07-26T08:53:15.298+0000] {dagbag.py:588} INFO - Filling up the DagBag from /opt/airflow/dags/setup_lakehouse_infrastructure_v3.py
[2026-07-26T08:53:15.322+0000] {processor.py:925} INFO - DAG(s) 'setup_lakehouse_infrastructure_v3' retrieved from /opt/airflow/dags/setup_lakehouse_infrastructure_v3.py
[2026-07-26T08:53:15.344+0000] {logging_mixin.py:190} INFO - [2026-07-26T08:53:15.344+0000] {dag.py:3239} INFO - Sync 1 DAGs
[2026-07-26T08:53:15.364+0000] {logging_mixin.py:190} INFO - [2026-07-26T08:53:15.364+0000] {dag.py:4180} INFO - Setting next_dagrun for setup_lakehouse_infrastructure_v3 to None, run_after=None
[2026-07-26T08:53:15.382+0000] {processor.py:208} INFO - Processing /opt/airflow/dags/setup_lakehouse_infrastructure_v3.py took 0.092 seconds
[2026-07-26T08:53:45.688+0000] {processor.py:186} INFO - Started process (PID=5673) to work on /opt/airflow/dags/setup_lakehouse_infrastructure_v3.py
[2026-07-26T08:53:45.689+0000] {processor.py:914} INFO - Processing file /opt/airflow/dags/setup_lakehouse_infrastructure_v3.py for tasks to queue
[2026-07-26T08:53:45.691+0000] {logging_mixin.py:190} INFO - [2026-07-26T08:53:45.690+0000] {dagbag.py:588} INFO - Filling up the DagBag from /opt/airflow/dags/setup_lakehouse_infrastructure_v3.py
[2026-07-26T08:53:45.720+0000] {processor.py:925} INFO - DAG(s) 'setup_lakehouse_infrastructure_v3' retrieved from /opt/airflow/dags/setup_lakehouse_infrastructure_v3.py
[2026-07-26T08:53:45.746+0000] {logging_mixin.py:190} INFO - [2026-07-26T08:53:45.746+0000] {dag.py:3239} INFO - Sync 1 DAGs
[2026-07-26T08:53:45.769+0000] {logging_mixin.py:190} INFO - [2026-07-26T08:53:45.768+0000] {dag.py:4180} INFO - Setting next_dagrun for setup_lakehouse_infrastructure_v3 to None, run_after=None
[2026-07-26T08:53:45.788+0000] {processor.py:208} INFO - Processing /opt/airflow/dags/setup_lakehouse_infrastructure_v3.py took 0.106 seconds
[2026-07-26T08:54:16.447+0000] {processor.py:186} INFO - Started process (PID=5763) to work on /opt/airflow/dags/setup_lakehouse_infrastructure_v3.py
[2026-07-26T08:54:16.448+0000] {processor.py:914} INFO - Processing file /opt/airflow/dags/setup_lakehouse_infrastructure_v3.py for tasks to queue
[2026-07-26T08:54:16.449+0000] {logging_mixin.py:190} INFO - [2026-07-26T08:54:16.449+0000] {dagbag.py:588} INFO - Filling up the DagBag from /opt/airflow/dags/setup_lakehouse_infrastructure_v3.py
[2026-07-26T08:54:16.473+0000] {processor.py:925} INFO - DAG(s) 'setup_lakehouse_infrastructure_v3' retrieved from /opt/airflow/dags/setup_lakehouse_infrastructure_v3.py
[2026-07-26T08:54:16.497+0000] {logging_mixin.py:190} INFO - [2026-07-26T08:54:16.496+0000] {dag.py:3239} INFO - Sync 1 DAGs
[2026-07-26T08:54:16.517+0000] {logging_mixin.py:190} INFO - [2026-07-26T08:54:16.516+0000] {dag.py:4180} INFO - Setting next_dagrun for setup_lakehouse_infrastructure_v3 to None, run_after=None
[2026-07-26T08:54:16.534+0000] {processor.py:208} INFO - Processing /opt/airflow/dags/setup_lakehouse_infrastructure_v3.py took 0.093 seconds
[2026-07-26T08:54:47.052+0000] {processor.py:186} INFO - Started process (PID=5856) to work on /opt/airflow/dags/setup_lakehouse_infrastructure_v3.py
[2026-07-26T08:54:47.053+0000] {processor.py:914} INFO - Processing file /opt/airflow/dags/setup_lakehouse_infrastructure_v3.py for tasks to queue
[2026-07-26T08:54:47.054+0000] {logging_mixin.py:190} INFO - [2026-07-26T08:54:47.054+0000] {dagbag.py:588} INFO - Filling up the DagBag from /opt/airflow/dags/setup_lakehouse_infrastructure_v3.py
[2026-07-26T08:54:47.081+0000] {processor.py:925} INFO - DAG(s) 'setup_lakehouse_infrastructure_v3' retrieved from /opt/airflow/dags/setup_lakehouse_infrastructure_v3.py
[2026-07-26T08:54:47.104+0000] {logging_mixin.py:190} INFO - [2026-07-26T08:54:47.104+0000] {dag.py:3239} INFO - Sync 1 DAGs
[2026-07-26T08:54:47.124+0000] {logging_mixin.py:190} INFO - [2026-07-26T08:54:47.124+0000] {dag.py:4180} INFO - Setting next_dagrun for setup_lakehouse_infrastructure_v3 to None, run_after=None
[2026-07-26T08:54:47.143+0000] {processor.py:208} INFO - Processing /opt/airflow/dags/setup_lakehouse_infrastructure_v3.py took 0.097 seconds
[2026-07-26T08:55:17.654+0000] {processor.py:186} INFO - Started process (PID=5947) to work on /opt/airflow/dags/setup_lakehouse_infrastructure_v3.py
[2026-07-26T08:55:17.655+0000] {processor.py:914} INFO - Processing file /opt/airflow/dags/setup_lakehouse_infrastructure_v3.py for tasks to queue
[2026-07-26T08:55:17.657+0000] {logging_mixin.py:190} INFO - [2026-07-26T08:55:17.656+0000] {dagbag.py:588} INFO - Filling up the DagBag from /opt/airflow/dags/setup_lakehouse_infrastructure_v3.py
[2026-07-26T08:55:17.685+0000] {processor.py:925} INFO - DAG(s) 'setup_lakehouse_infrastructure_v3' retrieved from /opt/airflow/dags/setup_lakehouse_infrastructure_v3.py
[2026-07-26T08:55:17.711+0000] {logging_mixin.py:190} INFO - [2026-07-26T08:55:17.711+0000] {dag.py:3239} INFO - Sync 1 DAGs
[2026-07-26T08:55:17.733+0000] {logging_mixin.py:190} INFO - [2026-07-26T08:55:17.733+0000] {dag.py:4180} INFO - Setting next_dagrun for setup_lakehouse_infrastructure_v3 to None, run_after=None
[2026-07-26T08:55:17.753+0000] {processor.py:208} INFO - Processing /opt/airflow/dags/setup_lakehouse_infrastructure_v3.py took 0.103 seconds
[2026-07-26T08:55:48.842+0000] {processor.py:186} INFO - Started process (PID=6040) to work on /opt/airflow/dags/setup_lakehouse_infrastructure_v3.py
[2026-07-26T08:55:48.844+0000] {processor.py:914} INFO - Processing file /opt/airflow/dags/setup_lakehouse_infrastructure_v3.py for tasks to queue
[2026-07-26T08:55:48.845+0000] {logging_mixin.py:190} INFO - [2026-07-26T08:55:48.845+0000] {dagbag.py:588} INFO - Filling up the DagBag from /opt/airflow/dags/setup_lakehouse_infrastructure_v3.py
[2026-07-26T08:55:48.870+0000] {processor.py:925} INFO - DAG(s) 'setup_lakehouse_infrastructure_v3' retrieved from /opt/airflow/dags/setup_lakehouse_infrastructure_v3.py
[2026-07-26T08:55:48.893+0000] {logging_mixin.py:190} INFO - [2026-07-26T08:55:48.892+0000] {dag.py:3239} INFO - Sync 1 DAGs
[2026-07-26T08:55:48.914+0000] {logging_mixin.py:190} INFO - [2026-07-26T08:55:48.914+0000] {dag.py:4180} INFO - Setting next_dagrun for setup_lakehouse_infrastructure_v3 to None, run_after=None
[2026-07-26T08:55:48.934+0000] {processor.py:208} INFO - Processing /opt/airflow/dags/setup_lakehouse_infrastructure_v3.py took 0.097 seconds
[2026-07-26T08:56:19.299+0000] {processor.py:186} INFO - Started process (PID=6130) to work on /opt/airflow/dags/setup_lakehouse_infrastructure_v3.py
[2026-07-26T08:56:19.300+0000] {processor.py:914} INFO - Processing file /opt/airflow/dags/setup_lakehouse_infrastructure_v3.py for tasks to queue
[2026-07-26T08:56:19.301+0000] {logging_mixin.py:190} INFO - [2026-07-26T08:56:19.301+0000] {dagbag.py:588} INFO - Filling up the DagBag from /opt/airflow/dags/setup_lakehouse_infrastructure_v3.py
[2026-07-26T08:56:19.323+0000] {processor.py:925} INFO - DAG(s) 'setup_lakehouse_infrastructure_v3' retrieved from /opt/airflow/dags/setup_lakehouse_infrastructure_v3.py
[2026-07-26T08:56:19.344+0000] {logging_mixin.py:190} INFO - [2026-07-26T08:56:19.344+0000] {dag.py:3239} INFO - Sync 1 DAGs
[2026-07-26T08:56:19.364+0000] {logging_mixin.py:190} INFO - [2026-07-26T08:56:19.363+0000] {dag.py:4180} INFO - Setting next_dagrun for setup_lakehouse_infrastructure_v3 to None, run_after=None
[2026-07-26T08:56:19.384+0000] {processor.py:208} INFO - Processing /opt/airflow/dags/setup_lakehouse_infrastructure_v3.py took 0.090 seconds
[2026-07-26T08:56:50.097+0000] {processor.py:186} INFO - Started process (PID=6223) to work on /opt/airflow/dags/setup_lakehouse_infrastructure_v3.py
[2026-07-26T08:56:50.098+0000] {processor.py:914} INFO - Processing file /opt/airflow/dags/setup_lakehouse_infrastructure_v3.py for tasks to queue
[2026-07-26T08:56:50.099+0000] {logging_mixin.py:190} INFO - [2026-07-26T08:56:50.098+0000] {dagbag.py:588} INFO - Filling up the DagBag from /opt/airflow/dags/setup_lakehouse_infrastructure_v3.py
[2026-07-26T08:56:50.122+0000] {processor.py:925} INFO - DAG(s) 'setup_lakehouse_infrastructure_v3' retrieved from /opt/airflow/dags/setup_lakehouse_infrastructure_v3.py
[2026-07-26T08:56:50.144+0000] {logging_mixin.py:190} INFO - [2026-07-26T08:56:50.144+0000] {dag.py:3239} INFO - Sync 1 DAGs
[2026-07-26T08:56:50.166+0000] {logging_mixin.py:190} INFO - [2026-07-26T08:56:50.166+0000] {dag.py:4180} INFO - Setting next_dagrun for setup_lakehouse_infrastructure_v3 to None, run_after=None
[2026-07-26T08:56:50.184+0000] {processor.py:208} INFO - Processing /opt/airflow/dags/setup_lakehouse_infrastructure_v3.py took 0.092 seconds
[2026-07-26T08:57:21.074+0000] {processor.py:186} INFO - Started process (PID=6314) to work on /opt/airflow/dags/setup_lakehouse_infrastructure_v3.py
[2026-07-26T08:57:21.075+0000] {processor.py:914} INFO - Processing file /opt/airflow/dags/setup_lakehouse_infrastructure_v3.py for tasks to queue
[2026-07-26T08:57:21.077+0000] {logging_mixin.py:190} INFO - [2026-07-26T08:57:21.076+0000] {dagbag.py:588} INFO - Filling up the DagBag from /opt/airflow/dags/setup_lakehouse_infrastructure_v3.py
[2026-07-26T08:57:21.100+0000] {processor.py:925} INFO - DAG(s) 'setup_lakehouse_infrastructure_v3' retrieved from /opt/airflow/dags/setup_lakehouse_infrastructure_v3.py
[2026-07-26T08:57:21.123+0000] {logging_mixin.py:190} INFO - [2026-07-26T08:57:21.122+0000] {dag.py:3239} INFO - Sync 1 DAGs
[2026-07-26T08:57:21.143+0000] {logging_mixin.py:190} INFO - [2026-07-26T08:57:21.143+0000] {dag.py:4180} INFO - Setting next_dagrun for setup_lakehouse_infrastructure_v3 to None, run_after=None
[2026-07-26T08:57:21.173+0000] {processor.py:208} INFO - Processing /opt/airflow/dags/setup_lakehouse_infrastructure_v3.py took 0.104 seconds
[2026-07-26T10:04:09.353+0000] {processor.py:186} INFO - Started process (PID=180) to work on /opt/airflow/dags/setup_lakehouse_infrastructure_v3.py
[2026-07-26T10:04:09.355+0000] {processor.py:914} INFO - Processing file /opt/airflow/dags/setup_lakehouse_infrastructure_v3.py for tasks to queue
[2026-07-26T10:04:09.360+0000] {logging_mixin.py:190} INFO - [2026-07-26T10:04:09.359+0000] {dagbag.py:588} INFO - Filling up the DagBag from /opt/airflow/dags/setup_lakehouse_infrastructure_v3.py
[2026-07-26T10:04:09.393+0000] {processor.py:925} INFO - DAG(s) 'setup_lakehouse_infrastructure_v3' retrieved from /opt/airflow/dags/setup_lakehouse_infrastructure_v3.py
[2026-07-26T10:04:09.439+0000] {logging_mixin.py:190} INFO - [2026-07-26T10:04:09.438+0000] {dag.py:3239} INFO - Sync 1 DAGs
[2026-07-26T10:04:09.482+0000] {logging_mixin.py:190} INFO - [2026-07-26T10:04:09.482+0000] {dag.py:4180} INFO - Setting next_dagrun for setup_lakehouse_infrastructure_v3 to None, run_after=None
[2026-07-26T10:04:09.517+0000] {processor.py:208} INFO - Processing /opt/airflow/dags/setup_lakehouse_infrastructure_v3.py took 0.170 seconds
[2026-07-26T10:04:39.695+0000] {processor.py:186} INFO - Started process (PID=273) to work on /opt/airflow/dags/setup_lakehouse_infrastructure_v3.py
[2026-07-26T10:04:39.696+0000] {processor.py:914} INFO - Processing file /opt/airflow/dags/setup_lakehouse_infrastructure_v3.py for tasks to queue
[2026-07-26T10:04:39.698+0000] {logging_mixin.py:190} INFO - [2026-07-26T10:04:39.698+0000] {dagbag.py:588} INFO - Filling up the DagBag from /opt/airflow/dags/setup_lakehouse_infrastructure_v3.py
[2026-07-26T10:04:39.726+0000] {processor.py:925} INFO - DAG(s) 'setup_lakehouse_infrastructure_v3' retrieved from /opt/airflow/dags/setup_lakehouse_infrastructure_v3.py
[2026-07-26T10:04:39.754+0000] {logging_mixin.py:190} INFO - [2026-07-26T10:04:39.753+0000] {dag.py:3239} INFO - Sync 1 DAGs
[2026-07-26T10:04:39.778+0000] {logging_mixin.py:190} INFO - [2026-07-26T10:04:39.778+0000] {dag.py:4180} INFO - Setting next_dagrun for setup_lakehouse_infrastructure_v3 to None, run_after=None
[2026-07-26T10:04:39.796+0000] {processor.py:208} INFO - Processing /opt/airflow/dags/setup_lakehouse_infrastructure_v3.py took 0.108 seconds
[2026-07-26T10:05:10.077+0000] {processor.py:186} INFO - Started process (PID=366) to work on /opt/airflow/dags/setup_lakehouse_infrastructure_v3.py
[2026-07-26T10:05:10.078+0000] {processor.py:914} INFO - Processing file /opt/airflow/dags/setup_lakehouse_infrastructure_v3.py for tasks to queue
[2026-07-26T10:05:10.080+0000] {logging_mixin.py:190} INFO - [2026-07-26T10:05:10.080+0000] {dagbag.py:588} INFO - Filling up the DagBag from /opt/airflow/dags/setup_lakehouse_infrastructure_v3.py
[2026-07-26T10:05:10.107+0000] {processor.py:925} INFO - DAG(s) 'setup_lakehouse_infrastructure_v3' retrieved from /opt/airflow/dags/setup_lakehouse_infrastructure_v3.py
[2026-07-26T10:05:10.130+0000] {logging_mixin.py:190} INFO - [2026-07-26T10:05:10.129+0000] {dag.py:3239} INFO - Sync 1 DAGs
[2026-07-26T10:05:10.154+0000] {logging_mixin.py:190} INFO - [2026-07-26T10:05:10.153+0000] {dag.py:4180} INFO - Setting next_dagrun for setup_lakehouse_infrastructure_v3 to None, run_after=None
[2026-07-26T10:05:10.172+0000] {processor.py:208} INFO - Processing /opt/airflow/dags/setup_lakehouse_infrastructure_v3.py took 0.100 seconds
[2026-07-26T10:05:40.672+0000] {processor.py:186} INFO - Started process (PID=454) to work on /opt/airflow/dags/setup_lakehouse_infrastructure_v3.py
[2026-07-26T10:05:40.673+0000] {processor.py:914} INFO - Processing file /opt/airflow/dags/setup_lakehouse_infrastructure_v3.py for tasks to queue
[2026-07-26T10:05:40.675+0000] {logging_mixin.py:190} INFO - [2026-07-26T10:05:40.675+0000] {dagbag.py:588} INFO - Filling up the DagBag from /opt/airflow/dags/setup_lakehouse_infrastructure_v3.py
[2026-07-26T10:05:40.702+0000] {processor.py:925} INFO - DAG(s) 'setup_lakehouse_infrastructure_v3' retrieved from /opt/airflow/dags/setup_lakehouse_infrastructure_v3.py
[2026-07-26T10:05:40.729+0000] {logging_mixin.py:190} INFO - [2026-07-26T10:05:40.728+0000] {dag.py:3239} INFO - Sync 1 DAGs
[2026-07-26T10:05:40.754+0000] {logging_mixin.py:190} INFO - [2026-07-26T10:05:40.754+0000] {dag.py:4180} INFO - Setting next_dagrun for setup_lakehouse_infrastructure_v3 to None, run_after=None
[2026-07-26T10:05:40.774+0000] {processor.py:208} INFO - Processing /opt/airflow/dags/setup_lakehouse_infrastructure_v3.py took 0.109 seconds
[2026-07-26T10:06:11.146+0000] {processor.py:186} INFO - Started process (PID=549) to work on /opt/airflow/dags/setup_lakehouse_infrastructure_v3.py
[2026-07-26T10:06:11.147+0000] {processor.py:914} INFO - Processing file /opt/airflow/dags/setup_lakehouse_infrastructure_v3.py for tasks to queue
[2026-07-26T10:06:11.149+0000] {logging_mixin.py:190} INFO - [2026-07-26T10:06:11.149+0000] {dagbag.py:588} INFO - Filling up the DagBag from /opt/airflow/dags/setup_lakehouse_infrastructure_v3.py
[2026-07-26T10:06:11.175+0000] {processor.py:925} INFO - DAG(s) 'setup_lakehouse_infrastructure_v3' retrieved from /opt/airflow/dags/setup_lakehouse_infrastructure_v3.py
[2026-07-26T10:06:11.197+0000] {logging_mixin.py:190} INFO - [2026-07-26T10:06:11.196+0000] {dag.py:3239} INFO - Sync 1 DAGs
[2026-07-26T10:06:11.219+0000] {logging_mixin.py:190} INFO - [2026-07-26T10:06:11.219+0000] {dag.py:4180} INFO - Setting next_dagrun for setup_lakehouse_infrastructure_v3 to None, run_after=None
[2026-07-26T10:06:11.238+0000] {processor.py:208} INFO - Processing /opt/airflow/dags/setup_lakehouse_infrastructure_v3.py took 0.098 seconds
[2026-07-26T10:06:41.913+0000] {processor.py:186} INFO - Started process (PID=642) to work on /opt/airflow/dags/setup_lakehouse_infrastructure_v3.py
[2026-07-26T10:06:41.914+0000] {processor.py:914} INFO - Processing file /opt/airflow/dags/setup_lakehouse_infrastructure_v3.py for tasks to queue
[2026-07-26T10:06:41.916+0000] {logging_mixin.py:190} INFO - [2026-07-26T10:06:41.916+0000] {dagbag.py:588} INFO - Filling up the DagBag from /opt/airflow/dags/setup_lakehouse_infrastructure_v3.py
[2026-07-26T10:06:41.940+0000] {processor.py:925} INFO - DAG(s) 'setup_lakehouse_infrastructure_v3' retrieved from /opt/airflow/dags/setup_lakehouse_infrastructure_v3.py
[2026-07-26T10:06:41.963+0000] {logging_mixin.py:190} INFO - [2026-07-26T10:06:41.962+0000] {dag.py:3239} INFO - Sync 1 DAGs
[2026-07-26T10:06:41.985+0000] {logging_mixin.py:190} INFO - [2026-07-26T10:06:41.985+0000] {dag.py:4180} INFO - Setting next_dagrun for setup_lakehouse_infrastructure_v3 to None, run_after=None
[2026-07-26T10:06:42.004+0000] {processor.py:208} INFO - Processing /opt/airflow/dags/setup_lakehouse_infrastructure_v3.py took 0.096 seconds
[2026-07-26T10:07:12.549+0000] {processor.py:186} INFO - Started process (PID=733) to work on /opt/airflow/dags/setup_lakehouse_infrastructure_v3.py
[2026-07-26T10:07:12.550+0000] {processor.py:914} INFO - Processing file /opt/airflow/dags/setup_lakehouse_infrastructure_v3.py for tasks to queue
[2026-07-26T10:07:12.552+0000] {logging_mixin.py:190} INFO - [2026-07-26T10:07:12.552+0000] {dagbag.py:588} INFO - Filling up the DagBag from /opt/airflow/dags/setup_lakehouse_infrastructure_v3.py
[2026-07-26T10:07:12.578+0000] {processor.py:925} INFO - DAG(s) 'setup_lakehouse_infrastructure_v3' retrieved from /opt/airflow/dags/setup_lakehouse_infrastructure_v3.py
[2026-07-26T10:07:12.601+0000] {logging_mixin.py:190} INFO - [2026-07-26T10:07:12.601+0000] {dag.py:3239} INFO - Sync 1 DAGs
[2026-07-26T10:07:12.627+0000] {logging_mixin.py:190} INFO - [2026-07-26T10:07:12.627+0000] {dag.py:4180} INFO - Setting next_dagrun for setup_lakehouse_infrastructure_v3 to None, run_after=None
[2026-07-26T10:07:12.647+0000] {processor.py:208} INFO - Processing /opt/airflow/dags/setup_lakehouse_infrastructure_v3.py took 0.104 seconds
[2026-07-26T10:07:42.804+0000] {processor.py:186} INFO - Started process (PID=823) to work on /opt/airflow/dags/setup_lakehouse_infrastructure_v3.py
[2026-07-26T10:07:42.805+0000] {processor.py:914} INFO - Processing file /opt/airflow/dags/setup_lakehouse_infrastructure_v3.py for tasks to queue
[2026-07-26T10:07:42.808+0000] {logging_mixin.py:190} INFO - [2026-07-26T10:07:42.808+0000] {dagbag.py:588} INFO - Filling up the DagBag from /opt/airflow/dags/setup_lakehouse_infrastructure_v3.py
[2026-07-26T10:07:42.834+0000] {processor.py:925} INFO - DAG(s) 'setup_lakehouse_infrastructure_v3' retrieved from /opt/airflow/dags/setup_lakehouse_infrastructure_v3.py
[2026-07-26T10:07:42.858+0000] {logging_mixin.py:190} INFO - [2026-07-26T10:07:42.857+0000] {dag.py:3239} INFO - Sync 1 DAGs
[2026-07-26T10:07:42.880+0000] {logging_mixin.py:190} INFO - [2026-07-26T10:07:42.879+0000] {dag.py:4180} INFO - Setting next_dagrun for setup_lakehouse_infrastructure_v3 to None, run_after=None
[2026-07-26T10:07:42.898+0000] {processor.py:208} INFO - Processing /opt/airflow/dags/setup_lakehouse_infrastructure_v3.py took 0.099 seconds
[2026-07-26T10:08:13.001+0000] {processor.py:186} INFO - Started process (PID=914) to work on /opt/airflow/dags/setup_lakehouse_infrastructure_v3.py
[2026-07-26T10:08:13.002+0000] {processor.py:914} INFO - Processing file /opt/airflow/dags/setup_lakehouse_infrastructure_v3.py for tasks to queue
[2026-07-26T10:08:13.005+0000] {logging_mixin.py:190} INFO - [2026-07-26T10:08:13.004+0000] {dagbag.py:588} INFO - Filling up the DagBag from /opt/airflow/dags/setup_lakehouse_infrastructure_v3.py
[2026-07-26T10:08:13.031+0000] {processor.py:925} INFO - DAG(s) 'setup_lakehouse_infrastructure_v3' retrieved from /opt/airflow/dags/setup_lakehouse_infrastructure_v3.py
[2026-07-26T10:08:13.061+0000] {logging_mixin.py:190} INFO - [2026-07-26T10:08:13.061+0000] {dag.py:3239} INFO - Sync 1 DAGs
[2026-07-26T10:08:13.087+0000] {logging_mixin.py:190} INFO - [2026-07-26T10:08:13.087+0000] {dag.py:4180} INFO - Setting next_dagrun for setup_lakehouse_infrastructure_v3 to None, run_after=None
[2026-07-26T10:08:13.105+0000] {processor.py:208} INFO - Processing /opt/airflow/dags/setup_lakehouse_infrastructure_v3.py took 0.113 seconds
[2026-07-26T10:08:43.347+0000] {processor.py:186} INFO - Started process (PID=1009) to work on /opt/airflow/dags/setup_lakehouse_infrastructure_v3.py
[2026-07-26T10:08:43.348+0000] {processor.py:914} INFO - Processing file /opt/airflow/dags/setup_lakehouse_infrastructure_v3.py for tasks to queue
[2026-07-26T10:08:43.351+0000] {logging_mixin.py:190} INFO - [2026-07-26T10:08:43.350+0000] {dagbag.py:588} INFO - Filling up the DagBag from /opt/airflow/dags/setup_lakehouse_infrastructure_v3.py
[2026-07-26T10:08:43.376+0000] {processor.py:925} INFO - DAG(s) 'setup_lakehouse_infrastructure_v3' retrieved from /opt/airflow/dags/setup_lakehouse_infrastructure_v3.py
[2026-07-26T10:08:43.398+0000] {logging_mixin.py:190} INFO - [2026-07-26T10:08:43.397+0000] {dag.py:3239} INFO - Sync 1 DAGs
[2026-07-26T10:08:43.417+0000] {logging_mixin.py:190} INFO - [2026-07-26T10:08:43.417+0000] {dag.py:4180} INFO - Setting next_dagrun for setup_lakehouse_infrastructure_v3 to None, run_after=None
[2026-07-26T10:08:43.435+0000] {processor.py:208} INFO - Processing /opt/airflow/dags/setup_lakehouse_infrastructure_v3.py took 0.093 seconds
[2026-07-26T10:09:14.427+0000] {processor.py:186} INFO - Started process (PID=1100) to work on /opt/airflow/dags/setup_lakehouse_infrastructure_v3.py
[2026-07-26T10:09:14.429+0000] {processor.py:914} INFO - Processing file /opt/airflow/dags/setup_lakehouse_infrastructure_v3.py for tasks to queue
[2026-07-26T10:09:14.433+0000] {logging_mixin.py:190} INFO - [2026-07-26T10:09:14.432+0000] {dagbag.py:588} INFO - Filling up the DagBag from /opt/airflow/dags/setup_lakehouse_infrastructure_v3.py
[2026-07-26T10:09:14.465+0000] {processor.py:925} INFO - DAG(s) 'setup_lakehouse_infrastructure_v3' retrieved from /opt/airflow/dags/setup_lakehouse_infrastructure_v3.py
[2026-07-26T10:09:14.488+0000] {logging_mixin.py:190} INFO - [2026-07-26T10:09:14.488+0000] {dag.py:3239} INFO - Sync 1 DAGs
[2026-07-26T10:09:14.509+0000] {logging_mixin.py:190} INFO - [2026-07-26T10:09:14.509+0000] {dag.py:4180} INFO - Setting next_dagrun for setup_lakehouse_infrastructure_v3 to None, run_after=None
[2026-07-26T10:09:14.527+0000] {processor.py:208} INFO - Processing /opt/airflow/dags/setup_lakehouse_infrastructure_v3.py took 0.109 seconds
[2026-07-26T10:09:44.698+0000] {processor.py:186} INFO - Started process (PID=1190) to work on /opt/airflow/dags/setup_lakehouse_infrastructure_v3.py
[2026-07-26T10:09:44.699+0000] {processor.py:914} INFO - Processing file /opt/airflow/dags/setup_lakehouse_infrastructure_v3.py for tasks to queue
[2026-07-26T10:09:44.702+0000] {logging_mixin.py:190} INFO - [2026-07-26T10:09:44.701+0000] {dagbag.py:588} INFO - Filling up the DagBag from /opt/airflow/dags/setup_lakehouse_infrastructure_v3.py
[2026-07-26T10:09:44.733+0000] {processor.py:925} INFO - DAG(s) 'setup_lakehouse_infrastructure_v3' retrieved from /opt/airflow/dags/setup_lakehouse_infrastructure_v3.py
[2026-07-26T10:09:44.768+0000] {logging_mixin.py:190} INFO - [2026-07-26T10:09:44.767+0000] {dag.py:3239} INFO - Sync 1 DAGs
[2026-07-26T10:09:44.793+0000] {logging_mixin.py:190} INFO - [2026-07-26T10:09:44.793+0000] {dag.py:4180} INFO - Setting next_dagrun for setup_lakehouse_infrastructure_v3 to None, run_after=None
[2026-07-26T10:09:44.812+0000] {processor.py:208} INFO - Processing /opt/airflow/dags/setup_lakehouse_infrastructure_v3.py took 0.121 seconds
[2026-07-26T10:10:15.064+0000] {processor.py:186} INFO - Started process (PID=1281) to work on /opt/airflow/dags/setup_lakehouse_infrastructure_v3.py
[2026-07-26T10:10:15.065+0000] {processor.py:914} INFO - Processing file /opt/airflow/dags/setup_lakehouse_infrastructure_v3.py for tasks to queue
[2026-07-26T10:10:15.067+0000] {logging_mixin.py:190} INFO - [2026-07-26T10:10:15.067+0000] {dagbag.py:588} INFO - Filling up the DagBag from /opt/airflow/dags/setup_lakehouse_infrastructure_v3.py
[2026-07-26T10:10:15.097+0000] {processor.py:925} INFO - DAG(s) 'setup_lakehouse_infrastructure_v3' retrieved from /opt/airflow/dags/setup_lakehouse_infrastructure_v3.py
[2026-07-26T10:10:15.124+0000] {logging_mixin.py:190} INFO - [2026-07-26T10:10:15.124+0000] {dag.py:3239} INFO - Sync 1 DAGs
[2026-07-26T10:10:15.149+0000] {logging_mixin.py:190} INFO - [2026-07-26T10:10:15.149+0000] {dag.py:4180} INFO - Setting next_dagrun for setup_lakehouse_infrastructure_v3 to None, run_after=None
[2026-07-26T10:10:15.170+0000] {processor.py:208} INFO - Processing /opt/airflow/dags/setup_lakehouse_infrastructure_v3.py took 0.112 seconds
[2026-07-26T10:10:45.773+0000] {processor.py:186} INFO - Started process (PID=1374) to work on /opt/airflow/dags/setup_lakehouse_infrastructure_v3.py
[2026-07-26T10:10:45.775+0000] {processor.py:914} INFO - Processing file /opt/airflow/dags/setup_lakehouse_infrastructure_v3.py for tasks to queue
[2026-07-26T10:10:45.777+0000] {logging_mixin.py:190} INFO - [2026-07-26T10:10:45.777+0000] {dagbag.py:588} INFO - Filling up the DagBag from /opt/airflow/dags/setup_lakehouse_infrastructure_v3.py
[2026-07-26T10:10:45.806+0000] {processor.py:925} INFO - DAG(s) 'setup_lakehouse_infrastructure_v3' retrieved from /opt/airflow/dags/setup_lakehouse_infrastructure_v3.py
[2026-07-26T10:10:45.829+0000] {logging_mixin.py:190} INFO - [2026-07-26T10:10:45.829+0000] {dag.py:3239} INFO - Sync 1 DAGs
[2026-07-26T10:10:45.848+0000] {logging_mixin.py:190} INFO - [2026-07-26T10:10:45.848+0000] {dag.py:4180} INFO - Setting next_dagrun for setup_lakehouse_infrastructure_v3 to None, run_after=None
[2026-07-26T10:10:45.872+0000] {processor.py:208} INFO - Processing /opt/airflow/dags/setup_lakehouse_infrastructure_v3.py took 0.104 seconds
[2026-07-26T10:11:16.358+0000] {processor.py:186} INFO - Started process (PID=1462) to work on /opt/airflow/dags/setup_lakehouse_infrastructure_v3.py
[2026-07-26T10:11:16.359+0000] {processor.py:914} INFO - Processing file /opt/airflow/dags/setup_lakehouse_infrastructure_v3.py for tasks to queue
[2026-07-26T10:11:16.361+0000] {logging_mixin.py:190} INFO - [2026-07-26T10:11:16.361+0000] {dagbag.py:588} INFO - Filling up the DagBag from /opt/airflow/dags/setup_lakehouse_infrastructure_v3.py
[2026-07-26T10:11:16.388+0000] {processor.py:925} INFO - DAG(s) 'setup_lakehouse_infrastructure_v3' retrieved from /opt/airflow/dags/setup_lakehouse_infrastructure_v3.py
[2026-07-26T10:11:16.412+0000] {logging_mixin.py:190} INFO - [2026-07-26T10:11:16.412+0000] {dag.py:3239} INFO - Sync 1 DAGs
[2026-07-26T10:11:16.437+0000] {logging_mixin.py:190} INFO - [2026-07-26T10:11:16.436+0000] {dag.py:4180} INFO - Setting next_dagrun for setup_lakehouse_infrastructure_v3 to None, run_after=None
[2026-07-26T10:11:16.457+0000] {processor.py:208} INFO - Processing /opt/airflow/dags/setup_lakehouse_infrastructure_v3.py took 0.105 seconds
[2026-07-26T10:11:46.750+0000] {processor.py:186} INFO - Started process (PID=1557) to work on /opt/airflow/dags/setup_lakehouse_infrastructure_v3.py
[2026-07-26T10:11:46.751+0000] {processor.py:914} INFO - Processing file /opt/airflow/dags/setup_lakehouse_infrastructure_v3.py for tasks to queue
[2026-07-26T10:11:46.753+0000] {logging_mixin.py:190} INFO - [2026-07-26T10:11:46.753+0000] {dagbag.py:588} INFO - Filling up the DagBag from /opt/airflow/dags/setup_lakehouse_infrastructure_v3.py
[2026-07-26T10:11:46.777+0000] {processor.py:925} INFO - DAG(s) 'setup_lakehouse_infrastructure_v3' retrieved from /opt/airflow/dags/setup_lakehouse_infrastructure_v3.py
[2026-07-26T10:11:46.800+0000] {logging_mixin.py:190} INFO - [2026-07-26T10:11:46.800+0000] {dag.py:3239} INFO - Sync 1 DAGs
[2026-07-26T10:11:46.820+0000] {logging_mixin.py:190} INFO - [2026-07-26T10:11:46.820+0000] {dag.py:4180} INFO - Setting next_dagrun for setup_lakehouse_infrastructure_v3 to None, run_after=None
[2026-07-26T10:11:46.837+0000] {processor.py:208} INFO - Processing /opt/airflow/dags/setup_lakehouse_infrastructure_v3.py took 0.092 seconds
[2026-07-26T10:12:17.214+0000] {processor.py:186} INFO - Started process (PID=1648) to work on /opt/airflow/dags/setup_lakehouse_infrastructure_v3.py
[2026-07-26T10:12:17.216+0000] {processor.py:914} INFO - Processing file /opt/airflow/dags/setup_lakehouse_infrastructure_v3.py for tasks to queue
[2026-07-26T10:12:17.218+0000] {logging_mixin.py:190} INFO - [2026-07-26T10:12:17.218+0000] {dagbag.py:588} INFO - Filling up the DagBag from /opt/airflow/dags/setup_lakehouse_infrastructure_v3.py
[2026-07-26T10:12:17.249+0000] {processor.py:925} INFO - DAG(s) 'setup_lakehouse_infrastructure_v3' retrieved from /opt/airflow/dags/setup_lakehouse_infrastructure_v3.py
[2026-07-26T10:12:17.282+0000] {logging_mixin.py:190} INFO - [2026-07-26T10:12:17.282+0000] {dag.py:3239} INFO - Sync 1 DAGs
[2026-07-26T10:12:17.317+0000] {logging_mixin.py:190} INFO - [2026-07-26T10:12:17.317+0000] {dag.py:4180} INFO - Setting next_dagrun for setup_lakehouse_infrastructure_v3 to None, run_after=None
[2026-07-26T10:12:17.338+0000] {processor.py:208} INFO - Processing /opt/airflow/dags/setup_lakehouse_infrastructure_v3.py took 0.131 seconds
[2026-07-26T10:12:48.129+0000] {processor.py:186} INFO - Started process (PID=1741) to work on /opt/airflow/dags/setup_lakehouse_infrastructure_v3.py
[2026-07-26T10:12:48.130+0000] {processor.py:914} INFO - Processing file /opt/airflow/dags/setup_lakehouse_infrastructure_v3.py for tasks to queue
[2026-07-26T10:12:48.132+0000] {logging_mixin.py:190} INFO - [2026-07-26T10:12:48.132+0000] {dagbag.py:588} INFO - Filling up the DagBag from /opt/airflow/dags/setup_lakehouse_infrastructure_v3.py
[2026-07-26T10:12:48.158+0000] {processor.py:925} INFO - DAG(s) 'setup_lakehouse_infrastructure_v3' retrieved from /opt/airflow/dags/setup_lakehouse_infrastructure_v3.py
[2026-07-26T10:12:48.180+0000] {logging_mixin.py:190} INFO - [2026-07-26T10:12:48.180+0000] {dag.py:3239} INFO - Sync 1 DAGs
[2026-07-26T10:12:48.202+0000] {logging_mixin.py:190} INFO - [2026-07-26T10:12:48.201+0000] {dag.py:4180} INFO - Setting next_dagrun for setup_lakehouse_infrastructure_v3 to None, run_after=None
[2026-07-26T10:12:48.219+0000] {processor.py:208} INFO - Processing /opt/airflow/dags/setup_lakehouse_infrastructure_v3.py took 0.096 seconds
[2026-07-26T10:13:18.554+0000] {processor.py:186} INFO - Started process (PID=1829) to work on /opt/airflow/dags/setup_lakehouse_infrastructure_v3.py
[2026-07-26T10:13:18.555+0000] {processor.py:914} INFO - Processing file /opt/airflow/dags/setup_lakehouse_infrastructure_v3.py for tasks to queue
[2026-07-26T10:13:18.558+0000] {logging_mixin.py:190} INFO - [2026-07-26T10:13:18.557+0000] {dagbag.py:588} INFO - Filling up the DagBag from /opt/airflow/dags/setup_lakehouse_infrastructure_v3.py
[2026-07-26T10:13:18.587+0000] {processor.py:925} INFO - DAG(s) 'setup_lakehouse_infrastructure_v3' retrieved from /opt/airflow/dags/setup_lakehouse_infrastructure_v3.py
[2026-07-26T10:13:18.617+0000] {logging_mixin.py:190} INFO - [2026-07-26T10:13:18.617+0000] {dag.py:3239} INFO - Sync 1 DAGs
[2026-07-26T10:13:18.641+0000] {logging_mixin.py:190} INFO - [2026-07-26T10:13:18.641+0000] {dag.py:4180} INFO - Setting next_dagrun for setup_lakehouse_infrastructure_v3 to None, run_after=None
[2026-07-26T10:13:18.664+0000] {processor.py:208} INFO - Processing /opt/airflow/dags/setup_lakehouse_infrastructure_v3.py took 0.116 seconds
[2026-07-26T10:13:48.881+0000] {processor.py:186} INFO - Started process (PID=1922) to work on /opt/airflow/dags/setup_lakehouse_infrastructure_v3.py
[2026-07-26T10:13:48.882+0000] {processor.py:914} INFO - Processing file /opt/airflow/dags/setup_lakehouse_infrastructure_v3.py for tasks to queue
[2026-07-26T10:13:48.884+0000] {logging_mixin.py:190} INFO - [2026-07-26T10:13:48.884+0000] {dagbag.py:588} INFO - Filling up the DagBag from /opt/airflow/dags/setup_lakehouse_infrastructure_v3.py
[2026-07-26T10:13:48.909+0000] {processor.py:925} INFO - DAG(s) 'setup_lakehouse_infrastructure_v3' retrieved from /opt/airflow/dags/setup_lakehouse_infrastructure_v3.py
[2026-07-26T10:13:48.933+0000] {logging_mixin.py:190} INFO - [2026-07-26T10:13:48.933+0000] {dag.py:3239} INFO - Sync 1 DAGs
[2026-07-26T10:13:48.954+0000] {logging_mixin.py:190} INFO - [2026-07-26T10:13:48.954+0000] {dag.py:4180} INFO - Setting next_dagrun for setup_lakehouse_infrastructure_v3 to None, run_after=None
[2026-07-26T10:13:48.972+0000] {processor.py:208} INFO - Processing /opt/airflow/dags/setup_lakehouse_infrastructure_v3.py took 0.097 seconds
[2026-07-26T10:14:19.451+0000] {processor.py:186} INFO - Started process (PID=2015) to work on /opt/airflow/dags/setup_lakehouse_infrastructure_v3.py
[2026-07-26T10:14:19.452+0000] {processor.py:914} INFO - Processing file /opt/airflow/dags/setup_lakehouse_infrastructure_v3.py for tasks to queue
[2026-07-26T10:14:19.454+0000] {logging_mixin.py:190} INFO - [2026-07-26T10:14:19.453+0000] {dagbag.py:588} INFO - Filling up the DagBag from /opt/airflow/dags/setup_lakehouse_infrastructure_v3.py
[2026-07-26T10:14:19.481+0000] {processor.py:925} INFO - DAG(s) 'setup_lakehouse_infrastructure_v3' retrieved from /opt/airflow/dags/setup_lakehouse_infrastructure_v3.py
[2026-07-26T10:14:19.507+0000] {logging_mixin.py:190} INFO - [2026-07-26T10:14:19.507+0000] {dag.py:3239} INFO - Sync 1 DAGs
[2026-07-26T10:14:19.532+0000] {logging_mixin.py:190} INFO - [2026-07-26T10:14:19.532+0000] {dag.py:4180} INFO - Setting next_dagrun for setup_lakehouse_infrastructure_v3 to None, run_after=None
[2026-07-26T10:14:19.556+0000] {processor.py:208} INFO - Processing /opt/airflow/dags/setup_lakehouse_infrastructure_v3.py took 0.111 seconds
[2026-07-26T10:15:00.643+0000] {processor.py:186} INFO - Started process (PID=2108) to work on /opt/airflow/dags/setup_lakehouse_infrastructure_v3.py
[2026-07-26T10:15:00.644+0000] {processor.py:914} INFO - Processing file /opt/airflow/dags/setup_lakehouse_infrastructure_v3.py for tasks to queue
[2026-07-26T10:15:00.647+0000] {logging_mixin.py:190} INFO - [2026-07-26T10:15:00.647+0000] {dagbag.py:588} INFO - Filling up the DagBag from /opt/airflow/dags/setup_lakehouse_infrastructure_v3.py
[2026-07-26T10:15:00.679+0000] {processor.py:925} INFO - DAG(s) 'setup_lakehouse_infrastructure_v3' retrieved from /opt/airflow/dags/setup_lakehouse_infrastructure_v3.py
[2026-07-26T10:15:00.710+0000] {logging_mixin.py:190} INFO - [2026-07-26T10:15:00.709+0000] {dag.py:3239} INFO - Sync 1 DAGs
[2026-07-26T10:15:00.731+0000] {logging_mixin.py:190} INFO - [2026-07-26T10:15:00.731+0000] {dag.py:4180} INFO - Setting next_dagrun for setup_lakehouse_infrastructure_v3 to None, run_after=None
[2026-07-26T10:15:00.749+0000] {processor.py:208} INFO - Processing /opt/airflow/dags/setup_lakehouse_infrastructure_v3.py took 0.112 seconds
[2026-07-26T10:15:30.860+0000] {processor.py:186} INFO - Started process (PID=2198) to work on /opt/airflow/dags/setup_lakehouse_infrastructure_v3.py
[2026-07-26T10:15:30.861+0000] {processor.py:914} INFO - Processing file /opt/airflow/dags/setup_lakehouse_infrastructure_v3.py for tasks to queue
[2026-07-26T10:15:30.863+0000] {logging_mixin.py:190} INFO - [2026-07-26T10:15:30.863+0000] {dagbag.py:588} INFO - Filling up the DagBag from /opt/airflow/dags/setup_lakehouse_infrastructure_v3.py
[2026-07-26T10:15:30.889+0000] {processor.py:925} INFO - DAG(s) 'setup_lakehouse_infrastructure_v3' retrieved from /opt/airflow/dags/setup_lakehouse_infrastructure_v3.py
[2026-07-26T10:15:30.913+0000] {logging_mixin.py:190} INFO - [2026-07-26T10:15:30.912+0000] {dag.py:3239} INFO - Sync 1 DAGs
[2026-07-26T10:15:30.933+0000] {logging_mixin.py:190} INFO - [2026-07-26T10:15:30.933+0000] {dag.py:4180} INFO - Setting next_dagrun for setup_lakehouse_infrastructure_v3 to None, run_after=None
[2026-07-26T10:15:30.953+0000] {processor.py:208} INFO - Processing /opt/airflow/dags/setup_lakehouse_infrastructure_v3.py took 0.099 seconds
[2026-07-26T10:16:01.021+0000] {processor.py:186} INFO - Started process (PID=2289) to work on /opt/airflow/dags/setup_lakehouse_infrastructure_v3.py
[2026-07-26T10:16:01.022+0000] {processor.py:914} INFO - Processing file /opt/airflow/dags/setup_lakehouse_infrastructure_v3.py for tasks to queue
[2026-07-26T10:16:01.025+0000] {logging_mixin.py:190} INFO - [2026-07-26T10:16:01.024+0000] {dagbag.py:588} INFO - Filling up the DagBag from /opt/airflow/dags/setup_lakehouse_infrastructure_v3.py
[2026-07-26T10:16:01.051+0000] {processor.py:925} INFO - DAG(s) 'setup_lakehouse_infrastructure_v3' retrieved from /opt/airflow/dags/setup_lakehouse_infrastructure_v3.py
[2026-07-26T10:16:01.080+0000] {logging_mixin.py:190} INFO - [2026-07-26T10:16:01.080+0000] {dag.py:3239} INFO - Sync 1 DAGs
[2026-07-26T10:16:01.106+0000] {logging_mixin.py:190} INFO - [2026-07-26T10:16:01.106+0000] {dag.py:4180} INFO - Setting next_dagrun for setup_lakehouse_infrastructure_v3 to None, run_after=None
[2026-07-26T10:16:01.128+0000] {processor.py:208} INFO - Processing /opt/airflow/dags/setup_lakehouse_infrastructure_v3.py took 0.113 seconds
[2026-07-26T10:16:31.435+0000] {processor.py:186} INFO - Started process (PID=2382) to work on /opt/airflow/dags/setup_lakehouse_infrastructure_v3.py
[2026-07-26T10:16:31.436+0000] {processor.py:914} INFO - Processing file /opt/airflow/dags/setup_lakehouse_infrastructure_v3.py for tasks to queue
[2026-07-26T10:16:31.438+0000] {logging_mixin.py:190} INFO - [2026-07-26T10:16:31.438+0000] {dagbag.py:588} INFO - Filling up the DagBag from /opt/airflow/dags/setup_lakehouse_infrastructure_v3.py
[2026-07-26T10:16:31.465+0000] {processor.py:925} INFO - DAG(s) 'setup_lakehouse_infrastructure_v3' retrieved from /opt/airflow/dags/setup_lakehouse_infrastructure_v3.py
[2026-07-26T10:16:31.486+0000] {logging_mixin.py:190} INFO - [2026-07-26T10:16:31.486+0000] {dag.py:3239} INFO - Sync 1 DAGs
[2026-07-26T10:16:31.506+0000] {logging_mixin.py:190} INFO - [2026-07-26T10:16:31.506+0000] {dag.py:4180} INFO - Setting next_dagrun for setup_lakehouse_infrastructure_v3 to None, run_after=None
[2026-07-26T10:16:31.523+0000] {processor.py:208} INFO - Processing /opt/airflow/dags/setup_lakehouse_infrastructure_v3.py took 0.094 seconds
[2026-07-26T10:17:01.932+0000] {processor.py:186} INFO - Started process (PID=2470) to work on /opt/airflow/dags/setup_lakehouse_infrastructure_v3.py
[2026-07-26T10:17:01.933+0000] {processor.py:914} INFO - Processing file /opt/airflow/dags/setup_lakehouse_infrastructure_v3.py for tasks to queue
[2026-07-26T10:17:01.936+0000] {logging_mixin.py:190} INFO - [2026-07-26T10:17:01.936+0000] {dagbag.py:588} INFO - Filling up the DagBag from /opt/airflow/dags/setup_lakehouse_infrastructure_v3.py
[2026-07-26T10:17:01.965+0000] {processor.py:925} INFO - DAG(s) 'setup_lakehouse_infrastructure_v3' retrieved from /opt/airflow/dags/setup_lakehouse_infrastructure_v3.py
[2026-07-26T10:17:01.990+0000] {logging_mixin.py:190} INFO - [2026-07-26T10:17:01.990+0000] {dag.py:3239} INFO - Sync 1 DAGs
[2026-07-26T10:17:02.017+0000] {logging_mixin.py:190} INFO - [2026-07-26T10:17:02.017+0000] {dag.py:4180} INFO - Setting next_dagrun for setup_lakehouse_infrastructure_v3 to None, run_after=None
[2026-07-26T10:17:02.036+0000] {processor.py:208} INFO - Processing /opt/airflow/dags/setup_lakehouse_infrastructure_v3.py took 0.109 seconds
[2026-07-26T10:17:32.795+0000] {processor.py:186} INFO - Started process (PID=2563) to work on /opt/airflow/dags/setup_lakehouse_infrastructure_v3.py
[2026-07-26T10:17:32.797+0000] {processor.py:914} INFO - Processing file /opt/airflow/dags/setup_lakehouse_infrastructure_v3.py for tasks to queue
[2026-07-26T10:17:32.800+0000] {logging_mixin.py:190} INFO - [2026-07-26T10:17:32.800+0000] {dagbag.py:588} INFO - Filling up the DagBag from /opt/airflow/dags/setup_lakehouse_infrastructure_v3.py
[2026-07-26T10:17:32.826+0000] {processor.py:925} INFO - DAG(s) 'setup_lakehouse_infrastructure_v3' retrieved from /opt/airflow/dags/setup_lakehouse_infrastructure_v3.py
[2026-07-26T10:17:32.851+0000] {logging_mixin.py:190} INFO - [2026-07-26T10:17:32.851+0000] {dag.py:3239} INFO - Sync 1 DAGs
[2026-07-26T10:17:32.875+0000] {logging_mixin.py:190} INFO - [2026-07-26T10:17:32.875+0000] {dag.py:4180} INFO - Setting next_dagrun for setup_lakehouse_infrastructure_v3 to None, run_after=None
[2026-07-26T10:17:32.892+0000] {processor.py:208} INFO - Processing /opt/airflow/dags/setup_lakehouse_infrastructure_v3.py took 0.103 seconds
[2026-07-26T10:18:03.640+0000] {processor.py:186} INFO - Started process (PID=2656) to work on /opt/airflow/dags/setup_lakehouse_infrastructure_v3.py
[2026-07-26T10:18:03.642+0000] {processor.py:914} INFO - Processing file /opt/airflow/dags/setup_lakehouse_infrastructure_v3.py for tasks to queue
[2026-07-26T10:18:03.644+0000] {logging_mixin.py:190} INFO - [2026-07-26T10:18:03.644+0000] {dagbag.py:588} INFO - Filling up the DagBag from /opt/airflow/dags/setup_lakehouse_infrastructure_v3.py
[2026-07-26T10:18:03.671+0000] {processor.py:925} INFO - DAG(s) 'setup_lakehouse_infrastructure_v3' retrieved from /opt/airflow/dags/setup_lakehouse_infrastructure_v3.py
[2026-07-26T10:18:03.697+0000] {logging_mixin.py:190} INFO - [2026-07-26T10:18:03.697+0000] {dag.py:3239} INFO - Sync 1 DAGs
[2026-07-26T10:18:03.720+0000] {logging_mixin.py:190} INFO - [2026-07-26T10:18:03.720+0000] {dag.py:4180} INFO - Setting next_dagrun for setup_lakehouse_infrastructure_v3 to None, run_after=None
[2026-07-26T10:18:03.739+0000] {processor.py:208} INFO - Processing /opt/airflow/dags/setup_lakehouse_infrastructure_v3.py took 0.105 seconds
[2026-07-26T10:20:15.303+0000] {processor.py:186} INFO - Started process (PID=180) to work on /opt/airflow/dags/setup_lakehouse_infrastructure_v3.py
[2026-07-26T10:20:15.305+0000] {processor.py:914} INFO - Processing file /opt/airflow/dags/setup_lakehouse_infrastructure_v3.py for tasks to queue
[2026-07-26T10:20:15.309+0000] {logging_mixin.py:190} INFO - [2026-07-26T10:20:15.309+0000] {dagbag.py:588} INFO - Filling up the DagBag from /opt/airflow/dags/setup_lakehouse_infrastructure_v3.py
[2026-07-26T10:20:15.358+0000] {processor.py:925} INFO - DAG(s) 'setup_lakehouse_infrastructure_v3' retrieved from /opt/airflow/dags/setup_lakehouse_infrastructure_v3.py
[2026-07-26T10:20:15.420+0000] {logging_mixin.py:190} INFO - [2026-07-26T10:20:15.419+0000] {dag.py:3239} INFO - Sync 1 DAGs
[2026-07-26T10:20:15.464+0000] {logging_mixin.py:190} INFO - [2026-07-26T10:20:15.463+0000] {dag.py:4180} INFO - Setting next_dagrun for setup_lakehouse_infrastructure_v3 to None, run_after=None
[2026-07-26T10:20:15.496+0000] {processor.py:208} INFO - Processing /opt/airflow/dags/setup_lakehouse_infrastructure_v3.py took 0.203 seconds
[2026-07-26T10:20:46.241+0000] {processor.py:186} INFO - Started process (PID=275) to work on /opt/airflow/dags/setup_lakehouse_infrastructure_v3.py
[2026-07-26T10:20:46.243+0000] {processor.py:914} INFO - Processing file /opt/airflow/dags/setup_lakehouse_infrastructure_v3.py for tasks to queue
[2026-07-26T10:20:46.245+0000] {logging_mixin.py:190} INFO - [2026-07-26T10:20:46.244+0000] {dagbag.py:588} INFO - Filling up the DagBag from /opt/airflow/dags/setup_lakehouse_infrastructure_v3.py
[2026-07-26T10:20:46.270+0000] {processor.py:925} INFO - DAG(s) 'setup_lakehouse_infrastructure_v3' retrieved from /opt/airflow/dags/setup_lakehouse_infrastructure_v3.py
[2026-07-26T10:20:46.294+0000] {logging_mixin.py:190} INFO - [2026-07-26T10:20:46.294+0000] {dag.py:3239} INFO - Sync 1 DAGs
[2026-07-26T10:20:46.316+0000] {logging_mixin.py:190} INFO - [2026-07-26T10:20:46.315+0000] {dag.py:4180} INFO - Setting next_dagrun for setup_lakehouse_infrastructure_v3 to None, run_after=None
[2026-07-26T10:20:46.336+0000] {processor.py:208} INFO - Processing /opt/airflow/dags/setup_lakehouse_infrastructure_v3.py took 0.100 seconds
[2026-07-26T10:21:16.904+0000] {processor.py:186} INFO - Started process (PID=375) to work on /opt/airflow/dags/setup_lakehouse_infrastructure_v3.py
[2026-07-26T10:21:16.906+0000] {processor.py:914} INFO - Processing file /opt/airflow/dags/setup_lakehouse_infrastructure_v3.py for tasks to queue
[2026-07-26T10:21:16.909+0000] {logging_mixin.py:190} INFO - [2026-07-26T10:21:16.909+0000] {dagbag.py:588} INFO - Filling up the DagBag from /opt/airflow/dags/setup_lakehouse_infrastructure_v3.py
[2026-07-26T10:21:16.939+0000] {processor.py:925} INFO - DAG(s) 'setup_lakehouse_infrastructure_v3' retrieved from /opt/airflow/dags/setup_lakehouse_infrastructure_v3.py
[2026-07-26T10:21:16.974+0000] {logging_mixin.py:190} INFO - [2026-07-26T10:21:16.974+0000] {dag.py:3239} INFO - Sync 1 DAGs
[2026-07-26T10:21:17.007+0000] {logging_mixin.py:190} INFO - [2026-07-26T10:21:17.007+0000] {dag.py:4180} INFO - Setting next_dagrun for setup_lakehouse_infrastructure_v3 to None, run_after=None
[2026-07-26T10:21:17.031+0000] {processor.py:208} INFO - Processing /opt/airflow/dags/setup_lakehouse_infrastructure_v3.py took 0.134 seconds
[2026-07-26T10:21:47.321+0000] {processor.py:186} INFO - Started process (PID=471) to work on /opt/airflow/dags/setup_lakehouse_infrastructure_v3.py
[2026-07-26T10:21:47.322+0000] {processor.py:914} INFO - Processing file /opt/airflow/dags/setup_lakehouse_infrastructure_v3.py for tasks to queue
[2026-07-26T10:21:47.324+0000] {logging_mixin.py:190} INFO - [2026-07-26T10:21:47.324+0000] {dagbag.py:588} INFO - Filling up the DagBag from /opt/airflow/dags/setup_lakehouse_infrastructure_v3.py
[2026-07-26T10:21:47.354+0000] {processor.py:925} INFO - DAG(s) 'setup_lakehouse_infrastructure_v3' retrieved from /opt/airflow/dags/setup_lakehouse_infrastructure_v3.py
[2026-07-26T10:21:47.376+0000] {logging_mixin.py:190} INFO - [2026-07-26T10:21:47.376+0000] {dag.py:3239} INFO - Sync 1 DAGs
[2026-07-26T10:21:47.398+0000] {logging_mixin.py:190} INFO - [2026-07-26T10:21:47.398+0000] {dag.py:4180} INFO - Setting next_dagrun for setup_lakehouse_infrastructure_v3 to None, run_after=None
[2026-07-26T10:21:47.420+0000] {processor.py:208} INFO - Processing /opt/airflow/dags/setup_lakehouse_infrastructure_v3.py took 0.104 seconds
[2026-07-26T10:22:17.484+0000] {processor.py:186} INFO - Started process (PID=569) to work on /opt/airflow/dags/setup_lakehouse_infrastructure_v3.py
[2026-07-26T10:22:17.485+0000] {processor.py:914} INFO - Processing file /opt/airflow/dags/setup_lakehouse_infrastructure_v3.py for tasks to queue
[2026-07-26T10:22:17.487+0000] {logging_mixin.py:190} INFO - [2026-07-26T10:22:17.486+0000] {dagbag.py:588} INFO - Filling up the DagBag from /opt/airflow/dags/setup_lakehouse_infrastructure_v3.py
[2026-07-26T10:22:17.516+0000] {processor.py:925} INFO - DAG(s) 'setup_lakehouse_infrastructure_v3' retrieved from /opt/airflow/dags/setup_lakehouse_infrastructure_v3.py
[2026-07-26T10:22:17.542+0000] {logging_mixin.py:190} INFO - [2026-07-26T10:22:17.542+0000] {dag.py:3239} INFO - Sync 1 DAGs
[2026-07-26T10:22:17.567+0000] {logging_mixin.py:190} INFO - [2026-07-26T10:22:17.567+0000] {dag.py:4180} INFO - Setting next_dagrun for setup_lakehouse_infrastructure_v3 to None, run_after=None
[2026-07-26T10:22:17.590+0000] {processor.py:208} INFO - Processing /opt/airflow/dags/setup_lakehouse_infrastructure_v3.py took 0.112 seconds
[2026-07-26T10:22:47.990+0000] {processor.py:186} INFO - Started process (PID=662) to work on /opt/airflow/dags/setup_lakehouse_infrastructure_v3.py
[2026-07-26T10:22:47.991+0000] {processor.py:914} INFO - Processing file /opt/airflow/dags/setup_lakehouse_infrastructure_v3.py for tasks to queue
[2026-07-26T10:22:47.993+0000] {logging_mixin.py:190} INFO - [2026-07-26T10:22:47.993+0000] {dagbag.py:588} INFO - Filling up the DagBag from /opt/airflow/dags/setup_lakehouse_infrastructure_v3.py
[2026-07-26T10:22:48.031+0000] {processor.py:925} INFO - DAG(s) 'setup_lakehouse_infrastructure_v3' retrieved from /opt/airflow/dags/setup_lakehouse_infrastructure_v3.py
[2026-07-26T10:22:48.070+0000] {logging_mixin.py:190} INFO - [2026-07-26T10:22:48.070+0000] {dag.py:3239} INFO - Sync 1 DAGs
[2026-07-26T10:22:48.099+0000] {logging_mixin.py:190} INFO - [2026-07-26T10:22:48.099+0000] {dag.py:4180} INFO - Setting next_dagrun for setup_lakehouse_infrastructure_v3 to None, run_after=None
[2026-07-26T10:22:48.130+0000] {processor.py:208} INFO - Processing /opt/airflow/dags/setup_lakehouse_infrastructure_v3.py took 0.147 seconds
[2026-07-26T10:23:19.073+0000] {processor.py:186} INFO - Started process (PID=750) to work on /opt/airflow/dags/setup_lakehouse_infrastructure_v3.py
[2026-07-26T10:23:19.075+0000] {processor.py:914} INFO - Processing file /opt/airflow/dags/setup_lakehouse_infrastructure_v3.py for tasks to queue
[2026-07-26T10:23:19.076+0000] {logging_mixin.py:190} INFO - [2026-07-26T10:23:19.076+0000] {dagbag.py:588} INFO - Filling up the DagBag from /opt/airflow/dags/setup_lakehouse_infrastructure_v3.py
[2026-07-26T10:23:19.102+0000] {processor.py:925} INFO - DAG(s) 'setup_lakehouse_infrastructure_v3' retrieved from /opt/airflow/dags/setup_lakehouse_infrastructure_v3.py
[2026-07-26T10:23:19.122+0000] {logging_mixin.py:190} INFO - [2026-07-26T10:23:19.122+0000] {dag.py:3239} INFO - Sync 1 DAGs
[2026-07-26T10:23:19.143+0000] {logging_mixin.py:190} INFO - [2026-07-26T10:23:19.143+0000] {dag.py:4180} INFO - Setting next_dagrun for setup_lakehouse_infrastructure_v3 to None, run_after=None
[2026-07-26T10:23:19.160+0000] {processor.py:208} INFO - Processing /opt/airflow/dags/setup_lakehouse_infrastructure_v3.py took 0.092 seconds
[2026-07-26T10:23:49.294+0000] {processor.py:186} INFO - Started process (PID=841) to work on /opt/airflow/dags/setup_lakehouse_infrastructure_v3.py
[2026-07-26T10:23:49.294+0000] {processor.py:914} INFO - Processing file /opt/airflow/dags/setup_lakehouse_infrastructure_v3.py for tasks to queue
[2026-07-26T10:23:49.296+0000] {logging_mixin.py:190} INFO - [2026-07-26T10:23:49.295+0000] {dagbag.py:588} INFO - Filling up the DagBag from /opt/airflow/dags/setup_lakehouse_infrastructure_v3.py
[2026-07-26T10:23:49.321+0000] {processor.py:925} INFO - DAG(s) 'setup_lakehouse_infrastructure_v3' retrieved from /opt/airflow/dags/setup_lakehouse_infrastructure_v3.py
[2026-07-26T10:23:49.347+0000] {logging_mixin.py:190} INFO - [2026-07-26T10:23:49.347+0000] {dag.py:3239} INFO - Sync 1 DAGs
[2026-07-26T10:23:49.369+0000] {logging_mixin.py:190} INFO - [2026-07-26T10:23:49.369+0000] {dag.py:4180} INFO - Setting next_dagrun for setup_lakehouse_infrastructure_v3 to None, run_after=None
[2026-07-26T10:23:49.388+0000] {processor.py:208} INFO - Processing /opt/airflow/dags/setup_lakehouse_infrastructure_v3.py took 0.099 seconds
[2026-07-26T10:24:19.612+0000] {processor.py:186} INFO - Started process (PID=931) to work on /opt/airflow/dags/setup_lakehouse_infrastructure_v3.py
[2026-07-26T10:24:19.613+0000] {processor.py:914} INFO - Processing file /opt/airflow/dags/setup_lakehouse_infrastructure_v3.py for tasks to queue
[2026-07-26T10:24:19.614+0000] {logging_mixin.py:190} INFO - [2026-07-26T10:24:19.614+0000] {dagbag.py:588} INFO - Filling up the DagBag from /opt/airflow/dags/setup_lakehouse_infrastructure_v3.py
[2026-07-26T10:24:19.638+0000] {processor.py:925} INFO - DAG(s) 'setup_lakehouse_infrastructure_v3' retrieved from /opt/airflow/dags/setup_lakehouse_infrastructure_v3.py
[2026-07-26T10:24:19.659+0000] {logging_mixin.py:190} INFO - [2026-07-26T10:24:19.658+0000] {dag.py:3239} INFO - Sync 1 DAGs
[2026-07-26T10:24:19.679+0000] {logging_mixin.py:190} INFO - [2026-07-26T10:24:19.678+0000] {dag.py:4180} INFO - Setting next_dagrun for setup_lakehouse_infrastructure_v3 to None, run_after=None
[2026-07-26T10:24:19.698+0000] {processor.py:208} INFO - Processing /opt/airflow/dags/setup_lakehouse_infrastructure_v3.py took 0.091 seconds
[2026-07-26T10:24:50.604+0000] {processor.py:186} INFO - Started process (PID=1019) to work on /opt/airflow/dags/setup_lakehouse_infrastructure_v3.py
[2026-07-26T10:24:50.605+0000] {processor.py:914} INFO - Processing file /opt/airflow/dags/setup_lakehouse_infrastructure_v3.py for tasks to queue
[2026-07-26T10:24:50.606+0000] {logging_mixin.py:190} INFO - [2026-07-26T10:24:50.606+0000] {dagbag.py:588} INFO - Filling up the DagBag from /opt/airflow/dags/setup_lakehouse_infrastructure_v3.py
[2026-07-26T10:24:50.632+0000] {processor.py:925} INFO - DAG(s) 'setup_lakehouse_infrastructure_v3' retrieved from /opt/airflow/dags/setup_lakehouse_infrastructure_v3.py
[2026-07-26T10:24:50.655+0000] {logging_mixin.py:190} INFO - [2026-07-26T10:24:50.654+0000] {dag.py:3239} INFO - Sync 1 DAGs
[2026-07-26T10:24:50.675+0000] {logging_mixin.py:190} INFO - [2026-07-26T10:24:50.675+0000] {dag.py:4180} INFO - Setting next_dagrun for setup_lakehouse_infrastructure_v3 to None, run_after=None
[2026-07-26T10:24:50.696+0000] {processor.py:208} INFO - Processing /opt/airflow/dags/setup_lakehouse_infrastructure_v3.py took 0.097 seconds
[2026-07-26T10:25:20.859+0000] {processor.py:186} INFO - Started process (PID=1112) to work on /opt/airflow/dags/setup_lakehouse_infrastructure_v3.py
[2026-07-26T10:25:20.860+0000] {processor.py:914} INFO - Processing file /opt/airflow/dags/setup_lakehouse_infrastructure_v3.py for tasks to queue
[2026-07-26T10:25:20.861+0000] {logging_mixin.py:190} INFO - [2026-07-26T10:25:20.860+0000] {dagbag.py:588} INFO - Filling up the DagBag from /opt/airflow/dags/setup_lakehouse_infrastructure_v3.py
[2026-07-26T10:25:20.887+0000] {processor.py:925} INFO - DAG(s) 'setup_lakehouse_infrastructure_v3' retrieved from /opt/airflow/dags/setup_lakehouse_infrastructure_v3.py
[2026-07-26T10:25:20.910+0000] {logging_mixin.py:190} INFO - [2026-07-26T10:25:20.910+0000] {dag.py:3239} INFO - Sync 1 DAGs
[2026-07-26T10:25:20.934+0000] {logging_mixin.py:190} INFO - [2026-07-26T10:25:20.933+0000] {dag.py:4180} INFO - Setting next_dagrun for setup_lakehouse_infrastructure_v3 to None, run_after=None
[2026-07-26T10:25:20.955+0000] {processor.py:208} INFO - Processing /opt/airflow/dags/setup_lakehouse_infrastructure_v3.py took 0.101 seconds
[2026-07-26T10:25:52.771+0000] {processor.py:186} INFO - Started process (PID=1205) to work on /opt/airflow/dags/setup_lakehouse_infrastructure_v3.py
[2026-07-26T10:25:52.773+0000] {processor.py:914} INFO - Processing file /opt/airflow/dags/setup_lakehouse_infrastructure_v3.py for tasks to queue
[2026-07-26T10:25:52.775+0000] {logging_mixin.py:190} INFO - [2026-07-26T10:25:52.775+0000] {dagbag.py:588} INFO - Filling up the DagBag from /opt/airflow/dags/setup_lakehouse_infrastructure_v3.py
[2026-07-26T10:25:52.823+0000] {processor.py:925} INFO - DAG(s) 'setup_lakehouse_infrastructure_v3' retrieved from /opt/airflow/dags/setup_lakehouse_infrastructure_v3.py
[2026-07-26T10:25:52.869+0000] {logging_mixin.py:190} INFO - [2026-07-26T10:25:52.869+0000] {dag.py:3239} INFO - Sync 1 DAGs
[2026-07-26T10:25:52.908+0000] {logging_mixin.py:190} INFO - [2026-07-26T10:25:52.907+0000] {dag.py:4180} INFO - Setting next_dagrun for setup_lakehouse_infrastructure_v3 to None, run_after=None
[2026-07-26T10:25:52.943+0000] {processor.py:208} INFO - Processing /opt/airflow/dags/setup_lakehouse_infrastructure_v3.py took 0.187 seconds
[2026-07-26T10:26:23.306+0000] {processor.py:186} INFO - Started process (PID=1295) to work on /opt/airflow/dags/setup_lakehouse_infrastructure_v3.py
[2026-07-26T10:26:23.307+0000] {processor.py:914} INFO - Processing file /opt/airflow/dags/setup_lakehouse_infrastructure_v3.py for tasks to queue
[2026-07-26T10:26:23.309+0000] {logging_mixin.py:190} INFO - [2026-07-26T10:26:23.308+0000] {dagbag.py:588} INFO - Filling up the DagBag from /opt/airflow/dags/setup_lakehouse_infrastructure_v3.py
[2026-07-26T10:26:23.333+0000] {processor.py:925} INFO - DAG(s) 'setup_lakehouse_infrastructure_v3' retrieved from /opt/airflow/dags/setup_lakehouse_infrastructure_v3.py
[2026-07-26T10:26:23.360+0000] {logging_mixin.py:190} INFO - [2026-07-26T10:26:23.360+0000] {dag.py:3239} INFO - Sync 1 DAGs
[2026-07-26T10:26:23.395+0000] {logging_mixin.py:190} INFO - [2026-07-26T10:26:23.394+0000] {dag.py:4180} INFO - Setting next_dagrun for setup_lakehouse_infrastructure_v3 to None, run_after=None
[2026-07-26T10:26:23.417+0000] {processor.py:208} INFO - Processing /opt/airflow/dags/setup_lakehouse_infrastructure_v3.py took 0.117 seconds
[2026-07-26T10:26:53.635+0000] {processor.py:186} INFO - Started process (PID=1387) to work on /opt/airflow/dags/setup_lakehouse_infrastructure_v3.py
[2026-07-26T10:26:53.636+0000] {processor.py:914} INFO - Processing file /opt/airflow/dags/setup_lakehouse_infrastructure_v3.py for tasks to queue
[2026-07-26T10:26:53.637+0000] {logging_mixin.py:190} INFO - [2026-07-26T10:26:53.636+0000] {dagbag.py:588} INFO - Filling up the DagBag from /opt/airflow/dags/setup_lakehouse_infrastructure_v3.py
[2026-07-26T10:26:53.666+0000] {processor.py:925} INFO - DAG(s) 'setup_lakehouse_infrastructure_v3' retrieved from /opt/airflow/dags/setup_lakehouse_infrastructure_v3.py
[2026-07-26T10:26:53.692+0000] {logging_mixin.py:190} INFO - [2026-07-26T10:26:53.692+0000] {dag.py:3239} INFO - Sync 1 DAGs
[2026-07-26T10:26:53.714+0000] {logging_mixin.py:190} INFO - [2026-07-26T10:26:53.714+0000] {dag.py:4180} INFO - Setting next_dagrun for setup_lakehouse_infrastructure_v3 to None, run_after=None
[2026-07-26T10:26:53.734+0000] {processor.py:208} INFO - Processing /opt/airflow/dags/setup_lakehouse_infrastructure_v3.py took 0.105 seconds
[2026-07-26T10:27:23.929+0000] {processor.py:186} INFO - Started process (PID=1476) to work on /opt/airflow/dags/setup_lakehouse_infrastructure_v3.py
[2026-07-26T10:27:23.930+0000] {processor.py:914} INFO - Processing file /opt/airflow/dags/setup_lakehouse_infrastructure_v3.py for tasks to queue
[2026-07-26T10:27:23.931+0000] {logging_mixin.py:190} INFO - [2026-07-26T10:27:23.931+0000] {dagbag.py:588} INFO - Filling up the DagBag from /opt/airflow/dags/setup_lakehouse_infrastructure_v3.py
[2026-07-26T10:27:23.954+0000] {processor.py:925} INFO - DAG(s) 'setup_lakehouse_infrastructure_v3' retrieved from /opt/airflow/dags/setup_lakehouse_infrastructure_v3.py
[2026-07-26T10:27:23.974+0000] {logging_mixin.py:190} INFO - [2026-07-26T10:27:23.974+0000] {dag.py:3239} INFO - Sync 1 DAGs
[2026-07-26T10:27:23.994+0000] {logging_mixin.py:190} INFO - [2026-07-26T10:27:23.994+0000] {dag.py:4180} INFO - Setting next_dagrun for setup_lakehouse_infrastructure_v3 to None, run_after=None
[2026-07-26T10:27:24.011+0000] {processor.py:208} INFO - Processing /opt/airflow/dags/setup_lakehouse_infrastructure_v3.py took 0.087 seconds
[2026-07-26T10:27:54.686+0000] {processor.py:186} INFO - Started process (PID=1564) to work on /opt/airflow/dags/setup_lakehouse_infrastructure_v3.py
[2026-07-26T10:27:54.687+0000] {processor.py:914} INFO - Processing file /opt/airflow/dags/setup_lakehouse_infrastructure_v3.py for tasks to queue
[2026-07-26T10:27:54.689+0000] {logging_mixin.py:190} INFO - [2026-07-26T10:27:54.689+0000] {dagbag.py:588} INFO - Filling up the DagBag from /opt/airflow/dags/setup_lakehouse_infrastructure_v3.py
[2026-07-26T10:27:54.730+0000] {processor.py:925} INFO - DAG(s) 'setup_lakehouse_infrastructure_v3' retrieved from /opt/airflow/dags/setup_lakehouse_infrastructure_v3.py
[2026-07-26T10:27:54.760+0000] {logging_mixin.py:190} INFO - [2026-07-26T10:27:54.759+0000] {dag.py:3239} INFO - Sync 1 DAGs
[2026-07-26T10:27:54.781+0000] {logging_mixin.py:190} INFO - [2026-07-26T10:27:54.781+0000] {dag.py:4180} INFO - Setting next_dagrun for setup_lakehouse_infrastructure_v3 to None, run_after=None
[2026-07-26T10:27:54.799+0000] {processor.py:208} INFO - Processing /opt/airflow/dags/setup_lakehouse_infrastructure_v3.py took 0.118 seconds
[2026-07-26T10:32:28.355+0000] {processor.py:186} INFO - Started process (PID=182) to work on /opt/airflow/dags/setup_lakehouse_infrastructure_v3.py
[2026-07-26T10:32:28.357+0000] {processor.py:914} INFO - Processing file /opt/airflow/dags/setup_lakehouse_infrastructure_v3.py for tasks to queue
[2026-07-26T10:32:28.362+0000] {logging_mixin.py:190} INFO - [2026-07-26T10:32:28.362+0000] {dagbag.py:588} INFO - Filling up the DagBag from /opt/airflow/dags/setup_lakehouse_infrastructure_v3.py
[2026-07-26T10:32:28.394+0000] {processor.py:925} INFO - DAG(s) 'setup_lakehouse_infrastructure_v3' retrieved from /opt/airflow/dags/setup_lakehouse_infrastructure_v3.py
[2026-07-26T10:32:28.431+0000] {logging_mixin.py:190} INFO - [2026-07-26T10:32:28.431+0000] {dag.py:3239} INFO - Sync 1 DAGs
[2026-07-26T10:32:28.471+0000] {logging_mixin.py:190} INFO - [2026-07-26T10:32:28.471+0000] {dag.py:4180} INFO - Setting next_dagrun for setup_lakehouse_infrastructure_v3 to None, run_after=None
[2026-07-26T10:32:28.508+0000] {processor.py:208} INFO - Processing /opt/airflow/dags/setup_lakehouse_infrastructure_v3.py took 0.162 seconds
[2026-07-26T10:32:58.998+0000] {processor.py:186} INFO - Started process (PID=274) to work on /opt/airflow/dags/setup_lakehouse_infrastructure_v3.py
[2026-07-26T10:32:58.999+0000] {processor.py:914} INFO - Processing file /opt/airflow/dags/setup_lakehouse_infrastructure_v3.py for tasks to queue
[2026-07-26T10:32:59.002+0000] {logging_mixin.py:190} INFO - [2026-07-26T10:32:59.001+0000] {dagbag.py:588} INFO - Filling up the DagBag from /opt/airflow/dags/setup_lakehouse_infrastructure_v3.py
[2026-07-26T10:32:59.031+0000] {processor.py:925} INFO - DAG(s) 'setup_lakehouse_infrastructure_v3' retrieved from /opt/airflow/dags/setup_lakehouse_infrastructure_v3.py
[2026-07-26T10:32:59.060+0000] {logging_mixin.py:190} INFO - [2026-07-26T10:32:59.060+0000] {dag.py:3239} INFO - Sync 1 DAGs
[2026-07-26T10:32:59.084+0000] {logging_mixin.py:190} INFO - [2026-07-26T10:32:59.084+0000] {dag.py:4180} INFO - Setting next_dagrun for setup_lakehouse_infrastructure_v3 to None, run_after=None
[2026-07-26T10:32:59.106+0000] {processor.py:208} INFO - Processing /opt/airflow/dags/setup_lakehouse_infrastructure_v3.py took 0.114 seconds
[2026-07-26T10:33:29.250+0000] {processor.py:186} INFO - Started process (PID=368) to work on /opt/airflow/dags/setup_lakehouse_infrastructure_v3.py
[2026-07-26T10:33:29.251+0000] {processor.py:914} INFO - Processing file /opt/airflow/dags/setup_lakehouse_infrastructure_v3.py for tasks to queue
[2026-07-26T10:33:29.252+0000] {logging_mixin.py:190} INFO - [2026-07-26T10:33:29.252+0000] {dagbag.py:588} INFO - Filling up the DagBag from /opt/airflow/dags/setup_lakehouse_infrastructure_v3.py
[2026-07-26T10:33:29.279+0000] {processor.py:925} INFO - DAG(s) 'setup_lakehouse_infrastructure_v3' retrieved from /opt/airflow/dags/setup_lakehouse_infrastructure_v3.py
[2026-07-26T10:33:29.305+0000] {logging_mixin.py:190} INFO - [2026-07-26T10:33:29.305+0000] {dag.py:3239} INFO - Sync 1 DAGs
[2026-07-26T10:33:29.327+0000] {logging_mixin.py:190} INFO - [2026-07-26T10:33:29.327+0000] {dag.py:4180} INFO - Setting next_dagrun for setup_lakehouse_infrastructure_v3 to None, run_after=None
[2026-07-26T10:33:29.347+0000] {processor.py:208} INFO - Processing /opt/airflow/dags/setup_lakehouse_infrastructure_v3.py took 0.102 seconds
[2026-07-26T10:33:59.960+0000] {processor.py:186} INFO - Started process (PID=461) to work on /opt/airflow/dags/setup_lakehouse_infrastructure_v3.py
[2026-07-26T10:33:59.961+0000] {processor.py:914} INFO - Processing file /opt/airflow/dags/setup_lakehouse_infrastructure_v3.py for tasks to queue
[2026-07-26T10:33:59.962+0000] {logging_mixin.py:190} INFO - [2026-07-26T10:33:59.962+0000] {dagbag.py:588} INFO - Filling up the DagBag from /opt/airflow/dags/setup_lakehouse_infrastructure_v3.py
[2026-07-26T10:33:59.988+0000] {processor.py:925} INFO - DAG(s) 'setup_lakehouse_infrastructure_v3' retrieved from /opt/airflow/dags/setup_lakehouse_infrastructure_v3.py
[2026-07-26T10:34:00.013+0000] {logging_mixin.py:190} INFO - [2026-07-26T10:34:00.013+0000] {dag.py:3239} INFO - Sync 1 DAGs
[2026-07-26T10:34:00.035+0000] {logging_mixin.py:190} INFO - [2026-07-26T10:34:00.034+0000] {dag.py:4180} INFO - Setting next_dagrun for setup_lakehouse_infrastructure_v3 to None, run_after=None
[2026-07-26T10:34:00.053+0000] {processor.py:208} INFO - Processing /opt/airflow/dags/setup_lakehouse_infrastructure_v3.py took 0.098 seconds
[2026-07-26T10:34:30.390+0000] {processor.py:186} INFO - Started process (PID=550) to work on /opt/airflow/dags/setup_lakehouse_infrastructure_v3.py
[2026-07-26T10:34:30.391+0000] {processor.py:914} INFO - Processing file /opt/airflow/dags/setup_lakehouse_infrastructure_v3.py for tasks to queue
[2026-07-26T10:34:30.393+0000] {logging_mixin.py:190} INFO - [2026-07-26T10:34:30.393+0000] {dagbag.py:588} INFO - Filling up the DagBag from /opt/airflow/dags/setup_lakehouse_infrastructure_v3.py
[2026-07-26T10:34:30.419+0000] {processor.py:925} INFO - DAG(s) 'setup_lakehouse_infrastructure_v3' retrieved from /opt/airflow/dags/setup_lakehouse_infrastructure_v3.py
[2026-07-26T10:34:30.444+0000] {logging_mixin.py:190} INFO - [2026-07-26T10:34:30.444+0000] {dag.py:3239} INFO - Sync 1 DAGs
[2026-07-26T10:34:30.471+0000] {logging_mixin.py:190} INFO - [2026-07-26T10:34:30.471+0000] {dag.py:4180} INFO - Setting next_dagrun for setup_lakehouse_infrastructure_v3 to None, run_after=None
[2026-07-26T10:34:30.488+0000] {processor.py:208} INFO - Processing /opt/airflow/dags/setup_lakehouse_infrastructure_v3.py took 0.107 seconds
[2026-07-26T10:35:01.141+0000] {processor.py:186} INFO - Started process (PID=644) to work on /opt/airflow/dags/setup_lakehouse_infrastructure_v3.py
[2026-07-26T10:35:01.142+0000] {processor.py:914} INFO - Processing file /opt/airflow/dags/setup_lakehouse_infrastructure_v3.py for tasks to queue
[2026-07-26T10:35:01.145+0000] {logging_mixin.py:190} INFO - [2026-07-26T10:35:01.144+0000] {dagbag.py:588} INFO - Filling up the DagBag from /opt/airflow/dags/setup_lakehouse_infrastructure_v3.py
[2026-07-26T10:35:01.171+0000] {processor.py:925} INFO - DAG(s) 'setup_lakehouse_infrastructure_v3' retrieved from /opt/airflow/dags/setup_lakehouse_infrastructure_v3.py
[2026-07-26T10:35:01.195+0000] {logging_mixin.py:190} INFO - [2026-07-26T10:35:01.195+0000] {dag.py:3239} INFO - Sync 1 DAGs
[2026-07-26T10:35:01.216+0000] {logging_mixin.py:190} INFO - [2026-07-26T10:35:01.216+0000] {dag.py:4180} INFO - Setting next_dagrun for setup_lakehouse_infrastructure_v3 to None, run_after=None
[2026-07-26T10:35:01.233+0000] {processor.py:208} INFO - Processing /opt/airflow/dags/setup_lakehouse_infrastructure_v3.py took 0.097 seconds
[2026-07-26T10:35:31.672+0000] {processor.py:186} INFO - Started process (PID=731) to work on /opt/airflow/dags/setup_lakehouse_infrastructure_v3.py
[2026-07-26T10:35:31.673+0000] {processor.py:914} INFO - Processing file /opt/airflow/dags/setup_lakehouse_infrastructure_v3.py for tasks to queue
[2026-07-26T10:35:31.674+0000] {logging_mixin.py:190} INFO - [2026-07-26T10:35:31.674+0000] {dagbag.py:588} INFO - Filling up the DagBag from /opt/airflow/dags/setup_lakehouse_infrastructure_v3.py
[2026-07-26T10:35:31.702+0000] {processor.py:925} INFO - DAG(s) 'setup_lakehouse_infrastructure_v3' retrieved from /opt/airflow/dags/setup_lakehouse_infrastructure_v3.py
[2026-07-26T10:35:31.726+0000] {logging_mixin.py:190} INFO - [2026-07-26T10:35:31.726+0000] {dag.py:3239} INFO - Sync 1 DAGs
[2026-07-26T10:35:31.752+0000] {logging_mixin.py:190} INFO - [2026-07-26T10:35:31.751+0000] {dag.py:4180} INFO - Setting next_dagrun for setup_lakehouse_infrastructure_v3 to None, run_after=None
[2026-07-26T10:35:31.773+0000] {processor.py:208} INFO - Processing /opt/airflow/dags/setup_lakehouse_infrastructure_v3.py took 0.108 seconds
[2026-07-26T10:36:02.242+0000] {processor.py:186} INFO - Started process (PID=824) to work on /opt/airflow/dags/setup_lakehouse_infrastructure_v3.py
[2026-07-26T10:36:02.243+0000] {processor.py:914} INFO - Processing file /opt/airflow/dags/setup_lakehouse_infrastructure_v3.py for tasks to queue
[2026-07-26T10:36:02.244+0000] {logging_mixin.py:190} INFO - [2026-07-26T10:36:02.244+0000] {dagbag.py:588} INFO - Filling up the DagBag from /opt/airflow/dags/setup_lakehouse_infrastructure_v3.py
[2026-07-26T10:36:02.269+0000] {processor.py:925} INFO - DAG(s) 'setup_lakehouse_infrastructure_v3' retrieved from /opt/airflow/dags/setup_lakehouse_infrastructure_v3.py
[2026-07-26T10:36:02.293+0000] {logging_mixin.py:190} INFO - [2026-07-26T10:36:02.293+0000] {dag.py:3239} INFO - Sync 1 DAGs
[2026-07-26T10:36:02.316+0000] {logging_mixin.py:190} INFO - [2026-07-26T10:36:02.316+0000] {dag.py:4180} INFO - Setting next_dagrun for setup_lakehouse_infrastructure_v3 to None, run_after=None
[2026-07-26T10:36:02.336+0000] {processor.py:208} INFO - Processing /opt/airflow/dags/setup_lakehouse_infrastructure_v3.py took 0.100 seconds
[2026-07-26T10:36:32.909+0000] {processor.py:186} INFO - Started process (PID=914) to work on /opt/airflow/dags/setup_lakehouse_infrastructure_v3.py
[2026-07-26T10:36:32.910+0000] {processor.py:914} INFO - Processing file /opt/airflow/dags/setup_lakehouse_infrastructure_v3.py for tasks to queue
[2026-07-26T10:36:32.912+0000] {logging_mixin.py:190} INFO - [2026-07-26T10:36:32.911+0000] {dagbag.py:588} INFO - Filling up the DagBag from /opt/airflow/dags/setup_lakehouse_infrastructure_v3.py
[2026-07-26T10:36:32.937+0000] {processor.py:925} INFO - DAG(s) 'setup_lakehouse_infrastructure_v3' retrieved from /opt/airflow/dags/setup_lakehouse_infrastructure_v3.py
[2026-07-26T10:36:32.961+0000] {logging_mixin.py:190} INFO - [2026-07-26T10:36:32.961+0000] {dag.py:3239} INFO - Sync 1 DAGs
[2026-07-26T10:36:32.983+0000] {logging_mixin.py:190} INFO - [2026-07-26T10:36:32.983+0000] {dag.py:4180} INFO - Setting next_dagrun for setup_lakehouse_infrastructure_v3 to None, run_after=None
[2026-07-26T10:36:33.001+0000] {processor.py:208} INFO - Processing /opt/airflow/dags/setup_lakehouse_infrastructure_v3.py took 0.097 seconds
[2026-07-26T10:37:04.016+0000] {processor.py:186} INFO - Started process (PID=1007) to work on /opt/airflow/dags/setup_lakehouse_infrastructure_v3.py
[2026-07-26T10:37:04.017+0000] {processor.py:914} INFO - Processing file /opt/airflow/dags/setup_lakehouse_infrastructure_v3.py for tasks to queue
[2026-07-26T10:37:04.018+0000] {logging_mixin.py:190} INFO - [2026-07-26T10:37:04.018+0000] {dagbag.py:588} INFO - Filling up the DagBag from /opt/airflow/dags/setup_lakehouse_infrastructure_v3.py
[2026-07-26T10:37:04.046+0000] {processor.py:925} INFO - DAG(s) 'setup_lakehouse_infrastructure_v3' retrieved from /opt/airflow/dags/setup_lakehouse_infrastructure_v3.py
[2026-07-26T10:37:04.070+0000] {logging_mixin.py:190} INFO - [2026-07-26T10:37:04.070+0000] {dag.py:3239} INFO - Sync 1 DAGs
[2026-07-26T10:37:04.092+0000] {logging_mixin.py:190} INFO - [2026-07-26T10:37:04.091+0000] {dag.py:4180} INFO - Setting next_dagrun for setup_lakehouse_infrastructure_v3 to None, run_after=None
[2026-07-26T10:37:04.109+0000] {processor.py:208} INFO - Processing /opt/airflow/dags/setup_lakehouse_infrastructure_v3.py took 0.099 seconds
[2026-07-26T10:37:34.787+0000] {processor.py:186} INFO - Started process (PID=1098) to work on /opt/airflow/dags/setup_lakehouse_infrastructure_v3.py
[2026-07-26T10:37:34.788+0000] {processor.py:914} INFO - Processing file /opt/airflow/dags/setup_lakehouse_infrastructure_v3.py for tasks to queue
[2026-07-26T10:37:34.789+0000] {logging_mixin.py:190} INFO - [2026-07-26T10:37:34.789+0000] {dagbag.py:588} INFO - Filling up the DagBag from /opt/airflow/dags/setup_lakehouse_infrastructure_v3.py
[2026-07-26T10:37:34.817+0000] {processor.py:925} INFO - DAG(s) 'setup_lakehouse_infrastructure_v3' retrieved from /opt/airflow/dags/setup_lakehouse_infrastructure_v3.py
[2026-07-26T10:37:34.841+0000] {logging_mixin.py:190} INFO - [2026-07-26T10:37:34.840+0000] {dag.py:3239} INFO - Sync 1 DAGs
[2026-07-26T10:37:34.864+0000] {logging_mixin.py:190} INFO - [2026-07-26T10:37:34.864+0000] {dag.py:4180} INFO - Setting next_dagrun for setup_lakehouse_infrastructure_v3 to None, run_after=None
[2026-07-26T10:37:34.884+0000] {processor.py:208} INFO - Processing /opt/airflow/dags/setup_lakehouse_infrastructure_v3.py took 0.105 seconds
[2026-07-26T10:38:05.684+0000] {processor.py:186} INFO - Started process (PID=1186) to work on /opt/airflow/dags/setup_lakehouse_infrastructure_v3.py
[2026-07-26T10:38:05.686+0000] {processor.py:914} INFO - Processing file /opt/airflow/dags/setup_lakehouse_infrastructure_v3.py for tasks to queue
[2026-07-26T10:38:05.687+0000] {logging_mixin.py:190} INFO - [2026-07-26T10:38:05.687+0000] {dagbag.py:588} INFO - Filling up the DagBag from /opt/airflow/dags/setup_lakehouse_infrastructure_v3.py
[2026-07-26T10:38:05.718+0000] {processor.py:925} INFO - DAG(s) 'setup_lakehouse_infrastructure_v3' retrieved from /opt/airflow/dags/setup_lakehouse_infrastructure_v3.py
[2026-07-26T10:38:05.740+0000] {logging_mixin.py:190} INFO - [2026-07-26T10:38:05.740+0000] {dag.py:3239} INFO - Sync 1 DAGs
[2026-07-26T10:38:05.761+0000] {logging_mixin.py:190} INFO - [2026-07-26T10:38:05.761+0000] {dag.py:4180} INFO - Setting next_dagrun for setup_lakehouse_infrastructure_v3 to None, run_after=None
[2026-07-26T10:38:05.782+0000] {processor.py:208} INFO - Processing /opt/airflow/dags/setup_lakehouse_infrastructure_v3.py took 0.102 seconds
[2026-07-26T10:38:36.345+0000] {processor.py:186} INFO - Started process (PID=1281) to work on /opt/airflow/dags/setup_lakehouse_infrastructure_v3.py
[2026-07-26T10:38:36.346+0000] {processor.py:914} INFO - Processing file /opt/airflow/dags/setup_lakehouse_infrastructure_v3.py for tasks to queue
[2026-07-26T10:38:36.348+0000] {logging_mixin.py:190} INFO - [2026-07-26T10:38:36.348+0000] {dagbag.py:588} INFO - Filling up the DagBag from /opt/airflow/dags/setup_lakehouse_infrastructure_v3.py
[2026-07-26T10:38:36.375+0000] {processor.py:925} INFO - DAG(s) 'setup_lakehouse_infrastructure_v3' retrieved from /opt/airflow/dags/setup_lakehouse_infrastructure_v3.py
[2026-07-26T10:38:36.396+0000] {logging_mixin.py:190} INFO - [2026-07-26T10:38:36.396+0000] {dag.py:3239} INFO - Sync 1 DAGs
[2026-07-26T10:38:36.417+0000] {logging_mixin.py:190} INFO - [2026-07-26T10:38:36.417+0000] {dag.py:4180} INFO - Setting next_dagrun for setup_lakehouse_infrastructure_v3 to None, run_after=None
[2026-07-26T10:38:36.437+0000] {processor.py:208} INFO - Processing /opt/airflow/dags/setup_lakehouse_infrastructure_v3.py took 0.097 seconds
[2026-07-26T10:39:06.767+0000] {processor.py:186} INFO - Started process (PID=1374) to work on /opt/airflow/dags/setup_lakehouse_infrastructure_v3.py
[2026-07-26T10:39:06.769+0000] {processor.py:914} INFO - Processing file /opt/airflow/dags/setup_lakehouse_infrastructure_v3.py for tasks to queue
[2026-07-26T10:39:06.770+0000] {logging_mixin.py:190} INFO - [2026-07-26T10:39:06.770+0000] {dagbag.py:588} INFO - Filling up the DagBag from /opt/airflow/dags/setup_lakehouse_infrastructure_v3.py
[2026-07-26T10:39:06.800+0000] {processor.py:925} INFO - DAG(s) 'setup_lakehouse_infrastructure_v3' retrieved from /opt/airflow/dags/setup_lakehouse_infrastructure_v3.py
[2026-07-26T10:39:06.821+0000] {logging_mixin.py:190} INFO - [2026-07-26T10:39:06.821+0000] {dag.py:3239} INFO - Sync 1 DAGs
[2026-07-26T10:39:06.841+0000] {logging_mixin.py:190} INFO - [2026-07-26T10:39:06.841+0000] {dag.py:4180} INFO - Setting next_dagrun for setup_lakehouse_infrastructure_v3 to None, run_after=None
[2026-07-26T10:39:06.861+0000] {processor.py:208} INFO - Processing /opt/airflow/dags/setup_lakehouse_infrastructure_v3.py took 0.100 seconds
[2026-07-26T10:39:37.767+0000] {processor.py:186} INFO - Started process (PID=1465) to work on /opt/airflow/dags/setup_lakehouse_infrastructure_v3.py
[2026-07-26T10:39:37.768+0000] {processor.py:914} INFO - Processing file /opt/airflow/dags/setup_lakehouse_infrastructure_v3.py for tasks to queue
[2026-07-26T10:39:37.769+0000] {logging_mixin.py:190} INFO - [2026-07-26T10:39:37.769+0000] {dagbag.py:588} INFO - Filling up the DagBag from /opt/airflow/dags/setup_lakehouse_infrastructure_v3.py
[2026-07-26T10:39:37.796+0000] {processor.py:925} INFO - DAG(s) 'setup_lakehouse_infrastructure_v3' retrieved from /opt/airflow/dags/setup_lakehouse_infrastructure_v3.py
[2026-07-26T10:39:37.821+0000] {logging_mixin.py:190} INFO - [2026-07-26T10:39:37.821+0000] {dag.py:3239} INFO - Sync 1 DAGs
[2026-07-26T10:39:37.841+0000] {logging_mixin.py:190} INFO - [2026-07-26T10:39:37.841+0000] {dag.py:4180} INFO - Setting next_dagrun for setup_lakehouse_infrastructure_v3 to None, run_after=None
[2026-07-26T10:39:37.860+0000] {processor.py:208} INFO - Processing /opt/airflow/dags/setup_lakehouse_infrastructure_v3.py took 0.099 seconds
[2026-07-26T10:40:08.097+0000] {processor.py:186} INFO - Started process (PID=1553) to work on /opt/airflow/dags/setup_lakehouse_infrastructure_v3.py
[2026-07-26T10:40:08.098+0000] {processor.py:914} INFO - Processing file /opt/airflow/dags/setup_lakehouse_infrastructure_v3.py for tasks to queue
[2026-07-26T10:40:08.099+0000] {logging_mixin.py:190} INFO - [2026-07-26T10:40:08.099+0000] {dagbag.py:588} INFO - Filling up the DagBag from /opt/airflow/dags/setup_lakehouse_infrastructure_v3.py
[2026-07-26T10:40:08.125+0000] {processor.py:925} INFO - DAG(s) 'setup_lakehouse_infrastructure_v3' retrieved from /opt/airflow/dags/setup_lakehouse_infrastructure_v3.py
[2026-07-26T10:40:08.163+0000] {logging_mixin.py:190} INFO - [2026-07-26T10:40:08.162+0000] {dag.py:3239} INFO - Sync 1 DAGs
[2026-07-26T10:40:08.192+0000] {logging_mixin.py:190} INFO - [2026-07-26T10:40:08.192+0000] {dag.py:4180} INFO - Setting next_dagrun for setup_lakehouse_infrastructure_v3 to None, run_after=None
[2026-07-26T10:40:08.222+0000] {processor.py:208} INFO - Processing /opt/airflow/dags/setup_lakehouse_infrastructure_v3.py took 0.132 seconds
[2026-07-26T10:40:38.603+0000] {processor.py:186} INFO - Started process (PID=1647) to work on /opt/airflow/dags/setup_lakehouse_infrastructure_v3.py
[2026-07-26T10:40:38.605+0000] {processor.py:914} INFO - Processing file /opt/airflow/dags/setup_lakehouse_infrastructure_v3.py for tasks to queue
[2026-07-26T10:40:38.606+0000] {logging_mixin.py:190} INFO - [2026-07-26T10:40:38.606+0000] {dagbag.py:588} INFO - Filling up the DagBag from /opt/airflow/dags/setup_lakehouse_infrastructure_v3.py
[2026-07-26T10:40:38.635+0000] {processor.py:925} INFO - DAG(s) 'setup_lakehouse_infrastructure_v3' retrieved from /opt/airflow/dags/setup_lakehouse_infrastructure_v3.py
[2026-07-26T10:40:38.666+0000] {logging_mixin.py:190} INFO - [2026-07-26T10:40:38.666+0000] {dag.py:3239} INFO - Sync 1 DAGs
[2026-07-26T10:40:38.692+0000] {logging_mixin.py:190} INFO - [2026-07-26T10:40:38.692+0000] {dag.py:4180} INFO - Setting next_dagrun for setup_lakehouse_infrastructure_v3 to None, run_after=None
[2026-07-26T10:40:38.715+0000] {processor.py:208} INFO - Processing /opt/airflow/dags/setup_lakehouse_infrastructure_v3.py took 0.118 seconds
[2026-07-26T10:41:09.021+0000] {processor.py:186} INFO - Started process (PID=1740) to work on /opt/airflow/dags/setup_lakehouse_infrastructure_v3.py
[2026-07-26T10:41:09.022+0000] {processor.py:914} INFO - Processing file /opt/airflow/dags/setup_lakehouse_infrastructure_v3.py for tasks to queue
[2026-07-26T10:41:09.024+0000] {logging_mixin.py:190} INFO - [2026-07-26T10:41:09.023+0000] {dagbag.py:588} INFO - Filling up the DagBag from /opt/airflow/dags/setup_lakehouse_infrastructure_v3.py
[2026-07-26T10:41:09.053+0000] {processor.py:925} INFO - DAG(s) 'setup_lakehouse_infrastructure_v3' retrieved from /opt/airflow/dags/setup_lakehouse_infrastructure_v3.py
[2026-07-26T10:41:09.078+0000] {logging_mixin.py:190} INFO - [2026-07-26T10:41:09.078+0000] {dag.py:3239} INFO - Sync 1 DAGs
[2026-07-26T10:41:09.103+0000] {logging_mixin.py:190} INFO - [2026-07-26T10:41:09.103+0000] {dag.py:4180} INFO - Setting next_dagrun for setup_lakehouse_infrastructure_v3 to None, run_after=None
[2026-07-26T10:41:09.123+0000] {processor.py:208} INFO - Processing /opt/airflow/dags/setup_lakehouse_infrastructure_v3.py took 0.107 seconds
[2026-07-26T10:41:39.245+0000] {processor.py:186} INFO - Started process (PID=1829) to work on /opt/airflow/dags/setup_lakehouse_infrastructure_v3.py
[2026-07-26T10:41:39.246+0000] {processor.py:914} INFO - Processing file /opt/airflow/dags/setup_lakehouse_infrastructure_v3.py for tasks to queue
[2026-07-26T10:41:39.247+0000] {logging_mixin.py:190} INFO - [2026-07-26T10:41:39.247+0000] {dagbag.py:588} INFO - Filling up the DagBag from /opt/airflow/dags/setup_lakehouse_infrastructure_v3.py
[2026-07-26T10:41:39.278+0000] {processor.py:925} INFO - DAG(s) 'setup_lakehouse_infrastructure_v3' retrieved from /opt/airflow/dags/setup_lakehouse_infrastructure_v3.py
[2026-07-26T10:41:39.305+0000] {logging_mixin.py:190} INFO - [2026-07-26T10:41:39.305+0000] {dag.py:3239} INFO - Sync 1 DAGs
[2026-07-26T10:41:39.330+0000] {logging_mixin.py:190} INFO - [2026-07-26T10:41:39.330+0000] {dag.py:4180} INFO - Setting next_dagrun for setup_lakehouse_infrastructure_v3 to None, run_after=None
[2026-07-26T10:41:39.352+0000] {processor.py:208} INFO - Processing /opt/airflow/dags/setup_lakehouse_infrastructure_v3.py took 0.112 seconds
[2026-07-26T10:42:10.162+0000] {processor.py:186} INFO - Started process (PID=1922) to work on /opt/airflow/dags/setup_lakehouse_infrastructure_v3.py
[2026-07-26T10:42:10.163+0000] {processor.py:914} INFO - Processing file /opt/airflow/dags/setup_lakehouse_infrastructure_v3.py for tasks to queue
[2026-07-26T10:42:10.165+0000] {logging_mixin.py:190} INFO - [2026-07-26T10:42:10.164+0000] {dagbag.py:588} INFO - Filling up the DagBag from /opt/airflow/dags/setup_lakehouse_infrastructure_v3.py
[2026-07-26T10:42:10.194+0000] {processor.py:925} INFO - DAG(s) 'setup_lakehouse_infrastructure_v3' retrieved from /opt/airflow/dags/setup_lakehouse_infrastructure_v3.py
[2026-07-26T10:42:10.217+0000] {logging_mixin.py:190} INFO - [2026-07-26T10:42:10.217+0000] {dag.py:3239} INFO - Sync 1 DAGs
[2026-07-26T10:42:10.241+0000] {logging_mixin.py:190} INFO - [2026-07-26T10:42:10.240+0000] {dag.py:4180} INFO - Setting next_dagrun for setup_lakehouse_infrastructure_v3 to None, run_after=None
[2026-07-26T10:42:10.261+0000] {processor.py:208} INFO - Processing /opt/airflow/dags/setup_lakehouse_infrastructure_v3.py took 0.105 seconds
[2026-07-26T10:42:40.761+0000] {processor.py:186} INFO - Started process (PID=2015) to work on /opt/airflow/dags/setup_lakehouse_infrastructure_v3.py
[2026-07-26T10:42:40.762+0000] {processor.py:914} INFO - Processing file /opt/airflow/dags/setup_lakehouse_infrastructure_v3.py for tasks to queue
[2026-07-26T10:42:40.764+0000] {logging_mixin.py:190} INFO - [2026-07-26T10:42:40.763+0000] {dagbag.py:588} INFO - Filling up the DagBag from /opt/airflow/dags/setup_lakehouse_infrastructure_v3.py
[2026-07-26T10:42:40.793+0000] {processor.py:925} INFO - DAG(s) 'setup_lakehouse_infrastructure_v3' retrieved from /opt/airflow/dags/setup_lakehouse_infrastructure_v3.py
[2026-07-26T10:42:40.818+0000] {logging_mixin.py:190} INFO - [2026-07-26T10:42:40.818+0000] {dag.py:3239} INFO - Sync 1 DAGs
[2026-07-26T10:42:40.842+0000] {logging_mixin.py:190} INFO - [2026-07-26T10:42:40.842+0000] {dag.py:4180} INFO - Setting next_dagrun for setup_lakehouse_infrastructure_v3 to None, run_after=None
[2026-07-26T10:42:40.862+0000] {processor.py:208} INFO - Processing /opt/airflow/dags/setup_lakehouse_infrastructure_v3.py took 0.106 seconds
[2026-07-26T10:43:11.133+0000] {processor.py:186} INFO - Started process (PID=2108) to work on /opt/airflow/dags/setup_lakehouse_infrastructure_v3.py
[2026-07-26T10:43:11.134+0000] {processor.py:914} INFO - Processing file /opt/airflow/dags/setup_lakehouse_infrastructure_v3.py for tasks to queue
[2026-07-26T10:43:11.135+0000] {logging_mixin.py:190} INFO - [2026-07-26T10:43:11.135+0000] {dagbag.py:588} INFO - Filling up the DagBag from /opt/airflow/dags/setup_lakehouse_infrastructure_v3.py
[2026-07-26T10:43:11.160+0000] {processor.py:925} INFO - DAG(s) 'setup_lakehouse_infrastructure_v3' retrieved from /opt/airflow/dags/setup_lakehouse_infrastructure_v3.py
[2026-07-26T10:43:11.181+0000] {logging_mixin.py:190} INFO - [2026-07-26T10:43:11.181+0000] {dag.py:3239} INFO - Sync 1 DAGs
[2026-07-26T10:43:11.204+0000] {logging_mixin.py:190} INFO - [2026-07-26T10:43:11.204+0000] {dag.py:4180} INFO - Setting next_dagrun for setup_lakehouse_infrastructure_v3 to None, run_after=None
[2026-07-26T10:43:11.222+0000] {processor.py:208} INFO - Processing /opt/airflow/dags/setup_lakehouse_infrastructure_v3.py took 0.094 seconds
[2026-07-26T10:43:41.310+0000] {processor.py:186} INFO - Started process (PID=2199) to work on /opt/airflow/dags/setup_lakehouse_infrastructure_v3.py
[2026-07-26T10:43:41.312+0000] {processor.py:914} INFO - Processing file /opt/airflow/dags/setup_lakehouse_infrastructure_v3.py for tasks to queue
[2026-07-26T10:43:41.313+0000] {logging_mixin.py:190} INFO - [2026-07-26T10:43:41.313+0000] {dagbag.py:588} INFO - Filling up the DagBag from /opt/airflow/dags/setup_lakehouse_infrastructure_v3.py
[2026-07-26T10:43:41.346+0000] {processor.py:925} INFO - DAG(s) 'setup_lakehouse_infrastructure_v3' retrieved from /opt/airflow/dags/setup_lakehouse_infrastructure_v3.py
[2026-07-26T10:43:41.370+0000] {logging_mixin.py:190} INFO - [2026-07-26T10:43:41.370+0000] {dag.py:3239} INFO - Sync 1 DAGs
[2026-07-26T10:43:41.392+0000] {logging_mixin.py:190} INFO - [2026-07-26T10:43:41.392+0000] {dag.py:4180} INFO - Setting next_dagrun for setup_lakehouse_infrastructure_v3 to None, run_after=None
[2026-07-26T10:43:41.414+0000] {processor.py:208} INFO - Processing /opt/airflow/dags/setup_lakehouse_infrastructure_v3.py took 0.110 seconds
[2026-07-26T10:44:11.825+0000] {processor.py:186} INFO - Started process (PID=2295) to work on /opt/airflow/dags/setup_lakehouse_infrastructure_v3.py
[2026-07-26T10:44:11.826+0000] {processor.py:914} INFO - Processing file /opt/airflow/dags/setup_lakehouse_infrastructure_v3.py for tasks to queue
[2026-07-26T10:44:11.827+0000] {logging_mixin.py:190} INFO - [2026-07-26T10:44:11.827+0000] {dagbag.py:588} INFO - Filling up the DagBag from /opt/airflow/dags/setup_lakehouse_infrastructure_v3.py
[2026-07-26T10:44:11.854+0000] {processor.py:925} INFO - DAG(s) 'setup_lakehouse_infrastructure_v3' retrieved from /opt/airflow/dags/setup_lakehouse_infrastructure_v3.py
[2026-07-26T10:44:11.882+0000] {logging_mixin.py:190} INFO - [2026-07-26T10:44:11.882+0000] {dag.py:3239} INFO - Sync 1 DAGs
[2026-07-26T10:44:11.905+0000] {logging_mixin.py:190} INFO - [2026-07-26T10:44:11.905+0000] {dag.py:4180} INFO - Setting next_dagrun for setup_lakehouse_infrastructure_v3 to None, run_after=None
[2026-07-26T10:44:11.927+0000] {processor.py:208} INFO - Processing /opt/airflow/dags/setup_lakehouse_infrastructure_v3.py took 0.107 seconds
[2026-07-26T10:44:42.217+0000] {processor.py:186} INFO - Started process (PID=2388) to work on /opt/airflow/dags/setup_lakehouse_infrastructure_v3.py
[2026-07-26T10:44:42.218+0000] {processor.py:914} INFO - Processing file /opt/airflow/dags/setup_lakehouse_infrastructure_v3.py for tasks to queue
[2026-07-26T10:44:42.219+0000] {logging_mixin.py:190} INFO - [2026-07-26T10:44:42.219+0000] {dagbag.py:588} INFO - Filling up the DagBag from /opt/airflow/dags/setup_lakehouse_infrastructure_v3.py
[2026-07-26T10:44:42.244+0000] {processor.py:925} INFO - DAG(s) 'setup_lakehouse_infrastructure_v3' retrieved from /opt/airflow/dags/setup_lakehouse_infrastructure_v3.py
[2026-07-26T10:44:42.266+0000] {logging_mixin.py:190} INFO - [2026-07-26T10:44:42.266+0000] {dag.py:3239} INFO - Sync 1 DAGs
[2026-07-26T10:44:42.289+0000] {logging_mixin.py:190} INFO - [2026-07-26T10:44:42.288+0000] {dag.py:4180} INFO - Setting next_dagrun for setup_lakehouse_infrastructure_v3 to None, run_after=None
[2026-07-26T10:44:42.310+0000] {processor.py:208} INFO - Processing /opt/airflow/dags/setup_lakehouse_infrastructure_v3.py took 0.098 seconds
[2026-07-26T10:45:12.450+0000] {processor.py:186} INFO - Started process (PID=2476) to work on /opt/airflow/dags/setup_lakehouse_infrastructure_v3.py
[2026-07-26T10:45:12.451+0000] {processor.py:914} INFO - Processing file /opt/airflow/dags/setup_lakehouse_infrastructure_v3.py for tasks to queue
[2026-07-26T10:45:12.452+0000] {logging_mixin.py:190} INFO - [2026-07-26T10:45:12.452+0000] {dagbag.py:588} INFO - Filling up the DagBag from /opt/airflow/dags/setup_lakehouse_infrastructure_v3.py
[2026-07-26T10:45:12.482+0000] {processor.py:925} INFO - DAG(s) 'setup_lakehouse_infrastructure_v3' retrieved from /opt/airflow/dags/setup_lakehouse_infrastructure_v3.py
[2026-07-26T10:45:12.512+0000] {logging_mixin.py:190} INFO - [2026-07-26T10:45:12.512+0000] {dag.py:3239} INFO - Sync 1 DAGs
[2026-07-26T10:45:12.538+0000] {logging_mixin.py:190} INFO - [2026-07-26T10:45:12.537+0000] {dag.py:4180} INFO - Setting next_dagrun for setup_lakehouse_infrastructure_v3 to None, run_after=None
[2026-07-26T10:45:12.558+0000] {processor.py:208} INFO - Processing /opt/airflow/dags/setup_lakehouse_infrastructure_v3.py took 0.115 seconds
[2026-07-26T10:45:42.703+0000] {processor.py:186} INFO - Started process (PID=2569) to work on /opt/airflow/dags/setup_lakehouse_infrastructure_v3.py
[2026-07-26T10:45:42.704+0000] {processor.py:914} INFO - Processing file /opt/airflow/dags/setup_lakehouse_infrastructure_v3.py for tasks to queue
[2026-07-26T10:45:42.705+0000] {logging_mixin.py:190} INFO - [2026-07-26T10:45:42.705+0000] {dagbag.py:588} INFO - Filling up the DagBag from /opt/airflow/dags/setup_lakehouse_infrastructure_v3.py
[2026-07-26T10:45:42.732+0000] {processor.py:925} INFO - DAG(s) 'setup_lakehouse_infrastructure_v3' retrieved from /opt/airflow/dags/setup_lakehouse_infrastructure_v3.py
[2026-07-26T10:45:42.762+0000] {logging_mixin.py:190} INFO - [2026-07-26T10:45:42.761+0000] {dag.py:3239} INFO - Sync 1 DAGs
[2026-07-26T10:45:42.788+0000] {logging_mixin.py:190} INFO - [2026-07-26T10:45:42.788+0000] {dag.py:4180} INFO - Setting next_dagrun for setup_lakehouse_infrastructure_v3 to None, run_after=None
[2026-07-26T10:45:42.809+0000] {processor.py:208} INFO - Processing /opt/airflow/dags/setup_lakehouse_infrastructure_v3.py took 0.112 seconds
[2026-07-26T10:46:13.074+0000] {processor.py:186} INFO - Started process (PID=2662) to work on /opt/airflow/dags/setup_lakehouse_infrastructure_v3.py
[2026-07-26T10:46:13.075+0000] {processor.py:914} INFO - Processing file /opt/airflow/dags/setup_lakehouse_infrastructure_v3.py for tasks to queue
[2026-07-26T10:46:13.076+0000] {logging_mixin.py:190} INFO - [2026-07-26T10:46:13.076+0000] {dagbag.py:588} INFO - Filling up the DagBag from /opt/airflow/dags/setup_lakehouse_infrastructure_v3.py
[2026-07-26T10:46:13.104+0000] {processor.py:925} INFO - DAG(s) 'setup_lakehouse_infrastructure_v3' retrieved from /opt/airflow/dags/setup_lakehouse_infrastructure_v3.py
[2026-07-26T10:46:13.129+0000] {logging_mixin.py:190} INFO - [2026-07-26T10:46:13.129+0000] {dag.py:3239} INFO - Sync 1 DAGs
[2026-07-26T10:46:13.155+0000] {logging_mixin.py:190} INFO - [2026-07-26T10:46:13.154+0000] {dag.py:4180} INFO - Setting next_dagrun for setup_lakehouse_infrastructure_v3 to None, run_after=None
[2026-07-26T10:46:13.178+0000] {processor.py:208} INFO - Processing /opt/airflow/dags/setup_lakehouse_infrastructure_v3.py took 0.110 seconds
[2026-07-26T10:53:23.187+0000] {processor.py:186} INFO - Started process (PID=182) to work on /opt/airflow/dags/setup_lakehouse_infrastructure_v3.py
[2026-07-26T10:53:23.190+0000] {processor.py:914} INFO - Processing file /opt/airflow/dags/setup_lakehouse_infrastructure_v3.py for tasks to queue
[2026-07-26T10:53:23.196+0000] {logging_mixin.py:190} INFO - [2026-07-26T10:53:23.195+0000] {dagbag.py:588} INFO - Filling up the DagBag from /opt/airflow/dags/setup_lakehouse_infrastructure_v3.py
[2026-07-26T10:53:23.265+0000] {processor.py:925} INFO - DAG(s) 'setup_lakehouse_infrastructure_v3' retrieved from /opt/airflow/dags/setup_lakehouse_infrastructure_v3.py
[2026-07-26T10:53:23.335+0000] {logging_mixin.py:190} INFO - [2026-07-26T10:53:23.334+0000] {dag.py:3239} INFO - Sync 1 DAGs
[2026-07-26T10:53:23.411+0000] {logging_mixin.py:190} INFO - [2026-07-26T10:53:23.411+0000] {dag.py:4180} INFO - Setting next_dagrun for setup_lakehouse_infrastructure_v3 to None, run_after=None
[2026-07-26T10:53:23.472+0000] {processor.py:208} INFO - Processing /opt/airflow/dags/setup_lakehouse_infrastructure_v3.py took 0.296 seconds
[2026-07-26T10:53:54.279+0000] {processor.py:186} INFO - Started process (PID=275) to work on /opt/airflow/dags/setup_lakehouse_infrastructure_v3.py
[2026-07-26T10:53:54.280+0000] {processor.py:914} INFO - Processing file /opt/airflow/dags/setup_lakehouse_infrastructure_v3.py for tasks to queue
[2026-07-26T10:53:54.283+0000] {logging_mixin.py:190} INFO - [2026-07-26T10:53:54.283+0000] {dagbag.py:588} INFO - Filling up the DagBag from /opt/airflow/dags/setup_lakehouse_infrastructure_v3.py
[2026-07-26T10:53:54.308+0000] {processor.py:925} INFO - DAG(s) 'setup_lakehouse_infrastructure_v3' retrieved from /opt/airflow/dags/setup_lakehouse_infrastructure_v3.py
[2026-07-26T10:53:54.333+0000] {logging_mixin.py:190} INFO - [2026-07-26T10:53:54.333+0000] {dag.py:3239} INFO - Sync 1 DAGs
[2026-07-26T10:53:54.356+0000] {logging_mixin.py:190} INFO - [2026-07-26T10:53:54.356+0000] {dag.py:4180} INFO - Setting next_dagrun for setup_lakehouse_infrastructure_v3 to None, run_after=None
[2026-07-26T10:53:54.376+0000] {processor.py:208} INFO - Processing /opt/airflow/dags/setup_lakehouse_infrastructure_v3.py took 0.103 seconds
[2026-07-26T10:54:24.658+0000] {processor.py:186} INFO - Started process (PID=368) to work on /opt/airflow/dags/setup_lakehouse_infrastructure_v3.py
[2026-07-26T10:54:24.659+0000] {processor.py:914} INFO - Processing file /opt/airflow/dags/setup_lakehouse_infrastructure_v3.py for tasks to queue
[2026-07-26T10:54:24.661+0000] {logging_mixin.py:190} INFO - [2026-07-26T10:54:24.661+0000] {dagbag.py:588} INFO - Filling up the DagBag from /opt/airflow/dags/setup_lakehouse_infrastructure_v3.py
[2026-07-26T10:54:24.686+0000] {processor.py:925} INFO - DAG(s) 'setup_lakehouse_infrastructure_v3' retrieved from /opt/airflow/dags/setup_lakehouse_infrastructure_v3.py
[2026-07-26T10:54:24.708+0000] {logging_mixin.py:190} INFO - [2026-07-26T10:54:24.708+0000] {dag.py:3239} INFO - Sync 1 DAGs
[2026-07-26T10:54:24.728+0000] {logging_mixin.py:190} INFO - [2026-07-26T10:54:24.728+0000] {dag.py:4180} INFO - Setting next_dagrun for setup_lakehouse_infrastructure_v3 to None, run_after=None
[2026-07-26T10:54:24.746+0000] {processor.py:208} INFO - Processing /opt/airflow/dags/setup_lakehouse_infrastructure_v3.py took 0.094 seconds
[2026-07-26T10:54:55.241+0000] {processor.py:186} INFO - Started process (PID=456) to work on /opt/airflow/dags/setup_lakehouse_infrastructure_v3.py
[2026-07-26T10:54:55.242+0000] {processor.py:914} INFO - Processing file /opt/airflow/dags/setup_lakehouse_infrastructure_v3.py for tasks to queue
[2026-07-26T10:54:55.244+0000] {logging_mixin.py:190} INFO - [2026-07-26T10:54:55.244+0000] {dagbag.py:588} INFO - Filling up the DagBag from /opt/airflow/dags/setup_lakehouse_infrastructure_v3.py
[2026-07-26T10:54:55.270+0000] {processor.py:925} INFO - DAG(s) 'setup_lakehouse_infrastructure_v3' retrieved from /opt/airflow/dags/setup_lakehouse_infrastructure_v3.py
[2026-07-26T10:54:55.297+0000] {logging_mixin.py:190} INFO - [2026-07-26T10:54:55.297+0000] {dag.py:3239} INFO - Sync 1 DAGs
[2026-07-26T10:54:55.319+0000] {logging_mixin.py:190} INFO - [2026-07-26T10:54:55.319+0000] {dag.py:4180} INFO - Setting next_dagrun for setup_lakehouse_infrastructure_v3 to None, run_after=None
[2026-07-26T10:54:55.340+0000] {processor.py:208} INFO - Processing /opt/airflow/dags/setup_lakehouse_infrastructure_v3.py took 0.104 seconds
[2026-07-26T10:55:25.474+0000] {processor.py:186} INFO - Started process (PID=549) to work on /opt/airflow/dags/setup_lakehouse_infrastructure_v3.py
[2026-07-26T10:55:25.475+0000] {processor.py:914} INFO - Processing file /opt/airflow/dags/setup_lakehouse_infrastructure_v3.py for tasks to queue
[2026-07-26T10:55:25.477+0000] {logging_mixin.py:190} INFO - [2026-07-26T10:55:25.477+0000] {dagbag.py:588} INFO - Filling up the DagBag from /opt/airflow/dags/setup_lakehouse_infrastructure_v3.py
[2026-07-26T10:55:25.504+0000] {processor.py:925} INFO - DAG(s) 'setup_lakehouse_infrastructure_v3' retrieved from /opt/airflow/dags/setup_lakehouse_infrastructure_v3.py
[2026-07-26T10:55:25.525+0000] {logging_mixin.py:190} INFO - [2026-07-26T10:55:25.525+0000] {dag.py:3239} INFO - Sync 1 DAGs
[2026-07-26T10:55:25.548+0000] {logging_mixin.py:190} INFO - [2026-07-26T10:55:25.548+0000] {dag.py:4180} INFO - Setting next_dagrun for setup_lakehouse_infrastructure_v3 to None, run_after=None
[2026-07-26T10:55:25.571+0000] {processor.py:208} INFO - Processing /opt/airflow/dags/setup_lakehouse_infrastructure_v3.py took 0.102 seconds
[2026-07-26T10:55:56.134+0000] {processor.py:186} INFO - Started process (PID=642) to work on /opt/airflow/dags/setup_lakehouse_infrastructure_v3.py
[2026-07-26T10:55:56.135+0000] {processor.py:914} INFO - Processing file /opt/airflow/dags/setup_lakehouse_infrastructure_v3.py for tasks to queue
[2026-07-26T10:55:56.137+0000] {logging_mixin.py:190} INFO - [2026-07-26T10:55:56.137+0000] {dagbag.py:588} INFO - Filling up the DagBag from /opt/airflow/dags/setup_lakehouse_infrastructure_v3.py
[2026-07-26T10:55:56.172+0000] {processor.py:925} INFO - DAG(s) 'setup_lakehouse_infrastructure_v3' retrieved from /opt/airflow/dags/setup_lakehouse_infrastructure_v3.py
[2026-07-26T10:55:56.195+0000] {logging_mixin.py:190} INFO - [2026-07-26T10:55:56.195+0000] {dag.py:3239} INFO - Sync 1 DAGs
[2026-07-26T10:55:56.216+0000] {logging_mixin.py:190} INFO - [2026-07-26T10:55:56.216+0000] {dag.py:4180} INFO - Setting next_dagrun for setup_lakehouse_infrastructure_v3 to None, run_after=None
[2026-07-26T10:55:56.237+0000] {processor.py:208} INFO - Processing /opt/airflow/dags/setup_lakehouse_infrastructure_v3.py took 0.108 seconds
[2026-07-26T10:56:26.463+0000] {processor.py:186} INFO - Started process (PID=733) to work on /opt/airflow/dags/setup_lakehouse_infrastructure_v3.py
[2026-07-26T10:56:26.464+0000] {processor.py:914} INFO - Processing file /opt/airflow/dags/setup_lakehouse_infrastructure_v3.py for tasks to queue
[2026-07-26T10:56:26.466+0000] {logging_mixin.py:190} INFO - [2026-07-26T10:56:26.466+0000] {dagbag.py:588} INFO - Filling up the DagBag from /opt/airflow/dags/setup_lakehouse_infrastructure_v3.py
[2026-07-26T10:56:26.499+0000] {processor.py:925} INFO - DAG(s) 'setup_lakehouse_infrastructure_v3' retrieved from /opt/airflow/dags/setup_lakehouse_infrastructure_v3.py
[2026-07-26T10:56:26.526+0000] {logging_mixin.py:190} INFO - [2026-07-26T10:56:26.526+0000] {dag.py:3239} INFO - Sync 1 DAGs
[2026-07-26T10:56:26.550+0000] {logging_mixin.py:190} INFO - [2026-07-26T10:56:26.549+0000] {dag.py:4180} INFO - Setting next_dagrun for setup_lakehouse_infrastructure_v3 to None, run_after=None
[2026-07-26T10:56:26.572+0000] {processor.py:208} INFO - Processing /opt/airflow/dags/setup_lakehouse_infrastructure_v3.py took 0.116 seconds
[2026-07-26T10:56:56.773+0000] {processor.py:186} INFO - Started process (PID=823) to work on /opt/airflow/dags/setup_lakehouse_infrastructure_v3.py
[2026-07-26T10:56:56.774+0000] {processor.py:914} INFO - Processing file /opt/airflow/dags/setup_lakehouse_infrastructure_v3.py for tasks to queue
[2026-07-26T10:56:56.776+0000] {logging_mixin.py:190} INFO - [2026-07-26T10:56:56.776+0000] {dagbag.py:588} INFO - Filling up the DagBag from /opt/airflow/dags/setup_lakehouse_infrastructure_v3.py
[2026-07-26T10:56:56.801+0000] {processor.py:925} INFO - DAG(s) 'setup_lakehouse_infrastructure_v3' retrieved from /opt/airflow/dags/setup_lakehouse_infrastructure_v3.py
[2026-07-26T10:56:56.826+0000] {logging_mixin.py:190} INFO - [2026-07-26T10:56:56.825+0000] {dag.py:3239} INFO - Sync 1 DAGs
[2026-07-26T10:56:56.845+0000] {logging_mixin.py:190} INFO - [2026-07-26T10:56:56.845+0000] {dag.py:4180} INFO - Setting next_dagrun for setup_lakehouse_infrastructure_v3 to None, run_after=None
[2026-07-26T10:56:56.866+0000] {processor.py:208} INFO - Processing /opt/airflow/dags/setup_lakehouse_infrastructure_v3.py took 0.100 seconds
[2026-07-26T10:57:27.290+0000] {processor.py:186} INFO - Started process (PID=916) to work on /opt/airflow/dags/setup_lakehouse_infrastructure_v3.py
[2026-07-26T10:57:27.292+0000] {processor.py:914} INFO - Processing file /opt/airflow/dags/setup_lakehouse_infrastructure_v3.py for tasks to queue
[2026-07-26T10:57:27.294+0000] {logging_mixin.py:190} INFO - [2026-07-26T10:57:27.294+0000] {dagbag.py:588} INFO - Filling up the DagBag from /opt/airflow/dags/setup_lakehouse_infrastructure_v3.py
[2026-07-26T10:57:27.319+0000] {processor.py:925} INFO - DAG(s) 'setup_lakehouse_infrastructure_v3' retrieved from /opt/airflow/dags/setup_lakehouse_infrastructure_v3.py
[2026-07-26T10:57:27.342+0000] {logging_mixin.py:190} INFO - [2026-07-26T10:57:27.342+0000] {dag.py:3239} INFO - Sync 1 DAGs
[2026-07-26T10:57:27.366+0000] {logging_mixin.py:190} INFO - [2026-07-26T10:57:27.366+0000] {dag.py:4180} INFO - Setting next_dagrun for setup_lakehouse_infrastructure_v3 to None, run_after=None
[2026-07-26T10:57:27.386+0000] {processor.py:208} INFO - Processing /opt/airflow/dags/setup_lakehouse_infrastructure_v3.py took 0.101 seconds
[2026-07-26T10:57:57.643+0000] {processor.py:186} INFO - Started process (PID=1007) to work on /opt/airflow/dags/setup_lakehouse_infrastructure_v3.py
[2026-07-26T10:57:57.644+0000] {processor.py:914} INFO - Processing file /opt/airflow/dags/setup_lakehouse_infrastructure_v3.py for tasks to queue
[2026-07-26T10:57:57.646+0000] {logging_mixin.py:190} INFO - [2026-07-26T10:57:57.646+0000] {dagbag.py:588} INFO - Filling up the DagBag from /opt/airflow/dags/setup_lakehouse_infrastructure_v3.py
[2026-07-26T10:57:57.671+0000] {processor.py:925} INFO - DAG(s) 'setup_lakehouse_infrastructure_v3' retrieved from /opt/airflow/dags/setup_lakehouse_infrastructure_v3.py
[2026-07-26T10:57:57.696+0000] {logging_mixin.py:190} INFO - [2026-07-26T10:57:57.695+0000] {dag.py:3239} INFO - Sync 1 DAGs
[2026-07-26T10:57:57.721+0000] {logging_mixin.py:190} INFO - [2026-07-26T10:57:57.721+0000] {dag.py:4180} INFO - Setting next_dagrun for setup_lakehouse_infrastructure_v3 to None, run_after=None
[2026-07-26T10:57:57.740+0000] {processor.py:208} INFO - Processing /opt/airflow/dags/setup_lakehouse_infrastructure_v3.py took 0.102 seconds
[2026-07-26T10:58:27.979+0000] {processor.py:186} INFO - Started process (PID=1097) to work on /opt/airflow/dags/setup_lakehouse_infrastructure_v3.py
[2026-07-26T10:58:27.981+0000] {processor.py:914} INFO - Processing file /opt/airflow/dags/setup_lakehouse_infrastructure_v3.py for tasks to queue
[2026-07-26T10:58:27.983+0000] {logging_mixin.py:190} INFO - [2026-07-26T10:58:27.983+0000] {dagbag.py:588} INFO - Filling up the DagBag from /opt/airflow/dags/setup_lakehouse_infrastructure_v3.py
[2026-07-26T10:58:28.013+0000] {processor.py:925} INFO - DAG(s) 'setup_lakehouse_infrastructure_v3' retrieved from /opt/airflow/dags/setup_lakehouse_infrastructure_v3.py
[2026-07-26T10:58:28.038+0000] {logging_mixin.py:190} INFO - [2026-07-26T10:58:28.037+0000] {dag.py:3239} INFO - Sync 1 DAGs
[2026-07-26T10:58:28.061+0000] {logging_mixin.py:190} INFO - [2026-07-26T10:58:28.061+0000] {dag.py:4180} INFO - Setting next_dagrun for setup_lakehouse_infrastructure_v3 to None, run_after=None
[2026-07-26T10:58:28.084+0000] {processor.py:208} INFO - Processing /opt/airflow/dags/setup_lakehouse_infrastructure_v3.py took 0.110 seconds
[2026-07-26T10:58:58.179+0000] {processor.py:186} INFO - Started process (PID=1190) to work on /opt/airflow/dags/setup_lakehouse_infrastructure_v3.py
[2026-07-26T10:58:58.181+0000] {processor.py:914} INFO - Processing file /opt/airflow/dags/setup_lakehouse_infrastructure_v3.py for tasks to queue
[2026-07-26T10:58:58.184+0000] {logging_mixin.py:190} INFO - [2026-07-26T10:58:58.183+0000] {dagbag.py:588} INFO - Filling up the DagBag from /opt/airflow/dags/setup_lakehouse_infrastructure_v3.py
[2026-07-26T10:58:58.212+0000] {processor.py:925} INFO - DAG(s) 'setup_lakehouse_infrastructure_v3' retrieved from /opt/airflow/dags/setup_lakehouse_infrastructure_v3.py
[2026-07-26T10:58:58.241+0000] {logging_mixin.py:190} INFO - [2026-07-26T10:58:58.240+0000] {dag.py:3239} INFO - Sync 1 DAGs
[2026-07-26T10:58:58.262+0000] {logging_mixin.py:190} INFO - [2026-07-26T10:58:58.262+0000] {dag.py:4180} INFO - Setting next_dagrun for setup_lakehouse_infrastructure_v3 to None, run_after=None
[2026-07-26T10:58:58.285+0000] {processor.py:208} INFO - Processing /opt/airflow/dags/setup_lakehouse_infrastructure_v3.py took 0.112 seconds
[2026-07-26T10:59:28.756+0000] {processor.py:186} INFO - Started process (PID=1283) to work on /opt/airflow/dags/setup_lakehouse_infrastructure_v3.py
[2026-07-26T10:59:28.757+0000] {processor.py:914} INFO - Processing file /opt/airflow/dags/setup_lakehouse_infrastructure_v3.py for tasks to queue
[2026-07-26T10:59:28.760+0000] {logging_mixin.py:190} INFO - [2026-07-26T10:59:28.759+0000] {dagbag.py:588} INFO - Filling up the DagBag from /opt/airflow/dags/setup_lakehouse_infrastructure_v3.py
[2026-07-26T10:59:28.782+0000] {processor.py:925} INFO - DAG(s) 'setup_lakehouse_infrastructure_v3' retrieved from /opt/airflow/dags/setup_lakehouse_infrastructure_v3.py
[2026-07-26T10:59:28.804+0000] {logging_mixin.py:190} INFO - [2026-07-26T10:59:28.803+0000] {dag.py:3239} INFO - Sync 1 DAGs
[2026-07-26T10:59:28.825+0000] {logging_mixin.py:190} INFO - [2026-07-26T10:59:28.825+0000] {dag.py:4180} INFO - Setting next_dagrun for setup_lakehouse_infrastructure_v3 to None, run_after=None
[2026-07-26T10:59:28.843+0000] {processor.py:208} INFO - Processing /opt/airflow/dags/setup_lakehouse_infrastructure_v3.py took 0.092 seconds
[2026-07-26T10:59:59.539+0000] {processor.py:186} INFO - Started process (PID=1374) to work on /opt/airflow/dags/setup_lakehouse_infrastructure_v3.py
[2026-07-26T10:59:59.540+0000] {processor.py:914} INFO - Processing file /opt/airflow/dags/setup_lakehouse_infrastructure_v3.py for tasks to queue
[2026-07-26T10:59:59.542+0000] {logging_mixin.py:190} INFO - [2026-07-26T10:59:59.542+0000] {dagbag.py:588} INFO - Filling up the DagBag from /opt/airflow/dags/setup_lakehouse_infrastructure_v3.py
[2026-07-26T10:59:59.569+0000] {processor.py:925} INFO - DAG(s) 'setup_lakehouse_infrastructure_v3' retrieved from /opt/airflow/dags/setup_lakehouse_infrastructure_v3.py
[2026-07-26T10:59:59.592+0000] {logging_mixin.py:190} INFO - [2026-07-26T10:59:59.592+0000] {dag.py:3239} INFO - Sync 1 DAGs
[2026-07-26T10:59:59.614+0000] {logging_mixin.py:190} INFO - [2026-07-26T10:59:59.614+0000] {dag.py:4180} INFO - Setting next_dagrun for setup_lakehouse_infrastructure_v3 to None, run_after=None
[2026-07-26T10:59:59.634+0000] {processor.py:208} INFO - Processing /opt/airflow/dags/setup_lakehouse_infrastructure_v3.py took 0.100 seconds
[2026-07-26T11:00:29.934+0000] {processor.py:186} INFO - Started process (PID=1464) to work on /opt/airflow/dags/setup_lakehouse_infrastructure_v3.py
[2026-07-26T11:00:29.935+0000] {processor.py:914} INFO - Processing file /opt/airflow/dags/setup_lakehouse_infrastructure_v3.py for tasks to queue
[2026-07-26T11:00:29.937+0000] {logging_mixin.py:190} INFO - [2026-07-26T11:00:29.937+0000] {dagbag.py:588} INFO - Filling up the DagBag from /opt/airflow/dags/setup_lakehouse_infrastructure_v3.py
[2026-07-26T11:00:29.959+0000] {processor.py:925} INFO - DAG(s) 'setup_lakehouse_infrastructure_v3' retrieved from /opt/airflow/dags/setup_lakehouse_infrastructure_v3.py
[2026-07-26T11:00:29.980+0000] {logging_mixin.py:190} INFO - [2026-07-26T11:00:29.980+0000] {dag.py:3239} INFO - Sync 1 DAGs
[2026-07-26T11:00:29.999+0000] {logging_mixin.py:190} INFO - [2026-07-26T11:00:29.999+0000] {dag.py:4180} INFO - Setting next_dagrun for setup_lakehouse_infrastructure_v3 to None, run_after=None
[2026-07-26T11:00:30.017+0000] {processor.py:208} INFO - Processing /opt/airflow/dags/setup_lakehouse_infrastructure_v3.py took 0.088 seconds
[2026-07-26T11:01:00.192+0000] {processor.py:186} INFO - Started process (PID=1557) to work on /opt/airflow/dags/setup_lakehouse_infrastructure_v3.py
[2026-07-26T11:01:00.193+0000] {processor.py:914} INFO - Processing file /opt/airflow/dags/setup_lakehouse_infrastructure_v3.py for tasks to queue
[2026-07-26T11:01:00.195+0000] {logging_mixin.py:190} INFO - [2026-07-26T11:01:00.195+0000] {dagbag.py:588} INFO - Filling up the DagBag from /opt/airflow/dags/setup_lakehouse_infrastructure_v3.py
[2026-07-26T11:01:00.218+0000] {processor.py:925} INFO - DAG(s) 'setup_lakehouse_infrastructure_v3' retrieved from /opt/airflow/dags/setup_lakehouse_infrastructure_v3.py
[2026-07-26T11:01:00.240+0000] {logging_mixin.py:190} INFO - [2026-07-26T11:01:00.240+0000] {dag.py:3239} INFO - Sync 1 DAGs
[2026-07-26T11:01:00.260+0000] {logging_mixin.py:190} INFO - [2026-07-26T11:01:00.260+0000] {dag.py:4180} INFO - Setting next_dagrun for setup_lakehouse_infrastructure_v3 to None, run_after=None
[2026-07-26T11:01:00.278+0000] {processor.py:208} INFO - Processing /opt/airflow/dags/setup_lakehouse_infrastructure_v3.py took 0.092 seconds
[2026-07-26T11:01:30.936+0000] {processor.py:186} INFO - Started process (PID=1648) to work on /opt/airflow/dags/setup_lakehouse_infrastructure_v3.py
[2026-07-26T11:01:30.939+0000] {processor.py:914} INFO - Processing file /opt/airflow/dags/setup_lakehouse_infrastructure_v3.py for tasks to queue
[2026-07-26T11:01:30.941+0000] {logging_mixin.py:190} INFO - [2026-07-26T11:01:30.941+0000] {dagbag.py:588} INFO - Filling up the DagBag from /opt/airflow/dags/setup_lakehouse_infrastructure_v3.py
[2026-07-26T11:01:30.970+0000] {processor.py:925} INFO - DAG(s) 'setup_lakehouse_infrastructure_v3' retrieved from /opt/airflow/dags/setup_lakehouse_infrastructure_v3.py
[2026-07-26T11:01:30.994+0000] {logging_mixin.py:190} INFO - [2026-07-26T11:01:30.994+0000] {dag.py:3239} INFO - Sync 1 DAGs
[2026-07-26T11:01:31.018+0000] {logging_mixin.py:190} INFO - [2026-07-26T11:01:31.018+0000] {dag.py:4180} INFO - Setting next_dagrun for setup_lakehouse_infrastructure_v3 to None, run_after=None
[2026-07-26T11:01:31.040+0000] {processor.py:208} INFO - Processing /opt/airflow/dags/setup_lakehouse_infrastructure_v3.py took 0.109 seconds
[2026-07-26T11:02:01.143+0000] {processor.py:186} INFO - Started process (PID=1738) to work on /opt/airflow/dags/setup_lakehouse_infrastructure_v3.py
[2026-07-26T11:02:01.144+0000] {processor.py:914} INFO - Processing file /opt/airflow/dags/setup_lakehouse_infrastructure_v3.py for tasks to queue
[2026-07-26T11:02:01.146+0000] {logging_mixin.py:190} INFO - [2026-07-26T11:02:01.146+0000] {dagbag.py:588} INFO - Filling up the DagBag from /opt/airflow/dags/setup_lakehouse_infrastructure_v3.py
[2026-07-26T11:02:01.171+0000] {processor.py:925} INFO - DAG(s) 'setup_lakehouse_infrastructure_v3' retrieved from /opt/airflow/dags/setup_lakehouse_infrastructure_v3.py
[2026-07-26T11:02:01.191+0000] {logging_mixin.py:190} INFO - [2026-07-26T11:02:01.191+0000] {dag.py:3239} INFO - Sync 1 DAGs
[2026-07-26T11:02:01.210+0000] {logging_mixin.py:190} INFO - [2026-07-26T11:02:01.210+0000] {dag.py:4180} INFO - Setting next_dagrun for setup_lakehouse_infrastructure_v3 to None, run_after=None
[2026-07-26T11:02:01.227+0000] {processor.py:208} INFO - Processing /opt/airflow/dags/setup_lakehouse_infrastructure_v3.py took 0.089 seconds
[2026-07-26T11:02:31.489+0000] {processor.py:186} INFO - Started process (PID=1831) to work on /opt/airflow/dags/setup_lakehouse_infrastructure_v3.py
[2026-07-26T11:02:31.490+0000] {processor.py:914} INFO - Processing file /opt/airflow/dags/setup_lakehouse_infrastructure_v3.py for tasks to queue
[2026-07-26T11:02:31.492+0000] {logging_mixin.py:190} INFO - [2026-07-26T11:02:31.492+0000] {dagbag.py:588} INFO - Filling up the DagBag from /opt/airflow/dags/setup_lakehouse_infrastructure_v3.py
[2026-07-26T11:02:31.516+0000] {processor.py:925} INFO - DAG(s) 'setup_lakehouse_infrastructure_v3' retrieved from /opt/airflow/dags/setup_lakehouse_infrastructure_v3.py
[2026-07-26T11:02:31.537+0000] {logging_mixin.py:190} INFO - [2026-07-26T11:02:31.537+0000] {dag.py:3239} INFO - Sync 1 DAGs
[2026-07-26T11:02:31.556+0000] {logging_mixin.py:190} INFO - [2026-07-26T11:02:31.556+0000] {dag.py:4180} INFO - Setting next_dagrun for setup_lakehouse_infrastructure_v3 to None, run_after=None
[2026-07-26T11:02:31.574+0000] {processor.py:208} INFO - Processing /opt/airflow/dags/setup_lakehouse_infrastructure_v3.py took 0.091 seconds
[2026-07-26T11:03:01.749+0000] {processor.py:186} INFO - Started process (PID=1924) to work on /opt/airflow/dags/setup_lakehouse_infrastructure_v3.py
[2026-07-26T11:03:01.751+0000] {processor.py:914} INFO - Processing file /opt/airflow/dags/setup_lakehouse_infrastructure_v3.py for tasks to queue
[2026-07-26T11:03:01.753+0000] {logging_mixin.py:190} INFO - [2026-07-26T11:03:01.753+0000] {dagbag.py:588} INFO - Filling up the DagBag from /opt/airflow/dags/setup_lakehouse_infrastructure_v3.py
[2026-07-26T11:03:01.781+0000] {processor.py:925} INFO - DAG(s) 'setup_lakehouse_infrastructure_v3' retrieved from /opt/airflow/dags/setup_lakehouse_infrastructure_v3.py
[2026-07-26T11:03:01.811+0000] {logging_mixin.py:190} INFO - [2026-07-26T11:03:01.811+0000] {dag.py:3239} INFO - Sync 1 DAGs
[2026-07-26T11:03:01.837+0000] {logging_mixin.py:190} INFO - [2026-07-26T11:03:01.837+0000] {dag.py:4180} INFO - Setting next_dagrun for setup_lakehouse_infrastructure_v3 to None, run_after=None
[2026-07-26T11:03:01.861+0000] {processor.py:208} INFO - Processing /opt/airflow/dags/setup_lakehouse_infrastructure_v3.py took 0.118 seconds
[2026-07-26T11:03:32.457+0000] {processor.py:186} INFO - Started process (PID=2015) to work on /opt/airflow/dags/setup_lakehouse_infrastructure_v3.py
[2026-07-26T11:03:32.458+0000] {processor.py:914} INFO - Processing file /opt/airflow/dags/setup_lakehouse_infrastructure_v3.py for tasks to queue
[2026-07-26T11:03:32.461+0000] {logging_mixin.py:190} INFO - [2026-07-26T11:03:32.460+0000] {dagbag.py:588} INFO - Filling up the DagBag from /opt/airflow/dags/setup_lakehouse_infrastructure_v3.py
[2026-07-26T11:03:32.488+0000] {processor.py:925} INFO - DAG(s) 'setup_lakehouse_infrastructure_v3' retrieved from /opt/airflow/dags/setup_lakehouse_infrastructure_v3.py
[2026-07-26T11:03:32.519+0000] {logging_mixin.py:190} INFO - [2026-07-26T11:03:32.518+0000] {dag.py:3239} INFO - Sync 1 DAGs
[2026-07-26T11:03:32.543+0000] {logging_mixin.py:190} INFO - [2026-07-26T11:03:32.542+0000] {dag.py:4180} INFO - Setting next_dagrun for setup_lakehouse_infrastructure_v3 to None, run_after=None
[2026-07-26T11:03:32.562+0000] {processor.py:208} INFO - Processing /opt/airflow/dags/setup_lakehouse_infrastructure_v3.py took 0.110 seconds
[2026-07-26T11:04:02.741+0000] {processor.py:186} INFO - Started process (PID=2105) to work on /opt/airflow/dags/setup_lakehouse_infrastructure_v3.py
[2026-07-26T11:04:02.742+0000] {processor.py:914} INFO - Processing file /opt/airflow/dags/setup_lakehouse_infrastructure_v3.py for tasks to queue
[2026-07-26T11:04:02.744+0000] {logging_mixin.py:190} INFO - [2026-07-26T11:04:02.744+0000] {dagbag.py:588} INFO - Filling up the DagBag from /opt/airflow/dags/setup_lakehouse_infrastructure_v3.py
[2026-07-26T11:04:02.773+0000] {processor.py:925} INFO - DAG(s) 'setup_lakehouse_infrastructure_v3' retrieved from /opt/airflow/dags/setup_lakehouse_infrastructure_v3.py
[2026-07-26T11:04:02.796+0000] {logging_mixin.py:190} INFO - [2026-07-26T11:04:02.796+0000] {dag.py:3239} INFO - Sync 1 DAGs
[2026-07-26T11:04:02.818+0000] {logging_mixin.py:190} INFO - [2026-07-26T11:04:02.818+0000] {dag.py:4180} INFO - Setting next_dagrun for setup_lakehouse_infrastructure_v3 to None, run_after=None
[2026-07-26T11:04:02.838+0000] {processor.py:208} INFO - Processing /opt/airflow/dags/setup_lakehouse_infrastructure_v3.py took 0.104 seconds
[2026-07-26T11:04:32.968+0000] {processor.py:186} INFO - Started process (PID=2198) to work on /opt/airflow/dags/setup_lakehouse_infrastructure_v3.py
[2026-07-26T11:04:32.969+0000] {processor.py:914} INFO - Processing file /opt/airflow/dags/setup_lakehouse_infrastructure_v3.py for tasks to queue
[2026-07-26T11:04:32.972+0000] {logging_mixin.py:190} INFO - [2026-07-26T11:04:32.972+0000] {dagbag.py:588} INFO - Filling up the DagBag from /opt/airflow/dags/setup_lakehouse_infrastructure_v3.py
[2026-07-26T11:04:32.996+0000] {processor.py:925} INFO - DAG(s) 'setup_lakehouse_infrastructure_v3' retrieved from /opt/airflow/dags/setup_lakehouse_infrastructure_v3.py
[2026-07-26T11:04:33.017+0000] {logging_mixin.py:190} INFO - [2026-07-26T11:04:33.017+0000] {dag.py:3239} INFO - Sync 1 DAGs
[2026-07-26T11:04:33.036+0000] {logging_mixin.py:190} INFO - [2026-07-26T11:04:33.036+0000] {dag.py:4180} INFO - Setting next_dagrun for setup_lakehouse_infrastructure_v3 to None, run_after=None
[2026-07-26T11:04:33.052+0000] {processor.py:208} INFO - Processing /opt/airflow/dags/setup_lakehouse_infrastructure_v3.py took 0.090 seconds
[2026-07-26T11:05:03.697+0000] {processor.py:186} INFO - Started process (PID=2289) to work on /opt/airflow/dags/setup_lakehouse_infrastructure_v3.py
[2026-07-26T11:05:03.698+0000] {processor.py:914} INFO - Processing file /opt/airflow/dags/setup_lakehouse_infrastructure_v3.py for tasks to queue
[2026-07-26T11:05:03.701+0000] {logging_mixin.py:190} INFO - [2026-07-26T11:05:03.700+0000] {dagbag.py:588} INFO - Filling up the DagBag from /opt/airflow/dags/setup_lakehouse_infrastructure_v3.py
[2026-07-26T11:05:03.730+0000] {processor.py:925} INFO - DAG(s) 'setup_lakehouse_infrastructure_v3' retrieved from /opt/airflow/dags/setup_lakehouse_infrastructure_v3.py
[2026-07-26T11:05:03.752+0000] {logging_mixin.py:190} INFO - [2026-07-26T11:05:03.751+0000] {dag.py:3239} INFO - Sync 1 DAGs
[2026-07-26T11:05:03.771+0000] {logging_mixin.py:190} INFO - [2026-07-26T11:05:03.771+0000] {dag.py:4180} INFO - Setting next_dagrun for setup_lakehouse_infrastructure_v3 to None, run_after=None
[2026-07-26T11:05:03.789+0000] {processor.py:208} INFO - Processing /opt/airflow/dags/setup_lakehouse_infrastructure_v3.py took 0.101 seconds
[2026-07-26T11:05:33.955+0000] {processor.py:186} INFO - Started process (PID=2379) to work on /opt/airflow/dags/setup_lakehouse_infrastructure_v3.py
[2026-07-26T11:05:33.956+0000] {processor.py:914} INFO - Processing file /opt/airflow/dags/setup_lakehouse_infrastructure_v3.py for tasks to queue
[2026-07-26T11:05:33.959+0000] {logging_mixin.py:190} INFO - [2026-07-26T11:05:33.959+0000] {dagbag.py:588} INFO - Filling up the DagBag from /opt/airflow/dags/setup_lakehouse_infrastructure_v3.py
[2026-07-26T11:05:33.983+0000] {processor.py:925} INFO - DAG(s) 'setup_lakehouse_infrastructure_v3' retrieved from /opt/airflow/dags/setup_lakehouse_infrastructure_v3.py
[2026-07-26T11:05:34.006+0000] {logging_mixin.py:190} INFO - [2026-07-26T11:05:34.006+0000] {dag.py:3239} INFO - Sync 1 DAGs
[2026-07-26T11:05:34.029+0000] {logging_mixin.py:190} INFO - [2026-07-26T11:05:34.029+0000] {dag.py:4180} INFO - Setting next_dagrun for setup_lakehouse_infrastructure_v3 to None, run_after=None
[2026-07-26T11:05:34.046+0000] {processor.py:208} INFO - Processing /opt/airflow/dags/setup_lakehouse_infrastructure_v3.py took 0.096 seconds
[2026-07-26T11:37:59.590+0000] {processor.py:186} INFO - Started process (PID=182) to work on /opt/airflow/dags/setup_lakehouse_infrastructure_v3.py
[2026-07-26T11:37:59.592+0000] {processor.py:914} INFO - Processing file /opt/airflow/dags/setup_lakehouse_infrastructure_v3.py for tasks to queue
[2026-07-26T11:37:59.597+0000] {logging_mixin.py:190} INFO - [2026-07-26T11:37:59.596+0000] {dagbag.py:588} INFO - Filling up the DagBag from /opt/airflow/dags/setup_lakehouse_infrastructure_v3.py
[2026-07-26T11:37:59.636+0000] {processor.py:925} INFO - DAG(s) 'setup_lakehouse_infrastructure_v3' retrieved from /opt/airflow/dags/setup_lakehouse_infrastructure_v3.py
[2026-07-26T11:37:59.709+0000] {logging_mixin.py:190} INFO - [2026-07-26T11:37:59.709+0000] {dag.py:3239} INFO - Sync 1 DAGs
[2026-07-26T11:37:59.760+0000] {logging_mixin.py:190} INFO - [2026-07-26T11:37:59.760+0000] {dag.py:4180} INFO - Setting next_dagrun for setup_lakehouse_infrastructure_v3 to None, run_after=None
[2026-07-26T11:37:59.803+0000] {processor.py:208} INFO - Processing /opt/airflow/dags/setup_lakehouse_infrastructure_v3.py took 0.221 seconds
[2026-07-26T11:38:30.696+0000] {processor.py:186} INFO - Started process (PID=275) to work on /opt/airflow/dags/setup_lakehouse_infrastructure_v3.py
[2026-07-26T11:38:30.698+0000] {processor.py:914} INFO - Processing file /opt/airflow/dags/setup_lakehouse_infrastructure_v3.py for tasks to queue
[2026-07-26T11:38:30.701+0000] {logging_mixin.py:190} INFO - [2026-07-26T11:38:30.701+0000] {dagbag.py:588} INFO - Filling up the DagBag from /opt/airflow/dags/setup_lakehouse_infrastructure_v3.py
[2026-07-26T11:38:30.732+0000] {processor.py:925} INFO - DAG(s) 'setup_lakehouse_infrastructure_v3' retrieved from /opt/airflow/dags/setup_lakehouse_infrastructure_v3.py
[2026-07-26T11:38:30.769+0000] {logging_mixin.py:190} INFO - [2026-07-26T11:38:30.769+0000] {dag.py:3239} INFO - Sync 1 DAGs
[2026-07-26T11:38:30.802+0000] {logging_mixin.py:190} INFO - [2026-07-26T11:38:30.802+0000] {dag.py:4180} INFO - Setting next_dagrun for setup_lakehouse_infrastructure_v3 to None, run_after=None
[2026-07-26T11:38:30.833+0000] {processor.py:208} INFO - Processing /opt/airflow/dags/setup_lakehouse_infrastructure_v3.py took 0.145 seconds
[2026-07-26T11:39:01.148+0000] {processor.py:186} INFO - Started process (PID=366) to work on /opt/airflow/dags/setup_lakehouse_infrastructure_v3.py
[2026-07-26T11:39:01.149+0000] {processor.py:914} INFO - Processing file /opt/airflow/dags/setup_lakehouse_infrastructure_v3.py for tasks to queue
[2026-07-26T11:39:01.151+0000] {logging_mixin.py:190} INFO - [2026-07-26T11:39:01.151+0000] {dagbag.py:588} INFO - Filling up the DagBag from /opt/airflow/dags/setup_lakehouse_infrastructure_v3.py
[2026-07-26T11:39:01.173+0000] {processor.py:925} INFO - DAG(s) 'setup_lakehouse_infrastructure_v3' retrieved from /opt/airflow/dags/setup_lakehouse_infrastructure_v3.py
[2026-07-26T11:39:01.196+0000] {logging_mixin.py:190} INFO - [2026-07-26T11:39:01.195+0000] {dag.py:3239} INFO - Sync 1 DAGs
[2026-07-26T11:39:01.216+0000] {logging_mixin.py:190} INFO - [2026-07-26T11:39:01.216+0000] {dag.py:4180} INFO - Setting next_dagrun for setup_lakehouse_infrastructure_v3 to None, run_after=None
[2026-07-26T11:39:01.234+0000] {processor.py:208} INFO - Processing /opt/airflow/dags/setup_lakehouse_infrastructure_v3.py took 0.091 seconds
[2026-07-26T11:39:31.418+0000] {processor.py:186} INFO - Started process (PID=456) to work on /opt/airflow/dags/setup_lakehouse_infrastructure_v3.py
[2026-07-26T11:39:31.419+0000] {processor.py:914} INFO - Processing file /opt/airflow/dags/setup_lakehouse_infrastructure_v3.py for tasks to queue
[2026-07-26T11:39:31.421+0000] {logging_mixin.py:190} INFO - [2026-07-26T11:39:31.421+0000] {dagbag.py:588} INFO - Filling up the DagBag from /opt/airflow/dags/setup_lakehouse_infrastructure_v3.py
[2026-07-26T11:39:31.444+0000] {processor.py:925} INFO - DAG(s) 'setup_lakehouse_infrastructure_v3' retrieved from /opt/airflow/dags/setup_lakehouse_infrastructure_v3.py
[2026-07-26T11:39:31.468+0000] {logging_mixin.py:190} INFO - [2026-07-26T11:39:31.468+0000] {dag.py:3239} INFO - Sync 1 DAGs
[2026-07-26T11:39:31.488+0000] {logging_mixin.py:190} INFO - [2026-07-26T11:39:31.487+0000] {dag.py:4180} INFO - Setting next_dagrun for setup_lakehouse_infrastructure_v3 to None, run_after=None
[2026-07-26T11:39:31.507+0000] {processor.py:208} INFO - Processing /opt/airflow/dags/setup_lakehouse_infrastructure_v3.py took 0.093 seconds
[2026-07-26T11:40:01.764+0000] {processor.py:186} INFO - Started process (PID=549) to work on /opt/airflow/dags/setup_lakehouse_infrastructure_v3.py
[2026-07-26T11:40:01.766+0000] {processor.py:914} INFO - Processing file /opt/airflow/dags/setup_lakehouse_infrastructure_v3.py for tasks to queue
[2026-07-26T11:40:01.769+0000] {logging_mixin.py:190} INFO - [2026-07-26T11:40:01.769+0000] {dagbag.py:588} INFO - Filling up the DagBag from /opt/airflow/dags/setup_lakehouse_infrastructure_v3.py
[2026-07-26T11:40:01.804+0000] {processor.py:925} INFO - DAG(s) 'setup_lakehouse_infrastructure_v3' retrieved from /opt/airflow/dags/setup_lakehouse_infrastructure_v3.py
[2026-07-26T11:40:01.832+0000] {logging_mixin.py:190} INFO - [2026-07-26T11:40:01.832+0000] {dag.py:3239} INFO - Sync 1 DAGs
[2026-07-26T11:40:01.858+0000] {logging_mixin.py:190} INFO - [2026-07-26T11:40:01.858+0000] {dag.py:4180} INFO - Setting next_dagrun for setup_lakehouse_infrastructure_v3 to None, run_after=None
[2026-07-26T11:40:01.882+0000] {processor.py:208} INFO - Processing /opt/airflow/dags/setup_lakehouse_infrastructure_v3.py took 0.127 seconds
[2026-07-26T11:40:32.146+0000] {processor.py:186} INFO - Started process (PID=640) to work on /opt/airflow/dags/setup_lakehouse_infrastructure_v3.py
[2026-07-26T11:40:32.147+0000] {processor.py:914} INFO - Processing file /opt/airflow/dags/setup_lakehouse_infrastructure_v3.py for tasks to queue
[2026-07-26T11:40:32.149+0000] {logging_mixin.py:190} INFO - [2026-07-26T11:40:32.149+0000] {dagbag.py:588} INFO - Filling up the DagBag from /opt/airflow/dags/setup_lakehouse_infrastructure_v3.py
[2026-07-26T11:40:32.175+0000] {processor.py:925} INFO - DAG(s) 'setup_lakehouse_infrastructure_v3' retrieved from /opt/airflow/dags/setup_lakehouse_infrastructure_v3.py
[2026-07-26T11:40:32.203+0000] {logging_mixin.py:190} INFO - [2026-07-26T11:40:32.203+0000] {dag.py:3239} INFO - Sync 1 DAGs
[2026-07-26T11:40:32.223+0000] {logging_mixin.py:190} INFO - [2026-07-26T11:40:32.223+0000] {dag.py:4180} INFO - Setting next_dagrun for setup_lakehouse_infrastructure_v3 to None, run_after=None
[2026-07-26T11:40:32.241+0000] {processor.py:208} INFO - Processing /opt/airflow/dags/setup_lakehouse_infrastructure_v3.py took 0.100 seconds
[2026-07-26T11:41:02.429+0000] {processor.py:186} INFO - Started process (PID=730) to work on /opt/airflow/dags/setup_lakehouse_infrastructure_v3.py
[2026-07-26T11:41:02.430+0000] {processor.py:914} INFO - Processing file /opt/airflow/dags/setup_lakehouse_infrastructure_v3.py for tasks to queue
[2026-07-26T11:41:02.432+0000] {logging_mixin.py:190} INFO - [2026-07-26T11:41:02.432+0000] {dagbag.py:588} INFO - Filling up the DagBag from /opt/airflow/dags/setup_lakehouse_infrastructure_v3.py
[2026-07-26T11:41:02.458+0000] {processor.py:925} INFO - DAG(s) 'setup_lakehouse_infrastructure_v3' retrieved from /opt/airflow/dags/setup_lakehouse_infrastructure_v3.py
[2026-07-26T11:41:02.491+0000] {logging_mixin.py:190} INFO - [2026-07-26T11:41:02.490+0000] {dag.py:3239} INFO - Sync 1 DAGs
[2026-07-26T11:41:02.519+0000] {logging_mixin.py:190} INFO - [2026-07-26T11:41:02.518+0000] {dag.py:4180} INFO - Setting next_dagrun for setup_lakehouse_infrastructure_v3 to None, run_after=None
[2026-07-26T11:41:02.547+0000] {processor.py:208} INFO - Processing /opt/airflow/dags/setup_lakehouse_infrastructure_v3.py took 0.124 seconds
[2026-07-26T11:41:32.747+0000] {processor.py:186} INFO - Started process (PID=823) to work on /opt/airflow/dags/setup_lakehouse_infrastructure_v3.py
[2026-07-26T11:41:32.748+0000] {processor.py:914} INFO - Processing file /opt/airflow/dags/setup_lakehouse_infrastructure_v3.py for tasks to queue
[2026-07-26T11:41:32.751+0000] {logging_mixin.py:190} INFO - [2026-07-26T11:41:32.750+0000] {dagbag.py:588} INFO - Filling up the DagBag from /opt/airflow/dags/setup_lakehouse_infrastructure_v3.py
[2026-07-26T11:41:32.774+0000] {processor.py:925} INFO - DAG(s) 'setup_lakehouse_infrastructure_v3' retrieved from /opt/airflow/dags/setup_lakehouse_infrastructure_v3.py
[2026-07-26T11:41:32.801+0000] {logging_mixin.py:190} INFO - [2026-07-26T11:41:32.800+0000] {dag.py:3239} INFO - Sync 1 DAGs
[2026-07-26T11:41:32.822+0000] {logging_mixin.py:190} INFO - [2026-07-26T11:41:32.821+0000] {dag.py:4180} INFO - Setting next_dagrun for setup_lakehouse_infrastructure_v3 to None, run_after=None
[2026-07-26T11:41:32.842+0000] {processor.py:208} INFO - Processing /opt/airflow/dags/setup_lakehouse_infrastructure_v3.py took 0.100 seconds
[2026-07-26T11:42:03.677+0000] {processor.py:186} INFO - Started process (PID=916) to work on /opt/airflow/dags/setup_lakehouse_infrastructure_v3.py
[2026-07-26T11:42:03.678+0000] {processor.py:914} INFO - Processing file /opt/airflow/dags/setup_lakehouse_infrastructure_v3.py for tasks to queue
[2026-07-26T11:42:03.680+0000] {logging_mixin.py:190} INFO - [2026-07-26T11:42:03.680+0000] {dagbag.py:588} INFO - Filling up the DagBag from /opt/airflow/dags/setup_lakehouse_infrastructure_v3.py
[2026-07-26T11:42:03.704+0000] {processor.py:925} INFO - DAG(s) 'setup_lakehouse_infrastructure_v3' retrieved from /opt/airflow/dags/setup_lakehouse_infrastructure_v3.py
[2026-07-26T11:42:03.727+0000] {logging_mixin.py:190} INFO - [2026-07-26T11:42:03.726+0000] {dag.py:3239} INFO - Sync 1 DAGs
[2026-07-26T11:42:03.748+0000] {logging_mixin.py:190} INFO - [2026-07-26T11:42:03.747+0000] {dag.py:4180} INFO - Setting next_dagrun for setup_lakehouse_infrastructure_v3 to None, run_after=None
[2026-07-26T11:42:03.766+0000] {processor.py:208} INFO - Processing /opt/airflow/dags/setup_lakehouse_infrastructure_v3.py took 0.094 seconds
[2026-07-26T11:42:34.346+0000] {processor.py:186} INFO - Started process (PID=1007) to work on /opt/airflow/dags/setup_lakehouse_infrastructure_v3.py
[2026-07-26T11:42:34.347+0000] {processor.py:914} INFO - Processing file /opt/airflow/dags/setup_lakehouse_infrastructure_v3.py for tasks to queue
[2026-07-26T11:42:34.350+0000] {logging_mixin.py:190} INFO - [2026-07-26T11:42:34.349+0000] {dagbag.py:588} INFO - Filling up the DagBag from /opt/airflow/dags/setup_lakehouse_infrastructure_v3.py
[2026-07-26T11:42:34.377+0000] {processor.py:925} INFO - DAG(s) 'setup_lakehouse_infrastructure_v3' retrieved from /opt/airflow/dags/setup_lakehouse_infrastructure_v3.py
[2026-07-26T11:42:34.401+0000] {logging_mixin.py:190} INFO - [2026-07-26T11:42:34.401+0000] {dag.py:3239} INFO - Sync 1 DAGs
[2026-07-26T11:42:34.426+0000] {logging_mixin.py:190} INFO - [2026-07-26T11:42:34.426+0000] {dag.py:4180} INFO - Setting next_dagrun for setup_lakehouse_infrastructure_v3 to None, run_after=None
[2026-07-26T11:42:34.452+0000] {processor.py:208} INFO - Processing /opt/airflow/dags/setup_lakehouse_infrastructure_v3.py took 0.111 seconds
[2026-07-26T11:43:05.070+0000] {processor.py:186} INFO - Started process (PID=1097) to work on /opt/airflow/dags/setup_lakehouse_infrastructure_v3.py
[2026-07-26T11:43:05.071+0000] {processor.py:914} INFO - Processing file /opt/airflow/dags/setup_lakehouse_infrastructure_v3.py for tasks to queue
[2026-07-26T11:43:05.073+0000] {logging_mixin.py:190} INFO - [2026-07-26T11:43:05.073+0000] {dagbag.py:588} INFO - Filling up the DagBag from /opt/airflow/dags/setup_lakehouse_infrastructure_v3.py
[2026-07-26T11:43:05.094+0000] {processor.py:925} INFO - DAG(s) 'setup_lakehouse_infrastructure_v3' retrieved from /opt/airflow/dags/setup_lakehouse_infrastructure_v3.py
[2026-07-26T11:43:05.115+0000] {logging_mixin.py:190} INFO - [2026-07-26T11:43:05.114+0000] {dag.py:3239} INFO - Sync 1 DAGs
[2026-07-26T11:43:05.134+0000] {logging_mixin.py:190} INFO - [2026-07-26T11:43:05.134+0000] {dag.py:4180} INFO - Setting next_dagrun for setup_lakehouse_infrastructure_v3 to None, run_after=None
[2026-07-26T11:43:05.158+0000] {processor.py:208} INFO - Processing /opt/airflow/dags/setup_lakehouse_infrastructure_v3.py took 0.093 seconds
[2026-07-26T11:43:35.312+0000] {processor.py:186} INFO - Started process (PID=1190) to work on /opt/airflow/dags/setup_lakehouse_infrastructure_v3.py
[2026-07-26T11:43:35.314+0000] {processor.py:914} INFO - Processing file /opt/airflow/dags/setup_lakehouse_infrastructure_v3.py for tasks to queue
[2026-07-26T11:43:35.318+0000] {logging_mixin.py:190} INFO - [2026-07-26T11:43:35.317+0000] {dagbag.py:588} INFO - Filling up the DagBag from /opt/airflow/dags/setup_lakehouse_infrastructure_v3.py
[2026-07-26T11:43:35.347+0000] {processor.py:925} INFO - DAG(s) 'setup_lakehouse_infrastructure_v3' retrieved from /opt/airflow/dags/setup_lakehouse_infrastructure_v3.py
[2026-07-26T11:43:35.375+0000] {logging_mixin.py:190} INFO - [2026-07-26T11:43:35.375+0000] {dag.py:3239} INFO - Sync 1 DAGs
[2026-07-26T11:43:35.402+0000] {logging_mixin.py:190} INFO - [2026-07-26T11:43:35.401+0000] {dag.py:4180} INFO - Setting next_dagrun for setup_lakehouse_infrastructure_v3 to None, run_after=None
[2026-07-26T11:43:35.422+0000] {processor.py:208} INFO - Processing /opt/airflow/dags/setup_lakehouse_infrastructure_v3.py took 0.118 seconds
[2026-07-26T11:44:05.561+0000] {processor.py:186} INFO - Started process (PID=1283) to work on /opt/airflow/dags/setup_lakehouse_infrastructure_v3.py
[2026-07-26T11:44:05.562+0000] {processor.py:914} INFO - Processing file /opt/airflow/dags/setup_lakehouse_infrastructure_v3.py for tasks to queue
[2026-07-26T11:44:05.564+0000] {logging_mixin.py:190} INFO - [2026-07-26T11:44:05.564+0000] {dagbag.py:588} INFO - Filling up the DagBag from /opt/airflow/dags/setup_lakehouse_infrastructure_v3.py
[2026-07-26T11:44:05.589+0000] {processor.py:925} INFO - DAG(s) 'setup_lakehouse_infrastructure_v3' retrieved from /opt/airflow/dags/setup_lakehouse_infrastructure_v3.py
[2026-07-26T11:44:05.611+0000] {logging_mixin.py:190} INFO - [2026-07-26T11:44:05.611+0000] {dag.py:3239} INFO - Sync 1 DAGs
[2026-07-26T11:44:05.632+0000] {logging_mixin.py:190} INFO - [2026-07-26T11:44:05.632+0000] {dag.py:4180} INFO - Setting next_dagrun for setup_lakehouse_infrastructure_v3 to None, run_after=None
[2026-07-26T11:44:05.650+0000] {processor.py:208} INFO - Processing /opt/airflow/dags/setup_lakehouse_infrastructure_v3.py took 0.095 seconds
[2026-07-26T11:44:36.422+0000] {processor.py:186} INFO - Started process (PID=1374) to work on /opt/airflow/dags/setup_lakehouse_infrastructure_v3.py
[2026-07-26T11:44:36.423+0000] {processor.py:914} INFO - Processing file /opt/airflow/dags/setup_lakehouse_infrastructure_v3.py for tasks to queue
[2026-07-26T11:44:36.425+0000] {logging_mixin.py:190} INFO - [2026-07-26T11:44:36.425+0000] {dagbag.py:588} INFO - Filling up the DagBag from /opt/airflow/dags/setup_lakehouse_infrastructure_v3.py
[2026-07-26T11:44:36.451+0000] {processor.py:925} INFO - DAG(s) 'setup_lakehouse_infrastructure_v3' retrieved from /opt/airflow/dags/setup_lakehouse_infrastructure_v3.py
[2026-07-26T11:44:36.474+0000] {logging_mixin.py:190} INFO - [2026-07-26T11:44:36.474+0000] {dag.py:3239} INFO - Sync 1 DAGs
[2026-07-26T11:44:36.495+0000] {logging_mixin.py:190} INFO - [2026-07-26T11:44:36.495+0000] {dag.py:4180} INFO - Setting next_dagrun for setup_lakehouse_infrastructure_v3 to None, run_after=None
[2026-07-26T11:44:36.511+0000] {processor.py:208} INFO - Processing /opt/airflow/dags/setup_lakehouse_infrastructure_v3.py took 0.094 seconds
[2026-07-26T11:45:06.764+0000] {processor.py:186} INFO - Started process (PID=1464) to work on /opt/airflow/dags/setup_lakehouse_infrastructure_v3.py
[2026-07-26T11:45:06.767+0000] {processor.py:914} INFO - Processing file /opt/airflow/dags/setup_lakehouse_infrastructure_v3.py for tasks to queue
[2026-07-26T11:45:06.769+0000] {logging_mixin.py:190} INFO - [2026-07-26T11:45:06.769+0000] {dagbag.py:588} INFO - Filling up the DagBag from /opt/airflow/dags/setup_lakehouse_infrastructure_v3.py
[2026-07-26T11:45:06.795+0000] {processor.py:925} INFO - DAG(s) 'setup_lakehouse_infrastructure_v3' retrieved from /opt/airflow/dags/setup_lakehouse_infrastructure_v3.py
[2026-07-26T11:45:06.819+0000] {logging_mixin.py:190} INFO - [2026-07-26T11:45:06.818+0000] {dag.py:3239} INFO - Sync 1 DAGs
[2026-07-26T11:45:06.842+0000] {logging_mixin.py:190} INFO - [2026-07-26T11:45:06.842+0000] {dag.py:4180} INFO - Setting next_dagrun for setup_lakehouse_infrastructure_v3 to None, run_after=None
[2026-07-26T11:45:06.863+0000] {processor.py:208} INFO - Processing /opt/airflow/dags/setup_lakehouse_infrastructure_v3.py took 0.105 seconds
[2026-07-26T11:45:37.074+0000] {processor.py:186} INFO - Started process (PID=1557) to work on /opt/airflow/dags/setup_lakehouse_infrastructure_v3.py
[2026-07-26T11:45:37.075+0000] {processor.py:914} INFO - Processing file /opt/airflow/dags/setup_lakehouse_infrastructure_v3.py for tasks to queue
[2026-07-26T11:45:37.077+0000] {logging_mixin.py:190} INFO - [2026-07-26T11:45:37.077+0000] {dagbag.py:588} INFO - Filling up the DagBag from /opt/airflow/dags/setup_lakehouse_infrastructure_v3.py
[2026-07-26T11:45:37.100+0000] {processor.py:925} INFO - DAG(s) 'setup_lakehouse_infrastructure_v3' retrieved from /opt/airflow/dags/setup_lakehouse_infrastructure_v3.py
[2026-07-26T11:45:37.124+0000] {logging_mixin.py:190} INFO - [2026-07-26T11:45:37.123+0000] {dag.py:3239} INFO - Sync 1 DAGs
[2026-07-26T11:45:37.148+0000] {logging_mixin.py:190} INFO - [2026-07-26T11:45:37.148+0000] {dag.py:4180} INFO - Setting next_dagrun for setup_lakehouse_infrastructure_v3 to None, run_after=None
[2026-07-26T11:45:37.167+0000] {processor.py:208} INFO - Processing /opt/airflow/dags/setup_lakehouse_infrastructure_v3.py took 0.098 seconds
[2026-07-26T11:46:07.830+0000] {processor.py:186} INFO - Started process (PID=1648) to work on /opt/airflow/dags/setup_lakehouse_infrastructure_v3.py
[2026-07-26T11:46:07.831+0000] {processor.py:914} INFO - Processing file /opt/airflow/dags/setup_lakehouse_infrastructure_v3.py for tasks to queue
[2026-07-26T11:46:07.835+0000] {logging_mixin.py:190} INFO - [2026-07-26T11:46:07.834+0000] {dagbag.py:588} INFO - Filling up the DagBag from /opt/airflow/dags/setup_lakehouse_infrastructure_v3.py
[2026-07-26T11:46:07.863+0000] {processor.py:925} INFO - DAG(s) 'setup_lakehouse_infrastructure_v3' retrieved from /opt/airflow/dags/setup_lakehouse_infrastructure_v3.py
[2026-07-26T11:46:07.891+0000] {logging_mixin.py:190} INFO - [2026-07-26T11:46:07.891+0000] {dag.py:3239} INFO - Sync 1 DAGs
[2026-07-26T11:46:07.916+0000] {logging_mixin.py:190} INFO - [2026-07-26T11:46:07.915+0000] {dag.py:4180} INFO - Setting next_dagrun for setup_lakehouse_infrastructure_v3 to None, run_after=None
[2026-07-26T11:46:07.938+0000] {processor.py:208} INFO - Processing /opt/airflow/dags/setup_lakehouse_infrastructure_v3.py took 0.116 seconds
[2026-07-26T11:46:37.995+0000] {processor.py:186} INFO - Started process (PID=1738) to work on /opt/airflow/dags/setup_lakehouse_infrastructure_v3.py
[2026-07-26T11:46:37.996+0000] {processor.py:914} INFO - Processing file /opt/airflow/dags/setup_lakehouse_infrastructure_v3.py for tasks to queue
[2026-07-26T11:46:37.998+0000] {logging_mixin.py:190} INFO - [2026-07-26T11:46:37.998+0000] {dagbag.py:588} INFO - Filling up the DagBag from /opt/airflow/dags/setup_lakehouse_infrastructure_v3.py
[2026-07-26T11:46:38.024+0000] {processor.py:925} INFO - DAG(s) 'setup_lakehouse_infrastructure_v3' retrieved from /opt/airflow/dags/setup_lakehouse_infrastructure_v3.py
[2026-07-26T11:46:38.047+0000] {logging_mixin.py:190} INFO - [2026-07-26T11:46:38.047+0000] {dag.py:3239} INFO - Sync 1 DAGs
[2026-07-26T11:46:38.068+0000] {logging_mixin.py:190} INFO - [2026-07-26T11:46:38.068+0000] {dag.py:4180} INFO - Setting next_dagrun for setup_lakehouse_infrastructure_v3 to None, run_after=None
[2026-07-26T11:46:38.083+0000] {processor.py:208} INFO - Processing /opt/airflow/dags/setup_lakehouse_infrastructure_v3.py took 0.094 seconds
[2026-07-26T11:47:08.917+0000] {processor.py:186} INFO - Started process (PID=1831) to work on /opt/airflow/dags/setup_lakehouse_infrastructure_v3.py
[2026-07-26T11:47:08.918+0000] {processor.py:914} INFO - Processing file /opt/airflow/dags/setup_lakehouse_infrastructure_v3.py for tasks to queue
[2026-07-26T11:47:08.921+0000] {logging_mixin.py:190} INFO - [2026-07-26T11:47:08.921+0000] {dagbag.py:588} INFO - Filling up the DagBag from /opt/airflow/dags/setup_lakehouse_infrastructure_v3.py
[2026-07-26T11:47:08.944+0000] {processor.py:925} INFO - DAG(s) 'setup_lakehouse_infrastructure_v3' retrieved from /opt/airflow/dags/setup_lakehouse_infrastructure_v3.py
[2026-07-26T11:47:08.969+0000] {logging_mixin.py:190} INFO - [2026-07-26T11:47:08.969+0000] {dag.py:3239} INFO - Sync 1 DAGs
[2026-07-26T11:47:08.993+0000] {logging_mixin.py:190} INFO - [2026-07-26T11:47:08.993+0000] {dag.py:4180} INFO - Setting next_dagrun for setup_lakehouse_infrastructure_v3 to None, run_after=None
[2026-07-26T11:47:09.012+0000] {processor.py:208} INFO - Processing /opt/airflow/dags/setup_lakehouse_infrastructure_v3.py took 0.101 seconds
[2026-07-26T11:47:39.803+0000] {processor.py:186} INFO - Started process (PID=1922) to work on /opt/airflow/dags/setup_lakehouse_infrastructure_v3.py
[2026-07-26T11:47:39.804+0000] {processor.py:914} INFO - Processing file /opt/airflow/dags/setup_lakehouse_infrastructure_v3.py for tasks to queue
[2026-07-26T11:47:39.806+0000] {logging_mixin.py:190} INFO - [2026-07-26T11:47:39.806+0000] {dagbag.py:588} INFO - Filling up the DagBag from /opt/airflow/dags/setup_lakehouse_infrastructure_v3.py
[2026-07-26T11:47:39.834+0000] {processor.py:925} INFO - DAG(s) 'setup_lakehouse_infrastructure_v3' retrieved from /opt/airflow/dags/setup_lakehouse_infrastructure_v3.py
[2026-07-26T11:47:39.860+0000] {logging_mixin.py:190} INFO - [2026-07-26T11:47:39.860+0000] {dag.py:3239} INFO - Sync 1 DAGs
[2026-07-26T11:47:39.882+0000] {logging_mixin.py:190} INFO - [2026-07-26T11:47:39.882+0000] {dag.py:4180} INFO - Setting next_dagrun for setup_lakehouse_infrastructure_v3 to None, run_after=None
[2026-07-26T11:47:39.900+0000] {processor.py:208} INFO - Processing /opt/airflow/dags/setup_lakehouse_infrastructure_v3.py took 0.104 seconds
[2026-07-26T11:48:10.337+0000] {processor.py:186} INFO - Started process (PID=2012) to work on /opt/airflow/dags/setup_lakehouse_infrastructure_v3.py
[2026-07-26T11:48:10.338+0000] {processor.py:914} INFO - Processing file /opt/airflow/dags/setup_lakehouse_infrastructure_v3.py for tasks to queue
[2026-07-26T11:48:10.341+0000] {logging_mixin.py:190} INFO - [2026-07-26T11:48:10.340+0000] {dagbag.py:588} INFO - Filling up the DagBag from /opt/airflow/dags/setup_lakehouse_infrastructure_v3.py
[2026-07-26T11:48:10.365+0000] {processor.py:925} INFO - DAG(s) 'setup_lakehouse_infrastructure_v3' retrieved from /opt/airflow/dags/setup_lakehouse_infrastructure_v3.py
[2026-07-26T11:48:10.386+0000] {logging_mixin.py:190} INFO - [2026-07-26T11:48:10.386+0000] {dag.py:3239} INFO - Sync 1 DAGs
[2026-07-26T11:48:10.406+0000] {logging_mixin.py:190} INFO - [2026-07-26T11:48:10.406+0000] {dag.py:4180} INFO - Setting next_dagrun for setup_lakehouse_infrastructure_v3 to None, run_after=None
[2026-07-26T11:48:10.435+0000] {processor.py:208} INFO - Processing /opt/airflow/dags/setup_lakehouse_infrastructure_v3.py took 0.102 seconds
[2026-07-26T11:48:40.546+0000] {processor.py:186} INFO - Started process (PID=2105) to work on /opt/airflow/dags/setup_lakehouse_infrastructure_v3.py
[2026-07-26T11:48:40.547+0000] {processor.py:914} INFO - Processing file /opt/airflow/dags/setup_lakehouse_infrastructure_v3.py for tasks to queue
[2026-07-26T11:48:40.549+0000] {logging_mixin.py:190} INFO - [2026-07-26T11:48:40.549+0000] {dagbag.py:588} INFO - Filling up the DagBag from /opt/airflow/dags/setup_lakehouse_infrastructure_v3.py
[2026-07-26T11:48:40.578+0000] {processor.py:925} INFO - DAG(s) 'setup_lakehouse_infrastructure_v3' retrieved from /opt/airflow/dags/setup_lakehouse_infrastructure_v3.py
[2026-07-26T11:48:40.600+0000] {logging_mixin.py:190} INFO - [2026-07-26T11:48:40.600+0000] {dag.py:3239} INFO - Sync 1 DAGs
[2026-07-26T11:48:40.620+0000] {logging_mixin.py:190} INFO - [2026-07-26T11:48:40.620+0000] {dag.py:4180} INFO - Setting next_dagrun for setup_lakehouse_infrastructure_v3 to None, run_after=None
[2026-07-26T11:48:40.638+0000] {processor.py:208} INFO - Processing /opt/airflow/dags/setup_lakehouse_infrastructure_v3.py took 0.098 seconds
[2026-07-26T11:52:26.270+0000] {processor.py:186} INFO - Started process (PID=182) to work on /opt/airflow/dags/setup_lakehouse_infrastructure_v3.py
[2026-07-26T11:52:26.272+0000] {processor.py:914} INFO - Processing file /opt/airflow/dags/setup_lakehouse_infrastructure_v3.py for tasks to queue
[2026-07-26T11:52:26.278+0000] {logging_mixin.py:190} INFO - [2026-07-26T11:52:26.277+0000] {dagbag.py:588} INFO - Filling up the DagBag from /opt/airflow/dags/setup_lakehouse_infrastructure_v3.py
[2026-07-26T11:52:26.314+0000] {processor.py:925} INFO - DAG(s) 'setup_lakehouse_infrastructure_v3' retrieved from /opt/airflow/dags/setup_lakehouse_infrastructure_v3.py
[2026-07-26T11:52:26.364+0000] {logging_mixin.py:190} INFO - [2026-07-26T11:52:26.363+0000] {dag.py:3239} INFO - Sync 1 DAGs
[2026-07-26T11:52:26.433+0000] {logging_mixin.py:190} INFO - [2026-07-26T11:52:26.433+0000] {dag.py:4180} INFO - Setting next_dagrun for setup_lakehouse_infrastructure_v3 to None, run_after=None
[2026-07-26T11:52:26.472+0000] {processor.py:208} INFO - Processing /opt/airflow/dags/setup_lakehouse_infrastructure_v3.py took 0.220 seconds
[2026-07-26T11:52:57.212+0000] {processor.py:186} INFO - Started process (PID=273) to work on /opt/airflow/dags/setup_lakehouse_infrastructure_v3.py
[2026-07-26T11:52:57.213+0000] {processor.py:914} INFO - Processing file /opt/airflow/dags/setup_lakehouse_infrastructure_v3.py for tasks to queue
[2026-07-26T11:52:57.215+0000] {logging_mixin.py:190} INFO - [2026-07-26T11:52:57.215+0000] {dagbag.py:588} INFO - Filling up the DagBag from /opt/airflow/dags/setup_lakehouse_infrastructure_v3.py
[2026-07-26T11:52:57.241+0000] {processor.py:925} INFO - DAG(s) 'setup_lakehouse_infrastructure_v3' retrieved from /opt/airflow/dags/setup_lakehouse_infrastructure_v3.py
[2026-07-26T11:52:57.267+0000] {logging_mixin.py:190} INFO - [2026-07-26T11:52:57.267+0000] {dag.py:3239} INFO - Sync 1 DAGs
[2026-07-26T11:52:57.290+0000] {logging_mixin.py:190} INFO - [2026-07-26T11:52:57.290+0000] {dag.py:4180} INFO - Setting next_dagrun for setup_lakehouse_infrastructure_v3 to None, run_after=None
[2026-07-26T11:52:57.316+0000] {processor.py:208} INFO - Processing /opt/airflow/dags/setup_lakehouse_infrastructure_v3.py took 0.110 seconds
[2026-07-26T11:53:28.119+0000] {processor.py:186} INFO - Started process (PID=366) to work on /opt/airflow/dags/setup_lakehouse_infrastructure_v3.py
[2026-07-26T11:53:28.120+0000] {processor.py:914} INFO - Processing file /opt/airflow/dags/setup_lakehouse_infrastructure_v3.py for tasks to queue
[2026-07-26T11:53:28.122+0000] {logging_mixin.py:190} INFO - [2026-07-26T11:53:28.122+0000] {dagbag.py:588} INFO - Filling up the DagBag from /opt/airflow/dags/setup_lakehouse_infrastructure_v3.py
[2026-07-26T11:53:28.147+0000] {processor.py:925} INFO - DAG(s) 'setup_lakehouse_infrastructure_v3' retrieved from /opt/airflow/dags/setup_lakehouse_infrastructure_v3.py
[2026-07-26T11:53:28.168+0000] {logging_mixin.py:190} INFO - [2026-07-26T11:53:28.168+0000] {dag.py:3239} INFO - Sync 1 DAGs
[2026-07-26T11:53:28.188+0000] {logging_mixin.py:190} INFO - [2026-07-26T11:53:28.188+0000] {dag.py:4180} INFO - Setting next_dagrun for setup_lakehouse_infrastructure_v3 to None, run_after=None
[2026-07-26T11:53:28.205+0000] {processor.py:208} INFO - Processing /opt/airflow/dags/setup_lakehouse_infrastructure_v3.py took 0.091 seconds
[2026-07-26T11:53:58.295+0000] {processor.py:186} INFO - Started process (PID=454) to work on /opt/airflow/dags/setup_lakehouse_infrastructure_v3.py
[2026-07-26T11:53:58.297+0000] {processor.py:914} INFO - Processing file /opt/airflow/dags/setup_lakehouse_infrastructure_v3.py for tasks to queue
[2026-07-26T11:53:58.299+0000] {logging_mixin.py:190} INFO - [2026-07-26T11:53:58.299+0000] {dagbag.py:588} INFO - Filling up the DagBag from /opt/airflow/dags/setup_lakehouse_infrastructure_v3.py
[2026-07-26T11:53:58.331+0000] {processor.py:925} INFO - DAG(s) 'setup_lakehouse_infrastructure_v3' retrieved from /opt/airflow/dags/setup_lakehouse_infrastructure_v3.py
[2026-07-26T11:53:58.371+0000] {logging_mixin.py:190} INFO - [2026-07-26T11:53:58.370+0000] {dag.py:3239} INFO - Sync 1 DAGs
[2026-07-26T11:53:58.418+0000] {logging_mixin.py:190} INFO - [2026-07-26T11:53:58.418+0000] {dag.py:4180} INFO - Setting next_dagrun for setup_lakehouse_infrastructure_v3 to None, run_after=None
[2026-07-26T11:53:58.446+0000] {processor.py:208} INFO - Processing /opt/airflow/dags/setup_lakehouse_infrastructure_v3.py took 0.157 seconds
[2026-07-26T11:54:29.186+0000] {processor.py:186} INFO - Started process (PID=547) to work on /opt/airflow/dags/setup_lakehouse_infrastructure_v3.py
[2026-07-26T11:54:29.187+0000] {processor.py:914} INFO - Processing file /opt/airflow/dags/setup_lakehouse_infrastructure_v3.py for tasks to queue
[2026-07-26T11:54:29.189+0000] {logging_mixin.py:190} INFO - [2026-07-26T11:54:29.189+0000] {dagbag.py:588} INFO - Filling up the DagBag from /opt/airflow/dags/setup_lakehouse_infrastructure_v3.py
[2026-07-26T11:54:29.214+0000] {processor.py:925} INFO - DAG(s) 'setup_lakehouse_infrastructure_v3' retrieved from /opt/airflow/dags/setup_lakehouse_infrastructure_v3.py
[2026-07-26T11:54:29.242+0000] {logging_mixin.py:190} INFO - [2026-07-26T11:54:29.242+0000] {dag.py:3239} INFO - Sync 1 DAGs
[2026-07-26T11:54:29.268+0000] {logging_mixin.py:190} INFO - [2026-07-26T11:54:29.268+0000] {dag.py:4180} INFO - Setting next_dagrun for setup_lakehouse_infrastructure_v3 to None, run_after=None
[2026-07-26T11:54:29.288+0000] {processor.py:208} INFO - Processing /opt/airflow/dags/setup_lakehouse_infrastructure_v3.py took 0.107 seconds
[2026-07-26T11:54:59.363+0000] {processor.py:186} INFO - Started process (PID=640) to work on /opt/airflow/dags/setup_lakehouse_infrastructure_v3.py
[2026-07-26T11:54:59.364+0000] {processor.py:914} INFO - Processing file /opt/airflow/dags/setup_lakehouse_infrastructure_v3.py for tasks to queue
[2026-07-26T11:54:59.366+0000] {logging_mixin.py:190} INFO - [2026-07-26T11:54:59.366+0000] {dagbag.py:588} INFO - Filling up the DagBag from /opt/airflow/dags/setup_lakehouse_infrastructure_v3.py
[2026-07-26T11:54:59.393+0000] {processor.py:925} INFO - DAG(s) 'setup_lakehouse_infrastructure_v3' retrieved from /opt/airflow/dags/setup_lakehouse_infrastructure_v3.py
[2026-07-26T11:54:59.422+0000] {logging_mixin.py:190} INFO - [2026-07-26T11:54:59.422+0000] {dag.py:3239} INFO - Sync 1 DAGs
[2026-07-26T11:54:59.446+0000] {logging_mixin.py:190} INFO - [2026-07-26T11:54:59.446+0000] {dag.py:4180} INFO - Setting next_dagrun for setup_lakehouse_infrastructure_v3 to None, run_after=None
[2026-07-26T11:54:59.469+0000] {processor.py:208} INFO - Processing /opt/airflow/dags/setup_lakehouse_infrastructure_v3.py took 0.111 seconds
[2026-07-26T11:55:30.090+0000] {processor.py:186} INFO - Started process (PID=733) to work on /opt/airflow/dags/setup_lakehouse_infrastructure_v3.py
[2026-07-26T11:55:30.091+0000] {processor.py:914} INFO - Processing file /opt/airflow/dags/setup_lakehouse_infrastructure_v3.py for tasks to queue
[2026-07-26T11:55:30.093+0000] {logging_mixin.py:190} INFO - [2026-07-26T11:55:30.093+0000] {dagbag.py:588} INFO - Filling up the DagBag from /opt/airflow/dags/setup_lakehouse_infrastructure_v3.py
[2026-07-26T11:55:30.120+0000] {processor.py:925} INFO - DAG(s) 'setup_lakehouse_infrastructure_v3' retrieved from /opt/airflow/dags/setup_lakehouse_infrastructure_v3.py
[2026-07-26T11:55:30.142+0000] {logging_mixin.py:190} INFO - [2026-07-26T11:55:30.142+0000] {dag.py:3239} INFO - Sync 1 DAGs
[2026-07-26T11:55:30.162+0000] {logging_mixin.py:190} INFO - [2026-07-26T11:55:30.162+0000] {dag.py:4180} INFO - Setting next_dagrun for setup_lakehouse_infrastructure_v3 to None, run_after=None
[2026-07-26T11:55:30.179+0000] {processor.py:208} INFO - Processing /opt/airflow/dags/setup_lakehouse_infrastructure_v3.py took 0.095 seconds
[2026-07-26T11:56:00.261+0000] {processor.py:186} INFO - Started process (PID=821) to work on /opt/airflow/dags/setup_lakehouse_infrastructure_v3.py
[2026-07-26T11:56:00.262+0000] {processor.py:914} INFO - Processing file /opt/airflow/dags/setup_lakehouse_infrastructure_v3.py for tasks to queue
[2026-07-26T11:56:00.264+0000] {logging_mixin.py:190} INFO - [2026-07-26T11:56:00.264+0000] {dagbag.py:588} INFO - Filling up the DagBag from /opt/airflow/dags/setup_lakehouse_infrastructure_v3.py
[2026-07-26T11:56:00.291+0000] {processor.py:925} INFO - DAG(s) 'setup_lakehouse_infrastructure_v3' retrieved from /opt/airflow/dags/setup_lakehouse_infrastructure_v3.py
[2026-07-26T11:56:00.319+0000] {logging_mixin.py:190} INFO - [2026-07-26T11:56:00.319+0000] {dag.py:3239} INFO - Sync 1 DAGs
[2026-07-26T11:56:00.343+0000] {logging_mixin.py:190} INFO - [2026-07-26T11:56:00.343+0000] {dag.py:4180} INFO - Setting next_dagrun for setup_lakehouse_infrastructure_v3 to None, run_after=None
[2026-07-26T11:56:00.367+0000] {processor.py:208} INFO - Processing /opt/airflow/dags/setup_lakehouse_infrastructure_v3.py took 0.111 seconds
[2026-07-26T11:56:30.581+0000] {processor.py:186} INFO - Started process (PID=914) to work on /opt/airflow/dags/setup_lakehouse_infrastructure_v3.py
[2026-07-26T11:56:30.582+0000] {processor.py:914} INFO - Processing file /opt/airflow/dags/setup_lakehouse_infrastructure_v3.py for tasks to queue
[2026-07-26T11:56:30.584+0000] {logging_mixin.py:190} INFO - [2026-07-26T11:56:30.584+0000] {dagbag.py:588} INFO - Filling up the DagBag from /opt/airflow/dags/setup_lakehouse_infrastructure_v3.py
[2026-07-26T11:56:30.608+0000] {processor.py:925} INFO - DAG(s) 'setup_lakehouse_infrastructure_v3' retrieved from /opt/airflow/dags/setup_lakehouse_infrastructure_v3.py
[2026-07-26T11:56:30.633+0000] {logging_mixin.py:190} INFO - [2026-07-26T11:56:30.633+0000] {dag.py:3239} INFO - Sync 1 DAGs
[2026-07-26T11:56:30.657+0000] {logging_mixin.py:190} INFO - [2026-07-26T11:56:30.656+0000] {dag.py:4180} INFO - Setting next_dagrun for setup_lakehouse_infrastructure_v3 to None, run_after=None
[2026-07-26T11:56:30.677+0000] {processor.py:208} INFO - Processing /opt/airflow/dags/setup_lakehouse_infrastructure_v3.py took 0.101 seconds
[2026-07-26T11:57:01.305+0000] {processor.py:186} INFO - Started process (PID=1007) to work on /opt/airflow/dags/setup_lakehouse_infrastructure_v3.py
[2026-07-26T11:57:01.306+0000] {processor.py:914} INFO - Processing file /opt/airflow/dags/setup_lakehouse_infrastructure_v3.py for tasks to queue
[2026-07-26T11:57:01.308+0000] {logging_mixin.py:190} INFO - [2026-07-26T11:57:01.308+0000] {dagbag.py:588} INFO - Filling up the DagBag from /opt/airflow/dags/setup_lakehouse_infrastructure_v3.py
[2026-07-26T11:57:01.342+0000] {processor.py:925} INFO - DAG(s) 'setup_lakehouse_infrastructure_v3' retrieved from /opt/airflow/dags/setup_lakehouse_infrastructure_v3.py
[2026-07-26T11:57:01.376+0000] {logging_mixin.py:190} INFO - [2026-07-26T11:57:01.376+0000] {dag.py:3239} INFO - Sync 1 DAGs
[2026-07-26T11:57:01.403+0000] {logging_mixin.py:190} INFO - [2026-07-26T11:57:01.403+0000] {dag.py:4180} INFO - Setting next_dagrun for setup_lakehouse_infrastructure_v3 to None, run_after=None
[2026-07-26T11:57:01.431+0000] {processor.py:208} INFO - Processing /opt/airflow/dags/setup_lakehouse_infrastructure_v3.py took 0.132 seconds
[2026-07-26T11:57:31.660+0000] {processor.py:186} INFO - Started process (PID=1095) to work on /opt/airflow/dags/setup_lakehouse_infrastructure_v3.py
[2026-07-26T11:57:31.661+0000] {processor.py:914} INFO - Processing file /opt/airflow/dags/setup_lakehouse_infrastructure_v3.py for tasks to queue
[2026-07-26T11:57:31.663+0000] {logging_mixin.py:190} INFO - [2026-07-26T11:57:31.663+0000] {dagbag.py:588} INFO - Filling up the DagBag from /opt/airflow/dags/setup_lakehouse_infrastructure_v3.py
[2026-07-26T11:57:31.696+0000] {processor.py:925} INFO - DAG(s) 'setup_lakehouse_infrastructure_v3' retrieved from /opt/airflow/dags/setup_lakehouse_infrastructure_v3.py
[2026-07-26T11:57:31.734+0000] {logging_mixin.py:190} INFO - [2026-07-26T11:57:31.734+0000] {dag.py:3239} INFO - Sync 1 DAGs
[2026-07-26T11:57:31.764+0000] {logging_mixin.py:190} INFO - [2026-07-26T11:57:31.763+0000] {dag.py:4180} INFO - Setting next_dagrun for setup_lakehouse_infrastructure_v3 to None, run_after=None
[2026-07-26T11:57:31.794+0000] {processor.py:208} INFO - Processing /opt/airflow/dags/setup_lakehouse_infrastructure_v3.py took 0.139 seconds
[2026-07-26T11:58:02.487+0000] {processor.py:186} INFO - Started process (PID=1188) to work on /opt/airflow/dags/setup_lakehouse_infrastructure_v3.py
[2026-07-26T11:58:02.488+0000] {processor.py:914} INFO - Processing file /opt/airflow/dags/setup_lakehouse_infrastructure_v3.py for tasks to queue
[2026-07-26T11:58:02.491+0000] {logging_mixin.py:190} INFO - [2026-07-26T11:58:02.491+0000] {dagbag.py:588} INFO - Filling up the DagBag from /opt/airflow/dags/setup_lakehouse_infrastructure_v3.py
[2026-07-26T11:58:02.523+0000] {processor.py:925} INFO - DAG(s) 'setup_lakehouse_infrastructure_v3' retrieved from /opt/airflow/dags/setup_lakehouse_infrastructure_v3.py
[2026-07-26T11:58:02.552+0000] {logging_mixin.py:190} INFO - [2026-07-26T11:58:02.552+0000] {dag.py:3239} INFO - Sync 1 DAGs
[2026-07-26T11:58:02.575+0000] {logging_mixin.py:190} INFO - [2026-07-26T11:58:02.574+0000] {dag.py:4180} INFO - Setting next_dagrun for setup_lakehouse_infrastructure_v3 to None, run_after=None
[2026-07-26T11:58:02.596+0000] {processor.py:208} INFO - Processing /opt/airflow/dags/setup_lakehouse_infrastructure_v3.py took 0.117 seconds
[2026-07-26T11:58:32.970+0000] {processor.py:186} INFO - Started process (PID=1281) to work on /opt/airflow/dags/setup_lakehouse_infrastructure_v3.py
[2026-07-26T11:58:32.971+0000] {processor.py:914} INFO - Processing file /opt/airflow/dags/setup_lakehouse_infrastructure_v3.py for tasks to queue
[2026-07-26T11:58:32.973+0000] {logging_mixin.py:190} INFO - [2026-07-26T11:58:32.972+0000] {dagbag.py:588} INFO - Filling up the DagBag from /opt/airflow/dags/setup_lakehouse_infrastructure_v3.py
[2026-07-26T11:58:32.998+0000] {processor.py:925} INFO - DAG(s) 'setup_lakehouse_infrastructure_v3' retrieved from /opt/airflow/dags/setup_lakehouse_infrastructure_v3.py
[2026-07-26T11:58:33.024+0000] {logging_mixin.py:190} INFO - [2026-07-26T11:58:33.024+0000] {dag.py:3239} INFO - Sync 1 DAGs
[2026-07-26T11:58:33.049+0000] {logging_mixin.py:190} INFO - [2026-07-26T11:58:33.049+0000] {dag.py:4180} INFO - Setting next_dagrun for setup_lakehouse_infrastructure_v3 to None, run_after=None
[2026-07-26T11:58:33.072+0000] {processor.py:208} INFO - Processing /opt/airflow/dags/setup_lakehouse_infrastructure_v3.py took 0.107 seconds
[2026-07-26T12:23:35.543+0000] {processor.py:186} INFO - Started process (PID=182) to work on /opt/airflow/dags/setup_lakehouse_infrastructure_v3.py
[2026-07-26T12:23:35.544+0000] {processor.py:914} INFO - Processing file /opt/airflow/dags/setup_lakehouse_infrastructure_v3.py for tasks to queue
[2026-07-26T12:23:35.547+0000] {logging_mixin.py:190} INFO - [2026-07-26T12:23:35.547+0000] {dagbag.py:588} INFO - Filling up the DagBag from /opt/airflow/dags/setup_lakehouse_infrastructure_v3.py
[2026-07-26T12:23:35.579+0000] {processor.py:925} INFO - DAG(s) 'setup_lakehouse_infrastructure_v3' retrieved from /opt/airflow/dags/setup_lakehouse_infrastructure_v3.py
[2026-07-26T12:23:35.621+0000] {logging_mixin.py:190} INFO - [2026-07-26T12:23:35.620+0000] {dag.py:3239} INFO - Sync 1 DAGs
[2026-07-26T12:23:35.660+0000] {logging_mixin.py:190} INFO - [2026-07-26T12:23:35.660+0000] {dag.py:4180} INFO - Setting next_dagrun for setup_lakehouse_infrastructure_v3 to None, run_after=None
[2026-07-26T12:23:35.697+0000] {processor.py:208} INFO - Processing /opt/airflow/dags/setup_lakehouse_infrastructure_v3.py took 0.160 seconds
[2026-07-26T12:24:07.341+0000] {processor.py:186} INFO - Started process (PID=273) to work on /opt/airflow/dags/setup_lakehouse_infrastructure_v3.py
[2026-07-26T12:24:07.342+0000] {processor.py:914} INFO - Processing file /opt/airflow/dags/setup_lakehouse_infrastructure_v3.py for tasks to queue
[2026-07-26T12:24:07.347+0000] {logging_mixin.py:190} INFO - [2026-07-26T12:24:07.347+0000] {dagbag.py:588} INFO - Filling up the DagBag from /opt/airflow/dags/setup_lakehouse_infrastructure_v3.py
[2026-07-26T12:24:07.398+0000] {processor.py:925} INFO - DAG(s) 'setup_lakehouse_infrastructure_v3' retrieved from /opt/airflow/dags/setup_lakehouse_infrastructure_v3.py
[2026-07-26T12:24:07.436+0000] {logging_mixin.py:190} INFO - [2026-07-26T12:24:07.436+0000] {dag.py:3239} INFO - Sync 1 DAGs
[2026-07-26T12:24:07.457+0000] {logging_mixin.py:190} INFO - [2026-07-26T12:24:07.456+0000] {dag.py:4180} INFO - Setting next_dagrun for setup_lakehouse_infrastructure_v3 to None, run_after=None
[2026-07-26T12:24:07.480+0000] {processor.py:208} INFO - Processing /opt/airflow/dags/setup_lakehouse_infrastructure_v3.py took 0.145 seconds
[2026-07-26T12:24:37.719+0000] {processor.py:186} INFO - Started process (PID=363) to work on /opt/airflow/dags/setup_lakehouse_infrastructure_v3.py
[2026-07-26T12:24:37.720+0000] {processor.py:914} INFO - Processing file /opt/airflow/dags/setup_lakehouse_infrastructure_v3.py for tasks to queue
[2026-07-26T12:24:37.723+0000] {logging_mixin.py:190} INFO - [2026-07-26T12:24:37.722+0000] {dagbag.py:588} INFO - Filling up the DagBag from /opt/airflow/dags/setup_lakehouse_infrastructure_v3.py
[2026-07-26T12:24:37.749+0000] {processor.py:925} INFO - DAG(s) 'setup_lakehouse_infrastructure_v3' retrieved from /opt/airflow/dags/setup_lakehouse_infrastructure_v3.py
[2026-07-26T12:24:37.773+0000] {logging_mixin.py:190} INFO - [2026-07-26T12:24:37.773+0000] {dag.py:3239} INFO - Sync 1 DAGs
[2026-07-26T12:24:37.796+0000] {logging_mixin.py:190} INFO - [2026-07-26T12:24:37.796+0000] {dag.py:4180} INFO - Setting next_dagrun for setup_lakehouse_infrastructure_v3 to None, run_after=None
[2026-07-26T12:24:37.834+0000] {processor.py:208} INFO - Processing /opt/airflow/dags/setup_lakehouse_infrastructure_v3.py took 0.120 seconds
[2026-07-26T12:25:08.024+0000] {processor.py:186} INFO - Started process (PID=456) to work on /opt/airflow/dags/setup_lakehouse_infrastructure_v3.py
[2026-07-26T12:25:08.025+0000] {processor.py:914} INFO - Processing file /opt/airflow/dags/setup_lakehouse_infrastructure_v3.py for tasks to queue
[2026-07-26T12:25:08.027+0000] {logging_mixin.py:190} INFO - [2026-07-26T12:25:08.026+0000] {dagbag.py:588} INFO - Filling up the DagBag from /opt/airflow/dags/setup_lakehouse_infrastructure_v3.py
[2026-07-26T12:25:08.051+0000] {processor.py:925} INFO - DAG(s) 'setup_lakehouse_infrastructure_v3' retrieved from /opt/airflow/dags/setup_lakehouse_infrastructure_v3.py
[2026-07-26T12:25:08.071+0000] {logging_mixin.py:190} INFO - [2026-07-26T12:25:08.071+0000] {dag.py:3239} INFO - Sync 1 DAGs
[2026-07-26T12:25:08.090+0000] {logging_mixin.py:190} INFO - [2026-07-26T12:25:08.090+0000] {dag.py:4180} INFO - Setting next_dagrun for setup_lakehouse_infrastructure_v3 to None, run_after=None
[2026-07-26T12:25:08.106+0000] {processor.py:208} INFO - Processing /opt/airflow/dags/setup_lakehouse_infrastructure_v3.py took 0.088 seconds
[2026-07-26T12:25:38.716+0000] {processor.py:186} INFO - Started process (PID=549) to work on /opt/airflow/dags/setup_lakehouse_infrastructure_v3.py
[2026-07-26T12:25:38.717+0000] {processor.py:914} INFO - Processing file /opt/airflow/dags/setup_lakehouse_infrastructure_v3.py for tasks to queue
[2026-07-26T12:25:38.720+0000] {logging_mixin.py:190} INFO - [2026-07-26T12:25:38.719+0000] {dagbag.py:588} INFO - Filling up the DagBag from /opt/airflow/dags/setup_lakehouse_infrastructure_v3.py
[2026-07-26T12:25:38.744+0000] {processor.py:925} INFO - DAG(s) 'setup_lakehouse_infrastructure_v3' retrieved from /opt/airflow/dags/setup_lakehouse_infrastructure_v3.py
[2026-07-26T12:25:38.770+0000] {logging_mixin.py:190} INFO - [2026-07-26T12:25:38.769+0000] {dag.py:3239} INFO - Sync 1 DAGs
[2026-07-26T12:25:38.795+0000] {logging_mixin.py:190} INFO - [2026-07-26T12:25:38.794+0000] {dag.py:4180} INFO - Setting next_dagrun for setup_lakehouse_infrastructure_v3 to None, run_after=None
[2026-07-26T12:25:38.825+0000] {processor.py:208} INFO - Processing /opt/airflow/dags/setup_lakehouse_infrastructure_v3.py took 0.115 seconds
[2026-07-26T12:26:09.219+0000] {processor.py:186} INFO - Started process (PID=640) to work on /opt/airflow/dags/setup_lakehouse_infrastructure_v3.py
[2026-07-26T12:26:09.220+0000] {processor.py:914} INFO - Processing file /opt/airflow/dags/setup_lakehouse_infrastructure_v3.py for tasks to queue
[2026-07-26T12:26:09.223+0000] {logging_mixin.py:190} INFO - [2026-07-26T12:26:09.222+0000] {dagbag.py:588} INFO - Filling up the DagBag from /opt/airflow/dags/setup_lakehouse_infrastructure_v3.py
[2026-07-26T12:26:09.250+0000] {processor.py:925} INFO - DAG(s) 'setup_lakehouse_infrastructure_v3' retrieved from /opt/airflow/dags/setup_lakehouse_infrastructure_v3.py
[2026-07-26T12:26:09.274+0000] {logging_mixin.py:190} INFO - [2026-07-26T12:26:09.274+0000] {dag.py:3239} INFO - Sync 1 DAGs
[2026-07-26T12:26:09.303+0000] {logging_mixin.py:190} INFO - [2026-07-26T12:26:09.303+0000] {dag.py:4180} INFO - Setting next_dagrun for setup_lakehouse_infrastructure_v3 to None, run_after=None
[2026-07-26T12:26:09.325+0000] {processor.py:208} INFO - Processing /opt/airflow/dags/setup_lakehouse_infrastructure_v3.py took 0.110 seconds
[2026-07-26T12:26:39.584+0000] {processor.py:186} INFO - Started process (PID=730) to work on /opt/airflow/dags/setup_lakehouse_infrastructure_v3.py
[2026-07-26T12:26:39.586+0000] {processor.py:914} INFO - Processing file /opt/airflow/dags/setup_lakehouse_infrastructure_v3.py for tasks to queue
[2026-07-26T12:26:39.589+0000] {logging_mixin.py:190} INFO - [2026-07-26T12:26:39.589+0000] {dagbag.py:588} INFO - Filling up the DagBag from /opt/airflow/dags/setup_lakehouse_infrastructure_v3.py
[2026-07-26T12:26:39.613+0000] {processor.py:925} INFO - DAG(s) 'setup_lakehouse_infrastructure_v3' retrieved from /opt/airflow/dags/setup_lakehouse_infrastructure_v3.py
[2026-07-26T12:26:39.636+0000] {logging_mixin.py:190} INFO - [2026-07-26T12:26:39.636+0000] {dag.py:3239} INFO - Sync 1 DAGs
[2026-07-26T12:26:39.658+0000] {logging_mixin.py:190} INFO - [2026-07-26T12:26:39.658+0000] {dag.py:4180} INFO - Setting next_dagrun for setup_lakehouse_infrastructure_v3 to None, run_after=None
[2026-07-26T12:26:39.677+0000] {processor.py:208} INFO - Processing /opt/airflow/dags/setup_lakehouse_infrastructure_v3.py took 0.098 seconds
[2026-07-26T12:27:10.621+0000] {processor.py:186} INFO - Started process (PID=823) to work on /opt/airflow/dags/setup_lakehouse_infrastructure_v3.py
[2026-07-26T12:27:10.622+0000] {processor.py:914} INFO - Processing file /opt/airflow/dags/setup_lakehouse_infrastructure_v3.py for tasks to queue
[2026-07-26T12:27:10.625+0000] {logging_mixin.py:190} INFO - [2026-07-26T12:27:10.624+0000] {dagbag.py:588} INFO - Filling up the DagBag from /opt/airflow/dags/setup_lakehouse_infrastructure_v3.py
[2026-07-26T12:27:10.646+0000] {processor.py:925} INFO - DAG(s) 'setup_lakehouse_infrastructure_v3' retrieved from /opt/airflow/dags/setup_lakehouse_infrastructure_v3.py
[2026-07-26T12:27:10.669+0000] {logging_mixin.py:190} INFO - [2026-07-26T12:27:10.669+0000] {dag.py:3239} INFO - Sync 1 DAGs
[2026-07-26T12:27:10.689+0000] {logging_mixin.py:190} INFO - [2026-07-26T12:27:10.689+0000] {dag.py:4180} INFO - Setting next_dagrun for setup_lakehouse_infrastructure_v3 to None, run_after=None
[2026-07-26T12:27:10.708+0000] {processor.py:208} INFO - Processing /opt/airflow/dags/setup_lakehouse_infrastructure_v3.py took 0.093 seconds
[2026-07-26T12:27:41.358+0000] {processor.py:186} INFO - Started process (PID=914) to work on /opt/airflow/dags/setup_lakehouse_infrastructure_v3.py
[2026-07-26T12:27:41.359+0000] {processor.py:914} INFO - Processing file /opt/airflow/dags/setup_lakehouse_infrastructure_v3.py for tasks to queue
[2026-07-26T12:27:41.362+0000] {logging_mixin.py:190} INFO - [2026-07-26T12:27:41.361+0000] {dagbag.py:588} INFO - Filling up the DagBag from /opt/airflow/dags/setup_lakehouse_infrastructure_v3.py
[2026-07-26T12:27:41.388+0000] {processor.py:925} INFO - DAG(s) 'setup_lakehouse_infrastructure_v3' retrieved from /opt/airflow/dags/setup_lakehouse_infrastructure_v3.py
[2026-07-26T12:27:41.412+0000] {logging_mixin.py:190} INFO - [2026-07-26T12:27:41.412+0000] {dag.py:3239} INFO - Sync 1 DAGs
[2026-07-26T12:27:41.438+0000] {logging_mixin.py:190} INFO - [2026-07-26T12:27:41.438+0000] {dag.py:4180} INFO - Setting next_dagrun for setup_lakehouse_infrastructure_v3 to None, run_after=None
[2026-07-26T12:27:41.459+0000] {processor.py:208} INFO - Processing /opt/airflow/dags/setup_lakehouse_infrastructure_v3.py took 0.107 seconds
[2026-07-26T12:28:11.824+0000] {processor.py:186} INFO - Started process (PID=1004) to work on /opt/airflow/dags/setup_lakehouse_infrastructure_v3.py
[2026-07-26T12:28:11.825+0000] {processor.py:914} INFO - Processing file /opt/airflow/dags/setup_lakehouse_infrastructure_v3.py for tasks to queue
[2026-07-26T12:28:11.827+0000] {logging_mixin.py:190} INFO - [2026-07-26T12:28:11.827+0000] {dagbag.py:588} INFO - Filling up the DagBag from /opt/airflow/dags/setup_lakehouse_infrastructure_v3.py
[2026-07-26T12:28:11.848+0000] {processor.py:925} INFO - DAG(s) 'setup_lakehouse_infrastructure_v3' retrieved from /opt/airflow/dags/setup_lakehouse_infrastructure_v3.py
[2026-07-26T12:28:11.872+0000] {logging_mixin.py:190} INFO - [2026-07-26T12:28:11.872+0000] {dag.py:3239} INFO - Sync 1 DAGs
[2026-07-26T12:28:11.894+0000] {logging_mixin.py:190} INFO - [2026-07-26T12:28:11.894+0000] {dag.py:4180} INFO - Setting next_dagrun for setup_lakehouse_infrastructure_v3 to None, run_after=None
[2026-07-26T12:28:11.912+0000] {processor.py:208} INFO - Processing /opt/airflow/dags/setup_lakehouse_infrastructure_v3.py took 0.094 seconds
[2026-07-26T12:28:42.591+0000] {processor.py:186} INFO - Started process (PID=1097) to work on /opt/airflow/dags/setup_lakehouse_infrastructure_v3.py
[2026-07-26T12:28:42.592+0000] {processor.py:914} INFO - Processing file /opt/airflow/dags/setup_lakehouse_infrastructure_v3.py for tasks to queue
[2026-07-26T12:28:42.594+0000] {logging_mixin.py:190} INFO - [2026-07-26T12:28:42.594+0000] {dagbag.py:588} INFO - Filling up the DagBag from /opt/airflow/dags/setup_lakehouse_infrastructure_v3.py
[2026-07-26T12:28:42.620+0000] {processor.py:925} INFO - DAG(s) 'setup_lakehouse_infrastructure_v3' retrieved from /opt/airflow/dags/setup_lakehouse_infrastructure_v3.py
[2026-07-26T12:28:42.643+0000] {logging_mixin.py:190} INFO - [2026-07-26T12:28:42.642+0000] {dag.py:3239} INFO - Sync 1 DAGs
[2026-07-26T12:28:42.664+0000] {logging_mixin.py:190} INFO - [2026-07-26T12:28:42.664+0000] {dag.py:4180} INFO - Setting next_dagrun for setup_lakehouse_infrastructure_v3 to None, run_after=None
[2026-07-26T12:28:42.683+0000] {processor.py:208} INFO - Processing /opt/airflow/dags/setup_lakehouse_infrastructure_v3.py took 0.098 seconds
[2026-07-26T12:29:12.900+0000] {processor.py:186} INFO - Started process (PID=1190) to work on /opt/airflow/dags/setup_lakehouse_infrastructure_v3.py
[2026-07-26T12:29:12.901+0000] {processor.py:914} INFO - Processing file /opt/airflow/dags/setup_lakehouse_infrastructure_v3.py for tasks to queue
[2026-07-26T12:29:12.903+0000] {logging_mixin.py:190} INFO - [2026-07-26T12:29:12.903+0000] {dagbag.py:588} INFO - Filling up the DagBag from /opt/airflow/dags/setup_lakehouse_infrastructure_v3.py
[2026-07-26T12:29:12.926+0000] {processor.py:925} INFO - DAG(s) 'setup_lakehouse_infrastructure_v3' retrieved from /opt/airflow/dags/setup_lakehouse_infrastructure_v3.py
[2026-07-26T12:29:12.947+0000] {logging_mixin.py:190} INFO - [2026-07-26T12:29:12.947+0000] {dag.py:3239} INFO - Sync 1 DAGs
[2026-07-26T12:29:12.969+0000] {logging_mixin.py:190} INFO - [2026-07-26T12:29:12.968+0000] {dag.py:4180} INFO - Setting next_dagrun for setup_lakehouse_infrastructure_v3 to None, run_after=None
[2026-07-26T12:29:12.987+0000] {processor.py:208} INFO - Processing /opt/airflow/dags/setup_lakehouse_infrastructure_v3.py took 0.092 seconds
[2026-07-26T12:29:43.449+0000] {processor.py:186} INFO - Started process (PID=1281) to work on /opt/airflow/dags/setup_lakehouse_infrastructure_v3.py
[2026-07-26T12:29:43.450+0000] {processor.py:914} INFO - Processing file /opt/airflow/dags/setup_lakehouse_infrastructure_v3.py for tasks to queue
[2026-07-26T12:29:43.452+0000] {logging_mixin.py:190} INFO - [2026-07-26T12:29:43.452+0000] {dagbag.py:588} INFO - Filling up the DagBag from /opt/airflow/dags/setup_lakehouse_infrastructure_v3.py
[2026-07-26T12:29:43.478+0000] {processor.py:925} INFO - DAG(s) 'setup_lakehouse_infrastructure_v3' retrieved from /opt/airflow/dags/setup_lakehouse_infrastructure_v3.py
[2026-07-26T12:29:43.499+0000] {logging_mixin.py:190} INFO - [2026-07-26T12:29:43.499+0000] {dag.py:3239} INFO - Sync 1 DAGs
[2026-07-26T12:29:43.521+0000] {logging_mixin.py:190} INFO - [2026-07-26T12:29:43.521+0000] {dag.py:4180} INFO - Setting next_dagrun for setup_lakehouse_infrastructure_v3 to None, run_after=None
[2026-07-26T12:29:43.538+0000] {processor.py:208} INFO - Processing /opt/airflow/dags/setup_lakehouse_infrastructure_v3.py took 0.094 seconds
[2026-07-26T12:30:13.710+0000] {processor.py:186} INFO - Started process (PID=1371) to work on /opt/airflow/dags/setup_lakehouse_infrastructure_v3.py
[2026-07-26T12:30:13.711+0000] {processor.py:914} INFO - Processing file /opt/airflow/dags/setup_lakehouse_infrastructure_v3.py for tasks to queue
[2026-07-26T12:30:13.713+0000] {logging_mixin.py:190} INFO - [2026-07-26T12:30:13.712+0000] {dagbag.py:588} INFO - Filling up the DagBag from /opt/airflow/dags/setup_lakehouse_infrastructure_v3.py
[2026-07-26T12:30:13.736+0000] {processor.py:925} INFO - DAG(s) 'setup_lakehouse_infrastructure_v3' retrieved from /opt/airflow/dags/setup_lakehouse_infrastructure_v3.py
[2026-07-26T12:30:13.765+0000] {logging_mixin.py:190} INFO - [2026-07-26T12:30:13.764+0000] {dag.py:3239} INFO - Sync 1 DAGs
[2026-07-26T12:30:13.791+0000] {logging_mixin.py:190} INFO - [2026-07-26T12:30:13.791+0000] {dag.py:4180} INFO - Setting next_dagrun for setup_lakehouse_infrastructure_v3 to None, run_after=None
[2026-07-26T12:30:13.809+0000] {processor.py:208} INFO - Processing /opt/airflow/dags/setup_lakehouse_infrastructure_v3.py took 0.106 seconds
[2026-07-26T12:30:44.307+0000] {processor.py:186} INFO - Started process (PID=1464) to work on /opt/airflow/dags/setup_lakehouse_infrastructure_v3.py
[2026-07-26T12:30:44.308+0000] {processor.py:914} INFO - Processing file /opt/airflow/dags/setup_lakehouse_infrastructure_v3.py for tasks to queue
[2026-07-26T12:30:44.311+0000] {logging_mixin.py:190} INFO - [2026-07-26T12:30:44.311+0000] {dagbag.py:588} INFO - Filling up the DagBag from /opt/airflow/dags/setup_lakehouse_infrastructure_v3.py
[2026-07-26T12:30:44.337+0000] {processor.py:925} INFO - DAG(s) 'setup_lakehouse_infrastructure_v3' retrieved from /opt/airflow/dags/setup_lakehouse_infrastructure_v3.py
[2026-07-26T12:30:44.364+0000] {logging_mixin.py:190} INFO - [2026-07-26T12:30:44.364+0000] {dag.py:3239} INFO - Sync 1 DAGs
[2026-07-26T12:30:44.386+0000] {logging_mixin.py:190} INFO - [2026-07-26T12:30:44.386+0000] {dag.py:4180} INFO - Setting next_dagrun for setup_lakehouse_infrastructure_v3 to None, run_after=None
[2026-07-26T12:30:44.406+0000] {processor.py:208} INFO - Processing /opt/airflow/dags/setup_lakehouse_infrastructure_v3.py took 0.105 seconds
[2026-07-26T12:31:14.731+0000] {processor.py:186} INFO - Started process (PID=1557) to work on /opt/airflow/dags/setup_lakehouse_infrastructure_v3.py
[2026-07-26T12:31:14.732+0000] {processor.py:914} INFO - Processing file /opt/airflow/dags/setup_lakehouse_infrastructure_v3.py for tasks to queue
[2026-07-26T12:31:14.734+0000] {logging_mixin.py:190} INFO - [2026-07-26T12:31:14.734+0000] {dagbag.py:588} INFO - Filling up the DagBag from /opt/airflow/dags/setup_lakehouse_infrastructure_v3.py
[2026-07-26T12:31:14.761+0000] {processor.py:925} INFO - DAG(s) 'setup_lakehouse_infrastructure_v3' retrieved from /opt/airflow/dags/setup_lakehouse_infrastructure_v3.py
[2026-07-26T12:31:14.784+0000] {logging_mixin.py:190} INFO - [2026-07-26T12:31:14.784+0000] {dag.py:3239} INFO - Sync 1 DAGs
[2026-07-26T12:31:14.807+0000] {logging_mixin.py:190} INFO - [2026-07-26T12:31:14.807+0000] {dag.py:4180} INFO - Setting next_dagrun for setup_lakehouse_infrastructure_v3 to None, run_after=None
[2026-07-26T12:31:14.824+0000] {processor.py:208} INFO - Processing /opt/airflow/dags/setup_lakehouse_infrastructure_v3.py took 0.099 seconds
[2026-07-26T12:31:45.227+0000] {processor.py:186} INFO - Started process (PID=1645) to work on /opt/airflow/dags/setup_lakehouse_infrastructure_v3.py
[2026-07-26T12:31:45.228+0000] {processor.py:914} INFO - Processing file /opt/airflow/dags/setup_lakehouse_infrastructure_v3.py for tasks to queue
[2026-07-26T12:31:45.231+0000] {logging_mixin.py:190} INFO - [2026-07-26T12:31:45.230+0000] {dagbag.py:588} INFO - Filling up the DagBag from /opt/airflow/dags/setup_lakehouse_infrastructure_v3.py
[2026-07-26T12:31:45.259+0000] {processor.py:925} INFO - DAG(s) 'setup_lakehouse_infrastructure_v3' retrieved from /opt/airflow/dags/setup_lakehouse_infrastructure_v3.py
[2026-07-26T12:31:45.289+0000] {logging_mixin.py:190} INFO - [2026-07-26T12:31:45.289+0000] {dag.py:3239} INFO - Sync 1 DAGs
[2026-07-26T12:31:45.318+0000] {logging_mixin.py:190} INFO - [2026-07-26T12:31:45.318+0000] {dag.py:4180} INFO - Setting next_dagrun for setup_lakehouse_infrastructure_v3 to None, run_after=None
[2026-07-26T12:31:45.342+0000] {processor.py:208} INFO - Processing /opt/airflow/dags/setup_lakehouse_infrastructure_v3.py took 0.121 seconds
[2026-07-26T12:32:15.593+0000] {processor.py:186} INFO - Started process (PID=1738) to work on /opt/airflow/dags/setup_lakehouse_infrastructure_v3.py
[2026-07-26T12:32:15.594+0000] {processor.py:914} INFO - Processing file /opt/airflow/dags/setup_lakehouse_infrastructure_v3.py for tasks to queue
[2026-07-26T12:32:15.596+0000] {logging_mixin.py:190} INFO - [2026-07-26T12:32:15.596+0000] {dagbag.py:588} INFO - Filling up the DagBag from /opt/airflow/dags/setup_lakehouse_infrastructure_v3.py
[2026-07-26T12:32:15.620+0000] {processor.py:925} INFO - DAG(s) 'setup_lakehouse_infrastructure_v3' retrieved from /opt/airflow/dags/setup_lakehouse_infrastructure_v3.py
[2026-07-26T12:32:15.642+0000] {logging_mixin.py:190} INFO - [2026-07-26T12:32:15.642+0000] {dag.py:3239} INFO - Sync 1 DAGs
[2026-07-26T12:32:15.664+0000] {logging_mixin.py:190} INFO - [2026-07-26T12:32:15.664+0000] {dag.py:4180} INFO - Setting next_dagrun for setup_lakehouse_infrastructure_v3 to None, run_after=None
[2026-07-26T12:32:15.681+0000] {processor.py:208} INFO - Processing /opt/airflow/dags/setup_lakehouse_infrastructure_v3.py took 0.094 seconds
[2026-07-26T12:32:45.800+0000] {processor.py:186} INFO - Started process (PID=1831) to work on /opt/airflow/dags/setup_lakehouse_infrastructure_v3.py
[2026-07-26T12:32:45.802+0000] {processor.py:914} INFO - Processing file /opt/airflow/dags/setup_lakehouse_infrastructure_v3.py for tasks to queue
[2026-07-26T12:32:45.804+0000] {logging_mixin.py:190} INFO - [2026-07-26T12:32:45.804+0000] {dagbag.py:588} INFO - Filling up the DagBag from /opt/airflow/dags/setup_lakehouse_infrastructure_v3.py
[2026-07-26T12:32:45.829+0000] {processor.py:925} INFO - DAG(s) 'setup_lakehouse_infrastructure_v3' retrieved from /opt/airflow/dags/setup_lakehouse_infrastructure_v3.py
[2026-07-26T12:32:45.851+0000] {logging_mixin.py:190} INFO - [2026-07-26T12:32:45.851+0000] {dag.py:3239} INFO - Sync 1 DAGs
[2026-07-26T12:32:45.870+0000] {logging_mixin.py:190} INFO - [2026-07-26T12:32:45.870+0000] {dag.py:4180} INFO - Setting next_dagrun for setup_lakehouse_infrastructure_v3 to None, run_after=None
[2026-07-26T12:32:45.890+0000] {processor.py:208} INFO - Processing /opt/airflow/dags/setup_lakehouse_infrastructure_v3.py took 0.097 seconds
[2026-07-26T12:33:16.396+0000] {processor.py:186} INFO - Started process (PID=1922) to work on /opt/airflow/dags/setup_lakehouse_infrastructure_v3.py
[2026-07-26T12:33:16.397+0000] {processor.py:914} INFO - Processing file /opt/airflow/dags/setup_lakehouse_infrastructure_v3.py for tasks to queue
[2026-07-26T12:33:16.400+0000] {logging_mixin.py:190} INFO - [2026-07-26T12:33:16.400+0000] {dagbag.py:588} INFO - Filling up the DagBag from /opt/airflow/dags/setup_lakehouse_infrastructure_v3.py
[2026-07-26T12:33:16.424+0000] {processor.py:925} INFO - DAG(s) 'setup_lakehouse_infrastructure_v3' retrieved from /opt/airflow/dags/setup_lakehouse_infrastructure_v3.py
[2026-07-26T12:33:16.449+0000] {logging_mixin.py:190} INFO - [2026-07-26T12:33:16.449+0000] {dag.py:3239} INFO - Sync 1 DAGs
[2026-07-26T12:33:16.472+0000] {logging_mixin.py:190} INFO - [2026-07-26T12:33:16.471+0000] {dag.py:4180} INFO - Setting next_dagrun for setup_lakehouse_infrastructure_v3 to None, run_after=None
[2026-07-26T12:33:16.490+0000] {processor.py:208} INFO - Processing /opt/airflow/dags/setup_lakehouse_infrastructure_v3.py took 0.101 seconds
[2026-07-26T12:33:46.903+0000] {processor.py:186} INFO - Started process (PID=2012) to work on /opt/airflow/dags/setup_lakehouse_infrastructure_v3.py
[2026-07-26T12:33:46.904+0000] {processor.py:914} INFO - Processing file /opt/airflow/dags/setup_lakehouse_infrastructure_v3.py for tasks to queue
[2026-07-26T12:33:46.907+0000] {logging_mixin.py:190} INFO - [2026-07-26T12:33:46.906+0000] {dagbag.py:588} INFO - Filling up the DagBag from /opt/airflow/dags/setup_lakehouse_infrastructure_v3.py
[2026-07-26T12:33:46.932+0000] {processor.py:925} INFO - DAG(s) 'setup_lakehouse_infrastructure_v3' retrieved from /opt/airflow/dags/setup_lakehouse_infrastructure_v3.py
[2026-07-26T12:33:46.957+0000] {logging_mixin.py:190} INFO - [2026-07-26T12:33:46.957+0000] {dag.py:3239} INFO - Sync 1 DAGs
[2026-07-26T12:33:46.978+0000] {logging_mixin.py:190} INFO - [2026-07-26T12:33:46.978+0000] {dag.py:4180} INFO - Setting next_dagrun for setup_lakehouse_infrastructure_v3 to None, run_after=None
[2026-07-26T12:33:46.997+0000] {processor.py:208} INFO - Processing /opt/airflow/dags/setup_lakehouse_infrastructure_v3.py took 0.100 seconds
[2026-07-26T12:34:17.076+0000] {processor.py:186} INFO - Started process (PID=2105) to work on /opt/airflow/dags/setup_lakehouse_infrastructure_v3.py
[2026-07-26T12:34:17.077+0000] {processor.py:914} INFO - Processing file /opt/airflow/dags/setup_lakehouse_infrastructure_v3.py for tasks to queue
[2026-07-26T12:34:17.079+0000] {logging_mixin.py:190} INFO - [2026-07-26T12:34:17.078+0000] {dagbag.py:588} INFO - Filling up the DagBag from /opt/airflow/dags/setup_lakehouse_infrastructure_v3.py
[2026-07-26T12:34:17.101+0000] {processor.py:925} INFO - DAG(s) 'setup_lakehouse_infrastructure_v3' retrieved from /opt/airflow/dags/setup_lakehouse_infrastructure_v3.py
[2026-07-26T12:34:17.121+0000] {logging_mixin.py:190} INFO - [2026-07-26T12:34:17.121+0000] {dag.py:3239} INFO - Sync 1 DAGs
[2026-07-26T12:34:17.143+0000] {logging_mixin.py:190} INFO - [2026-07-26T12:34:17.143+0000] {dag.py:4180} INFO - Setting next_dagrun for setup_lakehouse_infrastructure_v3 to None, run_after=None
[2026-07-26T12:34:17.163+0000] {processor.py:208} INFO - Processing /opt/airflow/dags/setup_lakehouse_infrastructure_v3.py took 0.093 seconds
[2026-07-26T12:36:52.375+0000] {processor.py:186} INFO - Started process (PID=182) to work on /opt/airflow/dags/setup_lakehouse_infrastructure_v3.py
[2026-07-26T12:36:52.377+0000] {processor.py:914} INFO - Processing file /opt/airflow/dags/setup_lakehouse_infrastructure_v3.py for tasks to queue
[2026-07-26T12:36:52.381+0000] {logging_mixin.py:190} INFO - [2026-07-26T12:36:52.381+0000] {dagbag.py:588} INFO - Filling up the DagBag from /opt/airflow/dags/setup_lakehouse_infrastructure_v3.py
[2026-07-26T12:36:52.413+0000] {processor.py:925} INFO - DAG(s) 'setup_lakehouse_infrastructure_v3' retrieved from /opt/airflow/dags/setup_lakehouse_infrastructure_v3.py
[2026-07-26T12:36:52.502+0000] {logging_mixin.py:190} INFO - [2026-07-26T12:36:52.500+0000] {override.py:1900} INFO - Created Permission View: can edit on DAG:setup_lakehouse_infrastructure_v3
[2026-07-26T12:36:52.517+0000] {logging_mixin.py:190} INFO - [2026-07-26T12:36:52.516+0000] {override.py:1900} INFO - Created Permission View: can delete on DAG:setup_lakehouse_infrastructure_v3
[2026-07-26T12:36:52.534+0000] {logging_mixin.py:190} INFO - [2026-07-26T12:36:52.533+0000] {override.py:1900} INFO - Created Permission View: can read on DAG:setup_lakehouse_infrastructure_v3
[2026-07-26T12:36:52.546+0000] {logging_mixin.py:190} INFO - [2026-07-26T12:36:52.546+0000] {override.py:1900} INFO - Created Permission View: can create on DAG Run:setup_lakehouse_infrastructure_v3
[2026-07-26T12:36:52.556+0000] {logging_mixin.py:190} INFO - [2026-07-26T12:36:52.555+0000] {override.py:1900} INFO - Created Permission View: menu access on DAG Run:setup_lakehouse_infrastructure_v3
[2026-07-26T12:36:52.566+0000] {logging_mixin.py:190} INFO - [2026-07-26T12:36:52.565+0000] {override.py:1900} INFO - Created Permission View: can delete on DAG Run:setup_lakehouse_infrastructure_v3
[2026-07-26T12:36:52.574+0000] {logging_mixin.py:190} INFO - [2026-07-26T12:36:52.574+0000] {override.py:1900} INFO - Created Permission View: can read on DAG Run:setup_lakehouse_infrastructure_v3
[2026-07-26T12:36:52.575+0000] {logging_mixin.py:190} INFO - [2026-07-26T12:36:52.575+0000] {dag.py:3239} INFO - Sync 1 DAGs
[2026-07-26T12:36:52.596+0000] {logging_mixin.py:190} INFO - [2026-07-26T12:36:52.596+0000] {dag.py:3262} INFO - Creating ORM DAG for setup_lakehouse_infrastructure_v3
[2026-07-26T12:36:52.610+0000] {logging_mixin.py:190} INFO - [2026-07-26T12:36:52.609+0000] {dag.py:4180} INFO - Setting next_dagrun for setup_lakehouse_infrastructure_v3 to 2024-01-01 00:00:00+00:00, run_after=2024-01-01 00:00:00+00:00
[2026-07-26T12:36:52.640+0000] {processor.py:208} INFO - Processing /opt/airflow/dags/setup_lakehouse_infrastructure_v3.py took 0.270 seconds
[2026-07-26T12:37:22.742+0000] {processor.py:186} INFO - Started process (PID=275) to work on /opt/airflow/dags/setup_lakehouse_infrastructure_v3.py
[2026-07-26T12:37:22.743+0000] {processor.py:914} INFO - Processing file /opt/airflow/dags/setup_lakehouse_infrastructure_v3.py for tasks to queue
[2026-07-26T12:37:22.745+0000] {logging_mixin.py:190} INFO - [2026-07-26T12:37:22.745+0000] {dagbag.py:588} INFO - Filling up the DagBag from /opt/airflow/dags/setup_lakehouse_infrastructure_v3.py
[2026-07-26T12:37:22.769+0000] {processor.py:925} INFO - DAG(s) 'setup_lakehouse_infrastructure_v3' retrieved from /opt/airflow/dags/setup_lakehouse_infrastructure_v3.py
[2026-07-26T12:37:22.796+0000] {logging_mixin.py:190} INFO - [2026-07-26T12:37:22.795+0000] {dag.py:3239} INFO - Sync 1 DAGs
[2026-07-26T12:37:22.819+0000] {logging_mixin.py:190} INFO - [2026-07-26T12:37:22.819+0000] {dag.py:4180} INFO - Setting next_dagrun for setup_lakehouse_infrastructure_v3 to 2024-01-01 00:00:00+00:00, run_after=2024-01-01 00:00:00+00:00
[2026-07-26T12:37:22.837+0000] {processor.py:208} INFO - Processing /opt/airflow/dags/setup_lakehouse_infrastructure_v3.py took 0.101 seconds
[2026-07-26T12:37:52.962+0000] {processor.py:186} INFO - Started process (PID=363) to work on /opt/airflow/dags/setup_lakehouse_infrastructure_v3.py
[2026-07-26T12:37:52.963+0000] {processor.py:914} INFO - Processing file /opt/airflow/dags/setup_lakehouse_infrastructure_v3.py for tasks to queue
[2026-07-26T12:37:52.965+0000] {logging_mixin.py:190} INFO - [2026-07-26T12:37:52.965+0000] {dagbag.py:588} INFO - Filling up the DagBag from /opt/airflow/dags/setup_lakehouse_infrastructure_v3.py
[2026-07-26T12:37:52.988+0000] {processor.py:925} INFO - DAG(s) 'setup_lakehouse_infrastructure_v3' retrieved from /opt/airflow/dags/setup_lakehouse_infrastructure_v3.py
[2026-07-26T12:37:53.009+0000] {logging_mixin.py:190} INFO - [2026-07-26T12:37:53.009+0000] {dag.py:3239} INFO - Sync 1 DAGs
[2026-07-26T12:37:53.029+0000] {logging_mixin.py:190} INFO - [2026-07-26T12:37:53.029+0000] {dag.py:4180} INFO - Setting next_dagrun for setup_lakehouse_infrastructure_v3 to 2024-01-01 00:00:00+00:00, run_after=2024-01-01 00:00:00+00:00
[2026-07-26T12:37:53.045+0000] {processor.py:208} INFO - Processing /opt/airflow/dags/setup_lakehouse_infrastructure_v3.py took 0.088 seconds
[2026-07-26T12:38:23.625+0000] {processor.py:186} INFO - Started process (PID=454) to work on /opt/airflow/dags/setup_lakehouse_infrastructure_v3.py
[2026-07-26T12:38:23.626+0000] {processor.py:914} INFO - Processing file /opt/airflow/dags/setup_lakehouse_infrastructure_v3.py for tasks to queue
[2026-07-26T12:38:23.629+0000] {logging_mixin.py:190} INFO - [2026-07-26T12:38:23.628+0000] {dagbag.py:588} INFO - Filling up the DagBag from /opt/airflow/dags/setup_lakehouse_infrastructure_v3.py
[2026-07-26T12:38:23.657+0000] {processor.py:925} INFO - DAG(s) 'setup_lakehouse_infrastructure_v3' retrieved from /opt/airflow/dags/setup_lakehouse_infrastructure_v3.py
[2026-07-26T12:38:23.683+0000] {logging_mixin.py:190} INFO - [2026-07-26T12:38:23.683+0000] {dag.py:3239} INFO - Sync 1 DAGs
[2026-07-26T12:38:23.704+0000] {logging_mixin.py:190} INFO - [2026-07-26T12:38:23.704+0000] {dag.py:4180} INFO - Setting next_dagrun for setup_lakehouse_infrastructure_v3 to 2024-01-01 00:00:00+00:00, run_after=2024-01-01 00:00:00+00:00
[2026-07-26T12:38:23.721+0000] {processor.py:208} INFO - Processing /opt/airflow/dags/setup_lakehouse_infrastructure_v3.py took 0.102 seconds
[2026-07-26T12:38:54.110+0000] {processor.py:186} INFO - Started process (PID=597) to work on /opt/airflow/dags/setup_lakehouse_infrastructure_v3.py
[2026-07-26T12:38:54.111+0000] {processor.py:914} INFO - Processing file /opt/airflow/dags/setup_lakehouse_infrastructure_v3.py for tasks to queue
[2026-07-26T12:38:54.114+0000] {logging_mixin.py:190} INFO - [2026-07-26T12:38:54.114+0000] {dagbag.py:588} INFO - Filling up the DagBag from /opt/airflow/dags/setup_lakehouse_infrastructure_v3.py
[2026-07-26T12:38:54.142+0000] {processor.py:925} INFO - DAG(s) 'setup_lakehouse_infrastructure_v3' retrieved from /opt/airflow/dags/setup_lakehouse_infrastructure_v3.py
[2026-07-26T12:38:54.170+0000] {logging_mixin.py:190} INFO - [2026-07-26T12:38:54.170+0000] {dag.py:3239} INFO - Sync 1 DAGs
[2026-07-26T12:38:54.198+0000] {logging_mixin.py:190} INFO - [2026-07-26T12:38:54.197+0000] {dag.py:4180} INFO - Setting next_dagrun for setup_lakehouse_infrastructure_v3 to None, run_after=None
[2026-07-26T12:38:54.224+0000] {processor.py:208} INFO - Processing /opt/airflow/dags/setup_lakehouse_infrastructure_v3.py took 0.122 seconds
[2026-07-26T12:39:24.584+0000] {processor.py:186} INFO - Started process (PID=979) to work on /opt/airflow/dags/setup_lakehouse_infrastructure_v3.py
[2026-07-26T12:39:24.585+0000] {processor.py:914} INFO - Processing file /opt/airflow/dags/setup_lakehouse_infrastructure_v3.py for tasks to queue
[2026-07-26T12:39:24.587+0000] {logging_mixin.py:190} INFO - [2026-07-26T12:39:24.587+0000] {dagbag.py:588} INFO - Filling up the DagBag from /opt/airflow/dags/setup_lakehouse_infrastructure_v3.py
[2026-07-26T12:39:24.613+0000] {processor.py:925} INFO - DAG(s) 'setup_lakehouse_infrastructure_v3' retrieved from /opt/airflow/dags/setup_lakehouse_infrastructure_v3.py
[2026-07-26T12:39:24.636+0000] {logging_mixin.py:190} INFO - [2026-07-26T12:39:24.636+0000] {dag.py:3239} INFO - Sync 1 DAGs
[2026-07-26T12:39:24.658+0000] {logging_mixin.py:190} INFO - [2026-07-26T12:39:24.658+0000] {dag.py:4180} INFO - Setting next_dagrun for setup_lakehouse_infrastructure_v3 to None, run_after=None
[2026-07-26T12:39:24.678+0000] {processor.py:208} INFO - Processing /opt/airflow/dags/setup_lakehouse_infrastructure_v3.py took 0.100 seconds
[2026-07-26T12:39:55.299+0000] {processor.py:186} INFO - Started process (PID=1085) to work on /opt/airflow/dags/setup_lakehouse_infrastructure_v3.py
[2026-07-26T12:39:55.300+0000] {processor.py:914} INFO - Processing file /opt/airflow/dags/setup_lakehouse_infrastructure_v3.py for tasks to queue
[2026-07-26T12:39:55.303+0000] {logging_mixin.py:190} INFO - [2026-07-26T12:39:55.302+0000] {dagbag.py:588} INFO - Filling up the DagBag from /opt/airflow/dags/setup_lakehouse_infrastructure_v3.py
[2026-07-26T12:39:55.328+0000] {processor.py:925} INFO - DAG(s) 'setup_lakehouse_infrastructure_v3' retrieved from /opt/airflow/dags/setup_lakehouse_infrastructure_v3.py
[2026-07-26T12:39:55.351+0000] {logging_mixin.py:190} INFO - [2026-07-26T12:39:55.351+0000] {dag.py:3239} INFO - Sync 1 DAGs
[2026-07-26T12:39:55.372+0000] {logging_mixin.py:190} INFO - [2026-07-26T12:39:55.371+0000] {dag.py:4180} INFO - Setting next_dagrun for setup_lakehouse_infrastructure_v3 to None, run_after=None
[2026-07-26T12:39:55.388+0000] {processor.py:208} INFO - Processing /opt/airflow/dags/setup_lakehouse_infrastructure_v3.py took 0.095 seconds
[2026-07-26T12:40:25.954+0000] {processor.py:186} INFO - Started process (PID=1206) to work on /opt/airflow/dags/setup_lakehouse_infrastructure_v3.py
[2026-07-26T12:40:25.956+0000] {processor.py:914} INFO - Processing file /opt/airflow/dags/setup_lakehouse_infrastructure_v3.py for tasks to queue
[2026-07-26T12:40:25.958+0000] {logging_mixin.py:190} INFO - [2026-07-26T12:40:25.958+0000] {dagbag.py:588} INFO - Filling up the DagBag from /opt/airflow/dags/setup_lakehouse_infrastructure_v3.py
[2026-07-26T12:40:25.994+0000] {processor.py:925} INFO - DAG(s) 'setup_lakehouse_infrastructure_v3' retrieved from /opt/airflow/dags/setup_lakehouse_infrastructure_v3.py
[2026-07-26T12:40:26.020+0000] {logging_mixin.py:190} INFO - [2026-07-26T12:40:26.020+0000] {dag.py:3239} INFO - Sync 1 DAGs
[2026-07-26T12:40:26.050+0000] {logging_mixin.py:190} INFO - [2026-07-26T12:40:26.050+0000] {dag.py:4180} INFO - Setting next_dagrun for setup_lakehouse_infrastructure_v3 to None, run_after=None
[2026-07-26T12:40:26.071+0000] {processor.py:208} INFO - Processing /opt/airflow/dags/setup_lakehouse_infrastructure_v3.py took 0.123 seconds
[2026-07-26T12:40:56.405+0000] {processor.py:186} INFO - Started process (PID=1342) to work on /opt/airflow/dags/setup_lakehouse_infrastructure_v3.py
[2026-07-26T12:40:56.406+0000] {processor.py:914} INFO - Processing file /opt/airflow/dags/setup_lakehouse_infrastructure_v3.py for tasks to queue
[2026-07-26T12:40:56.409+0000] {logging_mixin.py:190} INFO - [2026-07-26T12:40:56.409+0000] {dagbag.py:588} INFO - Filling up the DagBag from /opt/airflow/dags/setup_lakehouse_infrastructure_v3.py
[2026-07-26T12:40:56.447+0000] {processor.py:925} INFO - DAG(s) 'setup_lakehouse_infrastructure_v3' retrieved from /opt/airflow/dags/setup_lakehouse_infrastructure_v3.py
[2026-07-26T12:40:56.477+0000] {logging_mixin.py:190} INFO - [2026-07-26T12:40:56.476+0000] {dag.py:3239} INFO - Sync 1 DAGs
[2026-07-26T12:40:56.505+0000] {logging_mixin.py:190} INFO - [2026-07-26T12:40:56.504+0000] {dag.py:4180} INFO - Setting next_dagrun for setup_lakehouse_infrastructure_v3 to None, run_after=None
[2026-07-26T12:40:56.530+0000] {processor.py:208} INFO - Processing /opt/airflow/dags/setup_lakehouse_infrastructure_v3.py took 0.133 seconds
[2026-07-26T12:41:27.064+0000] {processor.py:186} INFO - Started process (PID=1491) to work on /opt/airflow/dags/setup_lakehouse_infrastructure_v3.py
[2026-07-26T12:41:27.065+0000] {processor.py:914} INFO - Processing file /opt/airflow/dags/setup_lakehouse_infrastructure_v3.py for tasks to queue
[2026-07-26T12:41:27.068+0000] {logging_mixin.py:190} INFO - [2026-07-26T12:41:27.067+0000] {dagbag.py:588} INFO - Filling up the DagBag from /opt/airflow/dags/setup_lakehouse_infrastructure_v3.py
[2026-07-26T12:41:27.092+0000] {processor.py:925} INFO - DAG(s) 'setup_lakehouse_infrastructure_v3' retrieved from /opt/airflow/dags/setup_lakehouse_infrastructure_v3.py
[2026-07-26T12:41:27.115+0000] {logging_mixin.py:190} INFO - [2026-07-26T12:41:27.115+0000] {dag.py:3239} INFO - Sync 1 DAGs
[2026-07-26T12:41:27.135+0000] {logging_mixin.py:190} INFO - [2026-07-26T12:41:27.134+0000] {dag.py:4180} INFO - Setting next_dagrun for setup_lakehouse_infrastructure_v3 to None, run_after=None
[2026-07-26T12:41:27.152+0000] {processor.py:208} INFO - Processing /opt/airflow/dags/setup_lakehouse_infrastructure_v3.py took 0.094 seconds
[2026-07-26T12:41:57.545+0000] {processor.py:186} INFO - Started process (PID=1584) to work on /opt/airflow/dags/setup_lakehouse_infrastructure_v3.py
[2026-07-26T12:41:57.546+0000] {processor.py:914} INFO - Processing file /opt/airflow/dags/setup_lakehouse_infrastructure_v3.py for tasks to queue
[2026-07-26T12:41:57.549+0000] {logging_mixin.py:190} INFO - [2026-07-26T12:41:57.548+0000] {dagbag.py:588} INFO - Filling up the DagBag from /opt/airflow/dags/setup_lakehouse_infrastructure_v3.py
[2026-07-26T12:41:57.574+0000] {processor.py:925} INFO - DAG(s) 'setup_lakehouse_infrastructure_v3' retrieved from /opt/airflow/dags/setup_lakehouse_infrastructure_v3.py
[2026-07-26T12:41:57.599+0000] {logging_mixin.py:190} INFO - [2026-07-26T12:41:57.598+0000] {dag.py:3239} INFO - Sync 1 DAGs
[2026-07-26T12:41:57.619+0000] {logging_mixin.py:190} INFO - [2026-07-26T12:41:57.619+0000] {dag.py:4180} INFO - Setting next_dagrun for setup_lakehouse_infrastructure_v3 to None, run_after=None
[2026-07-26T12:41:57.637+0000] {processor.py:208} INFO - Processing /opt/airflow/dags/setup_lakehouse_infrastructure_v3.py took 0.097 seconds
[2026-07-26T12:42:28.015+0000] {processor.py:186} INFO - Started process (PID=1690) to work on /opt/airflow/dags/setup_lakehouse_infrastructure_v3.py
[2026-07-26T12:42:28.016+0000] {processor.py:914} INFO - Processing file /opt/airflow/dags/setup_lakehouse_infrastructure_v3.py for tasks to queue
[2026-07-26T12:42:28.018+0000] {logging_mixin.py:190} INFO - [2026-07-26T12:42:28.018+0000] {dagbag.py:588} INFO - Filling up the DagBag from /opt/airflow/dags/setup_lakehouse_infrastructure_v3.py
[2026-07-26T12:42:28.043+0000] {processor.py:925} INFO - DAG(s) 'setup_lakehouse_infrastructure_v3' retrieved from /opt/airflow/dags/setup_lakehouse_infrastructure_v3.py
[2026-07-26T12:42:28.065+0000] {logging_mixin.py:190} INFO - [2026-07-26T12:42:28.064+0000] {dag.py:3239} INFO - Sync 1 DAGs
[2026-07-26T12:42:28.086+0000] {logging_mixin.py:190} INFO - [2026-07-26T12:42:28.085+0000] {dag.py:4180} INFO - Setting next_dagrun for setup_lakehouse_infrastructure_v3 to None, run_after=None
[2026-07-26T12:42:28.103+0000] {processor.py:208} INFO - Processing /opt/airflow/dags/setup_lakehouse_infrastructure_v3.py took 0.094 seconds
[2026-07-26T12:42:58.926+0000] {processor.py:186} INFO - Started process (PID=1780) to work on /opt/airflow/dags/setup_lakehouse_infrastructure_v3.py
[2026-07-26T12:42:58.927+0000] {processor.py:914} INFO - Processing file /opt/airflow/dags/setup_lakehouse_infrastructure_v3.py for tasks to queue
[2026-07-26T12:42:58.929+0000] {logging_mixin.py:190} INFO - [2026-07-26T12:42:58.929+0000] {dagbag.py:588} INFO - Filling up the DagBag from /opt/airflow/dags/setup_lakehouse_infrastructure_v3.py
[2026-07-26T12:42:58.952+0000] {processor.py:925} INFO - DAG(s) 'setup_lakehouse_infrastructure_v3' retrieved from /opt/airflow/dags/setup_lakehouse_infrastructure_v3.py
[2026-07-26T12:42:58.974+0000] {logging_mixin.py:190} INFO - [2026-07-26T12:42:58.974+0000] {dag.py:3239} INFO - Sync 1 DAGs
[2026-07-26T12:42:58.994+0000] {logging_mixin.py:190} INFO - [2026-07-26T12:42:58.994+0000] {dag.py:4180} INFO - Setting next_dagrun for setup_lakehouse_infrastructure_v3 to None, run_after=None
[2026-07-26T12:42:59.011+0000] {processor.py:208} INFO - Processing /opt/airflow/dags/setup_lakehouse_infrastructure_v3.py took 0.091 seconds
[2026-07-26T12:43:29.413+0000] {processor.py:186} INFO - Started process (PID=1873) to work on /opt/airflow/dags/setup_lakehouse_infrastructure_v3.py
[2026-07-26T12:43:29.414+0000] {processor.py:914} INFO - Processing file /opt/airflow/dags/setup_lakehouse_infrastructure_v3.py for tasks to queue
[2026-07-26T12:43:29.417+0000] {logging_mixin.py:190} INFO - [2026-07-26T12:43:29.416+0000] {dagbag.py:588} INFO - Filling up the DagBag from /opt/airflow/dags/setup_lakehouse_infrastructure_v3.py
[2026-07-26T12:43:29.441+0000] {processor.py:925} INFO - DAG(s) 'setup_lakehouse_infrastructure_v3' retrieved from /opt/airflow/dags/setup_lakehouse_infrastructure_v3.py
[2026-07-26T12:43:29.462+0000] {logging_mixin.py:190} INFO - [2026-07-26T12:43:29.462+0000] {dag.py:3239} INFO - Sync 1 DAGs
[2026-07-26T12:43:29.482+0000] {logging_mixin.py:190} INFO - [2026-07-26T12:43:29.482+0000] {dag.py:4180} INFO - Setting next_dagrun for setup_lakehouse_infrastructure_v3 to None, run_after=None
[2026-07-26T12:43:29.501+0000] {processor.py:208} INFO - Processing /opt/airflow/dags/setup_lakehouse_infrastructure_v3.py took 0.093 seconds
[2026-07-26T12:43:59.705+0000] {processor.py:186} INFO - Started process (PID=1964) to work on /opt/airflow/dags/setup_lakehouse_infrastructure_v3.py
[2026-07-26T12:43:59.706+0000] {processor.py:914} INFO - Processing file /opt/airflow/dags/setup_lakehouse_infrastructure_v3.py for tasks to queue
[2026-07-26T12:43:59.708+0000] {logging_mixin.py:190} INFO - [2026-07-26T12:43:59.708+0000] {dagbag.py:588} INFO - Filling up the DagBag from /opt/airflow/dags/setup_lakehouse_infrastructure_v3.py
[2026-07-26T12:43:59.731+0000] {processor.py:925} INFO - DAG(s) 'setup_lakehouse_infrastructure_v3' retrieved from /opt/airflow/dags/setup_lakehouse_infrastructure_v3.py
[2026-07-26T12:43:59.752+0000] {logging_mixin.py:190} INFO - [2026-07-26T12:43:59.752+0000] {dag.py:3239} INFO - Sync 1 DAGs
[2026-07-26T12:43:59.773+0000] {logging_mixin.py:190} INFO - [2026-07-26T12:43:59.772+0000] {dag.py:4180} INFO - Setting next_dagrun for setup_lakehouse_infrastructure_v3 to None, run_after=None
[2026-07-26T12:43:59.789+0000] {processor.py:208} INFO - Processing /opt/airflow/dags/setup_lakehouse_infrastructure_v3.py took 0.090 seconds
[2026-07-26T12:59:23.276+0000] {processor.py:186} INFO - Started process (PID=2052) to work on /opt/airflow/dags/setup_lakehouse_infrastructure_v3.py
[2026-07-26T12:59:23.277+0000] {processor.py:914} INFO - Processing file /opt/airflow/dags/setup_lakehouse_infrastructure_v3.py for tasks to queue
[2026-07-26T12:59:23.281+0000] {logging_mixin.py:190} INFO - [2026-07-26T12:59:23.280+0000] {dagbag.py:588} INFO - Filling up the DagBag from /opt/airflow/dags/setup_lakehouse_infrastructure_v3.py
[2026-07-26T12:59:23.308+0000] {processor.py:925} INFO - DAG(s) 'setup_lakehouse_infrastructure_v3' retrieved from /opt/airflow/dags/setup_lakehouse_infrastructure_v3.py
[2026-07-26T12:59:23.335+0000] {logging_mixin.py:190} INFO - [2026-07-26T12:59:23.335+0000] {dag.py:3239} INFO - Sync 1 DAGs
[2026-07-26T12:59:23.363+0000] {logging_mixin.py:190} INFO - [2026-07-26T12:59:23.362+0000] {dag.py:4180} INFO - Setting next_dagrun for setup_lakehouse_infrastructure_v3 to None, run_after=None
[2026-07-26T12:59:23.383+0000] {processor.py:208} INFO - Processing /opt/airflow/dags/setup_lakehouse_infrastructure_v3.py took 0.116 seconds
[2026-07-26T12:59:53.965+0000] {processor.py:186} INFO - Started process (PID=2145) to work on /opt/airflow/dags/setup_lakehouse_infrastructure_v3.py
[2026-07-26T12:59:53.966+0000] {processor.py:914} INFO - Processing file /opt/airflow/dags/setup_lakehouse_infrastructure_v3.py for tasks to queue
[2026-07-26T12:59:53.968+0000] {logging_mixin.py:190} INFO - [2026-07-26T12:59:53.968+0000] {dagbag.py:588} INFO - Filling up the DagBag from /opt/airflow/dags/setup_lakehouse_infrastructure_v3.py
[2026-07-26T12:59:53.992+0000] {processor.py:925} INFO - DAG(s) 'setup_lakehouse_infrastructure_v3' retrieved from /opt/airflow/dags/setup_lakehouse_infrastructure_v3.py
[2026-07-26T12:59:54.014+0000] {logging_mixin.py:190} INFO - [2026-07-26T12:59:54.014+0000] {dag.py:3239} INFO - Sync 1 DAGs
[2026-07-26T12:59:54.035+0000] {logging_mixin.py:190} INFO - [2026-07-26T12:59:54.034+0000] {dag.py:4180} INFO - Setting next_dagrun for setup_lakehouse_infrastructure_v3 to None, run_after=None
[2026-07-26T12:59:54.055+0000] {processor.py:208} INFO - Processing /opt/airflow/dags/setup_lakehouse_infrastructure_v3.py took 0.094 seconds
[2026-07-26T13:00:24.924+0000] {processor.py:186} INFO - Started process (PID=2238) to work on /opt/airflow/dags/setup_lakehouse_infrastructure_v3.py
[2026-07-26T13:00:24.925+0000] {processor.py:914} INFO - Processing file /opt/airflow/dags/setup_lakehouse_infrastructure_v3.py for tasks to queue
[2026-07-26T13:00:24.927+0000] {logging_mixin.py:190} INFO - [2026-07-26T13:00:24.927+0000] {dagbag.py:588} INFO - Filling up the DagBag from /opt/airflow/dags/setup_lakehouse_infrastructure_v3.py
[2026-07-26T13:00:24.952+0000] {processor.py:925} INFO - DAG(s) 'setup_lakehouse_infrastructure_v3' retrieved from /opt/airflow/dags/setup_lakehouse_infrastructure_v3.py
[2026-07-26T13:00:24.977+0000] {logging_mixin.py:190} INFO - [2026-07-26T13:00:24.977+0000] {dag.py:3239} INFO - Sync 1 DAGs
[2026-07-26T13:00:25.000+0000] {logging_mixin.py:190} INFO - [2026-07-26T13:00:24.999+0000] {dag.py:4180} INFO - Setting next_dagrun for setup_lakehouse_infrastructure_v3 to None, run_after=None
[2026-07-26T13:00:25.020+0000] {processor.py:208} INFO - Processing /opt/airflow/dags/setup_lakehouse_infrastructure_v3.py took 0.101 seconds
[2026-07-26T13:00:56.596+0000] {processor.py:186} INFO - Started process (PID=2331) to work on /opt/airflow/dags/setup_lakehouse_infrastructure_v3.py
[2026-07-26T13:00:56.598+0000] {processor.py:914} INFO - Processing file /opt/airflow/dags/setup_lakehouse_infrastructure_v3.py for tasks to queue
[2026-07-26T13:00:56.600+0000] {logging_mixin.py:190} INFO - [2026-07-26T13:00:56.600+0000] {dagbag.py:588} INFO - Filling up the DagBag from /opt/airflow/dags/setup_lakehouse_infrastructure_v3.py
[2026-07-26T13:00:56.626+0000] {processor.py:925} INFO - DAG(s) 'setup_lakehouse_infrastructure_v3' retrieved from /opt/airflow/dags/setup_lakehouse_infrastructure_v3.py
[2026-07-26T13:00:56.653+0000] {logging_mixin.py:190} INFO - [2026-07-26T13:00:56.652+0000] {dag.py:3239} INFO - Sync 1 DAGs
[2026-07-26T13:00:56.678+0000] {logging_mixin.py:190} INFO - [2026-07-26T13:00:56.678+0000] {dag.py:4180} INFO - Setting next_dagrun for setup_lakehouse_infrastructure_v3 to None, run_after=None
[2026-07-26T13:00:56.699+0000] {processor.py:208} INFO - Processing /opt/airflow/dags/setup_lakehouse_infrastructure_v3.py took 0.109 seconds
[2026-07-26T13:01:27.630+0000] {processor.py:186} INFO - Started process (PID=2431) to work on /opt/airflow/dags/setup_lakehouse_infrastructure_v3.py
[2026-07-26T13:01:27.631+0000] {processor.py:914} INFO - Processing file /opt/airflow/dags/setup_lakehouse_infrastructure_v3.py for tasks to queue
[2026-07-26T13:01:27.634+0000] {logging_mixin.py:190} INFO - [2026-07-26T13:01:27.634+0000] {dagbag.py:588} INFO - Filling up the DagBag from /opt/airflow/dags/setup_lakehouse_infrastructure_v3.py
[2026-07-26T13:01:27.660+0000] {processor.py:925} INFO - DAG(s) 'setup_lakehouse_infrastructure_v3' retrieved from /opt/airflow/dags/setup_lakehouse_infrastructure_v3.py
[2026-07-26T13:01:27.689+0000] {logging_mixin.py:190} INFO - [2026-07-26T13:01:27.689+0000] {dag.py:3239} INFO - Sync 1 DAGs
[2026-07-26T13:01:27.714+0000] {logging_mixin.py:190} INFO - [2026-07-26T13:01:27.714+0000] {dag.py:4180} INFO - Setting next_dagrun for setup_lakehouse_infrastructure_v3 to None, run_after=None
[2026-07-26T13:01:27.734+0000] {processor.py:208} INFO - Processing /opt/airflow/dags/setup_lakehouse_infrastructure_v3.py took 0.111 seconds
[2026-07-26T13:01:57.904+0000] {processor.py:186} INFO - Started process (PID=2539) to work on /opt/airflow/dags/setup_lakehouse_infrastructure_v3.py
[2026-07-26T13:01:57.905+0000] {processor.py:914} INFO - Processing file /opt/airflow/dags/setup_lakehouse_infrastructure_v3.py for tasks to queue
[2026-07-26T13:01:57.907+0000] {logging_mixin.py:190} INFO - [2026-07-26T13:01:57.907+0000] {dagbag.py:588} INFO - Filling up the DagBag from /opt/airflow/dags/setup_lakehouse_infrastructure_v3.py
[2026-07-26T13:01:57.931+0000] {processor.py:925} INFO - DAG(s) 'setup_lakehouse_infrastructure_v3' retrieved from /opt/airflow/dags/setup_lakehouse_infrastructure_v3.py
[2026-07-26T13:01:57.953+0000] {logging_mixin.py:190} INFO - [2026-07-26T13:01:57.953+0000] {dag.py:3239} INFO - Sync 1 DAGs
[2026-07-26T13:01:57.972+0000] {logging_mixin.py:190} INFO - [2026-07-26T13:01:57.972+0000] {dag.py:4180} INFO - Setting next_dagrun for setup_lakehouse_infrastructure_v3 to None, run_after=None
[2026-07-26T13:01:57.991+0000] {processor.py:208} INFO - Processing /opt/airflow/dags/setup_lakehouse_infrastructure_v3.py took 0.092 seconds
[2026-07-26T13:02:28.193+0000] {processor.py:186} INFO - Started process (PID=2627) to work on /opt/airflow/dags/setup_lakehouse_infrastructure_v3.py
[2026-07-26T13:02:28.194+0000] {processor.py:914} INFO - Processing file /opt/airflow/dags/setup_lakehouse_infrastructure_v3.py for tasks to queue
[2026-07-26T13:02:28.195+0000] {logging_mixin.py:190} INFO - [2026-07-26T13:02:28.195+0000] {dagbag.py:588} INFO - Filling up the DagBag from /opt/airflow/dags/setup_lakehouse_infrastructure_v3.py
[2026-07-26T13:02:28.226+0000] {processor.py:925} INFO - DAG(s) 'setup_lakehouse_infrastructure_v3' retrieved from /opt/airflow/dags/setup_lakehouse_infrastructure_v3.py
[2026-07-26T13:02:28.247+0000] {logging_mixin.py:190} INFO - [2026-07-26T13:02:28.247+0000] {dag.py:3239} INFO - Sync 1 DAGs
[2026-07-26T13:02:28.271+0000] {logging_mixin.py:190} INFO - [2026-07-26T13:02:28.271+0000] {dag.py:4180} INFO - Setting next_dagrun for setup_lakehouse_infrastructure_v3 to None, run_after=None
[2026-07-26T13:02:28.293+0000] {processor.py:208} INFO - Processing /opt/airflow/dags/setup_lakehouse_infrastructure_v3.py took 0.105 seconds
[2026-07-26T13:02:58.630+0000] {processor.py:186} INFO - Started process (PID=2718) to work on /opt/airflow/dags/setup_lakehouse_infrastructure_v3.py
[2026-07-26T13:02:58.631+0000] {processor.py:914} INFO - Processing file /opt/airflow/dags/setup_lakehouse_infrastructure_v3.py for tasks to queue
[2026-07-26T13:02:58.632+0000] {logging_mixin.py:190} INFO - [2026-07-26T13:02:58.632+0000] {dagbag.py:588} INFO - Filling up the DagBag from /opt/airflow/dags/setup_lakehouse_infrastructure_v3.py
[2026-07-26T13:02:58.656+0000] {processor.py:925} INFO - DAG(s) 'setup_lakehouse_infrastructure_v3' retrieved from /opt/airflow/dags/setup_lakehouse_infrastructure_v3.py
[2026-07-26T13:02:58.681+0000] {logging_mixin.py:190} INFO - [2026-07-26T13:02:58.681+0000] {dag.py:3239} INFO - Sync 1 DAGs
[2026-07-26T13:02:58.703+0000] {logging_mixin.py:190} INFO - [2026-07-26T13:02:58.703+0000] {dag.py:4180} INFO - Setting next_dagrun for setup_lakehouse_infrastructure_v3 to None, run_after=None
[2026-07-26T13:02:58.720+0000] {processor.py:208} INFO - Processing /opt/airflow/dags/setup_lakehouse_infrastructure_v3.py took 0.096 seconds
[2026-07-26T13:03:28.864+0000] {processor.py:186} INFO - Started process (PID=2808) to work on /opt/airflow/dags/setup_lakehouse_infrastructure_v3.py
[2026-07-26T13:03:28.865+0000] {processor.py:914} INFO - Processing file /opt/airflow/dags/setup_lakehouse_infrastructure_v3.py for tasks to queue
[2026-07-26T13:03:28.866+0000] {logging_mixin.py:190} INFO - [2026-07-26T13:03:28.866+0000] {dagbag.py:588} INFO - Filling up the DagBag from /opt/airflow/dags/setup_lakehouse_infrastructure_v3.py
[2026-07-26T13:03:28.891+0000] {processor.py:925} INFO - DAG(s) 'setup_lakehouse_infrastructure_v3' retrieved from /opt/airflow/dags/setup_lakehouse_infrastructure_v3.py
[2026-07-26T13:03:28.915+0000] {logging_mixin.py:190} INFO - [2026-07-26T13:03:28.915+0000] {dag.py:3239} INFO - Sync 1 DAGs
[2026-07-26T13:03:28.938+0000] {logging_mixin.py:190} INFO - [2026-07-26T13:03:28.937+0000] {dag.py:4180} INFO - Setting next_dagrun for setup_lakehouse_infrastructure_v3 to None, run_after=None
[2026-07-26T13:03:28.955+0000] {processor.py:208} INFO - Processing /opt/airflow/dags/setup_lakehouse_infrastructure_v3.py took 0.096 seconds
[2026-07-26T13:03:59.047+0000] {processor.py:186} INFO - Started process (PID=2898) to work on /opt/airflow/dags/setup_lakehouse_infrastructure_v3.py
[2026-07-26T13:03:59.048+0000] {processor.py:914} INFO - Processing file /opt/airflow/dags/setup_lakehouse_infrastructure_v3.py for tasks to queue
[2026-07-26T13:03:59.050+0000] {logging_mixin.py:190} INFO - [2026-07-26T13:03:59.050+0000] {dagbag.py:588} INFO - Filling up the DagBag from /opt/airflow/dags/setup_lakehouse_infrastructure_v3.py
[2026-07-26T13:03:59.076+0000] {processor.py:925} INFO - DAG(s) 'setup_lakehouse_infrastructure_v3' retrieved from /opt/airflow/dags/setup_lakehouse_infrastructure_v3.py
[2026-07-26T13:03:59.097+0000] {logging_mixin.py:190} INFO - [2026-07-26T13:03:59.097+0000] {dag.py:3239} INFO - Sync 1 DAGs
[2026-07-26T13:03:59.117+0000] {logging_mixin.py:190} INFO - [2026-07-26T13:03:59.117+0000] {dag.py:4180} INFO - Setting next_dagrun for setup_lakehouse_infrastructure_v3 to None, run_after=None
[2026-07-26T13:03:59.141+0000] {processor.py:208} INFO - Processing /opt/airflow/dags/setup_lakehouse_infrastructure_v3.py took 0.098 seconds
[2026-07-26T13:04:29.355+0000] {processor.py:186} INFO - Started process (PID=2991) to work on /opt/airflow/dags/setup_lakehouse_infrastructure_v3.py
[2026-07-26T13:04:29.356+0000] {processor.py:914} INFO - Processing file /opt/airflow/dags/setup_lakehouse_infrastructure_v3.py for tasks to queue
[2026-07-26T13:04:29.358+0000] {logging_mixin.py:190} INFO - [2026-07-26T13:04:29.358+0000] {dagbag.py:588} INFO - Filling up the DagBag from /opt/airflow/dags/setup_lakehouse_infrastructure_v3.py
[2026-07-26T13:04:29.396+0000] {processor.py:925} INFO - DAG(s) 'setup_lakehouse_infrastructure_v3' retrieved from /opt/airflow/dags/setup_lakehouse_infrastructure_v3.py
[2026-07-26T13:04:29.427+0000] {logging_mixin.py:190} INFO - [2026-07-26T13:04:29.427+0000] {dag.py:3239} INFO - Sync 1 DAGs
[2026-07-26T13:04:29.451+0000] {logging_mixin.py:190} INFO - [2026-07-26T13:04:29.451+0000] {dag.py:4180} INFO - Setting next_dagrun for setup_lakehouse_infrastructure_v3 to None, run_after=None
[2026-07-26T13:04:29.478+0000] {processor.py:208} INFO - Processing /opt/airflow/dags/setup_lakehouse_infrastructure_v3.py took 0.130 seconds
[2026-07-26T13:04:59.824+0000] {processor.py:186} INFO - Started process (PID=3084) to work on /opt/airflow/dags/setup_lakehouse_infrastructure_v3.py
[2026-07-26T13:04:59.825+0000] {processor.py:914} INFO - Processing file /opt/airflow/dags/setup_lakehouse_infrastructure_v3.py for tasks to queue
[2026-07-26T13:04:59.826+0000] {logging_mixin.py:190} INFO - [2026-07-26T13:04:59.826+0000] {dagbag.py:588} INFO - Filling up the DagBag from /opt/airflow/dags/setup_lakehouse_infrastructure_v3.py
[2026-07-26T13:04:59.851+0000] {processor.py:925} INFO - DAG(s) 'setup_lakehouse_infrastructure_v3' retrieved from /opt/airflow/dags/setup_lakehouse_infrastructure_v3.py
[2026-07-26T13:04:59.872+0000] {logging_mixin.py:190} INFO - [2026-07-26T13:04:59.872+0000] {dag.py:3239} INFO - Sync 1 DAGs
[2026-07-26T13:04:59.893+0000] {logging_mixin.py:190} INFO - [2026-07-26T13:04:59.892+0000] {dag.py:4180} INFO - Setting next_dagrun for setup_lakehouse_infrastructure_v3 to None, run_after=None
[2026-07-26T13:04:59.908+0000] {processor.py:208} INFO - Processing /opt/airflow/dags/setup_lakehouse_infrastructure_v3.py took 0.090 seconds
[2026-07-26T13:05:30.192+0000] {processor.py:186} INFO - Started process (PID=3175) to work on /opt/airflow/dags/setup_lakehouse_infrastructure_v3.py
[2026-07-26T13:05:30.193+0000] {processor.py:914} INFO - Processing file /opt/airflow/dags/setup_lakehouse_infrastructure_v3.py for tasks to queue
[2026-07-26T13:05:30.194+0000] {logging_mixin.py:190} INFO - [2026-07-26T13:05:30.194+0000] {dagbag.py:588} INFO - Filling up the DagBag from /opt/airflow/dags/setup_lakehouse_infrastructure_v3.py
[2026-07-26T13:05:30.219+0000] {processor.py:925} INFO - DAG(s) 'setup_lakehouse_infrastructure_v3' retrieved from /opt/airflow/dags/setup_lakehouse_infrastructure_v3.py
[2026-07-26T13:05:30.242+0000] {logging_mixin.py:190} INFO - [2026-07-26T13:05:30.242+0000] {dag.py:3239} INFO - Sync 1 DAGs
[2026-07-26T13:05:30.271+0000] {logging_mixin.py:190} INFO - [2026-07-26T13:05:30.270+0000] {dag.py:4180} INFO - Setting next_dagrun for setup_lakehouse_infrastructure_v3 to None, run_after=None
[2026-07-26T13:05:30.297+0000] {processor.py:208} INFO - Processing /opt/airflow/dags/setup_lakehouse_infrastructure_v3.py took 0.112 seconds
[2026-07-26T13:06:00.935+0000] {processor.py:186} INFO - Started process (PID=3265) to work on /opt/airflow/dags/setup_lakehouse_infrastructure_v3.py
[2026-07-26T13:06:00.937+0000] {processor.py:914} INFO - Processing file /opt/airflow/dags/setup_lakehouse_infrastructure_v3.py for tasks to queue
[2026-07-26T13:06:00.938+0000] {logging_mixin.py:190} INFO - [2026-07-26T13:06:00.937+0000] {dagbag.py:588} INFO - Filling up the DagBag from /opt/airflow/dags/setup_lakehouse_infrastructure_v3.py
[2026-07-26T13:06:00.955+0000] {processor.py:925} INFO - DAG(s) 'setup_lakehouse_infrastructure_v3' retrieved from /opt/airflow/dags/setup_lakehouse_infrastructure_v3.py
[2026-07-26T13:06:00.976+0000] {logging_mixin.py:190} INFO - [2026-07-26T13:06:00.976+0000] {dag.py:3239} INFO - Sync 1 DAGs
[2026-07-26T13:06:00.997+0000] {logging_mixin.py:190} INFO - [2026-07-26T13:06:00.997+0000] {dag.py:4180} INFO - Setting next_dagrun for setup_lakehouse_infrastructure_v3 to None, run_after=None
[2026-07-26T13:06:01.020+0000] {processor.py:208} INFO - Processing /opt/airflow/dags/setup_lakehouse_infrastructure_v3.py took 0.090 seconds
[2026-07-26T13:06:31.234+0000] {processor.py:186} INFO - Started process (PID=3358) to work on /opt/airflow/dags/setup_lakehouse_infrastructure_v3.py
[2026-07-26T13:06:31.235+0000] {processor.py:914} INFO - Processing file /opt/airflow/dags/setup_lakehouse_infrastructure_v3.py for tasks to queue
[2026-07-26T13:06:31.236+0000] {logging_mixin.py:190} INFO - [2026-07-26T13:06:31.236+0000] {dagbag.py:588} INFO - Filling up the DagBag from /opt/airflow/dags/setup_lakehouse_infrastructure_v3.py
[2026-07-26T13:06:31.260+0000] {processor.py:925} INFO - DAG(s) 'setup_lakehouse_infrastructure_v3' retrieved from /opt/airflow/dags/setup_lakehouse_infrastructure_v3.py
[2026-07-26T13:06:31.282+0000] {logging_mixin.py:190} INFO - [2026-07-26T13:06:31.281+0000] {dag.py:3239} INFO - Sync 1 DAGs
[2026-07-26T13:06:31.301+0000] {logging_mixin.py:190} INFO - [2026-07-26T13:06:31.301+0000] {dag.py:4180} INFO - Setting next_dagrun for setup_lakehouse_infrastructure_v3 to None, run_after=None
[2026-07-26T13:06:31.321+0000] {processor.py:208} INFO - Processing /opt/airflow/dags/setup_lakehouse_infrastructure_v3.py took 0.094 seconds
[2026-07-26T13:07:01.601+0000] {processor.py:186} INFO - Started process (PID=3451) to work on /opt/airflow/dags/setup_lakehouse_infrastructure_v3.py
[2026-07-26T13:07:01.603+0000] {processor.py:914} INFO - Processing file /opt/airflow/dags/setup_lakehouse_infrastructure_v3.py for tasks to queue
[2026-07-26T13:07:01.604+0000] {logging_mixin.py:190} INFO - [2026-07-26T13:07:01.603+0000] {dagbag.py:588} INFO - Filling up the DagBag from /opt/airflow/dags/setup_lakehouse_infrastructure_v3.py
[2026-07-26T13:07:01.619+0000] {processor.py:925} INFO - DAG(s) 'setup_lakehouse_infrastructure_v3' retrieved from /opt/airflow/dags/setup_lakehouse_infrastructure_v3.py
[2026-07-26T13:07:01.641+0000] {logging_mixin.py:190} INFO - [2026-07-26T13:07:01.641+0000] {dag.py:3239} INFO - Sync 1 DAGs
[2026-07-26T13:07:01.661+0000] {logging_mixin.py:190} INFO - [2026-07-26T13:07:01.661+0000] {dag.py:4180} INFO - Setting next_dagrun for setup_lakehouse_infrastructure_v3 to None, run_after=None
[2026-07-26T13:07:01.681+0000] {processor.py:208} INFO - Processing /opt/airflow/dags/setup_lakehouse_infrastructure_v3.py took 0.085 seconds
[2026-07-26T13:07:32.398+0000] {processor.py:186} INFO - Started process (PID=3542) to work on /opt/airflow/dags/setup_lakehouse_infrastructure_v3.py
[2026-07-26T13:07:32.399+0000] {processor.py:914} INFO - Processing file /opt/airflow/dags/setup_lakehouse_infrastructure_v3.py for tasks to queue
[2026-07-26T13:07:32.400+0000] {logging_mixin.py:190} INFO - [2026-07-26T13:07:32.400+0000] {dagbag.py:588} INFO - Filling up the DagBag from /opt/airflow/dags/setup_lakehouse_infrastructure_v3.py
[2026-07-26T13:07:32.421+0000] {processor.py:925} INFO - DAG(s) 'setup_lakehouse_infrastructure_v3' retrieved from /opt/airflow/dags/setup_lakehouse_infrastructure_v3.py
[2026-07-26T13:07:32.441+0000] {logging_mixin.py:190} INFO - [2026-07-26T13:07:32.441+0000] {dag.py:3239} INFO - Sync 1 DAGs
[2026-07-26T13:07:32.461+0000] {logging_mixin.py:190} INFO - [2026-07-26T13:07:32.461+0000] {dag.py:4180} INFO - Setting next_dagrun for setup_lakehouse_infrastructure_v3 to None, run_after=None
[2026-07-26T13:07:32.477+0000] {processor.py:208} INFO - Processing /opt/airflow/dags/setup_lakehouse_infrastructure_v3.py took 0.085 seconds
[2026-07-26T13:08:02.561+0000] {processor.py:186} INFO - Started process (PID=3632) to work on /opt/airflow/dags/setup_lakehouse_infrastructure_v3.py
[2026-07-26T13:08:02.562+0000] {processor.py:914} INFO - Processing file /opt/airflow/dags/setup_lakehouse_infrastructure_v3.py for tasks to queue
[2026-07-26T13:08:02.564+0000] {logging_mixin.py:190} INFO - [2026-07-26T13:08:02.564+0000] {dagbag.py:588} INFO - Filling up the DagBag from /opt/airflow/dags/setup_lakehouse_infrastructure_v3.py
[2026-07-26T13:08:02.590+0000] {processor.py:925} INFO - DAG(s) 'setup_lakehouse_infrastructure_v3' retrieved from /opt/airflow/dags/setup_lakehouse_infrastructure_v3.py
[2026-07-26T13:08:02.611+0000] {logging_mixin.py:190} INFO - [2026-07-26T13:08:02.611+0000] {dag.py:3239} INFO - Sync 1 DAGs
[2026-07-26T13:08:02.631+0000] {logging_mixin.py:190} INFO - [2026-07-26T13:08:02.631+0000] {dag.py:4180} INFO - Setting next_dagrun for setup_lakehouse_infrastructure_v3 to None, run_after=None
[2026-07-26T13:08:02.652+0000] {processor.py:208} INFO - Processing /opt/airflow/dags/setup_lakehouse_infrastructure_v3.py took 0.096 seconds
[2026-07-26T13:08:32.840+0000] {processor.py:186} INFO - Started process (PID=3725) to work on /opt/airflow/dags/setup_lakehouse_infrastructure_v3.py
[2026-07-26T13:08:32.841+0000] {processor.py:914} INFO - Processing file /opt/airflow/dags/setup_lakehouse_infrastructure_v3.py for tasks to queue
[2026-07-26T13:08:32.842+0000] {logging_mixin.py:190} INFO - [2026-07-26T13:08:32.842+0000] {dagbag.py:588} INFO - Filling up the DagBag from /opt/airflow/dags/setup_lakehouse_infrastructure_v3.py
[2026-07-26T13:08:32.868+0000] {processor.py:925} INFO - DAG(s) 'setup_lakehouse_infrastructure_v3' retrieved from /opt/airflow/dags/setup_lakehouse_infrastructure_v3.py
[2026-07-26T13:08:32.888+0000] {logging_mixin.py:190} INFO - [2026-07-26T13:08:32.887+0000] {dag.py:3239} INFO - Sync 1 DAGs
[2026-07-26T13:08:32.907+0000] {logging_mixin.py:190} INFO - [2026-07-26T13:08:32.907+0000] {dag.py:4180} INFO - Setting next_dagrun for setup_lakehouse_infrastructure_v3 to None, run_after=None
[2026-07-26T13:08:32.927+0000] {processor.py:208} INFO - Processing /opt/airflow/dags/setup_lakehouse_infrastructure_v3.py took 0.093 seconds
[2026-07-26T13:09:03.603+0000] {processor.py:186} INFO - Started process (PID=3816) to work on /opt/airflow/dags/setup_lakehouse_infrastructure_v3.py
[2026-07-26T13:09:03.604+0000] {processor.py:914} INFO - Processing file /opt/airflow/dags/setup_lakehouse_infrastructure_v3.py for tasks to queue
[2026-07-26T13:09:03.605+0000] {logging_mixin.py:190} INFO - [2026-07-26T13:09:03.605+0000] {dagbag.py:588} INFO - Filling up the DagBag from /opt/airflow/dags/setup_lakehouse_infrastructure_v3.py
[2026-07-26T13:09:03.627+0000] {processor.py:925} INFO - DAG(s) 'setup_lakehouse_infrastructure_v3' retrieved from /opt/airflow/dags/setup_lakehouse_infrastructure_v3.py
[2026-07-26T13:09:03.647+0000] {logging_mixin.py:190} INFO - [2026-07-26T13:09:03.647+0000] {dag.py:3239} INFO - Sync 1 DAGs
[2026-07-26T13:09:03.672+0000] {logging_mixin.py:190} INFO - [2026-07-26T13:09:03.671+0000] {dag.py:4180} INFO - Setting next_dagrun for setup_lakehouse_infrastructure_v3 to None, run_after=None
[2026-07-26T13:09:03.698+0000] {processor.py:208} INFO - Processing /opt/airflow/dags/setup_lakehouse_infrastructure_v3.py took 0.100 seconds
[2026-07-26T13:09:33.828+0000] {processor.py:186} INFO - Started process (PID=3906) to work on /opt/airflow/dags/setup_lakehouse_infrastructure_v3.py
[2026-07-26T13:09:33.829+0000] {processor.py:914} INFO - Processing file /opt/airflow/dags/setup_lakehouse_infrastructure_v3.py for tasks to queue
[2026-07-26T13:09:33.830+0000] {logging_mixin.py:190} INFO - [2026-07-26T13:09:33.830+0000] {dagbag.py:588} INFO - Filling up the DagBag from /opt/airflow/dags/setup_lakehouse_infrastructure_v3.py
[2026-07-26T13:09:33.855+0000] {processor.py:925} INFO - DAG(s) 'setup_lakehouse_infrastructure_v3' retrieved from /opt/airflow/dags/setup_lakehouse_infrastructure_v3.py
[2026-07-26T13:09:33.875+0000] {logging_mixin.py:190} INFO - [2026-07-26T13:09:33.875+0000] {dag.py:3239} INFO - Sync 1 DAGs
[2026-07-26T13:09:33.896+0000] {logging_mixin.py:190} INFO - [2026-07-26T13:09:33.896+0000] {dag.py:4180} INFO - Setting next_dagrun for setup_lakehouse_infrastructure_v3 to None, run_after=None
[2026-07-26T13:09:33.913+0000] {processor.py:208} INFO - Processing /opt/airflow/dags/setup_lakehouse_infrastructure_v3.py took 0.091 seconds
[2026-07-26T13:20:34.112+0000] {processor.py:186} INFO - Started process (PID=3929) to work on /opt/airflow/dags/setup_lakehouse_infrastructure_v3.py
[2026-07-26T13:20:34.113+0000] {processor.py:914} INFO - Processing file /opt/airflow/dags/setup_lakehouse_infrastructure_v3.py for tasks to queue
[2026-07-26T13:20:34.116+0000] {logging_mixin.py:190} INFO - [2026-07-26T13:20:34.115+0000] {dagbag.py:588} INFO - Filling up the DagBag from /opt/airflow/dags/setup_lakehouse_infrastructure_v3.py
[2026-07-26T13:20:34.148+0000] {processor.py:925} INFO - DAG(s) 'setup_lakehouse_infrastructure_v3' retrieved from /opt/airflow/dags/setup_lakehouse_infrastructure_v3.py
[2026-07-26T13:20:34.192+0000] {logging_mixin.py:190} INFO - [2026-07-26T13:20:34.191+0000] {dag.py:3239} INFO - Sync 1 DAGs
[2026-07-26T13:20:34.234+0000] {logging_mixin.py:190} INFO - [2026-07-26T13:20:34.233+0000] {dag.py:4180} INFO - Setting next_dagrun for setup_lakehouse_infrastructure_v3 to None, run_after=None
[2026-07-26T13:20:34.265+0000] {processor.py:208} INFO - Processing /opt/airflow/dags/setup_lakehouse_infrastructure_v3.py took 0.164 seconds
[2026-07-26T13:21:05.363+0000] {processor.py:186} INFO - Started process (PID=4020) to work on /opt/airflow/dags/setup_lakehouse_infrastructure_v3.py
[2026-07-26T13:21:05.364+0000] {processor.py:914} INFO - Processing file /opt/airflow/dags/setup_lakehouse_infrastructure_v3.py for tasks to queue
[2026-07-26T13:21:05.365+0000] {logging_mixin.py:190} INFO - [2026-07-26T13:21:05.365+0000] {dagbag.py:588} INFO - Filling up the DagBag from /opt/airflow/dags/setup_lakehouse_infrastructure_v3.py
[2026-07-26T13:21:05.396+0000] {processor.py:925} INFO - DAG(s) 'setup_lakehouse_infrastructure_v3' retrieved from /opt/airflow/dags/setup_lakehouse_infrastructure_v3.py
[2026-07-26T13:21:05.419+0000] {logging_mixin.py:190} INFO - [2026-07-26T13:21:05.419+0000] {dag.py:3239} INFO - Sync 1 DAGs
[2026-07-26T13:21:05.442+0000] {logging_mixin.py:190} INFO - [2026-07-26T13:21:05.442+0000] {dag.py:4180} INFO - Setting next_dagrun for setup_lakehouse_infrastructure_v3 to None, run_after=None
[2026-07-26T13:21:05.477+0000] {processor.py:208} INFO - Processing /opt/airflow/dags/setup_lakehouse_infrastructure_v3.py took 0.121 seconds
[2026-07-26T13:44:54.444+0000] {processor.py:186} INFO - Started process (PID=182) to work on /opt/airflow/dags/setup_lakehouse_infrastructure_v3.py
[2026-07-26T13:44:54.446+0000] {processor.py:914} INFO - Processing file /opt/airflow/dags/setup_lakehouse_infrastructure_v3.py for tasks to queue
[2026-07-26T13:44:54.451+0000] {logging_mixin.py:190} INFO - [2026-07-26T13:44:54.450+0000] {dagbag.py:588} INFO - Filling up the DagBag from /opt/airflow/dags/setup_lakehouse_infrastructure_v3.py
[2026-07-26T13:44:54.486+0000] {processor.py:925} INFO - DAG(s) 'setup_lakehouse_infrastructure_v3' retrieved from /opt/airflow/dags/setup_lakehouse_infrastructure_v3.py
[2026-07-26T13:44:54.539+0000] {logging_mixin.py:190} INFO - [2026-07-26T13:44:54.538+0000] {dag.py:3239} INFO - Sync 1 DAGs
[2026-07-26T13:44:54.585+0000] {logging_mixin.py:190} INFO - [2026-07-26T13:44:54.585+0000] {dag.py:4180} INFO - Setting next_dagrun for setup_lakehouse_infrastructure_v3 to None, run_after=None
[2026-07-26T13:44:54.623+0000] {processor.py:208} INFO - Processing /opt/airflow/dags/setup_lakehouse_infrastructure_v3.py took 0.189 seconds
[2026-07-26T13:45:24.682+0000] {processor.py:186} INFO - Started process (PID=275) to work on /opt/airflow/dags/setup_lakehouse_infrastructure_v3.py
[2026-07-26T13:45:24.683+0000] {processor.py:914} INFO - Processing file /opt/airflow/dags/setup_lakehouse_infrastructure_v3.py for tasks to queue
[2026-07-26T13:45:24.686+0000] {logging_mixin.py:190} INFO - [2026-07-26T13:45:24.686+0000] {dagbag.py:588} INFO - Filling up the DagBag from /opt/airflow/dags/setup_lakehouse_infrastructure_v3.py
[2026-07-26T13:45:24.711+0000] {processor.py:925} INFO - DAG(s) 'setup_lakehouse_infrastructure_v3' retrieved from /opt/airflow/dags/setup_lakehouse_infrastructure_v3.py
[2026-07-26T13:45:24.734+0000] {logging_mixin.py:190} INFO - [2026-07-26T13:45:24.734+0000] {dag.py:3239} INFO - Sync 1 DAGs
[2026-07-26T13:45:24.758+0000] {logging_mixin.py:190} INFO - [2026-07-26T13:45:24.758+0000] {dag.py:4180} INFO - Setting next_dagrun for setup_lakehouse_infrastructure_v3 to None, run_after=None
[2026-07-26T13:45:24.778+0000] {processor.py:208} INFO - Processing /opt/airflow/dags/setup_lakehouse_infrastructure_v3.py took 0.103 seconds
[2026-07-26T13:45:54.941+0000] {processor.py:186} INFO - Started process (PID=363) to work on /opt/airflow/dags/setup_lakehouse_infrastructure_v3.py
[2026-07-26T13:45:54.942+0000] {processor.py:914} INFO - Processing file /opt/airflow/dags/setup_lakehouse_infrastructure_v3.py for tasks to queue
[2026-07-26T13:45:54.944+0000] {logging_mixin.py:190} INFO - [2026-07-26T13:45:54.943+0000] {dagbag.py:588} INFO - Filling up the DagBag from /opt/airflow/dags/setup_lakehouse_infrastructure_v3.py
[2026-07-26T13:45:54.966+0000] {processor.py:925} INFO - DAG(s) 'setup_lakehouse_infrastructure_v3' retrieved from /opt/airflow/dags/setup_lakehouse_infrastructure_v3.py
[2026-07-26T13:45:54.987+0000] {logging_mixin.py:190} INFO - [2026-07-26T13:45:54.987+0000] {dag.py:3239} INFO - Sync 1 DAGs
[2026-07-26T13:45:55.007+0000] {logging_mixin.py:190} INFO - [2026-07-26T13:45:55.007+0000] {dag.py:4180} INFO - Setting next_dagrun for setup_lakehouse_infrastructure_v3 to None, run_after=None
[2026-07-26T13:45:55.024+0000] {processor.py:208} INFO - Processing /opt/airflow/dags/setup_lakehouse_infrastructure_v3.py took 0.088 seconds
[2026-07-26T13:46:25.666+0000] {processor.py:186} INFO - Started process (PID=454) to work on /opt/airflow/dags/setup_lakehouse_infrastructure_v3.py
[2026-07-26T13:46:25.667+0000] {processor.py:914} INFO - Processing file /opt/airflow/dags/setup_lakehouse_infrastructure_v3.py for tasks to queue
[2026-07-26T13:46:25.668+0000] {logging_mixin.py:190} INFO - [2026-07-26T13:46:25.668+0000] {dagbag.py:588} INFO - Filling up the DagBag from /opt/airflow/dags/setup_lakehouse_infrastructure_v3.py
[2026-07-26T13:46:25.694+0000] {processor.py:925} INFO - DAG(s) 'setup_lakehouse_infrastructure_v3' retrieved from /opt/airflow/dags/setup_lakehouse_infrastructure_v3.py
[2026-07-26T13:46:25.718+0000] {logging_mixin.py:190} INFO - [2026-07-26T13:46:25.717+0000] {dag.py:3239} INFO - Sync 1 DAGs
[2026-07-26T13:46:25.740+0000] {logging_mixin.py:190} INFO - [2026-07-26T13:46:25.740+0000] {dag.py:4180} INFO - Setting next_dagrun for setup_lakehouse_infrastructure_v3 to None, run_after=None
[2026-07-26T13:46:25.760+0000] {processor.py:208} INFO - Processing /opt/airflow/dags/setup_lakehouse_infrastructure_v3.py took 0.099 seconds
[2026-07-26T13:46:56.244+0000] {processor.py:186} INFO - Started process (PID=544) to work on /opt/airflow/dags/setup_lakehouse_infrastructure_v3.py
[2026-07-26T13:46:56.245+0000] {processor.py:914} INFO - Processing file /opt/airflow/dags/setup_lakehouse_infrastructure_v3.py for tasks to queue
[2026-07-26T13:46:56.247+0000] {logging_mixin.py:190} INFO - [2026-07-26T13:46:56.246+0000] {dagbag.py:588} INFO - Filling up the DagBag from /opt/airflow/dags/setup_lakehouse_infrastructure_v3.py
[2026-07-26T13:46:56.274+0000] {processor.py:925} INFO - DAG(s) 'setup_lakehouse_infrastructure_v3' retrieved from /opt/airflow/dags/setup_lakehouse_infrastructure_v3.py
[2026-07-26T13:46:56.297+0000] {logging_mixin.py:190} INFO - [2026-07-26T13:46:56.297+0000] {dag.py:3239} INFO - Sync 1 DAGs
[2026-07-26T13:46:56.318+0000] {logging_mixin.py:190} INFO - [2026-07-26T13:46:56.318+0000] {dag.py:4180} INFO - Setting next_dagrun for setup_lakehouse_infrastructure_v3 to None, run_after=None
[2026-07-26T13:46:56.337+0000] {processor.py:208} INFO - Processing /opt/airflow/dags/setup_lakehouse_infrastructure_v3.py took 0.098 seconds
[2026-07-26T13:47:26.555+0000] {processor.py:186} INFO - Started process (PID=632) to work on /opt/airflow/dags/setup_lakehouse_infrastructure_v3.py
[2026-07-26T13:47:26.555+0000] {processor.py:914} INFO - Processing file /opt/airflow/dags/setup_lakehouse_infrastructure_v3.py for tasks to queue
[2026-07-26T13:47:26.557+0000] {logging_mixin.py:190} INFO - [2026-07-26T13:47:26.556+0000] {dagbag.py:588} INFO - Filling up the DagBag from /opt/airflow/dags/setup_lakehouse_infrastructure_v3.py
[2026-07-26T13:47:26.580+0000] {processor.py:925} INFO - DAG(s) 'setup_lakehouse_infrastructure_v3' retrieved from /opt/airflow/dags/setup_lakehouse_infrastructure_v3.py
[2026-07-26T13:47:26.601+0000] {logging_mixin.py:190} INFO - [2026-07-26T13:47:26.601+0000] {dag.py:3239} INFO - Sync 1 DAGs
[2026-07-26T13:47:26.621+0000] {logging_mixin.py:190} INFO - [2026-07-26T13:47:26.621+0000] {dag.py:4180} INFO - Setting next_dagrun for setup_lakehouse_infrastructure_v3 to None, run_after=None
[2026-07-26T13:47:26.639+0000] {processor.py:208} INFO - Processing /opt/airflow/dags/setup_lakehouse_infrastructure_v3.py took 0.089 seconds
[2026-07-26T13:47:56.736+0000] {processor.py:186} INFO - Started process (PID=725) to work on /opt/airflow/dags/setup_lakehouse_infrastructure_v3.py
[2026-07-26T13:47:56.738+0000] {processor.py:914} INFO - Processing file /opt/airflow/dags/setup_lakehouse_infrastructure_v3.py for tasks to queue
[2026-07-26T13:47:56.739+0000] {logging_mixin.py:190} INFO - [2026-07-26T13:47:56.739+0000] {dagbag.py:588} INFO - Filling up the DagBag from /opt/airflow/dags/setup_lakehouse_infrastructure_v3.py
[2026-07-26T13:47:56.770+0000] {processor.py:925} INFO - DAG(s) 'setup_lakehouse_infrastructure_v3' retrieved from /opt/airflow/dags/setup_lakehouse_infrastructure_v3.py
[2026-07-26T13:47:56.791+0000] {logging_mixin.py:190} INFO - [2026-07-26T13:47:56.790+0000] {dag.py:3239} INFO - Sync 1 DAGs
[2026-07-26T13:47:56.810+0000] {logging_mixin.py:190} INFO - [2026-07-26T13:47:56.810+0000] {dag.py:4180} INFO - Setting next_dagrun for setup_lakehouse_infrastructure_v3 to None, run_after=None
[2026-07-26T13:47:56.831+0000] {processor.py:208} INFO - Processing /opt/airflow/dags/setup_lakehouse_infrastructure_v3.py took 0.099 seconds
[2026-07-26T13:48:27.418+0000] {processor.py:186} INFO - Started process (PID=816) to work on /opt/airflow/dags/setup_lakehouse_infrastructure_v3.py
[2026-07-26T13:48:27.419+0000] {processor.py:914} INFO - Processing file /opt/airflow/dags/setup_lakehouse_infrastructure_v3.py for tasks to queue
[2026-07-26T13:48:27.421+0000] {logging_mixin.py:190} INFO - [2026-07-26T13:48:27.420+0000] {dagbag.py:588} INFO - Filling up the DagBag from /opt/airflow/dags/setup_lakehouse_infrastructure_v3.py
[2026-07-26T13:48:27.455+0000] {processor.py:925} INFO - DAG(s) 'setup_lakehouse_infrastructure_v3' retrieved from /opt/airflow/dags/setup_lakehouse_infrastructure_v3.py
[2026-07-26T13:48:27.482+0000] {logging_mixin.py:190} INFO - [2026-07-26T13:48:27.481+0000] {dag.py:3239} INFO - Sync 1 DAGs
[2026-07-26T13:48:27.511+0000] {logging_mixin.py:190} INFO - [2026-07-26T13:48:27.511+0000] {dag.py:4180} INFO - Setting next_dagrun for setup_lakehouse_infrastructure_v3 to None, run_after=None
[2026-07-26T13:48:27.532+0000] {processor.py:208} INFO - Processing /opt/airflow/dags/setup_lakehouse_infrastructure_v3.py took 0.123 seconds
[2026-07-26T13:48:57.678+0000] {processor.py:186} INFO - Started process (PID=906) to work on /opt/airflow/dags/setup_lakehouse_infrastructure_v3.py
[2026-07-26T13:48:57.679+0000] {processor.py:914} INFO - Processing file /opt/airflow/dags/setup_lakehouse_infrastructure_v3.py for tasks to queue
[2026-07-26T13:48:57.680+0000] {logging_mixin.py:190} INFO - [2026-07-26T13:48:57.680+0000] {dagbag.py:588} INFO - Filling up the DagBag from /opt/airflow/dags/setup_lakehouse_infrastructure_v3.py
[2026-07-26T13:48:57.704+0000] {processor.py:925} INFO - DAG(s) 'setup_lakehouse_infrastructure_v3' retrieved from /opt/airflow/dags/setup_lakehouse_infrastructure_v3.py
[2026-07-26T13:48:57.729+0000] {logging_mixin.py:190} INFO - [2026-07-26T13:48:57.729+0000] {dag.py:3239} INFO - Sync 1 DAGs
[2026-07-26T13:48:57.754+0000] {logging_mixin.py:190} INFO - [2026-07-26T13:48:57.754+0000] {dag.py:4180} INFO - Setting next_dagrun for setup_lakehouse_infrastructure_v3 to None, run_after=None
[2026-07-26T13:48:57.773+0000] {processor.py:208} INFO - Processing /opt/airflow/dags/setup_lakehouse_infrastructure_v3.py took 0.100 seconds
[2026-07-26T13:49:28.026+0000] {processor.py:186} INFO - Started process (PID=999) to work on /opt/airflow/dags/setup_lakehouse_infrastructure_v3.py
[2026-07-26T13:49:28.027+0000] {processor.py:914} INFO - Processing file /opt/airflow/dags/setup_lakehouse_infrastructure_v3.py for tasks to queue
[2026-07-26T13:49:28.028+0000] {logging_mixin.py:190} INFO - [2026-07-26T13:49:28.028+0000] {dagbag.py:588} INFO - Filling up the DagBag from /opt/airflow/dags/setup_lakehouse_infrastructure_v3.py
[2026-07-26T13:49:28.052+0000] {processor.py:925} INFO - DAG(s) 'setup_lakehouse_infrastructure_v3' retrieved from /opt/airflow/dags/setup_lakehouse_infrastructure_v3.py
[2026-07-26T13:49:28.073+0000] {logging_mixin.py:190} INFO - [2026-07-26T13:49:28.073+0000] {dag.py:3239} INFO - Sync 1 DAGs
[2026-07-26T13:49:28.093+0000] {logging_mixin.py:190} INFO - [2026-07-26T13:49:28.093+0000] {dag.py:4180} INFO - Setting next_dagrun for setup_lakehouse_infrastructure_v3 to None, run_after=None
[2026-07-26T13:49:28.110+0000] {processor.py:208} INFO - Processing /opt/airflow/dags/setup_lakehouse_infrastructure_v3.py took 0.090 seconds
[2026-07-26T14:12:19.271+0000] {processor.py:186} INFO - Started process (PID=182) to work on /opt/airflow/dags/setup_lakehouse_infrastructure_v3.py
[2026-07-26T14:12:19.273+0000] {processor.py:914} INFO - Processing file /opt/airflow/dags/setup_lakehouse_infrastructure_v3.py for tasks to queue
[2026-07-26T14:12:19.276+0000] {logging_mixin.py:190} INFO - [2026-07-26T14:12:19.276+0000] {dagbag.py:588} INFO - Filling up the DagBag from /opt/airflow/dags/setup_lakehouse_infrastructure_v3.py
[2026-07-26T14:12:19.306+0000] {processor.py:925} INFO - DAG(s) 'setup_lakehouse_infrastructure_v3' retrieved from /opt/airflow/dags/setup_lakehouse_infrastructure_v3.py
[2026-07-26T14:12:19.352+0000] {logging_mixin.py:190} INFO - [2026-07-26T14:12:19.352+0000] {dag.py:3239} INFO - Sync 1 DAGs
[2026-07-26T14:12:19.388+0000] {logging_mixin.py:190} INFO - [2026-07-26T14:12:19.387+0000] {dag.py:4180} INFO - Setting next_dagrun for setup_lakehouse_infrastructure_v3 to None, run_after=None
[2026-07-26T14:12:19.422+0000] {processor.py:208} INFO - Processing /opt/airflow/dags/setup_lakehouse_infrastructure_v3.py took 0.158 seconds
[2026-07-26T14:12:50.356+0000] {processor.py:186} INFO - Started process (PID=275) to work on /opt/airflow/dags/setup_lakehouse_infrastructure_v3.py
[2026-07-26T14:12:50.357+0000] {processor.py:914} INFO - Processing file /opt/airflow/dags/setup_lakehouse_infrastructure_v3.py for tasks to queue
[2026-07-26T14:12:50.359+0000] {logging_mixin.py:190} INFO - [2026-07-26T14:12:50.359+0000] {dagbag.py:588} INFO - Filling up the DagBag from /opt/airflow/dags/setup_lakehouse_infrastructure_v3.py
[2026-07-26T14:12:50.382+0000] {processor.py:925} INFO - DAG(s) 'setup_lakehouse_infrastructure_v3' retrieved from /opt/airflow/dags/setup_lakehouse_infrastructure_v3.py
[2026-07-26T14:12:50.406+0000] {logging_mixin.py:190} INFO - [2026-07-26T14:12:50.406+0000] {dag.py:3239} INFO - Sync 1 DAGs
[2026-07-26T14:12:50.427+0000] {logging_mixin.py:190} INFO - [2026-07-26T14:12:50.427+0000] {dag.py:4180} INFO - Setting next_dagrun for setup_lakehouse_infrastructure_v3 to None, run_after=None
[2026-07-26T14:12:50.448+0000] {processor.py:208} INFO - Processing /opt/airflow/dags/setup_lakehouse_infrastructure_v3.py took 0.097 seconds
[2026-07-26T14:13:20.890+0000] {processor.py:186} INFO - Started process (PID=368) to work on /opt/airflow/dags/setup_lakehouse_infrastructure_v3.py
[2026-07-26T14:13:20.892+0000] {processor.py:914} INFO - Processing file /opt/airflow/dags/setup_lakehouse_infrastructure_v3.py for tasks to queue
[2026-07-26T14:13:20.896+0000] {logging_mixin.py:190} INFO - [2026-07-26T14:13:20.896+0000] {dagbag.py:588} INFO - Filling up the DagBag from /opt/airflow/dags/setup_lakehouse_infrastructure_v3.py
[2026-07-26T14:13:20.922+0000] {processor.py:925} INFO - DAG(s) 'setup_lakehouse_infrastructure_v3' retrieved from /opt/airflow/dags/setup_lakehouse_infrastructure_v3.py
[2026-07-26T14:13:20.954+0000] {logging_mixin.py:190} INFO - [2026-07-26T14:13:20.954+0000] {dag.py:3239} INFO - Sync 1 DAGs
[2026-07-26T14:13:20.978+0000] {logging_mixin.py:190} INFO - [2026-07-26T14:13:20.978+0000] {dag.py:4180} INFO - Setting next_dagrun for setup_lakehouse_infrastructure_v3 to None, run_after=None
[2026-07-26T14:13:20.998+0000] {processor.py:208} INFO - Processing /opt/airflow/dags/setup_lakehouse_infrastructure_v3.py took 0.114 seconds
[2026-07-26T14:13:51.550+0000] {processor.py:186} INFO - Started process (PID=459) to work on /opt/airflow/dags/setup_lakehouse_infrastructure_v3.py
[2026-07-26T14:13:51.552+0000] {processor.py:914} INFO - Processing file /opt/airflow/dags/setup_lakehouse_infrastructure_v3.py for tasks to queue
[2026-07-26T14:13:51.554+0000] {logging_mixin.py:190} INFO - [2026-07-26T14:13:51.554+0000] {dagbag.py:588} INFO - Filling up the DagBag from /opt/airflow/dags/setup_lakehouse_infrastructure_v3.py
[2026-07-26T14:13:51.580+0000] {processor.py:925} INFO - DAG(s) 'setup_lakehouse_infrastructure_v3' retrieved from /opt/airflow/dags/setup_lakehouse_infrastructure_v3.py
[2026-07-26T14:13:51.601+0000] {logging_mixin.py:190} INFO - [2026-07-26T14:13:51.601+0000] {dag.py:3239} INFO - Sync 1 DAGs
[2026-07-26T14:13:51.623+0000] {logging_mixin.py:190} INFO - [2026-07-26T14:13:51.622+0000] {dag.py:4180} INFO - Setting next_dagrun for setup_lakehouse_infrastructure_v3 to None, run_after=None
[2026-07-26T14:13:51.639+0000] {processor.py:208} INFO - Processing /opt/airflow/dags/setup_lakehouse_infrastructure_v3.py took 0.095 seconds
[2026-07-26T14:14:22.104+0000] {processor.py:186} INFO - Started process (PID=549) to work on /opt/airflow/dags/setup_lakehouse_infrastructure_v3.py
[2026-07-26T14:14:22.105+0000] {processor.py:914} INFO - Processing file /opt/airflow/dags/setup_lakehouse_infrastructure_v3.py for tasks to queue
[2026-07-26T14:14:22.107+0000] {logging_mixin.py:190} INFO - [2026-07-26T14:14:22.107+0000] {dagbag.py:588} INFO - Filling up the DagBag from /opt/airflow/dags/setup_lakehouse_infrastructure_v3.py
[2026-07-26T14:14:22.133+0000] {processor.py:925} INFO - DAG(s) 'setup_lakehouse_infrastructure_v3' retrieved from /opt/airflow/dags/setup_lakehouse_infrastructure_v3.py
[2026-07-26T14:14:22.159+0000] {logging_mixin.py:190} INFO - [2026-07-26T14:14:22.159+0000] {dag.py:3239} INFO - Sync 1 DAGs
[2026-07-26T14:14:22.182+0000] {logging_mixin.py:190} INFO - [2026-07-26T14:14:22.182+0000] {dag.py:4180} INFO - Setting next_dagrun for setup_lakehouse_infrastructure_v3 to None, run_after=None
[2026-07-26T14:14:22.205+0000] {processor.py:208} INFO - Processing /opt/airflow/dags/setup_lakehouse_infrastructure_v3.py took 0.106 seconds
[2026-07-26T14:14:52.701+0000] {processor.py:186} INFO - Started process (PID=642) to work on /opt/airflow/dags/setup_lakehouse_infrastructure_v3.py
[2026-07-26T14:14:52.702+0000] {processor.py:914} INFO - Processing file /opt/airflow/dags/setup_lakehouse_infrastructure_v3.py for tasks to queue
[2026-07-26T14:14:52.704+0000] {logging_mixin.py:190} INFO - [2026-07-26T14:14:52.704+0000] {dagbag.py:588} INFO - Filling up the DagBag from /opt/airflow/dags/setup_lakehouse_infrastructure_v3.py
[2026-07-26T14:14:52.730+0000] {processor.py:925} INFO - DAG(s) 'setup_lakehouse_infrastructure_v3' retrieved from /opt/airflow/dags/setup_lakehouse_infrastructure_v3.py
[2026-07-26T14:14:52.753+0000] {logging_mixin.py:190} INFO - [2026-07-26T14:14:52.752+0000] {dag.py:3239} INFO - Sync 1 DAGs
[2026-07-26T14:14:52.773+0000] {logging_mixin.py:190} INFO - [2026-07-26T14:14:52.773+0000] {dag.py:4180} INFO - Setting next_dagrun for setup_lakehouse_infrastructure_v3 to None, run_after=None
[2026-07-26T14:14:52.792+0000] {processor.py:208} INFO - Processing /opt/airflow/dags/setup_lakehouse_infrastructure_v3.py took 0.097 seconds
[2026-07-26T14:15:23.393+0000] {processor.py:186} INFO - Started process (PID=739) to work on /opt/airflow/dags/setup_lakehouse_infrastructure_v3.py
[2026-07-26T14:15:23.394+0000] {processor.py:914} INFO - Processing file /opt/airflow/dags/setup_lakehouse_infrastructure_v3.py for tasks to queue
[2026-07-26T14:15:23.397+0000] {logging_mixin.py:190} INFO - [2026-07-26T14:15:23.396+0000] {dagbag.py:588} INFO - Filling up the DagBag from /opt/airflow/dags/setup_lakehouse_infrastructure_v3.py
[2026-07-26T14:15:23.424+0000] {processor.py:925} INFO - DAG(s) 'setup_lakehouse_infrastructure_v3' retrieved from /opt/airflow/dags/setup_lakehouse_infrastructure_v3.py
[2026-07-26T14:15:23.448+0000] {logging_mixin.py:190} INFO - [2026-07-26T14:15:23.447+0000] {dag.py:3239} INFO - Sync 1 DAGs
[2026-07-26T14:15:23.473+0000] {logging_mixin.py:190} INFO - [2026-07-26T14:15:23.472+0000] {dag.py:4180} INFO - Setting next_dagrun for setup_lakehouse_infrastructure_v3 to None, run_after=None
[2026-07-26T14:15:23.494+0000] {processor.py:208} INFO - Processing /opt/airflow/dags/setup_lakehouse_infrastructure_v3.py took 0.106 seconds
[2026-07-26T14:15:53.890+0000] {processor.py:186} INFO - Started process (PID=829) to work on /opt/airflow/dags/setup_lakehouse_infrastructure_v3.py
[2026-07-26T14:15:53.891+0000] {processor.py:914} INFO - Processing file /opt/airflow/dags/setup_lakehouse_infrastructure_v3.py for tasks to queue
[2026-07-26T14:15:53.893+0000] {logging_mixin.py:190} INFO - [2026-07-26T14:15:53.893+0000] {dagbag.py:588} INFO - Filling up the DagBag from /opt/airflow/dags/setup_lakehouse_infrastructure_v3.py
[2026-07-26T14:15:53.924+0000] {processor.py:925} INFO - DAG(s) 'setup_lakehouse_infrastructure_v3' retrieved from /opt/airflow/dags/setup_lakehouse_infrastructure_v3.py
[2026-07-26T14:15:53.959+0000] {logging_mixin.py:190} INFO - [2026-07-26T14:15:53.958+0000] {dag.py:3239} INFO - Sync 1 DAGs
[2026-07-26T14:15:53.991+0000] {logging_mixin.py:190} INFO - [2026-07-26T14:15:53.991+0000] {dag.py:4180} INFO - Setting next_dagrun for setup_lakehouse_infrastructure_v3 to None, run_after=None
[2026-07-26T14:15:54.013+0000] {processor.py:208} INFO - Processing /opt/airflow/dags/setup_lakehouse_infrastructure_v3.py took 0.128 seconds
[2026-07-26T14:16:24.193+0000] {processor.py:186} INFO - Started process (PID=922) to work on /opt/airflow/dags/setup_lakehouse_infrastructure_v3.py
[2026-07-26T14:16:24.194+0000] {processor.py:914} INFO - Processing file /opt/airflow/dags/setup_lakehouse_infrastructure_v3.py for tasks to queue
[2026-07-26T14:16:24.196+0000] {logging_mixin.py:190} INFO - [2026-07-26T14:16:24.196+0000] {dagbag.py:588} INFO - Filling up the DagBag from /opt/airflow/dags/setup_lakehouse_infrastructure_v3.py
[2026-07-26T14:16:24.216+0000] {processor.py:925} INFO - DAG(s) 'setup_lakehouse_infrastructure_v3' retrieved from /opt/airflow/dags/setup_lakehouse_infrastructure_v3.py
[2026-07-26T14:16:24.242+0000] {logging_mixin.py:190} INFO - [2026-07-26T14:16:24.241+0000] {dag.py:3239} INFO - Sync 1 DAGs
[2026-07-26T14:16:24.269+0000] {logging_mixin.py:190} INFO - [2026-07-26T14:16:24.269+0000] {dag.py:4180} INFO - Setting next_dagrun for setup_lakehouse_infrastructure_v3 to None, run_after=None
[2026-07-26T14:16:24.291+0000] {processor.py:208} INFO - Processing /opt/airflow/dags/setup_lakehouse_infrastructure_v3.py took 0.103 seconds
[2026-07-26T14:16:54.402+0000] {processor.py:186} INFO - Started process (PID=1015) to work on /opt/airflow/dags/setup_lakehouse_infrastructure_v3.py
[2026-07-26T14:16:54.403+0000] {processor.py:914} INFO - Processing file /opt/airflow/dags/setup_lakehouse_infrastructure_v3.py for tasks to queue
[2026-07-26T14:16:54.405+0000] {logging_mixin.py:190} INFO - [2026-07-26T14:16:54.405+0000] {dagbag.py:588} INFO - Filling up the DagBag from /opt/airflow/dags/setup_lakehouse_infrastructure_v3.py
[2026-07-26T14:16:54.429+0000] {processor.py:925} INFO - DAG(s) 'setup_lakehouse_infrastructure_v3' retrieved from /opt/airflow/dags/setup_lakehouse_infrastructure_v3.py
[2026-07-26T14:16:54.451+0000] {logging_mixin.py:190} INFO - [2026-07-26T14:16:54.450+0000] {dag.py:3239} INFO - Sync 1 DAGs
[2026-07-26T14:16:54.471+0000] {logging_mixin.py:190} INFO - [2026-07-26T14:16:54.471+0000] {dag.py:4180} INFO - Setting next_dagrun for setup_lakehouse_infrastructure_v3 to None, run_after=None
[2026-07-26T14:16:54.512+0000] {processor.py:208} INFO - Processing /opt/airflow/dags/setup_lakehouse_infrastructure_v3.py took 0.116 seconds
[2026-07-26T14:17:24.759+0000] {processor.py:186} INFO - Started process (PID=1106) to work on /opt/airflow/dags/setup_lakehouse_infrastructure_v3.py
[2026-07-26T14:17:24.760+0000] {processor.py:914} INFO - Processing file /opt/airflow/dags/setup_lakehouse_infrastructure_v3.py for tasks to queue
[2026-07-26T14:17:24.762+0000] {logging_mixin.py:190} INFO - [2026-07-26T14:17:24.762+0000] {dagbag.py:588} INFO - Filling up the DagBag from /opt/airflow/dags/setup_lakehouse_infrastructure_v3.py
[2026-07-26T14:17:24.790+0000] {processor.py:925} INFO - DAG(s) 'setup_lakehouse_infrastructure_v3' retrieved from /opt/airflow/dags/setup_lakehouse_infrastructure_v3.py
[2026-07-26T14:17:24.816+0000] {logging_mixin.py:190} INFO - [2026-07-26T14:17:24.816+0000] {dag.py:3239} INFO - Sync 1 DAGs
[2026-07-26T14:17:24.836+0000] {logging_mixin.py:190} INFO - [2026-07-26T14:17:24.836+0000] {dag.py:4180} INFO - Setting next_dagrun for setup_lakehouse_infrastructure_v3 to None, run_after=None
[2026-07-26T14:17:24.853+0000] {processor.py:208} INFO - Processing /opt/airflow/dags/setup_lakehouse_infrastructure_v3.py took 0.100 seconds
[2026-07-26T14:17:55.140+0000] {processor.py:186} INFO - Started process (PID=1196) to work on /opt/airflow/dags/setup_lakehouse_infrastructure_v3.py
[2026-07-26T14:17:55.141+0000] {processor.py:914} INFO - Processing file /opt/airflow/dags/setup_lakehouse_infrastructure_v3.py for tasks to queue
[2026-07-26T14:17:55.144+0000] {logging_mixin.py:190} INFO - [2026-07-26T14:17:55.143+0000] {dagbag.py:588} INFO - Filling up the DagBag from /opt/airflow/dags/setup_lakehouse_infrastructure_v3.py
[2026-07-26T14:17:55.170+0000] {processor.py:925} INFO - DAG(s) 'setup_lakehouse_infrastructure_v3' retrieved from /opt/airflow/dags/setup_lakehouse_infrastructure_v3.py
[2026-07-26T14:17:55.194+0000] {logging_mixin.py:190} INFO - [2026-07-26T14:17:55.194+0000] {dag.py:3239} INFO - Sync 1 DAGs
[2026-07-26T14:17:55.222+0000] {logging_mixin.py:190} INFO - [2026-07-26T14:17:55.222+0000] {dag.py:4180} INFO - Setting next_dagrun for setup_lakehouse_infrastructure_v3 to None, run_after=None
[2026-07-26T14:17:55.253+0000] {processor.py:208} INFO - Processing /opt/airflow/dags/setup_lakehouse_infrastructure_v3.py took 0.119 seconds
[2026-07-26T14:18:26.058+0000] {processor.py:186} INFO - Started process (PID=1287) to work on /opt/airflow/dags/setup_lakehouse_infrastructure_v3.py
[2026-07-26T14:18:26.059+0000] {processor.py:914} INFO - Processing file /opt/airflow/dags/setup_lakehouse_infrastructure_v3.py for tasks to queue
[2026-07-26T14:18:26.062+0000] {logging_mixin.py:190} INFO - [2026-07-26T14:18:26.062+0000] {dagbag.py:588} INFO - Filling up the DagBag from /opt/airflow/dags/setup_lakehouse_infrastructure_v3.py
[2026-07-26T14:18:26.091+0000] {processor.py:925} INFO - DAG(s) 'setup_lakehouse_infrastructure_v3' retrieved from /opt/airflow/dags/setup_lakehouse_infrastructure_v3.py
[2026-07-26T14:18:26.115+0000] {logging_mixin.py:190} INFO - [2026-07-26T14:18:26.115+0000] {dag.py:3239} INFO - Sync 1 DAGs
[2026-07-26T14:18:26.136+0000] {logging_mixin.py:190} INFO - [2026-07-26T14:18:26.135+0000] {dag.py:4180} INFO - Setting next_dagrun for setup_lakehouse_infrastructure_v3 to None, run_after=None
[2026-07-26T14:18:26.155+0000] {processor.py:208} INFO - Processing /opt/airflow/dags/setup_lakehouse_infrastructure_v3.py took 0.104 seconds
[2026-07-26T14:18:56.638+0000] {processor.py:186} INFO - Started process (PID=1380) to work on /opt/airflow/dags/setup_lakehouse_infrastructure_v3.py
[2026-07-26T14:18:56.639+0000] {processor.py:914} INFO - Processing file /opt/airflow/dags/setup_lakehouse_infrastructure_v3.py for tasks to queue
[2026-07-26T14:18:56.641+0000] {logging_mixin.py:190} INFO - [2026-07-26T14:18:56.641+0000] {dagbag.py:588} INFO - Filling up the DagBag from /opt/airflow/dags/setup_lakehouse_infrastructure_v3.py
[2026-07-26T14:18:56.668+0000] {processor.py:925} INFO - DAG(s) 'setup_lakehouse_infrastructure_v3' retrieved from /opt/airflow/dags/setup_lakehouse_infrastructure_v3.py
[2026-07-26T14:18:56.690+0000] {logging_mixin.py:190} INFO - [2026-07-26T14:18:56.690+0000] {dag.py:3239} INFO - Sync 1 DAGs
[2026-07-26T14:18:56.712+0000] {logging_mixin.py:190} INFO - [2026-07-26T14:18:56.711+0000] {dag.py:4180} INFO - Setting next_dagrun for setup_lakehouse_infrastructure_v3 to None, run_after=None
[2026-07-26T14:18:56.731+0000] {processor.py:208} INFO - Processing /opt/airflow/dags/setup_lakehouse_infrastructure_v3.py took 0.099 seconds
[2026-07-26T14:19:27.176+0000] {processor.py:186} INFO - Started process (PID=1470) to work on /opt/airflow/dags/setup_lakehouse_infrastructure_v3.py
[2026-07-26T14:19:27.176+0000] {processor.py:914} INFO - Processing file /opt/airflow/dags/setup_lakehouse_infrastructure_v3.py for tasks to queue
[2026-07-26T14:19:27.179+0000] {logging_mixin.py:190} INFO - [2026-07-26T14:19:27.178+0000] {dagbag.py:588} INFO - Filling up the DagBag from /opt/airflow/dags/setup_lakehouse_infrastructure_v3.py
[2026-07-26T14:19:27.205+0000] {processor.py:925} INFO - DAG(s) 'setup_lakehouse_infrastructure_v3' retrieved from /opt/airflow/dags/setup_lakehouse_infrastructure_v3.py
[2026-07-26T14:19:27.226+0000] {logging_mixin.py:190} INFO - [2026-07-26T14:19:27.226+0000] {dag.py:3239} INFO - Sync 1 DAGs
[2026-07-26T14:19:27.245+0000] {logging_mixin.py:190} INFO - [2026-07-26T14:19:27.245+0000] {dag.py:4180} INFO - Setting next_dagrun for setup_lakehouse_infrastructure_v3 to None, run_after=None
[2026-07-26T14:19:27.262+0000] {processor.py:208} INFO - Processing /opt/airflow/dags/setup_lakehouse_infrastructure_v3.py took 0.092 seconds
[2026-07-26T14:19:58.111+0000] {processor.py:186} INFO - Started process (PID=1563) to work on /opt/airflow/dags/setup_lakehouse_infrastructure_v3.py
[2026-07-26T14:19:58.113+0000] {processor.py:914} INFO - Processing file /opt/airflow/dags/setup_lakehouse_infrastructure_v3.py for tasks to queue
[2026-07-26T14:19:58.116+0000] {logging_mixin.py:190} INFO - [2026-07-26T14:19:58.115+0000] {dagbag.py:588} INFO - Filling up the DagBag from /opt/airflow/dags/setup_lakehouse_infrastructure_v3.py
[2026-07-26T14:19:58.147+0000] {processor.py:925} INFO - DAG(s) 'setup_lakehouse_infrastructure_v3' retrieved from /opt/airflow/dags/setup_lakehouse_infrastructure_v3.py
[2026-07-26T14:19:58.191+0000] {logging_mixin.py:190} INFO - [2026-07-26T14:19:58.191+0000] {dag.py:3239} INFO - Sync 1 DAGs
[2026-07-26T14:19:58.226+0000] {logging_mixin.py:190} INFO - [2026-07-26T14:19:58.225+0000] {dag.py:4180} INFO - Setting next_dagrun for setup_lakehouse_infrastructure_v3 to None, run_after=None
[2026-07-26T14:19:58.261+0000] {processor.py:208} INFO - Processing /opt/airflow/dags/setup_lakehouse_infrastructure_v3.py took 0.160 seconds
[2026-07-26T14:20:28.357+0000] {processor.py:186} INFO - Started process (PID=1656) to work on /opt/airflow/dags/setup_lakehouse_infrastructure_v3.py
[2026-07-26T14:20:28.358+0000] {processor.py:914} INFO - Processing file /opt/airflow/dags/setup_lakehouse_infrastructure_v3.py for tasks to queue
[2026-07-26T14:20:28.361+0000] {logging_mixin.py:190} INFO - [2026-07-26T14:20:28.360+0000] {dagbag.py:588} INFO - Filling up the DagBag from /opt/airflow/dags/setup_lakehouse_infrastructure_v3.py
[2026-07-26T14:20:28.386+0000] {processor.py:925} INFO - DAG(s) 'setup_lakehouse_infrastructure_v3' retrieved from /opt/airflow/dags/setup_lakehouse_infrastructure_v3.py
[2026-07-26T14:20:28.409+0000] {logging_mixin.py:190} INFO - [2026-07-26T14:20:28.409+0000] {dag.py:3239} INFO - Sync 1 DAGs
[2026-07-26T14:20:28.431+0000] {logging_mixin.py:190} INFO - [2026-07-26T14:20:28.431+0000] {dag.py:4180} INFO - Setting next_dagrun for setup_lakehouse_infrastructure_v3 to None, run_after=None
[2026-07-26T14:20:28.451+0000] {processor.py:208} INFO - Processing /opt/airflow/dags/setup_lakehouse_infrastructure_v3.py took 0.101 seconds
[2026-07-26T14:20:58.962+0000] {processor.py:186} INFO - Started process (PID=1747) to work on /opt/airflow/dags/setup_lakehouse_infrastructure_v3.py
[2026-07-26T14:20:58.963+0000] {processor.py:914} INFO - Processing file /opt/airflow/dags/setup_lakehouse_infrastructure_v3.py for tasks to queue
[2026-07-26T14:20:58.966+0000] {logging_mixin.py:190} INFO - [2026-07-26T14:20:58.966+0000] {dagbag.py:588} INFO - Filling up the DagBag from /opt/airflow/dags/setup_lakehouse_infrastructure_v3.py
[2026-07-26T14:20:58.994+0000] {processor.py:925} INFO - DAG(s) 'setup_lakehouse_infrastructure_v3' retrieved from /opt/airflow/dags/setup_lakehouse_infrastructure_v3.py
[2026-07-26T14:20:59.021+0000] {logging_mixin.py:190} INFO - [2026-07-26T14:20:59.021+0000] {dag.py:3239} INFO - Sync 1 DAGs
[2026-07-26T14:20:59.044+0000] {logging_mixin.py:190} INFO - [2026-07-26T14:20:59.044+0000] {dag.py:4180} INFO - Setting next_dagrun for setup_lakehouse_infrastructure_v3 to None, run_after=None
[2026-07-26T14:20:59.065+0000] {processor.py:208} INFO - Processing /opt/airflow/dags/setup_lakehouse_infrastructure_v3.py took 0.108 seconds
[2026-07-26T14:21:29.211+0000] {processor.py:186} INFO - Started process (PID=1837) to work on /opt/airflow/dags/setup_lakehouse_infrastructure_v3.py
[2026-07-26T14:21:29.212+0000] {processor.py:914} INFO - Processing file /opt/airflow/dags/setup_lakehouse_infrastructure_v3.py for tasks to queue
[2026-07-26T14:21:29.214+0000] {logging_mixin.py:190} INFO - [2026-07-26T14:21:29.214+0000] {dagbag.py:588} INFO - Filling up the DagBag from /opt/airflow/dags/setup_lakehouse_infrastructure_v3.py
[2026-07-26T14:21:29.238+0000] {processor.py:925} INFO - DAG(s) 'setup_lakehouse_infrastructure_v3' retrieved from /opt/airflow/dags/setup_lakehouse_infrastructure_v3.py
[2026-07-26T14:21:29.259+0000] {logging_mixin.py:190} INFO - [2026-07-26T14:21:29.259+0000] {dag.py:3239} INFO - Sync 1 DAGs
[2026-07-26T14:21:29.281+0000] {logging_mixin.py:190} INFO - [2026-07-26T14:21:29.281+0000] {dag.py:4180} INFO - Setting next_dagrun for setup_lakehouse_infrastructure_v3 to None, run_after=None
[2026-07-26T14:21:29.304+0000] {processor.py:208} INFO - Processing /opt/airflow/dags/setup_lakehouse_infrastructure_v3.py took 0.098 seconds
[2026-07-26T14:21:59.818+0000] {processor.py:186} INFO - Started process (PID=1930) to work on /opt/airflow/dags/setup_lakehouse_infrastructure_v3.py
[2026-07-26T14:21:59.819+0000] {processor.py:914} INFO - Processing file /opt/airflow/dags/setup_lakehouse_infrastructure_v3.py for tasks to queue
[2026-07-26T14:21:59.821+0000] {logging_mixin.py:190} INFO - [2026-07-26T14:21:59.821+0000] {dagbag.py:588} INFO - Filling up the DagBag from /opt/airflow/dags/setup_lakehouse_infrastructure_v3.py
[2026-07-26T14:21:59.847+0000] {processor.py:925} INFO - DAG(s) 'setup_lakehouse_infrastructure_v3' retrieved from /opt/airflow/dags/setup_lakehouse_infrastructure_v3.py
[2026-07-26T14:21:59.873+0000] {logging_mixin.py:190} INFO - [2026-07-26T14:21:59.872+0000] {dag.py:3239} INFO - Sync 1 DAGs
[2026-07-26T14:21:59.893+0000] {logging_mixin.py:190} INFO - [2026-07-26T14:21:59.893+0000] {dag.py:4180} INFO - Setting next_dagrun for setup_lakehouse_infrastructure_v3 to None, run_after=None
[2026-07-26T14:21:59.911+0000] {processor.py:208} INFO - Processing /opt/airflow/dags/setup_lakehouse_infrastructure_v3.py took 0.099 seconds
[2026-07-26T14:22:30.573+0000] {processor.py:186} INFO - Started process (PID=2021) to work on /opt/airflow/dags/setup_lakehouse_infrastructure_v3.py
[2026-07-26T14:22:30.574+0000] {processor.py:914} INFO - Processing file /opt/airflow/dags/setup_lakehouse_infrastructure_v3.py for tasks to queue
[2026-07-26T14:22:30.576+0000] {logging_mixin.py:190} INFO - [2026-07-26T14:22:30.576+0000] {dagbag.py:588} INFO - Filling up the DagBag from /opt/airflow/dags/setup_lakehouse_infrastructure_v3.py
[2026-07-26T14:22:30.609+0000] {processor.py:925} INFO - DAG(s) 'setup_lakehouse_infrastructure_v3' retrieved from /opt/airflow/dags/setup_lakehouse_infrastructure_v3.py
[2026-07-26T14:22:30.637+0000] {logging_mixin.py:190} INFO - [2026-07-26T14:22:30.637+0000] {dag.py:3239} INFO - Sync 1 DAGs
[2026-07-26T14:22:30.661+0000] {logging_mixin.py:190} INFO - [2026-07-26T14:22:30.661+0000] {dag.py:4180} INFO - Setting next_dagrun for setup_lakehouse_infrastructure_v3 to None, run_after=None
[2026-07-26T14:22:30.690+0000] {processor.py:208} INFO - Processing /opt/airflow/dags/setup_lakehouse_infrastructure_v3.py took 0.123 seconds
[2026-07-26T14:23:00.777+0000] {processor.py:186} INFO - Started process (PID=2111) to work on /opt/airflow/dags/setup_lakehouse_infrastructure_v3.py
[2026-07-26T14:23:00.778+0000] {processor.py:914} INFO - Processing file /opt/airflow/dags/setup_lakehouse_infrastructure_v3.py for tasks to queue
[2026-07-26T14:23:00.781+0000] {logging_mixin.py:190} INFO - [2026-07-26T14:23:00.780+0000] {dagbag.py:588} INFO - Filling up the DagBag from /opt/airflow/dags/setup_lakehouse_infrastructure_v3.py
[2026-07-26T14:23:00.804+0000] {processor.py:925} INFO - DAG(s) 'setup_lakehouse_infrastructure_v3' retrieved from /opt/airflow/dags/setup_lakehouse_infrastructure_v3.py
[2026-07-26T14:23:00.826+0000] {logging_mixin.py:190} INFO - [2026-07-26T14:23:00.825+0000] {dag.py:3239} INFO - Sync 1 DAGs
[2026-07-26T14:23:00.846+0000] {logging_mixin.py:190} INFO - [2026-07-26T14:23:00.846+0000] {dag.py:4180} INFO - Setting next_dagrun for setup_lakehouse_infrastructure_v3 to None, run_after=None
[2026-07-26T14:23:00.864+0000] {processor.py:208} INFO - Processing /opt/airflow/dags/setup_lakehouse_infrastructure_v3.py took 0.092 seconds
[2026-07-26T14:23:31.668+0000] {processor.py:186} INFO - Started process (PID=2204) to work on /opt/airflow/dags/setup_lakehouse_infrastructure_v3.py
[2026-07-26T14:23:31.670+0000] {processor.py:914} INFO - Processing file /opt/airflow/dags/setup_lakehouse_infrastructure_v3.py for tasks to queue
[2026-07-26T14:23:31.673+0000] {logging_mixin.py:190} INFO - [2026-07-26T14:23:31.673+0000] {dagbag.py:588} INFO - Filling up the DagBag from /opt/airflow/dags/setup_lakehouse_infrastructure_v3.py
[2026-07-26T14:23:31.702+0000] {processor.py:925} INFO - DAG(s) 'setup_lakehouse_infrastructure_v3' retrieved from /opt/airflow/dags/setup_lakehouse_infrastructure_v3.py
[2026-07-26T14:23:31.739+0000] {logging_mixin.py:190} INFO - [2026-07-26T14:23:31.739+0000] {dag.py:3239} INFO - Sync 1 DAGs
[2026-07-26T14:23:31.767+0000] {logging_mixin.py:190} INFO - [2026-07-26T14:23:31.767+0000] {dag.py:4180} INFO - Setting next_dagrun for setup_lakehouse_infrastructure_v3 to None, run_after=None
[2026-07-26T14:23:31.786+0000] {processor.py:208} INFO - Processing /opt/airflow/dags/setup_lakehouse_infrastructure_v3.py took 0.123 seconds
[2026-07-26T14:24:02.195+0000] {processor.py:186} INFO - Started process (PID=2295) to work on /opt/airflow/dags/setup_lakehouse_infrastructure_v3.py
[2026-07-26T14:24:02.198+0000] {processor.py:914} INFO - Processing file /opt/airflow/dags/setup_lakehouse_infrastructure_v3.py for tasks to queue
[2026-07-26T14:24:02.208+0000] {logging_mixin.py:190} INFO - [2026-07-26T14:24:02.208+0000] {dagbag.py:588} INFO - Filling up the DagBag from /opt/airflow/dags/setup_lakehouse_infrastructure_v3.py
[2026-07-26T14:24:02.244+0000] {processor.py:925} INFO - DAG(s) 'setup_lakehouse_infrastructure_v3' retrieved from /opt/airflow/dags/setup_lakehouse_infrastructure_v3.py
[2026-07-26T14:24:02.274+0000] {logging_mixin.py:190} INFO - [2026-07-26T14:24:02.273+0000] {dag.py:3239} INFO - Sync 1 DAGs
[2026-07-26T14:24:02.297+0000] {logging_mixin.py:190} INFO - [2026-07-26T14:24:02.296+0000] {dag.py:4180} INFO - Setting next_dagrun for setup_lakehouse_infrastructure_v3 to None, run_after=None
[2026-07-26T14:24:02.319+0000] {processor.py:208} INFO - Processing /opt/airflow/dags/setup_lakehouse_infrastructure_v3.py took 0.136 seconds
[2026-07-26T14:24:32.631+0000] {processor.py:186} INFO - Started process (PID=2385) to work on /opt/airflow/dags/setup_lakehouse_infrastructure_v3.py
[2026-07-26T14:24:32.632+0000] {processor.py:914} INFO - Processing file /opt/airflow/dags/setup_lakehouse_infrastructure_v3.py for tasks to queue
[2026-07-26T14:24:32.636+0000] {logging_mixin.py:190} INFO - [2026-07-26T14:24:32.636+0000] {dagbag.py:588} INFO - Filling up the DagBag from /opt/airflow/dags/setup_lakehouse_infrastructure_v3.py
[2026-07-26T14:24:32.670+0000] {processor.py:925} INFO - DAG(s) 'setup_lakehouse_infrastructure_v3' retrieved from /opt/airflow/dags/setup_lakehouse_infrastructure_v3.py
[2026-07-26T14:24:32.712+0000] {logging_mixin.py:190} INFO - [2026-07-26T14:24:32.711+0000] {dag.py:3239} INFO - Sync 1 DAGs
[2026-07-26T14:24:32.752+0000] {logging_mixin.py:190} INFO - [2026-07-26T14:24:32.751+0000] {dag.py:4180} INFO - Setting next_dagrun for setup_lakehouse_infrastructure_v3 to None, run_after=None
[2026-07-26T14:24:32.781+0000] {processor.py:208} INFO - Processing /opt/airflow/dags/setup_lakehouse_infrastructure_v3.py took 0.157 seconds
[2026-07-26T14:25:03.363+0000] {processor.py:186} INFO - Started process (PID=2478) to work on /opt/airflow/dags/setup_lakehouse_infrastructure_v3.py
[2026-07-26T14:25:03.364+0000] {processor.py:914} INFO - Processing file /opt/airflow/dags/setup_lakehouse_infrastructure_v3.py for tasks to queue
[2026-07-26T14:25:03.368+0000] {logging_mixin.py:190} INFO - [2026-07-26T14:25:03.367+0000] {dagbag.py:588} INFO - Filling up the DagBag from /opt/airflow/dags/setup_lakehouse_infrastructure_v3.py
[2026-07-26T14:25:03.392+0000] {processor.py:925} INFO - DAG(s) 'setup_lakehouse_infrastructure_v3' retrieved from /opt/airflow/dags/setup_lakehouse_infrastructure_v3.py
[2026-07-26T14:25:03.415+0000] {logging_mixin.py:190} INFO - [2026-07-26T14:25:03.415+0000] {dag.py:3239} INFO - Sync 1 DAGs
[2026-07-26T14:25:03.435+0000] {logging_mixin.py:190} INFO - [2026-07-26T14:25:03.435+0000] {dag.py:4180} INFO - Setting next_dagrun for setup_lakehouse_infrastructure_v3 to None, run_after=None
[2026-07-26T14:25:03.454+0000] {processor.py:208} INFO - Processing /opt/airflow/dags/setup_lakehouse_infrastructure_v3.py took 0.096 seconds
[2026-07-26T14:25:33.644+0000] {processor.py:186} INFO - Started process (PID=2571) to work on /opt/airflow/dags/setup_lakehouse_infrastructure_v3.py
[2026-07-26T14:25:33.645+0000] {processor.py:914} INFO - Processing file /opt/airflow/dags/setup_lakehouse_infrastructure_v3.py for tasks to queue
[2026-07-26T14:25:33.648+0000] {logging_mixin.py:190} INFO - [2026-07-26T14:25:33.647+0000] {dagbag.py:588} INFO - Filling up the DagBag from /opt/airflow/dags/setup_lakehouse_infrastructure_v3.py
[2026-07-26T14:25:33.673+0000] {processor.py:925} INFO - DAG(s) 'setup_lakehouse_infrastructure_v3' retrieved from /opt/airflow/dags/setup_lakehouse_infrastructure_v3.py
[2026-07-26T14:25:33.695+0000] {logging_mixin.py:190} INFO - [2026-07-26T14:25:33.695+0000] {dag.py:3239} INFO - Sync 1 DAGs
[2026-07-26T14:25:33.715+0000] {logging_mixin.py:190} INFO - [2026-07-26T14:25:33.715+0000] {dag.py:4180} INFO - Setting next_dagrun for setup_lakehouse_infrastructure_v3 to None, run_after=None
[2026-07-26T14:25:33.734+0000] {processor.py:208} INFO - Processing /opt/airflow/dags/setup_lakehouse_infrastructure_v3.py took 0.095 seconds
[2026-07-26T14:26:04.184+0000] {processor.py:186} INFO - Started process (PID=2662) to work on /opt/airflow/dags/setup_lakehouse_infrastructure_v3.py
[2026-07-26T14:26:04.185+0000] {processor.py:914} INFO - Processing file /opt/airflow/dags/setup_lakehouse_infrastructure_v3.py for tasks to queue
[2026-07-26T14:26:04.187+0000] {logging_mixin.py:190} INFO - [2026-07-26T14:26:04.187+0000] {dagbag.py:588} INFO - Filling up the DagBag from /opt/airflow/dags/setup_lakehouse_infrastructure_v3.py
[2026-07-26T14:26:04.214+0000] {processor.py:925} INFO - DAG(s) 'setup_lakehouse_infrastructure_v3' retrieved from /opt/airflow/dags/setup_lakehouse_infrastructure_v3.py
[2026-07-26T14:26:04.237+0000] {logging_mixin.py:190} INFO - [2026-07-26T14:26:04.236+0000] {dag.py:3239} INFO - Sync 1 DAGs
[2026-07-26T14:26:04.257+0000] {logging_mixin.py:190} INFO - [2026-07-26T14:26:04.257+0000] {dag.py:4180} INFO - Setting next_dagrun for setup_lakehouse_infrastructure_v3 to None, run_after=None
[2026-07-26T14:26:04.276+0000] {processor.py:208} INFO - Processing /opt/airflow/dags/setup_lakehouse_infrastructure_v3.py took 0.098 seconds
[2026-07-26T14:26:34.449+0000] {processor.py:186} INFO - Started process (PID=2752) to work on /opt/airflow/dags/setup_lakehouse_infrastructure_v3.py
[2026-07-26T14:26:34.450+0000] {processor.py:914} INFO - Processing file /opt/airflow/dags/setup_lakehouse_infrastructure_v3.py for tasks to queue
[2026-07-26T14:26:34.452+0000] {logging_mixin.py:190} INFO - [2026-07-26T14:26:34.452+0000] {dagbag.py:588} INFO - Filling up the DagBag from /opt/airflow/dags/setup_lakehouse_infrastructure_v3.py
[2026-07-26T14:26:34.478+0000] {processor.py:925} INFO - DAG(s) 'setup_lakehouse_infrastructure_v3' retrieved from /opt/airflow/dags/setup_lakehouse_infrastructure_v3.py
[2026-07-26T14:26:34.498+0000] {logging_mixin.py:190} INFO - [2026-07-26T14:26:34.498+0000] {dag.py:3239} INFO - Sync 1 DAGs
[2026-07-26T14:26:34.518+0000] {logging_mixin.py:190} INFO - [2026-07-26T14:26:34.518+0000] {dag.py:4180} INFO - Setting next_dagrun for setup_lakehouse_infrastructure_v3 to None, run_after=None
[2026-07-26T14:26:34.538+0000] {processor.py:208} INFO - Processing /opt/airflow/dags/setup_lakehouse_infrastructure_v3.py took 0.094 seconds
[2026-07-26T14:27:05.080+0000] {processor.py:186} INFO - Started process (PID=2845) to work on /opt/airflow/dags/setup_lakehouse_infrastructure_v3.py
[2026-07-26T14:27:05.081+0000] {processor.py:914} INFO - Processing file /opt/airflow/dags/setup_lakehouse_infrastructure_v3.py for tasks to queue
[2026-07-26T14:27:05.084+0000] {logging_mixin.py:190} INFO - [2026-07-26T14:27:05.083+0000] {dagbag.py:588} INFO - Filling up the DagBag from /opt/airflow/dags/setup_lakehouse_infrastructure_v3.py
[2026-07-26T14:27:05.108+0000] {processor.py:925} INFO - DAG(s) 'setup_lakehouse_infrastructure_v3' retrieved from /opt/airflow/dags/setup_lakehouse_infrastructure_v3.py
[2026-07-26T14:27:05.131+0000] {logging_mixin.py:190} INFO - [2026-07-26T14:27:05.131+0000] {dag.py:3239} INFO - Sync 1 DAGs
[2026-07-26T14:27:05.153+0000] {logging_mixin.py:190} INFO - [2026-07-26T14:27:05.153+0000] {dag.py:4180} INFO - Setting next_dagrun for setup_lakehouse_infrastructure_v3 to None, run_after=None
[2026-07-26T14:27:05.171+0000] {processor.py:208} INFO - Processing /opt/airflow/dags/setup_lakehouse_infrastructure_v3.py took 0.096 seconds
[2026-07-26T14:27:35.576+0000] {processor.py:186} INFO - Started process (PID=2936) to work on /opt/airflow/dags/setup_lakehouse_infrastructure_v3.py
[2026-07-26T14:27:35.577+0000] {processor.py:914} INFO - Processing file /opt/airflow/dags/setup_lakehouse_infrastructure_v3.py for tasks to queue
[2026-07-26T14:27:35.580+0000] {logging_mixin.py:190} INFO - [2026-07-26T14:27:35.579+0000] {dagbag.py:588} INFO - Filling up the DagBag from /opt/airflow/dags/setup_lakehouse_infrastructure_v3.py
[2026-07-26T14:27:35.610+0000] {processor.py:925} INFO - DAG(s) 'setup_lakehouse_infrastructure_v3' retrieved from /opt/airflow/dags/setup_lakehouse_infrastructure_v3.py
[2026-07-26T14:27:35.637+0000] {logging_mixin.py:190} INFO - [2026-07-26T14:27:35.637+0000] {dag.py:3239} INFO - Sync 1 DAGs
[2026-07-26T14:27:35.677+0000] {logging_mixin.py:190} INFO - [2026-07-26T14:27:35.677+0000] {dag.py:4180} INFO - Setting next_dagrun for setup_lakehouse_infrastructure_v3 to None, run_after=None
[2026-07-26T14:27:35.711+0000] {processor.py:208} INFO - Processing /opt/airflow/dags/setup_lakehouse_infrastructure_v3.py took 0.142 seconds
[2026-07-26T14:28:05.828+0000] {processor.py:186} INFO - Started process (PID=3026) to work on /opt/airflow/dags/setup_lakehouse_infrastructure_v3.py
[2026-07-26T14:28:05.829+0000] {processor.py:914} INFO - Processing file /opt/airflow/dags/setup_lakehouse_infrastructure_v3.py for tasks to queue
[2026-07-26T14:28:05.831+0000] {logging_mixin.py:190} INFO - [2026-07-26T14:28:05.831+0000] {dagbag.py:588} INFO - Filling up the DagBag from /opt/airflow/dags/setup_lakehouse_infrastructure_v3.py
[2026-07-26T14:28:05.855+0000] {processor.py:925} INFO - DAG(s) 'setup_lakehouse_infrastructure_v3' retrieved from /opt/airflow/dags/setup_lakehouse_infrastructure_v3.py
[2026-07-26T14:28:05.877+0000] {logging_mixin.py:190} INFO - [2026-07-26T14:28:05.876+0000] {dag.py:3239} INFO - Sync 1 DAGs
[2026-07-26T14:28:05.895+0000] {logging_mixin.py:190} INFO - [2026-07-26T14:28:05.894+0000] {dag.py:4180} INFO - Setting next_dagrun for setup_lakehouse_infrastructure_v3 to None, run_after=None
[2026-07-26T14:28:05.912+0000] {processor.py:208} INFO - Processing /opt/airflow/dags/setup_lakehouse_infrastructure_v3.py took 0.093 seconds
[2026-07-26T14:28:36.021+0000] {processor.py:186} INFO - Started process (PID=3119) to work on /opt/airflow/dags/setup_lakehouse_infrastructure_v3.py
[2026-07-26T14:28:36.022+0000] {processor.py:914} INFO - Processing file /opt/airflow/dags/setup_lakehouse_infrastructure_v3.py for tasks to queue
[2026-07-26T14:28:36.024+0000] {logging_mixin.py:190} INFO - [2026-07-26T14:28:36.024+0000] {dagbag.py:588} INFO - Filling up the DagBag from /opt/airflow/dags/setup_lakehouse_infrastructure_v3.py
[2026-07-26T14:28:36.049+0000] {processor.py:925} INFO - DAG(s) 'setup_lakehouse_infrastructure_v3' retrieved from /opt/airflow/dags/setup_lakehouse_infrastructure_v3.py
[2026-07-26T14:28:36.073+0000] {logging_mixin.py:190} INFO - [2026-07-26T14:28:36.073+0000] {dag.py:3239} INFO - Sync 1 DAGs
[2026-07-26T14:28:36.096+0000] {logging_mixin.py:190} INFO - [2026-07-26T14:28:36.096+0000] {dag.py:4180} INFO - Setting next_dagrun for setup_lakehouse_infrastructure_v3 to None, run_after=None
[2026-07-26T14:28:36.114+0000] {processor.py:208} INFO - Processing /opt/airflow/dags/setup_lakehouse_infrastructure_v3.py took 0.099 seconds
[2026-07-26T14:29:06.489+0000] {processor.py:186} INFO - Started process (PID=3212) to work on /opt/airflow/dags/setup_lakehouse_infrastructure_v3.py
[2026-07-26T14:29:06.491+0000] {processor.py:914} INFO - Processing file /opt/airflow/dags/setup_lakehouse_infrastructure_v3.py for tasks to queue
[2026-07-26T14:29:06.494+0000] {logging_mixin.py:190} INFO - [2026-07-26T14:29:06.494+0000] {dagbag.py:588} INFO - Filling up the DagBag from /opt/airflow/dags/setup_lakehouse_infrastructure_v3.py
[2026-07-26T14:29:06.524+0000] {processor.py:925} INFO - DAG(s) 'setup_lakehouse_infrastructure_v3' retrieved from /opt/airflow/dags/setup_lakehouse_infrastructure_v3.py
[2026-07-26T14:29:06.546+0000] {logging_mixin.py:190} INFO - [2026-07-26T14:29:06.546+0000] {dag.py:3239} INFO - Sync 1 DAGs
[2026-07-26T14:29:06.569+0000] {logging_mixin.py:190} INFO - [2026-07-26T14:29:06.569+0000] {dag.py:4180} INFO - Setting next_dagrun for setup_lakehouse_infrastructure_v3 to None, run_after=None
[2026-07-26T14:29:06.589+0000] {processor.py:208} INFO - Processing /opt/airflow/dags/setup_lakehouse_infrastructure_v3.py took 0.107 seconds
[2026-07-26T14:29:37.276+0000] {processor.py:186} INFO - Started process (PID=3303) to work on /opt/airflow/dags/setup_lakehouse_infrastructure_v3.py
[2026-07-26T14:29:37.278+0000] {processor.py:914} INFO - Processing file /opt/airflow/dags/setup_lakehouse_infrastructure_v3.py for tasks to queue
[2026-07-26T14:29:37.280+0000] {logging_mixin.py:190} INFO - [2026-07-26T14:29:37.280+0000] {dagbag.py:588} INFO - Filling up the DagBag from /opt/airflow/dags/setup_lakehouse_infrastructure_v3.py
[2026-07-26T14:29:37.311+0000] {processor.py:925} INFO - DAG(s) 'setup_lakehouse_infrastructure_v3' retrieved from /opt/airflow/dags/setup_lakehouse_infrastructure_v3.py
[2026-07-26T14:29:37.335+0000] {logging_mixin.py:190} INFO - [2026-07-26T14:29:37.335+0000] {dag.py:3239} INFO - Sync 1 DAGs
[2026-07-26T14:29:37.356+0000] {logging_mixin.py:190} INFO - [2026-07-26T14:29:37.356+0000] {dag.py:4180} INFO - Setting next_dagrun for setup_lakehouse_infrastructure_v3 to None, run_after=None
[2026-07-26T14:29:37.373+0000] {processor.py:208} INFO - Processing /opt/airflow/dags/setup_lakehouse_infrastructure_v3.py took 0.104 seconds
[2026-07-26T14:30:07.817+0000] {processor.py:186} INFO - Started process (PID=3393) to work on /opt/airflow/dags/setup_lakehouse_infrastructure_v3.py
[2026-07-26T14:30:07.819+0000] {processor.py:914} INFO - Processing file /opt/airflow/dags/setup_lakehouse_infrastructure_v3.py for tasks to queue
[2026-07-26T14:30:07.824+0000] {logging_mixin.py:190} INFO - [2026-07-26T14:30:07.823+0000] {dagbag.py:588} INFO - Filling up the DagBag from /opt/airflow/dags/setup_lakehouse_infrastructure_v3.py
[2026-07-26T14:30:07.853+0000] {processor.py:925} INFO - DAG(s) 'setup_lakehouse_infrastructure_v3' retrieved from /opt/airflow/dags/setup_lakehouse_infrastructure_v3.py
[2026-07-26T14:30:07.879+0000] {logging_mixin.py:190} INFO - [2026-07-26T14:30:07.878+0000] {dag.py:3239} INFO - Sync 1 DAGs
[2026-07-26T14:30:07.913+0000] {logging_mixin.py:190} INFO - [2026-07-26T14:30:07.913+0000] {dag.py:4180} INFO - Setting next_dagrun for setup_lakehouse_infrastructure_v3 to None, run_after=None
[2026-07-26T14:30:07.940+0000] {processor.py:208} INFO - Processing /opt/airflow/dags/setup_lakehouse_infrastructure_v3.py took 0.132 seconds
[2026-07-26T14:30:38.254+0000] {processor.py:186} INFO - Started process (PID=3486) to work on /opt/airflow/dags/setup_lakehouse_infrastructure_v3.py
[2026-07-26T14:30:38.255+0000] {processor.py:914} INFO - Processing file /opt/airflow/dags/setup_lakehouse_infrastructure_v3.py for tasks to queue
[2026-07-26T14:30:38.257+0000] {logging_mixin.py:190} INFO - [2026-07-26T14:30:38.257+0000] {dagbag.py:588} INFO - Filling up the DagBag from /opt/airflow/dags/setup_lakehouse_infrastructure_v3.py
[2026-07-26T14:30:38.282+0000] {processor.py:925} INFO - DAG(s) 'setup_lakehouse_infrastructure_v3' retrieved from /opt/airflow/dags/setup_lakehouse_infrastructure_v3.py
[2026-07-26T14:30:38.311+0000] {logging_mixin.py:190} INFO - [2026-07-26T14:30:38.311+0000] {dag.py:3239} INFO - Sync 1 DAGs
[2026-07-26T14:30:38.338+0000] {logging_mixin.py:190} INFO - [2026-07-26T14:30:38.337+0000] {dag.py:4180} INFO - Setting next_dagrun for setup_lakehouse_infrastructure_v3 to None, run_after=None
[2026-07-26T14:30:38.361+0000] {processor.py:208} INFO - Processing /opt/airflow/dags/setup_lakehouse_infrastructure_v3.py took 0.112 seconds
[2026-07-26T14:31:09.269+0000] {processor.py:186} INFO - Started process (PID=3577) to work on /opt/airflow/dags/setup_lakehouse_infrastructure_v3.py
[2026-07-26T14:31:09.270+0000] {processor.py:914} INFO - Processing file /opt/airflow/dags/setup_lakehouse_infrastructure_v3.py for tasks to queue
[2026-07-26T14:31:09.272+0000] {logging_mixin.py:190} INFO - [2026-07-26T14:31:09.271+0000] {dagbag.py:588} INFO - Filling up the DagBag from /opt/airflow/dags/setup_lakehouse_infrastructure_v3.py
[2026-07-26T14:31:09.303+0000] {processor.py:925} INFO - DAG(s) 'setup_lakehouse_infrastructure_v3' retrieved from /opt/airflow/dags/setup_lakehouse_infrastructure_v3.py
[2026-07-26T14:31:09.327+0000] {logging_mixin.py:190} INFO - [2026-07-26T14:31:09.327+0000] {dag.py:3239} INFO - Sync 1 DAGs
[2026-07-26T14:31:09.348+0000] {logging_mixin.py:190} INFO - [2026-07-26T14:31:09.348+0000] {dag.py:4180} INFO - Setting next_dagrun for setup_lakehouse_infrastructure_v3 to None, run_after=None
[2026-07-26T14:31:09.366+0000] {processor.py:208} INFO - Processing /opt/airflow/dags/setup_lakehouse_infrastructure_v3.py took 0.103 seconds
[2026-07-26T14:31:39.415+0000] {processor.py:186} INFO - Started process (PID=3667) to work on /opt/airflow/dags/setup_lakehouse_infrastructure_v3.py
[2026-07-26T14:31:39.416+0000] {processor.py:914} INFO - Processing file /opt/airflow/dags/setup_lakehouse_infrastructure_v3.py for tasks to queue
[2026-07-26T14:31:39.418+0000] {logging_mixin.py:190} INFO - [2026-07-26T14:31:39.418+0000] {dagbag.py:588} INFO - Filling up the DagBag from /opt/airflow/dags/setup_lakehouse_infrastructure_v3.py
[2026-07-26T14:31:39.442+0000] {processor.py:925} INFO - DAG(s) 'setup_lakehouse_infrastructure_v3' retrieved from /opt/airflow/dags/setup_lakehouse_infrastructure_v3.py
[2026-07-26T14:31:39.463+0000] {logging_mixin.py:190} INFO - [2026-07-26T14:31:39.463+0000] {dag.py:3239} INFO - Sync 1 DAGs
[2026-07-26T14:31:39.492+0000] {logging_mixin.py:190} INFO - [2026-07-26T14:31:39.491+0000] {dag.py:4180} INFO - Setting next_dagrun for setup_lakehouse_infrastructure_v3 to None, run_after=None
[2026-07-26T14:31:39.508+0000] {processor.py:208} INFO - Processing /opt/airflow/dags/setup_lakehouse_infrastructure_v3.py took 0.098 seconds
[2026-07-26T14:32:09.797+0000] {processor.py:186} INFO - Started process (PID=3760) to work on /opt/airflow/dags/setup_lakehouse_infrastructure_v3.py
[2026-07-26T14:32:09.798+0000] {processor.py:914} INFO - Processing file /opt/airflow/dags/setup_lakehouse_infrastructure_v3.py for tasks to queue
[2026-07-26T14:32:09.801+0000] {logging_mixin.py:190} INFO - [2026-07-26T14:32:09.800+0000] {dagbag.py:588} INFO - Filling up the DagBag from /opt/airflow/dags/setup_lakehouse_infrastructure_v3.py
[2026-07-26T14:32:09.825+0000] {processor.py:925} INFO - DAG(s) 'setup_lakehouse_infrastructure_v3' retrieved from /opt/airflow/dags/setup_lakehouse_infrastructure_v3.py
[2026-07-26T14:32:09.846+0000] {logging_mixin.py:190} INFO - [2026-07-26T14:32:09.845+0000] {dag.py:3239} INFO - Sync 1 DAGs
[2026-07-26T14:32:09.864+0000] {logging_mixin.py:190} INFO - [2026-07-26T14:32:09.864+0000] {dag.py:4180} INFO - Setting next_dagrun for setup_lakehouse_infrastructure_v3 to None, run_after=None
[2026-07-26T14:32:09.882+0000] {processor.py:208} INFO - Processing /opt/airflow/dags/setup_lakehouse_infrastructure_v3.py took 0.090 seconds
[2026-07-26T14:32:40.152+0000] {processor.py:186} INFO - Started process (PID=3851) to work on /opt/airflow/dags/setup_lakehouse_infrastructure_v3.py
[2026-07-26T14:32:40.153+0000] {processor.py:914} INFO - Processing file /opt/airflow/dags/setup_lakehouse_infrastructure_v3.py for tasks to queue
[2026-07-26T14:32:40.155+0000] {logging_mixin.py:190} INFO - [2026-07-26T14:32:40.155+0000] {dagbag.py:588} INFO - Filling up the DagBag from /opt/airflow/dags/setup_lakehouse_infrastructure_v3.py
[2026-07-26T14:32:40.182+0000] {processor.py:925} INFO - DAG(s) 'setup_lakehouse_infrastructure_v3' retrieved from /opt/airflow/dags/setup_lakehouse_infrastructure_v3.py
[2026-07-26T14:32:40.205+0000] {logging_mixin.py:190} INFO - [2026-07-26T14:32:40.205+0000] {dag.py:3239} INFO - Sync 1 DAGs
[2026-07-26T14:32:40.226+0000] {logging_mixin.py:190} INFO - [2026-07-26T14:32:40.226+0000] {dag.py:4180} INFO - Setting next_dagrun for setup_lakehouse_infrastructure_v3 to None, run_after=None
[2026-07-26T14:32:40.244+0000] {processor.py:208} INFO - Processing /opt/airflow/dags/setup_lakehouse_infrastructure_v3.py took 0.097 seconds
[2026-07-26T14:33:10.445+0000] {processor.py:186} INFO - Started process (PID=3941) to work on /opt/airflow/dags/setup_lakehouse_infrastructure_v3.py
[2026-07-26T14:33:10.446+0000] {processor.py:914} INFO - Processing file /opt/airflow/dags/setup_lakehouse_infrastructure_v3.py for tasks to queue
[2026-07-26T14:33:10.448+0000] {logging_mixin.py:190} INFO - [2026-07-26T14:33:10.448+0000] {dagbag.py:588} INFO - Filling up the DagBag from /opt/airflow/dags/setup_lakehouse_infrastructure_v3.py
[2026-07-26T14:33:10.475+0000] {processor.py:925} INFO - DAG(s) 'setup_lakehouse_infrastructure_v3' retrieved from /opt/airflow/dags/setup_lakehouse_infrastructure_v3.py
[2026-07-26T14:33:10.495+0000] {logging_mixin.py:190} INFO - [2026-07-26T14:33:10.495+0000] {dag.py:3239} INFO - Sync 1 DAGs
[2026-07-26T14:33:10.517+0000] {logging_mixin.py:190} INFO - [2026-07-26T14:33:10.517+0000] {dag.py:4180} INFO - Setting next_dagrun for setup_lakehouse_infrastructure_v3 to None, run_after=None
[2026-07-26T14:33:10.535+0000] {processor.py:208} INFO - Processing /opt/airflow/dags/setup_lakehouse_infrastructure_v3.py took 0.095 seconds
[2026-07-26T14:33:41.448+0000] {processor.py:186} INFO - Started process (PID=4034) to work on /opt/airflow/dags/setup_lakehouse_infrastructure_v3.py
[2026-07-26T14:33:41.449+0000] {processor.py:914} INFO - Processing file /opt/airflow/dags/setup_lakehouse_infrastructure_v3.py for tasks to queue
[2026-07-26T14:33:41.453+0000] {logging_mixin.py:190} INFO - [2026-07-26T14:33:41.452+0000] {dagbag.py:588} INFO - Filling up the DagBag from /opt/airflow/dags/setup_lakehouse_infrastructure_v3.py
[2026-07-26T14:33:41.486+0000] {processor.py:925} INFO - DAG(s) 'setup_lakehouse_infrastructure_v3' retrieved from /opt/airflow/dags/setup_lakehouse_infrastructure_v3.py
[2026-07-26T14:33:41.509+0000] {logging_mixin.py:190} INFO - [2026-07-26T14:33:41.509+0000] {dag.py:3239} INFO - Sync 1 DAGs
[2026-07-26T14:33:41.530+0000] {logging_mixin.py:190} INFO - [2026-07-26T14:33:41.529+0000] {dag.py:4180} INFO - Setting next_dagrun for setup_lakehouse_infrastructure_v3 to None, run_after=None
[2026-07-26T14:33:41.551+0000] {processor.py:208} INFO - Processing /opt/airflow/dags/setup_lakehouse_infrastructure_v3.py took 0.112 seconds
[2026-07-26T14:34:11.653+0000] {processor.py:186} INFO - Started process (PID=4127) to work on /opt/airflow/dags/setup_lakehouse_infrastructure_v3.py
[2026-07-26T14:34:11.654+0000] {processor.py:914} INFO - Processing file /opt/airflow/dags/setup_lakehouse_infrastructure_v3.py for tasks to queue
[2026-07-26T14:34:11.656+0000] {logging_mixin.py:190} INFO - [2026-07-26T14:34:11.656+0000] {dagbag.py:588} INFO - Filling up the DagBag from /opt/airflow/dags/setup_lakehouse_infrastructure_v3.py
[2026-07-26T14:34:11.693+0000] {processor.py:925} INFO - DAG(s) 'setup_lakehouse_infrastructure_v3' retrieved from /opt/airflow/dags/setup_lakehouse_infrastructure_v3.py
[2026-07-26T14:34:11.719+0000] {logging_mixin.py:190} INFO - [2026-07-26T14:34:11.718+0000] {dag.py:3239} INFO - Sync 1 DAGs
[2026-07-26T14:34:11.742+0000] {logging_mixin.py:190} INFO - [2026-07-26T14:34:11.742+0000] {dag.py:4180} INFO - Setting next_dagrun for setup_lakehouse_infrastructure_v3 to None, run_after=None
[2026-07-26T14:34:11.766+0000] {processor.py:208} INFO - Processing /opt/airflow/dags/setup_lakehouse_infrastructure_v3.py took 0.120 seconds
[2026-07-26T15:03:52.543+0000] {processor.py:186} INFO - Started process (PID=182) to work on /opt/airflow/dags/setup_lakehouse_infrastructure_v3.py
[2026-07-26T15:03:52.546+0000] {processor.py:914} INFO - Processing file /opt/airflow/dags/setup_lakehouse_infrastructure_v3.py for tasks to queue
[2026-07-26T15:03:52.549+0000] {logging_mixin.py:190} INFO - [2026-07-26T15:03:52.548+0000] {dagbag.py:588} INFO - Filling up the DagBag from /opt/airflow/dags/setup_lakehouse_infrastructure_v3.py
[2026-07-26T15:03:52.588+0000] {processor.py:925} INFO - DAG(s) 'setup_lakehouse_infrastructure_v3' retrieved from /opt/airflow/dags/setup_lakehouse_infrastructure_v3.py
[2026-07-26T15:03:52.656+0000] {logging_mixin.py:190} INFO - [2026-07-26T15:03:52.655+0000] {dag.py:3239} INFO - Sync 1 DAGs
[2026-07-26T15:03:52.701+0000] {logging_mixin.py:190} INFO - [2026-07-26T15:03:52.700+0000] {dag.py:4180} INFO - Setting next_dagrun for setup_lakehouse_infrastructure_v3 to None, run_after=None
[2026-07-26T15:03:52.737+0000] {processor.py:208} INFO - Processing /opt/airflow/dags/setup_lakehouse_infrastructure_v3.py took 0.203 seconds
[2026-07-26T15:04:23.657+0000] {processor.py:186} INFO - Started process (PID=275) to work on /opt/airflow/dags/setup_lakehouse_infrastructure_v3.py
[2026-07-26T15:04:23.662+0000] {processor.py:914} INFO - Processing file /opt/airflow/dags/setup_lakehouse_infrastructure_v3.py for tasks to queue
[2026-07-26T15:04:23.664+0000] {logging_mixin.py:190} INFO - [2026-07-26T15:04:23.664+0000] {dagbag.py:588} INFO - Filling up the DagBag from /opt/airflow/dags/setup_lakehouse_infrastructure_v3.py
[2026-07-26T15:04:23.696+0000] {processor.py:925} INFO - DAG(s) 'setup_lakehouse_infrastructure_v3' retrieved from /opt/airflow/dags/setup_lakehouse_infrastructure_v3.py
[2026-07-26T15:04:23.727+0000] {logging_mixin.py:190} INFO - [2026-07-26T15:04:23.727+0000] {dag.py:3239} INFO - Sync 1 DAGs
[2026-07-26T15:04:23.748+0000] {logging_mixin.py:190} INFO - [2026-07-26T15:04:23.748+0000] {dag.py:4180} INFO - Setting next_dagrun for setup_lakehouse_infrastructure_v3 to None, run_after=None
[2026-07-26T15:04:23.771+0000] {processor.py:208} INFO - Processing /opt/airflow/dags/setup_lakehouse_infrastructure_v3.py took 0.120 seconds
[2026-07-26T15:04:54.530+0000] {processor.py:186} INFO - Started process (PID=368) to work on /opt/airflow/dags/setup_lakehouse_infrastructure_v3.py
[2026-07-26T15:04:54.532+0000] {processor.py:914} INFO - Processing file /opt/airflow/dags/setup_lakehouse_infrastructure_v3.py for tasks to queue
[2026-07-26T15:04:54.538+0000] {logging_mixin.py:190} INFO - [2026-07-26T15:04:54.537+0000] {dagbag.py:588} INFO - Filling up the DagBag from /opt/airflow/dags/setup_lakehouse_infrastructure_v3.py
[2026-07-26T15:04:54.570+0000] {processor.py:925} INFO - DAG(s) 'setup_lakehouse_infrastructure_v3' retrieved from /opt/airflow/dags/setup_lakehouse_infrastructure_v3.py
[2026-07-26T15:04:54.598+0000] {logging_mixin.py:190} INFO - [2026-07-26T15:04:54.598+0000] {dag.py:3239} INFO - Sync 1 DAGs
[2026-07-26T15:04:54.625+0000] {logging_mixin.py:190} INFO - [2026-07-26T15:04:54.625+0000] {dag.py:4180} INFO - Setting next_dagrun for setup_lakehouse_infrastructure_v3 to None, run_after=None
[2026-07-26T15:04:54.649+0000] {processor.py:208} INFO - Processing /opt/airflow/dags/setup_lakehouse_infrastructure_v3.py took 0.132 seconds
[2026-07-26T15:05:24.924+0000] {processor.py:186} INFO - Started process (PID=459) to work on /opt/airflow/dags/setup_lakehouse_infrastructure_v3.py
[2026-07-26T15:05:24.926+0000] {processor.py:914} INFO - Processing file /opt/airflow/dags/setup_lakehouse_infrastructure_v3.py for tasks to queue
[2026-07-26T15:05:24.928+0000] {logging_mixin.py:190} INFO - [2026-07-26T15:05:24.928+0000] {dagbag.py:588} INFO - Filling up the DagBag from /opt/airflow/dags/setup_lakehouse_infrastructure_v3.py
[2026-07-26T15:05:24.958+0000] {processor.py:925} INFO - DAG(s) 'setup_lakehouse_infrastructure_v3' retrieved from /opt/airflow/dags/setup_lakehouse_infrastructure_v3.py
[2026-07-26T15:05:24.982+0000] {logging_mixin.py:190} INFO - [2026-07-26T15:05:24.982+0000] {dag.py:3239} INFO - Sync 1 DAGs
[2026-07-26T15:05:25.002+0000] {logging_mixin.py:190} INFO - [2026-07-26T15:05:25.002+0000] {dag.py:4180} INFO - Setting next_dagrun for setup_lakehouse_infrastructure_v3 to None, run_after=None
[2026-07-26T15:05:25.022+0000] {processor.py:208} INFO - Processing /opt/airflow/dags/setup_lakehouse_infrastructure_v3.py took 0.105 seconds
[2026-07-26T15:05:55.260+0000] {processor.py:186} INFO - Started process (PID=549) to work on /opt/airflow/dags/setup_lakehouse_infrastructure_v3.py
[2026-07-26T15:05:55.261+0000] {processor.py:914} INFO - Processing file /opt/airflow/dags/setup_lakehouse_infrastructure_v3.py for tasks to queue
[2026-07-26T15:05:55.265+0000] {logging_mixin.py:190} INFO - [2026-07-26T15:05:55.264+0000] {dagbag.py:588} INFO - Filling up the DagBag from /opt/airflow/dags/setup_lakehouse_infrastructure_v3.py
[2026-07-26T15:05:55.290+0000] {processor.py:925} INFO - DAG(s) 'setup_lakehouse_infrastructure_v3' retrieved from /opt/airflow/dags/setup_lakehouse_infrastructure_v3.py
[2026-07-26T15:05:55.314+0000] {logging_mixin.py:190} INFO - [2026-07-26T15:05:55.314+0000] {dag.py:3239} INFO - Sync 1 DAGs
[2026-07-26T15:05:55.336+0000] {logging_mixin.py:190} INFO - [2026-07-26T15:05:55.336+0000] {dag.py:4180} INFO - Setting next_dagrun for setup_lakehouse_infrastructure_v3 to None, run_after=None
[2026-07-26T15:05:55.359+0000] {processor.py:208} INFO - Processing /opt/airflow/dags/setup_lakehouse_infrastructure_v3.py took 0.104 seconds
[2026-07-26T15:06:25.510+0000] {processor.py:186} INFO - Started process (PID=642) to work on /opt/airflow/dags/setup_lakehouse_infrastructure_v3.py
[2026-07-26T15:06:25.511+0000] {processor.py:914} INFO - Processing file /opt/airflow/dags/setup_lakehouse_infrastructure_v3.py for tasks to queue
[2026-07-26T15:06:25.513+0000] {logging_mixin.py:190} INFO - [2026-07-26T15:06:25.513+0000] {dagbag.py:588} INFO - Filling up the DagBag from /opt/airflow/dags/setup_lakehouse_infrastructure_v3.py
[2026-07-26T15:06:25.539+0000] {processor.py:925} INFO - DAG(s) 'setup_lakehouse_infrastructure_v3' retrieved from /opt/airflow/dags/setup_lakehouse_infrastructure_v3.py
[2026-07-26T15:06:25.561+0000] {logging_mixin.py:190} INFO - [2026-07-26T15:06:25.561+0000] {dag.py:3239} INFO - Sync 1 DAGs
[2026-07-26T15:06:25.581+0000] {logging_mixin.py:190} INFO - [2026-07-26T15:06:25.581+0000] {dag.py:4180} INFO - Setting next_dagrun for setup_lakehouse_infrastructure_v3 to None, run_after=None
[2026-07-26T15:06:25.598+0000] {processor.py:208} INFO - Processing /opt/airflow/dags/setup_lakehouse_infrastructure_v3.py took 0.094 seconds
[2026-07-26T15:06:56.316+0000] {processor.py:186} INFO - Started process (PID=733) to work on /opt/airflow/dags/setup_lakehouse_infrastructure_v3.py
[2026-07-26T15:06:56.318+0000] {processor.py:914} INFO - Processing file /opt/airflow/dags/setup_lakehouse_infrastructure_v3.py for tasks to queue
[2026-07-26T15:06:56.320+0000] {logging_mixin.py:190} INFO - [2026-07-26T15:06:56.320+0000] {dagbag.py:588} INFO - Filling up the DagBag from /opt/airflow/dags/setup_lakehouse_infrastructure_v3.py
[2026-07-26T15:06:56.345+0000] {processor.py:925} INFO - DAG(s) 'setup_lakehouse_infrastructure_v3' retrieved from /opt/airflow/dags/setup_lakehouse_infrastructure_v3.py
[2026-07-26T15:06:56.369+0000] {logging_mixin.py:190} INFO - [2026-07-26T15:06:56.369+0000] {dag.py:3239} INFO - Sync 1 DAGs
[2026-07-26T15:06:56.391+0000] {logging_mixin.py:190} INFO - [2026-07-26T15:06:56.391+0000] {dag.py:4180} INFO - Setting next_dagrun for setup_lakehouse_infrastructure_v3 to None, run_after=None
[2026-07-26T15:06:56.410+0000] {processor.py:208} INFO - Processing /opt/airflow/dags/setup_lakehouse_infrastructure_v3.py took 0.099 seconds
[2026-07-26T15:07:26.983+0000] {processor.py:186} INFO - Started process (PID=823) to work on /opt/airflow/dags/setup_lakehouse_infrastructure_v3.py
[2026-07-26T15:07:26.984+0000] {processor.py:914} INFO - Processing file /opt/airflow/dags/setup_lakehouse_infrastructure_v3.py for tasks to queue
[2026-07-26T15:07:26.986+0000] {logging_mixin.py:190} INFO - [2026-07-26T15:07:26.986+0000] {dagbag.py:588} INFO - Filling up the DagBag from /opt/airflow/dags/setup_lakehouse_infrastructure_v3.py
[2026-07-26T15:07:27.014+0000] {processor.py:925} INFO - DAG(s) 'setup_lakehouse_infrastructure_v3' retrieved from /opt/airflow/dags/setup_lakehouse_infrastructure_v3.py
[2026-07-26T15:07:27.042+0000] {logging_mixin.py:190} INFO - [2026-07-26T15:07:27.042+0000] {dag.py:3239} INFO - Sync 1 DAGs
[2026-07-26T15:07:27.068+0000] {logging_mixin.py:190} INFO - [2026-07-26T15:07:27.067+0000] {dag.py:4180} INFO - Setting next_dagrun for setup_lakehouse_infrastructure_v3 to None, run_after=None
[2026-07-26T15:07:27.090+0000] {processor.py:208} INFO - Processing /opt/airflow/dags/setup_lakehouse_infrastructure_v3.py took 0.115 seconds
[2026-07-26T15:07:57.787+0000] {processor.py:186} INFO - Started process (PID=916) to work on /opt/airflow/dags/setup_lakehouse_infrastructure_v3.py
[2026-07-26T15:07:57.789+0000] {processor.py:914} INFO - Processing file /opt/airflow/dags/setup_lakehouse_infrastructure_v3.py for tasks to queue
[2026-07-26T15:07:57.791+0000] {logging_mixin.py:190} INFO - [2026-07-26T15:07:57.791+0000] {dagbag.py:588} INFO - Filling up the DagBag from /opt/airflow/dags/setup_lakehouse_infrastructure_v3.py
[2026-07-26T15:07:57.813+0000] {processor.py:925} INFO - DAG(s) 'setup_lakehouse_infrastructure_v3' retrieved from /opt/airflow/dags/setup_lakehouse_infrastructure_v3.py
[2026-07-26T15:07:57.833+0000] {logging_mixin.py:190} INFO - [2026-07-26T15:07:57.833+0000] {dag.py:3239} INFO - Sync 1 DAGs
[2026-07-26T15:07:57.855+0000] {logging_mixin.py:190} INFO - [2026-07-26T15:07:57.855+0000] {dag.py:4180} INFO - Setting next_dagrun for setup_lakehouse_infrastructure_v3 to None, run_after=None
[2026-07-26T15:07:57.873+0000] {processor.py:208} INFO - Processing /opt/airflow/dags/setup_lakehouse_infrastructure_v3.py took 0.090 seconds
[2026-07-26T15:08:28.234+0000] {processor.py:186} INFO - Started process (PID=1007) to work on /opt/airflow/dags/setup_lakehouse_infrastructure_v3.py
[2026-07-26T15:08:28.235+0000] {processor.py:914} INFO - Processing file /opt/airflow/dags/setup_lakehouse_infrastructure_v3.py for tasks to queue
[2026-07-26T15:08:28.237+0000] {logging_mixin.py:190} INFO - [2026-07-26T15:08:28.237+0000] {dagbag.py:588} INFO - Filling up the DagBag from /opt/airflow/dags/setup_lakehouse_infrastructure_v3.py
[2026-07-26T15:08:28.263+0000] {processor.py:925} INFO - DAG(s) 'setup_lakehouse_infrastructure_v3' retrieved from /opt/airflow/dags/setup_lakehouse_infrastructure_v3.py
[2026-07-26T15:08:28.286+0000] {logging_mixin.py:190} INFO - [2026-07-26T15:08:28.285+0000] {dag.py:3239} INFO - Sync 1 DAGs
[2026-07-26T15:08:28.308+0000] {logging_mixin.py:190} INFO - [2026-07-26T15:08:28.308+0000] {dag.py:4180} INFO - Setting next_dagrun for setup_lakehouse_infrastructure_v3 to None, run_after=None
[2026-07-26T15:08:28.335+0000] {processor.py:208} INFO - Processing /opt/airflow/dags/setup_lakehouse_infrastructure_v3.py took 0.107 seconds
[2026-07-26T15:08:59.018+0000] {processor.py:186} INFO - Started process (PID=1097) to work on /opt/airflow/dags/setup_lakehouse_infrastructure_v3.py
[2026-07-26T15:08:59.019+0000] {processor.py:914} INFO - Processing file /opt/airflow/dags/setup_lakehouse_infrastructure_v3.py for tasks to queue
[2026-07-26T15:08:59.021+0000] {logging_mixin.py:190} INFO - [2026-07-26T15:08:59.021+0000] {dagbag.py:588} INFO - Filling up the DagBag from /opt/airflow/dags/setup_lakehouse_infrastructure_v3.py
[2026-07-26T15:08:59.050+0000] {processor.py:925} INFO - DAG(s) 'setup_lakehouse_infrastructure_v3' retrieved from /opt/airflow/dags/setup_lakehouse_infrastructure_v3.py
[2026-07-26T15:08:59.072+0000] {logging_mixin.py:190} INFO - [2026-07-26T15:08:59.072+0000] {dag.py:3239} INFO - Sync 1 DAGs
[2026-07-26T15:08:59.092+0000] {logging_mixin.py:190} INFO - [2026-07-26T15:08:59.092+0000] {dag.py:4180} INFO - Setting next_dagrun for setup_lakehouse_infrastructure_v3 to None, run_after=None
[2026-07-26T15:08:59.110+0000] {processor.py:208} INFO - Processing /opt/airflow/dags/setup_lakehouse_infrastructure_v3.py took 0.098 seconds
[2026-07-26T15:09:29.914+0000] {processor.py:186} INFO - Started process (PID=1188) to work on /opt/airflow/dags/setup_lakehouse_infrastructure_v3.py
[2026-07-26T15:09:29.914+0000] {processor.py:914} INFO - Processing file /opt/airflow/dags/setup_lakehouse_infrastructure_v3.py for tasks to queue
[2026-07-26T15:09:29.917+0000] {logging_mixin.py:190} INFO - [2026-07-26T15:09:29.916+0000] {dagbag.py:588} INFO - Filling up the DagBag from /opt/airflow/dags/setup_lakehouse_infrastructure_v3.py
[2026-07-26T15:09:29.944+0000] {processor.py:925} INFO - DAG(s) 'setup_lakehouse_infrastructure_v3' retrieved from /opt/airflow/dags/setup_lakehouse_infrastructure_v3.py
[2026-07-26T15:09:29.970+0000] {logging_mixin.py:190} INFO - [2026-07-26T15:09:29.970+0000] {dag.py:3239} INFO - Sync 1 DAGs
[2026-07-26T15:09:29.998+0000] {logging_mixin.py:190} INFO - [2026-07-26T15:09:29.998+0000] {dag.py:4180} INFO - Setting next_dagrun for setup_lakehouse_infrastructure_v3 to None, run_after=None
[2026-07-26T15:09:30.019+0000] {processor.py:208} INFO - Processing /opt/airflow/dags/setup_lakehouse_infrastructure_v3.py took 0.111 seconds
[2026-07-26T15:10:00.573+0000] {processor.py:186} INFO - Started process (PID=1283) to work on /opt/airflow/dags/setup_lakehouse_infrastructure_v3.py
[2026-07-26T15:10:00.574+0000] {processor.py:914} INFO - Processing file /opt/airflow/dags/setup_lakehouse_infrastructure_v3.py for tasks to queue
[2026-07-26T15:10:00.576+0000] {logging_mixin.py:190} INFO - [2026-07-26T15:10:00.576+0000] {dagbag.py:588} INFO - Filling up the DagBag from /opt/airflow/dags/setup_lakehouse_infrastructure_v3.py
[2026-07-26T15:10:00.602+0000] {processor.py:925} INFO - DAG(s) 'setup_lakehouse_infrastructure_v3' retrieved from /opt/airflow/dags/setup_lakehouse_infrastructure_v3.py
[2026-07-26T15:10:00.624+0000] {logging_mixin.py:190} INFO - [2026-07-26T15:10:00.624+0000] {dag.py:3239} INFO - Sync 1 DAGs
[2026-07-26T15:10:00.643+0000] {logging_mixin.py:190} INFO - [2026-07-26T15:10:00.643+0000] {dag.py:4180} INFO - Setting next_dagrun for setup_lakehouse_infrastructure_v3 to None, run_after=None
[2026-07-26T15:10:00.661+0000] {processor.py:208} INFO - Processing /opt/airflow/dags/setup_lakehouse_infrastructure_v3.py took 0.094 seconds
[2026-07-26T15:10:31.283+0000] {processor.py:186} INFO - Started process (PID=1374) to work on /opt/airflow/dags/setup_lakehouse_infrastructure_v3.py
[2026-07-26T15:10:31.285+0000] {processor.py:914} INFO - Processing file /opt/airflow/dags/setup_lakehouse_infrastructure_v3.py for tasks to queue
[2026-07-26T15:10:31.288+0000] {logging_mixin.py:190} INFO - [2026-07-26T15:10:31.287+0000] {dagbag.py:588} INFO - Filling up the DagBag from /opt/airflow/dags/setup_lakehouse_infrastructure_v3.py
[2026-07-26T15:10:31.313+0000] {processor.py:925} INFO - DAG(s) 'setup_lakehouse_infrastructure_v3' retrieved from /opt/airflow/dags/setup_lakehouse_infrastructure_v3.py
[2026-07-26T15:10:31.337+0000] {logging_mixin.py:190} INFO - [2026-07-26T15:10:31.336+0000] {dag.py:3239} INFO - Sync 1 DAGs
[2026-07-26T15:10:31.361+0000] {logging_mixin.py:190} INFO - [2026-07-26T15:10:31.361+0000] {dag.py:4180} INFO - Setting next_dagrun for setup_lakehouse_infrastructure_v3 to None, run_after=None
[2026-07-26T15:10:31.381+0000] {processor.py:208} INFO - Processing /opt/airflow/dags/setup_lakehouse_infrastructure_v3.py took 0.105 seconds
[2026-07-26T15:11:01.807+0000] {processor.py:186} INFO - Started process (PID=1462) to work on /opt/airflow/dags/setup_lakehouse_infrastructure_v3.py
[2026-07-26T15:11:01.808+0000] {processor.py:914} INFO - Processing file /opt/airflow/dags/setup_lakehouse_infrastructure_v3.py for tasks to queue
[2026-07-26T15:11:01.810+0000] {logging_mixin.py:190} INFO - [2026-07-26T15:11:01.810+0000] {dagbag.py:588} INFO - Filling up the DagBag from /opt/airflow/dags/setup_lakehouse_infrastructure_v3.py
[2026-07-26T15:11:01.845+0000] {processor.py:925} INFO - DAG(s) 'setup_lakehouse_infrastructure_v3' retrieved from /opt/airflow/dags/setup_lakehouse_infrastructure_v3.py
[2026-07-26T15:11:01.883+0000] {logging_mixin.py:190} INFO - [2026-07-26T15:11:01.882+0000] {dag.py:3239} INFO - Sync 1 DAGs
[2026-07-26T15:11:01.916+0000] {logging_mixin.py:190} INFO - [2026-07-26T15:11:01.916+0000] {dag.py:4180} INFO - Setting next_dagrun for setup_lakehouse_infrastructure_v3 to None, run_after=None
[2026-07-26T15:11:01.946+0000] {processor.py:208} INFO - Processing /opt/airflow/dags/setup_lakehouse_infrastructure_v3.py took 0.146 seconds
[2026-07-26T15:11:32.153+0000] {processor.py:186} INFO - Started process (PID=1557) to work on /opt/airflow/dags/setup_lakehouse_infrastructure_v3.py
[2026-07-26T15:11:32.154+0000] {processor.py:914} INFO - Processing file /opt/airflow/dags/setup_lakehouse_infrastructure_v3.py for tasks to queue
[2026-07-26T15:11:32.156+0000] {logging_mixin.py:190} INFO - [2026-07-26T15:11:32.156+0000] {dagbag.py:588} INFO - Filling up the DagBag from /opt/airflow/dags/setup_lakehouse_infrastructure_v3.py
[2026-07-26T15:11:32.181+0000] {processor.py:925} INFO - DAG(s) 'setup_lakehouse_infrastructure_v3' retrieved from /opt/airflow/dags/setup_lakehouse_infrastructure_v3.py
[2026-07-26T15:11:32.202+0000] {logging_mixin.py:190} INFO - [2026-07-26T15:11:32.202+0000] {dag.py:3239} INFO - Sync 1 DAGs
[2026-07-26T15:11:32.221+0000] {logging_mixin.py:190} INFO - [2026-07-26T15:11:32.221+0000] {dag.py:4180} INFO - Setting next_dagrun for setup_lakehouse_infrastructure_v3 to None, run_after=None
[2026-07-26T15:11:32.240+0000] {processor.py:208} INFO - Processing /opt/airflow/dags/setup_lakehouse_infrastructure_v3.py took 0.092 seconds
[2026-07-26T15:12:02.482+0000] {processor.py:186} INFO - Started process (PID=1650) to work on /opt/airflow/dags/setup_lakehouse_infrastructure_v3.py
[2026-07-26T15:12:02.483+0000] {processor.py:914} INFO - Processing file /opt/airflow/dags/setup_lakehouse_infrastructure_v3.py for tasks to queue
[2026-07-26T15:12:02.486+0000] {logging_mixin.py:190} INFO - [2026-07-26T15:12:02.486+0000] {dagbag.py:588} INFO - Filling up the DagBag from /opt/airflow/dags/setup_lakehouse_infrastructure_v3.py
[2026-07-26T15:12:02.512+0000] {processor.py:925} INFO - DAG(s) 'setup_lakehouse_infrastructure_v3' retrieved from /opt/airflow/dags/setup_lakehouse_infrastructure_v3.py
[2026-07-26T15:12:02.535+0000] {logging_mixin.py:190} INFO - [2026-07-26T15:12:02.535+0000] {dag.py:3239} INFO - Sync 1 DAGs
[2026-07-26T15:12:02.557+0000] {logging_mixin.py:190} INFO - [2026-07-26T15:12:02.557+0000] {dag.py:4180} INFO - Setting next_dagrun for setup_lakehouse_infrastructure_v3 to None, run_after=None
[2026-07-26T15:12:02.576+0000] {processor.py:208} INFO - Processing /opt/airflow/dags/setup_lakehouse_infrastructure_v3.py took 0.099 seconds
[2026-07-26T15:12:33.386+0000] {processor.py:186} INFO - Started process (PID=1741) to work on /opt/airflow/dags/setup_lakehouse_infrastructure_v3.py
[2026-07-26T15:12:33.387+0000] {processor.py:914} INFO - Processing file /opt/airflow/dags/setup_lakehouse_infrastructure_v3.py for tasks to queue
[2026-07-26T15:12:33.390+0000] {logging_mixin.py:190} INFO - [2026-07-26T15:12:33.389+0000] {dagbag.py:588} INFO - Filling up the DagBag from /opt/airflow/dags/setup_lakehouse_infrastructure_v3.py
[2026-07-26T15:12:33.416+0000] {processor.py:925} INFO - DAG(s) 'setup_lakehouse_infrastructure_v3' retrieved from /opt/airflow/dags/setup_lakehouse_infrastructure_v3.py
[2026-07-26T15:12:33.439+0000] {logging_mixin.py:190} INFO - [2026-07-26T15:12:33.439+0000] {dag.py:3239} INFO - Sync 1 DAGs
[2026-07-26T15:12:33.462+0000] {logging_mixin.py:190} INFO - [2026-07-26T15:12:33.462+0000] {dag.py:4180} INFO - Setting next_dagrun for setup_lakehouse_infrastructure_v3 to None, run_after=None
[2026-07-26T15:12:33.480+0000] {processor.py:208} INFO - Processing /opt/airflow/dags/setup_lakehouse_infrastructure_v3.py took 0.100 seconds
[2026-07-26T15:13:03.837+0000] {processor.py:186} INFO - Started process (PID=1831) to work on /opt/airflow/dags/setup_lakehouse_infrastructure_v3.py
[2026-07-26T15:13:03.838+0000] {processor.py:914} INFO - Processing file /opt/airflow/dags/setup_lakehouse_infrastructure_v3.py for tasks to queue
[2026-07-26T15:13:03.840+0000] {logging_mixin.py:190} INFO - [2026-07-26T15:13:03.840+0000] {dagbag.py:588} INFO - Filling up the DagBag from /opt/airflow/dags/setup_lakehouse_infrastructure_v3.py
[2026-07-26T15:13:03.866+0000] {processor.py:925} INFO - DAG(s) 'setup_lakehouse_infrastructure_v3' retrieved from /opt/airflow/dags/setup_lakehouse_infrastructure_v3.py
[2026-07-26T15:13:03.889+0000] {logging_mixin.py:190} INFO - [2026-07-26T15:13:03.889+0000] {dag.py:3239} INFO - Sync 1 DAGs
[2026-07-26T15:13:03.913+0000] {logging_mixin.py:190} INFO - [2026-07-26T15:13:03.913+0000] {dag.py:4180} INFO - Setting next_dagrun for setup_lakehouse_infrastructure_v3 to None, run_after=None
[2026-07-26T15:13:03.934+0000] {processor.py:208} INFO - Processing /opt/airflow/dags/setup_lakehouse_infrastructure_v3.py took 0.104 seconds
[2026-07-26T15:13:34.885+0000] {processor.py:186} INFO - Started process (PID=1922) to work on /opt/airflow/dags/setup_lakehouse_infrastructure_v3.py
[2026-07-26T15:13:34.886+0000] {processor.py:914} INFO - Processing file /opt/airflow/dags/setup_lakehouse_infrastructure_v3.py for tasks to queue
[2026-07-26T15:13:34.890+0000] {logging_mixin.py:190} INFO - [2026-07-26T15:13:34.889+0000] {dagbag.py:588} INFO - Filling up the DagBag from /opt/airflow/dags/setup_lakehouse_infrastructure_v3.py
[2026-07-26T15:13:34.922+0000] {processor.py:925} INFO - DAG(s) 'setup_lakehouse_infrastructure_v3' retrieved from /opt/airflow/dags/setup_lakehouse_infrastructure_v3.py
[2026-07-26T15:13:34.973+0000] {logging_mixin.py:190} INFO - [2026-07-26T15:13:34.972+0000] {dag.py:3239} INFO - Sync 1 DAGs
[2026-07-26T15:13:35.008+0000] {logging_mixin.py:190} INFO - [2026-07-26T15:13:35.007+0000] {dag.py:4180} INFO - Setting next_dagrun for setup_lakehouse_infrastructure_v3 to None, run_after=None
[2026-07-26T15:13:35.043+0000] {processor.py:208} INFO - Processing /opt/airflow/dags/setup_lakehouse_infrastructure_v3.py took 0.165 seconds
[2026-07-26T15:14:05.649+0000] {processor.py:186} INFO - Started process (PID=2015) to work on /opt/airflow/dags/setup_lakehouse_infrastructure_v3.py
[2026-07-26T15:14:05.650+0000] {processor.py:914} INFO - Processing file /opt/airflow/dags/setup_lakehouse_infrastructure_v3.py for tasks to queue
[2026-07-26T15:14:05.652+0000] {logging_mixin.py:190} INFO - [2026-07-26T15:14:05.651+0000] {dagbag.py:588} INFO - Filling up the DagBag from /opt/airflow/dags/setup_lakehouse_infrastructure_v3.py
[2026-07-26T15:14:05.681+0000] {processor.py:925} INFO - DAG(s) 'setup_lakehouse_infrastructure_v3' retrieved from /opt/airflow/dags/setup_lakehouse_infrastructure_v3.py
[2026-07-26T15:14:05.703+0000] {logging_mixin.py:190} INFO - [2026-07-26T15:14:05.703+0000] {dag.py:3239} INFO - Sync 1 DAGs
[2026-07-26T15:14:05.727+0000] {logging_mixin.py:190} INFO - [2026-07-26T15:14:05.726+0000] {dag.py:4180} INFO - Setting next_dagrun for setup_lakehouse_infrastructure_v3 to None, run_after=None
[2026-07-26T15:14:05.745+0000] {processor.py:208} INFO - Processing /opt/airflow/dags/setup_lakehouse_infrastructure_v3.py took 0.103 seconds
[2026-07-26T15:14:36.072+0000] {processor.py:186} INFO - Started process (PID=2105) to work on /opt/airflow/dags/setup_lakehouse_infrastructure_v3.py
[2026-07-26T15:14:36.073+0000] {processor.py:914} INFO - Processing file /opt/airflow/dags/setup_lakehouse_infrastructure_v3.py for tasks to queue
[2026-07-26T15:14:36.075+0000] {logging_mixin.py:190} INFO - [2026-07-26T15:14:36.074+0000] {dagbag.py:588} INFO - Filling up the DagBag from /opt/airflow/dags/setup_lakehouse_infrastructure_v3.py
[2026-07-26T15:14:36.098+0000] {processor.py:925} INFO - DAG(s) 'setup_lakehouse_infrastructure_v3' retrieved from /opt/airflow/dags/setup_lakehouse_infrastructure_v3.py
[2026-07-26T15:14:36.119+0000] {logging_mixin.py:190} INFO - [2026-07-26T15:14:36.119+0000] {dag.py:3239} INFO - Sync 1 DAGs
[2026-07-26T15:14:36.139+0000] {logging_mixin.py:190} INFO - [2026-07-26T15:14:36.138+0000] {dag.py:4180} INFO - Setting next_dagrun for setup_lakehouse_infrastructure_v3 to None, run_after=None
[2026-07-26T15:14:36.154+0000] {processor.py:208} INFO - Processing /opt/airflow/dags/setup_lakehouse_infrastructure_v3.py took 0.087 seconds
[2026-07-26T15:15:06.253+0000] {processor.py:186} INFO - Started process (PID=2198) to work on /opt/airflow/dags/setup_lakehouse_infrastructure_v3.py
[2026-07-26T15:15:06.254+0000] {processor.py:914} INFO - Processing file /opt/airflow/dags/setup_lakehouse_infrastructure_v3.py for tasks to queue
[2026-07-26T15:15:06.256+0000] {logging_mixin.py:190} INFO - [2026-07-26T15:15:06.256+0000] {dagbag.py:588} INFO - Filling up the DagBag from /opt/airflow/dags/setup_lakehouse_infrastructure_v3.py
[2026-07-26T15:15:06.286+0000] {processor.py:925} INFO - DAG(s) 'setup_lakehouse_infrastructure_v3' retrieved from /opt/airflow/dags/setup_lakehouse_infrastructure_v3.py
[2026-07-26T15:15:06.307+0000] {logging_mixin.py:190} INFO - [2026-07-26T15:15:06.307+0000] {dag.py:3239} INFO - Sync 1 DAGs
[2026-07-26T15:15:06.326+0000] {logging_mixin.py:190} INFO - [2026-07-26T15:15:06.326+0000] {dag.py:4180} INFO - Setting next_dagrun for setup_lakehouse_infrastructure_v3 to None, run_after=None
[2026-07-26T15:15:06.344+0000] {processor.py:208} INFO - Processing /opt/airflow/dags/setup_lakehouse_infrastructure_v3.py took 0.097 seconds
[2026-07-26T15:15:36.797+0000] {processor.py:186} INFO - Started process (PID=2289) to work on /opt/airflow/dags/setup_lakehouse_infrastructure_v3.py
[2026-07-26T15:15:36.797+0000] {processor.py:914} INFO - Processing file /opt/airflow/dags/setup_lakehouse_infrastructure_v3.py for tasks to queue
[2026-07-26T15:15:36.799+0000] {logging_mixin.py:190} INFO - [2026-07-26T15:15:36.799+0000] {dagbag.py:588} INFO - Filling up the DagBag from /opt/airflow/dags/setup_lakehouse_infrastructure_v3.py
[2026-07-26T15:15:36.825+0000] {processor.py:925} INFO - DAG(s) 'setup_lakehouse_infrastructure_v3' retrieved from /opt/airflow/dags/setup_lakehouse_infrastructure_v3.py
[2026-07-26T15:15:36.848+0000] {logging_mixin.py:190} INFO - [2026-07-26T15:15:36.848+0000] {dag.py:3239} INFO - Sync 1 DAGs
[2026-07-26T15:15:36.868+0000] {logging_mixin.py:190} INFO - [2026-07-26T15:15:36.868+0000] {dag.py:4180} INFO - Setting next_dagrun for setup_lakehouse_infrastructure_v3 to None, run_after=None
[2026-07-26T15:15:36.886+0000] {processor.py:208} INFO - Processing /opt/airflow/dags/setup_lakehouse_infrastructure_v3.py took 0.095 seconds
[2026-07-26T15:16:07.107+0000] {processor.py:186} INFO - Started process (PID=2379) to work on /opt/airflow/dags/setup_lakehouse_infrastructure_v3.py
[2026-07-26T15:16:07.108+0000] {processor.py:914} INFO - Processing file /opt/airflow/dags/setup_lakehouse_infrastructure_v3.py for tasks to queue
[2026-07-26T15:16:07.110+0000] {logging_mixin.py:190} INFO - [2026-07-26T15:16:07.110+0000] {dagbag.py:588} INFO - Filling up the DagBag from /opt/airflow/dags/setup_lakehouse_infrastructure_v3.py
[2026-07-26T15:16:07.134+0000] {processor.py:925} INFO - DAG(s) 'setup_lakehouse_infrastructure_v3' retrieved from /opt/airflow/dags/setup_lakehouse_infrastructure_v3.py
[2026-07-26T15:16:07.155+0000] {logging_mixin.py:190} INFO - [2026-07-26T15:16:07.155+0000] {dag.py:3239} INFO - Sync 1 DAGs
[2026-07-26T15:16:07.178+0000] {logging_mixin.py:190} INFO - [2026-07-26T15:16:07.177+0000] {dag.py:4180} INFO - Setting next_dagrun for setup_lakehouse_infrastructure_v3 to None, run_after=None
[2026-07-26T15:16:07.194+0000] {processor.py:208} INFO - Processing /opt/airflow/dags/setup_lakehouse_infrastructure_v3.py took 0.092 seconds
[2026-07-26T15:16:37.260+0000] {processor.py:186} INFO - Started process (PID=2470) to work on /opt/airflow/dags/setup_lakehouse_infrastructure_v3.py
[2026-07-26T15:16:37.261+0000] {processor.py:914} INFO - Processing file /opt/airflow/dags/setup_lakehouse_infrastructure_v3.py for tasks to queue
[2026-07-26T15:16:37.263+0000] {logging_mixin.py:190} INFO - [2026-07-26T15:16:37.263+0000] {dagbag.py:588} INFO - Filling up the DagBag from /opt/airflow/dags/setup_lakehouse_infrastructure_v3.py
[2026-07-26T15:16:37.285+0000] {processor.py:925} INFO - DAG(s) 'setup_lakehouse_infrastructure_v3' retrieved from /opt/airflow/dags/setup_lakehouse_infrastructure_v3.py
[2026-07-26T15:16:37.308+0000] {logging_mixin.py:190} INFO - [2026-07-26T15:16:37.308+0000] {dag.py:3239} INFO - Sync 1 DAGs
[2026-07-26T15:16:37.331+0000] {logging_mixin.py:190} INFO - [2026-07-26T15:16:37.331+0000] {dag.py:4180} INFO - Setting next_dagrun for setup_lakehouse_infrastructure_v3 to None, run_after=None
[2026-07-26T15:16:37.351+0000] {processor.py:208} INFO - Processing /opt/airflow/dags/setup_lakehouse_infrastructure_v3.py took 0.096 seconds
[2026-07-26T15:17:07.476+0000] {processor.py:186} INFO - Started process (PID=2563) to work on /opt/airflow/dags/setup_lakehouse_infrastructure_v3.py
[2026-07-26T15:17:07.477+0000] {processor.py:914} INFO - Processing file /opt/airflow/dags/setup_lakehouse_infrastructure_v3.py for tasks to queue
[2026-07-26T15:17:07.479+0000] {logging_mixin.py:190} INFO - [2026-07-26T15:17:07.479+0000] {dagbag.py:588} INFO - Filling up the DagBag from /opt/airflow/dags/setup_lakehouse_infrastructure_v3.py
[2026-07-26T15:17:07.502+0000] {processor.py:925} INFO - DAG(s) 'setup_lakehouse_infrastructure_v3' retrieved from /opt/airflow/dags/setup_lakehouse_infrastructure_v3.py
[2026-07-26T15:17:07.525+0000] {logging_mixin.py:190} INFO - [2026-07-26T15:17:07.525+0000] {dag.py:3239} INFO - Sync 1 DAGs
[2026-07-26T15:17:07.545+0000] {logging_mixin.py:190} INFO - [2026-07-26T15:17:07.545+0000] {dag.py:4180} INFO - Setting next_dagrun for setup_lakehouse_infrastructure_v3 to None, run_after=None
[2026-07-26T15:17:07.565+0000] {processor.py:208} INFO - Processing /opt/airflow/dags/setup_lakehouse_infrastructure_v3.py took 0.095 seconds
[2026-07-26T15:17:37.859+0000] {processor.py:186} INFO - Started process (PID=2656) to work on /opt/airflow/dags/setup_lakehouse_infrastructure_v3.py
[2026-07-26T15:17:37.860+0000] {processor.py:914} INFO - Processing file /opt/airflow/dags/setup_lakehouse_infrastructure_v3.py for tasks to queue
[2026-07-26T15:17:37.862+0000] {logging_mixin.py:190} INFO - [2026-07-26T15:17:37.862+0000] {dagbag.py:588} INFO - Filling up the DagBag from /opt/airflow/dags/setup_lakehouse_infrastructure_v3.py
[2026-07-26T15:17:37.885+0000] {processor.py:925} INFO - DAG(s) 'setup_lakehouse_infrastructure_v3' retrieved from /opt/airflow/dags/setup_lakehouse_infrastructure_v3.py
[2026-07-26T15:17:37.907+0000] {logging_mixin.py:190} INFO - [2026-07-26T15:17:37.907+0000] {dag.py:3239} INFO - Sync 1 DAGs
[2026-07-26T15:17:37.926+0000] {logging_mixin.py:190} INFO - [2026-07-26T15:17:37.926+0000] {dag.py:4180} INFO - Setting next_dagrun for setup_lakehouse_infrastructure_v3 to None, run_after=None
[2026-07-26T15:17:37.943+0000] {processor.py:208} INFO - Processing /opt/airflow/dags/setup_lakehouse_infrastructure_v3.py took 0.088 seconds
[2026-07-26T15:18:08.076+0000] {processor.py:186} INFO - Started process (PID=2746) to work on /opt/airflow/dags/setup_lakehouse_infrastructure_v3.py
[2026-07-26T15:18:08.078+0000] {processor.py:914} INFO - Processing file /opt/airflow/dags/setup_lakehouse_infrastructure_v3.py for tasks to queue
[2026-07-26T15:18:08.080+0000] {logging_mixin.py:190} INFO - [2026-07-26T15:18:08.080+0000] {dagbag.py:588} INFO - Filling up the DagBag from /opt/airflow/dags/setup_lakehouse_infrastructure_v3.py
[2026-07-26T15:18:08.102+0000] {processor.py:925} INFO - DAG(s) 'setup_lakehouse_infrastructure_v3' retrieved from /opt/airflow/dags/setup_lakehouse_infrastructure_v3.py
[2026-07-26T15:18:08.122+0000] {logging_mixin.py:190} INFO - [2026-07-26T15:18:08.122+0000] {dag.py:3239} INFO - Sync 1 DAGs
[2026-07-26T15:18:08.141+0000] {logging_mixin.py:190} INFO - [2026-07-26T15:18:08.141+0000] {dag.py:4180} INFO - Setting next_dagrun for setup_lakehouse_infrastructure_v3 to None, run_after=None
[2026-07-26T15:18:08.160+0000] {processor.py:208} INFO - Processing /opt/airflow/dags/setup_lakehouse_infrastructure_v3.py took 0.088 seconds
[2026-07-26T15:18:38.606+0000] {processor.py:186} INFO - Started process (PID=2839) to work on /opt/airflow/dags/setup_lakehouse_infrastructure_v3.py
[2026-07-26T15:18:38.607+0000] {processor.py:914} INFO - Processing file /opt/airflow/dags/setup_lakehouse_infrastructure_v3.py for tasks to queue
[2026-07-26T15:18:38.609+0000] {logging_mixin.py:190} INFO - [2026-07-26T15:18:38.609+0000] {dagbag.py:588} INFO - Filling up the DagBag from /opt/airflow/dags/setup_lakehouse_infrastructure_v3.py
[2026-07-26T15:18:38.632+0000] {processor.py:925} INFO - DAG(s) 'setup_lakehouse_infrastructure_v3' retrieved from /opt/airflow/dags/setup_lakehouse_infrastructure_v3.py
[2026-07-26T15:18:38.655+0000] {logging_mixin.py:190} INFO - [2026-07-26T15:18:38.655+0000] {dag.py:3239} INFO - Sync 1 DAGs
[2026-07-26T15:18:38.680+0000] {logging_mixin.py:190} INFO - [2026-07-26T15:18:38.680+0000] {dag.py:4180} INFO - Setting next_dagrun for setup_lakehouse_infrastructure_v3 to None, run_after=None
[2026-07-26T15:18:38.697+0000] {processor.py:208} INFO - Processing /opt/airflow/dags/setup_lakehouse_infrastructure_v3.py took 0.097 seconds
[2026-07-26T15:19:08.872+0000] {processor.py:186} INFO - Started process (PID=2932) to work on /opt/airflow/dags/setup_lakehouse_infrastructure_v3.py
[2026-07-26T15:19:08.874+0000] {processor.py:914} INFO - Processing file /opt/airflow/dags/setup_lakehouse_infrastructure_v3.py for tasks to queue
[2026-07-26T15:19:08.877+0000] {logging_mixin.py:190} INFO - [2026-07-26T15:19:08.877+0000] {dagbag.py:588} INFO - Filling up the DagBag from /opt/airflow/dags/setup_lakehouse_infrastructure_v3.py
[2026-07-26T15:19:08.902+0000] {processor.py:925} INFO - DAG(s) 'setup_lakehouse_infrastructure_v3' retrieved from /opt/airflow/dags/setup_lakehouse_infrastructure_v3.py
[2026-07-26T15:19:08.928+0000] {logging_mixin.py:190} INFO - [2026-07-26T15:19:08.928+0000] {dag.py:3239} INFO - Sync 1 DAGs
[2026-07-26T15:19:08.950+0000] {logging_mixin.py:190} INFO - [2026-07-26T15:19:08.949+0000] {dag.py:4180} INFO - Setting next_dagrun for setup_lakehouse_infrastructure_v3 to None, run_after=None
[2026-07-26T15:19:08.969+0000] {processor.py:208} INFO - Processing /opt/airflow/dags/setup_lakehouse_infrastructure_v3.py took 0.103 seconds
[2026-07-26T15:19:40.165+0000] {processor.py:186} INFO - Started process (PID=3023) to work on /opt/airflow/dags/setup_lakehouse_infrastructure_v3.py
[2026-07-26T15:19:40.167+0000] {processor.py:914} INFO - Processing file /opt/airflow/dags/setup_lakehouse_infrastructure_v3.py for tasks to queue
[2026-07-26T15:19:40.170+0000] {logging_mixin.py:190} INFO - [2026-07-26T15:19:40.170+0000] {dagbag.py:588} INFO - Filling up the DagBag from /opt/airflow/dags/setup_lakehouse_infrastructure_v3.py
[2026-07-26T15:19:40.203+0000] {processor.py:925} INFO - DAG(s) 'setup_lakehouse_infrastructure_v3' retrieved from /opt/airflow/dags/setup_lakehouse_infrastructure_v3.py
[2026-07-26T15:19:40.230+0000] {logging_mixin.py:190} INFO - [2026-07-26T15:19:40.230+0000] {dag.py:3239} INFO - Sync 1 DAGs
[2026-07-26T15:19:40.253+0000] {logging_mixin.py:190} INFO - [2026-07-26T15:19:40.253+0000] {dag.py:4180} INFO - Setting next_dagrun for setup_lakehouse_infrastructure_v3 to None, run_after=None
[2026-07-26T15:19:40.273+0000] {processor.py:208} INFO - Processing /opt/airflow/dags/setup_lakehouse_infrastructure_v3.py took 0.113 seconds
[2026-07-26T15:20:10.522+0000] {processor.py:186} INFO - Started process (PID=3113) to work on /opt/airflow/dags/setup_lakehouse_infrastructure_v3.py
[2026-07-26T15:20:10.523+0000] {processor.py:914} INFO - Processing file /opt/airflow/dags/setup_lakehouse_infrastructure_v3.py for tasks to queue
[2026-07-26T15:20:10.525+0000] {logging_mixin.py:190} INFO - [2026-07-26T15:20:10.525+0000] {dagbag.py:588} INFO - Filling up the DagBag from /opt/airflow/dags/setup_lakehouse_infrastructure_v3.py
[2026-07-26T15:20:10.550+0000] {processor.py:925} INFO - DAG(s) 'setup_lakehouse_infrastructure_v3' retrieved from /opt/airflow/dags/setup_lakehouse_infrastructure_v3.py
[2026-07-26T15:20:10.571+0000] {logging_mixin.py:190} INFO - [2026-07-26T15:20:10.571+0000] {dag.py:3239} INFO - Sync 1 DAGs
[2026-07-26T15:20:10.591+0000] {logging_mixin.py:190} INFO - [2026-07-26T15:20:10.591+0000] {dag.py:4180} INFO - Setting next_dagrun for setup_lakehouse_infrastructure_v3 to None, run_after=None
[2026-07-26T15:20:10.608+0000] {processor.py:208} INFO - Processing /opt/airflow/dags/setup_lakehouse_infrastructure_v3.py took 0.092 seconds
[2026-07-26T15:20:40.805+0000] {processor.py:186} INFO - Started process (PID=3206) to work on /opt/airflow/dags/setup_lakehouse_infrastructure_v3.py
[2026-07-26T15:20:40.806+0000] {processor.py:914} INFO - Processing file /opt/airflow/dags/setup_lakehouse_infrastructure_v3.py for tasks to queue
[2026-07-26T15:20:40.808+0000] {logging_mixin.py:190} INFO - [2026-07-26T15:20:40.808+0000] {dagbag.py:588} INFO - Filling up the DagBag from /opt/airflow/dags/setup_lakehouse_infrastructure_v3.py
[2026-07-26T15:20:40.831+0000] {processor.py:925} INFO - DAG(s) 'setup_lakehouse_infrastructure_v3' retrieved from /opt/airflow/dags/setup_lakehouse_infrastructure_v3.py
[2026-07-26T15:20:40.853+0000] {logging_mixin.py:190} INFO - [2026-07-26T15:20:40.853+0000] {dag.py:3239} INFO - Sync 1 DAGs
[2026-07-26T15:20:40.873+0000] {logging_mixin.py:190} INFO - [2026-07-26T15:20:40.873+0000] {dag.py:4180} INFO - Setting next_dagrun for setup_lakehouse_infrastructure_v3 to None, run_after=None
[2026-07-26T15:20:40.895+0000] {processor.py:208} INFO - Processing /opt/airflow/dags/setup_lakehouse_infrastructure_v3.py took 0.096 seconds
[2026-07-26T15:21:11.240+0000] {processor.py:186} INFO - Started process (PID=3297) to work on /opt/airflow/dags/setup_lakehouse_infrastructure_v3.py
[2026-07-26T15:21:11.241+0000] {processor.py:914} INFO - Processing file /opt/airflow/dags/setup_lakehouse_infrastructure_v3.py for tasks to queue
[2026-07-26T15:21:11.243+0000] {logging_mixin.py:190} INFO - [2026-07-26T15:21:11.243+0000] {dagbag.py:588} INFO - Filling up the DagBag from /opt/airflow/dags/setup_lakehouse_infrastructure_v3.py
[2026-07-26T15:21:11.267+0000] {processor.py:925} INFO - DAG(s) 'setup_lakehouse_infrastructure_v3' retrieved from /opt/airflow/dags/setup_lakehouse_infrastructure_v3.py
[2026-07-26T15:21:11.292+0000] {logging_mixin.py:190} INFO - [2026-07-26T15:21:11.291+0000] {dag.py:3239} INFO - Sync 1 DAGs
[2026-07-26T15:21:11.316+0000] {logging_mixin.py:190} INFO - [2026-07-26T15:21:11.316+0000] {dag.py:4180} INFO - Setting next_dagrun for setup_lakehouse_infrastructure_v3 to None, run_after=None
[2026-07-26T15:21:11.338+0000] {processor.py:208} INFO - Processing /opt/airflow/dags/setup_lakehouse_infrastructure_v3.py took 0.103 seconds
[2026-07-26T15:21:41.993+0000] {processor.py:186} INFO - Started process (PID=3387) to work on /opt/airflow/dags/setup_lakehouse_infrastructure_v3.py
[2026-07-26T15:21:41.995+0000] {processor.py:914} INFO - Processing file /opt/airflow/dags/setup_lakehouse_infrastructure_v3.py for tasks to queue
[2026-07-26T15:21:41.997+0000] {logging_mixin.py:190} INFO - [2026-07-26T15:21:41.997+0000] {dagbag.py:588} INFO - Filling up the DagBag from /opt/airflow/dags/setup_lakehouse_infrastructure_v3.py
[2026-07-26T15:21:42.015+0000] {processor.py:925} INFO - DAG(s) 'setup_lakehouse_infrastructure_v3' retrieved from /opt/airflow/dags/setup_lakehouse_infrastructure_v3.py
[2026-07-26T15:21:42.037+0000] {logging_mixin.py:190} INFO - [2026-07-26T15:21:42.036+0000] {dag.py:3239} INFO - Sync 1 DAGs
[2026-07-26T15:21:42.058+0000] {logging_mixin.py:190} INFO - [2026-07-26T15:21:42.057+0000] {dag.py:4180} INFO - Setting next_dagrun for setup_lakehouse_infrastructure_v3 to None, run_after=None
[2026-07-26T15:21:42.080+0000] {processor.py:208} INFO - Processing /opt/airflow/dags/setup_lakehouse_infrastructure_v3.py took 0.092 seconds
[2026-07-26T15:22:12.442+0000] {processor.py:186} INFO - Started process (PID=3480) to work on /opt/airflow/dags/setup_lakehouse_infrastructure_v3.py
[2026-07-26T15:22:12.443+0000] {processor.py:914} INFO - Processing file /opt/airflow/dags/setup_lakehouse_infrastructure_v3.py for tasks to queue
[2026-07-26T15:22:12.445+0000] {logging_mixin.py:190} INFO - [2026-07-26T15:22:12.445+0000] {dagbag.py:588} INFO - Filling up the DagBag from /opt/airflow/dags/setup_lakehouse_infrastructure_v3.py
[2026-07-26T15:22:12.470+0000] {processor.py:925} INFO - DAG(s) 'setup_lakehouse_infrastructure_v3' retrieved from /opt/airflow/dags/setup_lakehouse_infrastructure_v3.py
[2026-07-26T15:22:12.494+0000] {logging_mixin.py:190} INFO - [2026-07-26T15:22:12.494+0000] {dag.py:3239} INFO - Sync 1 DAGs
[2026-07-26T15:22:12.521+0000] {logging_mixin.py:190} INFO - [2026-07-26T15:22:12.521+0000] {dag.py:4180} INFO - Setting next_dagrun for setup_lakehouse_infrastructure_v3 to None, run_after=None
[2026-07-26T15:22:12.546+0000] {processor.py:208} INFO - Processing /opt/airflow/dags/setup_lakehouse_infrastructure_v3.py took 0.110 seconds
[2026-07-26T15:22:43.319+0000] {processor.py:186} INFO - Started process (PID=3573) to work on /opt/airflow/dags/setup_lakehouse_infrastructure_v3.py
[2026-07-26T15:22:43.320+0000] {processor.py:914} INFO - Processing file /opt/airflow/dags/setup_lakehouse_infrastructure_v3.py for tasks to queue
[2026-07-26T15:22:43.323+0000] {logging_mixin.py:190} INFO - [2026-07-26T15:22:43.322+0000] {dagbag.py:588} INFO - Filling up the DagBag from /opt/airflow/dags/setup_lakehouse_infrastructure_v3.py
[2026-07-26T15:22:43.350+0000] {processor.py:925} INFO - DAG(s) 'setup_lakehouse_infrastructure_v3' retrieved from /opt/airflow/dags/setup_lakehouse_infrastructure_v3.py
[2026-07-26T15:22:43.376+0000] {logging_mixin.py:190} INFO - [2026-07-26T15:22:43.376+0000] {dag.py:3239} INFO - Sync 1 DAGs
[2026-07-26T15:22:43.399+0000] {logging_mixin.py:190} INFO - [2026-07-26T15:22:43.399+0000] {dag.py:4180} INFO - Setting next_dagrun for setup_lakehouse_infrastructure_v3 to None, run_after=None
[2026-07-26T15:22:43.419+0000] {processor.py:208} INFO - Processing /opt/airflow/dags/setup_lakehouse_infrastructure_v3.py took 0.106 seconds
[2026-07-26T15:23:13.742+0000] {processor.py:186} INFO - Started process (PID=3664) to work on /opt/airflow/dags/setup_lakehouse_infrastructure_v3.py
[2026-07-26T15:23:13.743+0000] {processor.py:914} INFO - Processing file /opt/airflow/dags/setup_lakehouse_infrastructure_v3.py for tasks to queue
[2026-07-26T15:23:13.745+0000] {logging_mixin.py:190} INFO - [2026-07-26T15:23:13.745+0000] {dagbag.py:588} INFO - Filling up the DagBag from /opt/airflow/dags/setup_lakehouse_infrastructure_v3.py
[2026-07-26T15:23:13.773+0000] {processor.py:925} INFO - DAG(s) 'setup_lakehouse_infrastructure_v3' retrieved from /opt/airflow/dags/setup_lakehouse_infrastructure_v3.py
[2026-07-26T15:23:13.797+0000] {logging_mixin.py:190} INFO - [2026-07-26T15:23:13.797+0000] {dag.py:3239} INFO - Sync 1 DAGs
[2026-07-26T15:23:13.818+0000] {logging_mixin.py:190} INFO - [2026-07-26T15:23:13.818+0000] {dag.py:4180} INFO - Setting next_dagrun for setup_lakehouse_infrastructure_v3 to None, run_after=None
[2026-07-26T15:23:13.839+0000] {processor.py:208} INFO - Processing /opt/airflow/dags/setup_lakehouse_infrastructure_v3.py took 0.104 seconds
[2026-07-26T15:23:43.975+0000] {processor.py:186} INFO - Started process (PID=3754) to work on /opt/airflow/dags/setup_lakehouse_infrastructure_v3.py
[2026-07-26T15:23:43.976+0000] {processor.py:914} INFO - Processing file /opt/airflow/dags/setup_lakehouse_infrastructure_v3.py for tasks to queue
[2026-07-26T15:23:43.978+0000] {logging_mixin.py:190} INFO - [2026-07-26T15:23:43.978+0000] {dagbag.py:588} INFO - Filling up the DagBag from /opt/airflow/dags/setup_lakehouse_infrastructure_v3.py
[2026-07-26T15:23:44.000+0000] {processor.py:925} INFO - DAG(s) 'setup_lakehouse_infrastructure_v3' retrieved from /opt/airflow/dags/setup_lakehouse_infrastructure_v3.py
[2026-07-26T15:23:44.022+0000] {logging_mixin.py:190} INFO - [2026-07-26T15:23:44.022+0000] {dag.py:3239} INFO - Sync 1 DAGs
[2026-07-26T15:23:44.041+0000] {logging_mixin.py:190} INFO - [2026-07-26T15:23:44.041+0000] {dag.py:4180} INFO - Setting next_dagrun for setup_lakehouse_infrastructure_v3 to None, run_after=None
[2026-07-26T15:23:44.059+0000] {processor.py:208} INFO - Processing /opt/airflow/dags/setup_lakehouse_infrastructure_v3.py took 0.090 seconds
[2026-07-26T15:24:14.392+0000] {processor.py:186} INFO - Started process (PID=3847) to work on /opt/airflow/dags/setup_lakehouse_infrastructure_v3.py
[2026-07-26T15:24:14.393+0000] {processor.py:914} INFO - Processing file /opt/airflow/dags/setup_lakehouse_infrastructure_v3.py for tasks to queue
[2026-07-26T15:24:14.397+0000] {logging_mixin.py:190} INFO - [2026-07-26T15:24:14.397+0000] {dagbag.py:588} INFO - Filling up the DagBag from /opt/airflow/dags/setup_lakehouse_infrastructure_v3.py
[2026-07-26T15:24:14.432+0000] {processor.py:925} INFO - DAG(s) 'setup_lakehouse_infrastructure_v3' retrieved from /opt/airflow/dags/setup_lakehouse_infrastructure_v3.py
[2026-07-26T15:24:14.481+0000] {logging_mixin.py:190} INFO - [2026-07-26T15:24:14.481+0000] {dag.py:3239} INFO - Sync 1 DAGs
[2026-07-26T15:24:14.506+0000] {logging_mixin.py:190} INFO - [2026-07-26T15:24:14.505+0000] {dag.py:4180} INFO - Setting next_dagrun for setup_lakehouse_infrastructure_v3 to None, run_after=None
[2026-07-26T15:24:14.527+0000] {processor.py:208} INFO - Processing /opt/airflow/dags/setup_lakehouse_infrastructure_v3.py took 0.140 seconds
[2026-07-26T15:24:45.412+0000] {processor.py:186} INFO - Started process (PID=3938) to work on /opt/airflow/dags/setup_lakehouse_infrastructure_v3.py
[2026-07-26T15:24:45.413+0000] {processor.py:914} INFO - Processing file /opt/airflow/dags/setup_lakehouse_infrastructure_v3.py for tasks to queue
[2026-07-26T15:24:45.416+0000] {logging_mixin.py:190} INFO - [2026-07-26T15:24:45.415+0000] {dagbag.py:588} INFO - Filling up the DagBag from /opt/airflow/dags/setup_lakehouse_infrastructure_v3.py
[2026-07-26T15:24:45.442+0000] {processor.py:925} INFO - DAG(s) 'setup_lakehouse_infrastructure_v3' retrieved from /opt/airflow/dags/setup_lakehouse_infrastructure_v3.py
[2026-07-26T15:24:45.476+0000] {logging_mixin.py:190} INFO - [2026-07-26T15:24:45.475+0000] {dag.py:3239} INFO - Sync 1 DAGs
[2026-07-26T15:24:45.502+0000] {logging_mixin.py:190} INFO - [2026-07-26T15:24:45.502+0000] {dag.py:4180} INFO - Setting next_dagrun for setup_lakehouse_infrastructure_v3 to None, run_after=None
[2026-07-26T15:24:45.526+0000] {processor.py:208} INFO - Processing /opt/airflow/dags/setup_lakehouse_infrastructure_v3.py took 0.120 seconds
[2026-07-26T15:25:15.870+0000] {processor.py:186} INFO - Started process (PID=4028) to work on /opt/airflow/dags/setup_lakehouse_infrastructure_v3.py
[2026-07-26T15:25:15.871+0000] {processor.py:914} INFO - Processing file /opt/airflow/dags/setup_lakehouse_infrastructure_v3.py for tasks to queue
[2026-07-26T15:25:15.873+0000] {logging_mixin.py:190} INFO - [2026-07-26T15:25:15.873+0000] {dagbag.py:588} INFO - Filling up the DagBag from /opt/airflow/dags/setup_lakehouse_infrastructure_v3.py
[2026-07-26T15:25:15.895+0000] {processor.py:925} INFO - DAG(s) 'setup_lakehouse_infrastructure_v3' retrieved from /opt/airflow/dags/setup_lakehouse_infrastructure_v3.py
[2026-07-26T15:25:15.923+0000] {logging_mixin.py:190} INFO - [2026-07-26T15:25:15.923+0000] {dag.py:3239} INFO - Sync 1 DAGs
[2026-07-26T15:25:15.945+0000] {logging_mixin.py:190} INFO - [2026-07-26T15:25:15.945+0000] {dag.py:4180} INFO - Setting next_dagrun for setup_lakehouse_infrastructure_v3 to None, run_after=None
[2026-07-26T15:25:15.963+0000] {processor.py:208} INFO - Processing /opt/airflow/dags/setup_lakehouse_infrastructure_v3.py took 0.099 seconds
[2026-07-26T15:25:46.231+0000] {processor.py:186} INFO - Started process (PID=4121) to work on /opt/airflow/dags/setup_lakehouse_infrastructure_v3.py
[2026-07-26T15:25:46.232+0000] {processor.py:914} INFO - Processing file /opt/airflow/dags/setup_lakehouse_infrastructure_v3.py for tasks to queue
[2026-07-26T15:25:46.234+0000] {logging_mixin.py:190} INFO - [2026-07-26T15:25:46.234+0000] {dagbag.py:588} INFO - Filling up the DagBag from /opt/airflow/dags/setup_lakehouse_infrastructure_v3.py
[2026-07-26T15:25:46.262+0000] {processor.py:925} INFO - DAG(s) 'setup_lakehouse_infrastructure_v3' retrieved from /opt/airflow/dags/setup_lakehouse_infrastructure_v3.py
[2026-07-26T15:25:46.284+0000] {logging_mixin.py:190} INFO - [2026-07-26T15:25:46.283+0000] {dag.py:3239} INFO - Sync 1 DAGs
[2026-07-26T15:25:46.303+0000] {logging_mixin.py:190} INFO - [2026-07-26T15:25:46.303+0000] {dag.py:4180} INFO - Setting next_dagrun for setup_lakehouse_infrastructure_v3 to None, run_after=None
[2026-07-26T15:25:46.322+0000] {processor.py:208} INFO - Processing /opt/airflow/dags/setup_lakehouse_infrastructure_v3.py took 0.095 seconds
[2026-07-26T15:26:17.038+0000] {processor.py:186} INFO - Started process (PID=4214) to work on /opt/airflow/dags/setup_lakehouse_infrastructure_v3.py
[2026-07-26T15:26:17.039+0000] {processor.py:914} INFO - Processing file /opt/airflow/dags/setup_lakehouse_infrastructure_v3.py for tasks to queue
[2026-07-26T15:26:17.042+0000] {logging_mixin.py:190} INFO - [2026-07-26T15:26:17.041+0000] {dagbag.py:588} INFO - Filling up the DagBag from /opt/airflow/dags/setup_lakehouse_infrastructure_v3.py
[2026-07-26T15:26:17.074+0000] {processor.py:925} INFO - DAG(s) 'setup_lakehouse_infrastructure_v3' retrieved from /opt/airflow/dags/setup_lakehouse_infrastructure_v3.py
[2026-07-26T15:26:17.100+0000] {logging_mixin.py:190} INFO - [2026-07-26T15:26:17.100+0000] {dag.py:3239} INFO - Sync 1 DAGs
[2026-07-26T15:26:17.125+0000] {logging_mixin.py:190} INFO - [2026-07-26T15:26:17.125+0000] {dag.py:4180} INFO - Setting next_dagrun for setup_lakehouse_infrastructure_v3 to None, run_after=None
[2026-07-26T15:26:17.149+0000] {processor.py:208} INFO - Processing /opt/airflow/dags/setup_lakehouse_infrastructure_v3.py took 0.116 seconds
[2026-07-26T15:26:47.373+0000] {processor.py:186} INFO - Started process (PID=4305) to work on /opt/airflow/dags/setup_lakehouse_infrastructure_v3.py
[2026-07-26T15:26:47.374+0000] {processor.py:914} INFO - Processing file /opt/airflow/dags/setup_lakehouse_infrastructure_v3.py for tasks to queue
[2026-07-26T15:26:47.376+0000] {logging_mixin.py:190} INFO - [2026-07-26T15:26:47.375+0000] {dagbag.py:588} INFO - Filling up the DagBag from /opt/airflow/dags/setup_lakehouse_infrastructure_v3.py
[2026-07-26T15:26:47.401+0000] {processor.py:925} INFO - DAG(s) 'setup_lakehouse_infrastructure_v3' retrieved from /opt/airflow/dags/setup_lakehouse_infrastructure_v3.py
[2026-07-26T15:26:47.425+0000] {logging_mixin.py:190} INFO - [2026-07-26T15:26:47.425+0000] {dag.py:3239} INFO - Sync 1 DAGs
[2026-07-26T15:26:47.447+0000] {logging_mixin.py:190} INFO - [2026-07-26T15:26:47.447+0000] {dag.py:4180} INFO - Setting next_dagrun for setup_lakehouse_infrastructure_v3 to None, run_after=None
[2026-07-26T15:26:47.469+0000] {processor.py:208} INFO - Processing /opt/airflow/dags/setup_lakehouse_infrastructure_v3.py took 0.102 seconds
[2026-07-26T15:27:18.052+0000] {processor.py:186} INFO - Started process (PID=4393) to work on /opt/airflow/dags/setup_lakehouse_infrastructure_v3.py
[2026-07-26T15:27:18.053+0000] {processor.py:914} INFO - Processing file /opt/airflow/dags/setup_lakehouse_infrastructure_v3.py for tasks to queue
[2026-07-26T15:27:18.055+0000] {logging_mixin.py:190} INFO - [2026-07-26T15:27:18.055+0000] {dagbag.py:588} INFO - Filling up the DagBag from /opt/airflow/dags/setup_lakehouse_infrastructure_v3.py
[2026-07-26T15:27:18.080+0000] {processor.py:925} INFO - DAG(s) 'setup_lakehouse_infrastructure_v3' retrieved from /opt/airflow/dags/setup_lakehouse_infrastructure_v3.py
[2026-07-26T15:27:18.106+0000] {logging_mixin.py:190} INFO - [2026-07-26T15:27:18.106+0000] {dag.py:3239} INFO - Sync 1 DAGs
[2026-07-26T15:27:18.130+0000] {logging_mixin.py:190} INFO - [2026-07-26T15:27:18.130+0000] {dag.py:4180} INFO - Setting next_dagrun for setup_lakehouse_infrastructure_v3 to None, run_after=None
[2026-07-26T15:27:18.149+0000] {processor.py:208} INFO - Processing /opt/airflow/dags/setup_lakehouse_infrastructure_v3.py took 0.103 seconds
[2026-07-26T15:27:48.407+0000] {processor.py:186} INFO - Started process (PID=4488) to work on /opt/airflow/dags/setup_lakehouse_infrastructure_v3.py
[2026-07-26T15:27:48.408+0000] {processor.py:914} INFO - Processing file /opt/airflow/dags/setup_lakehouse_infrastructure_v3.py for tasks to queue
[2026-07-26T15:27:48.410+0000] {logging_mixin.py:190} INFO - [2026-07-26T15:27:48.410+0000] {dagbag.py:588} INFO - Filling up the DagBag from /opt/airflow/dags/setup_lakehouse_infrastructure_v3.py
[2026-07-26T15:27:48.440+0000] {processor.py:925} INFO - DAG(s) 'setup_lakehouse_infrastructure_v3' retrieved from /opt/airflow/dags/setup_lakehouse_infrastructure_v3.py
[2026-07-26T15:27:48.460+0000] {logging_mixin.py:190} INFO - [2026-07-26T15:27:48.460+0000] {dag.py:3239} INFO - Sync 1 DAGs
[2026-07-26T15:27:48.479+0000] {logging_mixin.py:190} INFO - [2026-07-26T15:27:48.479+0000] {dag.py:4180} INFO - Setting next_dagrun for setup_lakehouse_infrastructure_v3 to None, run_after=None
[2026-07-26T15:27:48.502+0000] {processor.py:208} INFO - Processing /opt/airflow/dags/setup_lakehouse_infrastructure_v3.py took 0.100 seconds
[2026-07-26T15:28:19.062+0000] {processor.py:186} INFO - Started process (PID=4579) to work on /opt/airflow/dags/setup_lakehouse_infrastructure_v3.py
[2026-07-26T15:28:19.064+0000] {processor.py:914} INFO - Processing file /opt/airflow/dags/setup_lakehouse_infrastructure_v3.py for tasks to queue
[2026-07-26T15:28:19.066+0000] {logging_mixin.py:190} INFO - [2026-07-26T15:28:19.066+0000] {dagbag.py:588} INFO - Filling up the DagBag from /opt/airflow/dags/setup_lakehouse_infrastructure_v3.py
[2026-07-26T15:28:19.093+0000] {processor.py:925} INFO - DAG(s) 'setup_lakehouse_infrastructure_v3' retrieved from /opt/airflow/dags/setup_lakehouse_infrastructure_v3.py
[2026-07-26T15:28:19.117+0000] {logging_mixin.py:190} INFO - [2026-07-26T15:28:19.117+0000] {dag.py:3239} INFO - Sync 1 DAGs
[2026-07-26T15:28:19.139+0000] {logging_mixin.py:190} INFO - [2026-07-26T15:28:19.138+0000] {dag.py:4180} INFO - Setting next_dagrun for setup_lakehouse_infrastructure_v3 to None, run_after=None
[2026-07-26T15:28:19.158+0000] {processor.py:208} INFO - Processing /opt/airflow/dags/setup_lakehouse_infrastructure_v3.py took 0.102 seconds
[2026-07-26T15:28:49.384+0000] {processor.py:186} INFO - Started process (PID=4669) to work on /opt/airflow/dags/setup_lakehouse_infrastructure_v3.py
[2026-07-26T15:28:49.385+0000] {processor.py:914} INFO - Processing file /opt/airflow/dags/setup_lakehouse_infrastructure_v3.py for tasks to queue
[2026-07-26T15:28:49.388+0000] {logging_mixin.py:190} INFO - [2026-07-26T15:28:49.388+0000] {dagbag.py:588} INFO - Filling up the DagBag from /opt/airflow/dags/setup_lakehouse_infrastructure_v3.py
[2026-07-26T15:28:49.413+0000] {processor.py:925} INFO - DAG(s) 'setup_lakehouse_infrastructure_v3' retrieved from /opt/airflow/dags/setup_lakehouse_infrastructure_v3.py
[2026-07-26T15:28:49.438+0000] {logging_mixin.py:190} INFO - [2026-07-26T15:28:49.438+0000] {dag.py:3239} INFO - Sync 1 DAGs
[2026-07-26T15:28:49.464+0000] {logging_mixin.py:190} INFO - [2026-07-26T15:28:49.464+0000] {dag.py:4180} INFO - Setting next_dagrun for setup_lakehouse_infrastructure_v3 to None, run_after=None
[2026-07-26T15:28:49.483+0000] {processor.py:208} INFO - Processing /opt/airflow/dags/setup_lakehouse_infrastructure_v3.py took 0.105 seconds
[2026-07-26T15:29:19.942+0000] {processor.py:186} INFO - Started process (PID=4760) to work on /opt/airflow/dags/setup_lakehouse_infrastructure_v3.py
[2026-07-26T15:29:19.943+0000] {processor.py:914} INFO - Processing file /opt/airflow/dags/setup_lakehouse_infrastructure_v3.py for tasks to queue
[2026-07-26T15:29:19.946+0000] {logging_mixin.py:190} INFO - [2026-07-26T15:29:19.946+0000] {dagbag.py:588} INFO - Filling up the DagBag from /opt/airflow/dags/setup_lakehouse_infrastructure_v3.py
[2026-07-26T15:29:19.973+0000] {processor.py:925} INFO - DAG(s) 'setup_lakehouse_infrastructure_v3' retrieved from /opt/airflow/dags/setup_lakehouse_infrastructure_v3.py
[2026-07-26T15:29:20.004+0000] {logging_mixin.py:190} INFO - [2026-07-26T15:29:20.004+0000] {dag.py:3239} INFO - Sync 1 DAGs
[2026-07-26T15:29:20.029+0000] {logging_mixin.py:190} INFO - [2026-07-26T15:29:20.029+0000] {dag.py:4180} INFO - Setting next_dagrun for setup_lakehouse_infrastructure_v3 to None, run_after=None
[2026-07-26T15:29:20.051+0000] {processor.py:208} INFO - Processing /opt/airflow/dags/setup_lakehouse_infrastructure_v3.py took 0.117 seconds
[2026-07-26T15:29:51.018+0000] {processor.py:186} INFO - Started process (PID=4853) to work on /opt/airflow/dags/setup_lakehouse_infrastructure_v3.py
[2026-07-26T15:29:51.019+0000] {processor.py:914} INFO - Processing file /opt/airflow/dags/setup_lakehouse_infrastructure_v3.py for tasks to queue
[2026-07-26T15:29:51.021+0000] {logging_mixin.py:190} INFO - [2026-07-26T15:29:51.021+0000] {dagbag.py:588} INFO - Filling up the DagBag from /opt/airflow/dags/setup_lakehouse_infrastructure_v3.py
[2026-07-26T15:29:51.049+0000] {processor.py:925} INFO - DAG(s) 'setup_lakehouse_infrastructure_v3' retrieved from /opt/airflow/dags/setup_lakehouse_infrastructure_v3.py
[2026-07-26T15:29:51.075+0000] {logging_mixin.py:190} INFO - [2026-07-26T15:29:51.075+0000] {dag.py:3239} INFO - Sync 1 DAGs
[2026-07-26T15:29:51.099+0000] {logging_mixin.py:190} INFO - [2026-07-26T15:29:51.099+0000] {dag.py:4180} INFO - Setting next_dagrun for setup_lakehouse_infrastructure_v3 to None, run_after=None
[2026-07-26T15:29:51.126+0000] {processor.py:208} INFO - Processing /opt/airflow/dags/setup_lakehouse_infrastructure_v3.py took 0.114 seconds
[2026-07-26T15:30:21.868+0000] {processor.py:186} INFO - Started process (PID=4946) to work on /opt/airflow/dags/setup_lakehouse_infrastructure_v3.py
[2026-07-26T15:30:21.869+0000] {processor.py:914} INFO - Processing file /opt/airflow/dags/setup_lakehouse_infrastructure_v3.py for tasks to queue
[2026-07-26T15:30:21.872+0000] {logging_mixin.py:190} INFO - [2026-07-26T15:30:21.872+0000] {dagbag.py:588} INFO - Filling up the DagBag from /opt/airflow/dags/setup_lakehouse_infrastructure_v3.py
[2026-07-26T15:30:21.902+0000] {processor.py:925} INFO - DAG(s) 'setup_lakehouse_infrastructure_v3' retrieved from /opt/airflow/dags/setup_lakehouse_infrastructure_v3.py
[2026-07-26T15:30:21.928+0000] {logging_mixin.py:190} INFO - [2026-07-26T15:30:21.927+0000] {dag.py:3239} INFO - Sync 1 DAGs
[2026-07-26T15:30:21.949+0000] {logging_mixin.py:190} INFO - [2026-07-26T15:30:21.948+0000] {dag.py:4180} INFO - Setting next_dagrun for setup_lakehouse_infrastructure_v3 to None, run_after=None
[2026-07-26T15:30:21.969+0000] {processor.py:208} INFO - Processing /opt/airflow/dags/setup_lakehouse_infrastructure_v3.py took 0.107 seconds
[2026-07-26T15:30:52.723+0000] {processor.py:186} INFO - Started process (PID=5034) to work on /opt/airflow/dags/setup_lakehouse_infrastructure_v3.py
[2026-07-26T15:30:52.724+0000] {processor.py:914} INFO - Processing file /opt/airflow/dags/setup_lakehouse_infrastructure_v3.py for tasks to queue
[2026-07-26T15:30:52.726+0000] {logging_mixin.py:190} INFO - [2026-07-26T15:30:52.725+0000] {dagbag.py:588} INFO - Filling up the DagBag from /opt/airflow/dags/setup_lakehouse_infrastructure_v3.py
[2026-07-26T15:30:52.751+0000] {processor.py:925} INFO - DAG(s) 'setup_lakehouse_infrastructure_v3' retrieved from /opt/airflow/dags/setup_lakehouse_infrastructure_v3.py
[2026-07-26T15:30:52.775+0000] {logging_mixin.py:190} INFO - [2026-07-26T15:30:52.775+0000] {dag.py:3239} INFO - Sync 1 DAGs
[2026-07-26T15:30:52.797+0000] {logging_mixin.py:190} INFO - [2026-07-26T15:30:52.797+0000] {dag.py:4180} INFO - Setting next_dagrun for setup_lakehouse_infrastructure_v3 to None, run_after=None
[2026-07-26T15:30:52.816+0000] {processor.py:208} INFO - Processing /opt/airflow/dags/setup_lakehouse_infrastructure_v3.py took 0.098 seconds
[2026-07-26T15:31:23.601+0000] {processor.py:186} INFO - Started process (PID=5174) to work on /opt/airflow/dags/setup_lakehouse_infrastructure_v3.py
[2026-07-26T15:31:23.602+0000] {processor.py:914} INFO - Processing file /opt/airflow/dags/setup_lakehouse_infrastructure_v3.py for tasks to queue
[2026-07-26T15:31:23.604+0000] {logging_mixin.py:190} INFO - [2026-07-26T15:31:23.604+0000] {dagbag.py:588} INFO - Filling up the DagBag from /opt/airflow/dags/setup_lakehouse_infrastructure_v3.py
[2026-07-26T15:31:23.632+0000] {processor.py:925} INFO - DAG(s) 'setup_lakehouse_infrastructure_v3' retrieved from /opt/airflow/dags/setup_lakehouse_infrastructure_v3.py
[2026-07-26T15:31:23.655+0000] {logging_mixin.py:190} INFO - [2026-07-26T15:31:23.655+0000] {dag.py:3239} INFO - Sync 1 DAGs
[2026-07-26T15:31:23.675+0000] {logging_mixin.py:190} INFO - [2026-07-26T15:31:23.675+0000] {dag.py:4180} INFO - Setting next_dagrun for setup_lakehouse_infrastructure_v3 to None, run_after=None
[2026-07-26T15:31:23.702+0000] {processor.py:208} INFO - Processing /opt/airflow/dags/setup_lakehouse_infrastructure_v3.py took 0.110 seconds
[2026-07-26T15:31:53.980+0000] {processor.py:186} INFO - Started process (PID=5571) to work on /opt/airflow/dags/setup_lakehouse_infrastructure_v3.py
[2026-07-26T15:31:53.983+0000] {processor.py:914} INFO - Processing file /opt/airflow/dags/setup_lakehouse_infrastructure_v3.py for tasks to queue
[2026-07-26T15:31:53.985+0000] {logging_mixin.py:190} INFO - [2026-07-26T15:31:53.985+0000] {dagbag.py:588} INFO - Filling up the DagBag from /opt/airflow/dags/setup_lakehouse_infrastructure_v3.py
[2026-07-26T15:31:54.015+0000] {processor.py:925} INFO - DAG(s) 'setup_lakehouse_infrastructure_v3' retrieved from /opt/airflow/dags/setup_lakehouse_infrastructure_v3.py
[2026-07-26T15:31:54.041+0000] {logging_mixin.py:190} INFO - [2026-07-26T15:31:54.041+0000] {dag.py:3239} INFO - Sync 1 DAGs
[2026-07-26T15:31:54.063+0000] {logging_mixin.py:190} INFO - [2026-07-26T15:31:54.063+0000] {dag.py:4180} INFO - Setting next_dagrun for setup_lakehouse_infrastructure_v3 to None, run_after=None
[2026-07-26T15:31:54.082+0000] {processor.py:208} INFO - Processing /opt/airflow/dags/setup_lakehouse_infrastructure_v3.py took 0.108 seconds
[2026-07-26T15:32:24.654+0000] {processor.py:186} INFO - Started process (PID=5665) to work on /opt/airflow/dags/setup_lakehouse_infrastructure_v3.py
[2026-07-26T15:32:24.656+0000] {processor.py:914} INFO - Processing file /opt/airflow/dags/setup_lakehouse_infrastructure_v3.py for tasks to queue
[2026-07-26T15:32:24.659+0000] {logging_mixin.py:190} INFO - [2026-07-26T15:32:24.658+0000] {dagbag.py:588} INFO - Filling up the DagBag from /opt/airflow/dags/setup_lakehouse_infrastructure_v3.py
[2026-07-26T15:32:24.690+0000] {processor.py:925} INFO - DAG(s) 'setup_lakehouse_infrastructure_v3' retrieved from /opt/airflow/dags/setup_lakehouse_infrastructure_v3.py
[2026-07-26T15:32:24.716+0000] {logging_mixin.py:190} INFO - [2026-07-26T15:32:24.716+0000] {dag.py:3239} INFO - Sync 1 DAGs
[2026-07-26T15:32:24.752+0000] {logging_mixin.py:190} INFO - [2026-07-26T15:32:24.752+0000] {dag.py:4180} INFO - Setting next_dagrun for setup_lakehouse_infrastructure_v3 to None, run_after=None
[2026-07-26T15:32:24.796+0000] {processor.py:208} INFO - Processing /opt/airflow/dags/setup_lakehouse_infrastructure_v3.py took 0.147 seconds
[2026-07-26T15:32:55.131+0000] {processor.py:186} INFO - Started process (PID=5766) to work on /opt/airflow/dags/setup_lakehouse_infrastructure_v3.py
[2026-07-26T15:32:55.132+0000] {processor.py:914} INFO - Processing file /opt/airflow/dags/setup_lakehouse_infrastructure_v3.py for tasks to queue
[2026-07-26T15:32:55.135+0000] {logging_mixin.py:190} INFO - [2026-07-26T15:32:55.134+0000] {dagbag.py:588} INFO - Filling up the DagBag from /opt/airflow/dags/setup_lakehouse_infrastructure_v3.py
[2026-07-26T15:32:55.161+0000] {processor.py:925} INFO - DAG(s) 'setup_lakehouse_infrastructure_v3' retrieved from /opt/airflow/dags/setup_lakehouse_infrastructure_v3.py
[2026-07-26T15:32:55.187+0000] {logging_mixin.py:190} INFO - [2026-07-26T15:32:55.186+0000] {dag.py:3239} INFO - Sync 1 DAGs
[2026-07-26T15:32:55.212+0000] {logging_mixin.py:190} INFO - [2026-07-26T15:32:55.212+0000] {dag.py:4180} INFO - Setting next_dagrun for setup_lakehouse_infrastructure_v3 to None, run_after=None
[2026-07-26T15:32:55.229+0000] {processor.py:208} INFO - Processing /opt/airflow/dags/setup_lakehouse_infrastructure_v3.py took 0.105 seconds
[2026-07-26T15:33:26.094+0000] {processor.py:186} INFO - Started process (PID=5881) to work on /opt/airflow/dags/setup_lakehouse_infrastructure_v3.py
[2026-07-26T15:33:26.096+0000] {processor.py:914} INFO - Processing file /opt/airflow/dags/setup_lakehouse_infrastructure_v3.py for tasks to queue
[2026-07-26T15:33:26.101+0000] {logging_mixin.py:190} INFO - [2026-07-26T15:33:26.100+0000] {dagbag.py:588} INFO - Filling up the DagBag from /opt/airflow/dags/setup_lakehouse_infrastructure_v3.py
[2026-07-26T15:33:26.163+0000] {processor.py:925} INFO - DAG(s) 'setup_lakehouse_infrastructure_v3' retrieved from /opt/airflow/dags/setup_lakehouse_infrastructure_v3.py
[2026-07-26T15:33:26.236+0000] {logging_mixin.py:190} INFO - [2026-07-26T15:33:26.236+0000] {dag.py:3239} INFO - Sync 1 DAGs
[2026-07-26T15:33:26.285+0000] {logging_mixin.py:190} INFO - [2026-07-26T15:33:26.285+0000] {dag.py:4180} INFO - Setting next_dagrun for setup_lakehouse_infrastructure_v3 to None, run_after=None
[2026-07-26T15:33:26.323+0000] {processor.py:208} INFO - Processing /opt/airflow/dags/setup_lakehouse_infrastructure_v3.py took 0.240 seconds
[2026-07-26T15:33:56.935+0000] {processor.py:186} INFO - Started process (PID=6021) to work on /opt/airflow/dags/setup_lakehouse_infrastructure_v3.py
[2026-07-26T15:33:56.936+0000] {processor.py:914} INFO - Processing file /opt/airflow/dags/setup_lakehouse_infrastructure_v3.py for tasks to queue
[2026-07-26T15:33:56.947+0000] {logging_mixin.py:190} INFO - [2026-07-26T15:33:56.945+0000] {dagbag.py:588} INFO - Filling up the DagBag from /opt/airflow/dags/setup_lakehouse_infrastructure_v3.py
[2026-07-26T15:33:57.014+0000] {processor.py:925} INFO - DAG(s) 'setup_lakehouse_infrastructure_v3' retrieved from /opt/airflow/dags/setup_lakehouse_infrastructure_v3.py
[2026-07-26T15:33:57.076+0000] {logging_mixin.py:190} INFO - [2026-07-26T15:33:57.076+0000] {dag.py:3239} INFO - Sync 1 DAGs
[2026-07-26T15:33:57.118+0000] {logging_mixin.py:190} INFO - [2026-07-26T15:33:57.118+0000] {dag.py:4180} INFO - Setting next_dagrun for setup_lakehouse_infrastructure_v3 to None, run_after=None
[2026-07-26T15:33:57.160+0000] {processor.py:208} INFO - Processing /opt/airflow/dags/setup_lakehouse_infrastructure_v3.py took 0.235 seconds
[2026-07-26T15:34:27.612+0000] {processor.py:186} INFO - Started process (PID=6140) to work on /opt/airflow/dags/setup_lakehouse_infrastructure_v3.py
[2026-07-26T15:34:27.614+0000] {processor.py:914} INFO - Processing file /opt/airflow/dags/setup_lakehouse_infrastructure_v3.py for tasks to queue
[2026-07-26T15:34:27.621+0000] {logging_mixin.py:190} INFO - [2026-07-26T15:34:27.620+0000] {dagbag.py:588} INFO - Filling up the DagBag from /opt/airflow/dags/setup_lakehouse_infrastructure_v3.py
[2026-07-26T15:34:27.659+0000] {processor.py:925} INFO - DAG(s) 'setup_lakehouse_infrastructure_v3' retrieved from /opt/airflow/dags/setup_lakehouse_infrastructure_v3.py
[2026-07-26T15:34:27.710+0000] {logging_mixin.py:190} INFO - [2026-07-26T15:34:27.709+0000] {dag.py:3239} INFO - Sync 1 DAGs
[2026-07-26T15:34:27.764+0000] {logging_mixin.py:190} INFO - [2026-07-26T15:34:27.763+0000] {dag.py:4180} INFO - Setting next_dagrun for setup_lakehouse_infrastructure_v3 to None, run_after=None
[2026-07-26T15:34:27.810+0000] {processor.py:208} INFO - Processing /opt/airflow/dags/setup_lakehouse_infrastructure_v3.py took 0.209 seconds
[2026-07-26T15:34:58.198+0000] {processor.py:186} INFO - Started process (PID=6282) to work on /opt/airflow/dags/setup_lakehouse_infrastructure_v3.py
[2026-07-26T15:34:58.199+0000] {processor.py:914} INFO - Processing file /opt/airflow/dags/setup_lakehouse_infrastructure_v3.py for tasks to queue
[2026-07-26T15:34:58.202+0000] {logging_mixin.py:190} INFO - [2026-07-26T15:34:58.201+0000] {dagbag.py:588} INFO - Filling up the DagBag from /opt/airflow/dags/setup_lakehouse_infrastructure_v3.py
[2026-07-26T15:34:58.225+0000] {processor.py:925} INFO - DAG(s) 'setup_lakehouse_infrastructure_v3' retrieved from /opt/airflow/dags/setup_lakehouse_infrastructure_v3.py
[2026-07-26T15:34:58.250+0000] {logging_mixin.py:190} INFO - [2026-07-26T15:34:58.250+0000] {dag.py:3239} INFO - Sync 1 DAGs
[2026-07-26T15:34:58.274+0000] {logging_mixin.py:190} INFO - [2026-07-26T15:34:58.273+0000] {dag.py:4180} INFO - Setting next_dagrun for setup_lakehouse_infrastructure_v3 to None, run_after=None
[2026-07-26T15:34:58.300+0000] {processor.py:208} INFO - Processing /opt/airflow/dags/setup_lakehouse_infrastructure_v3.py took 0.109 seconds
[2026-07-26T15:35:28.792+0000] {processor.py:186} INFO - Started process (PID=6373) to work on /opt/airflow/dags/setup_lakehouse_infrastructure_v3.py
[2026-07-26T15:35:28.793+0000] {processor.py:914} INFO - Processing file /opt/airflow/dags/setup_lakehouse_infrastructure_v3.py for tasks to queue
[2026-07-26T15:35:28.796+0000] {logging_mixin.py:190} INFO - [2026-07-26T15:35:28.795+0000] {dagbag.py:588} INFO - Filling up the DagBag from /opt/airflow/dags/setup_lakehouse_infrastructure_v3.py
[2026-07-26T15:35:28.822+0000] {processor.py:925} INFO - DAG(s) 'setup_lakehouse_infrastructure_v3' retrieved from /opt/airflow/dags/setup_lakehouse_infrastructure_v3.py
[2026-07-26T15:35:28.847+0000] {logging_mixin.py:190} INFO - [2026-07-26T15:35:28.847+0000] {dag.py:3239} INFO - Sync 1 DAGs
[2026-07-26T15:35:28.869+0000] {logging_mixin.py:190} INFO - [2026-07-26T15:35:28.869+0000] {dag.py:4180} INFO - Setting next_dagrun for setup_lakehouse_infrastructure_v3 to None, run_after=None
[2026-07-26T15:35:28.886+0000] {processor.py:208} INFO - Processing /opt/airflow/dags/setup_lakehouse_infrastructure_v3.py took 0.100 seconds
[2026-07-26T15:35:59.022+0000] {processor.py:186} INFO - Started process (PID=6461) to work on /opt/airflow/dags/setup_lakehouse_infrastructure_v3.py
[2026-07-26T15:35:59.023+0000] {processor.py:914} INFO - Processing file /opt/airflow/dags/setup_lakehouse_infrastructure_v3.py for tasks to queue
[2026-07-26T15:35:59.027+0000] {logging_mixin.py:190} INFO - [2026-07-26T15:35:59.026+0000] {dagbag.py:588} INFO - Filling up the DagBag from /opt/airflow/dags/setup_lakehouse_infrastructure_v3.py
[2026-07-26T15:35:59.056+0000] {processor.py:925} INFO - DAG(s) 'setup_lakehouse_infrastructure_v3' retrieved from /opt/airflow/dags/setup_lakehouse_infrastructure_v3.py
[2026-07-26T15:35:59.087+0000] {logging_mixin.py:190} INFO - [2026-07-26T15:35:59.086+0000] {dag.py:3239} INFO - Sync 1 DAGs
[2026-07-26T15:35:59.118+0000] {logging_mixin.py:190} INFO - [2026-07-26T15:35:59.118+0000] {dag.py:4180} INFO - Setting next_dagrun for setup_lakehouse_infrastructure_v3 to None, run_after=None
[2026-07-26T15:35:59.145+0000] {processor.py:208} INFO - Processing /opt/airflow/dags/setup_lakehouse_infrastructure_v3.py took 0.129 seconds
[2026-07-26T15:36:29.487+0000] {processor.py:186} INFO - Started process (PID=6539) to work on /opt/airflow/dags/setup_lakehouse_infrastructure_v3.py
[2026-07-26T15:36:29.488+0000] {processor.py:914} INFO - Processing file /opt/airflow/dags/setup_lakehouse_infrastructure_v3.py for tasks to queue
[2026-07-26T15:36:29.490+0000] {logging_mixin.py:190} INFO - [2026-07-26T15:36:29.490+0000] {dagbag.py:588} INFO - Filling up the DagBag from /opt/airflow/dags/setup_lakehouse_infrastructure_v3.py
[2026-07-26T15:36:29.520+0000] {processor.py:925} INFO - DAG(s) 'setup_lakehouse_infrastructure_v3' retrieved from /opt/airflow/dags/setup_lakehouse_infrastructure_v3.py
[2026-07-26T15:36:29.545+0000] {logging_mixin.py:190} INFO - [2026-07-26T15:36:29.544+0000] {dag.py:3239} INFO - Sync 1 DAGs
[2026-07-26T15:36:29.569+0000] {logging_mixin.py:190} INFO - [2026-07-26T15:36:29.569+0000] {dag.py:4180} INFO - Setting next_dagrun for setup_lakehouse_infrastructure_v3 to None, run_after=None
[2026-07-26T15:36:29.591+0000] {processor.py:208} INFO - Processing /opt/airflow/dags/setup_lakehouse_infrastructure_v3.py took 0.109 seconds
[2026-07-26T15:37:00.470+0000] {processor.py:186} INFO - Started process (PID=6613) to work on /opt/airflow/dags/setup_lakehouse_infrastructure_v3.py
[2026-07-26T15:37:00.471+0000] {processor.py:914} INFO - Processing file /opt/airflow/dags/setup_lakehouse_infrastructure_v3.py for tasks to queue
[2026-07-26T15:37:00.473+0000] {logging_mixin.py:190} INFO - [2026-07-26T15:37:00.473+0000] {dagbag.py:588} INFO - Filling up the DagBag from /opt/airflow/dags/setup_lakehouse_infrastructure_v3.py
[2026-07-26T15:37:00.499+0000] {processor.py:925} INFO - DAG(s) 'setup_lakehouse_infrastructure_v3' retrieved from /opt/airflow/dags/setup_lakehouse_infrastructure_v3.py
[2026-07-26T15:37:00.521+0000] {logging_mixin.py:190} INFO - [2026-07-26T15:37:00.521+0000] {dag.py:3239} INFO - Sync 1 DAGs
[2026-07-26T15:37:00.544+0000] {logging_mixin.py:190} INFO - [2026-07-26T15:37:00.544+0000] {dag.py:4180} INFO - Setting next_dagrun for setup_lakehouse_infrastructure_v3 to None, run_after=None
[2026-07-26T15:37:00.562+0000] {processor.py:208} INFO - Processing /opt/airflow/dags/setup_lakehouse_infrastructure_v3.py took 0.099 seconds
[2026-07-26T15:37:31.289+0000] {processor.py:186} INFO - Started process (PID=6703) to work on /opt/airflow/dags/setup_lakehouse_infrastructure_v3.py
[2026-07-26T15:37:31.290+0000] {processor.py:914} INFO - Processing file /opt/airflow/dags/setup_lakehouse_infrastructure_v3.py for tasks to queue
[2026-07-26T15:37:31.292+0000] {logging_mixin.py:190} INFO - [2026-07-26T15:37:31.292+0000] {dagbag.py:588} INFO - Filling up the DagBag from /opt/airflow/dags/setup_lakehouse_infrastructure_v3.py
[2026-07-26T15:37:31.319+0000] {processor.py:925} INFO - DAG(s) 'setup_lakehouse_infrastructure_v3' retrieved from /opt/airflow/dags/setup_lakehouse_infrastructure_v3.py
[2026-07-26T15:37:31.345+0000] {logging_mixin.py:190} INFO - [2026-07-26T15:37:31.344+0000] {dag.py:3239} INFO - Sync 1 DAGs
[2026-07-26T15:37:31.369+0000] {logging_mixin.py:190} INFO - [2026-07-26T15:37:31.369+0000] {dag.py:4180} INFO - Setting next_dagrun for setup_lakehouse_infrastructure_v3 to None, run_after=None
[2026-07-26T15:37:31.389+0000] {processor.py:208} INFO - Processing /opt/airflow/dags/setup_lakehouse_infrastructure_v3.py took 0.107 seconds
