[2026-08-10T03:54:21.139+0000] {processor.py:186} INFO - Started process (PID=241) to work on /opt/airflow/dags/wap_incremental_cfpb_pipeline.py
[2026-08-10T03:54:21.142+0000] {processor.py:914} INFO - Processing file /opt/airflow/dags/wap_incremental_cfpb_pipeline.py for tasks to queue
[2026-08-10T03:54:21.151+0000] {logging_mixin.py:190} INFO - [2026-08-10T03:54:21.149+0000] {dagbag.py:588} INFO - Filling up the DagBag from /opt/airflow/dags/wap_incremental_cfpb_pipeline.py
[2026-08-10T03:54:22.260+0000] {processor.py:925} INFO - DAG(s) 'wap_incremental_cfpb_pipeline' retrieved from /opt/airflow/dags/wap_incremental_cfpb_pipeline.py
[2026-08-10T03:54:22.376+0000] {logging_mixin.py:190} INFO - [2026-08-10T03:54:22.375+0000] {dag.py:3239} INFO - Sync 1 DAGs
[2026-08-10T03:54:22.493+0000] {logging_mixin.py:190} INFO - [2026-08-10T03:54:22.493+0000] {dag.py:4180} INFO - Setting next_dagrun for wap_incremental_cfpb_pipeline to 2026-08-09 00:00:00+00:00, run_after=2026-08-10 00:00:00+00:00
[2026-08-10T03:54:22.669+0000] {processor.py:208} INFO - Processing /opt/airflow/dags/wap_incremental_cfpb_pipeline.py took 1.553 seconds
[2026-08-10T03:54:54.372+0000] {processor.py:186} INFO - Started process (PID=373) to work on /opt/airflow/dags/wap_incremental_cfpb_pipeline.py
[2026-08-10T03:54:54.374+0000] {processor.py:914} INFO - Processing file /opt/airflow/dags/wap_incremental_cfpb_pipeline.py for tasks to queue
[2026-08-10T03:54:54.378+0000] {logging_mixin.py:190} INFO - [2026-08-10T03:54:54.378+0000] {dagbag.py:588} INFO - Filling up the DagBag from /opt/airflow/dags/wap_incremental_cfpb_pipeline.py
[2026-08-10T03:54:55.375+0000] {processor.py:925} INFO - DAG(s) 'wap_incremental_cfpb_pipeline' retrieved from /opt/airflow/dags/wap_incremental_cfpb_pipeline.py
[2026-08-10T03:54:55.475+0000] {logging_mixin.py:190} INFO - [2026-08-10T03:54:55.474+0000] {dag.py:3239} INFO - Sync 1 DAGs
[2026-08-10T03:54:55.586+0000] {logging_mixin.py:190} INFO - [2026-08-10T03:54:55.585+0000] {dag.py:4180} INFO - Setting next_dagrun for wap_incremental_cfpb_pipeline to 2026-08-09 00:00:00+00:00, run_after=2026-08-10 00:00:00+00:00
[2026-08-10T03:54:55.647+0000] {processor.py:208} INFO - Processing /opt/airflow/dags/wap_incremental_cfpb_pipeline.py took 1.285 seconds
[2026-08-10T03:55:26.583+0000] {processor.py:186} INFO - Started process (PID=501) to work on /opt/airflow/dags/wap_incremental_cfpb_pipeline.py
[2026-08-10T03:55:26.587+0000] {processor.py:914} INFO - Processing file /opt/airflow/dags/wap_incremental_cfpb_pipeline.py for tasks to queue
[2026-08-10T03:55:26.592+0000] {logging_mixin.py:190} INFO - [2026-08-10T03:55:26.590+0000] {dagbag.py:588} INFO - Filling up the DagBag from /opt/airflow/dags/wap_incremental_cfpb_pipeline.py
[2026-08-10T03:55:27.731+0000] {processor.py:925} INFO - DAG(s) 'wap_incremental_cfpb_pipeline' retrieved from /opt/airflow/dags/wap_incremental_cfpb_pipeline.py
[2026-08-10T03:55:27.790+0000] {logging_mixin.py:190} INFO - [2026-08-10T03:55:27.790+0000] {dag.py:3239} INFO - Sync 1 DAGs
[2026-08-10T03:55:27.858+0000] {logging_mixin.py:190} INFO - [2026-08-10T03:55:27.857+0000] {dag.py:4180} INFO - Setting next_dagrun for wap_incremental_cfpb_pipeline to 2026-08-09 00:00:00+00:00, run_after=2026-08-10 00:00:00+00:00
[2026-08-10T03:55:27.905+0000] {processor.py:208} INFO - Processing /opt/airflow/dags/wap_incremental_cfpb_pipeline.py took 1.359 seconds
[2026-08-10T03:55:58.281+0000] {processor.py:186} INFO - Started process (PID=632) to work on /opt/airflow/dags/wap_incremental_cfpb_pipeline.py
[2026-08-10T03:55:58.284+0000] {processor.py:914} INFO - Processing file /opt/airflow/dags/wap_incremental_cfpb_pipeline.py for tasks to queue
[2026-08-10T03:55:58.287+0000] {logging_mixin.py:190} INFO - [2026-08-10T03:55:58.286+0000] {dagbag.py:588} INFO - Filling up the DagBag from /opt/airflow/dags/wap_incremental_cfpb_pipeline.py
[2026-08-10T03:55:58.980+0000] {processor.py:925} INFO - DAG(s) 'wap_incremental_cfpb_pipeline' retrieved from /opt/airflow/dags/wap_incremental_cfpb_pipeline.py
[2026-08-10T03:55:59.028+0000] {logging_mixin.py:190} INFO - [2026-08-10T03:55:59.028+0000] {dag.py:3239} INFO - Sync 1 DAGs
[2026-08-10T03:55:59.072+0000] {logging_mixin.py:190} INFO - [2026-08-10T03:55:59.072+0000] {dag.py:4180} INFO - Setting next_dagrun for wap_incremental_cfpb_pipeline to 2026-08-09 00:00:00+00:00, run_after=2026-08-10 00:00:00+00:00
[2026-08-10T03:55:59.102+0000] {processor.py:208} INFO - Processing /opt/airflow/dags/wap_incremental_cfpb_pipeline.py took 0.832 seconds
[2026-08-10T03:56:29.735+0000] {processor.py:186} INFO - Started process (PID=762) to work on /opt/airflow/dags/wap_incremental_cfpb_pipeline.py
[2026-08-10T03:56:29.737+0000] {processor.py:914} INFO - Processing file /opt/airflow/dags/wap_incremental_cfpb_pipeline.py for tasks to queue
[2026-08-10T03:56:29.740+0000] {logging_mixin.py:190} INFO - [2026-08-10T03:56:29.739+0000] {dagbag.py:588} INFO - Filling up the DagBag from /opt/airflow/dags/wap_incremental_cfpb_pipeline.py
[2026-08-10T03:56:30.223+0000] {processor.py:925} INFO - DAG(s) 'wap_incremental_cfpb_pipeline' retrieved from /opt/airflow/dags/wap_incremental_cfpb_pipeline.py
[2026-08-10T03:56:30.263+0000] {logging_mixin.py:190} INFO - [2026-08-10T03:56:30.263+0000] {dag.py:3239} INFO - Sync 1 DAGs
[2026-08-10T03:56:30.303+0000] {logging_mixin.py:190} INFO - [2026-08-10T03:56:30.302+0000] {dag.py:4180} INFO - Setting next_dagrun for wap_incremental_cfpb_pipeline to 2026-08-09 00:00:00+00:00, run_after=2026-08-10 00:00:00+00:00
[2026-08-10T03:56:30.332+0000] {processor.py:208} INFO - Processing /opt/airflow/dags/wap_incremental_cfpb_pipeline.py took 0.607 seconds
[2026-08-10T03:57:00.802+0000] {processor.py:186} INFO - Started process (PID=893) to work on /opt/airflow/dags/wap_incremental_cfpb_pipeline.py
[2026-08-10T03:57:00.804+0000] {processor.py:914} INFO - Processing file /opt/airflow/dags/wap_incremental_cfpb_pipeline.py for tasks to queue
[2026-08-10T03:57:00.806+0000] {logging_mixin.py:190} INFO - [2026-08-10T03:57:00.806+0000] {dagbag.py:588} INFO - Filling up the DagBag from /opt/airflow/dags/wap_incremental_cfpb_pipeline.py
[2026-08-10T03:57:01.497+0000] {processor.py:925} INFO - DAG(s) 'wap_incremental_cfpb_pipeline' retrieved from /opt/airflow/dags/wap_incremental_cfpb_pipeline.py
[2026-08-10T03:57:01.545+0000] {logging_mixin.py:190} INFO - [2026-08-10T03:57:01.545+0000] {dag.py:3239} INFO - Sync 1 DAGs
[2026-08-10T03:57:01.591+0000] {logging_mixin.py:190} INFO - [2026-08-10T03:57:01.590+0000] {dag.py:4180} INFO - Setting next_dagrun for wap_incremental_cfpb_pipeline to 2026-08-09 00:00:00+00:00, run_after=2026-08-10 00:00:00+00:00
[2026-08-10T03:57:01.634+0000] {processor.py:208} INFO - Processing /opt/airflow/dags/wap_incremental_cfpb_pipeline.py took 0.844 seconds
[2026-08-10T03:57:32.381+0000] {processor.py:186} INFO - Started process (PID=1023) to work on /opt/airflow/dags/wap_incremental_cfpb_pipeline.py
[2026-08-10T03:57:32.383+0000] {processor.py:914} INFO - Processing file /opt/airflow/dags/wap_incremental_cfpb_pipeline.py for tasks to queue
[2026-08-10T03:57:32.385+0000] {logging_mixin.py:190} INFO - [2026-08-10T03:57:32.384+0000] {dagbag.py:588} INFO - Filling up the DagBag from /opt/airflow/dags/wap_incremental_cfpb_pipeline.py
[2026-08-10T03:57:32.789+0000] {processor.py:925} INFO - DAG(s) 'wap_incremental_cfpb_pipeline' retrieved from /opt/airflow/dags/wap_incremental_cfpb_pipeline.py
[2026-08-10T03:57:32.817+0000] {logging_mixin.py:190} INFO - [2026-08-10T03:57:32.817+0000] {dag.py:3239} INFO - Sync 1 DAGs
[2026-08-10T03:57:32.847+0000] {logging_mixin.py:190} INFO - [2026-08-10T03:57:32.847+0000] {dag.py:4180} INFO - Setting next_dagrun for wap_incremental_cfpb_pipeline to 2026-08-09 00:00:00+00:00, run_after=2026-08-10 00:00:00+00:00
[2026-08-10T03:57:32.874+0000] {processor.py:208} INFO - Processing /opt/airflow/dags/wap_incremental_cfpb_pipeline.py took 0.502 seconds
[2026-08-10T03:58:03.526+0000] {processor.py:186} INFO - Started process (PID=1154) to work on /opt/airflow/dags/wap_incremental_cfpb_pipeline.py
[2026-08-10T03:58:03.529+0000] {processor.py:914} INFO - Processing file /opt/airflow/dags/wap_incremental_cfpb_pipeline.py for tasks to queue
[2026-08-10T03:58:03.531+0000] {logging_mixin.py:190} INFO - [2026-08-10T03:58:03.530+0000] {dagbag.py:588} INFO - Filling up the DagBag from /opt/airflow/dags/wap_incremental_cfpb_pipeline.py
[2026-08-10T03:58:03.959+0000] {processor.py:925} INFO - DAG(s) 'wap_incremental_cfpb_pipeline' retrieved from /opt/airflow/dags/wap_incremental_cfpb_pipeline.py
[2026-08-10T03:58:03.993+0000] {logging_mixin.py:190} INFO - [2026-08-10T03:58:03.993+0000] {dag.py:3239} INFO - Sync 1 DAGs
[2026-08-10T03:58:04.014+0000] {logging_mixin.py:190} INFO - [2026-08-10T03:58:04.014+0000] {dag.py:4180} INFO - Setting next_dagrun for wap_incremental_cfpb_pipeline to 2026-08-09 00:00:00+00:00, run_after=2026-08-10 00:00:00+00:00
[2026-08-10T03:58:04.037+0000] {processor.py:208} INFO - Processing /opt/airflow/dags/wap_incremental_cfpb_pipeline.py took 0.522 seconds
[2026-08-10T03:58:34.887+0000] {processor.py:186} INFO - Started process (PID=1284) to work on /opt/airflow/dags/wap_incremental_cfpb_pipeline.py
[2026-08-10T03:58:34.888+0000] {processor.py:914} INFO - Processing file /opt/airflow/dags/wap_incremental_cfpb_pipeline.py for tasks to queue
[2026-08-10T03:58:34.889+0000] {logging_mixin.py:190} INFO - [2026-08-10T03:58:34.889+0000] {dagbag.py:588} INFO - Filling up the DagBag from /opt/airflow/dags/wap_incremental_cfpb_pipeline.py
[2026-08-10T03:58:35.295+0000] {processor.py:925} INFO - DAG(s) 'wap_incremental_cfpb_pipeline' retrieved from /opt/airflow/dags/wap_incremental_cfpb_pipeline.py
[2026-08-10T03:58:35.350+0000] {logging_mixin.py:190} INFO - [2026-08-10T03:58:35.350+0000] {dag.py:3239} INFO - Sync 1 DAGs
[2026-08-10T03:58:35.400+0000] {logging_mixin.py:190} INFO - [2026-08-10T03:58:35.400+0000] {dag.py:4180} INFO - Setting next_dagrun for wap_incremental_cfpb_pipeline to 2026-08-09 00:00:00+00:00, run_after=2026-08-10 00:00:00+00:00
[2026-08-10T03:58:35.471+0000] {processor.py:208} INFO - Processing /opt/airflow/dags/wap_incremental_cfpb_pipeline.py took 0.590 seconds
[2026-08-10T03:59:05.982+0000] {processor.py:186} INFO - Started process (PID=1416) to work on /opt/airflow/dags/wap_incremental_cfpb_pipeline.py
[2026-08-10T03:59:05.983+0000] {processor.py:914} INFO - Processing file /opt/airflow/dags/wap_incremental_cfpb_pipeline.py for tasks to queue
[2026-08-10T03:59:05.985+0000] {logging_mixin.py:190} INFO - [2026-08-10T03:59:05.985+0000] {dagbag.py:588} INFO - Filling up the DagBag from /opt/airflow/dags/wap_incremental_cfpb_pipeline.py
[2026-08-10T03:59:06.536+0000] {processor.py:925} INFO - DAG(s) 'wap_incremental_cfpb_pipeline' retrieved from /opt/airflow/dags/wap_incremental_cfpb_pipeline.py
[2026-08-10T03:59:06.577+0000] {logging_mixin.py:190} INFO - [2026-08-10T03:59:06.577+0000] {dag.py:3239} INFO - Sync 1 DAGs
[2026-08-10T03:59:06.821+0000] {logging_mixin.py:190} INFO - [2026-08-10T03:59:06.820+0000] {dag.py:4180} INFO - Setting next_dagrun for wap_incremental_cfpb_pipeline to 2026-08-09 00:00:00+00:00, run_after=2026-08-10 00:00:00+00:00
[2026-08-10T03:59:06.860+0000] {processor.py:208} INFO - Processing /opt/airflow/dags/wap_incremental_cfpb_pipeline.py took 0.886 seconds
[2026-08-10T03:59:37.507+0000] {processor.py:186} INFO - Started process (PID=1545) to work on /opt/airflow/dags/wap_incremental_cfpb_pipeline.py
[2026-08-10T03:59:37.510+0000] {processor.py:914} INFO - Processing file /opt/airflow/dags/wap_incremental_cfpb_pipeline.py for tasks to queue
[2026-08-10T03:59:37.514+0000] {logging_mixin.py:190} INFO - [2026-08-10T03:59:37.513+0000] {dagbag.py:588} INFO - Filling up the DagBag from /opt/airflow/dags/wap_incremental_cfpb_pipeline.py
[2026-08-10T03:59:37.950+0000] {processor.py:925} INFO - DAG(s) 'wap_incremental_cfpb_pipeline' retrieved from /opt/airflow/dags/wap_incremental_cfpb_pipeline.py
[2026-08-10T03:59:37.978+0000] {logging_mixin.py:190} INFO - [2026-08-10T03:59:37.978+0000] {dag.py:3239} INFO - Sync 1 DAGs
[2026-08-10T03:59:38.005+0000] {logging_mixin.py:190} INFO - [2026-08-10T03:59:38.005+0000] {dag.py:4180} INFO - Setting next_dagrun for wap_incremental_cfpb_pipeline to 2026-08-09 00:00:00+00:00, run_after=2026-08-10 00:00:00+00:00
[2026-08-10T03:59:38.029+0000] {processor.py:208} INFO - Processing /opt/airflow/dags/wap_incremental_cfpb_pipeline.py took 0.538 seconds
[2026-08-10T04:00:08.291+0000] {processor.py:186} INFO - Started process (PID=1679) to work on /opt/airflow/dags/wap_incremental_cfpb_pipeline.py
[2026-08-10T04:00:08.294+0000] {processor.py:914} INFO - Processing file /opt/airflow/dags/wap_incremental_cfpb_pipeline.py for tasks to queue
[2026-08-10T04:00:08.299+0000] {logging_mixin.py:190} INFO - [2026-08-10T04:00:08.298+0000] {dagbag.py:588} INFO - Filling up the DagBag from /opt/airflow/dags/wap_incremental_cfpb_pipeline.py
[2026-08-10T04:00:08.741+0000] {processor.py:925} INFO - DAG(s) 'wap_incremental_cfpb_pipeline' retrieved from /opt/airflow/dags/wap_incremental_cfpb_pipeline.py
[2026-08-10T04:00:08.931+0000] {logging_mixin.py:190} INFO - [2026-08-10T04:00:08.931+0000] {dag.py:3239} INFO - Sync 1 DAGs
[2026-08-10T04:00:08.958+0000] {logging_mixin.py:190} INFO - [2026-08-10T04:00:08.957+0000] {dag.py:4180} INFO - Setting next_dagrun for wap_incremental_cfpb_pipeline to 2026-08-09 00:00:00+00:00, run_after=2026-08-10 00:00:00+00:00
[2026-08-10T04:00:08.989+0000] {processor.py:208} INFO - Processing /opt/airflow/dags/wap_incremental_cfpb_pipeline.py took 0.718 seconds
[2026-08-10T04:00:39.439+0000] {processor.py:186} INFO - Started process (PID=1809) to work on /opt/airflow/dags/wap_incremental_cfpb_pipeline.py
[2026-08-10T04:00:39.441+0000] {processor.py:914} INFO - Processing file /opt/airflow/dags/wap_incremental_cfpb_pipeline.py for tasks to queue
[2026-08-10T04:00:39.444+0000] {logging_mixin.py:190} INFO - [2026-08-10T04:00:39.443+0000] {dagbag.py:588} INFO - Filling up the DagBag from /opt/airflow/dags/wap_incremental_cfpb_pipeline.py
[2026-08-10T04:00:40.112+0000] {processor.py:925} INFO - DAG(s) 'wap_incremental_cfpb_pipeline' retrieved from /opt/airflow/dags/wap_incremental_cfpb_pipeline.py
[2026-08-10T04:00:40.136+0000] {logging_mixin.py:190} INFO - [2026-08-10T04:00:40.136+0000] {dag.py:3239} INFO - Sync 1 DAGs
[2026-08-10T04:00:40.165+0000] {logging_mixin.py:190} INFO - [2026-08-10T04:00:40.164+0000] {dag.py:4180} INFO - Setting next_dagrun for wap_incremental_cfpb_pipeline to 2026-08-09 00:00:00+00:00, run_after=2026-08-10 00:00:00+00:00
[2026-08-10T04:00:40.196+0000] {processor.py:208} INFO - Processing /opt/airflow/dags/wap_incremental_cfpb_pipeline.py took 0.769 seconds
[2026-08-10T04:01:10.778+0000] {processor.py:186} INFO - Started process (PID=1940) to work on /opt/airflow/dags/wap_incremental_cfpb_pipeline.py
[2026-08-10T04:01:10.780+0000] {processor.py:914} INFO - Processing file /opt/airflow/dags/wap_incremental_cfpb_pipeline.py for tasks to queue
[2026-08-10T04:01:10.782+0000] {logging_mixin.py:190} INFO - [2026-08-10T04:01:10.782+0000] {dagbag.py:588} INFO - Filling up the DagBag from /opt/airflow/dags/wap_incremental_cfpb_pipeline.py
[2026-08-10T04:01:11.387+0000] {processor.py:925} INFO - DAG(s) 'wap_incremental_cfpb_pipeline' retrieved from /opt/airflow/dags/wap_incremental_cfpb_pipeline.py
[2026-08-10T04:01:11.414+0000] {logging_mixin.py:190} INFO - [2026-08-10T04:01:11.414+0000] {dag.py:3239} INFO - Sync 1 DAGs
[2026-08-10T04:01:11.443+0000] {logging_mixin.py:190} INFO - [2026-08-10T04:01:11.443+0000] {dag.py:4180} INFO - Setting next_dagrun for wap_incremental_cfpb_pipeline to 2026-08-09 00:00:00+00:00, run_after=2026-08-10 00:00:00+00:00
[2026-08-10T04:01:11.474+0000] {processor.py:208} INFO - Processing /opt/airflow/dags/wap_incremental_cfpb_pipeline.py took 0.708 seconds
[2026-08-10T04:01:41.836+0000] {processor.py:186} INFO - Started process (PID=2071) to work on /opt/airflow/dags/wap_incremental_cfpb_pipeline.py
[2026-08-10T04:01:41.838+0000] {processor.py:914} INFO - Processing file /opt/airflow/dags/wap_incremental_cfpb_pipeline.py for tasks to queue
[2026-08-10T04:01:41.839+0000] {logging_mixin.py:190} INFO - [2026-08-10T04:01:41.839+0000] {dagbag.py:588} INFO - Filling up the DagBag from /opt/airflow/dags/wap_incremental_cfpb_pipeline.py
[2026-08-10T04:01:42.404+0000] {processor.py:925} INFO - DAG(s) 'wap_incremental_cfpb_pipeline' retrieved from /opt/airflow/dags/wap_incremental_cfpb_pipeline.py
[2026-08-10T04:01:42.429+0000] {logging_mixin.py:190} INFO - [2026-08-10T04:01:42.428+0000] {dag.py:3239} INFO - Sync 1 DAGs
[2026-08-10T04:01:42.447+0000] {logging_mixin.py:190} INFO - [2026-08-10T04:01:42.447+0000] {dag.py:4180} INFO - Setting next_dagrun for wap_incremental_cfpb_pipeline to 2026-08-09 00:00:00+00:00, run_after=2026-08-10 00:00:00+00:00
[2026-08-10T04:01:42.467+0000] {processor.py:208} INFO - Processing /opt/airflow/dags/wap_incremental_cfpb_pipeline.py took 0.636 seconds
[2026-08-10T04:02:12.690+0000] {processor.py:186} INFO - Started process (PID=2201) to work on /opt/airflow/dags/wap_incremental_cfpb_pipeline.py
[2026-08-10T04:02:12.692+0000] {processor.py:914} INFO - Processing file /opt/airflow/dags/wap_incremental_cfpb_pipeline.py for tasks to queue
[2026-08-10T04:02:12.694+0000] {logging_mixin.py:190} INFO - [2026-08-10T04:02:12.694+0000] {dagbag.py:588} INFO - Filling up the DagBag from /opt/airflow/dags/wap_incremental_cfpb_pipeline.py
[2026-08-10T04:02:13.239+0000] {processor.py:925} INFO - DAG(s) 'wap_incremental_cfpb_pipeline' retrieved from /opt/airflow/dags/wap_incremental_cfpb_pipeline.py
[2026-08-10T04:02:13.282+0000] {logging_mixin.py:190} INFO - [2026-08-10T04:02:13.281+0000] {dag.py:3239} INFO - Sync 1 DAGs
[2026-08-10T04:02:13.310+0000] {logging_mixin.py:190} INFO - [2026-08-10T04:02:13.310+0000] {dag.py:4180} INFO - Setting next_dagrun for wap_incremental_cfpb_pipeline to 2026-08-09 00:00:00+00:00, run_after=2026-08-10 00:00:00+00:00
[2026-08-10T04:02:13.333+0000] {processor.py:208} INFO - Processing /opt/airflow/dags/wap_incremental_cfpb_pipeline.py took 0.649 seconds
[2026-08-10T04:02:43.542+0000] {processor.py:186} INFO - Started process (PID=2333) to work on /opt/airflow/dags/wap_incremental_cfpb_pipeline.py
[2026-08-10T04:02:43.544+0000] {processor.py:914} INFO - Processing file /opt/airflow/dags/wap_incremental_cfpb_pipeline.py for tasks to queue
[2026-08-10T04:02:43.546+0000] {logging_mixin.py:190} INFO - [2026-08-10T04:02:43.546+0000] {dagbag.py:588} INFO - Filling up the DagBag from /opt/airflow/dags/wap_incremental_cfpb_pipeline.py
[2026-08-10T04:02:44.224+0000] {processor.py:925} INFO - DAG(s) 'wap_incremental_cfpb_pipeline' retrieved from /opt/airflow/dags/wap_incremental_cfpb_pipeline.py
[2026-08-10T04:02:44.247+0000] {logging_mixin.py:190} INFO - [2026-08-10T04:02:44.247+0000] {dag.py:3239} INFO - Sync 1 DAGs
[2026-08-10T04:02:44.276+0000] {logging_mixin.py:190} INFO - [2026-08-10T04:02:44.275+0000] {dag.py:4180} INFO - Setting next_dagrun for wap_incremental_cfpb_pipeline to 2026-08-09 00:00:00+00:00, run_after=2026-08-10 00:00:00+00:00
[2026-08-10T04:02:44.302+0000] {processor.py:208} INFO - Processing /opt/airflow/dags/wap_incremental_cfpb_pipeline.py took 0.773 seconds
[2026-08-10T04:03:14.793+0000] {processor.py:186} INFO - Started process (PID=2462) to work on /opt/airflow/dags/wap_incremental_cfpb_pipeline.py
[2026-08-10T04:03:14.795+0000] {processor.py:914} INFO - Processing file /opt/airflow/dags/wap_incremental_cfpb_pipeline.py for tasks to queue
[2026-08-10T04:03:14.798+0000] {logging_mixin.py:190} INFO - [2026-08-10T04:03:14.798+0000] {dagbag.py:588} INFO - Filling up the DagBag from /opt/airflow/dags/wap_incremental_cfpb_pipeline.py
[2026-08-10T04:03:15.343+0000] {processor.py:925} INFO - DAG(s) 'wap_incremental_cfpb_pipeline' retrieved from /opt/airflow/dags/wap_incremental_cfpb_pipeline.py
[2026-08-10T04:03:15.373+0000] {logging_mixin.py:190} INFO - [2026-08-10T04:03:15.373+0000] {dag.py:3239} INFO - Sync 1 DAGs
[2026-08-10T04:03:15.402+0000] {logging_mixin.py:190} INFO - [2026-08-10T04:03:15.402+0000] {dag.py:4180} INFO - Setting next_dagrun for wap_incremental_cfpb_pipeline to 2026-08-09 00:00:00+00:00, run_after=2026-08-10 00:00:00+00:00
[2026-08-10T04:03:15.433+0000] {processor.py:208} INFO - Processing /opt/airflow/dags/wap_incremental_cfpb_pipeline.py took 0.649 seconds
[2026-08-10T04:03:45.627+0000] {processor.py:186} INFO - Started process (PID=2596) to work on /opt/airflow/dags/wap_incremental_cfpb_pipeline.py
[2026-08-10T04:03:45.630+0000] {processor.py:914} INFO - Processing file /opt/airflow/dags/wap_incremental_cfpb_pipeline.py for tasks to queue
[2026-08-10T04:03:45.632+0000] {logging_mixin.py:190} INFO - [2026-08-10T04:03:45.632+0000] {dagbag.py:588} INFO - Filling up the DagBag from /opt/airflow/dags/wap_incremental_cfpb_pipeline.py
[2026-08-10T04:03:46.812+0000] {processor.py:925} INFO - DAG(s) 'wap_incremental_cfpb_pipeline' retrieved from /opt/airflow/dags/wap_incremental_cfpb_pipeline.py
[2026-08-10T04:03:46.876+0000] {logging_mixin.py:190} INFO - [2026-08-10T04:03:46.875+0000] {dag.py:3239} INFO - Sync 1 DAGs
[2026-08-10T04:03:46.935+0000] {logging_mixin.py:190} INFO - [2026-08-10T04:03:46.935+0000] {dag.py:4180} INFO - Setting next_dagrun for wap_incremental_cfpb_pipeline to 2026-08-09 00:00:00+00:00, run_after=2026-08-10 00:00:00+00:00
[2026-08-10T04:03:46.986+0000] {processor.py:208} INFO - Processing /opt/airflow/dags/wap_incremental_cfpb_pipeline.py took 1.370 seconds
[2026-08-10T04:04:17.530+0000] {processor.py:186} INFO - Started process (PID=2727) to work on /opt/airflow/dags/wap_incremental_cfpb_pipeline.py
[2026-08-10T04:04:17.532+0000] {processor.py:914} INFO - Processing file /opt/airflow/dags/wap_incremental_cfpb_pipeline.py for tasks to queue
[2026-08-10T04:04:17.534+0000] {logging_mixin.py:190} INFO - [2026-08-10T04:04:17.533+0000] {dagbag.py:588} INFO - Filling up the DagBag from /opt/airflow/dags/wap_incremental_cfpb_pipeline.py
[2026-08-10T04:04:18.073+0000] {processor.py:925} INFO - DAG(s) 'wap_incremental_cfpb_pipeline' retrieved from /opt/airflow/dags/wap_incremental_cfpb_pipeline.py
[2026-08-10T04:04:18.102+0000] {logging_mixin.py:190} INFO - [2026-08-10T04:04:18.102+0000] {dag.py:3239} INFO - Sync 1 DAGs
[2026-08-10T04:04:18.132+0000] {logging_mixin.py:190} INFO - [2026-08-10T04:04:18.131+0000] {dag.py:4180} INFO - Setting next_dagrun for wap_incremental_cfpb_pipeline to 2026-08-09 00:00:00+00:00, run_after=2026-08-10 00:00:00+00:00
[2026-08-10T04:04:18.175+0000] {processor.py:208} INFO - Processing /opt/airflow/dags/wap_incremental_cfpb_pipeline.py took 0.657 seconds
[2026-08-10T04:04:48.343+0000] {processor.py:186} INFO - Started process (PID=2857) to work on /opt/airflow/dags/wap_incremental_cfpb_pipeline.py
[2026-08-10T04:04:48.346+0000] {processor.py:914} INFO - Processing file /opt/airflow/dags/wap_incremental_cfpb_pipeline.py for tasks to queue
[2026-08-10T04:04:48.348+0000] {logging_mixin.py:190} INFO - [2026-08-10T04:04:48.348+0000] {dagbag.py:588} INFO - Filling up the DagBag from /opt/airflow/dags/wap_incremental_cfpb_pipeline.py
[2026-08-10T04:04:48.939+0000] {processor.py:925} INFO - DAG(s) 'wap_incremental_cfpb_pipeline' retrieved from /opt/airflow/dags/wap_incremental_cfpb_pipeline.py
[2026-08-10T04:04:48.972+0000] {logging_mixin.py:190} INFO - [2026-08-10T04:04:48.972+0000] {dag.py:3239} INFO - Sync 1 DAGs
[2026-08-10T04:04:49.002+0000] {logging_mixin.py:190} INFO - [2026-08-10T04:04:49.002+0000] {dag.py:4180} INFO - Setting next_dagrun for wap_incremental_cfpb_pipeline to 2026-08-09 00:00:00+00:00, run_after=2026-08-10 00:00:00+00:00
[2026-08-10T04:04:49.031+0000] {processor.py:208} INFO - Processing /opt/airflow/dags/wap_incremental_cfpb_pipeline.py took 0.699 seconds
[2026-08-10T04:05:19.772+0000] {processor.py:186} INFO - Started process (PID=2989) to work on /opt/airflow/dags/wap_incremental_cfpb_pipeline.py
[2026-08-10T04:05:19.774+0000] {processor.py:914} INFO - Processing file /opt/airflow/dags/wap_incremental_cfpb_pipeline.py for tasks to queue
[2026-08-10T04:05:19.777+0000] {logging_mixin.py:190} INFO - [2026-08-10T04:05:19.776+0000] {dagbag.py:588} INFO - Filling up the DagBag from /opt/airflow/dags/wap_incremental_cfpb_pipeline.py
[2026-08-10T04:05:20.370+0000] {processor.py:925} INFO - DAG(s) 'wap_incremental_cfpb_pipeline' retrieved from /opt/airflow/dags/wap_incremental_cfpb_pipeline.py
[2026-08-10T04:05:20.408+0000] {logging_mixin.py:190} INFO - [2026-08-10T04:05:20.407+0000] {dag.py:3239} INFO - Sync 1 DAGs
[2026-08-10T04:05:20.433+0000] {logging_mixin.py:190} INFO - [2026-08-10T04:05:20.432+0000] {dag.py:4180} INFO - Setting next_dagrun for wap_incremental_cfpb_pipeline to 2026-08-09 00:00:00+00:00, run_after=2026-08-10 00:00:00+00:00
[2026-08-10T04:05:20.461+0000] {processor.py:208} INFO - Processing /opt/airflow/dags/wap_incremental_cfpb_pipeline.py took 0.704 seconds
[2026-08-10T04:05:50.781+0000] {processor.py:186} INFO - Started process (PID=3118) to work on /opt/airflow/dags/wap_incremental_cfpb_pipeline.py
[2026-08-10T04:05:50.783+0000] {processor.py:914} INFO - Processing file /opt/airflow/dags/wap_incremental_cfpb_pipeline.py for tasks to queue
[2026-08-10T04:05:50.786+0000] {logging_mixin.py:190} INFO - [2026-08-10T04:05:50.785+0000] {dagbag.py:588} INFO - Filling up the DagBag from /opt/airflow/dags/wap_incremental_cfpb_pipeline.py
[2026-08-10T04:05:51.374+0000] {processor.py:925} INFO - DAG(s) 'wap_incremental_cfpb_pipeline' retrieved from /opt/airflow/dags/wap_incremental_cfpb_pipeline.py
[2026-08-10T04:05:51.407+0000] {logging_mixin.py:190} INFO - [2026-08-10T04:05:51.406+0000] {dag.py:3239} INFO - Sync 1 DAGs
[2026-08-10T04:05:51.432+0000] {logging_mixin.py:190} INFO - [2026-08-10T04:05:51.432+0000] {dag.py:4180} INFO - Setting next_dagrun for wap_incremental_cfpb_pipeline to 2026-08-09 00:00:00+00:00, run_after=2026-08-10 00:00:00+00:00
[2026-08-10T04:05:51.459+0000] {processor.py:208} INFO - Processing /opt/airflow/dags/wap_incremental_cfpb_pipeline.py took 0.687 seconds
[2026-08-10T04:06:21.658+0000] {processor.py:186} INFO - Started process (PID=3252) to work on /opt/airflow/dags/wap_incremental_cfpb_pipeline.py
[2026-08-10T04:06:21.659+0000] {processor.py:914} INFO - Processing file /opt/airflow/dags/wap_incremental_cfpb_pipeline.py for tasks to queue
[2026-08-10T04:06:21.661+0000] {logging_mixin.py:190} INFO - [2026-08-10T04:06:21.661+0000] {dagbag.py:588} INFO - Filling up the DagBag from /opt/airflow/dags/wap_incremental_cfpb_pipeline.py
[2026-08-10T04:06:22.176+0000] {processor.py:925} INFO - DAG(s) 'wap_incremental_cfpb_pipeline' retrieved from /opt/airflow/dags/wap_incremental_cfpb_pipeline.py
[2026-08-10T04:06:22.208+0000] {logging_mixin.py:190} INFO - [2026-08-10T04:06:22.208+0000] {dag.py:3239} INFO - Sync 1 DAGs
[2026-08-10T04:06:22.229+0000] {logging_mixin.py:190} INFO - [2026-08-10T04:06:22.229+0000] {dag.py:4180} INFO - Setting next_dagrun for wap_incremental_cfpb_pipeline to 2026-08-09 00:00:00+00:00, run_after=2026-08-10 00:00:00+00:00
[2026-08-10T04:06:22.253+0000] {processor.py:208} INFO - Processing /opt/airflow/dags/wap_incremental_cfpb_pipeline.py took 0.604 seconds
[2026-08-10T04:06:52.675+0000] {processor.py:186} INFO - Started process (PID=3382) to work on /opt/airflow/dags/wap_incremental_cfpb_pipeline.py
[2026-08-10T04:06:52.676+0000] {processor.py:914} INFO - Processing file /opt/airflow/dags/wap_incremental_cfpb_pipeline.py for tasks to queue
[2026-08-10T04:06:52.677+0000] {logging_mixin.py:190} INFO - [2026-08-10T04:06:52.677+0000] {dagbag.py:588} INFO - Filling up the DagBag from /opt/airflow/dags/wap_incremental_cfpb_pipeline.py
[2026-08-10T04:06:53.182+0000] {processor.py:925} INFO - DAG(s) 'wap_incremental_cfpb_pipeline' retrieved from /opt/airflow/dags/wap_incremental_cfpb_pipeline.py
[2026-08-10T04:06:53.211+0000] {logging_mixin.py:190} INFO - [2026-08-10T04:06:53.210+0000] {dag.py:3239} INFO - Sync 1 DAGs
[2026-08-10T04:06:53.237+0000] {logging_mixin.py:190} INFO - [2026-08-10T04:06:53.237+0000] {dag.py:4180} INFO - Setting next_dagrun for wap_incremental_cfpb_pipeline to 2026-08-09 00:00:00+00:00, run_after=2026-08-10 00:00:00+00:00
[2026-08-10T04:06:53.259+0000] {processor.py:208} INFO - Processing /opt/airflow/dags/wap_incremental_cfpb_pipeline.py took 0.590 seconds
[2026-08-10T04:07:23.554+0000] {processor.py:186} INFO - Started process (PID=3513) to work on /opt/airflow/dags/wap_incremental_cfpb_pipeline.py
[2026-08-10T04:07:23.556+0000] {processor.py:914} INFO - Processing file /opt/airflow/dags/wap_incremental_cfpb_pipeline.py for tasks to queue
[2026-08-10T04:07:23.558+0000] {logging_mixin.py:190} INFO - [2026-08-10T04:07:23.557+0000] {dagbag.py:588} INFO - Filling up the DagBag from /opt/airflow/dags/wap_incremental_cfpb_pipeline.py
[2026-08-10T04:07:24.076+0000] {processor.py:925} INFO - DAG(s) 'wap_incremental_cfpb_pipeline' retrieved from /opt/airflow/dags/wap_incremental_cfpb_pipeline.py
[2026-08-10T04:07:24.103+0000] {logging_mixin.py:190} INFO - [2026-08-10T04:07:24.102+0000] {dag.py:3239} INFO - Sync 1 DAGs
[2026-08-10T04:07:24.126+0000] {logging_mixin.py:190} INFO - [2026-08-10T04:07:24.126+0000] {dag.py:4180} INFO - Setting next_dagrun for wap_incremental_cfpb_pipeline to 2026-08-09 00:00:00+00:00, run_after=2026-08-10 00:00:00+00:00
[2026-08-10T04:07:24.150+0000] {processor.py:208} INFO - Processing /opt/airflow/dags/wap_incremental_cfpb_pipeline.py took 0.608 seconds
[2026-08-10T04:07:54.258+0000] {processor.py:186} INFO - Started process (PID=3644) to work on /opt/airflow/dags/wap_incremental_cfpb_pipeline.py
[2026-08-10T04:07:54.259+0000] {processor.py:914} INFO - Processing file /opt/airflow/dags/wap_incremental_cfpb_pipeline.py for tasks to queue
[2026-08-10T04:07:54.261+0000] {logging_mixin.py:190} INFO - [2026-08-10T04:07:54.260+0000] {dagbag.py:588} INFO - Filling up the DagBag from /opt/airflow/dags/wap_incremental_cfpb_pipeline.py
[2026-08-10T04:07:54.841+0000] {processor.py:925} INFO - DAG(s) 'wap_incremental_cfpb_pipeline' retrieved from /opt/airflow/dags/wap_incremental_cfpb_pipeline.py
[2026-08-10T04:07:54.897+0000] {logging_mixin.py:190} INFO - [2026-08-10T04:07:54.897+0000] {dag.py:3239} INFO - Sync 1 DAGs
[2026-08-10T04:07:54.933+0000] {logging_mixin.py:190} INFO - [2026-08-10T04:07:54.932+0000] {dag.py:4180} INFO - Setting next_dagrun for wap_incremental_cfpb_pipeline to 2026-08-09 00:00:00+00:00, run_after=2026-08-10 00:00:00+00:00
[2026-08-10T04:07:54.963+0000] {processor.py:208} INFO - Processing /opt/airflow/dags/wap_incremental_cfpb_pipeline.py took 0.715 seconds
[2026-08-10T04:08:25.219+0000] {processor.py:186} INFO - Started process (PID=3774) to work on /opt/airflow/dags/wap_incremental_cfpb_pipeline.py
[2026-08-10T04:08:25.220+0000] {processor.py:914} INFO - Processing file /opt/airflow/dags/wap_incremental_cfpb_pipeline.py for tasks to queue
[2026-08-10T04:08:25.221+0000] {logging_mixin.py:190} INFO - [2026-08-10T04:08:25.221+0000] {dagbag.py:588} INFO - Filling up the DagBag from /opt/airflow/dags/wap_incremental_cfpb_pipeline.py
[2026-08-10T04:08:25.740+0000] {processor.py:925} INFO - DAG(s) 'wap_incremental_cfpb_pipeline' retrieved from /opt/airflow/dags/wap_incremental_cfpb_pipeline.py
[2026-08-10T04:08:25.777+0000] {logging_mixin.py:190} INFO - [2026-08-10T04:08:25.777+0000] {dag.py:3239} INFO - Sync 1 DAGs
[2026-08-10T04:08:25.807+0000] {logging_mixin.py:190} INFO - [2026-08-10T04:08:25.807+0000] {dag.py:4180} INFO - Setting next_dagrun for wap_incremental_cfpb_pipeline to 2026-08-09 00:00:00+00:00, run_after=2026-08-10 00:00:00+00:00
[2026-08-10T04:08:25.843+0000] {processor.py:208} INFO - Processing /opt/airflow/dags/wap_incremental_cfpb_pipeline.py took 0.631 seconds
[2026-08-10T04:08:56.452+0000] {processor.py:186} INFO - Started process (PID=3908) to work on /opt/airflow/dags/wap_incremental_cfpb_pipeline.py
[2026-08-10T04:08:56.453+0000] {processor.py:914} INFO - Processing file /opt/airflow/dags/wap_incremental_cfpb_pipeline.py for tasks to queue
[2026-08-10T04:08:56.455+0000] {logging_mixin.py:190} INFO - [2026-08-10T04:08:56.455+0000] {dagbag.py:588} INFO - Filling up the DagBag from /opt/airflow/dags/wap_incremental_cfpb_pipeline.py
[2026-08-10T04:08:56.974+0000] {processor.py:925} INFO - DAG(s) 'wap_incremental_cfpb_pipeline' retrieved from /opt/airflow/dags/wap_incremental_cfpb_pipeline.py
[2026-08-10T04:08:57.004+0000] {logging_mixin.py:190} INFO - [2026-08-10T04:08:57.003+0000] {dag.py:3239} INFO - Sync 1 DAGs
[2026-08-10T04:08:57.029+0000] {logging_mixin.py:190} INFO - [2026-08-10T04:08:57.029+0000] {dag.py:4180} INFO - Setting next_dagrun for wap_incremental_cfpb_pipeline to 2026-08-09 00:00:00+00:00, run_after=2026-08-10 00:00:00+00:00
[2026-08-10T04:08:57.055+0000] {processor.py:208} INFO - Processing /opt/airflow/dags/wap_incremental_cfpb_pipeline.py took 0.610 seconds
[2026-08-10T04:09:27.269+0000] {processor.py:186} INFO - Started process (PID=4038) to work on /opt/airflow/dags/wap_incremental_cfpb_pipeline.py
[2026-08-10T04:09:27.271+0000] {processor.py:914} INFO - Processing file /opt/airflow/dags/wap_incremental_cfpb_pipeline.py for tasks to queue
[2026-08-10T04:09:27.275+0000] {logging_mixin.py:190} INFO - [2026-08-10T04:09:27.274+0000] {dagbag.py:588} INFO - Filling up the DagBag from /opt/airflow/dags/wap_incremental_cfpb_pipeline.py
[2026-08-10T04:09:27.927+0000] {processor.py:925} INFO - DAG(s) 'wap_incremental_cfpb_pipeline' retrieved from /opt/airflow/dags/wap_incremental_cfpb_pipeline.py
[2026-08-10T04:09:27.968+0000] {logging_mixin.py:190} INFO - [2026-08-10T04:09:27.968+0000] {dag.py:3239} INFO - Sync 1 DAGs
[2026-08-10T04:09:28.024+0000] {logging_mixin.py:190} INFO - [2026-08-10T04:09:28.023+0000] {dag.py:4180} INFO - Setting next_dagrun for wap_incremental_cfpb_pipeline to 2026-08-09 00:00:00+00:00, run_after=2026-08-10 00:00:00+00:00
[2026-08-10T04:09:28.060+0000] {processor.py:208} INFO - Processing /opt/airflow/dags/wap_incremental_cfpb_pipeline.py took 0.801 seconds
[2026-08-10T04:09:58.567+0000] {processor.py:186} INFO - Started process (PID=4169) to work on /opt/airflow/dags/wap_incremental_cfpb_pipeline.py
[2026-08-10T04:09:58.568+0000] {processor.py:914} INFO - Processing file /opt/airflow/dags/wap_incremental_cfpb_pipeline.py for tasks to queue
[2026-08-10T04:09:58.569+0000] {logging_mixin.py:190} INFO - [2026-08-10T04:09:58.569+0000] {dagbag.py:588} INFO - Filling up the DagBag from /opt/airflow/dags/wap_incremental_cfpb_pipeline.py
[2026-08-10T04:09:58.951+0000] {processor.py:925} INFO - DAG(s) 'wap_incremental_cfpb_pipeline' retrieved from /opt/airflow/dags/wap_incremental_cfpb_pipeline.py
[2026-08-10T04:09:58.984+0000] {logging_mixin.py:190} INFO - [2026-08-10T04:09:58.983+0000] {dag.py:3239} INFO - Sync 1 DAGs
[2026-08-10T04:09:59.011+0000] {logging_mixin.py:190} INFO - [2026-08-10T04:09:59.011+0000] {dag.py:4180} INFO - Setting next_dagrun for wap_incremental_cfpb_pipeline to 2026-08-09 00:00:00+00:00, run_after=2026-08-10 00:00:00+00:00
[2026-08-10T04:09:59.034+0000] {processor.py:208} INFO - Processing /opt/airflow/dags/wap_incremental_cfpb_pipeline.py took 0.473 seconds
[2026-08-10T04:10:29.658+0000] {processor.py:186} INFO - Started process (PID=4300) to work on /opt/airflow/dags/wap_incremental_cfpb_pipeline.py
[2026-08-10T04:10:29.660+0000] {processor.py:914} INFO - Processing file /opt/airflow/dags/wap_incremental_cfpb_pipeline.py for tasks to queue
[2026-08-10T04:10:29.663+0000] {logging_mixin.py:190} INFO - [2026-08-10T04:10:29.662+0000] {dagbag.py:588} INFO - Filling up the DagBag from /opt/airflow/dags/wap_incremental_cfpb_pipeline.py
[2026-08-10T04:10:30.319+0000] {processor.py:925} INFO - DAG(s) 'wap_incremental_cfpb_pipeline' retrieved from /opt/airflow/dags/wap_incremental_cfpb_pipeline.py
[2026-08-10T04:10:30.428+0000] {logging_mixin.py:190} INFO - [2026-08-10T04:10:30.427+0000] {dag.py:3239} INFO - Sync 1 DAGs
[2026-08-10T04:10:30.536+0000] {logging_mixin.py:190} INFO - [2026-08-10T04:10:30.534+0000] {dag.py:4180} INFO - Setting next_dagrun for wap_incremental_cfpb_pipeline to 2026-08-09 00:00:00+00:00, run_after=2026-08-10 00:00:00+00:00
[2026-08-10T04:10:30.616+0000] {processor.py:208} INFO - Processing /opt/airflow/dags/wap_incremental_cfpb_pipeline.py took 0.965 seconds
[2026-08-10T04:11:01.335+0000] {processor.py:186} INFO - Started process (PID=4430) to work on /opt/airflow/dags/wap_incremental_cfpb_pipeline.py
[2026-08-10T04:11:01.337+0000] {processor.py:914} INFO - Processing file /opt/airflow/dags/wap_incremental_cfpb_pipeline.py for tasks to queue
[2026-08-10T04:11:01.338+0000] {logging_mixin.py:190} INFO - [2026-08-10T04:11:01.338+0000] {dagbag.py:588} INFO - Filling up the DagBag from /opt/airflow/dags/wap_incremental_cfpb_pipeline.py
[2026-08-10T04:11:01.621+0000] {processor.py:925} INFO - DAG(s) 'wap_incremental_cfpb_pipeline' retrieved from /opt/airflow/dags/wap_incremental_cfpb_pipeline.py
[2026-08-10T04:11:01.656+0000] {logging_mixin.py:190} INFO - [2026-08-10T04:11:01.656+0000] {dag.py:3239} INFO - Sync 1 DAGs
[2026-08-10T04:11:01.681+0000] {logging_mixin.py:190} INFO - [2026-08-10T04:11:01.680+0000] {dag.py:4180} INFO - Setting next_dagrun for wap_incremental_cfpb_pipeline to 2026-08-09 00:00:00+00:00, run_after=2026-08-10 00:00:00+00:00
[2026-08-10T04:11:01.712+0000] {processor.py:208} INFO - Processing /opt/airflow/dags/wap_incremental_cfpb_pipeline.py took 0.383 seconds
[2026-08-10T04:11:32.870+0000] {processor.py:186} INFO - Started process (PID=4562) to work on /opt/airflow/dags/wap_incremental_cfpb_pipeline.py
[2026-08-10T04:11:32.872+0000] {processor.py:914} INFO - Processing file /opt/airflow/dags/wap_incremental_cfpb_pipeline.py for tasks to queue
[2026-08-10T04:11:32.875+0000] {logging_mixin.py:190} INFO - [2026-08-10T04:11:32.875+0000] {dagbag.py:588} INFO - Filling up the DagBag from /opt/airflow/dags/wap_incremental_cfpb_pipeline.py
[2026-08-10T04:11:33.297+0000] {processor.py:925} INFO - DAG(s) 'wap_incremental_cfpb_pipeline' retrieved from /opt/airflow/dags/wap_incremental_cfpb_pipeline.py
[2026-08-10T04:11:33.332+0000] {logging_mixin.py:190} INFO - [2026-08-10T04:11:33.332+0000] {dag.py:3239} INFO - Sync 1 DAGs
[2026-08-10T04:11:33.360+0000] {logging_mixin.py:190} INFO - [2026-08-10T04:11:33.359+0000] {dag.py:4180} INFO - Setting next_dagrun for wap_incremental_cfpb_pipeline to 2026-08-09 00:00:00+00:00, run_after=2026-08-10 00:00:00+00:00
[2026-08-10T04:11:33.391+0000] {processor.py:208} INFO - Processing /opt/airflow/dags/wap_incremental_cfpb_pipeline.py took 0.531 seconds
[2026-08-10T04:12:03.555+0000] {processor.py:186} INFO - Started process (PID=4691) to work on /opt/airflow/dags/wap_incremental_cfpb_pipeline.py
[2026-08-10T04:12:03.556+0000] {processor.py:914} INFO - Processing file /opt/airflow/dags/wap_incremental_cfpb_pipeline.py for tasks to queue
[2026-08-10T04:12:03.558+0000] {logging_mixin.py:190} INFO - [2026-08-10T04:12:03.558+0000] {dagbag.py:588} INFO - Filling up the DagBag from /opt/airflow/dags/wap_incremental_cfpb_pipeline.py
[2026-08-10T04:12:03.947+0000] {processor.py:925} INFO - DAG(s) 'wap_incremental_cfpb_pipeline' retrieved from /opt/airflow/dags/wap_incremental_cfpb_pipeline.py
[2026-08-10T04:12:03.972+0000] {logging_mixin.py:190} INFO - [2026-08-10T04:12:03.972+0000] {dag.py:3239} INFO - Sync 1 DAGs
[2026-08-10T04:12:04.011+0000] {logging_mixin.py:190} INFO - [2026-08-10T04:12:04.011+0000] {dag.py:4180} INFO - Setting next_dagrun for wap_incremental_cfpb_pipeline to 2026-08-09 00:00:00+00:00, run_after=2026-08-10 00:00:00+00:00
[2026-08-10T04:12:04.030+0000] {processor.py:208} INFO - Processing /opt/airflow/dags/wap_incremental_cfpb_pipeline.py took 0.484 seconds
[2026-08-10T04:12:34.419+0000] {processor.py:186} INFO - Started process (PID=4825) to work on /opt/airflow/dags/wap_incremental_cfpb_pipeline.py
[2026-08-10T04:12:34.421+0000] {processor.py:914} INFO - Processing file /opt/airflow/dags/wap_incremental_cfpb_pipeline.py for tasks to queue
[2026-08-10T04:12:34.425+0000] {logging_mixin.py:190} INFO - [2026-08-10T04:12:34.424+0000] {dagbag.py:588} INFO - Filling up the DagBag from /opt/airflow/dags/wap_incremental_cfpb_pipeline.py
[2026-08-10T04:12:34.809+0000] {processor.py:925} INFO - DAG(s) 'wap_incremental_cfpb_pipeline' retrieved from /opt/airflow/dags/wap_incremental_cfpb_pipeline.py
[2026-08-10T04:12:34.833+0000] {logging_mixin.py:190} INFO - [2026-08-10T04:12:34.833+0000] {dag.py:3239} INFO - Sync 1 DAGs
[2026-08-10T04:12:34.862+0000] {logging_mixin.py:190} INFO - [2026-08-10T04:12:34.862+0000] {dag.py:4180} INFO - Setting next_dagrun for wap_incremental_cfpb_pipeline to 2026-08-09 00:00:00+00:00, run_after=2026-08-10 00:00:00+00:00
[2026-08-10T04:12:34.892+0000] {processor.py:208} INFO - Processing /opt/airflow/dags/wap_incremental_cfpb_pipeline.py took 0.485 seconds
[2026-08-10T04:13:04.955+0000] {processor.py:186} INFO - Started process (PID=4956) to work on /opt/airflow/dags/wap_incremental_cfpb_pipeline.py
[2026-08-10T04:13:04.956+0000] {processor.py:914} INFO - Processing file /opt/airflow/dags/wap_incremental_cfpb_pipeline.py for tasks to queue
[2026-08-10T04:13:04.957+0000] {logging_mixin.py:190} INFO - [2026-08-10T04:13:04.957+0000] {dagbag.py:588} INFO - Filling up the DagBag from /opt/airflow/dags/wap_incremental_cfpb_pipeline.py
[2026-08-10T04:13:05.371+0000] {processor.py:925} INFO - DAG(s) 'wap_incremental_cfpb_pipeline' retrieved from /opt/airflow/dags/wap_incremental_cfpb_pipeline.py
[2026-08-10T04:13:05.408+0000] {logging_mixin.py:190} INFO - [2026-08-10T04:13:05.408+0000] {dag.py:3239} INFO - Sync 1 DAGs
[2026-08-10T04:13:05.442+0000] {logging_mixin.py:190} INFO - [2026-08-10T04:13:05.442+0000] {dag.py:4180} INFO - Setting next_dagrun for wap_incremental_cfpb_pipeline to 2026-08-09 00:00:00+00:00, run_after=2026-08-10 00:00:00+00:00
[2026-08-10T04:13:05.469+0000] {processor.py:208} INFO - Processing /opt/airflow/dags/wap_incremental_cfpb_pipeline.py took 0.522 seconds
[2026-08-10T04:13:35.736+0000] {processor.py:186} INFO - Started process (PID=5086) to work on /opt/airflow/dags/wap_incremental_cfpb_pipeline.py
[2026-08-10T04:13:35.738+0000] {processor.py:914} INFO - Processing file /opt/airflow/dags/wap_incremental_cfpb_pipeline.py for tasks to queue
[2026-08-10T04:13:35.739+0000] {logging_mixin.py:190} INFO - [2026-08-10T04:13:35.739+0000] {dagbag.py:588} INFO - Filling up the DagBag from /opt/airflow/dags/wap_incremental_cfpb_pipeline.py
[2026-08-10T04:13:36.192+0000] {processor.py:925} INFO - DAG(s) 'wap_incremental_cfpb_pipeline' retrieved from /opt/airflow/dags/wap_incremental_cfpb_pipeline.py
[2026-08-10T04:13:36.218+0000] {logging_mixin.py:190} INFO - [2026-08-10T04:13:36.218+0000] {dag.py:3239} INFO - Sync 1 DAGs
[2026-08-10T04:13:36.243+0000] {logging_mixin.py:190} INFO - [2026-08-10T04:13:36.242+0000] {dag.py:4180} INFO - Setting next_dagrun for wap_incremental_cfpb_pipeline to 2026-08-09 00:00:00+00:00, run_after=2026-08-10 00:00:00+00:00
[2026-08-10T04:13:36.267+0000] {processor.py:208} INFO - Processing /opt/airflow/dags/wap_incremental_cfpb_pipeline.py took 0.535 seconds
[2026-08-10T04:14:06.631+0000] {processor.py:186} INFO - Started process (PID=5218) to work on /opt/airflow/dags/wap_incremental_cfpb_pipeline.py
[2026-08-10T04:14:06.633+0000] {processor.py:914} INFO - Processing file /opt/airflow/dags/wap_incremental_cfpb_pipeline.py for tasks to queue
[2026-08-10T04:14:06.636+0000] {logging_mixin.py:190} INFO - [2026-08-10T04:14:06.635+0000] {dagbag.py:588} INFO - Filling up the DagBag from /opt/airflow/dags/wap_incremental_cfpb_pipeline.py
[2026-08-10T04:14:07.185+0000] {processor.py:925} INFO - DAG(s) 'wap_incremental_cfpb_pipeline' retrieved from /opt/airflow/dags/wap_incremental_cfpb_pipeline.py
[2026-08-10T04:14:07.224+0000] {logging_mixin.py:190} INFO - [2026-08-10T04:14:07.223+0000] {dag.py:3239} INFO - Sync 1 DAGs
[2026-08-10T04:14:07.254+0000] {logging_mixin.py:190} INFO - [2026-08-10T04:14:07.254+0000] {dag.py:4180} INFO - Setting next_dagrun for wap_incremental_cfpb_pipeline to 2026-08-09 00:00:00+00:00, run_after=2026-08-10 00:00:00+00:00
[2026-08-10T04:14:07.282+0000] {processor.py:208} INFO - Processing /opt/airflow/dags/wap_incremental_cfpb_pipeline.py took 0.660 seconds
[2026-08-10T04:14:37.670+0000] {processor.py:186} INFO - Started process (PID=5345) to work on /opt/airflow/dags/wap_incremental_cfpb_pipeline.py
[2026-08-10T04:14:37.672+0000] {processor.py:914} INFO - Processing file /opt/airflow/dags/wap_incremental_cfpb_pipeline.py for tasks to queue
[2026-08-10T04:14:37.676+0000] {logging_mixin.py:190} INFO - [2026-08-10T04:14:37.675+0000] {dagbag.py:588} INFO - Filling up the DagBag from /opt/airflow/dags/wap_incremental_cfpb_pipeline.py
[2026-08-10T04:14:38.221+0000] {processor.py:925} INFO - DAG(s) 'wap_incremental_cfpb_pipeline' retrieved from /opt/airflow/dags/wap_incremental_cfpb_pipeline.py
[2026-08-10T04:14:38.275+0000] {logging_mixin.py:190} INFO - [2026-08-10T04:14:38.275+0000] {dag.py:3239} INFO - Sync 1 DAGs
[2026-08-10T04:14:38.318+0000] {logging_mixin.py:190} INFO - [2026-08-10T04:14:38.317+0000] {dag.py:4180} INFO - Setting next_dagrun for wap_incremental_cfpb_pipeline to 2026-08-09 00:00:00+00:00, run_after=2026-08-10 00:00:00+00:00
[2026-08-10T04:14:38.354+0000] {processor.py:208} INFO - Processing /opt/airflow/dags/wap_incremental_cfpb_pipeline.py took 0.697 seconds
[2026-08-10T04:15:08.775+0000] {processor.py:186} INFO - Started process (PID=5472) to work on /opt/airflow/dags/wap_incremental_cfpb_pipeline.py
[2026-08-10T04:15:08.777+0000] {processor.py:914} INFO - Processing file /opt/airflow/dags/wap_incremental_cfpb_pipeline.py for tasks to queue
[2026-08-10T04:15:08.778+0000] {logging_mixin.py:190} INFO - [2026-08-10T04:15:08.778+0000] {dagbag.py:588} INFO - Filling up the DagBag from /opt/airflow/dags/wap_incremental_cfpb_pipeline.py
[2026-08-10T04:15:09.179+0000] {processor.py:925} INFO - DAG(s) 'wap_incremental_cfpb_pipeline' retrieved from /opt/airflow/dags/wap_incremental_cfpb_pipeline.py
[2026-08-10T04:15:09.217+0000] {logging_mixin.py:190} INFO - [2026-08-10T04:15:09.217+0000] {dag.py:3239} INFO - Sync 1 DAGs
[2026-08-10T04:15:09.253+0000] {logging_mixin.py:190} INFO - [2026-08-10T04:15:09.253+0000] {dag.py:4180} INFO - Setting next_dagrun for wap_incremental_cfpb_pipeline to 2026-08-09 00:00:00+00:00, run_after=2026-08-10 00:00:00+00:00
[2026-08-10T04:15:09.285+0000] {processor.py:208} INFO - Processing /opt/airflow/dags/wap_incremental_cfpb_pipeline.py took 0.518 seconds
[2026-08-10T04:15:39.395+0000] {processor.py:186} INFO - Started process (PID=5603) to work on /opt/airflow/dags/wap_incremental_cfpb_pipeline.py
[2026-08-10T04:15:39.397+0000] {processor.py:914} INFO - Processing file /opt/airflow/dags/wap_incremental_cfpb_pipeline.py for tasks to queue
[2026-08-10T04:15:39.399+0000] {logging_mixin.py:190} INFO - [2026-08-10T04:15:39.399+0000] {dagbag.py:588} INFO - Filling up the DagBag from /opt/airflow/dags/wap_incremental_cfpb_pipeline.py
[2026-08-10T04:15:39.702+0000] {processor.py:925} INFO - DAG(s) 'wap_incremental_cfpb_pipeline' retrieved from /opt/airflow/dags/wap_incremental_cfpb_pipeline.py
[2026-08-10T04:15:39.729+0000] {logging_mixin.py:190} INFO - [2026-08-10T04:15:39.728+0000] {dag.py:3239} INFO - Sync 1 DAGs
[2026-08-10T04:15:39.752+0000] {logging_mixin.py:190} INFO - [2026-08-10T04:15:39.752+0000] {dag.py:4180} INFO - Setting next_dagrun for wap_incremental_cfpb_pipeline to 2026-08-09 00:00:00+00:00, run_after=2026-08-10 00:00:00+00:00
[2026-08-10T04:15:39.775+0000] {processor.py:208} INFO - Processing /opt/airflow/dags/wap_incremental_cfpb_pipeline.py took 0.390 seconds
[2026-08-10T04:16:10.409+0000] {processor.py:186} INFO - Started process (PID=5731) to work on /opt/airflow/dags/wap_incremental_cfpb_pipeline.py
[2026-08-10T04:16:10.410+0000] {processor.py:914} INFO - Processing file /opt/airflow/dags/wap_incremental_cfpb_pipeline.py for tasks to queue
[2026-08-10T04:16:10.411+0000] {logging_mixin.py:190} INFO - [2026-08-10T04:16:10.411+0000] {dagbag.py:588} INFO - Filling up the DagBag from /opt/airflow/dags/wap_incremental_cfpb_pipeline.py
[2026-08-10T04:16:10.974+0000] {processor.py:925} INFO - DAG(s) 'wap_incremental_cfpb_pipeline' retrieved from /opt/airflow/dags/wap_incremental_cfpb_pipeline.py
[2026-08-10T04:16:11.020+0000] {logging_mixin.py:190} INFO - [2026-08-10T04:16:11.019+0000] {dag.py:3239} INFO - Sync 1 DAGs
[2026-08-10T04:16:11.088+0000] {logging_mixin.py:190} INFO - [2026-08-10T04:16:11.087+0000] {dag.py:4180} INFO - Setting next_dagrun for wap_incremental_cfpb_pipeline to 2026-08-09 00:00:00+00:00, run_after=2026-08-10 00:00:00+00:00
[2026-08-10T04:16:11.144+0000] {processor.py:208} INFO - Processing /opt/airflow/dags/wap_incremental_cfpb_pipeline.py took 0.741 seconds
[2026-08-10T04:16:41.409+0000] {processor.py:186} INFO - Started process (PID=5861) to work on /opt/airflow/dags/wap_incremental_cfpb_pipeline.py
[2026-08-10T04:16:41.410+0000] {processor.py:914} INFO - Processing file /opt/airflow/dags/wap_incremental_cfpb_pipeline.py for tasks to queue
[2026-08-10T04:16:41.411+0000] {logging_mixin.py:190} INFO - [2026-08-10T04:16:41.411+0000] {dagbag.py:588} INFO - Filling up the DagBag from /opt/airflow/dags/wap_incremental_cfpb_pipeline.py
[2026-08-10T04:16:41.734+0000] {processor.py:925} INFO - DAG(s) 'wap_incremental_cfpb_pipeline' retrieved from /opt/airflow/dags/wap_incremental_cfpb_pipeline.py
[2026-08-10T04:16:41.763+0000] {logging_mixin.py:190} INFO - [2026-08-10T04:16:41.763+0000] {dag.py:3239} INFO - Sync 1 DAGs
[2026-08-10T04:16:41.790+0000] {logging_mixin.py:190} INFO - [2026-08-10T04:16:41.790+0000] {dag.py:4180} INFO - Setting next_dagrun for wap_incremental_cfpb_pipeline to 2026-08-09 00:00:00+00:00, run_after=2026-08-10 00:00:00+00:00
[2026-08-10T04:16:41.812+0000] {processor.py:208} INFO - Processing /opt/airflow/dags/wap_incremental_cfpb_pipeline.py took 0.408 seconds
[2026-08-10T04:17:12.031+0000] {processor.py:186} INFO - Started process (PID=5990) to work on /opt/airflow/dags/wap_incremental_cfpb_pipeline.py
[2026-08-10T04:17:12.033+0000] {processor.py:914} INFO - Processing file /opt/airflow/dags/wap_incremental_cfpb_pipeline.py for tasks to queue
[2026-08-10T04:17:12.035+0000] {logging_mixin.py:190} INFO - [2026-08-10T04:17:12.034+0000] {dagbag.py:588} INFO - Filling up the DagBag from /opt/airflow/dags/wap_incremental_cfpb_pipeline.py
[2026-08-10T04:17:12.405+0000] {processor.py:925} INFO - DAG(s) 'wap_incremental_cfpb_pipeline' retrieved from /opt/airflow/dags/wap_incremental_cfpb_pipeline.py
[2026-08-10T04:17:12.446+0000] {logging_mixin.py:190} INFO - [2026-08-10T04:17:12.445+0000] {dag.py:3239} INFO - Sync 1 DAGs
[2026-08-10T04:17:12.478+0000] {logging_mixin.py:190} INFO - [2026-08-10T04:17:12.477+0000] {dag.py:4180} INFO - Setting next_dagrun for wap_incremental_cfpb_pipeline to 2026-08-09 00:00:00+00:00, run_after=2026-08-10 00:00:00+00:00
[2026-08-10T04:17:12.689+0000] {processor.py:208} INFO - Processing /opt/airflow/dags/wap_incremental_cfpb_pipeline.py took 0.664 seconds
[2026-08-10T04:17:43.404+0000] {processor.py:186} INFO - Started process (PID=6117) to work on /opt/airflow/dags/wap_incremental_cfpb_pipeline.py
[2026-08-10T04:17:43.406+0000] {processor.py:914} INFO - Processing file /opt/airflow/dags/wap_incremental_cfpb_pipeline.py for tasks to queue
[2026-08-10T04:17:43.407+0000] {logging_mixin.py:190} INFO - [2026-08-10T04:17:43.407+0000] {dagbag.py:588} INFO - Filling up the DagBag from /opt/airflow/dags/wap_incremental_cfpb_pipeline.py
[2026-08-10T04:17:43.747+0000] {processor.py:925} INFO - DAG(s) 'wap_incremental_cfpb_pipeline' retrieved from /opt/airflow/dags/wap_incremental_cfpb_pipeline.py
[2026-08-10T04:17:43.770+0000] {logging_mixin.py:190} INFO - [2026-08-10T04:17:43.770+0000] {dag.py:3239} INFO - Sync 1 DAGs
[2026-08-10T04:17:43.791+0000] {logging_mixin.py:190} INFO - [2026-08-10T04:17:43.791+0000] {dag.py:4180} INFO - Setting next_dagrun for wap_incremental_cfpb_pipeline to 2026-08-09 00:00:00+00:00, run_after=2026-08-10 00:00:00+00:00
[2026-08-10T04:17:43.814+0000] {processor.py:208} INFO - Processing /opt/airflow/dags/wap_incremental_cfpb_pipeline.py took 0.415 seconds
[2026-08-10T04:18:14.036+0000] {processor.py:186} INFO - Started process (PID=6249) to work on /opt/airflow/dags/wap_incremental_cfpb_pipeline.py
[2026-08-10T04:18:14.038+0000] {processor.py:914} INFO - Processing file /opt/airflow/dags/wap_incremental_cfpb_pipeline.py for tasks to queue
[2026-08-10T04:18:14.040+0000] {logging_mixin.py:190} INFO - [2026-08-10T04:18:14.040+0000] {dagbag.py:588} INFO - Filling up the DagBag from /opt/airflow/dags/wap_incremental_cfpb_pipeline.py
[2026-08-10T04:18:14.620+0000] {processor.py:925} INFO - DAG(s) 'wap_incremental_cfpb_pipeline' retrieved from /opt/airflow/dags/wap_incremental_cfpb_pipeline.py
[2026-08-10T04:18:14.655+0000] {logging_mixin.py:190} INFO - [2026-08-10T04:18:14.655+0000] {dag.py:3239} INFO - Sync 1 DAGs
[2026-08-10T04:18:14.855+0000] {logging_mixin.py:190} INFO - [2026-08-10T04:18:14.855+0000] {dag.py:4180} INFO - Setting next_dagrun for wap_incremental_cfpb_pipeline to 2026-08-09 00:00:00+00:00, run_after=2026-08-10 00:00:00+00:00
[2026-08-10T04:18:14.883+0000] {processor.py:208} INFO - Processing /opt/airflow/dags/wap_incremental_cfpb_pipeline.py took 0.854 seconds
[2026-08-10T04:18:45.590+0000] {processor.py:186} INFO - Started process (PID=6388) to work on /opt/airflow/dags/wap_incremental_cfpb_pipeline.py
[2026-08-10T04:18:45.598+0000] {processor.py:914} INFO - Processing file /opt/airflow/dags/wap_incremental_cfpb_pipeline.py for tasks to queue
[2026-08-10T04:18:45.606+0000] {logging_mixin.py:190} INFO - [2026-08-10T04:18:45.605+0000] {dagbag.py:588} INFO - Filling up the DagBag from /opt/airflow/dags/wap_incremental_cfpb_pipeline.py
[2026-08-10T04:18:46.967+0000] {processor.py:925} INFO - DAG(s) 'wap_incremental_cfpb_pipeline' retrieved from /opt/airflow/dags/wap_incremental_cfpb_pipeline.py
[2026-08-10T04:18:47.118+0000] {logging_mixin.py:190} INFO - [2026-08-10T04:18:47.118+0000] {dag.py:3239} INFO - Sync 1 DAGs
[2026-08-10T04:18:47.259+0000] {logging_mixin.py:190} INFO - [2026-08-10T04:18:47.258+0000] {dag.py:4180} INFO - Setting next_dagrun for wap_incremental_cfpb_pipeline to 2026-08-09 00:00:00+00:00, run_after=2026-08-10 00:00:00+00:00
[2026-08-10T04:18:47.328+0000] {processor.py:208} INFO - Processing /opt/airflow/dags/wap_incremental_cfpb_pipeline.py took 1.794 seconds
[2026-08-10T04:19:17.892+0000] {processor.py:186} INFO - Started process (PID=6522) to work on /opt/airflow/dags/wap_incremental_cfpb_pipeline.py
[2026-08-10T04:19:17.896+0000] {processor.py:914} INFO - Processing file /opt/airflow/dags/wap_incremental_cfpb_pipeline.py for tasks to queue
[2026-08-10T04:19:17.900+0000] {logging_mixin.py:190} INFO - [2026-08-10T04:19:17.900+0000] {dagbag.py:588} INFO - Filling up the DagBag from /opt/airflow/dags/wap_incremental_cfpb_pipeline.py
[2026-08-10T04:19:19.139+0000] {processor.py:925} INFO - DAG(s) 'wap_incremental_cfpb_pipeline' retrieved from /opt/airflow/dags/wap_incremental_cfpb_pipeline.py
[2026-08-10T04:19:19.256+0000] {logging_mixin.py:190} INFO - [2026-08-10T04:19:19.255+0000] {dag.py:3239} INFO - Sync 1 DAGs
[2026-08-10T04:19:19.699+0000] {logging_mixin.py:190} INFO - [2026-08-10T04:19:19.699+0000] {dag.py:4180} INFO - Setting next_dagrun for wap_incremental_cfpb_pipeline to 2026-08-09 00:00:00+00:00, run_after=2026-08-10 00:00:00+00:00
[2026-08-10T04:19:19.761+0000] {processor.py:208} INFO - Processing /opt/airflow/dags/wap_incremental_cfpb_pipeline.py took 1.890 seconds
[2026-08-10T04:19:50.011+0000] {processor.py:186} INFO - Started process (PID=6671) to work on /opt/airflow/dags/wap_incremental_cfpb_pipeline.py
[2026-08-10T04:19:50.012+0000] {processor.py:914} INFO - Processing file /opt/airflow/dags/wap_incremental_cfpb_pipeline.py for tasks to queue
[2026-08-10T04:19:50.014+0000] {logging_mixin.py:190} INFO - [2026-08-10T04:19:50.014+0000] {dagbag.py:588} INFO - Filling up the DagBag from /opt/airflow/dags/wap_incremental_cfpb_pipeline.py
[2026-08-10T04:19:50.634+0000] {processor.py:925} INFO - DAG(s) 'wap_incremental_cfpb_pipeline' retrieved from /opt/airflow/dags/wap_incremental_cfpb_pipeline.py
[2026-08-10T04:19:50.677+0000] {logging_mixin.py:190} INFO - [2026-08-10T04:19:50.676+0000] {dag.py:3239} INFO - Sync 1 DAGs
[2026-08-10T04:19:50.712+0000] {logging_mixin.py:190} INFO - [2026-08-10T04:19:50.712+0000] {dag.py:4180} INFO - Setting next_dagrun for wap_incremental_cfpb_pipeline to 2026-08-09 00:00:00+00:00, run_after=2026-08-10 00:00:00+00:00
[2026-08-10T04:19:50.743+0000] {processor.py:208} INFO - Processing /opt/airflow/dags/wap_incremental_cfpb_pipeline.py took 0.740 seconds
[2026-08-10T04:20:21.161+0000] {processor.py:186} INFO - Started process (PID=6800) to work on /opt/airflow/dags/wap_incremental_cfpb_pipeline.py
[2026-08-10T04:20:21.164+0000] {processor.py:914} INFO - Processing file /opt/airflow/dags/wap_incremental_cfpb_pipeline.py for tasks to queue
[2026-08-10T04:20:21.167+0000] {logging_mixin.py:190} INFO - [2026-08-10T04:20:21.166+0000] {dagbag.py:588} INFO - Filling up the DagBag from /opt/airflow/dags/wap_incremental_cfpb_pipeline.py
[2026-08-10T04:20:21.932+0000] {processor.py:925} INFO - DAG(s) 'wap_incremental_cfpb_pipeline' retrieved from /opt/airflow/dags/wap_incremental_cfpb_pipeline.py
[2026-08-10T04:20:21.963+0000] {logging_mixin.py:190} INFO - [2026-08-10T04:20:21.963+0000] {dag.py:3239} INFO - Sync 1 DAGs
[2026-08-10T04:20:21.991+0000] {logging_mixin.py:190} INFO - [2026-08-10T04:20:21.991+0000] {dag.py:4180} INFO - Setting next_dagrun for wap_incremental_cfpb_pipeline to 2026-08-09 00:00:00+00:00, run_after=2026-08-10 00:00:00+00:00
[2026-08-10T04:20:22.016+0000] {processor.py:208} INFO - Processing /opt/airflow/dags/wap_incremental_cfpb_pipeline.py took 0.872 seconds
[2026-08-10T04:20:52.566+0000] {processor.py:186} INFO - Started process (PID=6930) to work on /opt/airflow/dags/wap_incremental_cfpb_pipeline.py
[2026-08-10T04:20:52.568+0000] {processor.py:914} INFO - Processing file /opt/airflow/dags/wap_incremental_cfpb_pipeline.py for tasks to queue
[2026-08-10T04:20:52.573+0000] {logging_mixin.py:190} INFO - [2026-08-10T04:20:52.572+0000] {dagbag.py:588} INFO - Filling up the DagBag from /opt/airflow/dags/wap_incremental_cfpb_pipeline.py
[2026-08-10T04:20:53.676+0000] {processor.py:925} INFO - DAG(s) 'wap_incremental_cfpb_pipeline' retrieved from /opt/airflow/dags/wap_incremental_cfpb_pipeline.py
[2026-08-10T04:20:53.734+0000] {logging_mixin.py:190} INFO - [2026-08-10T04:20:53.733+0000] {dag.py:3239} INFO - Sync 1 DAGs
[2026-08-10T04:20:53.799+0000] {logging_mixin.py:190} INFO - [2026-08-10T04:20:53.799+0000] {dag.py:4180} INFO - Setting next_dagrun for wap_incremental_cfpb_pipeline to 2026-08-09 00:00:00+00:00, run_after=2026-08-10 00:00:00+00:00
[2026-08-10T04:20:53.840+0000] {processor.py:208} INFO - Processing /opt/airflow/dags/wap_incremental_cfpb_pipeline.py took 1.285 seconds
[2026-08-10T04:21:24.106+0000] {processor.py:186} INFO - Started process (PID=7059) to work on /opt/airflow/dags/wap_incremental_cfpb_pipeline.py
[2026-08-10T04:21:24.108+0000] {processor.py:914} INFO - Processing file /opt/airflow/dags/wap_incremental_cfpb_pipeline.py for tasks to queue
[2026-08-10T04:21:24.109+0000] {logging_mixin.py:190} INFO - [2026-08-10T04:21:24.109+0000] {dagbag.py:588} INFO - Filling up the DagBag from /opt/airflow/dags/wap_incremental_cfpb_pipeline.py
[2026-08-10T04:21:24.657+0000] {processor.py:925} INFO - DAG(s) 'wap_incremental_cfpb_pipeline' retrieved from /opt/airflow/dags/wap_incremental_cfpb_pipeline.py
[2026-08-10T04:21:24.685+0000] {logging_mixin.py:190} INFO - [2026-08-10T04:21:24.685+0000] {dag.py:3239} INFO - Sync 1 DAGs
[2026-08-10T04:21:24.709+0000] {logging_mixin.py:190} INFO - [2026-08-10T04:21:24.709+0000] {dag.py:4180} INFO - Setting next_dagrun for wap_incremental_cfpb_pipeline to 2026-08-09 00:00:00+00:00, run_after=2026-08-10 00:00:00+00:00
[2026-08-10T04:21:24.729+0000] {processor.py:208} INFO - Processing /opt/airflow/dags/wap_incremental_cfpb_pipeline.py took 0.630 seconds
[2026-08-10T04:21:55.307+0000] {processor.py:186} INFO - Started process (PID=7191) to work on /opt/airflow/dags/wap_incremental_cfpb_pipeline.py
[2026-08-10T04:21:55.308+0000] {processor.py:914} INFO - Processing file /opt/airflow/dags/wap_incremental_cfpb_pipeline.py for tasks to queue
[2026-08-10T04:21:55.309+0000] {logging_mixin.py:190} INFO - [2026-08-10T04:21:55.309+0000] {dagbag.py:588} INFO - Filling up the DagBag from /opt/airflow/dags/wap_incremental_cfpb_pipeline.py
[2026-08-10T04:21:55.978+0000] {processor.py:925} INFO - DAG(s) 'wap_incremental_cfpb_pipeline' retrieved from /opt/airflow/dags/wap_incremental_cfpb_pipeline.py
[2026-08-10T04:21:56.015+0000] {logging_mixin.py:190} INFO - [2026-08-10T04:21:56.014+0000] {dag.py:3239} INFO - Sync 1 DAGs
[2026-08-10T04:21:56.047+0000] {logging_mixin.py:190} INFO - [2026-08-10T04:21:56.047+0000] {dag.py:4180} INFO - Setting next_dagrun for wap_incremental_cfpb_pipeline to 2026-08-09 00:00:00+00:00, run_after=2026-08-10 00:00:00+00:00
[2026-08-10T04:21:56.083+0000] {processor.py:208} INFO - Processing /opt/airflow/dags/wap_incremental_cfpb_pipeline.py took 0.785 seconds
[2026-08-10T04:22:26.207+0000] {processor.py:186} INFO - Started process (PID=7321) to work on /opt/airflow/dags/wap_incremental_cfpb_pipeline.py
[2026-08-10T04:22:26.209+0000] {processor.py:914} INFO - Processing file /opt/airflow/dags/wap_incremental_cfpb_pipeline.py for tasks to queue
[2026-08-10T04:22:26.210+0000] {logging_mixin.py:190} INFO - [2026-08-10T04:22:26.210+0000] {dagbag.py:588} INFO - Filling up the DagBag from /opt/airflow/dags/wap_incremental_cfpb_pipeline.py
[2026-08-10T04:22:26.684+0000] {processor.py:925} INFO - DAG(s) 'wap_incremental_cfpb_pipeline' retrieved from /opt/airflow/dags/wap_incremental_cfpb_pipeline.py
[2026-08-10T04:22:26.710+0000] {logging_mixin.py:190} INFO - [2026-08-10T04:22:26.710+0000] {dag.py:3239} INFO - Sync 1 DAGs
[2026-08-10T04:22:26.739+0000] {logging_mixin.py:190} INFO - [2026-08-10T04:22:26.739+0000] {dag.py:4180} INFO - Setting next_dagrun for wap_incremental_cfpb_pipeline to 2026-08-09 00:00:00+00:00, run_after=2026-08-10 00:00:00+00:00
[2026-08-10T04:22:26.761+0000] {processor.py:208} INFO - Processing /opt/airflow/dags/wap_incremental_cfpb_pipeline.py took 0.566 seconds
[2026-08-10T04:22:56.949+0000] {processor.py:186} INFO - Started process (PID=7459) to work on /opt/airflow/dags/wap_incremental_cfpb_pipeline.py
[2026-08-10T04:22:56.950+0000] {processor.py:914} INFO - Processing file /opt/airflow/dags/wap_incremental_cfpb_pipeline.py for tasks to queue
[2026-08-10T04:22:56.952+0000] {logging_mixin.py:190} INFO - [2026-08-10T04:22:56.952+0000] {dagbag.py:588} INFO - Filling up the DagBag from /opt/airflow/dags/wap_incremental_cfpb_pipeline.py
[2026-08-10T04:22:57.794+0000] {processor.py:925} INFO - DAG(s) 'wap_incremental_cfpb_pipeline' retrieved from /opt/airflow/dags/wap_incremental_cfpb_pipeline.py
[2026-08-10T04:22:57.832+0000] {logging_mixin.py:190} INFO - [2026-08-10T04:22:57.832+0000] {dag.py:3239} INFO - Sync 1 DAGs
[2026-08-10T04:22:57.866+0000] {logging_mixin.py:190} INFO - [2026-08-10T04:22:57.865+0000] {dag.py:4180} INFO - Setting next_dagrun for wap_incremental_cfpb_pipeline to 2026-08-09 00:00:00+00:00, run_after=2026-08-10 00:00:00+00:00
[2026-08-10T04:22:57.911+0000] {processor.py:208} INFO - Processing /opt/airflow/dags/wap_incremental_cfpb_pipeline.py took 0.970 seconds
[2026-08-10T04:23:28.763+0000] {processor.py:186} INFO - Started process (PID=7594) to work on /opt/airflow/dags/wap_incremental_cfpb_pipeline.py
[2026-08-10T04:23:28.766+0000] {processor.py:914} INFO - Processing file /opt/airflow/dags/wap_incremental_cfpb_pipeline.py for tasks to queue
[2026-08-10T04:23:28.770+0000] {logging_mixin.py:190} INFO - [2026-08-10T04:23:28.769+0000] {dagbag.py:588} INFO - Filling up the DagBag from /opt/airflow/dags/wap_incremental_cfpb_pipeline.py
[2026-08-10T04:23:30.058+0000] {processor.py:925} INFO - DAG(s) 'wap_incremental_cfpb_pipeline' retrieved from /opt/airflow/dags/wap_incremental_cfpb_pipeline.py
[2026-08-10T04:23:30.104+0000] {logging_mixin.py:190} INFO - [2026-08-10T04:23:30.104+0000] {dag.py:3239} INFO - Sync 1 DAGs
[2026-08-10T04:23:30.156+0000] {logging_mixin.py:190} INFO - [2026-08-10T04:23:30.156+0000] {dag.py:4180} INFO - Setting next_dagrun for wap_incremental_cfpb_pipeline to 2026-08-09 00:00:00+00:00, run_after=2026-08-10 00:00:00+00:00
[2026-08-10T04:23:30.191+0000] {processor.py:208} INFO - Processing /opt/airflow/dags/wap_incremental_cfpb_pipeline.py took 1.455 seconds
[2026-08-10T04:24:00.346+0000] {processor.py:186} INFO - Started process (PID=7724) to work on /opt/airflow/dags/wap_incremental_cfpb_pipeline.py
[2026-08-10T04:24:00.348+0000] {processor.py:914} INFO - Processing file /opt/airflow/dags/wap_incremental_cfpb_pipeline.py for tasks to queue
[2026-08-10T04:24:00.351+0000] {logging_mixin.py:190} INFO - [2026-08-10T04:24:00.351+0000] {dagbag.py:588} INFO - Filling up the DagBag from /opt/airflow/dags/wap_incremental_cfpb_pipeline.py
[2026-08-10T04:24:01.244+0000] {processor.py:925} INFO - DAG(s) 'wap_incremental_cfpb_pipeline' retrieved from /opt/airflow/dags/wap_incremental_cfpb_pipeline.py
[2026-08-10T04:24:01.289+0000] {logging_mixin.py:190} INFO - [2026-08-10T04:24:01.289+0000] {dag.py:3239} INFO - Sync 1 DAGs
[2026-08-10T04:24:01.338+0000] {logging_mixin.py:190} INFO - [2026-08-10T04:24:01.338+0000] {dag.py:4180} INFO - Setting next_dagrun for wap_incremental_cfpb_pipeline to 2026-08-09 00:00:00+00:00, run_after=2026-08-10 00:00:00+00:00
[2026-08-10T04:24:01.381+0000] {processor.py:208} INFO - Processing /opt/airflow/dags/wap_incremental_cfpb_pipeline.py took 1.046 seconds
[2026-08-10T04:24:31.591+0000] {processor.py:186} INFO - Started process (PID=7854) to work on /opt/airflow/dags/wap_incremental_cfpb_pipeline.py
[2026-08-10T04:24:31.593+0000] {processor.py:914} INFO - Processing file /opt/airflow/dags/wap_incremental_cfpb_pipeline.py for tasks to queue
[2026-08-10T04:24:31.596+0000] {logging_mixin.py:190} INFO - [2026-08-10T04:24:31.596+0000] {dagbag.py:588} INFO - Filling up the DagBag from /opt/airflow/dags/wap_incremental_cfpb_pipeline.py
[2026-08-10T04:24:32.576+0000] {processor.py:925} INFO - DAG(s) 'wap_incremental_cfpb_pipeline' retrieved from /opt/airflow/dags/wap_incremental_cfpb_pipeline.py
[2026-08-10T04:24:32.633+0000] {logging_mixin.py:190} INFO - [2026-08-10T04:24:32.633+0000] {dag.py:3239} INFO - Sync 1 DAGs
[2026-08-10T04:24:32.675+0000] {logging_mixin.py:190} INFO - [2026-08-10T04:24:32.674+0000] {dag.py:4180} INFO - Setting next_dagrun for wap_incremental_cfpb_pipeline to 2026-08-09 00:00:00+00:00, run_after=2026-08-10 00:00:00+00:00
[2026-08-10T04:24:32.723+0000] {processor.py:208} INFO - Processing /opt/airflow/dags/wap_incremental_cfpb_pipeline.py took 1.144 seconds
[2026-08-10T04:25:03.880+0000] {processor.py:186} INFO - Started process (PID=7996) to work on /opt/airflow/dags/wap_incremental_cfpb_pipeline.py
[2026-08-10T04:25:03.883+0000] {processor.py:914} INFO - Processing file /opt/airflow/dags/wap_incremental_cfpb_pipeline.py for tasks to queue
[2026-08-10T04:25:03.886+0000] {logging_mixin.py:190} INFO - [2026-08-10T04:25:03.885+0000] {dagbag.py:588} INFO - Filling up the DagBag from /opt/airflow/dags/wap_incremental_cfpb_pipeline.py
[2026-08-10T04:25:04.819+0000] {processor.py:925} INFO - DAG(s) 'wap_incremental_cfpb_pipeline' retrieved from /opt/airflow/dags/wap_incremental_cfpb_pipeline.py
[2026-08-10T04:25:04.885+0000] {logging_mixin.py:190} INFO - [2026-08-10T04:25:04.885+0000] {dag.py:3239} INFO - Sync 1 DAGs
[2026-08-10T04:25:04.956+0000] {logging_mixin.py:190} INFO - [2026-08-10T04:25:04.955+0000] {dag.py:4180} INFO - Setting next_dagrun for wap_incremental_cfpb_pipeline to 2026-08-09 00:00:00+00:00, run_after=2026-08-10 00:00:00+00:00
[2026-08-10T04:25:05.014+0000] {processor.py:208} INFO - Processing /opt/airflow/dags/wap_incremental_cfpb_pipeline.py took 1.148 seconds
[2026-08-10T04:25:35.222+0000] {processor.py:186} INFO - Started process (PID=8125) to work on /opt/airflow/dags/wap_incremental_cfpb_pipeline.py
[2026-08-10T04:25:35.223+0000] {processor.py:914} INFO - Processing file /opt/airflow/dags/wap_incremental_cfpb_pipeline.py for tasks to queue
[2026-08-10T04:25:35.225+0000] {logging_mixin.py:190} INFO - [2026-08-10T04:25:35.225+0000] {dagbag.py:588} INFO - Filling up the DagBag from /opt/airflow/dags/wap_incremental_cfpb_pipeline.py
[2026-08-10T04:25:35.669+0000] {processor.py:925} INFO - DAG(s) 'wap_incremental_cfpb_pipeline' retrieved from /opt/airflow/dags/wap_incremental_cfpb_pipeline.py
[2026-08-10T04:25:35.692+0000] {logging_mixin.py:190} INFO - [2026-08-10T04:25:35.692+0000] {dag.py:3239} INFO - Sync 1 DAGs
[2026-08-10T04:25:35.712+0000] {logging_mixin.py:190} INFO - [2026-08-10T04:25:35.712+0000] {dag.py:4180} INFO - Setting next_dagrun for wap_incremental_cfpb_pipeline to 2026-08-09 00:00:00+00:00, run_after=2026-08-10 00:00:00+00:00
[2026-08-10T04:25:35.732+0000] {processor.py:208} INFO - Processing /opt/airflow/dags/wap_incremental_cfpb_pipeline.py took 0.518 seconds
[2026-08-10T04:26:06.466+0000] {processor.py:186} INFO - Started process (PID=8261) to work on /opt/airflow/dags/wap_incremental_cfpb_pipeline.py
[2026-08-10T04:26:06.467+0000] {processor.py:914} INFO - Processing file /opt/airflow/dags/wap_incremental_cfpb_pipeline.py for tasks to queue
[2026-08-10T04:26:06.469+0000] {logging_mixin.py:190} INFO - [2026-08-10T04:26:06.469+0000] {dagbag.py:588} INFO - Filling up the DagBag from /opt/airflow/dags/wap_incremental_cfpb_pipeline.py
[2026-08-10T04:26:07.057+0000] {processor.py:925} INFO - DAG(s) 'wap_incremental_cfpb_pipeline' retrieved from /opt/airflow/dags/wap_incremental_cfpb_pipeline.py
[2026-08-10T04:26:07.092+0000] {logging_mixin.py:190} INFO - [2026-08-10T04:26:07.091+0000] {dag.py:3239} INFO - Sync 1 DAGs
[2026-08-10T04:26:07.133+0000] {logging_mixin.py:190} INFO - [2026-08-10T04:26:07.132+0000] {dag.py:4180} INFO - Setting next_dagrun for wap_incremental_cfpb_pipeline to 2026-08-09 00:00:00+00:00, run_after=2026-08-10 00:00:00+00:00
[2026-08-10T04:26:07.166+0000] {processor.py:208} INFO - Processing /opt/airflow/dags/wap_incremental_cfpb_pipeline.py took 0.705 seconds
[2026-08-10T04:26:37.303+0000] {processor.py:186} INFO - Started process (PID=8389) to work on /opt/airflow/dags/wap_incremental_cfpb_pipeline.py
[2026-08-10T04:26:37.305+0000] {processor.py:914} INFO - Processing file /opt/airflow/dags/wap_incremental_cfpb_pipeline.py for tasks to queue
[2026-08-10T04:26:37.311+0000] {logging_mixin.py:190} INFO - [2026-08-10T04:26:37.309+0000] {dagbag.py:588} INFO - Filling up the DagBag from /opt/airflow/dags/wap_incremental_cfpb_pipeline.py
[2026-08-10T04:26:38.675+0000] {processor.py:925} INFO - DAG(s) 'wap_incremental_cfpb_pipeline' retrieved from /opt/airflow/dags/wap_incremental_cfpb_pipeline.py
[2026-08-10T04:26:38.736+0000] {logging_mixin.py:190} INFO - [2026-08-10T04:26:38.736+0000] {dag.py:3239} INFO - Sync 1 DAGs
[2026-08-10T04:26:38.783+0000] {logging_mixin.py:190} INFO - [2026-08-10T04:26:38.782+0000] {dag.py:4180} INFO - Setting next_dagrun for wap_incremental_cfpb_pipeline to 2026-08-09 00:00:00+00:00, run_after=2026-08-10 00:00:00+00:00
[2026-08-10T04:26:38.821+0000] {processor.py:208} INFO - Processing /opt/airflow/dags/wap_incremental_cfpb_pipeline.py took 1.533 seconds
[2026-08-10T04:27:09.289+0000] {processor.py:186} INFO - Started process (PID=8516) to work on /opt/airflow/dags/wap_incremental_cfpb_pipeline.py
[2026-08-10T04:27:09.292+0000] {processor.py:914} INFO - Processing file /opt/airflow/dags/wap_incremental_cfpb_pipeline.py for tasks to queue
[2026-08-10T04:27:09.296+0000] {logging_mixin.py:190} INFO - [2026-08-10T04:27:09.295+0000] {dagbag.py:588} INFO - Filling up the DagBag from /opt/airflow/dags/wap_incremental_cfpb_pipeline.py
[2026-08-10T04:27:09.988+0000] {processor.py:925} INFO - DAG(s) 'wap_incremental_cfpb_pipeline' retrieved from /opt/airflow/dags/wap_incremental_cfpb_pipeline.py
[2026-08-10T04:27:10.024+0000] {logging_mixin.py:190} INFO - [2026-08-10T04:27:10.024+0000] {dag.py:3239} INFO - Sync 1 DAGs
[2026-08-10T04:27:10.057+0000] {logging_mixin.py:190} INFO - [2026-08-10T04:27:10.057+0000] {dag.py:4180} INFO - Setting next_dagrun for wap_incremental_cfpb_pipeline to 2026-08-09 00:00:00+00:00, run_after=2026-08-10 00:00:00+00:00
[2026-08-10T04:27:10.087+0000] {processor.py:208} INFO - Processing /opt/airflow/dags/wap_incremental_cfpb_pipeline.py took 0.817 seconds
[2026-08-10T04:29:58.545+0000] {processor.py:186} INFO - Started process (PID=241) to work on /opt/airflow/dags/wap_incremental_cfpb_pipeline.py
[2026-08-10T04:29:58.552+0000] {processor.py:914} INFO - Processing file /opt/airflow/dags/wap_incremental_cfpb_pipeline.py for tasks to queue
[2026-08-10T04:29:58.560+0000] {logging_mixin.py:190} INFO - [2026-08-10T04:29:58.559+0000] {dagbag.py:588} INFO - Filling up the DagBag from /opt/airflow/dags/wap_incremental_cfpb_pipeline.py
[2026-08-10T04:29:59.482+0000] {processor.py:925} INFO - DAG(s) 'wap_incremental_cfpb_pipeline' retrieved from /opt/airflow/dags/wap_incremental_cfpb_pipeline.py
[2026-08-10T04:29:59.557+0000] {logging_mixin.py:190} INFO - [2026-08-10T04:29:59.556+0000] {dag.py:3239} INFO - Sync 1 DAGs
[2026-08-10T04:29:59.636+0000] {logging_mixin.py:190} INFO - [2026-08-10T04:29:59.636+0000] {dag.py:4180} INFO - Setting next_dagrun for wap_incremental_cfpb_pipeline to 2026-08-09 00:00:00+00:00, run_after=2026-08-10 00:00:00+00:00
[2026-08-10T04:29:59.726+0000] {processor.py:208} INFO - Processing /opt/airflow/dags/wap_incremental_cfpb_pipeline.py took 1.198 seconds
[2026-08-10T04:30:31.090+0000] {processor.py:186} INFO - Started process (PID=375) to work on /opt/airflow/dags/wap_incremental_cfpb_pipeline.py
[2026-08-10T04:30:31.092+0000] {processor.py:914} INFO - Processing file /opt/airflow/dags/wap_incremental_cfpb_pipeline.py for tasks to queue
[2026-08-10T04:30:31.098+0000] {logging_mixin.py:190} INFO - [2026-08-10T04:30:31.097+0000] {dagbag.py:588} INFO - Filling up the DagBag from /opt/airflow/dags/wap_incremental_cfpb_pipeline.py
[2026-08-10T04:30:31.645+0000] {processor.py:925} INFO - DAG(s) 'wap_incremental_cfpb_pipeline' retrieved from /opt/airflow/dags/wap_incremental_cfpb_pipeline.py
[2026-08-10T04:30:31.702+0000] {logging_mixin.py:190} INFO - [2026-08-10T04:30:31.701+0000] {dag.py:3239} INFO - Sync 1 DAGs
[2026-08-10T04:30:31.752+0000] {logging_mixin.py:190} INFO - [2026-08-10T04:30:31.751+0000] {dag.py:4180} INFO - Setting next_dagrun for wap_incremental_cfpb_pipeline to 2026-08-09 00:00:00+00:00, run_after=2026-08-10 00:00:00+00:00
[2026-08-10T04:30:31.796+0000] {processor.py:208} INFO - Processing /opt/airflow/dags/wap_incremental_cfpb_pipeline.py took 0.717 seconds
[2026-08-10T04:31:02.122+0000] {processor.py:186} INFO - Started process (PID=488) to work on /opt/airflow/dags/wap_incremental_cfpb_pipeline.py
[2026-08-10T04:31:02.124+0000] {processor.py:914} INFO - Processing file /opt/airflow/dags/wap_incremental_cfpb_pipeline.py for tasks to queue
[2026-08-10T04:31:02.127+0000] {logging_mixin.py:190} INFO - [2026-08-10T04:31:02.126+0000] {dagbag.py:588} INFO - Filling up the DagBag from /opt/airflow/dags/wap_incremental_cfpb_pipeline.py
[2026-08-10T04:31:02.868+0000] {processor.py:925} INFO - DAG(s) 'wap_incremental_cfpb_pipeline' retrieved from /opt/airflow/dags/wap_incremental_cfpb_pipeline.py
[2026-08-10T04:31:02.943+0000] {logging_mixin.py:190} INFO - [2026-08-10T04:31:02.942+0000] {dag.py:3239} INFO - Sync 1 DAGs
[2026-08-10T04:31:03.008+0000] {logging_mixin.py:190} INFO - [2026-08-10T04:31:03.008+0000] {dag.py:4180} INFO - Setting next_dagrun for wap_incremental_cfpb_pipeline to 2026-08-09 00:00:00+00:00, run_after=2026-08-10 00:00:00+00:00
[2026-08-10T04:31:03.082+0000] {processor.py:208} INFO - Processing /opt/airflow/dags/wap_incremental_cfpb_pipeline.py took 0.972 seconds
[2026-08-10T04:31:34.622+0000] {processor.py:186} INFO - Started process (PID=633) to work on /opt/airflow/dags/wap_incremental_cfpb_pipeline.py
[2026-08-10T04:31:34.624+0000] {processor.py:914} INFO - Processing file /opt/airflow/dags/wap_incremental_cfpb_pipeline.py for tasks to queue
[2026-08-10T04:31:34.625+0000] {logging_mixin.py:190} INFO - [2026-08-10T04:31:34.625+0000] {dagbag.py:588} INFO - Filling up the DagBag from /opt/airflow/dags/wap_incremental_cfpb_pipeline.py
[2026-08-10T04:31:35.032+0000] {processor.py:925} INFO - DAG(s) 'wap_incremental_cfpb_pipeline' retrieved from /opt/airflow/dags/wap_incremental_cfpb_pipeline.py
[2026-08-10T04:31:35.125+0000] {logging_mixin.py:190} INFO - [2026-08-10T04:31:35.124+0000] {dag.py:3239} INFO - Sync 1 DAGs
[2026-08-10T04:31:35.163+0000] {logging_mixin.py:190} INFO - [2026-08-10T04:31:35.163+0000] {dag.py:4180} INFO - Setting next_dagrun for wap_incremental_cfpb_pipeline to 2026-08-09 00:00:00+00:00, run_after=2026-08-10 00:00:00+00:00
[2026-08-10T04:31:35.183+0000] {processor.py:208} INFO - Processing /opt/airflow/dags/wap_incremental_cfpb_pipeline.py took 0.570 seconds
[2026-08-10T04:32:05.751+0000] {processor.py:186} INFO - Started process (PID=761) to work on /opt/airflow/dags/wap_incremental_cfpb_pipeline.py
[2026-08-10T04:32:05.751+0000] {processor.py:914} INFO - Processing file /opt/airflow/dags/wap_incremental_cfpb_pipeline.py for tasks to queue
[2026-08-10T04:32:05.752+0000] {logging_mixin.py:190} INFO - [2026-08-10T04:32:05.752+0000] {dagbag.py:588} INFO - Filling up the DagBag from /opt/airflow/dags/wap_incremental_cfpb_pipeline.py
[2026-08-10T04:32:06.054+0000] {processor.py:925} INFO - DAG(s) 'wap_incremental_cfpb_pipeline' retrieved from /opt/airflow/dags/wap_incremental_cfpb_pipeline.py
[2026-08-10T04:32:06.080+0000] {logging_mixin.py:190} INFO - [2026-08-10T04:32:06.079+0000] {dag.py:3239} INFO - Sync 1 DAGs
[2026-08-10T04:32:06.108+0000] {logging_mixin.py:190} INFO - [2026-08-10T04:32:06.107+0000] {dag.py:4180} INFO - Setting next_dagrun for wap_incremental_cfpb_pipeline to 2026-08-09 00:00:00+00:00, run_after=2026-08-10 00:00:00+00:00
[2026-08-10T04:32:06.129+0000] {processor.py:208} INFO - Processing /opt/airflow/dags/wap_incremental_cfpb_pipeline.py took 0.383 seconds
[2026-08-10T04:32:37.112+0000] {processor.py:186} INFO - Started process (PID=888) to work on /opt/airflow/dags/wap_incremental_cfpb_pipeline.py
[2026-08-10T04:32:37.113+0000] {processor.py:914} INFO - Processing file /opt/airflow/dags/wap_incremental_cfpb_pipeline.py for tasks to queue
[2026-08-10T04:32:37.114+0000] {logging_mixin.py:190} INFO - [2026-08-10T04:32:37.114+0000] {dagbag.py:588} INFO - Filling up the DagBag from /opt/airflow/dags/wap_incremental_cfpb_pipeline.py
[2026-08-10T04:32:37.500+0000] {processor.py:925} INFO - DAG(s) 'wap_incremental_cfpb_pipeline' retrieved from /opt/airflow/dags/wap_incremental_cfpb_pipeline.py
[2026-08-10T04:32:37.550+0000] {logging_mixin.py:190} INFO - [2026-08-10T04:32:37.549+0000] {dag.py:3239} INFO - Sync 1 DAGs
[2026-08-10T04:32:37.589+0000] {logging_mixin.py:190} INFO - [2026-08-10T04:32:37.589+0000] {dag.py:4180} INFO - Setting next_dagrun for wap_incremental_cfpb_pipeline to 2026-08-09 00:00:00+00:00, run_after=2026-08-10 00:00:00+00:00
[2026-08-10T04:32:37.621+0000] {processor.py:208} INFO - Processing /opt/airflow/dags/wap_incremental_cfpb_pipeline.py took 0.514 seconds
[2026-08-10T04:33:07.809+0000] {processor.py:186} INFO - Started process (PID=1019) to work on /opt/airflow/dags/wap_incremental_cfpb_pipeline.py
[2026-08-10T04:33:07.810+0000] {processor.py:914} INFO - Processing file /opt/airflow/dags/wap_incremental_cfpb_pipeline.py for tasks to queue
[2026-08-10T04:33:07.813+0000] {logging_mixin.py:190} INFO - [2026-08-10T04:33:07.812+0000] {dagbag.py:588} INFO - Filling up the DagBag from /opt/airflow/dags/wap_incremental_cfpb_pipeline.py
[2026-08-10T04:33:08.234+0000] {processor.py:925} INFO - DAG(s) 'wap_incremental_cfpb_pipeline' retrieved from /opt/airflow/dags/wap_incremental_cfpb_pipeline.py
[2026-08-10T04:33:08.276+0000] {logging_mixin.py:190} INFO - [2026-08-10T04:33:08.276+0000] {dag.py:3239} INFO - Sync 1 DAGs
[2026-08-10T04:33:08.337+0000] {logging_mixin.py:190} INFO - [2026-08-10T04:33:08.337+0000] {dag.py:4180} INFO - Setting next_dagrun for wap_incremental_cfpb_pipeline to 2026-08-09 00:00:00+00:00, run_after=2026-08-10 00:00:00+00:00
[2026-08-10T04:33:08.376+0000] {processor.py:208} INFO - Processing /opt/airflow/dags/wap_incremental_cfpb_pipeline.py took 0.578 seconds
[2026-08-10T04:33:39.195+0000] {processor.py:186} INFO - Started process (PID=1147) to work on /opt/airflow/dags/wap_incremental_cfpb_pipeline.py
[2026-08-10T04:33:39.196+0000] {processor.py:914} INFO - Processing file /opt/airflow/dags/wap_incremental_cfpb_pipeline.py for tasks to queue
[2026-08-10T04:33:39.197+0000] {logging_mixin.py:190} INFO - [2026-08-10T04:33:39.197+0000] {dagbag.py:588} INFO - Filling up the DagBag from /opt/airflow/dags/wap_incremental_cfpb_pipeline.py
[2026-08-10T04:33:39.516+0000] {processor.py:925} INFO - DAG(s) 'wap_incremental_cfpb_pipeline' retrieved from /opt/airflow/dags/wap_incremental_cfpb_pipeline.py
[2026-08-10T04:33:39.550+0000] {logging_mixin.py:190} INFO - [2026-08-10T04:33:39.549+0000] {dag.py:3239} INFO - Sync 1 DAGs
[2026-08-10T04:33:39.579+0000] {logging_mixin.py:190} INFO - [2026-08-10T04:33:39.579+0000] {dag.py:4180} INFO - Setting next_dagrun for wap_incremental_cfpb_pipeline to 2026-08-09 00:00:00+00:00, run_after=2026-08-10 00:00:00+00:00
[2026-08-10T04:33:39.607+0000] {processor.py:208} INFO - Processing /opt/airflow/dags/wap_incremental_cfpb_pipeline.py took 0.417 seconds
[2026-08-10T04:34:09.771+0000] {processor.py:186} INFO - Started process (PID=1277) to work on /opt/airflow/dags/wap_incremental_cfpb_pipeline.py
[2026-08-10T04:34:09.772+0000] {processor.py:914} INFO - Processing file /opt/airflow/dags/wap_incremental_cfpb_pipeline.py for tasks to queue
[2026-08-10T04:34:09.773+0000] {logging_mixin.py:190} INFO - [2026-08-10T04:34:09.773+0000] {dagbag.py:588} INFO - Filling up the DagBag from /opt/airflow/dags/wap_incremental_cfpb_pipeline.py
[2026-08-10T04:34:10.114+0000] {processor.py:925} INFO - DAG(s) 'wap_incremental_cfpb_pipeline' retrieved from /opt/airflow/dags/wap_incremental_cfpb_pipeline.py
[2026-08-10T04:34:10.144+0000] {logging_mixin.py:190} INFO - [2026-08-10T04:34:10.144+0000] {dag.py:3239} INFO - Sync 1 DAGs
[2026-08-10T04:34:10.169+0000] {logging_mixin.py:190} INFO - [2026-08-10T04:34:10.169+0000] {dag.py:4180} INFO - Setting next_dagrun for wap_incremental_cfpb_pipeline to 2026-08-09 00:00:00+00:00, run_after=2026-08-10 00:00:00+00:00
[2026-08-10T04:34:10.189+0000] {processor.py:208} INFO - Processing /opt/airflow/dags/wap_incremental_cfpb_pipeline.py took 0.424 seconds
[2026-08-10T04:34:40.806+0000] {processor.py:186} INFO - Started process (PID=1406) to work on /opt/airflow/dags/wap_incremental_cfpb_pipeline.py
[2026-08-10T04:34:40.807+0000] {processor.py:914} INFO - Processing file /opt/airflow/dags/wap_incremental_cfpb_pipeline.py for tasks to queue
[2026-08-10T04:34:40.808+0000] {logging_mixin.py:190} INFO - [2026-08-10T04:34:40.808+0000] {dagbag.py:588} INFO - Filling up the DagBag from /opt/airflow/dags/wap_incremental_cfpb_pipeline.py
[2026-08-10T04:34:41.126+0000] {processor.py:925} INFO - DAG(s) 'wap_incremental_cfpb_pipeline' retrieved from /opt/airflow/dags/wap_incremental_cfpb_pipeline.py
[2026-08-10T04:34:41.152+0000] {logging_mixin.py:190} INFO - [2026-08-10T04:34:41.152+0000] {dag.py:3239} INFO - Sync 1 DAGs
[2026-08-10T04:34:41.343+0000] {logging_mixin.py:190} INFO - [2026-08-10T04:34:41.343+0000] {dag.py:4180} INFO - Setting next_dagrun for wap_incremental_cfpb_pipeline to 2026-08-09 00:00:00+00:00, run_after=2026-08-10 00:00:00+00:00
[2026-08-10T04:34:41.374+0000] {processor.py:208} INFO - Processing /opt/airflow/dags/wap_incremental_cfpb_pipeline.py took 0.574 seconds
[2026-08-10T04:35:11.875+0000] {processor.py:186} INFO - Started process (PID=1535) to work on /opt/airflow/dags/wap_incremental_cfpb_pipeline.py
[2026-08-10T04:35:11.876+0000] {processor.py:914} INFO - Processing file /opt/airflow/dags/wap_incremental_cfpb_pipeline.py for tasks to queue
[2026-08-10T04:35:11.878+0000] {logging_mixin.py:190} INFO - [2026-08-10T04:35:11.878+0000] {dagbag.py:588} INFO - Filling up the DagBag from /opt/airflow/dags/wap_incremental_cfpb_pipeline.py
[2026-08-10T04:35:12.265+0000] {processor.py:925} INFO - DAG(s) 'wap_incremental_cfpb_pipeline' retrieved from /opt/airflow/dags/wap_incremental_cfpb_pipeline.py
[2026-08-10T04:35:12.293+0000] {logging_mixin.py:190} INFO - [2026-08-10T04:35:12.292+0000] {dag.py:3239} INFO - Sync 1 DAGs
[2026-08-10T04:35:12.321+0000] {logging_mixin.py:190} INFO - [2026-08-10T04:35:12.320+0000] {dag.py:4180} INFO - Setting next_dagrun for wap_incremental_cfpb_pipeline to 2026-08-09 00:00:00+00:00, run_after=2026-08-10 00:00:00+00:00
[2026-08-10T04:35:12.352+0000] {processor.py:208} INFO - Processing /opt/airflow/dags/wap_incremental_cfpb_pipeline.py took 0.485 seconds
[2026-08-10T04:35:44.088+0000] {processor.py:186} INFO - Started process (PID=1679) to work on /opt/airflow/dags/wap_incremental_cfpb_pipeline.py
[2026-08-10T04:35:44.091+0000] {processor.py:914} INFO - Processing file /opt/airflow/dags/wap_incremental_cfpb_pipeline.py for tasks to queue
[2026-08-10T04:35:44.093+0000] {logging_mixin.py:190} INFO - [2026-08-10T04:35:44.092+0000] {dagbag.py:588} INFO - Filling up the DagBag from /opt/airflow/dags/wap_incremental_cfpb_pipeline.py
[2026-08-10T04:35:44.670+0000] {processor.py:925} INFO - DAG(s) 'wap_incremental_cfpb_pipeline' retrieved from /opt/airflow/dags/wap_incremental_cfpb_pipeline.py
[2026-08-10T04:35:45.197+0000] {logging_mixin.py:190} INFO - [2026-08-10T04:35:45.196+0000] {dag.py:3239} INFO - Sync 1 DAGs
[2026-08-10T04:35:45.303+0000] {logging_mixin.py:190} INFO - [2026-08-10T04:35:45.302+0000] {dag.py:4180} INFO - Setting next_dagrun for wap_incremental_cfpb_pipeline to 2026-08-09 00:00:00+00:00, run_after=2026-08-10 00:00:00+00:00
[2026-08-10T04:35:45.362+0000] {processor.py:208} INFO - Processing /opt/airflow/dags/wap_incremental_cfpb_pipeline.py took 1.283 seconds
[2026-08-10T04:36:15.974+0000] {processor.py:186} INFO - Started process (PID=1824) to work on /opt/airflow/dags/wap_incremental_cfpb_pipeline.py
[2026-08-10T04:36:15.979+0000] {processor.py:914} INFO - Processing file /opt/airflow/dags/wap_incremental_cfpb_pipeline.py for tasks to queue
[2026-08-10T04:36:15.986+0000] {logging_mixin.py:190} INFO - [2026-08-10T04:36:15.986+0000] {dagbag.py:588} INFO - Filling up the DagBag from /opt/airflow/dags/wap_incremental_cfpb_pipeline.py
[2026-08-10T04:36:17.163+0000] {processor.py:925} INFO - DAG(s) 'wap_incremental_cfpb_pipeline' retrieved from /opt/airflow/dags/wap_incremental_cfpb_pipeline.py
[2026-08-10T04:36:17.225+0000] {logging_mixin.py:190} INFO - [2026-08-10T04:36:17.224+0000] {dag.py:3239} INFO - Sync 1 DAGs
[2026-08-10T04:36:17.275+0000] {logging_mixin.py:190} INFO - [2026-08-10T04:36:17.274+0000] {dag.py:4180} INFO - Setting next_dagrun for wap_incremental_cfpb_pipeline to 2026-08-09 00:00:00+00:00, run_after=2026-08-10 00:00:00+00:00
[2026-08-10T04:36:17.316+0000] {processor.py:208} INFO - Processing /opt/airflow/dags/wap_incremental_cfpb_pipeline.py took 1.361 seconds
[2026-08-10T04:36:48.032+0000] {processor.py:186} INFO - Started process (PID=1959) to work on /opt/airflow/dags/wap_incremental_cfpb_pipeline.py
[2026-08-10T04:36:48.034+0000] {processor.py:914} INFO - Processing file /opt/airflow/dags/wap_incremental_cfpb_pipeline.py for tasks to queue
[2026-08-10T04:36:48.037+0000] {logging_mixin.py:190} INFO - [2026-08-10T04:36:48.036+0000] {dagbag.py:588} INFO - Filling up the DagBag from /opt/airflow/dags/wap_incremental_cfpb_pipeline.py
[2026-08-10T04:36:48.644+0000] {processor.py:925} INFO - DAG(s) 'wap_incremental_cfpb_pipeline' retrieved from /opt/airflow/dags/wap_incremental_cfpb_pipeline.py
[2026-08-10T04:36:48.671+0000] {logging_mixin.py:190} INFO - [2026-08-10T04:36:48.671+0000] {dag.py:3239} INFO - Sync 1 DAGs
[2026-08-10T04:36:48.697+0000] {logging_mixin.py:190} INFO - [2026-08-10T04:36:48.696+0000] {dag.py:4180} INFO - Setting next_dagrun for wap_incremental_cfpb_pipeline to 2026-08-09 00:00:00+00:00, run_after=2026-08-10 00:00:00+00:00
[2026-08-10T04:36:48.718+0000] {processor.py:208} INFO - Processing /opt/airflow/dags/wap_incremental_cfpb_pipeline.py took 0.696 seconds
[2026-08-10T04:37:19.058+0000] {processor.py:186} INFO - Started process (PID=2089) to work on /opt/airflow/dags/wap_incremental_cfpb_pipeline.py
[2026-08-10T04:37:19.060+0000] {processor.py:914} INFO - Processing file /opt/airflow/dags/wap_incremental_cfpb_pipeline.py for tasks to queue
[2026-08-10T04:37:19.062+0000] {logging_mixin.py:190} INFO - [2026-08-10T04:37:19.062+0000] {dagbag.py:588} INFO - Filling up the DagBag from /opt/airflow/dags/wap_incremental_cfpb_pipeline.py
[2026-08-10T04:37:19.795+0000] {processor.py:925} INFO - DAG(s) 'wap_incremental_cfpb_pipeline' retrieved from /opt/airflow/dags/wap_incremental_cfpb_pipeline.py
[2026-08-10T04:37:19.848+0000] {logging_mixin.py:190} INFO - [2026-08-10T04:37:19.848+0000] {dag.py:3239} INFO - Sync 1 DAGs
[2026-08-10T04:37:19.936+0000] {logging_mixin.py:190} INFO - [2026-08-10T04:37:19.936+0000] {dag.py:4180} INFO - Setting next_dagrun for wap_incremental_cfpb_pipeline to 2026-08-09 00:00:00+00:00, run_after=2026-08-10 00:00:00+00:00
[2026-08-10T04:37:20.004+0000] {processor.py:208} INFO - Processing /opt/airflow/dags/wap_incremental_cfpb_pipeline.py took 0.958 seconds
[2026-08-10T04:37:50.758+0000] {processor.py:186} INFO - Started process (PID=2218) to work on /opt/airflow/dags/wap_incremental_cfpb_pipeline.py
[2026-08-10T04:37:50.760+0000] {processor.py:914} INFO - Processing file /opt/airflow/dags/wap_incremental_cfpb_pipeline.py for tasks to queue
[2026-08-10T04:37:50.762+0000] {logging_mixin.py:190} INFO - [2026-08-10T04:37:50.762+0000] {dagbag.py:588} INFO - Filling up the DagBag from /opt/airflow/dags/wap_incremental_cfpb_pipeline.py
[2026-08-10T04:37:51.332+0000] {processor.py:925} INFO - DAG(s) 'wap_incremental_cfpb_pipeline' retrieved from /opt/airflow/dags/wap_incremental_cfpb_pipeline.py
[2026-08-10T04:37:51.356+0000] {logging_mixin.py:190} INFO - [2026-08-10T04:37:51.356+0000] {dag.py:3239} INFO - Sync 1 DAGs
[2026-08-10T04:37:51.377+0000] {logging_mixin.py:190} INFO - [2026-08-10T04:37:51.376+0000] {dag.py:4180} INFO - Setting next_dagrun for wap_incremental_cfpb_pipeline to 2026-08-09 00:00:00+00:00, run_after=2026-08-10 00:00:00+00:00
[2026-08-10T04:37:51.402+0000] {processor.py:208} INFO - Processing /opt/airflow/dags/wap_incremental_cfpb_pipeline.py took 0.653 seconds
[2026-08-10T04:38:21.765+0000] {processor.py:186} INFO - Started process (PID=2348) to work on /opt/airflow/dags/wap_incremental_cfpb_pipeline.py
[2026-08-10T04:38:21.766+0000] {processor.py:914} INFO - Processing file /opt/airflow/dags/wap_incremental_cfpb_pipeline.py for tasks to queue
[2026-08-10T04:38:21.767+0000] {logging_mixin.py:190} INFO - [2026-08-10T04:38:21.767+0000] {dagbag.py:588} INFO - Filling up the DagBag from /opt/airflow/dags/wap_incremental_cfpb_pipeline.py
[2026-08-10T04:38:22.384+0000] {processor.py:925} INFO - DAG(s) 'wap_incremental_cfpb_pipeline' retrieved from /opt/airflow/dags/wap_incremental_cfpb_pipeline.py
[2026-08-10T04:38:22.410+0000] {logging_mixin.py:190} INFO - [2026-08-10T04:38:22.410+0000] {dag.py:3239} INFO - Sync 1 DAGs
[2026-08-10T04:38:22.439+0000] {logging_mixin.py:190} INFO - [2026-08-10T04:38:22.439+0000] {dag.py:4180} INFO - Setting next_dagrun for wap_incremental_cfpb_pipeline to 2026-08-09 00:00:00+00:00, run_after=2026-08-10 00:00:00+00:00
[2026-08-10T04:38:22.466+0000] {processor.py:208} INFO - Processing /opt/airflow/dags/wap_incremental_cfpb_pipeline.py took 0.711 seconds
[2026-08-10T04:38:52.936+0000] {processor.py:186} INFO - Started process (PID=2480) to work on /opt/airflow/dags/wap_incremental_cfpb_pipeline.py
[2026-08-10T04:38:52.937+0000] {processor.py:914} INFO - Processing file /opt/airflow/dags/wap_incremental_cfpb_pipeline.py for tasks to queue
[2026-08-10T04:38:52.939+0000] {logging_mixin.py:190} INFO - [2026-08-10T04:38:52.939+0000] {dagbag.py:588} INFO - Filling up the DagBag from /opt/airflow/dags/wap_incremental_cfpb_pipeline.py
[2026-08-10T04:38:53.715+0000] {processor.py:925} INFO - DAG(s) 'wap_incremental_cfpb_pipeline' retrieved from /opt/airflow/dags/wap_incremental_cfpb_pipeline.py
[2026-08-10T04:38:53.749+0000] {logging_mixin.py:190} INFO - [2026-08-10T04:38:53.748+0000] {dag.py:3239} INFO - Sync 1 DAGs
[2026-08-10T04:38:53.782+0000] {logging_mixin.py:190} INFO - [2026-08-10T04:38:53.782+0000] {dag.py:4180} INFO - Setting next_dagrun for wap_incremental_cfpb_pipeline to 2026-08-09 00:00:00+00:00, run_after=2026-08-10 00:00:00+00:00
[2026-08-10T04:38:53.808+0000] {processor.py:208} INFO - Processing /opt/airflow/dags/wap_incremental_cfpb_pipeline.py took 0.879 seconds
[2026-08-10T04:39:24.148+0000] {processor.py:186} INFO - Started process (PID=2620) to work on /opt/airflow/dags/wap_incremental_cfpb_pipeline.py
[2026-08-10T04:39:24.151+0000] {processor.py:914} INFO - Processing file /opt/airflow/dags/wap_incremental_cfpb_pipeline.py for tasks to queue
[2026-08-10T04:39:24.154+0000] {logging_mixin.py:190} INFO - [2026-08-10T04:39:24.154+0000] {dagbag.py:588} INFO - Filling up the DagBag from /opt/airflow/dags/wap_incremental_cfpb_pipeline.py
[2026-08-10T04:39:24.853+0000] {processor.py:925} INFO - DAG(s) 'wap_incremental_cfpb_pipeline' retrieved from /opt/airflow/dags/wap_incremental_cfpb_pipeline.py
[2026-08-10T04:39:24.886+0000] {logging_mixin.py:190} INFO - [2026-08-10T04:39:24.886+0000] {dag.py:3239} INFO - Sync 1 DAGs
[2026-08-10T04:39:24.916+0000] {logging_mixin.py:190} INFO - [2026-08-10T04:39:24.915+0000] {dag.py:4180} INFO - Setting next_dagrun for wap_incremental_cfpb_pipeline to 2026-08-09 00:00:00+00:00, run_after=2026-08-10 00:00:00+00:00
[2026-08-10T04:39:24.946+0000] {processor.py:208} INFO - Processing /opt/airflow/dags/wap_incremental_cfpb_pipeline.py took 0.814 seconds
[2026-08-10T04:39:55.086+0000] {processor.py:186} INFO - Started process (PID=2750) to work on /opt/airflow/dags/wap_incremental_cfpb_pipeline.py
[2026-08-10T04:39:55.087+0000] {processor.py:914} INFO - Processing file /opt/airflow/dags/wap_incremental_cfpb_pipeline.py for tasks to queue
[2026-08-10T04:39:55.088+0000] {logging_mixin.py:190} INFO - [2026-08-10T04:39:55.088+0000] {dagbag.py:588} INFO - Filling up the DagBag from /opt/airflow/dags/wap_incremental_cfpb_pipeline.py
[2026-08-10T04:39:55.623+0000] {processor.py:925} INFO - DAG(s) 'wap_incremental_cfpb_pipeline' retrieved from /opt/airflow/dags/wap_incremental_cfpb_pipeline.py
[2026-08-10T04:39:55.647+0000] {logging_mixin.py:190} INFO - [2026-08-10T04:39:55.647+0000] {dag.py:3239} INFO - Sync 1 DAGs
[2026-08-10T04:39:55.670+0000] {logging_mixin.py:190} INFO - [2026-08-10T04:39:55.670+0000] {dag.py:4180} INFO - Setting next_dagrun for wap_incremental_cfpb_pipeline to 2026-08-09 00:00:00+00:00, run_after=2026-08-10 00:00:00+00:00
[2026-08-10T04:39:55.693+0000] {processor.py:208} INFO - Processing /opt/airflow/dags/wap_incremental_cfpb_pipeline.py took 0.613 seconds
[2026-08-10T04:40:26.108+0000] {processor.py:186} INFO - Started process (PID=2879) to work on /opt/airflow/dags/wap_incremental_cfpb_pipeline.py
[2026-08-10T04:40:26.111+0000] {processor.py:914} INFO - Processing file /opt/airflow/dags/wap_incremental_cfpb_pipeline.py for tasks to queue
[2026-08-10T04:40:26.113+0000] {logging_mixin.py:190} INFO - [2026-08-10T04:40:26.113+0000] {dagbag.py:588} INFO - Filling up the DagBag from /opt/airflow/dags/wap_incremental_cfpb_pipeline.py
[2026-08-10T04:40:26.625+0000] {processor.py:925} INFO - DAG(s) 'wap_incremental_cfpb_pipeline' retrieved from /opt/airflow/dags/wap_incremental_cfpb_pipeline.py
[2026-08-10T04:40:26.648+0000] {logging_mixin.py:190} INFO - [2026-08-10T04:40:26.647+0000] {dag.py:3239} INFO - Sync 1 DAGs
[2026-08-10T04:40:26.673+0000] {logging_mixin.py:190} INFO - [2026-08-10T04:40:26.673+0000] {dag.py:4180} INFO - Setting next_dagrun for wap_incremental_cfpb_pipeline to 2026-08-09 00:00:00+00:00, run_after=2026-08-10 00:00:00+00:00
[2026-08-10T04:40:26.703+0000] {processor.py:208} INFO - Processing /opt/airflow/dags/wap_incremental_cfpb_pipeline.py took 0.610 seconds
[2026-08-10T04:40:57.216+0000] {processor.py:186} INFO - Started process (PID=3011) to work on /opt/airflow/dags/wap_incremental_cfpb_pipeline.py
[2026-08-10T04:40:57.218+0000] {processor.py:914} INFO - Processing file /opt/airflow/dags/wap_incremental_cfpb_pipeline.py for tasks to queue
[2026-08-10T04:40:57.221+0000] {logging_mixin.py:190} INFO - [2026-08-10T04:40:57.220+0000] {dagbag.py:588} INFO - Filling up the DagBag from /opt/airflow/dags/wap_incremental_cfpb_pipeline.py
[2026-08-10T04:40:57.844+0000] {processor.py:925} INFO - DAG(s) 'wap_incremental_cfpb_pipeline' retrieved from /opt/airflow/dags/wap_incremental_cfpb_pipeline.py
[2026-08-10T04:40:57.873+0000] {logging_mixin.py:190} INFO - [2026-08-10T04:40:57.873+0000] {dag.py:3239} INFO - Sync 1 DAGs
[2026-08-10T04:40:57.897+0000] {logging_mixin.py:190} INFO - [2026-08-10T04:40:57.896+0000] {dag.py:4180} INFO - Setting next_dagrun for wap_incremental_cfpb_pipeline to 2026-08-09 00:00:00+00:00, run_after=2026-08-10 00:00:00+00:00
[2026-08-10T04:40:57.917+0000] {processor.py:208} INFO - Processing /opt/airflow/dags/wap_incremental_cfpb_pipeline.py took 0.715 seconds
[2026-08-10T04:41:28.771+0000] {processor.py:186} INFO - Started process (PID=3141) to work on /opt/airflow/dags/wap_incremental_cfpb_pipeline.py
[2026-08-10T04:41:28.772+0000] {processor.py:914} INFO - Processing file /opt/airflow/dags/wap_incremental_cfpb_pipeline.py for tasks to queue
[2026-08-10T04:41:28.773+0000] {logging_mixin.py:190} INFO - [2026-08-10T04:41:28.773+0000] {dagbag.py:588} INFO - Filling up the DagBag from /opt/airflow/dags/wap_incremental_cfpb_pipeline.py
[2026-08-10T04:41:29.307+0000] {processor.py:925} INFO - DAG(s) 'wap_incremental_cfpb_pipeline' retrieved from /opt/airflow/dags/wap_incremental_cfpb_pipeline.py
[2026-08-10T04:41:29.363+0000] {logging_mixin.py:190} INFO - [2026-08-10T04:41:29.363+0000] {dag.py:3239} INFO - Sync 1 DAGs
[2026-08-10T04:41:29.400+0000] {logging_mixin.py:190} INFO - [2026-08-10T04:41:29.399+0000] {dag.py:4180} INFO - Setting next_dagrun for wap_incremental_cfpb_pipeline to 2026-08-09 00:00:00+00:00, run_after=2026-08-10 00:00:00+00:00
[2026-08-10T04:41:29.427+0000] {processor.py:208} INFO - Processing /opt/airflow/dags/wap_incremental_cfpb_pipeline.py took 0.662 seconds
[2026-08-10T04:41:59.774+0000] {processor.py:186} INFO - Started process (PID=3270) to work on /opt/airflow/dags/wap_incremental_cfpb_pipeline.py
[2026-08-10T04:41:59.776+0000] {processor.py:914} INFO - Processing file /opt/airflow/dags/wap_incremental_cfpb_pipeline.py for tasks to queue
[2026-08-10T04:41:59.778+0000] {logging_mixin.py:190} INFO - [2026-08-10T04:41:59.777+0000] {dagbag.py:588} INFO - Filling up the DagBag from /opt/airflow/dags/wap_incremental_cfpb_pipeline.py
[2026-08-10T04:42:00.451+0000] {processor.py:925} INFO - DAG(s) 'wap_incremental_cfpb_pipeline' retrieved from /opt/airflow/dags/wap_incremental_cfpb_pipeline.py
[2026-08-10T04:42:00.490+0000] {logging_mixin.py:190} INFO - [2026-08-10T04:42:00.490+0000] {dag.py:3239} INFO - Sync 1 DAGs
[2026-08-10T04:42:00.523+0000] {logging_mixin.py:190} INFO - [2026-08-10T04:42:00.523+0000] {dag.py:4180} INFO - Setting next_dagrun for wap_incremental_cfpb_pipeline to 2026-08-09 00:00:00+00:00, run_after=2026-08-10 00:00:00+00:00
[2026-08-10T04:42:00.555+0000] {processor.py:208} INFO - Processing /opt/airflow/dags/wap_incremental_cfpb_pipeline.py took 0.787 seconds
[2026-08-10T04:42:31.037+0000] {processor.py:186} INFO - Started process (PID=3400) to work on /opt/airflow/dags/wap_incremental_cfpb_pipeline.py
[2026-08-10T04:42:31.038+0000] {processor.py:914} INFO - Processing file /opt/airflow/dags/wap_incremental_cfpb_pipeline.py for tasks to queue
[2026-08-10T04:42:31.039+0000] {logging_mixin.py:190} INFO - [2026-08-10T04:42:31.039+0000] {dagbag.py:588} INFO - Filling up the DagBag from /opt/airflow/dags/wap_incremental_cfpb_pipeline.py
[2026-08-10T04:42:31.674+0000] {processor.py:925} INFO - DAG(s) 'wap_incremental_cfpb_pipeline' retrieved from /opt/airflow/dags/wap_incremental_cfpb_pipeline.py
[2026-08-10T04:42:31.712+0000] {logging_mixin.py:190} INFO - [2026-08-10T04:42:31.711+0000] {dag.py:3239} INFO - Sync 1 DAGs
[2026-08-10T04:42:31.741+0000] {logging_mixin.py:190} INFO - [2026-08-10T04:42:31.741+0000] {dag.py:4180} INFO - Setting next_dagrun for wap_incremental_cfpb_pipeline to 2026-08-09 00:00:00+00:00, run_after=2026-08-10 00:00:00+00:00
[2026-08-10T04:42:31.772+0000] {processor.py:208} INFO - Processing /opt/airflow/dags/wap_incremental_cfpb_pipeline.py took 0.741 seconds
[2026-08-10T04:43:02.534+0000] {processor.py:186} INFO - Started process (PID=3529) to work on /opt/airflow/dags/wap_incremental_cfpb_pipeline.py
[2026-08-10T04:43:02.536+0000] {processor.py:914} INFO - Processing file /opt/airflow/dags/wap_incremental_cfpb_pipeline.py for tasks to queue
[2026-08-10T04:43:02.541+0000] {logging_mixin.py:190} INFO - [2026-08-10T04:43:02.540+0000] {dagbag.py:588} INFO - Filling up the DagBag from /opt/airflow/dags/wap_incremental_cfpb_pipeline.py
[2026-08-10T04:43:03.601+0000] {processor.py:925} INFO - DAG(s) 'wap_incremental_cfpb_pipeline' retrieved from /opt/airflow/dags/wap_incremental_cfpb_pipeline.py
[2026-08-10T04:43:03.680+0000] {logging_mixin.py:190} INFO - [2026-08-10T04:43:03.680+0000] {dag.py:3239} INFO - Sync 1 DAGs
[2026-08-10T04:43:03.734+0000] {logging_mixin.py:190} INFO - [2026-08-10T04:43:03.734+0000] {dag.py:4180} INFO - Setting next_dagrun for wap_incremental_cfpb_pipeline to 2026-08-09 00:00:00+00:00, run_after=2026-08-10 00:00:00+00:00
[2026-08-10T04:43:03.783+0000] {processor.py:208} INFO - Processing /opt/airflow/dags/wap_incremental_cfpb_pipeline.py took 1.260 seconds
[2026-08-10T04:43:34.189+0000] {processor.py:186} INFO - Started process (PID=3659) to work on /opt/airflow/dags/wap_incremental_cfpb_pipeline.py
[2026-08-10T04:43:34.190+0000] {processor.py:914} INFO - Processing file /opt/airflow/dags/wap_incremental_cfpb_pipeline.py for tasks to queue
[2026-08-10T04:43:34.192+0000] {logging_mixin.py:190} INFO - [2026-08-10T04:43:34.191+0000] {dagbag.py:588} INFO - Filling up the DagBag from /opt/airflow/dags/wap_incremental_cfpb_pipeline.py
[2026-08-10T04:43:34.677+0000] {processor.py:925} INFO - DAG(s) 'wap_incremental_cfpb_pipeline' retrieved from /opt/airflow/dags/wap_incremental_cfpb_pipeline.py
[2026-08-10T04:43:34.703+0000] {logging_mixin.py:190} INFO - [2026-08-10T04:43:34.703+0000] {dag.py:3239} INFO - Sync 1 DAGs
[2026-08-10T04:43:34.741+0000] {logging_mixin.py:190} INFO - [2026-08-10T04:43:34.741+0000] {dag.py:4180} INFO - Setting next_dagrun for wap_incremental_cfpb_pipeline to 2026-08-09 00:00:00+00:00, run_after=2026-08-10 00:00:00+00:00
[2026-08-10T04:43:34.764+0000] {processor.py:208} INFO - Processing /opt/airflow/dags/wap_incremental_cfpb_pipeline.py took 0.581 seconds
[2026-08-10T04:44:05.227+0000] {processor.py:186} INFO - Started process (PID=3788) to work on /opt/airflow/dags/wap_incremental_cfpb_pipeline.py
[2026-08-10T04:44:05.229+0000] {processor.py:914} INFO - Processing file /opt/airflow/dags/wap_incremental_cfpb_pipeline.py for tasks to queue
[2026-08-10T04:44:05.232+0000] {logging_mixin.py:190} INFO - [2026-08-10T04:44:05.231+0000] {dagbag.py:588} INFO - Filling up the DagBag from /opt/airflow/dags/wap_incremental_cfpb_pipeline.py
[2026-08-10T04:44:06.033+0000] {processor.py:925} INFO - DAG(s) 'wap_incremental_cfpb_pipeline' retrieved from /opt/airflow/dags/wap_incremental_cfpb_pipeline.py
[2026-08-10T04:44:06.082+0000] {logging_mixin.py:190} INFO - [2026-08-10T04:44:06.081+0000] {dag.py:3239} INFO - Sync 1 DAGs
[2026-08-10T04:44:06.136+0000] {logging_mixin.py:190} INFO - [2026-08-10T04:44:06.135+0000] {dag.py:4180} INFO - Setting next_dagrun for wap_incremental_cfpb_pipeline to 2026-08-09 00:00:00+00:00, run_after=2026-08-10 00:00:00+00:00
[2026-08-10T04:44:06.175+0000] {processor.py:208} INFO - Processing /opt/airflow/dags/wap_incremental_cfpb_pipeline.py took 0.954 seconds
[2026-08-10T04:44:36.667+0000] {processor.py:186} INFO - Started process (PID=3920) to work on /opt/airflow/dags/wap_incremental_cfpb_pipeline.py
[2026-08-10T04:44:36.669+0000] {processor.py:914} INFO - Processing file /opt/airflow/dags/wap_incremental_cfpb_pipeline.py for tasks to queue
[2026-08-10T04:44:36.671+0000] {logging_mixin.py:190} INFO - [2026-08-10T04:44:36.670+0000] {dagbag.py:588} INFO - Filling up the DagBag from /opt/airflow/dags/wap_incremental_cfpb_pipeline.py
[2026-08-10T04:44:37.066+0000] {processor.py:925} INFO - DAG(s) 'wap_incremental_cfpb_pipeline' retrieved from /opt/airflow/dags/wap_incremental_cfpb_pipeline.py
[2026-08-10T04:44:37.111+0000] {logging_mixin.py:190} INFO - [2026-08-10T04:44:37.111+0000] {dag.py:3239} INFO - Sync 1 DAGs
[2026-08-10T04:44:37.141+0000] {logging_mixin.py:190} INFO - [2026-08-10T04:44:37.141+0000] {dag.py:4180} INFO - Setting next_dagrun for wap_incremental_cfpb_pipeline to 2026-08-09 00:00:00+00:00, run_after=2026-08-10 00:00:00+00:00
[2026-08-10T04:44:37.165+0000] {processor.py:208} INFO - Processing /opt/airflow/dags/wap_incremental_cfpb_pipeline.py took 0.511 seconds
[2026-08-10T04:45:07.697+0000] {processor.py:186} INFO - Started process (PID=4050) to work on /opt/airflow/dags/wap_incremental_cfpb_pipeline.py
[2026-08-10T04:45:07.698+0000] {processor.py:914} INFO - Processing file /opt/airflow/dags/wap_incremental_cfpb_pipeline.py for tasks to queue
[2026-08-10T04:45:07.702+0000] {logging_mixin.py:190} INFO - [2026-08-10T04:45:07.700+0000] {dagbag.py:588} INFO - Filling up the DagBag from /opt/airflow/dags/wap_incremental_cfpb_pipeline.py
[2026-08-10T04:45:08.224+0000] {processor.py:925} INFO - DAG(s) 'wap_incremental_cfpb_pipeline' retrieved from /opt/airflow/dags/wap_incremental_cfpb_pipeline.py
[2026-08-10T04:45:08.276+0000] {logging_mixin.py:190} INFO - [2026-08-10T04:45:08.276+0000] {dag.py:3239} INFO - Sync 1 DAGs
[2026-08-10T04:45:08.318+0000] {logging_mixin.py:190} INFO - [2026-08-10T04:45:08.318+0000] {dag.py:4180} INFO - Setting next_dagrun for wap_incremental_cfpb_pipeline to 2026-08-09 00:00:00+00:00, run_after=2026-08-10 00:00:00+00:00
[2026-08-10T04:45:08.343+0000] {processor.py:208} INFO - Processing /opt/airflow/dags/wap_incremental_cfpb_pipeline.py took 0.657 seconds
[2026-08-10T04:45:38.600+0000] {processor.py:186} INFO - Started process (PID=4179) to work on /opt/airflow/dags/wap_incremental_cfpb_pipeline.py
[2026-08-10T04:45:38.602+0000] {processor.py:914} INFO - Processing file /opt/airflow/dags/wap_incremental_cfpb_pipeline.py for tasks to queue
[2026-08-10T04:45:38.604+0000] {logging_mixin.py:190} INFO - [2026-08-10T04:45:38.604+0000] {dagbag.py:588} INFO - Filling up the DagBag from /opt/airflow/dags/wap_incremental_cfpb_pipeline.py
[2026-08-10T04:45:38.927+0000] {processor.py:925} INFO - DAG(s) 'wap_incremental_cfpb_pipeline' retrieved from /opt/airflow/dags/wap_incremental_cfpb_pipeline.py
[2026-08-10T04:45:38.953+0000] {logging_mixin.py:190} INFO - [2026-08-10T04:45:38.953+0000] {dag.py:3239} INFO - Sync 1 DAGs
[2026-08-10T04:45:38.977+0000] {logging_mixin.py:190} INFO - [2026-08-10T04:45:38.976+0000] {dag.py:4180} INFO - Setting next_dagrun for wap_incremental_cfpb_pipeline to 2026-08-09 00:00:00+00:00, run_after=2026-08-10 00:00:00+00:00
[2026-08-10T04:45:39.009+0000] {processor.py:208} INFO - Processing /opt/airflow/dags/wap_incremental_cfpb_pipeline.py took 0.420 seconds
[2026-08-10T04:46:09.818+0000] {processor.py:186} INFO - Started process (PID=4309) to work on /opt/airflow/dags/wap_incremental_cfpb_pipeline.py
[2026-08-10T04:46:09.820+0000] {processor.py:914} INFO - Processing file /opt/airflow/dags/wap_incremental_cfpb_pipeline.py for tasks to queue
[2026-08-10T04:46:09.822+0000] {logging_mixin.py:190} INFO - [2026-08-10T04:46:09.822+0000] {dagbag.py:588} INFO - Filling up the DagBag from /opt/airflow/dags/wap_incremental_cfpb_pipeline.py
[2026-08-10T04:46:10.284+0000] {processor.py:925} INFO - DAG(s) 'wap_incremental_cfpb_pipeline' retrieved from /opt/airflow/dags/wap_incremental_cfpb_pipeline.py
[2026-08-10T04:46:10.346+0000] {logging_mixin.py:190} INFO - [2026-08-10T04:46:10.345+0000] {dag.py:3239} INFO - Sync 1 DAGs
[2026-08-10T04:46:10.378+0000] {logging_mixin.py:190} INFO - [2026-08-10T04:46:10.378+0000] {dag.py:4180} INFO - Setting next_dagrun for wap_incremental_cfpb_pipeline to 2026-08-09 00:00:00+00:00, run_after=2026-08-10 00:00:00+00:00
[2026-08-10T04:46:10.412+0000] {processor.py:208} INFO - Processing /opt/airflow/dags/wap_incremental_cfpb_pipeline.py took 0.603 seconds
[2026-08-10T04:46:40.601+0000] {processor.py:186} INFO - Started process (PID=4438) to work on /opt/airflow/dags/wap_incremental_cfpb_pipeline.py
[2026-08-10T04:46:40.603+0000] {processor.py:914} INFO - Processing file /opt/airflow/dags/wap_incremental_cfpb_pipeline.py for tasks to queue
[2026-08-10T04:46:40.607+0000] {logging_mixin.py:190} INFO - [2026-08-10T04:46:40.606+0000] {dagbag.py:588} INFO - Filling up the DagBag from /opt/airflow/dags/wap_incremental_cfpb_pipeline.py
[2026-08-10T04:46:40.983+0000] {processor.py:925} INFO - DAG(s) 'wap_incremental_cfpb_pipeline' retrieved from /opt/airflow/dags/wap_incremental_cfpb_pipeline.py
[2026-08-10T04:46:41.013+0000] {logging_mixin.py:190} INFO - [2026-08-10T04:46:41.013+0000] {dag.py:3239} INFO - Sync 1 DAGs
[2026-08-10T04:46:41.040+0000] {logging_mixin.py:190} INFO - [2026-08-10T04:46:41.040+0000] {dag.py:4180} INFO - Setting next_dagrun for wap_incremental_cfpb_pipeline to 2026-08-09 00:00:00+00:00, run_after=2026-08-10 00:00:00+00:00
[2026-08-10T04:46:41.072+0000] {processor.py:208} INFO - Processing /opt/airflow/dags/wap_incremental_cfpb_pipeline.py took 0.483 seconds
[2026-08-10T04:47:11.330+0000] {processor.py:186} INFO - Started process (PID=4570) to work on /opt/airflow/dags/wap_incremental_cfpb_pipeline.py
[2026-08-10T04:47:11.332+0000] {processor.py:914} INFO - Processing file /opt/airflow/dags/wap_incremental_cfpb_pipeline.py for tasks to queue
[2026-08-10T04:47:11.333+0000] {logging_mixin.py:190} INFO - [2026-08-10T04:47:11.332+0000] {dagbag.py:588} INFO - Filling up the DagBag from /opt/airflow/dags/wap_incremental_cfpb_pipeline.py
[2026-08-10T04:47:11.670+0000] {processor.py:925} INFO - DAG(s) 'wap_incremental_cfpb_pipeline' retrieved from /opt/airflow/dags/wap_incremental_cfpb_pipeline.py
[2026-08-10T04:47:11.714+0000] {logging_mixin.py:190} INFO - [2026-08-10T04:47:11.714+0000] {dag.py:3239} INFO - Sync 1 DAGs
[2026-08-10T04:47:11.751+0000] {logging_mixin.py:190} INFO - [2026-08-10T04:47:11.750+0000] {dag.py:4180} INFO - Setting next_dagrun for wap_incremental_cfpb_pipeline to 2026-08-09 00:00:00+00:00, run_after=2026-08-10 00:00:00+00:00
[2026-08-10T04:47:11.788+0000] {processor.py:208} INFO - Processing /opt/airflow/dags/wap_incremental_cfpb_pipeline.py took 0.463 seconds
[2026-08-10T04:47:42.180+0000] {processor.py:186} INFO - Started process (PID=4700) to work on /opt/airflow/dags/wap_incremental_cfpb_pipeline.py
[2026-08-10T04:47:42.181+0000] {processor.py:914} INFO - Processing file /opt/airflow/dags/wap_incremental_cfpb_pipeline.py for tasks to queue
[2026-08-10T04:47:42.183+0000] {logging_mixin.py:190} INFO - [2026-08-10T04:47:42.183+0000] {dagbag.py:588} INFO - Filling up the DagBag from /opt/airflow/dags/wap_incremental_cfpb_pipeline.py
[2026-08-10T04:47:42.595+0000] {processor.py:925} INFO - DAG(s) 'wap_incremental_cfpb_pipeline' retrieved from /opt/airflow/dags/wap_incremental_cfpb_pipeline.py
[2026-08-10T04:47:42.634+0000] {logging_mixin.py:190} INFO - [2026-08-10T04:47:42.633+0000] {dag.py:3239} INFO - Sync 1 DAGs
[2026-08-10T04:47:42.664+0000] {logging_mixin.py:190} INFO - [2026-08-10T04:47:42.664+0000] {dag.py:4180} INFO - Setting next_dagrun for wap_incremental_cfpb_pipeline to 2026-08-09 00:00:00+00:00, run_after=2026-08-10 00:00:00+00:00
[2026-08-10T04:47:42.703+0000] {processor.py:208} INFO - Processing /opt/airflow/dags/wap_incremental_cfpb_pipeline.py took 0.528 seconds
[2026-08-10T04:48:12.835+0000] {processor.py:186} INFO - Started process (PID=4829) to work on /opt/airflow/dags/wap_incremental_cfpb_pipeline.py
[2026-08-10T04:48:12.837+0000] {processor.py:914} INFO - Processing file /opt/airflow/dags/wap_incremental_cfpb_pipeline.py for tasks to queue
[2026-08-10T04:48:12.839+0000] {logging_mixin.py:190} INFO - [2026-08-10T04:48:12.839+0000] {dagbag.py:588} INFO - Filling up the DagBag from /opt/airflow/dags/wap_incremental_cfpb_pipeline.py
[2026-08-10T04:48:13.196+0000] {processor.py:925} INFO - DAG(s) 'wap_incremental_cfpb_pipeline' retrieved from /opt/airflow/dags/wap_incremental_cfpb_pipeline.py
[2026-08-10T04:48:13.231+0000] {logging_mixin.py:190} INFO - [2026-08-10T04:48:13.231+0000] {dag.py:3239} INFO - Sync 1 DAGs
[2026-08-10T04:48:13.262+0000] {logging_mixin.py:190} INFO - [2026-08-10T04:48:13.262+0000] {dag.py:4180} INFO - Setting next_dagrun for wap_incremental_cfpb_pipeline to 2026-08-09 00:00:00+00:00, run_after=2026-08-10 00:00:00+00:00
[2026-08-10T04:48:13.285+0000] {processor.py:208} INFO - Processing /opt/airflow/dags/wap_incremental_cfpb_pipeline.py took 0.457 seconds
[2026-08-10T04:48:43.569+0000] {processor.py:186} INFO - Started process (PID=4961) to work on /opt/airflow/dags/wap_incremental_cfpb_pipeline.py
[2026-08-10T04:48:43.570+0000] {processor.py:914} INFO - Processing file /opt/airflow/dags/wap_incremental_cfpb_pipeline.py for tasks to queue
[2026-08-10T04:48:43.572+0000] {logging_mixin.py:190} INFO - [2026-08-10T04:48:43.572+0000] {dagbag.py:588} INFO - Filling up the DagBag from /opt/airflow/dags/wap_incremental_cfpb_pipeline.py
[2026-08-10T04:48:43.930+0000] {processor.py:925} INFO - DAG(s) 'wap_incremental_cfpb_pipeline' retrieved from /opt/airflow/dags/wap_incremental_cfpb_pipeline.py
[2026-08-10T04:48:43.960+0000] {logging_mixin.py:190} INFO - [2026-08-10T04:48:43.960+0000] {dag.py:3239} INFO - Sync 1 DAGs
[2026-08-10T04:48:43.982+0000] {logging_mixin.py:190} INFO - [2026-08-10T04:48:43.981+0000] {dag.py:4180} INFO - Setting next_dagrun for wap_incremental_cfpb_pipeline to 2026-08-09 00:00:00+00:00, run_after=2026-08-10 00:00:00+00:00
[2026-08-10T04:48:44.004+0000] {processor.py:208} INFO - Processing /opt/airflow/dags/wap_incremental_cfpb_pipeline.py took 0.442 seconds
[2026-08-10T04:49:14.620+0000] {processor.py:186} INFO - Started process (PID=5091) to work on /opt/airflow/dags/wap_incremental_cfpb_pipeline.py
[2026-08-10T04:49:14.621+0000] {processor.py:914} INFO - Processing file /opt/airflow/dags/wap_incremental_cfpb_pipeline.py for tasks to queue
[2026-08-10T04:49:14.624+0000] {logging_mixin.py:190} INFO - [2026-08-10T04:49:14.623+0000] {dagbag.py:588} INFO - Filling up the DagBag from /opt/airflow/dags/wap_incremental_cfpb_pipeline.py
[2026-08-10T04:49:15.180+0000] {processor.py:925} INFO - DAG(s) 'wap_incremental_cfpb_pipeline' retrieved from /opt/airflow/dags/wap_incremental_cfpb_pipeline.py
[2026-08-10T04:49:15.243+0000] {logging_mixin.py:190} INFO - [2026-08-10T04:49:15.242+0000] {dag.py:3239} INFO - Sync 1 DAGs
[2026-08-10T04:49:15.282+0000] {logging_mixin.py:190} INFO - [2026-08-10T04:49:15.282+0000] {dag.py:4180} INFO - Setting next_dagrun for wap_incremental_cfpb_pipeline to 2026-08-09 00:00:00+00:00, run_after=2026-08-10 00:00:00+00:00
[2026-08-10T04:49:15.331+0000] {processor.py:208} INFO - Processing /opt/airflow/dags/wap_incremental_cfpb_pipeline.py took 0.723 seconds
[2026-08-10T04:49:46.022+0000] {processor.py:186} INFO - Started process (PID=5220) to work on /opt/airflow/dags/wap_incremental_cfpb_pipeline.py
[2026-08-10T04:49:46.025+0000] {processor.py:914} INFO - Processing file /opt/airflow/dags/wap_incremental_cfpb_pipeline.py for tasks to queue
[2026-08-10T04:49:46.028+0000] {logging_mixin.py:190} INFO - [2026-08-10T04:49:46.027+0000] {dagbag.py:588} INFO - Filling up the DagBag from /opt/airflow/dags/wap_incremental_cfpb_pipeline.py
[2026-08-10T04:49:46.526+0000] {processor.py:925} INFO - DAG(s) 'wap_incremental_cfpb_pipeline' retrieved from /opt/airflow/dags/wap_incremental_cfpb_pipeline.py
[2026-08-10T04:49:46.563+0000] {logging_mixin.py:190} INFO - [2026-08-10T04:49:46.563+0000] {dag.py:3239} INFO - Sync 1 DAGs
[2026-08-10T04:49:46.601+0000] {logging_mixin.py:190} INFO - [2026-08-10T04:49:46.601+0000] {dag.py:4180} INFO - Setting next_dagrun for wap_incremental_cfpb_pipeline to 2026-08-09 00:00:00+00:00, run_after=2026-08-10 00:00:00+00:00
[2026-08-10T04:49:46.630+0000] {processor.py:208} INFO - Processing /opt/airflow/dags/wap_incremental_cfpb_pipeline.py took 0.620 seconds
[2026-08-10T04:50:16.877+0000] {processor.py:186} INFO - Started process (PID=5352) to work on /opt/airflow/dags/wap_incremental_cfpb_pipeline.py
[2026-08-10T04:50:16.877+0000] {processor.py:914} INFO - Processing file /opt/airflow/dags/wap_incremental_cfpb_pipeline.py for tasks to queue
[2026-08-10T04:50:16.879+0000] {logging_mixin.py:190} INFO - [2026-08-10T04:50:16.878+0000] {dagbag.py:588} INFO - Filling up the DagBag from /opt/airflow/dags/wap_incremental_cfpb_pipeline.py
[2026-08-10T04:50:17.224+0000] {processor.py:925} INFO - DAG(s) 'wap_incremental_cfpb_pipeline' retrieved from /opt/airflow/dags/wap_incremental_cfpb_pipeline.py
[2026-08-10T04:50:17.257+0000] {logging_mixin.py:190} INFO - [2026-08-10T04:50:17.257+0000] {dag.py:3239} INFO - Sync 1 DAGs
[2026-08-10T04:50:17.286+0000] {logging_mixin.py:190} INFO - [2026-08-10T04:50:17.286+0000] {dag.py:4180} INFO - Setting next_dagrun for wap_incremental_cfpb_pipeline to 2026-08-09 00:00:00+00:00, run_after=2026-08-10 00:00:00+00:00
[2026-08-10T04:50:17.311+0000] {processor.py:208} INFO - Processing /opt/airflow/dags/wap_incremental_cfpb_pipeline.py took 0.440 seconds
[2026-08-10T04:50:47.541+0000] {processor.py:186} INFO - Started process (PID=5479) to work on /opt/airflow/dags/wap_incremental_cfpb_pipeline.py
[2026-08-10T04:50:47.543+0000] {processor.py:914} INFO - Processing file /opt/airflow/dags/wap_incremental_cfpb_pipeline.py for tasks to queue
[2026-08-10T04:50:47.546+0000] {logging_mixin.py:190} INFO - [2026-08-10T04:50:47.545+0000] {dagbag.py:588} INFO - Filling up the DagBag from /opt/airflow/dags/wap_incremental_cfpb_pipeline.py
[2026-08-10T04:50:47.926+0000] {processor.py:925} INFO - DAG(s) 'wap_incremental_cfpb_pipeline' retrieved from /opt/airflow/dags/wap_incremental_cfpb_pipeline.py
[2026-08-10T04:50:47.952+0000] {logging_mixin.py:190} INFO - [2026-08-10T04:50:47.952+0000] {dag.py:3239} INFO - Sync 1 DAGs
[2026-08-10T04:50:47.978+0000] {logging_mixin.py:190} INFO - [2026-08-10T04:50:47.978+0000] {dag.py:4180} INFO - Setting next_dagrun for wap_incremental_cfpb_pipeline to 2026-08-09 00:00:00+00:00, run_after=2026-08-10 00:00:00+00:00
[2026-08-10T04:50:48.006+0000] {processor.py:208} INFO - Processing /opt/airflow/dags/wap_incremental_cfpb_pipeline.py took 0.476 seconds
[2026-08-10T04:51:18.638+0000] {processor.py:186} INFO - Started process (PID=5609) to work on /opt/airflow/dags/wap_incremental_cfpb_pipeline.py
[2026-08-10T04:51:18.639+0000] {processor.py:914} INFO - Processing file /opt/airflow/dags/wap_incremental_cfpb_pipeline.py for tasks to queue
[2026-08-10T04:51:18.640+0000] {logging_mixin.py:190} INFO - [2026-08-10T04:51:18.640+0000] {dagbag.py:588} INFO - Filling up the DagBag from /opt/airflow/dags/wap_incremental_cfpb_pipeline.py
[2026-08-10T04:51:18.965+0000] {processor.py:925} INFO - DAG(s) 'wap_incremental_cfpb_pipeline' retrieved from /opt/airflow/dags/wap_incremental_cfpb_pipeline.py
[2026-08-10T04:51:18.990+0000] {logging_mixin.py:190} INFO - [2026-08-10T04:51:18.990+0000] {dag.py:3239} INFO - Sync 1 DAGs
[2026-08-10T04:51:19.014+0000] {logging_mixin.py:190} INFO - [2026-08-10T04:51:19.014+0000] {dag.py:4180} INFO - Setting next_dagrun for wap_incremental_cfpb_pipeline to 2026-08-09 00:00:00+00:00, run_after=2026-08-10 00:00:00+00:00
[2026-08-10T04:51:19.034+0000] {processor.py:208} INFO - Processing /opt/airflow/dags/wap_incremental_cfpb_pipeline.py took 0.403 seconds
[2026-08-10T04:51:50.002+0000] {processor.py:186} INFO - Started process (PID=5738) to work on /opt/airflow/dags/wap_incremental_cfpb_pipeline.py
[2026-08-10T04:51:50.004+0000] {processor.py:914} INFO - Processing file /opt/airflow/dags/wap_incremental_cfpb_pipeline.py for tasks to queue
[2026-08-10T04:51:50.008+0000] {logging_mixin.py:190} INFO - [2026-08-10T04:51:50.007+0000] {dagbag.py:588} INFO - Filling up the DagBag from /opt/airflow/dags/wap_incremental_cfpb_pipeline.py
[2026-08-10T04:51:50.418+0000] {processor.py:925} INFO - DAG(s) 'wap_incremental_cfpb_pipeline' retrieved from /opt/airflow/dags/wap_incremental_cfpb_pipeline.py
[2026-08-10T04:51:50.471+0000] {logging_mixin.py:190} INFO - [2026-08-10T04:51:50.471+0000] {dag.py:3239} INFO - Sync 1 DAGs
[2026-08-10T04:51:50.519+0000] {logging_mixin.py:190} INFO - [2026-08-10T04:51:50.519+0000] {dag.py:4180} INFO - Setting next_dagrun for wap_incremental_cfpb_pipeline to 2026-08-09 00:00:00+00:00, run_after=2026-08-10 00:00:00+00:00
[2026-08-10T04:51:50.545+0000] {processor.py:208} INFO - Processing /opt/airflow/dags/wap_incremental_cfpb_pipeline.py took 0.552 seconds
[2026-08-10T04:52:20.728+0000] {processor.py:186} INFO - Started process (PID=5865) to work on /opt/airflow/dags/wap_incremental_cfpb_pipeline.py
[2026-08-10T04:52:20.731+0000] {processor.py:914} INFO - Processing file /opt/airflow/dags/wap_incremental_cfpb_pipeline.py for tasks to queue
[2026-08-10T04:52:20.733+0000] {logging_mixin.py:190} INFO - [2026-08-10T04:52:20.733+0000] {dagbag.py:588} INFO - Filling up the DagBag from /opt/airflow/dags/wap_incremental_cfpb_pipeline.py
[2026-08-10T04:52:21.103+0000] {processor.py:925} INFO - DAG(s) 'wap_incremental_cfpb_pipeline' retrieved from /opt/airflow/dags/wap_incremental_cfpb_pipeline.py
[2026-08-10T04:52:21.145+0000] {logging_mixin.py:190} INFO - [2026-08-10T04:52:21.144+0000] {dag.py:3239} INFO - Sync 1 DAGs
[2026-08-10T04:52:21.178+0000] {logging_mixin.py:190} INFO - [2026-08-10T04:52:21.178+0000] {dag.py:4180} INFO - Setting next_dagrun for wap_incremental_cfpb_pipeline to 2026-08-09 00:00:00+00:00, run_after=2026-08-10 00:00:00+00:00
[2026-08-10T04:52:21.220+0000] {processor.py:208} INFO - Processing /opt/airflow/dags/wap_incremental_cfpb_pipeline.py took 0.506 seconds
[2026-08-10T04:52:52.217+0000] {processor.py:186} INFO - Started process (PID=5996) to work on /opt/airflow/dags/wap_incremental_cfpb_pipeline.py
[2026-08-10T04:52:52.221+0000] {processor.py:914} INFO - Processing file /opt/airflow/dags/wap_incremental_cfpb_pipeline.py for tasks to queue
[2026-08-10T04:52:52.227+0000] {logging_mixin.py:190} INFO - [2026-08-10T04:52:52.226+0000] {dagbag.py:588} INFO - Filling up the DagBag from /opt/airflow/dags/wap_incremental_cfpb_pipeline.py
[2026-08-10T04:52:53.018+0000] {processor.py:925} INFO - DAG(s) 'wap_incremental_cfpb_pipeline' retrieved from /opt/airflow/dags/wap_incremental_cfpb_pipeline.py
[2026-08-10T04:52:53.070+0000] {logging_mixin.py:190} INFO - [2026-08-10T04:52:53.069+0000] {dag.py:3239} INFO - Sync 1 DAGs
[2026-08-10T04:52:53.378+0000] {logging_mixin.py:190} INFO - [2026-08-10T04:52:53.377+0000] {dag.py:4180} INFO - Setting next_dagrun for wap_incremental_cfpb_pipeline to 2026-08-09 00:00:00+00:00, run_after=2026-08-10 00:00:00+00:00
[2026-08-10T04:52:53.413+0000] {processor.py:208} INFO - Processing /opt/airflow/dags/wap_incremental_cfpb_pipeline.py took 1.208 seconds
[2026-08-10T04:53:23.936+0000] {processor.py:186} INFO - Started process (PID=6124) to work on /opt/airflow/dags/wap_incremental_cfpb_pipeline.py
[2026-08-10T04:53:23.938+0000] {processor.py:914} INFO - Processing file /opt/airflow/dags/wap_incremental_cfpb_pipeline.py for tasks to queue
[2026-08-10T04:53:23.940+0000] {logging_mixin.py:190} INFO - [2026-08-10T04:53:23.939+0000] {dagbag.py:588} INFO - Filling up the DagBag from /opt/airflow/dags/wap_incremental_cfpb_pipeline.py
[2026-08-10T04:53:24.300+0000] {processor.py:925} INFO - DAG(s) 'wap_incremental_cfpb_pipeline' retrieved from /opt/airflow/dags/wap_incremental_cfpb_pipeline.py
[2026-08-10T04:53:24.328+0000] {logging_mixin.py:190} INFO - [2026-08-10T04:53:24.328+0000] {dag.py:3239} INFO - Sync 1 DAGs
[2026-08-10T04:53:24.354+0000] {logging_mixin.py:190} INFO - [2026-08-10T04:53:24.354+0000] {dag.py:4180} INFO - Setting next_dagrun for wap_incremental_cfpb_pipeline to 2026-08-09 00:00:00+00:00, run_after=2026-08-10 00:00:00+00:00
[2026-08-10T04:53:24.590+0000] {processor.py:208} INFO - Processing /opt/airflow/dags/wap_incremental_cfpb_pipeline.py took 0.664 seconds
