[2026-07-17T02:04:06.981+0000] {local_task_job_runner.py:123} INFO - ::group::Pre task execution logs
[2026-07-17T02:04:07.012+0000] {taskinstance.py:2612} INFO - Dependencies all met for dep_context=non-requeueable deps ti=<TaskInstance: wap_consumer_complaints_pipeline.dbt_transform.dim_dates.run scheduled__2026-07-16T00:00:00+00:00 [queued]>
[2026-07-17T02:04:07.025+0000] {taskinstance.py:2612} INFO - Dependencies all met for dep_context=requeueable deps ti=<TaskInstance: wap_consumer_complaints_pipeline.dbt_transform.dim_dates.run scheduled__2026-07-16T00:00:00+00:00 [queued]>
[2026-07-17T02:04:07.028+0000] {taskinstance.py:2865} INFO - Starting attempt 1 of 2
[2026-07-17T02:04:07.046+0000] {taskinstance.py:2888} INFO - Executing <Task(DbtRunLocalOperator): dbt_transform.dim_dates.run> on 2026-07-16 00:00:00+00:00
[2026-07-17T02:04:07.062+0000] {standard_task_runner.py:72} INFO - Started process 2540 to run task
[2026-07-17T02:04:07.070+0000] {standard_task_runner.py:104} INFO - Running: ['airflow', 'tasks', 'run', 'wap_consumer_complaints_pipeline', 'dbt_transform.dim_dates.run', 'scheduled__2026-07-16T00:00:00+00:00', '--job-id', '13', '--raw', '--subdir', 'DAGS_FOLDER/wap_consumer_complaints_pipeline.py', '--cfg-path', '/tmp/tmp5qaq9b41']
[2026-07-17T02:04:07.076+0000] {standard_task_runner.py:105} INFO - Job 13: Subtask dbt_transform.dim_dates.run
[2026-07-17T02:04:07.316+0000] {task_command.py:467} INFO - Running <TaskInstance: wap_consumer_complaints_pipeline.dbt_transform.dim_dates.run scheduled__2026-07-16T00:00:00+00:00 [running]> on host e6c7c1682e85
[2026-07-17T02:04:07.586+0000] {taskinstance.py:3131} INFO - Exporting env vars: AIRFLOW_CTX_DAG_OWNER='data_engineer' AIRFLOW_CTX_DAG_ID='wap_consumer_complaints_pipeline' AIRFLOW_CTX_TASK_ID='dbt_transform.dim_dates.run' AIRFLOW_CTX_EXECUTION_DATE='2026-07-16T00:00:00+00:00' AIRFLOW_CTX_TRY_NUMBER='1' AIRFLOW_CTX_DAG_RUN_ID='scheduled__2026-07-16T00:00:00+00:00'
[2026-07-17T02:04:07.589+0000] {taskinstance.py:731} INFO - ::endgroup::
[2026-07-17T02:04:10.093+0000] {local.py:294} INFO - dbtRunner is available. Using dbtRunner for invoking dbt.
[2026-07-17T02:04:10.096+0000] {local.py:518} INFO - Cloning project to writable temp directory /tmp/tmp_2eil4ht from /opt/airflow/dbt_transform
[2026-07-17T02:04:10.111+0000] {local.py:538} INFO - Partial parse is enabled and the latest partial parse file is /tmp/cosmos/wap_consumer_complaints_pipeline__dbt_transform/target/partial_parse.msgpack
[2026-07-17T02:04:10.177+0000] {config.py:395} INFO - Using user-supplied profiles.yml at /opt/airflow/dbt_transform/profiles.yml
[2026-07-17T02:04:10.189+0000] {runner.py:95} INFO - Trying to run dbtRunner with:
 ['deps', '--project-dir', '/tmp/tmp_2eil4ht', '--profiles-dir', '/opt/airflow/dbt_transform', '--profile', 'lakehouse_dbt', '--target', 'dev', '--no-static-parser']
 in /tmp/tmp_2eil4ht
[2026-07-17T02:04:10.285+0000] {logging_mixin.py:190} INFO - 02:04:10  Running with dbt=1.8.8
[2026-07-17T02:04:10.501+0000] {converter.py:314} INFO - ::group::Cosmos DAG parsing logs
[2026-07-17T02:04:10.505+0000] {graph.py:869} INFO - Trying to parse the dbt project using dbt ls cache cosmos_cache__dbt_silver_gold_incremental__transform_silver...
[2026-07-17T02:04:12.701+0000] {cache.py:383} INFO - Cosmos performance: time to calculate cache identifier cosmos_cache__dbt_silver_gold_incremental__transform_silver for current version: 2.1749656439997125
[2026-07-17T02:04:12.703+0000] {graph.py:886} INFO - Cosmos performance [e6c7c1682e85|2540]: The cache size for cosmos_cache__dbt_silver_gold_incremental__transform_silver is 5960
[2026-07-17T02:04:12.705+0000] {graph.py:898} INFO - Cosmos performance: Cache hit for cosmos_cache__dbt_silver_gold_incremental__transform_silver - 241f870d1aae7250659c27c5ef433ade,5e34606eb5f2b3dea81a8e19fa3ba138
[2026-07-17T02:04:12.706+0000] {graph.py:799} INFO - Total nodes: 7
[2026-07-17T02:04:12.708+0000] {graph.py:800} INFO - Total filtered nodes: 7
[2026-07-17T02:04:12.710+0000] {converter.py:361} INFO - Cosmos performance (dbt_silver_gold_incremental__transform_silver) - [e6c7c1682e85|2540]: It took 2.21s to parse the dbt project for DAG using dbt_ls_cache
[2026-07-17T02:04:12.724+0000] {converter.py:413} INFO - Cosmos performance (dbt_silver_gold_incremental__transform_silver) - [e6c7c1682e85|2540]: It took 0.0136s to build the Airflow DAG.
[2026-07-17T02:04:12.726+0000] {converter.py:420} INFO - ::endgroup::Cosmos DAG parsing logs
[2026-07-17T02:04:12.729+0000] {converter.py:314} INFO - ::group::Cosmos DAG parsing logs
[2026-07-17T02:04:12.733+0000] {graph.py:869} INFO - Trying to parse the dbt project using dbt ls cache cosmos_cache__dbt_silver_gold_incremental__transform_gold...
[2026-07-17T02:04:14.906+0000] {cache.py:383} INFO - Cosmos performance: time to calculate cache identifier cosmos_cache__dbt_silver_gold_incremental__transform_gold for current version: 2.144362701999853
[2026-07-17T02:04:14.908+0000] {graph.py:886} INFO - Cosmos performance [e6c7c1682e85|2540]: The cache size for cosmos_cache__dbt_silver_gold_incremental__transform_gold is 35986
[2026-07-17T02:04:14.910+0000] {graph.py:898} INFO - Cosmos performance: Cache hit for cosmos_cache__dbt_silver_gold_incremental__transform_gold - 241f870d1aae7250659c27c5ef433ade,304321e940a9403dceb380589bd0566f
[2026-07-17T02:04:14.912+0000] {graph.py:799} INFO - Total nodes: 39
[2026-07-17T02:04:14.913+0000] {graph.py:800} INFO - Total filtered nodes: 39
[2026-07-17T02:04:14.914+0000] {converter.py:361} INFO - Cosmos performance (dbt_silver_gold_incremental__transform_gold) - [e6c7c1682e85|2540]: It took 2.18s to parse the dbt project for DAG using dbt_ls_cache
[2026-07-17T02:04:14.947+0000] {converter.py:413} INFO - Cosmos performance (dbt_silver_gold_incremental__transform_gold) - [e6c7c1682e85|2540]: It took 0.0324s to build the Airflow DAG.
[2026-07-17T02:04:14.948+0000] {converter.py:420} INFO - ::endgroup::Cosmos DAG parsing logs
[2026-07-17T02:04:14.950+0000] {converter.py:314} INFO - ::group::Cosmos DAG parsing logs
[2026-07-17T02:04:14.953+0000] {graph.py:869} INFO - Trying to parse the dbt project using dbt ls cache cosmos_cache__dbt_silver_gold_full_load__transform_silver...
[2026-07-17T02:04:16.952+0000] {cache.py:383} INFO - Cosmos performance: time to calculate cache identifier cosmos_cache__dbt_silver_gold_full_load__transform_silver for current version: 1.983342669999729
[2026-07-17T02:04:16.954+0000] {graph.py:886} INFO - Cosmos performance [e6c7c1682e85|2540]: The cache size for cosmos_cache__dbt_silver_gold_full_load__transform_silver is 5960
[2026-07-17T02:04:16.955+0000] {graph.py:898} INFO - Cosmos performance: Cache hit for cosmos_cache__dbt_silver_gold_full_load__transform_silver - 241f870d1aae7250659c27c5ef433ade,5e34606eb5f2b3dea81a8e19fa3ba138
[2026-07-17T02:04:16.956+0000] {graph.py:799} INFO - Total nodes: 7
[2026-07-17T02:04:16.958+0000] {graph.py:800} INFO - Total filtered nodes: 7
[2026-07-17T02:04:16.959+0000] {converter.py:361} INFO - Cosmos performance (dbt_silver_gold_full_load__transform_silver) - [e6c7c1682e85|2540]: It took 2.01s to parse the dbt project for DAG using dbt_ls_cache
[2026-07-17T02:04:16.968+0000] {converter.py:413} INFO - Cosmos performance (dbt_silver_gold_full_load__transform_silver) - [e6c7c1682e85|2540]: It took 0.00841s to build the Airflow DAG.
[2026-07-17T02:04:16.969+0000] {converter.py:420} INFO - ::endgroup::Cosmos DAG parsing logs
[2026-07-17T02:04:16.971+0000] {converter.py:314} INFO - ::group::Cosmos DAG parsing logs
[2026-07-17T02:04:16.973+0000] {graph.py:869} INFO - Trying to parse the dbt project using dbt ls cache cosmos_cache__dbt_silver_gold_full_load__transform_gold...
[2026-07-17T02:04:18.972+0000] {cache.py:383} INFO - Cosmos performance: time to calculate cache identifier cosmos_cache__dbt_silver_gold_full_load__transform_gold for current version: 1.987952373000553
[2026-07-17T02:04:18.974+0000] {graph.py:886} INFO - Cosmos performance [e6c7c1682e85|2540]: The cache size for cosmos_cache__dbt_silver_gold_full_load__transform_gold is 35986
[2026-07-17T02:04:18.976+0000] {graph.py:898} INFO - Cosmos performance: Cache hit for cosmos_cache__dbt_silver_gold_full_load__transform_gold - 241f870d1aae7250659c27c5ef433ade,304321e940a9403dceb380589bd0566f
[2026-07-17T02:04:18.977+0000] {graph.py:799} INFO - Total nodes: 39
[2026-07-17T02:04:18.979+0000] {graph.py:800} INFO - Total filtered nodes: 39
[2026-07-17T02:04:18.980+0000] {converter.py:361} INFO - Cosmos performance (dbt_silver_gold_full_load__transform_gold) - [e6c7c1682e85|2540]: It took 2.01s to parse the dbt project for DAG using dbt_ls_cache
[2026-07-17T02:04:19.017+0000] {converter.py:413} INFO - Cosmos performance (dbt_silver_gold_full_load__transform_gold) - [e6c7c1682e85|2540]: It took 0.0371s to build the Airflow DAG.
[2026-07-17T02:04:19.018+0000] {converter.py:420} INFO - ::endgroup::Cosmos DAG parsing logs
[2026-07-17T02:04:19.539+0000] {logging_mixin.py:190} INFO - 02:04:19  Installing dbt-labs/dbt_utils
[2026-07-17T02:04:20.168+0000] {logging_mixin.py:190} INFO - 02:04:20  Installed from version 1.3.0
[2026-07-17T02:04:20.170+0000] {logging_mixin.py:190} INFO - 02:04:20  Updated version available: 1.4.1
[2026-07-17T02:04:20.172+0000] {logging_mixin.py:190} INFO - 02:04:20  Installing metaplane/dbt_expectations
[2026-07-17T02:04:22.741+0000] {logging_mixin.py:190} INFO - 02:04:22  Installed from version 0.10.8
[2026-07-17T02:04:22.744+0000] {logging_mixin.py:190} INFO - 02:04:22  Updated version available: 0.10.10
[2026-07-17T02:04:22.749+0000] {logging_mixin.py:190} INFO - 02:04:22  Installing godatadriven/dbt_date
[2026-07-17T02:04:23.298+0000] {logging_mixin.py:190} INFO - 02:04:23  Installed from version 0.15.0
[2026-07-17T02:04:23.301+0000] {logging_mixin.py:190} INFO - 02:04:23  Up to date!
[2026-07-17T02:04:23.303+0000] {logging_mixin.py:190} INFO - 02:04:23
[2026-07-17T02:04:23.304+0000] {logging_mixin.py:190} INFO - 02:04:23  Updates available for packages: ['dbt-labs/dbt_utils', 'metaplane/dbt_expectations']                 
Update your versions in packages.yml, then run dbt deps
[2026-07-17T02:04:24.466+0000] {runner.py:95} INFO - Trying to run dbtRunner with:
 ['run', '--select', 'fqn:consumer_complaints_transformation.marts.dim_dates', '--project-dir', '/tmp/tmp_2eil4ht', '--profiles-dir', '/opt/airflow/dbt_transform', '--profile', 'lakehouse_dbt', '--target', 'dev', '--no-static-parser']
 in /tmp/tmp_2eil4ht
[2026-07-17T02:04:24.497+0000] {logging_mixin.py:190} INFO - 02:04:24  Running with dbt=1.8.8
[2026-07-17T02:04:24.544+0000] {auth.py:343} INFO - keyring module not found. OAuth2 token will not be stored in keyring.
[2026-07-17T02:04:24.552+0000] {auth.py:343} INFO - keyring module not found. OAuth2 token will not be stored in keyring.
[2026-07-17T02:04:24.739+0000] {logging_mixin.py:190} INFO - 02:04:24  Registered adapter: trino=1.8.5
[2026-07-17T02:04:25.700+0000] {logging_mixin.py:190} INFO - 02:04:25  Unable to do partial parsing because change detected to override macro. Starting full parse.
[2026-07-17T02:04:28.213+0000] {logging_mixin.py:190} INFO - 02:04:28  [WARNING]: Deprecated functionality
The `tests` config has been renamed to `data_tests`. Please see
https://docs.getdbt.com/docs/build/data-tests#new-data_tests-syntax for more
information.
[2026-07-17T02:04:30.209+0000] {logging_mixin.py:190} INFO - 02:04:30  Found 8 models, 40 data tests, 1 source, 9 metrics, 839 macros, 5 semantic models
[2026-07-17T02:04:30.214+0000] {logging_mixin.py:190} INFO - 02:04:30
[2026-07-17T02:04:30.263+0000] {logging_mixin.py:190} INFO - 02:04:30  [WARNING]: SSL certificate validation is disabled by default. It is legacy behavior which will be changed in future releases. It is strongly advised to enable `require_certificate_validation` flag or explicitly set `cert` configuration to `True` for security reasons. You may receive an error after that if your SSL setup is incorrect.
You may opt into the new behavior sooner by setting `flags.require_certificate_validation` to `True` in `dbt_project.yml`.
Visit https://docs.getdbt.com/reference/global-configs/behavior-changes for more information.
[2026-07-17T02:04:31.270+0000] {logging_mixin.py:190} INFO - 02:04:31  Concurrency: 1 threads (target='dev')
[2026-07-17T02:04:31.273+0000] {logging_mixin.py:190} INFO - 02:04:31
[2026-07-17T02:04:31.279+0000] {logging_mixin.py:190} INFO - 02:04:31  1 of 1 START sql table model gold.dim_dates@etl_20260716_000000 ................ [RUN]
[2026-07-17T02:04:31.388+0000] {logging_mixin.py:190} INFO - 02:04:31  1 of 1 ERROR creating sql table model gold.dim_dates@etl_20260716_000000 ....... [ERROR in 0.10s]
[2026-07-17T02:04:31.395+0000] {logging_mixin.py:190} INFO - 02:04:31
[2026-07-17T02:04:31.397+0000] {logging_mixin.py:190} INFO - 02:04:31  Finished running 1 table model in 0 hours 0 minutes and 1.18 seconds (1.18s).
[2026-07-17T02:04:31.472+0000] {logging_mixin.py:190} INFO - 02:04:31
[2026-07-17T02:04:31.474+0000] {logging_mixin.py:190} INFO - 02:04:31  Completed with 1 error and 0 warnings:
[2026-07-17T02:04:31.476+0000] {logging_mixin.py:190} INFO - 02:04:31
[2026-07-17T02:04:31.478+0000] {logging_mixin.py:190} INFO - 02:04:31    Database Error in model dim_dates (models/marts/dim_dates.sql)
  TrinoExternalError(type=EXTERNAL, name=ICEBERG_CATALOG_ERROR, message="Failed to load view 'stg__consumer_complaints@etl_20260716_000000'", query_id=20260717_015834_00029_hjtsz)
  compiled code at target/run/consumer_complaints_transformation/models/marts/dim_dates.sql
[2026-07-17T02:04:31.480+0000] {logging_mixin.py:190} INFO - 02:04:31
[2026-07-17T02:04:31.482+0000] {logging_mixin.py:190} INFO - 02:04:31  Done. PASS=0 WARN=0 ERROR=1 SKIP=0 TOTAL=1
[2026-07-17T02:04:32.674+0000] {local.py:196} WARNING - Artifact schema version: https://schemas.getdbt.com/dbt/manifest/v12.json is above dbt-ol supported version 7. This might cause errors.
[2026-07-17T02:04:32.683+0000] {local.py:594} INFO - Inlets: []
[2026-07-17T02:04:32.685+0000] {local.py:595} INFO - Outlets: []
[2026-07-17T02:04:32.687+0000] {local.py:886} INFO - Assigning inlets/outlets with DatasetAlias in Airflow 2
[2026-07-17T02:04:32.735+0000] {taskinstance.py:3310} ERROR - Task failed with exception
Traceback (most recent call last):
  File "/home/airflow/.local/lib/python3.10/site-packages/airflow/models/taskinstance.py", line 767, in _execute_task
    result = _execute_callable(context=context, **execute_callable_kwargs)
  File "/home/airflow/.local/lib/python3.10/site-packages/airflow/models/taskinstance.py", line 733, in _execute_callable
    return ExecutionCallableRunner(
  File "/home/airflow/.local/lib/python3.10/site-packages/airflow/utils/operator_helpers.py", line 252, in run
    return self.func(*args, **kwargs)
  File "/home/airflow/.local/lib/python3.10/site-packages/cosmos/operators/base.py", line 346, in execute
    self.build_and_run_cmd(context=context, cmd_flags=self.add_cmd_flags(), **kwargs)
  File "/home/airflow/.local/lib/python3.10/site-packages/cosmos/operators/local.py", line 968, in build_and_run_cmd
    result = self.run_command(
  File "/home/airflow/.local/lib/python3.10/site-packages/cosmos/operators/local.py", line 743, in run_command
    self.handle_exception(result)
  File "/home/airflow/.local/lib/python3.10/site-packages/cosmos/operators/local.py", line 308, in handle_exception_dbt_runner
    return dbt_runner.handle_exception_if_needed(result)
  File "/home/airflow/.local/lib/python3.10/site-packages/cosmos/dbt/runner.py", line 156, in handle_exception_if_needed
    raise CosmosDbtRunError(f"dbt invocation completed with errors: {error_message}")
cosmos.exceptions.CosmosDbtRunError: dbt invocation completed with errors: dim_dates: Database Error in model dim_dates (models/marts/dim_dates.sql)
  TrinoExternalError(type=EXTERNAL, name=ICEBERG_CATALOG_ERROR, message="Failed to load view 'stg__consumer_complaints@etl_20260716_000000'", query_id=20260717_015834_00029_hjtsz)
  compiled code at target/run/consumer_complaints_transformation/models/marts/dim_dates.sql
[2026-07-17T02:04:33.435+0000] {_client.py:1026} INFO - HTTP Request: GET https://astronomer.gateway.scarf.sh/astronomer-cosmos/v3/task_instance?cosmos_version=1.15.0&airflow_version=2.10.2&python_version=3.10.15&platform_system=Linux&platform_machine=x86_64&status=failed&operator_name=DbtRunLocalOperator&is_cosmos_operator_subclass=False&invocation_mode=dbt_runner&execution_mode=local&profile_strategy=yaml_file&profile_mapping_class=None&database=trino&is_mapped_task=False&dbt_command=run&install_deps=True&has_callback=False&duration=25.738328 "HTTP/1.1 200 OK"
[2026-07-17T02:04:33.438+0000] {taskinstance.py:1225} INFO - Marking task as UP_FOR_RETRY. dag_id=wap_consumer_complaints_pipeline, task_id=dbt_transform.dim_dates.run, run_id=scheduled__2026-07-16T00:00:00+00:00, execution_date=20260716T000000, start_date=20260717T020407, end_date=20260717T020432
[2026-07-17T02:04:33.489+0000] {taskinstance.py:340} INFO - ::group::Post task execution logs
[2026-07-17T02:04:33.493+0000] {standard_task_runner.py:124} ERROR - Failed to execute job 13 for task dbt_transform.dim_dates.run (dbt invocation completed with errors: dim_dates: Database Error in model dim_dates (models/marts/dim_dates.sql)
  TrinoExternalError(type=EXTERNAL, name=ICEBERG_CATALOG_ERROR, message="Failed to load view 'stg__consumer_complaints@etl_20260716_000000'", query_id=20260717_015834_00029_hjtsz)
  compiled code at target/run/consumer_complaints_transformation/models/marts/dim_dates.sql; 2540)
Traceback (most recent call last):
  File "/home/airflow/.local/lib/python3.10/site-packages/airflow/task/task_runner/standard_task_runner.py", line 117, in _start_by_fork
    ret = args.func(args, dag=self.dag)
  File "/home/airflow/.local/lib/python3.10/site-packages/airflow/cli/cli_config.py", line 49, in command
    return func(*args, **kwargs)
  File "/home/airflow/.local/lib/python3.10/site-packages/airflow/utils/cli.py", line 115, in wrapper
    return f(*args, **kwargs)
  File "/home/airflow/.local/lib/python3.10/site-packages/airflow/cli/commands/task_command.py", line 483, in task_run
    task_return_code = _run_task_by_selected_method(args, _dag, ti)
  File "/home/airflow/.local/lib/python3.10/site-packages/airflow/cli/commands/task_command.py", line 256, in _run_task_by_selected_method
    return _run_raw_task(args, ti)
  File "/home/airflow/.local/lib/python3.10/site-packages/airflow/cli/commands/task_command.py", line 341, in _run_raw_task
    return ti._run_raw_task(
  File "/home/airflow/.local/lib/python3.10/site-packages/airflow/utils/session.py", line 97, in wrapper
    return func(*args, session=session, **kwargs)
  File "/home/airflow/.local/lib/python3.10/site-packages/airflow/models/taskinstance.py", line 3004, in _run_raw_task
    return _run_raw_task(
  File "/home/airflow/.local/lib/python3.10/site-packages/airflow/models/taskinstance.py", line 273, in _run_raw_task
    TaskInstance._execute_task_with_callbacks(
  File "/home/airflow/.local/lib/python3.10/site-packages/airflow/models/taskinstance.py", line 3158, in _execute_task_with_callbacks
    result = self._execute_task(context, task_orig)
  File "/home/airflow/.local/lib/python3.10/site-packages/airflow/models/taskinstance.py", line 3182, in _execute_task
    return _execute_task(self, context, task_orig)
  File "/home/airflow/.local/lib/python3.10/site-packages/airflow/models/taskinstance.py", line 767, in _execute_task
    result = _execute_callable(context=context, **execute_callable_kwargs)
  File "/home/airflow/.local/lib/python3.10/site-packages/airflow/models/taskinstance.py", line 733, in _execute_callable
    return ExecutionCallableRunner(
  File "/home/airflow/.local/lib/python3.10/site-packages/airflow/utils/operator_helpers.py", line 252, in run
    return self.func(*args, **kwargs)
  File "/home/airflow/.local/lib/python3.10/site-packages/cosmos/operators/base.py", line 346, in execute
    self.build_and_run_cmd(context=context, cmd_flags=self.add_cmd_flags(), **kwargs)
  File "/home/airflow/.local/lib/python3.10/site-packages/cosmos/operators/local.py", line 968, in build_and_run_cmd
    result = self.run_command(
  File "/home/airflow/.local/lib/python3.10/site-packages/cosmos/operators/local.py", line 743, in run_command
    self.handle_exception(result)
  File "/home/airflow/.local/lib/python3.10/site-packages/cosmos/operators/local.py", line 308, in handle_exception_dbt_runner
    return dbt_runner.handle_exception_if_needed(result)
  File "/home/airflow/.local/lib/python3.10/site-packages/cosmos/dbt/runner.py", line 156, in handle_exception_if_needed
    raise CosmosDbtRunError(f"dbt invocation completed with errors: {error_message}")
cosmos.exceptions.CosmosDbtRunError: dbt invocation completed with errors: dim_dates: Database Error in model dim_dates (models/marts/dim_dates.sql)
  TrinoExternalError(type=EXTERNAL, name=ICEBERG_CATALOG_ERROR, message="Failed to load view 'stg__consumer_complaints@etl_20260716_000000'", query_id=20260717_015834_00029_hjtsz)
  compiled code at target/run/consumer_complaints_transformation/models/marts/dim_dates.sql
[2026-07-17T02:04:33.557+0000] {local_task_job_runner.py:266} INFO - Task exited with return code 1
[2026-07-17T02:04:33.622+0000] {taskinstance.py:3900} INFO - 0 downstream tasks scheduled from follow-on schedule check
[2026-07-17T02:04:33.628+0000] {local_task_job_runner.py:245} INFO - ::endgroup::
[2026-07-17T02:32:55.865+0000] {local_task_job_runner.py:123} INFO - ::group::Pre task execution logs
[2026-07-17T02:32:55.893+0000] {taskinstance.py:2612} INFO - Dependencies all met for dep_context=non-requeueable deps ti=<TaskInstance: wap_consumer_complaints_pipeline.dbt_transform.dim_dates.run scheduled__2026-07-16T00:00:00+00:00 [queued]>
[2026-07-17T02:32:55.909+0000] {taskinstance.py:2612} INFO - Dependencies all met for dep_context=requeueable deps ti=<TaskInstance: wap_consumer_complaints_pipeline.dbt_transform.dim_dates.run scheduled__2026-07-16T00:00:00+00:00 [queued]>
[2026-07-17T02:32:55.911+0000] {taskinstance.py:2865} INFO - Starting attempt 1 of 2
[2026-07-17T02:32:55.937+0000] {taskinstance.py:2888} INFO - Executing <Task(DbtRunLocalOperator): dbt_transform.dim_dates.run> on 2026-07-16 00:00:00+00:00
[2026-07-17T02:32:55.943+0000] {standard_task_runner.py:72} INFO - Started process 881 to run task
[2026-07-17T02:32:55.949+0000] {standard_task_runner.py:104} INFO - Running: ['airflow', 'tasks', 'run', 'wap_consumer_complaints_pipeline', 'dbt_transform.dim_dates.run', 'scheduled__2026-07-16T00:00:00+00:00', '--job-id', '13', '--raw', '--subdir', 'DAGS_FOLDER/wap_consumer_complaints_pipeline.py', '--cfg-path', '/tmp/tmpr_gw0wqr']
[2026-07-17T02:32:55.952+0000] {standard_task_runner.py:105} INFO - Job 13: Subtask dbt_transform.dim_dates.run
[2026-07-17T02:32:56.063+0000] {task_command.py:467} INFO - Running <TaskInstance: wap_consumer_complaints_pipeline.dbt_transform.dim_dates.run scheduled__2026-07-16T00:00:00+00:00 [running]> on host 0b96ba8d3379
[2026-07-17T02:32:56.205+0000] {taskinstance.py:3131} INFO - Exporting env vars: AIRFLOW_CTX_DAG_OWNER='data_engineer' AIRFLOW_CTX_DAG_ID='wap_consumer_complaints_pipeline' AIRFLOW_CTX_TASK_ID='dbt_transform.dim_dates.run' AIRFLOW_CTX_EXECUTION_DATE='2026-07-16T00:00:00+00:00' AIRFLOW_CTX_TRY_NUMBER='1' AIRFLOW_CTX_DAG_RUN_ID='scheduled__2026-07-16T00:00:00+00:00'
[2026-07-17T02:32:56.208+0000] {taskinstance.py:731} INFO - ::endgroup::
[2026-07-17T02:32:57.743+0000] {local.py:294} INFO - dbtRunner is available. Using dbtRunner for invoking dbt.
[2026-07-17T02:32:57.746+0000] {local.py:518} INFO - Cloning project to writable temp directory /tmp/tmpj5tsgz33 from /opt/airflow/dbt_transform
[2026-07-17T02:32:57.762+0000] {local.py:538} INFO - Partial parse is enabled and the latest partial parse file is /tmp/cosmos/wap_consumer_complaints_pipeline__dbt_transform/target/partial_parse.msgpack
[2026-07-17T02:32:57.778+0000] {config.py:395} INFO - Using user-supplied profiles.yml at /opt/airflow/dbt_transform/profiles.yml
[2026-07-17T02:32:57.793+0000] {runner.py:95} INFO - Trying to run dbtRunner with:
 ['deps', '--project-dir', '/tmp/tmpj5tsgz33', '--profiles-dir', '/opt/airflow/dbt_transform', '--profile', 'lakehouse_dbt', '--target', 'dev', '--no-static-parser']
 in /tmp/tmpj5tsgz33
[2026-07-17T02:32:57.890+0000] {logging_mixin.py:190} INFO - 02:32:57  Running with dbt=1.8.8
[2026-07-17T02:32:58.051+0000] {converter.py:314} INFO - ::group::Cosmos DAG parsing logs
[2026-07-17T02:32:58.056+0000] {graph.py:869} INFO - Trying to parse the dbt project using dbt ls cache cosmos_cache__dbt_silver_gold_incremental__transform_silver...
[2026-07-17T02:32:59.926+0000] {cache.py:383} INFO - Cosmos performance: time to calculate cache identifier cosmos_cache__dbt_silver_gold_incremental__transform_silver for current version: 1.8543475919996126
[2026-07-17T02:32:59.927+0000] {graph.py:886} INFO - Cosmos performance [0b96ba8d3379|881]: The cache size for cosmos_cache__dbt_silver_gold_incremental__transform_silver is 5960
[2026-07-17T02:32:59.929+0000] {graph.py:898} INFO - Cosmos performance: Cache hit for cosmos_cache__dbt_silver_gold_incremental__transform_silver - e8d9cac38535a76d730fa48723f7ac64,5e34606eb5f2b3dea81a8e19fa3ba138
[2026-07-17T02:32:59.930+0000] {graph.py:799} INFO - Total nodes: 7
[2026-07-17T02:32:59.933+0000] {graph.py:800} INFO - Total filtered nodes: 7
[2026-07-17T02:32:59.935+0000] {converter.py:361} INFO - Cosmos performance (dbt_silver_gold_incremental__transform_silver) - [0b96ba8d3379|881]: It took 1.88s to parse the dbt project for DAG using dbt_ls_cache
[2026-07-17T02:32:59.947+0000] {converter.py:413} INFO - Cosmos performance (dbt_silver_gold_incremental__transform_silver) - [0b96ba8d3379|881]: It took 0.0113s to build the Airflow DAG.
[2026-07-17T02:32:59.949+0000] {converter.py:420} INFO - ::endgroup::Cosmos DAG parsing logs
[2026-07-17T02:32:59.951+0000] {converter.py:314} INFO - ::group::Cosmos DAG parsing logs
[2026-07-17T02:32:59.955+0000] {graph.py:869} INFO - Trying to parse the dbt project using dbt ls cache cosmos_cache__dbt_silver_gold_incremental__transform_gold...
[2026-07-17T02:33:01.913+0000] {cache.py:383} INFO - Cosmos performance: time to calculate cache identifier cosmos_cache__dbt_silver_gold_incremental__transform_gold for current version: 1.9446619300006205
[2026-07-17T02:33:01.914+0000] {graph.py:886} INFO - Cosmos performance [0b96ba8d3379|881]: The cache size for cosmos_cache__dbt_silver_gold_incremental__transform_gold is 35986
[2026-07-17T02:33:01.918+0000] {graph.py:898} INFO - Cosmos performance: Cache hit for cosmos_cache__dbt_silver_gold_incremental__transform_gold - e8d9cac38535a76d730fa48723f7ac64,304321e940a9403dceb380589bd0566f
[2026-07-17T02:33:01.919+0000] {graph.py:799} INFO - Total nodes: 39
[2026-07-17T02:33:01.921+0000] {graph.py:800} INFO - Total filtered nodes: 39
[2026-07-17T02:33:01.922+0000] {converter.py:361} INFO - Cosmos performance (dbt_silver_gold_incremental__transform_gold) - [0b96ba8d3379|881]: It took 1.97s to parse the dbt project for DAG using dbt_ls_cache
[2026-07-17T02:33:01.958+0000] {converter.py:413} INFO - Cosmos performance (dbt_silver_gold_incremental__transform_gold) - [0b96ba8d3379|881]: It took 0.0352s to build the Airflow DAG.
[2026-07-17T02:33:01.959+0000] {converter.py:420} INFO - ::endgroup::Cosmos DAG parsing logs
[2026-07-17T02:33:01.961+0000] {converter.py:314} INFO - ::group::Cosmos DAG parsing logs
[2026-07-17T02:33:01.965+0000] {graph.py:869} INFO - Trying to parse the dbt project using dbt ls cache cosmos_cache__dbt_silver_gold_full_load__transform_silver...
[2026-07-17T02:33:04.058+0000] {cache.py:383} INFO - Cosmos performance: time to calculate cache identifier cosmos_cache__dbt_silver_gold_full_load__transform_silver for current version: 2.0813680449991807
[2026-07-17T02:33:04.060+0000] {graph.py:886} INFO - Cosmos performance [0b96ba8d3379|881]: The cache size for cosmos_cache__dbt_silver_gold_full_load__transform_silver is 5960
[2026-07-17T02:33:04.062+0000] {graph.py:898} INFO - Cosmos performance: Cache hit for cosmos_cache__dbt_silver_gold_full_load__transform_silver - e8d9cac38535a76d730fa48723f7ac64,5e34606eb5f2b3dea81a8e19fa3ba138
[2026-07-17T02:33:04.064+0000] {graph.py:799} INFO - Total nodes: 7
[2026-07-17T02:33:04.066+0000] {graph.py:800} INFO - Total filtered nodes: 7
[2026-07-17T02:33:04.067+0000] {converter.py:361} INFO - Cosmos performance (dbt_silver_gold_full_load__transform_silver) - [0b96ba8d3379|881]: It took 2.1s to parse the dbt project for DAG using dbt_ls_cache
[2026-07-17T02:33:04.079+0000] {converter.py:413} INFO - Cosmos performance (dbt_silver_gold_full_load__transform_silver) - [0b96ba8d3379|881]: It took 0.0119s to build the Airflow DAG.
[2026-07-17T02:33:04.080+0000] {converter.py:420} INFO - ::endgroup::Cosmos DAG parsing logs
[2026-07-17T02:33:04.083+0000] {converter.py:314} INFO - ::group::Cosmos DAG parsing logs
[2026-07-17T02:33:04.088+0000] {graph.py:869} INFO - Trying to parse the dbt project using dbt ls cache cosmos_cache__dbt_silver_gold_full_load__transform_gold...
[2026-07-17T02:33:06.099+0000] {cache.py:383} INFO - Cosmos performance: time to calculate cache identifier cosmos_cache__dbt_silver_gold_full_load__transform_gold for current version: 1.993823765000343
[2026-07-17T02:33:06.100+0000] {graph.py:886} INFO - Cosmos performance [0b96ba8d3379|881]: The cache size for cosmos_cache__dbt_silver_gold_full_load__transform_gold is 35986
[2026-07-17T02:33:06.103+0000] {graph.py:898} INFO - Cosmos performance: Cache hit for cosmos_cache__dbt_silver_gold_full_load__transform_gold - e8d9cac38535a76d730fa48723f7ac64,304321e940a9403dceb380589bd0566f
[2026-07-17T02:33:06.104+0000] {graph.py:799} INFO - Total nodes: 39
[2026-07-17T02:33:06.105+0000] {graph.py:800} INFO - Total filtered nodes: 39
[2026-07-17T02:33:06.106+0000] {converter.py:361} INFO - Cosmos performance (dbt_silver_gold_full_load__transform_gold) - [0b96ba8d3379|881]: It took 2.02s to parse the dbt project for DAG using dbt_ls_cache
[2026-07-17T02:33:06.142+0000] {converter.py:413} INFO - Cosmos performance (dbt_silver_gold_full_load__transform_gold) - [0b96ba8d3379|881]: It took 0.0361s to build the Airflow DAG.
[2026-07-17T02:33:06.144+0000] {converter.py:420} INFO - ::endgroup::Cosmos DAG parsing logs
[2026-07-17T02:33:06.836+0000] {logging_mixin.py:190} INFO - 02:33:06  Installing dbt-labs/dbt_utils
[2026-07-17T02:33:07.482+0000] {logging_mixin.py:190} INFO - 02:33:07  Installed from version 1.3.0
[2026-07-17T02:33:07.484+0000] {logging_mixin.py:190} INFO - 02:33:07  Updated version available: 1.4.1
[2026-07-17T02:33:07.487+0000] {logging_mixin.py:190} INFO - 02:33:07  Installing metaplane/dbt_expectations
[2026-07-17T02:33:08.918+0000] {logging_mixin.py:190} INFO - 02:33:08  Installed from version 0.10.8
[2026-07-17T02:33:08.920+0000] {logging_mixin.py:190} INFO - 02:33:08  Updated version available: 0.10.10
[2026-07-17T02:33:08.922+0000] {logging_mixin.py:190} INFO - 02:33:08  Installing godatadriven/dbt_date
[2026-07-17T02:33:09.478+0000] {logging_mixin.py:190} INFO - 02:33:09  Installed from version 0.15.0
[2026-07-17T02:33:09.479+0000] {logging_mixin.py:190} INFO - 02:33:09  Up to date!
[2026-07-17T02:33:09.481+0000] {logging_mixin.py:190} INFO - 02:33:09
[2026-07-17T02:33:09.483+0000] {logging_mixin.py:190} INFO - 02:33:09  Updates available for packages: ['dbt-labs/dbt_utils', 'metaplane/dbt_expectations']                 
Update your versions in packages.yml, then run dbt deps
[2026-07-17T02:33:10.604+0000] {runner.py:95} INFO - Trying to run dbtRunner with:
 ['run', '--select', 'fqn:consumer_complaints_transformation.marts.dim_dates', '--project-dir', '/tmp/tmpj5tsgz33', '--profiles-dir', '/opt/airflow/dbt_transform', '--profile', 'lakehouse_dbt', '--target', 'dev', '--no-static-parser']
 in /tmp/tmpj5tsgz33
[2026-07-17T02:33:10.637+0000] {logging_mixin.py:190} INFO - 02:33:10  Running with dbt=1.8.8
[2026-07-17T02:33:10.670+0000] {auth.py:343} INFO - keyring module not found. OAuth2 token will not be stored in keyring.
[2026-07-17T02:33:10.675+0000] {auth.py:343} INFO - keyring module not found. OAuth2 token will not be stored in keyring.
[2026-07-17T02:33:10.827+0000] {logging_mixin.py:190} INFO - 02:33:10  Registered adapter: trino=1.8.5
[2026-07-17T02:33:11.679+0000] {logging_mixin.py:190} INFO - 02:33:11  Unable to do partial parsing because change detected to override macro. Starting full parse.
[2026-07-17T02:33:14.227+0000] {logging_mixin.py:190} INFO - 02:33:14  [WARNING]: Deprecated functionality
The `tests` config has been renamed to `data_tests`. Please see
https://docs.getdbt.com/docs/build/data-tests#new-data_tests-syntax for more
information.
[2026-07-17T02:33:15.544+0000] {logging_mixin.py:190} INFO - 02:33:15  Found 8 models, 40 data tests, 1 source, 9 metrics, 839 macros, 5 semantic models
[2026-07-17T02:33:15.555+0000] {logging_mixin.py:190} INFO - 02:33:15
[2026-07-17T02:33:15.655+0000] {logging_mixin.py:190} INFO - 02:33:15  [WARNING]: SSL certificate validation is disabled by default. It is legacy behavior which will be changed in future releases. It is strongly advised to enable `require_certificate_validation` flag or explicitly set `cert` configuration to `True` for security reasons. You may receive an error after that if your SSL setup is incorrect.
You may opt into the new behavior sooner by setting `flags.require_certificate_validation` to `True` in `dbt_project.yml`.
Visit https://docs.getdbt.com/reference/global-configs/behavior-changes for more information.
[2026-07-17T02:33:17.016+0000] {logging_mixin.py:190} INFO - 02:33:17  Concurrency: 1 threads (target='dev')
[2026-07-17T02:33:17.021+0000] {logging_mixin.py:190} INFO - 02:33:17
[2026-07-17T02:33:17.038+0000] {logging_mixin.py:190} INFO - 02:33:17  1 of 1 START sql table model gold.dim_dates@etl_20260716_000000 ................ [RUN]
[2026-07-17T02:33:17.295+0000] {logging_mixin.py:190} INFO - 02:33:17  1 of 1 ERROR creating sql table model gold.dim_dates@etl_20260716_000000 ....... [ERROR in 0.25s]
[2026-07-17T02:33:17.309+0000] {logging_mixin.py:190} INFO - 02:33:17
[2026-07-17T02:33:17.312+0000] {logging_mixin.py:190} INFO - 02:33:17  Finished running 1 table model in 0 hours 0 minutes and 1.75 seconds (1.75s).
[2026-07-17T02:33:17.489+0000] {logging_mixin.py:190} INFO - 02:33:17
[2026-07-17T02:33:17.495+0000] {logging_mixin.py:190} INFO - 02:33:17  Completed with 1 error and 0 warnings:
[2026-07-17T02:33:17.509+0000] {logging_mixin.py:190} INFO - 02:33:17
[2026-07-17T02:33:17.517+0000] {logging_mixin.py:190} INFO - 02:33:17    Database Error in model dim_dates (models/marts/dim_dates.sql)
  TrinoExternalError(type=EXTERNAL, name=ICEBERG_CATALOG_ERROR, message="Failed to load view 'stg__consumer_complaints@etl_20260716_000000'", query_id=20260717_023317_00024_zccfg)
  compiled code at target/run/consumer_complaints_transformation/models/marts/dim_dates.sql
[2026-07-17T02:33:17.524+0000] {logging_mixin.py:190} INFO - 02:33:17
[2026-07-17T02:33:17.532+0000] {logging_mixin.py:190} INFO - 02:33:17  Done. PASS=0 WARN=0 ERROR=1 SKIP=0 TOTAL=1
[2026-07-17T02:33:18.905+0000] {local.py:196} WARNING - Artifact schema version: https://schemas.getdbt.com/dbt/manifest/v12.json is above dbt-ol supported version 7. This might cause errors.
[2026-07-17T02:33:18.914+0000] {local.py:594} INFO - Inlets: []
[2026-07-17T02:33:18.916+0000] {local.py:595} INFO - Outlets: []
[2026-07-17T02:33:18.919+0000] {local.py:886} INFO - Assigning inlets/outlets with DatasetAlias in Airflow 2
[2026-07-17T02:33:18.970+0000] {taskinstance.py:3310} ERROR - Task failed with exception
Traceback (most recent call last):
  File "/home/airflow/.local/lib/python3.10/site-packages/airflow/models/taskinstance.py", line 767, in _execute_task
    result = _execute_callable(context=context, **execute_callable_kwargs)
  File "/home/airflow/.local/lib/python3.10/site-packages/airflow/models/taskinstance.py", line 733, in _execute_callable
    return ExecutionCallableRunner(
  File "/home/airflow/.local/lib/python3.10/site-packages/airflow/utils/operator_helpers.py", line 252, in run
    return self.func(*args, **kwargs)
  File "/home/airflow/.local/lib/python3.10/site-packages/cosmos/operators/base.py", line 346, in execute
    self.build_and_run_cmd(context=context, cmd_flags=self.add_cmd_flags(), **kwargs)
  File "/home/airflow/.local/lib/python3.10/site-packages/cosmos/operators/local.py", line 968, in build_and_run_cmd
    result = self.run_command(
  File "/home/airflow/.local/lib/python3.10/site-packages/cosmos/operators/local.py", line 743, in run_command
    self.handle_exception(result)
  File "/home/airflow/.local/lib/python3.10/site-packages/cosmos/operators/local.py", line 308, in handle_exception_dbt_runner
    return dbt_runner.handle_exception_if_needed(result)
  File "/home/airflow/.local/lib/python3.10/site-packages/cosmos/dbt/runner.py", line 156, in handle_exception_if_needed
    raise CosmosDbtRunError(f"dbt invocation completed with errors: {error_message}")
cosmos.exceptions.CosmosDbtRunError: dbt invocation completed with errors: dim_dates: Database Error in model dim_dates (models/marts/dim_dates.sql)
  TrinoExternalError(type=EXTERNAL, name=ICEBERG_CATALOG_ERROR, message="Failed to load view 'stg__consumer_complaints@etl_20260716_000000'", query_id=20260717_023317_00024_zccfg)
  compiled code at target/run/consumer_complaints_transformation/models/marts/dim_dates.sql
[2026-07-17T02:33:19.706+0000] {_client.py:1026} INFO - HTTP Request: GET https://astronomer.gateway.scarf.sh/astronomer-cosmos/v3/task_instance?cosmos_version=1.15.0&airflow_version=2.10.2&python_version=3.10.15&platform_system=Linux&platform_machine=x86_64&status=failed&operator_name=DbtRunLocalOperator&is_cosmos_operator_subclass=False&invocation_mode=dbt_runner&execution_mode=local&profile_strategy=yaml_file&profile_mapping_class=None&database=trino&is_mapped_task=False&dbt_command=run&install_deps=True&has_callback=False&duration=23.102797 "HTTP/1.1 200 OK"
[2026-07-17T02:33:19.709+0000] {taskinstance.py:1225} INFO - Marking task as UP_FOR_RETRY. dag_id=wap_consumer_complaints_pipeline, task_id=dbt_transform.dim_dates.run, run_id=scheduled__2026-07-16T00:00:00+00:00, execution_date=20260716T000000, start_date=20260717T023255, end_date=20260717T023318
[2026-07-17T02:33:19.736+0000] {taskinstance.py:340} INFO - ::group::Post task execution logs
[2026-07-17T02:33:19.738+0000] {standard_task_runner.py:124} ERROR - Failed to execute job 13 for task dbt_transform.dim_dates.run (dbt invocation completed with errors: dim_dates: Database Error in model dim_dates (models/marts/dim_dates.sql)
  TrinoExternalError(type=EXTERNAL, name=ICEBERG_CATALOG_ERROR, message="Failed to load view 'stg__consumer_complaints@etl_20260716_000000'", query_id=20260717_023317_00024_zccfg)
  compiled code at target/run/consumer_complaints_transformation/models/marts/dim_dates.sql; 881)
Traceback (most recent call last):
  File "/home/airflow/.local/lib/python3.10/site-packages/airflow/task/task_runner/standard_task_runner.py", line 117, in _start_by_fork
    ret = args.func(args, dag=self.dag)
  File "/home/airflow/.local/lib/python3.10/site-packages/airflow/cli/cli_config.py", line 49, in command
    return func(*args, **kwargs)
  File "/home/airflow/.local/lib/python3.10/site-packages/airflow/utils/cli.py", line 115, in wrapper
    return f(*args, **kwargs)
  File "/home/airflow/.local/lib/python3.10/site-packages/airflow/cli/commands/task_command.py", line 483, in task_run
    task_return_code = _run_task_by_selected_method(args, _dag, ti)
  File "/home/airflow/.local/lib/python3.10/site-packages/airflow/cli/commands/task_command.py", line 256, in _run_task_by_selected_method
    return _run_raw_task(args, ti)
  File "/home/airflow/.local/lib/python3.10/site-packages/airflow/cli/commands/task_command.py", line 341, in _run_raw_task
    return ti._run_raw_task(
  File "/home/airflow/.local/lib/python3.10/site-packages/airflow/utils/session.py", line 97, in wrapper
    return func(*args, session=session, **kwargs)
  File "/home/airflow/.local/lib/python3.10/site-packages/airflow/models/taskinstance.py", line 3004, in _run_raw_task
    return _run_raw_task(
  File "/home/airflow/.local/lib/python3.10/site-packages/airflow/models/taskinstance.py", line 273, in _run_raw_task
    TaskInstance._execute_task_with_callbacks(
  File "/home/airflow/.local/lib/python3.10/site-packages/airflow/models/taskinstance.py", line 3158, in _execute_task_with_callbacks
    result = self._execute_task(context, task_orig)
  File "/home/airflow/.local/lib/python3.10/site-packages/airflow/models/taskinstance.py", line 3182, in _execute_task
    return _execute_task(self, context, task_orig)
  File "/home/airflow/.local/lib/python3.10/site-packages/airflow/models/taskinstance.py", line 767, in _execute_task
    result = _execute_callable(context=context, **execute_callable_kwargs)
  File "/home/airflow/.local/lib/python3.10/site-packages/airflow/models/taskinstance.py", line 733, in _execute_callable
    return ExecutionCallableRunner(
  File "/home/airflow/.local/lib/python3.10/site-packages/airflow/utils/operator_helpers.py", line 252, in run
    return self.func(*args, **kwargs)
  File "/home/airflow/.local/lib/python3.10/site-packages/cosmos/operators/base.py", line 346, in execute
    self.build_and_run_cmd(context=context, cmd_flags=self.add_cmd_flags(), **kwargs)
  File "/home/airflow/.local/lib/python3.10/site-packages/cosmos/operators/local.py", line 968, in build_and_run_cmd
    result = self.run_command(
  File "/home/airflow/.local/lib/python3.10/site-packages/cosmos/operators/local.py", line 743, in run_command
    self.handle_exception(result)
  File "/home/airflow/.local/lib/python3.10/site-packages/cosmos/operators/local.py", line 308, in handle_exception_dbt_runner
    return dbt_runner.handle_exception_if_needed(result)
  File "/home/airflow/.local/lib/python3.10/site-packages/cosmos/dbt/runner.py", line 156, in handle_exception_if_needed
    raise CosmosDbtRunError(f"dbt invocation completed with errors: {error_message}")
cosmos.exceptions.CosmosDbtRunError: dbt invocation completed with errors: dim_dates: Database Error in model dim_dates (models/marts/dim_dates.sql)
  TrinoExternalError(type=EXTERNAL, name=ICEBERG_CATALOG_ERROR, message="Failed to load view 'stg__consumer_complaints@etl_20260716_000000'", query_id=20260717_023317_00024_zccfg)
  compiled code at target/run/consumer_complaints_transformation/models/marts/dim_dates.sql
[2026-07-17T02:33:19.796+0000] {local_task_job_runner.py:266} INFO - Task exited with return code 1
[2026-07-17T02:33:19.862+0000] {taskinstance.py:3900} INFO - 0 downstream tasks scheduled from follow-on schedule check
[2026-07-17T02:33:19.865+0000] {local_task_job_runner.py:245} INFO - ::endgroup::
[2026-07-17T02:41:29.036+0000] {local_task_job_runner.py:123} INFO - ::group::Pre task execution logs
[2026-07-17T02:41:29.066+0000] {taskinstance.py:2612} INFO - Dependencies all met for dep_context=non-requeueable deps ti=<TaskInstance: wap_consumer_complaints_pipeline.dbt_transform.dim_dates.run scheduled__2026-07-16T00:00:00+00:00 [queued]>
[2026-07-17T02:41:29.080+0000] {taskinstance.py:2612} INFO - Dependencies all met for dep_context=requeueable deps ti=<TaskInstance: wap_consumer_complaints_pipeline.dbt_transform.dim_dates.run scheduled__2026-07-16T00:00:00+00:00 [queued]>
[2026-07-17T02:41:29.082+0000] {taskinstance.py:2865} INFO - Starting attempt 1 of 2
[2026-07-17T02:41:29.101+0000] {taskinstance.py:2888} INFO - Executing <Task(DbtRunLocalOperator): dbt_transform.dim_dates.run> on 2026-07-16 00:00:00+00:00
[2026-07-17T02:41:29.111+0000] {standard_task_runner.py:72} INFO - Started process 948 to run task
[2026-07-17T02:41:29.121+0000] {standard_task_runner.py:104} INFO - Running: ['airflow', 'tasks', 'run', 'wap_consumer_complaints_pipeline', 'dbt_transform.dim_dates.run', 'scheduled__2026-07-16T00:00:00+00:00', '--job-id', '13', '--raw', '--subdir', 'DAGS_FOLDER/wap_consumer_complaints_pipeline.py', '--cfg-path', '/tmp/tmpoy_bf71s']
[2026-07-17T02:41:29.125+0000] {standard_task_runner.py:105} INFO - Job 13: Subtask dbt_transform.dim_dates.run
[2026-07-17T02:41:29.253+0000] {task_command.py:467} INFO - Running <TaskInstance: wap_consumer_complaints_pipeline.dbt_transform.dim_dates.run scheduled__2026-07-16T00:00:00+00:00 [running]> on host ca61bab0d237
[2026-07-17T02:41:29.404+0000] {taskinstance.py:3131} INFO - Exporting env vars: AIRFLOW_CTX_DAG_OWNER='data_engineer' AIRFLOW_CTX_DAG_ID='wap_consumer_complaints_pipeline' AIRFLOW_CTX_TASK_ID='dbt_transform.dim_dates.run' AIRFLOW_CTX_EXECUTION_DATE='2026-07-16T00:00:00+00:00' AIRFLOW_CTX_TRY_NUMBER='1' AIRFLOW_CTX_DAG_RUN_ID='scheduled__2026-07-16T00:00:00+00:00'
[2026-07-17T02:41:29.407+0000] {taskinstance.py:731} INFO - ::endgroup::
[2026-07-17T02:41:31.356+0000] {local.py:294} INFO - dbtRunner is available. Using dbtRunner for invoking dbt.
[2026-07-17T02:41:31.359+0000] {local.py:518} INFO - Cloning project to writable temp directory /tmp/tmpi1h2r9ls from /opt/airflow/dbt_transform
[2026-07-17T02:41:31.374+0000] {local.py:538} INFO - Partial parse is enabled and the latest partial parse file is /tmp/cosmos/wap_consumer_complaints_pipeline__dbt_transform/target/partial_parse.msgpack
[2026-07-17T02:41:31.391+0000] {config.py:395} INFO - Using user-supplied profiles.yml at /opt/airflow/dbt_transform/profiles.yml
[2026-07-17T02:41:31.405+0000] {runner.py:95} INFO - Trying to run dbtRunner with:
 ['deps', '--project-dir', '/tmp/tmpi1h2r9ls', '--profiles-dir', '/opt/airflow/dbt_transform', '--profile', 'lakehouse_dbt', '--target', 'dev', '--no-static-parser']
 in /tmp/tmpi1h2r9ls
[2026-07-17T02:41:31.527+0000] {logging_mixin.py:190} INFO - 02:41:31  Running with dbt=1.8.8
[2026-07-17T02:41:31.707+0000] {converter.py:314} INFO - ::group::Cosmos DAG parsing logs
[2026-07-17T02:41:31.712+0000] {graph.py:869} INFO - Trying to parse the dbt project using dbt ls cache cosmos_cache__dbt_silver_gold_incremental__transform_silver...
[2026-07-17T02:41:35.439+0000] {cache.py:383} INFO - Cosmos performance: time to calculate cache identifier cosmos_cache__dbt_silver_gold_incremental__transform_silver for current version: 3.7101686959995277
[2026-07-17T02:41:35.440+0000] {graph.py:886} INFO - Cosmos performance [ca61bab0d237|948]: The cache size for cosmos_cache__dbt_silver_gold_incremental__transform_silver is 5960
[2026-07-17T02:41:35.442+0000] {graph.py:898} INFO - Cosmos performance: Cache hit for cosmos_cache__dbt_silver_gold_incremental__transform_silver - 7216bcffc90930f0e2149b8b1e9c857f,5e34606eb5f2b3dea81a8e19fa3ba138
[2026-07-17T02:41:35.444+0000] {graph.py:799} INFO - Total nodes: 7
[2026-07-17T02:41:35.445+0000] {graph.py:800} INFO - Total filtered nodes: 7
[2026-07-17T02:41:35.447+0000] {converter.py:361} INFO - Cosmos performance (dbt_silver_gold_incremental__transform_silver) - [ca61bab0d237|948]: It took 3.73s to parse the dbt project for DAG using dbt_ls_cache
[2026-07-17T02:41:35.463+0000] {converter.py:413} INFO - Cosmos performance (dbt_silver_gold_incremental__transform_silver) - [ca61bab0d237|948]: It took 0.0164s to build the Airflow DAG.
[2026-07-17T02:41:35.465+0000] {converter.py:420} INFO - ::endgroup::Cosmos DAG parsing logs
[2026-07-17T02:41:35.466+0000] {converter.py:314} INFO - ::group::Cosmos DAG parsing logs
[2026-07-17T02:41:35.471+0000] {graph.py:869} INFO - Trying to parse the dbt project using dbt ls cache cosmos_cache__dbt_silver_gold_incremental__transform_gold...
[2026-07-17T02:41:38.148+0000] {cache.py:383} INFO - Cosmos performance: time to calculate cache identifier cosmos_cache__dbt_silver_gold_incremental__transform_gold for current version: 2.665699518999645
[2026-07-17T02:41:38.149+0000] {graph.py:886} INFO - Cosmos performance [ca61bab0d237|948]: The cache size for cosmos_cache__dbt_silver_gold_incremental__transform_gold is 35986
[2026-07-17T02:41:38.153+0000] {graph.py:898} INFO - Cosmos performance: Cache hit for cosmos_cache__dbt_silver_gold_incremental__transform_gold - 7216bcffc90930f0e2149b8b1e9c857f,304321e940a9403dceb380589bd0566f
[2026-07-17T02:41:38.155+0000] {graph.py:799} INFO - Total nodes: 39
[2026-07-17T02:41:38.157+0000] {graph.py:800} INFO - Total filtered nodes: 39
[2026-07-17T02:41:38.161+0000] {converter.py:361} INFO - Cosmos performance (dbt_silver_gold_incremental__transform_gold) - [ca61bab0d237|948]: It took 2.69s to parse the dbt project for DAG using dbt_ls_cache
[2026-07-17T02:41:38.253+0000] {converter.py:413} INFO - Cosmos performance (dbt_silver_gold_incremental__transform_gold) - [ca61bab0d237|948]: It took 0.0922s to build the Airflow DAG.
[2026-07-17T02:41:38.258+0000] {converter.py:420} INFO - ::endgroup::Cosmos DAG parsing logs
[2026-07-17T02:41:38.264+0000] {converter.py:314} INFO - ::group::Cosmos DAG parsing logs
[2026-07-17T02:41:38.271+0000] {graph.py:869} INFO - Trying to parse the dbt project using dbt ls cache cosmos_cache__dbt_silver_gold_full_load__transform_silver...
[2026-07-17T02:41:40.446+0000] {cache.py:383} INFO - Cosmos performance: time to calculate cache identifier cosmos_cache__dbt_silver_gold_full_load__transform_silver for current version: 2.1539532200004032
[2026-07-17T02:41:40.448+0000] {graph.py:886} INFO - Cosmos performance [ca61bab0d237|948]: The cache size for cosmos_cache__dbt_silver_gold_full_load__transform_silver is 5960
[2026-07-17T02:41:40.450+0000] {graph.py:898} INFO - Cosmos performance: Cache hit for cosmos_cache__dbt_silver_gold_full_load__transform_silver - 7216bcffc90930f0e2149b8b1e9c857f,5e34606eb5f2b3dea81a8e19fa3ba138
[2026-07-17T02:41:40.451+0000] {graph.py:799} INFO - Total nodes: 7
[2026-07-17T02:41:40.452+0000] {graph.py:800} INFO - Total filtered nodes: 7
[2026-07-17T02:41:40.454+0000] {converter.py:361} INFO - Cosmos performance (dbt_silver_gold_full_load__transform_silver) - [ca61bab0d237|948]: It took 2.18s to parse the dbt project for DAG using dbt_ls_cache
[2026-07-17T02:41:40.463+0000] {converter.py:413} INFO - Cosmos performance (dbt_silver_gold_full_load__transform_silver) - [ca61bab0d237|948]: It took 0.00959s to build the Airflow DAG.
[2026-07-17T02:41:40.465+0000] {converter.py:420} INFO - ::endgroup::Cosmos DAG parsing logs
[2026-07-17T02:41:40.466+0000] {converter.py:314} INFO - ::group::Cosmos DAG parsing logs
[2026-07-17T02:41:40.471+0000] {graph.py:869} INFO - Trying to parse the dbt project using dbt ls cache cosmos_cache__dbt_silver_gold_full_load__transform_gold...
[2026-07-17T02:41:42.060+0000] {cache.py:383} INFO - Cosmos performance: time to calculate cache identifier cosmos_cache__dbt_silver_gold_full_load__transform_gold for current version: 1.5779369639994911
[2026-07-17T02:41:42.061+0000] {graph.py:886} INFO - Cosmos performance [ca61bab0d237|948]: The cache size for cosmos_cache__dbt_silver_gold_full_load__transform_gold is 35986
[2026-07-17T02:41:42.063+0000] {graph.py:898} INFO - Cosmos performance: Cache hit for cosmos_cache__dbt_silver_gold_full_load__transform_gold - 7216bcffc90930f0e2149b8b1e9c857f,304321e940a9403dceb380589bd0566f
[2026-07-17T02:41:42.064+0000] {graph.py:799} INFO - Total nodes: 39
[2026-07-17T02:41:42.065+0000] {graph.py:800} INFO - Total filtered nodes: 39
[2026-07-17T02:41:42.066+0000] {converter.py:361} INFO - Cosmos performance (dbt_silver_gold_full_load__transform_gold) - [ca61bab0d237|948]: It took 1.6s to parse the dbt project for DAG using dbt_ls_cache
[2026-07-17T02:41:42.096+0000] {converter.py:413} INFO - Cosmos performance (dbt_silver_gold_full_load__transform_gold) - [ca61bab0d237|948]: It took 0.0297s to build the Airflow DAG.
[2026-07-17T02:41:42.097+0000] {converter.py:420} INFO - ::endgroup::Cosmos DAG parsing logs
[2026-07-17T02:41:42.511+0000] {logging_mixin.py:190} INFO - 02:41:42  Installing dbt-labs/dbt_utils
[2026-07-17T02:41:43.058+0000] {logging_mixin.py:190} INFO - 02:41:43  Installed from version 1.3.0
[2026-07-17T02:41:43.060+0000] {logging_mixin.py:190} INFO - 02:41:43  Updated version available: 1.4.1
[2026-07-17T02:41:43.063+0000] {logging_mixin.py:190} INFO - 02:41:43  Installing metaplane/dbt_expectations
[2026-07-17T02:41:44.216+0000] {logging_mixin.py:190} INFO - 02:41:44  Installed from version 0.10.8
[2026-07-17T02:41:44.217+0000] {logging_mixin.py:190} INFO - 02:41:44  Updated version available: 0.10.10
[2026-07-17T02:41:44.220+0000] {logging_mixin.py:190} INFO - 02:41:44  Installing godatadriven/dbt_date
[2026-07-17T02:41:44.763+0000] {logging_mixin.py:190} INFO - 02:41:44  Installed from version 0.15.0
[2026-07-17T02:41:44.766+0000] {logging_mixin.py:190} INFO - 02:41:44  Up to date!
[2026-07-17T02:41:44.769+0000] {logging_mixin.py:190} INFO - 02:41:44
[2026-07-17T02:41:44.771+0000] {logging_mixin.py:190} INFO - 02:41:44  Updates available for packages: ['dbt-labs/dbt_utils', 'metaplane/dbt_expectations']                 
Update your versions in packages.yml, then run dbt deps
[2026-07-17T02:41:45.917+0000] {runner.py:95} INFO - Trying to run dbtRunner with:
 ['run', '--select', 'fqn:consumer_complaints_transformation.marts.dim_dates', '--project-dir', '/tmp/tmpi1h2r9ls', '--profiles-dir', '/opt/airflow/dbt_transform', '--profile', 'lakehouse_dbt', '--target', 'dev', '--no-static-parser']
 in /tmp/tmpi1h2r9ls
[2026-07-17T02:41:45.948+0000] {logging_mixin.py:190} INFO - 02:41:45  Running with dbt=1.8.8
[2026-07-17T02:41:45.984+0000] {auth.py:343} INFO - keyring module not found. OAuth2 token will not be stored in keyring.
[2026-07-17T02:41:45.989+0000] {auth.py:343} INFO - keyring module not found. OAuth2 token will not be stored in keyring.
[2026-07-17T02:41:46.218+0000] {logging_mixin.py:190} INFO - 02:41:46  Registered adapter: trino=1.8.5
[2026-07-17T02:41:47.247+0000] {logging_mixin.py:190} INFO - 02:41:47  Unable to do partial parsing because change detected to override macro. Starting full parse.
[2026-07-17T02:41:50.035+0000] {logging_mixin.py:190} INFO - 02:41:50  [WARNING]: Deprecated functionality
The `tests` config has been renamed to `data_tests`. Please see
https://docs.getdbt.com/docs/build/data-tests#new-data_tests-syntax for more
information.
[2026-07-17T02:41:52.482+0000] {logging_mixin.py:190} INFO - 02:41:52  Found 8 models, 40 data tests, 1 source, 9 metrics, 839 macros, 5 semantic models
[2026-07-17T02:41:52.491+0000] {logging_mixin.py:190} INFO - 02:41:52
[2026-07-17T02:41:52.559+0000] {logging_mixin.py:190} INFO - 02:41:52  [WARNING]: SSL certificate validation is disabled by default. It is legacy behavior which will be changed in future releases. It is strongly advised to enable `require_certificate_validation` flag or explicitly set `cert` configuration to `True` for security reasons. You may receive an error after that if your SSL setup is incorrect.
You may opt into the new behavior sooner by setting `flags.require_certificate_validation` to `True` in `dbt_project.yml`.
Visit https://docs.getdbt.com/reference/global-configs/behavior-changes for more information.
[2026-07-17T02:41:53.256+0000] {logging_mixin.py:190} INFO - 02:41:53  Concurrency: 1 threads (target='dev')
[2026-07-17T02:41:53.260+0000] {logging_mixin.py:190} INFO - 02:41:53
[2026-07-17T02:41:53.266+0000] {logging_mixin.py:190} INFO - 02:41:53  1 of 1 START sql table model gold.dim_dates@etl_20260716_000000 ................ [RUN]
[2026-07-17T02:41:53.376+0000] {logging_mixin.py:190} INFO - 02:41:53  1 of 1 ERROR creating sql table model gold.dim_dates@etl_20260716_000000 ....... [ERROR in 0.11s]
[2026-07-17T02:41:53.383+0000] {logging_mixin.py:190} INFO - 02:41:53
[2026-07-17T02:41:53.385+0000] {logging_mixin.py:190} INFO - 02:41:53  Finished running 1 table model in 0 hours 0 minutes and 0.89 seconds (0.89s).
[2026-07-17T02:41:53.437+0000] {logging_mixin.py:190} INFO - 02:41:53
[2026-07-17T02:41:53.439+0000] {logging_mixin.py:190} INFO - 02:41:53  Completed with 1 error and 0 warnings:
[2026-07-17T02:41:53.442+0000] {logging_mixin.py:190} INFO - 02:41:53
[2026-07-17T02:41:53.444+0000] {logging_mixin.py:190} INFO - 02:41:53    Database Error in model dim_dates (models/marts/dim_dates.sql)
  TrinoExternalError(type=EXTERNAL, name=ICEBERG_CATALOG_ERROR, message="Failed to load view 'stg__consumer_complaints@etl_20260716_000000'", query_id=20260717_024153_00038_g2qir)
  compiled code at target/run/consumer_complaints_transformation/models/marts/dim_dates.sql
[2026-07-17T02:41:53.446+0000] {logging_mixin.py:190} INFO - 02:41:53
[2026-07-17T02:41:53.448+0000] {logging_mixin.py:190} INFO - 02:41:53  Done. PASS=0 WARN=0 ERROR=1 SKIP=0 TOTAL=1
[2026-07-17T02:41:54.616+0000] {local.py:196} WARNING - Artifact schema version: https://schemas.getdbt.com/dbt/manifest/v12.json is above dbt-ol supported version 7. This might cause errors.
[2026-07-17T02:41:54.624+0000] {local.py:594} INFO - Inlets: []
[2026-07-17T02:41:54.626+0000] {local.py:595} INFO - Outlets: []
[2026-07-17T02:41:54.627+0000] {local.py:886} INFO - Assigning inlets/outlets with DatasetAlias in Airflow 2
[2026-07-17T02:41:54.655+0000] {taskinstance.py:3310} ERROR - Task failed with exception
Traceback (most recent call last):
  File "/home/airflow/.local/lib/python3.10/site-packages/airflow/models/taskinstance.py", line 767, in _execute_task
    result = _execute_callable(context=context, **execute_callable_kwargs)
  File "/home/airflow/.local/lib/python3.10/site-packages/airflow/models/taskinstance.py", line 733, in _execute_callable
    return ExecutionCallableRunner(
  File "/home/airflow/.local/lib/python3.10/site-packages/airflow/utils/operator_helpers.py", line 252, in run
    return self.func(*args, **kwargs)
  File "/home/airflow/.local/lib/python3.10/site-packages/cosmos/operators/base.py", line 346, in execute
    self.build_and_run_cmd(context=context, cmd_flags=self.add_cmd_flags(), **kwargs)
  File "/home/airflow/.local/lib/python3.10/site-packages/cosmos/operators/local.py", line 968, in build_and_run_cmd
    result = self.run_command(
  File "/home/airflow/.local/lib/python3.10/site-packages/cosmos/operators/local.py", line 743, in run_command
    self.handle_exception(result)
  File "/home/airflow/.local/lib/python3.10/site-packages/cosmos/operators/local.py", line 308, in handle_exception_dbt_runner
    return dbt_runner.handle_exception_if_needed(result)
  File "/home/airflow/.local/lib/python3.10/site-packages/cosmos/dbt/runner.py", line 156, in handle_exception_if_needed
    raise CosmosDbtRunError(f"dbt invocation completed with errors: {error_message}")
cosmos.exceptions.CosmosDbtRunError: dbt invocation completed with errors: dim_dates: Database Error in model dim_dates (models/marts/dim_dates.sql)
  TrinoExternalError(type=EXTERNAL, name=ICEBERG_CATALOG_ERROR, message="Failed to load view 'stg__consumer_complaints@etl_20260716_000000'", query_id=20260717_024153_00038_g2qir)
  compiled code at target/run/consumer_complaints_transformation/models/marts/dim_dates.sql
[2026-07-17T02:41:55.292+0000] {_client.py:1026} INFO - HTTP Request: GET https://astronomer.gateway.scarf.sh/astronomer-cosmos/v3/task_instance?cosmos_version=1.15.0&airflow_version=2.10.2&python_version=3.10.15&platform_system=Linux&platform_machine=x86_64&status=failed&operator_name=DbtRunLocalOperator&is_cosmos_operator_subclass=False&invocation_mode=dbt_runner&execution_mode=local&profile_strategy=yaml_file&profile_mapping_class=None&database=trino&is_mapped_task=False&dbt_command=run&install_deps=True&has_callback=False&duration=25.599706 "HTTP/1.1 200 OK"
[2026-07-17T02:41:55.295+0000] {taskinstance.py:1225} INFO - Marking task as UP_FOR_RETRY. dag_id=wap_consumer_complaints_pipeline, task_id=dbt_transform.dim_dates.run, run_id=scheduled__2026-07-16T00:00:00+00:00, execution_date=20260716T000000, start_date=20260717T024129, end_date=20260717T024154
[2026-07-17T02:41:55.313+0000] {taskinstance.py:340} INFO - ::group::Post task execution logs
[2026-07-17T02:41:55.315+0000] {standard_task_runner.py:124} ERROR - Failed to execute job 13 for task dbt_transform.dim_dates.run (dbt invocation completed with errors: dim_dates: Database Error in model dim_dates (models/marts/dim_dates.sql)
  TrinoExternalError(type=EXTERNAL, name=ICEBERG_CATALOG_ERROR, message="Failed to load view 'stg__consumer_complaints@etl_20260716_000000'", query_id=20260717_024153_00038_g2qir)
  compiled code at target/run/consumer_complaints_transformation/models/marts/dim_dates.sql; 948)
Traceback (most recent call last):
  File "/home/airflow/.local/lib/python3.10/site-packages/airflow/task/task_runner/standard_task_runner.py", line 117, in _start_by_fork
    ret = args.func(args, dag=self.dag)
  File "/home/airflow/.local/lib/python3.10/site-packages/airflow/cli/cli_config.py", line 49, in command
    return func(*args, **kwargs)
  File "/home/airflow/.local/lib/python3.10/site-packages/airflow/utils/cli.py", line 115, in wrapper
    return f(*args, **kwargs)
  File "/home/airflow/.local/lib/python3.10/site-packages/airflow/cli/commands/task_command.py", line 483, in task_run
    task_return_code = _run_task_by_selected_method(args, _dag, ti)
  File "/home/airflow/.local/lib/python3.10/site-packages/airflow/cli/commands/task_command.py", line 256, in _run_task_by_selected_method
    return _run_raw_task(args, ti)
  File "/home/airflow/.local/lib/python3.10/site-packages/airflow/cli/commands/task_command.py", line 341, in _run_raw_task
    return ti._run_raw_task(
  File "/home/airflow/.local/lib/python3.10/site-packages/airflow/utils/session.py", line 97, in wrapper
    return func(*args, session=session, **kwargs)
  File "/home/airflow/.local/lib/python3.10/site-packages/airflow/models/taskinstance.py", line 3004, in _run_raw_task
    return _run_raw_task(
  File "/home/airflow/.local/lib/python3.10/site-packages/airflow/models/taskinstance.py", line 273, in _run_raw_task
    TaskInstance._execute_task_with_callbacks(
  File "/home/airflow/.local/lib/python3.10/site-packages/airflow/models/taskinstance.py", line 3158, in _execute_task_with_callbacks
    result = self._execute_task(context, task_orig)
  File "/home/airflow/.local/lib/python3.10/site-packages/airflow/models/taskinstance.py", line 3182, in _execute_task
    return _execute_task(self, context, task_orig)
  File "/home/airflow/.local/lib/python3.10/site-packages/airflow/models/taskinstance.py", line 767, in _execute_task
    result = _execute_callable(context=context, **execute_callable_kwargs)
  File "/home/airflow/.local/lib/python3.10/site-packages/airflow/models/taskinstance.py", line 733, in _execute_callable
    return ExecutionCallableRunner(
  File "/home/airflow/.local/lib/python3.10/site-packages/airflow/utils/operator_helpers.py", line 252, in run
    return self.func(*args, **kwargs)
  File "/home/airflow/.local/lib/python3.10/site-packages/cosmos/operators/base.py", line 346, in execute
    self.build_and_run_cmd(context=context, cmd_flags=self.add_cmd_flags(), **kwargs)
  File "/home/airflow/.local/lib/python3.10/site-packages/cosmos/operators/local.py", line 968, in build_and_run_cmd
    result = self.run_command(
  File "/home/airflow/.local/lib/python3.10/site-packages/cosmos/operators/local.py", line 743, in run_command
    self.handle_exception(result)
  File "/home/airflow/.local/lib/python3.10/site-packages/cosmos/operators/local.py", line 308, in handle_exception_dbt_runner
    return dbt_runner.handle_exception_if_needed(result)
  File "/home/airflow/.local/lib/python3.10/site-packages/cosmos/dbt/runner.py", line 156, in handle_exception_if_needed
    raise CosmosDbtRunError(f"dbt invocation completed with errors: {error_message}")
cosmos.exceptions.CosmosDbtRunError: dbt invocation completed with errors: dim_dates: Database Error in model dim_dates (models/marts/dim_dates.sql)
  TrinoExternalError(type=EXTERNAL, name=ICEBERG_CATALOG_ERROR, message="Failed to load view 'stg__consumer_complaints@etl_20260716_000000'", query_id=20260717_024153_00038_g2qir)
  compiled code at target/run/consumer_complaints_transformation/models/marts/dim_dates.sql
[2026-07-17T02:41:55.360+0000] {local_task_job_runner.py:266} INFO - Task exited with return code 1
[2026-07-17T02:41:55.395+0000] {taskinstance.py:3900} INFO - 0 downstream tasks scheduled from follow-on schedule check
[2026-07-17T02:41:55.399+0000] {local_task_job_runner.py:245} INFO - ::endgroup::
[2026-07-17T02:54:53.193+0000] {local_task_job_runner.py:123} INFO - ::group::Pre task execution logs
[2026-07-17T02:54:53.224+0000] {taskinstance.py:2612} INFO - Dependencies all met for dep_context=non-requeueable deps ti=<TaskInstance: wap_consumer_complaints_pipeline.dbt_transform.dim_dates.run scheduled__2026-07-16T00:00:00+00:00 [queued]>
[2026-07-17T02:54:53.239+0000] {taskinstance.py:2612} INFO - Dependencies all met for dep_context=requeueable deps ti=<TaskInstance: wap_consumer_complaints_pipeline.dbt_transform.dim_dates.run scheduled__2026-07-16T00:00:00+00:00 [queued]>
[2026-07-17T02:54:53.241+0000] {taskinstance.py:2865} INFO - Starting attempt 1 of 2
[2026-07-17T02:54:53.259+0000] {taskinstance.py:2888} INFO - Executing <Task(DbtRunLocalOperator): dbt_transform.dim_dates.run> on 2026-07-16 00:00:00+00:00
[2026-07-17T02:54:53.267+0000] {standard_task_runner.py:72} INFO - Started process 1038 to run task
[2026-07-17T02:54:53.281+0000] {standard_task_runner.py:104} INFO - Running: ['airflow', 'tasks', 'run', 'wap_consumer_complaints_pipeline', 'dbt_transform.dim_dates.run', 'scheduled__2026-07-16T00:00:00+00:00', '--job-id', '15', '--raw', '--subdir', 'DAGS_FOLDER/wap_consumer_complaints_pipeline.py', '--cfg-path', '/tmp/tmpt81jq852']
[2026-07-17T02:54:53.284+0000] {standard_task_runner.py:105} INFO - Job 15: Subtask dbt_transform.dim_dates.run
[2026-07-17T02:54:53.394+0000] {task_command.py:467} INFO - Running <TaskInstance: wap_consumer_complaints_pipeline.dbt_transform.dim_dates.run scheduled__2026-07-16T00:00:00+00:00 [running]> on host e3287f191908
[2026-07-17T02:54:53.546+0000] {taskinstance.py:3131} INFO - Exporting env vars: AIRFLOW_CTX_DAG_OWNER='data_engineer' AIRFLOW_CTX_DAG_ID='wap_consumer_complaints_pipeline' AIRFLOW_CTX_TASK_ID='dbt_transform.dim_dates.run' AIRFLOW_CTX_EXECUTION_DATE='2026-07-16T00:00:00+00:00' AIRFLOW_CTX_TRY_NUMBER='1' AIRFLOW_CTX_DAG_RUN_ID='scheduled__2026-07-16T00:00:00+00:00'
[2026-07-17T02:54:53.551+0000] {taskinstance.py:731} INFO - ::endgroup::
[2026-07-17T02:54:55.273+0000] {local.py:294} INFO - dbtRunner is available. Using dbtRunner for invoking dbt.
[2026-07-17T02:54:55.275+0000] {local.py:518} INFO - Cloning project to writable temp directory /tmp/tmp9dhydbny from /opt/airflow/dbt_transform
[2026-07-17T02:54:55.294+0000] {local.py:538} INFO - Partial parse is enabled and the latest partial parse file is /tmp/cosmos/wap_consumer_complaints_pipeline__dbt_transform/target/partial_parse.msgpack
[2026-07-17T02:54:55.309+0000] {config.py:395} INFO - Using user-supplied profiles.yml at /opt/airflow/dbt_transform/profiles.yml
[2026-07-17T02:54:55.324+0000] {runner.py:95} INFO - Trying to run dbtRunner with:
 ['deps', '--project-dir', '/tmp/tmp9dhydbny', '--profiles-dir', '/opt/airflow/dbt_transform', '--profile', 'lakehouse_dbt', '--target', 'dev', '--no-static-parser']
 in /tmp/tmp9dhydbny
[2026-07-17T02:54:55.440+0000] {logging_mixin.py:190} INFO - 02:54:55  Running with dbt=1.8.8
[2026-07-17T02:54:55.612+0000] {converter.py:314} INFO - ::group::Cosmos DAG parsing logs
[2026-07-17T02:54:55.617+0000] {graph.py:869} INFO - Trying to parse the dbt project using dbt ls cache cosmos_cache__dbt_silver_gold_incremental__transform_silver...
[2026-07-17T02:54:58.033+0000] {cache.py:383} INFO - Cosmos performance: time to calculate cache identifier cosmos_cache__dbt_silver_gold_incremental__transform_silver for current version: 2.4030843719999666
[2026-07-17T02:54:58.035+0000] {graph.py:886} INFO - Cosmos performance [e3287f191908|1038]: The cache size for cosmos_cache__dbt_silver_gold_incremental__transform_silver is 5960
[2026-07-17T02:54:58.037+0000] {graph.py:898} INFO - Cosmos performance: Cache hit for cosmos_cache__dbt_silver_gold_incremental__transform_silver - e0ec0cb5a1bebdb5ac7da9a4d415ea9d,5e34606eb5f2b3dea81a8e19fa3ba138
[2026-07-17T02:54:58.038+0000] {graph.py:799} INFO - Total nodes: 7
[2026-07-17T02:54:58.040+0000] {graph.py:800} INFO - Total filtered nodes: 7
[2026-07-17T02:54:58.042+0000] {converter.py:361} INFO - Cosmos performance (dbt_silver_gold_incremental__transform_silver) - [e3287f191908|1038]: It took 2.42s to parse the dbt project for DAG using dbt_ls_cache
[2026-07-17T02:54:58.059+0000] {converter.py:413} INFO - Cosmos performance (dbt_silver_gold_incremental__transform_silver) - [e3287f191908|1038]: It took 0.0166s to build the Airflow DAG.
[2026-07-17T02:54:58.060+0000] {converter.py:420} INFO - ::endgroup::Cosmos DAG parsing logs
[2026-07-17T02:54:58.062+0000] {converter.py:314} INFO - ::group::Cosmos DAG parsing logs
[2026-07-17T02:54:58.067+0000] {graph.py:869} INFO - Trying to parse the dbt project using dbt ls cache cosmos_cache__dbt_silver_gold_incremental__transform_gold...
[2026-07-17T02:55:00.488+0000] {cache.py:383} INFO - Cosmos performance: time to calculate cache identifier cosmos_cache__dbt_silver_gold_incremental__transform_gold for current version: 2.405882663
[2026-07-17T02:55:00.490+0000] {graph.py:886} INFO - Cosmos performance [e3287f191908|1038]: The cache size for cosmos_cache__dbt_silver_gold_incremental__transform_gold is 35986
[2026-07-17T02:55:00.493+0000] {graph.py:898} INFO - Cosmos performance: Cache hit for cosmos_cache__dbt_silver_gold_incremental__transform_gold - e0ec0cb5a1bebdb5ac7da9a4d415ea9d,304321e940a9403dceb380589bd0566f
[2026-07-17T02:55:00.495+0000] {graph.py:799} INFO - Total nodes: 39
[2026-07-17T02:55:00.496+0000] {graph.py:800} INFO - Total filtered nodes: 39
[2026-07-17T02:55:00.498+0000] {converter.py:361} INFO - Cosmos performance (dbt_silver_gold_incremental__transform_gold) - [e3287f191908|1038]: It took 2.43s to parse the dbt project for DAG using dbt_ls_cache
[2026-07-17T02:55:00.543+0000] {converter.py:413} INFO - Cosmos performance (dbt_silver_gold_incremental__transform_gold) - [e3287f191908|1038]: It took 0.045s to build the Airflow DAG.
[2026-07-17T02:55:00.545+0000] {converter.py:420} INFO - ::endgroup::Cosmos DAG parsing logs
[2026-07-17T02:55:00.548+0000] {converter.py:314} INFO - ::group::Cosmos DAG parsing logs
[2026-07-17T02:55:00.552+0000] {graph.py:869} INFO - Trying to parse the dbt project using dbt ls cache cosmos_cache__dbt_silver_gold_full_load__transform_silver...
[2026-07-17T02:55:02.860+0000] {cache.py:383} INFO - Cosmos performance: time to calculate cache identifier cosmos_cache__dbt_silver_gold_full_load__transform_silver for current version: 2.2926648060000048
[2026-07-17T02:55:02.862+0000] {graph.py:886} INFO - Cosmos performance [e3287f191908|1038]: The cache size for cosmos_cache__dbt_silver_gold_full_load__transform_silver is 5960
[2026-07-17T02:55:02.864+0000] {graph.py:898} INFO - Cosmos performance: Cache hit for cosmos_cache__dbt_silver_gold_full_load__transform_silver - e0ec0cb5a1bebdb5ac7da9a4d415ea9d,5e34606eb5f2b3dea81a8e19fa3ba138
[2026-07-17T02:55:02.866+0000] {graph.py:799} INFO - Total nodes: 7
[2026-07-17T02:55:02.868+0000] {graph.py:800} INFO - Total filtered nodes: 7
[2026-07-17T02:55:02.869+0000] {converter.py:361} INFO - Cosmos performance (dbt_silver_gold_full_load__transform_silver) - [e3287f191908|1038]: It took 2.32s to parse the dbt project for DAG using dbt_ls_cache
[2026-07-17T02:55:02.882+0000] {converter.py:413} INFO - Cosmos performance (dbt_silver_gold_full_load__transform_silver) - [e3287f191908|1038]: It took 0.0125s to build the Airflow DAG.
[2026-07-17T02:55:02.883+0000] {converter.py:420} INFO - ::endgroup::Cosmos DAG parsing logs
[2026-07-17T02:55:02.885+0000] {converter.py:314} INFO - ::group::Cosmos DAG parsing logs
[2026-07-17T02:55:02.889+0000] {graph.py:869} INFO - Trying to parse the dbt project using dbt ls cache cosmos_cache__dbt_silver_gold_full_load__transform_gold...
[2026-07-17T02:55:05.058+0000] {cache.py:383} INFO - Cosmos performance: time to calculate cache identifier cosmos_cache__dbt_silver_gold_full_load__transform_gold for current version: 2.1570879669999954
[2026-07-17T02:55:05.060+0000] {graph.py:886} INFO - Cosmos performance [e3287f191908|1038]: The cache size for cosmos_cache__dbt_silver_gold_full_load__transform_gold is 35986
[2026-07-17T02:55:05.063+0000] {graph.py:898} INFO - Cosmos performance: Cache hit for cosmos_cache__dbt_silver_gold_full_load__transform_gold - e0ec0cb5a1bebdb5ac7da9a4d415ea9d,304321e940a9403dceb380589bd0566f
[2026-07-17T02:55:05.064+0000] {graph.py:799} INFO - Total nodes: 39
[2026-07-17T02:55:05.066+0000] {graph.py:800} INFO - Total filtered nodes: 39
[2026-07-17T02:55:05.067+0000] {converter.py:361} INFO - Cosmos performance (dbt_silver_gold_full_load__transform_gold) - [e3287f191908|1038]: It took 2.18s to parse the dbt project for DAG using dbt_ls_cache
[2026-07-17T02:55:05.111+0000] {converter.py:413} INFO - Cosmos performance (dbt_silver_gold_full_load__transform_gold) - [e3287f191908|1038]: It took 0.0441s to build the Airflow DAG.
[2026-07-17T02:55:05.112+0000] {converter.py:420} INFO - ::endgroup::Cosmos DAG parsing logs
[2026-07-17T02:55:05.833+0000] {logging_mixin.py:190} INFO - 02:55:05  Installing dbt-labs/dbt_utils
[2026-07-17T02:55:06.453+0000] {logging_mixin.py:190} INFO - 02:55:06  Installed from version 1.3.0
[2026-07-17T02:55:06.455+0000] {logging_mixin.py:190} INFO - 02:55:06  Updated version available: 1.4.1
[2026-07-17T02:55:06.458+0000] {logging_mixin.py:190} INFO - 02:55:06  Installing metaplane/dbt_expectations
[2026-07-17T02:55:07.403+0000] {logging_mixin.py:190} INFO - 02:55:07  Installed from version 0.10.8
[2026-07-17T02:55:07.405+0000] {logging_mixin.py:190} INFO - 02:55:07  Updated version available: 0.10.10
[2026-07-17T02:55:07.408+0000] {logging_mixin.py:190} INFO - 02:55:07  Installing godatadriven/dbt_date
[2026-07-17T02:55:07.962+0000] {logging_mixin.py:190} INFO - 02:55:07  Installed from version 0.15.0
[2026-07-17T02:55:07.964+0000] {logging_mixin.py:190} INFO - 02:55:07  Up to date!
[2026-07-17T02:55:07.966+0000] {logging_mixin.py:190} INFO - 02:55:07
[2026-07-17T02:55:07.968+0000] {logging_mixin.py:190} INFO - 02:55:07  Updates available for packages: ['dbt-labs/dbt_utils', 'metaplane/dbt_expectations']                 
Update your versions in packages.yml, then run dbt deps
[2026-07-17T02:55:09.219+0000] {runner.py:95} INFO - Trying to run dbtRunner with:
 ['run', '--select', 'fqn:consumer_complaints_transformation.marts.dim_dates', '--project-dir', '/tmp/tmp9dhydbny', '--profiles-dir', '/opt/airflow/dbt_transform', '--profile', 'lakehouse_dbt', '--target', 'dev', '--no-static-parser']
 in /tmp/tmp9dhydbny
[2026-07-17T02:55:09.243+0000] {logging_mixin.py:190} INFO - 02:55:09  Running with dbt=1.8.8
[2026-07-17T02:55:09.269+0000] {auth.py:343} INFO - keyring module not found. OAuth2 token will not be stored in keyring.
[2026-07-17T02:55:09.274+0000] {auth.py:343} INFO - keyring module not found. OAuth2 token will not be stored in keyring.
[2026-07-17T02:55:09.422+0000] {logging_mixin.py:190} INFO - 02:55:09  Registered adapter: trino=1.8.5
[2026-07-17T02:55:10.182+0000] {logging_mixin.py:190} INFO - 02:55:10  Unable to do partial parsing because change detected to override macro. Starting full parse.
[2026-07-17T02:55:12.707+0000] {logging_mixin.py:190} INFO - 02:55:12  [WARNING]: Deprecated functionality
The `tests` config has been renamed to `data_tests`. Please see
https://docs.getdbt.com/docs/build/data-tests#new-data_tests-syntax for more
information.
[2026-07-17T02:55:14.055+0000] {logging_mixin.py:190} INFO - 02:55:14  Found 8 models, 40 data tests, 1 source, 9 metrics, 839 macros, 5 semantic models
[2026-07-17T02:55:14.064+0000] {logging_mixin.py:190} INFO - 02:55:14
[2026-07-17T02:55:14.127+0000] {logging_mixin.py:190} INFO - 02:55:14  [WARNING]: SSL certificate validation is disabled by default. It is legacy behavior which will be changed in future releases. It is strongly advised to enable `require_certificate_validation` flag or explicitly set `cert` configuration to `True` for security reasons. You may receive an error after that if your SSL setup is incorrect.
You may opt into the new behavior sooner by setting `flags.require_certificate_validation` to `True` in `dbt_project.yml`.
Visit https://docs.getdbt.com/reference/global-configs/behavior-changes for more information.
[2026-07-17T02:55:15.449+0000] {logging_mixin.py:190} INFO - 02:55:15  Concurrency: 1 threads (target='dev')
[2026-07-17T02:55:15.453+0000] {logging_mixin.py:190} INFO - 02:55:15
[2026-07-17T02:55:15.462+0000] {logging_mixin.py:190} INFO - 02:55:15  1 of 1 START sql table model gold.dim_dates@etl_20260716_000000 ................ [RUN]
[2026-07-17T02:55:15.634+0000] {logging_mixin.py:190} INFO - 02:55:15  1 of 1 ERROR creating sql table model gold.dim_dates@etl_20260716_000000 ....... [ERROR in 0.17s]
[2026-07-17T02:55:15.649+0000] {logging_mixin.py:190} INFO - 02:55:15
[2026-07-17T02:55:15.652+0000] {logging_mixin.py:190} INFO - 02:55:15  Finished running 1 table model in 0 hours 0 minutes and 1.58 seconds (1.58s).
[2026-07-17T02:55:15.757+0000] {logging_mixin.py:190} INFO - 02:55:15
[2026-07-17T02:55:15.766+0000] {logging_mixin.py:190} INFO - 02:55:15  Completed with 1 error and 0 warnings:
[2026-07-17T02:55:15.772+0000] {logging_mixin.py:190} INFO - 02:55:15
[2026-07-17T02:55:15.781+0000] {logging_mixin.py:190} INFO - 02:55:15    Database Error in model dim_dates (models/marts/dim_dates.sql)
  TrinoExternalError(type=EXTERNAL, name=ICEBERG_CATALOG_ERROR, message="Failed to load view 'stg__consumer_complaints@etl_20260716_000000'", query_id=20260717_025515_00026_dskgu)
  compiled code at target/run/consumer_complaints_transformation/models/marts/dim_dates.sql
[2026-07-17T02:55:15.787+0000] {logging_mixin.py:190} INFO - 02:55:15
[2026-07-17T02:55:15.792+0000] {logging_mixin.py:190} INFO - 02:55:15  Done. PASS=0 WARN=0 ERROR=1 SKIP=0 TOTAL=1
[2026-07-17T02:55:17.109+0000] {local.py:196} WARNING - Artifact schema version: https://schemas.getdbt.com/dbt/manifest/v12.json is above dbt-ol supported version 7. This might cause errors.
[2026-07-17T02:55:17.117+0000] {local.py:594} INFO - Inlets: []
[2026-07-17T02:55:17.119+0000] {local.py:595} INFO - Outlets: []
[2026-07-17T02:55:17.122+0000] {local.py:886} INFO - Assigning inlets/outlets with DatasetAlias in Airflow 2
[2026-07-17T02:55:17.159+0000] {taskinstance.py:3310} ERROR - Task failed with exception
Traceback (most recent call last):
  File "/home/airflow/.local/lib/python3.10/site-packages/airflow/models/taskinstance.py", line 767, in _execute_task
    result = _execute_callable(context=context, **execute_callable_kwargs)
  File "/home/airflow/.local/lib/python3.10/site-packages/airflow/models/taskinstance.py", line 733, in _execute_callable
    return ExecutionCallableRunner(
  File "/home/airflow/.local/lib/python3.10/site-packages/airflow/utils/operator_helpers.py", line 252, in run
    return self.func(*args, **kwargs)
  File "/home/airflow/.local/lib/python3.10/site-packages/cosmos/operators/base.py", line 346, in execute
    self.build_and_run_cmd(context=context, cmd_flags=self.add_cmd_flags(), **kwargs)
  File "/home/airflow/.local/lib/python3.10/site-packages/cosmos/operators/local.py", line 968, in build_and_run_cmd
    result = self.run_command(
  File "/home/airflow/.local/lib/python3.10/site-packages/cosmos/operators/local.py", line 743, in run_command
    self.handle_exception(result)
  File "/home/airflow/.local/lib/python3.10/site-packages/cosmos/operators/local.py", line 308, in handle_exception_dbt_runner
    return dbt_runner.handle_exception_if_needed(result)
  File "/home/airflow/.local/lib/python3.10/site-packages/cosmos/dbt/runner.py", line 156, in handle_exception_if_needed
    raise CosmosDbtRunError(f"dbt invocation completed with errors: {error_message}")
cosmos.exceptions.CosmosDbtRunError: dbt invocation completed with errors: dim_dates: Database Error in model dim_dates (models/marts/dim_dates.sql)
  TrinoExternalError(type=EXTERNAL, name=ICEBERG_CATALOG_ERROR, message="Failed to load view 'stg__consumer_complaints@etl_20260716_000000'", query_id=20260717_025515_00026_dskgu)
  compiled code at target/run/consumer_complaints_transformation/models/marts/dim_dates.sql
[2026-07-17T02:55:18.055+0000] {_client.py:1026} INFO - HTTP Request: GET https://astronomer.gateway.scarf.sh/astronomer-cosmos/v3/task_instance?cosmos_version=1.15.0&airflow_version=2.10.2&python_version=3.10.15&platform_system=Linux&platform_machine=x86_64&status=failed&operator_name=DbtRunLocalOperator&is_cosmos_operator_subclass=False&invocation_mode=dbt_runner&execution_mode=local&profile_strategy=yaml_file&profile_mapping_class=None&database=trino&is_mapped_task=False&dbt_command=run&install_deps=True&has_callback=False&duration=23.953102 "HTTP/1.1 200 OK"
[2026-07-17T02:55:18.058+0000] {taskinstance.py:1225} INFO - Marking task as UP_FOR_RETRY. dag_id=wap_consumer_complaints_pipeline, task_id=dbt_transform.dim_dates.run, run_id=scheduled__2026-07-16T00:00:00+00:00, execution_date=20260716T000000, start_date=20260717T025453, end_date=20260717T025517
[2026-07-17T02:55:18.093+0000] {taskinstance.py:340} INFO - ::group::Post task execution logs
[2026-07-17T02:55:18.094+0000] {standard_task_runner.py:124} ERROR - Failed to execute job 15 for task dbt_transform.dim_dates.run (dbt invocation completed with errors: dim_dates: Database Error in model dim_dates (models/marts/dim_dates.sql)
  TrinoExternalError(type=EXTERNAL, name=ICEBERG_CATALOG_ERROR, message="Failed to load view 'stg__consumer_complaints@etl_20260716_000000'", query_id=20260717_025515_00026_dskgu)
  compiled code at target/run/consumer_complaints_transformation/models/marts/dim_dates.sql; 1038)
Traceback (most recent call last):
  File "/home/airflow/.local/lib/python3.10/site-packages/airflow/task/task_runner/standard_task_runner.py", line 117, in _start_by_fork
    ret = args.func(args, dag=self.dag)
  File "/home/airflow/.local/lib/python3.10/site-packages/airflow/cli/cli_config.py", line 49, in command
    return func(*args, **kwargs)
  File "/home/airflow/.local/lib/python3.10/site-packages/airflow/utils/cli.py", line 115, in wrapper
    return f(*args, **kwargs)
  File "/home/airflow/.local/lib/python3.10/site-packages/airflow/cli/commands/task_command.py", line 483, in task_run
    task_return_code = _run_task_by_selected_method(args, _dag, ti)
  File "/home/airflow/.local/lib/python3.10/site-packages/airflow/cli/commands/task_command.py", line 256, in _run_task_by_selected_method
    return _run_raw_task(args, ti)
  File "/home/airflow/.local/lib/python3.10/site-packages/airflow/cli/commands/task_command.py", line 341, in _run_raw_task
    return ti._run_raw_task(
  File "/home/airflow/.local/lib/python3.10/site-packages/airflow/utils/session.py", line 97, in wrapper
    return func(*args, session=session, **kwargs)
  File "/home/airflow/.local/lib/python3.10/site-packages/airflow/models/taskinstance.py", line 3004, in _run_raw_task
    return _run_raw_task(
  File "/home/airflow/.local/lib/python3.10/site-packages/airflow/models/taskinstance.py", line 273, in _run_raw_task
    TaskInstance._execute_task_with_callbacks(
  File "/home/airflow/.local/lib/python3.10/site-packages/airflow/models/taskinstance.py", line 3158, in _execute_task_with_callbacks
    result = self._execute_task(context, task_orig)
  File "/home/airflow/.local/lib/python3.10/site-packages/airflow/models/taskinstance.py", line 3182, in _execute_task
    return _execute_task(self, context, task_orig)
  File "/home/airflow/.local/lib/python3.10/site-packages/airflow/models/taskinstance.py", line 767, in _execute_task
    result = _execute_callable(context=context, **execute_callable_kwargs)
  File "/home/airflow/.local/lib/python3.10/site-packages/airflow/models/taskinstance.py", line 733, in _execute_callable
    return ExecutionCallableRunner(
  File "/home/airflow/.local/lib/python3.10/site-packages/airflow/utils/operator_helpers.py", line 252, in run
    return self.func(*args, **kwargs)
  File "/home/airflow/.local/lib/python3.10/site-packages/cosmos/operators/base.py", line 346, in execute
    self.build_and_run_cmd(context=context, cmd_flags=self.add_cmd_flags(), **kwargs)
  File "/home/airflow/.local/lib/python3.10/site-packages/cosmos/operators/local.py", line 968, in build_and_run_cmd
    result = self.run_command(
  File "/home/airflow/.local/lib/python3.10/site-packages/cosmos/operators/local.py", line 743, in run_command
    self.handle_exception(result)
  File "/home/airflow/.local/lib/python3.10/site-packages/cosmos/operators/local.py", line 308, in handle_exception_dbt_runner
    return dbt_runner.handle_exception_if_needed(result)
  File "/home/airflow/.local/lib/python3.10/site-packages/cosmos/dbt/runner.py", line 156, in handle_exception_if_needed
    raise CosmosDbtRunError(f"dbt invocation completed with errors: {error_message}")
cosmos.exceptions.CosmosDbtRunError: dbt invocation completed with errors: dim_dates: Database Error in model dim_dates (models/marts/dim_dates.sql)
  TrinoExternalError(type=EXTERNAL, name=ICEBERG_CATALOG_ERROR, message="Failed to load view 'stg__consumer_complaints@etl_20260716_000000'", query_id=20260717_025515_00026_dskgu)
  compiled code at target/run/consumer_complaints_transformation/models/marts/dim_dates.sql
[2026-07-17T02:55:18.127+0000] {local_task_job_runner.py:266} INFO - Task exited with return code 1
[2026-07-17T02:55:18.168+0000] {taskinstance.py:3900} INFO - 0 downstream tasks scheduled from follow-on schedule check
[2026-07-17T02:55:18.172+0000] {local_task_job_runner.py:245} INFO - ::endgroup::
[2026-07-17T03:05:48.997+0000] {local_task_job_runner.py:123} INFO - ::group::Pre task execution logs
[2026-07-17T03:05:49.022+0000] {taskinstance.py:2612} INFO - Dependencies all met for dep_context=non-requeueable deps ti=<TaskInstance: wap_consumer_complaints_pipeline.dbt_transform.dim_dates.run scheduled__2026-07-16T00:00:00+00:00 [queued]>
[2026-07-17T03:05:49.036+0000] {taskinstance.py:2612} INFO - Dependencies all met for dep_context=requeueable deps ti=<TaskInstance: wap_consumer_complaints_pipeline.dbt_transform.dim_dates.run scheduled__2026-07-16T00:00:00+00:00 [queued]>
[2026-07-17T03:05:49.038+0000] {taskinstance.py:2865} INFO - Starting attempt 1 of 2
[2026-07-17T03:05:49.071+0000] {taskinstance.py:2888} INFO - Executing <Task(DbtRunLocalOperator): dbt_transform.dim_dates.run> on 2026-07-16 00:00:00+00:00
[2026-07-17T03:05:49.080+0000] {standard_task_runner.py:72} INFO - Started process 950 to run task
[2026-07-17T03:05:49.083+0000] {standard_task_runner.py:104} INFO - Running: ['airflow', 'tasks', 'run', 'wap_consumer_complaints_pipeline', 'dbt_transform.dim_dates.run', 'scheduled__2026-07-16T00:00:00+00:00', '--job-id', '15', '--raw', '--subdir', 'DAGS_FOLDER/wap_consumer_complaints_pipeline.py', '--cfg-path', '/tmp/tmpy4yw9dqe']
[2026-07-17T03:05:49.087+0000] {standard_task_runner.py:105} INFO - Job 15: Subtask dbt_transform.dim_dates.run
[2026-07-17T03:05:49.180+0000] {task_command.py:467} INFO - Running <TaskInstance: wap_consumer_complaints_pipeline.dbt_transform.dim_dates.run scheduled__2026-07-16T00:00:00+00:00 [running]> on host a3cdeedf1561
[2026-07-17T03:05:49.323+0000] {taskinstance.py:3131} INFO - Exporting env vars: AIRFLOW_CTX_DAG_OWNER='data_engineer' AIRFLOW_CTX_DAG_ID='wap_consumer_complaints_pipeline' AIRFLOW_CTX_TASK_ID='dbt_transform.dim_dates.run' AIRFLOW_CTX_EXECUTION_DATE='2026-07-16T00:00:00+00:00' AIRFLOW_CTX_TRY_NUMBER='1' AIRFLOW_CTX_DAG_RUN_ID='scheduled__2026-07-16T00:00:00+00:00'
[2026-07-17T03:05:49.326+0000] {taskinstance.py:731} INFO - ::endgroup::
[2026-07-17T03:05:51.079+0000] {local.py:294} INFO - dbtRunner is available. Using dbtRunner for invoking dbt.
[2026-07-17T03:05:51.086+0000] {local.py:518} INFO - Cloning project to writable temp directory /tmp/tmpqdpfpcyj from /opt/airflow/dbt_transform
[2026-07-17T03:05:51.105+0000] {local.py:538} INFO - Partial parse is enabled and the latest partial parse file is /tmp/cosmos/wap_consumer_complaints_pipeline__dbt_transform/target/partial_parse.msgpack
[2026-07-17T03:05:51.124+0000] {config.py:395} INFO - Using user-supplied profiles.yml at /opt/airflow/dbt_transform/profiles.yml
[2026-07-17T03:05:51.137+0000] {runner.py:95} INFO - Trying to run dbtRunner with:
 ['deps', '--project-dir', '/tmp/tmpqdpfpcyj', '--profiles-dir', '/opt/airflow/dbt_transform', '--profile', 'lakehouse_dbt', '--target', 'dev', '--no-static-parser']
 in /tmp/tmpqdpfpcyj
[2026-07-17T03:05:51.243+0000] {logging_mixin.py:190} INFO - 03:05:51  Running with dbt=1.8.8
[2026-07-17T03:05:51.425+0000] {converter.py:314} INFO - ::group::Cosmos DAG parsing logs
[2026-07-17T03:05:51.430+0000] {graph.py:869} INFO - Trying to parse the dbt project using dbt ls cache cosmos_cache__dbt_silver_gold_incremental__transform_silver...
[2026-07-17T03:05:54.876+0000] {cache.py:383} INFO - Cosmos performance: time to calculate cache identifier cosmos_cache__dbt_silver_gold_incremental__transform_silver for current version: 3.431026012999837
[2026-07-17T03:05:54.877+0000] {graph.py:886} INFO - Cosmos performance [a3cdeedf1561|950]: The cache size for cosmos_cache__dbt_silver_gold_incremental__transform_silver is 5960
[2026-07-17T03:05:54.879+0000] {graph.py:898} INFO - Cosmos performance: Cache hit for cosmos_cache__dbt_silver_gold_incremental__transform_silver - cf20e5a95ed324994dc72c47d0c54e47,5e34606eb5f2b3dea81a8e19fa3ba138
[2026-07-17T03:05:54.880+0000] {graph.py:799} INFO - Total nodes: 7
[2026-07-17T03:05:54.881+0000] {graph.py:800} INFO - Total filtered nodes: 7
[2026-07-17T03:05:54.882+0000] {converter.py:361} INFO - Cosmos performance (dbt_silver_gold_incremental__transform_silver) - [a3cdeedf1561|950]: It took 3.45s to parse the dbt project for DAG using dbt_ls_cache
[2026-07-17T03:05:54.896+0000] {converter.py:413} INFO - Cosmos performance (dbt_silver_gold_incremental__transform_silver) - [a3cdeedf1561|950]: It took 0.0142s to build the Airflow DAG.
[2026-07-17T03:05:54.898+0000] {converter.py:420} INFO - ::endgroup::Cosmos DAG parsing logs
[2026-07-17T03:05:54.899+0000] {converter.py:314} INFO - ::group::Cosmos DAG parsing logs
[2026-07-17T03:05:54.903+0000] {graph.py:869} INFO - Trying to parse the dbt project using dbt ls cache cosmos_cache__dbt_silver_gold_incremental__transform_gold...
[2026-07-17T03:05:57.361+0000] {cache.py:383} INFO - Cosmos performance: time to calculate cache identifier cosmos_cache__dbt_silver_gold_incremental__transform_gold for current version: 2.4455150989999765
[2026-07-17T03:05:57.362+0000] {graph.py:886} INFO - Cosmos performance [a3cdeedf1561|950]: The cache size for cosmos_cache__dbt_silver_gold_incremental__transform_gold is 35986
[2026-07-17T03:05:57.365+0000] {graph.py:898} INFO - Cosmos performance: Cache hit for cosmos_cache__dbt_silver_gold_incremental__transform_gold - cf20e5a95ed324994dc72c47d0c54e47,304321e940a9403dceb380589bd0566f
[2026-07-17T03:05:57.366+0000] {graph.py:799} INFO - Total nodes: 39
[2026-07-17T03:05:57.368+0000] {graph.py:800} INFO - Total filtered nodes: 39
[2026-07-17T03:05:57.369+0000] {converter.py:361} INFO - Cosmos performance (dbt_silver_gold_incremental__transform_gold) - [a3cdeedf1561|950]: It took 2.47s to parse the dbt project for DAG using dbt_ls_cache
[2026-07-17T03:05:57.422+0000] {converter.py:413} INFO - Cosmos performance (dbt_silver_gold_incremental__transform_gold) - [a3cdeedf1561|950]: It took 0.0528s to build the Airflow DAG.
[2026-07-17T03:05:57.424+0000] {converter.py:420} INFO - ::endgroup::Cosmos DAG parsing logs
[2026-07-17T03:05:57.427+0000] {converter.py:314} INFO - ::group::Cosmos DAG parsing logs
[2026-07-17T03:05:57.432+0000] {graph.py:869} INFO - Trying to parse the dbt project using dbt ls cache cosmos_cache__dbt_silver_gold_full_load__transform_silver...
[2026-07-17T03:06:00.118+0000] {cache.py:383} INFO - Cosmos performance: time to calculate cache identifier cosmos_cache__dbt_silver_gold_full_load__transform_silver for current version: 2.672363142999984
[2026-07-17T03:06:00.120+0000] {graph.py:886} INFO - Cosmos performance [a3cdeedf1561|950]: The cache size for cosmos_cache__dbt_silver_gold_full_load__transform_silver is 5960
[2026-07-17T03:06:00.121+0000] {graph.py:898} INFO - Cosmos performance: Cache hit for cosmos_cache__dbt_silver_gold_full_load__transform_silver - cf20e5a95ed324994dc72c47d0c54e47,5e34606eb5f2b3dea81a8e19fa3ba138
[2026-07-17T03:06:00.123+0000] {graph.py:799} INFO - Total nodes: 7
[2026-07-17T03:06:00.125+0000] {graph.py:800} INFO - Total filtered nodes: 7
[2026-07-17T03:06:00.127+0000] {converter.py:361} INFO - Cosmos performance (dbt_silver_gold_full_load__transform_silver) - [a3cdeedf1561|950]: It took 2.7s to parse the dbt project for DAG using dbt_ls_cache
[2026-07-17T03:06:00.149+0000] {converter.py:413} INFO - Cosmos performance (dbt_silver_gold_full_load__transform_silver) - [a3cdeedf1561|950]: It took 0.0214s to build the Airflow DAG.
[2026-07-17T03:06:00.150+0000] {converter.py:420} INFO - ::endgroup::Cosmos DAG parsing logs
[2026-07-17T03:06:00.153+0000] {converter.py:314} INFO - ::group::Cosmos DAG parsing logs
[2026-07-17T03:06:00.165+0000] {graph.py:869} INFO - Trying to parse the dbt project using dbt ls cache cosmos_cache__dbt_silver_gold_full_load__transform_gold...
[2026-07-17T03:06:01.844+0000] {cache.py:383} INFO - Cosmos performance: time to calculate cache identifier cosmos_cache__dbt_silver_gold_full_load__transform_gold for current version: 1.6626539900000807
[2026-07-17T03:06:01.845+0000] {graph.py:886} INFO - Cosmos performance [a3cdeedf1561|950]: The cache size for cosmos_cache__dbt_silver_gold_full_load__transform_gold is 35986
[2026-07-17T03:06:01.847+0000] {graph.py:898} INFO - Cosmos performance: Cache hit for cosmos_cache__dbt_silver_gold_full_load__transform_gold - cf20e5a95ed324994dc72c47d0c54e47,304321e940a9403dceb380589bd0566f
[2026-07-17T03:06:01.848+0000] {graph.py:799} INFO - Total nodes: 39
[2026-07-17T03:06:01.849+0000] {graph.py:800} INFO - Total filtered nodes: 39
[2026-07-17T03:06:01.850+0000] {converter.py:361} INFO - Cosmos performance (dbt_silver_gold_full_load__transform_gold) - [a3cdeedf1561|950]: It took 1.68s to parse the dbt project for DAG using dbt_ls_cache
[2026-07-17T03:06:01.894+0000] {converter.py:413} INFO - Cosmos performance (dbt_silver_gold_full_load__transform_gold) - [a3cdeedf1561|950]: It took 0.0441s to build the Airflow DAG.
[2026-07-17T03:06:01.896+0000] {converter.py:420} INFO - ::endgroup::Cosmos DAG parsing logs
[2026-07-17T03:06:02.371+0000] {logging_mixin.py:190} INFO - 03:06:02  Installing dbt-labs/dbt_utils
[2026-07-17T03:06:02.883+0000] {logging_mixin.py:190} INFO - 03:06:02  Installed from version 1.3.0
[2026-07-17T03:06:02.885+0000] {logging_mixin.py:190} INFO - 03:06:02  Updated version available: 1.4.1
[2026-07-17T03:06:02.888+0000] {logging_mixin.py:190} INFO - 03:06:02  Installing metaplane/dbt_expectations
[2026-07-17T03:06:03.836+0000] {logging_mixin.py:190} INFO - 03:06:03  Installed from version 0.10.8
[2026-07-17T03:06:03.841+0000] {logging_mixin.py:190} INFO - 03:06:03  Updated version available: 0.10.10
[2026-07-17T03:06:03.846+0000] {logging_mixin.py:190} INFO - 03:06:03  Installing godatadriven/dbt_date
[2026-07-17T03:06:04.435+0000] {logging_mixin.py:190} INFO - 03:06:04  Installed from version 0.15.0
[2026-07-17T03:06:04.438+0000] {logging_mixin.py:190} INFO - 03:06:04  Up to date!
[2026-07-17T03:06:04.442+0000] {logging_mixin.py:190} INFO - 03:06:04
[2026-07-17T03:06:04.445+0000] {logging_mixin.py:190} INFO - 03:06:04  Updates available for packages: ['dbt-labs/dbt_utils', 'metaplane/dbt_expectations']                 
Update your versions in packages.yml, then run dbt deps
[2026-07-17T03:06:05.771+0000] {runner.py:95} INFO - Trying to run dbtRunner with:
 ['run', '--select', 'fqn:consumer_complaints_transformation.marts.dim_dates', '--project-dir', '/tmp/tmpqdpfpcyj', '--profiles-dir', '/opt/airflow/dbt_transform', '--profile', 'lakehouse_dbt', '--target', 'dev', '--no-static-parser']
 in /tmp/tmpqdpfpcyj
[2026-07-17T03:06:05.837+0000] {logging_mixin.py:190} INFO - 03:06:05  Running with dbt=1.8.8
[2026-07-17T03:06:05.904+0000] {auth.py:343} INFO - keyring module not found. OAuth2 token will not be stored in keyring.
[2026-07-17T03:06:05.916+0000] {auth.py:343} INFO - keyring module not found. OAuth2 token will not be stored in keyring.
[2026-07-17T03:06:06.193+0000] {logging_mixin.py:190} INFO - 03:06:06  Registered adapter: trino=1.8.5
[2026-07-17T03:06:07.349+0000] {logging_mixin.py:190} INFO - 03:06:07  Unable to do partial parsing because change detected to override macro. Starting full parse.
[2026-07-17T03:06:10.352+0000] {logging_mixin.py:190} INFO - 03:06:10  [WARNING]: Deprecated functionality
The `tests` config has been renamed to `data_tests`. Please see
https://docs.getdbt.com/docs/build/data-tests#new-data_tests-syntax for more
information.
[2026-07-17T03:06:12.490+0000] {logging_mixin.py:190} INFO - 03:06:12  Found 8 models, 40 data tests, 1 source, 9 metrics, 839 macros, 5 semantic models
[2026-07-17T03:06:12.497+0000] {logging_mixin.py:190} INFO - 03:06:12
[2026-07-17T03:06:12.551+0000] {logging_mixin.py:190} INFO - 03:06:12  [WARNING]: SSL certificate validation is disabled by default. It is legacy behavior which will be changed in future releases. It is strongly advised to enable `require_certificate_validation` flag or explicitly set `cert` configuration to `True` for security reasons. You may receive an error after that if your SSL setup is incorrect.
You may opt into the new behavior sooner by setting `flags.require_certificate_validation` to `True` in `dbt_project.yml`.
Visit https://docs.getdbt.com/reference/global-configs/behavior-changes for more information.
[2026-07-17T03:06:13.118+0000] {logging_mixin.py:190} INFO - 03:06:13  Concurrency: 1 threads (target='dev')
[2026-07-17T03:06:13.120+0000] {logging_mixin.py:190} INFO - 03:06:13
[2026-07-17T03:06:13.126+0000] {logging_mixin.py:190} INFO - 03:06:13  1 of 1 START sql table model gold.dim_dates@etl_20260716_000000 ................ [RUN]
[2026-07-17T03:06:13.243+0000] {logging_mixin.py:190} INFO - 03:06:13  1 of 1 ERROR creating sql table model gold.dim_dates@etl_20260716_000000 ....... [ERROR in 0.11s]
[2026-07-17T03:06:13.250+0000] {logging_mixin.py:190} INFO - 03:06:13
[2026-07-17T03:06:13.252+0000] {logging_mixin.py:190} INFO - 03:06:13  Finished running 1 table model in 0 hours 0 minutes and 0.75 seconds (0.75s).
[2026-07-17T03:06:13.309+0000] {logging_mixin.py:190} INFO - 03:06:13
[2026-07-17T03:06:13.311+0000] {logging_mixin.py:190} INFO - 03:06:13  Completed with 1 error and 0 warnings:
[2026-07-17T03:06:13.313+0000] {logging_mixin.py:190} INFO - 03:06:13
[2026-07-17T03:06:13.315+0000] {logging_mixin.py:190} INFO - 03:06:13    Database Error in model dim_dates (models/marts/dim_dates.sql)
  TrinoExternalError(type=EXTERNAL, name=ICEBERG_CATALOG_ERROR, message="Failed to load view 'stg__consumer_complaints@etl_20260716_000000'", query_id=20260717_030613_00039_yubmz)
  compiled code at target/run/consumer_complaints_transformation/models/marts/dim_dates.sql
[2026-07-17T03:06:13.317+0000] {logging_mixin.py:190} INFO - 03:06:13
[2026-07-17T03:06:13.319+0000] {logging_mixin.py:190} INFO - 03:06:13  Done. PASS=0 WARN=0 ERROR=1 SKIP=0 TOTAL=1
[2026-07-17T03:06:14.646+0000] {local.py:196} WARNING - Artifact schema version: https://schemas.getdbt.com/dbt/manifest/v12.json is above dbt-ol supported version 7. This might cause errors.
[2026-07-17T03:06:14.661+0000] {local.py:594} INFO - Inlets: []
[2026-07-17T03:06:14.664+0000] {local.py:595} INFO - Outlets: []
[2026-07-17T03:06:14.666+0000] {local.py:886} INFO - Assigning inlets/outlets with DatasetAlias in Airflow 2
[2026-07-17T03:06:14.712+0000] {taskinstance.py:3310} ERROR - Task failed with exception
Traceback (most recent call last):
  File "/home/airflow/.local/lib/python3.10/site-packages/airflow/models/taskinstance.py", line 767, in _execute_task
    result = _execute_callable(context=context, **execute_callable_kwargs)
  File "/home/airflow/.local/lib/python3.10/site-packages/airflow/models/taskinstance.py", line 733, in _execute_callable
    return ExecutionCallableRunner(
  File "/home/airflow/.local/lib/python3.10/site-packages/airflow/utils/operator_helpers.py", line 252, in run
    return self.func(*args, **kwargs)
  File "/home/airflow/.local/lib/python3.10/site-packages/cosmos/operators/base.py", line 346, in execute
    self.build_and_run_cmd(context=context, cmd_flags=self.add_cmd_flags(), **kwargs)
  File "/home/airflow/.local/lib/python3.10/site-packages/cosmos/operators/local.py", line 968, in build_and_run_cmd
    result = self.run_command(
  File "/home/airflow/.local/lib/python3.10/site-packages/cosmos/operators/local.py", line 743, in run_command
    self.handle_exception(result)
  File "/home/airflow/.local/lib/python3.10/site-packages/cosmos/operators/local.py", line 308, in handle_exception_dbt_runner
    return dbt_runner.handle_exception_if_needed(result)
  File "/home/airflow/.local/lib/python3.10/site-packages/cosmos/dbt/runner.py", line 156, in handle_exception_if_needed
    raise CosmosDbtRunError(f"dbt invocation completed with errors: {error_message}")
cosmos.exceptions.CosmosDbtRunError: dbt invocation completed with errors: dim_dates: Database Error in model dim_dates (models/marts/dim_dates.sql)
  TrinoExternalError(type=EXTERNAL, name=ICEBERG_CATALOG_ERROR, message="Failed to load view 'stg__consumer_complaints@etl_20260716_000000'", query_id=20260717_030613_00039_yubmz)
  compiled code at target/run/consumer_complaints_transformation/models/marts/dim_dates.sql
[2026-07-17T03:06:15.415+0000] {_client.py:1026} INFO - HTTP Request: GET https://astronomer.gateway.scarf.sh/astronomer-cosmos/v3/task_instance?cosmos_version=1.15.0&airflow_version=2.10.2&python_version=3.10.15&platform_system=Linux&platform_machine=x86_64&status=failed&operator_name=DbtRunLocalOperator&is_cosmos_operator_subclass=False&invocation_mode=dbt_runner&execution_mode=local&profile_strategy=yaml_file&profile_mapping_class=None&database=trino&is_mapped_task=False&dbt_command=run&install_deps=True&has_callback=False&duration=25.7157 "HTTP/1.1 200 OK"
[2026-07-17T03:06:15.417+0000] {taskinstance.py:1225} INFO - Marking task as UP_FOR_RETRY. dag_id=wap_consumer_complaints_pipeline, task_id=dbt_transform.dim_dates.run, run_id=scheduled__2026-07-16T00:00:00+00:00, execution_date=20260716T000000, start_date=20260717T030549, end_date=20260717T030614
[2026-07-17T03:06:15.433+0000] {taskinstance.py:340} INFO - ::group::Post task execution logs
[2026-07-17T03:06:15.434+0000] {standard_task_runner.py:124} ERROR - Failed to execute job 15 for task dbt_transform.dim_dates.run (dbt invocation completed with errors: dim_dates: Database Error in model dim_dates (models/marts/dim_dates.sql)
  TrinoExternalError(type=EXTERNAL, name=ICEBERG_CATALOG_ERROR, message="Failed to load view 'stg__consumer_complaints@etl_20260716_000000'", query_id=20260717_030613_00039_yubmz)
  compiled code at target/run/consumer_complaints_transformation/models/marts/dim_dates.sql; 950)
Traceback (most recent call last):
  File "/home/airflow/.local/lib/python3.10/site-packages/airflow/task/task_runner/standard_task_runner.py", line 117, in _start_by_fork
    ret = args.func(args, dag=self.dag)
  File "/home/airflow/.local/lib/python3.10/site-packages/airflow/cli/cli_config.py", line 49, in command
    return func(*args, **kwargs)
  File "/home/airflow/.local/lib/python3.10/site-packages/airflow/utils/cli.py", line 115, in wrapper
    return f(*args, **kwargs)
  File "/home/airflow/.local/lib/python3.10/site-packages/airflow/cli/commands/task_command.py", line 483, in task_run
    task_return_code = _run_task_by_selected_method(args, _dag, ti)
  File "/home/airflow/.local/lib/python3.10/site-packages/airflow/cli/commands/task_command.py", line 256, in _run_task_by_selected_method
    return _run_raw_task(args, ti)
  File "/home/airflow/.local/lib/python3.10/site-packages/airflow/cli/commands/task_command.py", line 341, in _run_raw_task
    return ti._run_raw_task(
  File "/home/airflow/.local/lib/python3.10/site-packages/airflow/utils/session.py", line 97, in wrapper
    return func(*args, session=session, **kwargs)
  File "/home/airflow/.local/lib/python3.10/site-packages/airflow/models/taskinstance.py", line 3004, in _run_raw_task
    return _run_raw_task(
  File "/home/airflow/.local/lib/python3.10/site-packages/airflow/models/taskinstance.py", line 273, in _run_raw_task
    TaskInstance._execute_task_with_callbacks(
  File "/home/airflow/.local/lib/python3.10/site-packages/airflow/models/taskinstance.py", line 3158, in _execute_task_with_callbacks
    result = self._execute_task(context, task_orig)
  File "/home/airflow/.local/lib/python3.10/site-packages/airflow/models/taskinstance.py", line 3182, in _execute_task
    return _execute_task(self, context, task_orig)
  File "/home/airflow/.local/lib/python3.10/site-packages/airflow/models/taskinstance.py", line 767, in _execute_task
    result = _execute_callable(context=context, **execute_callable_kwargs)
  File "/home/airflow/.local/lib/python3.10/site-packages/airflow/models/taskinstance.py", line 733, in _execute_callable
    return ExecutionCallableRunner(
  File "/home/airflow/.local/lib/python3.10/site-packages/airflow/utils/operator_helpers.py", line 252, in run
    return self.func(*args, **kwargs)
  File "/home/airflow/.local/lib/python3.10/site-packages/cosmos/operators/base.py", line 346, in execute
    self.build_and_run_cmd(context=context, cmd_flags=self.add_cmd_flags(), **kwargs)
  File "/home/airflow/.local/lib/python3.10/site-packages/cosmos/operators/local.py", line 968, in build_and_run_cmd
    result = self.run_command(
  File "/home/airflow/.local/lib/python3.10/site-packages/cosmos/operators/local.py", line 743, in run_command
    self.handle_exception(result)
  File "/home/airflow/.local/lib/python3.10/site-packages/cosmos/operators/local.py", line 308, in handle_exception_dbt_runner
    return dbt_runner.handle_exception_if_needed(result)
  File "/home/airflow/.local/lib/python3.10/site-packages/cosmos/dbt/runner.py", line 156, in handle_exception_if_needed
    raise CosmosDbtRunError(f"dbt invocation completed with errors: {error_message}")
cosmos.exceptions.CosmosDbtRunError: dbt invocation completed with errors: dim_dates: Database Error in model dim_dates (models/marts/dim_dates.sql)
  TrinoExternalError(type=EXTERNAL, name=ICEBERG_CATALOG_ERROR, message="Failed to load view 'stg__consumer_complaints@etl_20260716_000000'", query_id=20260717_030613_00039_yubmz)
  compiled code at target/run/consumer_complaints_transformation/models/marts/dim_dates.sql
[2026-07-17T03:06:15.458+0000] {local_task_job_runner.py:266} INFO - Task exited with return code 1
[2026-07-17T03:06:15.493+0000] {taskinstance.py:3900} INFO - 0 downstream tasks scheduled from follow-on schedule check
[2026-07-17T03:06:15.496+0000] {local_task_job_runner.py:245} INFO - ::endgroup::
[2026-07-17T03:48:11.959+0000] {local_task_job_runner.py:123} INFO - ::group::Pre task execution logs
[2026-07-17T03:48:11.986+0000] {taskinstance.py:2612} INFO - Dependencies all met for dep_context=non-requeueable deps ti=<TaskInstance: wap_consumer_complaints_pipeline.dbt_transform.dim_dates.run scheduled__2026-07-16T00:00:00+00:00 [queued]>
[2026-07-17T03:48:11.999+0000] {taskinstance.py:2612} INFO - Dependencies all met for dep_context=requeueable deps ti=<TaskInstance: wap_consumer_complaints_pipeline.dbt_transform.dim_dates.run scheduled__2026-07-16T00:00:00+00:00 [queued]>
[2026-07-17T03:48:12.000+0000] {taskinstance.py:2865} INFO - Starting attempt 1 of 2
[2026-07-17T03:48:12.023+0000] {taskinstance.py:2888} INFO - Executing <Task(DbtRunLocalOperator): dbt_transform.dim_dates.run> on 2026-07-16 00:00:00+00:00
[2026-07-17T03:48:12.038+0000] {standard_task_runner.py:72} INFO - Started process 1191 to run task
[2026-07-17T03:48:12.047+0000] {standard_task_runner.py:104} INFO - Running: ['airflow', 'tasks', 'run', 'wap_consumer_complaints_pipeline', 'dbt_transform.dim_dates.run', 'scheduled__2026-07-16T00:00:00+00:00', '--job-id', '15', '--raw', '--subdir', 'DAGS_FOLDER/wap_consumer_complaints_pipeline.py', '--cfg-path', '/tmp/tmppxklvutq']
[2026-07-17T03:48:12.053+0000] {standard_task_runner.py:105} INFO - Job 15: Subtask dbt_transform.dim_dates.run
[2026-07-17T03:48:12.177+0000] {task_command.py:467} INFO - Running <TaskInstance: wap_consumer_complaints_pipeline.dbt_transform.dim_dates.run scheduled__2026-07-16T00:00:00+00:00 [running]> on host 179ba2ea9fa0
[2026-07-17T03:48:12.335+0000] {taskinstance.py:3131} INFO - Exporting env vars: AIRFLOW_CTX_DAG_OWNER='data_engineer' AIRFLOW_CTX_DAG_ID='wap_consumer_complaints_pipeline' AIRFLOW_CTX_TASK_ID='dbt_transform.dim_dates.run' AIRFLOW_CTX_EXECUTION_DATE='2026-07-16T00:00:00+00:00' AIRFLOW_CTX_TRY_NUMBER='1' AIRFLOW_CTX_DAG_RUN_ID='scheduled__2026-07-16T00:00:00+00:00'
[2026-07-17T03:48:12.337+0000] {taskinstance.py:731} INFO - ::endgroup::
[2026-07-17T03:48:14.184+0000] {local.py:294} INFO - dbtRunner is available. Using dbtRunner for invoking dbt.
[2026-07-17T03:48:14.186+0000] {local.py:518} INFO - Cloning project to writable temp directory /tmp/tmpbjb5vik6 from /opt/airflow/dbt_transform
[2026-07-17T03:48:14.202+0000] {local.py:538} INFO - Partial parse is enabled and the latest partial parse file is /tmp/cosmos/wap_consumer_complaints_pipeline__dbt_transform/target/partial_parse.msgpack
[2026-07-17T03:48:14.271+0000] {config.py:395} INFO - Using user-supplied profiles.yml at /opt/airflow/dbt_transform/profiles.yml
[2026-07-17T03:48:14.288+0000] {runner.py:95} INFO - Trying to run dbtRunner with:
 ['deps', '--project-dir', '/tmp/tmpbjb5vik6', '--profiles-dir', '/opt/airflow/dbt_transform', '--profile', 'lakehouse_dbt', '--target', 'dev', '--no-static-parser']
 in /tmp/tmpbjb5vik6
[2026-07-17T03:48:14.426+0000] {logging_mixin.py:190} INFO - 03:48:14  Running with dbt=1.8.8
[2026-07-17T03:48:14.641+0000] {converter.py:314} INFO - ::group::Cosmos DAG parsing logs
[2026-07-17T03:48:14.647+0000] {graph.py:869} INFO - Trying to parse the dbt project using dbt ls cache cosmos_cache__dbt_silver_gold_incremental__transform_silver...
[2026-07-17T03:48:18.032+0000] {cache.py:383} INFO - Cosmos performance: time to calculate cache identifier cosmos_cache__dbt_silver_gold_incremental__transform_silver for current version: 3.355544285999713
[2026-07-17T03:48:18.033+0000] {graph.py:886} INFO - Cosmos performance [179ba2ea9fa0|1191]: The cache size for cosmos_cache__dbt_silver_gold_incremental__transform_silver is 5960
[2026-07-17T03:48:18.035+0000] {graph.py:898} INFO - Cosmos performance: Cache hit for cosmos_cache__dbt_silver_gold_incremental__transform_silver - 238b391f99c32ff62938c55251a65975,5e34606eb5f2b3dea81a8e19fa3ba138
[2026-07-17T03:48:18.037+0000] {graph.py:799} INFO - Total nodes: 7
[2026-07-17T03:48:18.038+0000] {graph.py:800} INFO - Total filtered nodes: 7
[2026-07-17T03:48:18.040+0000] {converter.py:361} INFO - Cosmos performance (dbt_silver_gold_incremental__transform_silver) - [179ba2ea9fa0|1191]: It took 3.39s to parse the dbt project for DAG using dbt_ls_cache
[2026-07-17T03:48:18.056+0000] {converter.py:413} INFO - Cosmos performance (dbt_silver_gold_incremental__transform_silver) - [179ba2ea9fa0|1191]: It took 0.0159s to build the Airflow DAG.
[2026-07-17T03:48:18.057+0000] {converter.py:420} INFO - ::endgroup::Cosmos DAG parsing logs
[2026-07-17T03:48:18.059+0000] {converter.py:314} INFO - ::group::Cosmos DAG parsing logs
[2026-07-17T03:48:18.064+0000] {graph.py:869} INFO - Trying to parse the dbt project using dbt ls cache cosmos_cache__dbt_silver_gold_incremental__transform_gold...
[2026-07-17T03:48:20.376+0000] {cache.py:383} INFO - Cosmos performance: time to calculate cache identifier cosmos_cache__dbt_silver_gold_incremental__transform_gold for current version: 2.2988501689997065
[2026-07-17T03:48:20.378+0000] {graph.py:886} INFO - Cosmos performance [179ba2ea9fa0|1191]: The cache size for cosmos_cache__dbt_silver_gold_incremental__transform_gold is 35986
[2026-07-17T03:48:20.380+0000] {graph.py:898} INFO - Cosmos performance: Cache hit for cosmos_cache__dbt_silver_gold_incremental__transform_gold - 238b391f99c32ff62938c55251a65975,304321e940a9403dceb380589bd0566f
[2026-07-17T03:48:20.382+0000] {graph.py:799} INFO - Total nodes: 39
[2026-07-17T03:48:20.383+0000] {graph.py:800} INFO - Total filtered nodes: 39
[2026-07-17T03:48:20.385+0000] {converter.py:361} INFO - Cosmos performance (dbt_silver_gold_incremental__transform_gold) - [179ba2ea9fa0|1191]: It took 2.32s to parse the dbt project for DAG using dbt_ls_cache
[2026-07-17T03:48:20.426+0000] {converter.py:413} INFO - Cosmos performance (dbt_silver_gold_incremental__transform_gold) - [179ba2ea9fa0|1191]: It took 0.0412s to build the Airflow DAG.
[2026-07-17T03:48:20.427+0000] {converter.py:420} INFO - ::endgroup::Cosmos DAG parsing logs
[2026-07-17T03:48:20.429+0000] {converter.py:314} INFO - ::group::Cosmos DAG parsing logs
[2026-07-17T03:48:20.434+0000] {graph.py:869} INFO - Trying to parse the dbt project using dbt ls cache cosmos_cache__dbt_silver_gold_full_load__transform_silver...
[2026-07-17T03:48:22.869+0000] {cache.py:383} INFO - Cosmos performance: time to calculate cache identifier cosmos_cache__dbt_silver_gold_full_load__transform_silver for current version: 2.4254149640000833
[2026-07-17T03:48:22.871+0000] {graph.py:886} INFO - Cosmos performance [179ba2ea9fa0|1191]: The cache size for cosmos_cache__dbt_silver_gold_full_load__transform_silver is 5960
[2026-07-17T03:48:22.873+0000] {graph.py:898} INFO - Cosmos performance: Cache hit for cosmos_cache__dbt_silver_gold_full_load__transform_silver - 238b391f99c32ff62938c55251a65975,5e34606eb5f2b3dea81a8e19fa3ba138
[2026-07-17T03:48:22.874+0000] {graph.py:799} INFO - Total nodes: 7
[2026-07-17T03:48:22.875+0000] {graph.py:800} INFO - Total filtered nodes: 7
[2026-07-17T03:48:22.877+0000] {converter.py:361} INFO - Cosmos performance (dbt_silver_gold_full_load__transform_silver) - [179ba2ea9fa0|1191]: It took 2.44s to parse the dbt project for DAG using dbt_ls_cache
[2026-07-17T03:48:22.890+0000] {converter.py:413} INFO - Cosmos performance (dbt_silver_gold_full_load__transform_silver) - [179ba2ea9fa0|1191]: It took 0.0128s to build the Airflow DAG.
[2026-07-17T03:48:22.891+0000] {converter.py:420} INFO - ::endgroup::Cosmos DAG parsing logs
[2026-07-17T03:48:22.892+0000] {converter.py:314} INFO - ::group::Cosmos DAG parsing logs
[2026-07-17T03:48:22.896+0000] {graph.py:869} INFO - Trying to parse the dbt project using dbt ls cache cosmos_cache__dbt_silver_gold_full_load__transform_gold...
[2026-07-17T03:48:25.896+0000] {cache.py:383} INFO - Cosmos performance: time to calculate cache identifier cosmos_cache__dbt_silver_gold_full_load__transform_gold for current version: 2.9875532599999133
[2026-07-17T03:48:25.897+0000] {graph.py:886} INFO - Cosmos performance [179ba2ea9fa0|1191]: The cache size for cosmos_cache__dbt_silver_gold_full_load__transform_gold is 35986
[2026-07-17T03:48:25.899+0000] {graph.py:898} INFO - Cosmos performance: Cache hit for cosmos_cache__dbt_silver_gold_full_load__transform_gold - 238b391f99c32ff62938c55251a65975,304321e940a9403dceb380589bd0566f
[2026-07-17T03:48:25.900+0000] {graph.py:799} INFO - Total nodes: 39
[2026-07-17T03:48:25.902+0000] {graph.py:800} INFO - Total filtered nodes: 39
[2026-07-17T03:48:25.903+0000] {converter.py:361} INFO - Cosmos performance (dbt_silver_gold_full_load__transform_gold) - [179ba2ea9fa0|1191]: It took 3.01s to parse the dbt project for DAG using dbt_ls_cache
[2026-07-17T03:48:25.948+0000] {converter.py:413} INFO - Cosmos performance (dbt_silver_gold_full_load__transform_gold) - [179ba2ea9fa0|1191]: It took 0.045s to build the Airflow DAG.
[2026-07-17T03:48:25.949+0000] {converter.py:420} INFO - ::endgroup::Cosmos DAG parsing logs
[2026-07-17T03:48:26.345+0000] {logging_mixin.py:190} INFO - 03:48:26  Installing dbt-labs/dbt_utils
[2026-07-17T03:48:26.869+0000] {logging_mixin.py:190} INFO - 03:48:26  Installed from version 1.3.0
[2026-07-17T03:48:26.872+0000] {logging_mixin.py:190} INFO - 03:48:26  Updated version available: 1.4.1
[2026-07-17T03:48:26.875+0000] {logging_mixin.py:190} INFO - 03:48:26  Installing metaplane/dbt_expectations
[2026-07-17T03:48:27.837+0000] {logging_mixin.py:190} INFO - 03:48:27  Installed from version 0.10.8
[2026-07-17T03:48:27.839+0000] {logging_mixin.py:190} INFO - 03:48:27  Updated version available: 0.10.10
[2026-07-17T03:48:27.841+0000] {logging_mixin.py:190} INFO - 03:48:27  Installing godatadriven/dbt_date
[2026-07-17T03:48:28.378+0000] {logging_mixin.py:190} INFO - 03:48:28  Installed from version 0.15.0
[2026-07-17T03:48:28.380+0000] {logging_mixin.py:190} INFO - 03:48:28  Up to date!
[2026-07-17T03:48:28.384+0000] {logging_mixin.py:190} INFO - 03:48:28
[2026-07-17T03:48:28.386+0000] {logging_mixin.py:190} INFO - 03:48:28  Updates available for packages: ['dbt-labs/dbt_utils', 'metaplane/dbt_expectations']                 
Update your versions in packages.yml, then run dbt deps
[2026-07-17T03:48:29.522+0000] {runner.py:95} INFO - Trying to run dbtRunner with:
 ['run', '--select', 'fqn:consumer_complaints_transformation.marts.dim_dates', '--project-dir', '/tmp/tmpbjb5vik6', '--profiles-dir', '/opt/airflow/dbt_transform', '--profile', 'lakehouse_dbt', '--target', 'dev', '--no-static-parser']
 in /tmp/tmpbjb5vik6
[2026-07-17T03:48:29.550+0000] {logging_mixin.py:190} INFO - 03:48:29  Running with dbt=1.8.8
[2026-07-17T03:48:29.579+0000] {auth.py:343} INFO - keyring module not found. OAuth2 token will not be stored in keyring.
[2026-07-17T03:48:29.584+0000] {auth.py:343} INFO - keyring module not found. OAuth2 token will not be stored in keyring.
[2026-07-17T03:48:29.767+0000] {logging_mixin.py:190} INFO - 03:48:29  Registered adapter: trino=1.8.5
[2026-07-17T03:48:30.816+0000] {logging_mixin.py:190} INFO - 03:48:30  Unable to do partial parsing because change detected to override macro. Starting full parse.
[2026-07-17T03:48:33.062+0000] {logging_mixin.py:190} INFO - 03:48:33  [WARNING]: Deprecated functionality
The `tests` config has been renamed to `data_tests`. Please see
https://docs.getdbt.com/docs/build/data-tests#new-data_tests-syntax for more
information.
[2026-07-17T03:48:34.253+0000] {logging_mixin.py:190} INFO - 03:48:34  Found 8 models, 40 data tests, 1 source, 9 metrics, 839 macros, 5 semantic models
[2026-07-17T03:48:34.257+0000] {logging_mixin.py:190} INFO - 03:48:34
[2026-07-17T03:48:34.284+0000] {logging_mixin.py:190} INFO - 03:48:34  [WARNING]: SSL certificate validation is disabled by default. It is legacy behavior which will be changed in future releases. It is strongly advised to enable `require_certificate_validation` flag or explicitly set `cert` configuration to `True` for security reasons. You may receive an error after that if your SSL setup is incorrect.
You may opt into the new behavior sooner by setting `flags.require_certificate_validation` to `True` in `dbt_project.yml`.
Visit https://docs.getdbt.com/reference/global-configs/behavior-changes for more information.
[2026-07-17T03:48:34.399+0000] {logging_mixin.py:190} INFO - 03:48:34
[2026-07-17T03:48:34.401+0000] {logging_mixin.py:190} INFO - 03:48:34  Finished running  in 0 hours 0 minutes and 0.14 seconds (0.14s).
[2026-07-17T03:48:34.404+0000] {logging_mixin.py:190} INFO - 03:48:34  Encountered an error:
Database Error
  TrinoUserError(type=USER_ERROR, name=NOT_SUPPORTED, message="Nested namespace is not enabled for this catalog", query_id=20260717_034834_00023_p8fbc)
[2026-07-17T03:48:35.597+0000] {local.py:196} WARNING - Artifact schema version: https://schemas.getdbt.com/dbt/manifest/v12.json is above dbt-ol supported version 7. This might cause errors.
[2026-07-17T03:48:35.600+0000] {local.py:594} INFO - Inlets: []
[2026-07-17T03:48:35.601+0000] {local.py:595} INFO - Outlets: []
[2026-07-17T03:48:35.602+0000] {local.py:886} INFO - Assigning inlets/outlets with DatasetAlias in Airflow 2
[2026-07-17T03:48:35.628+0000] {taskinstance.py:3310} ERROR - Task failed with exception
Traceback (most recent call last):
  File "/home/airflow/.local/lib/python3.10/site-packages/airflow/models/taskinstance.py", line 767, in _execute_task
    result = _execute_callable(context=context, **execute_callable_kwargs)
  File "/home/airflow/.local/lib/python3.10/site-packages/airflow/models/taskinstance.py", line 733, in _execute_callable
    return ExecutionCallableRunner(
  File "/home/airflow/.local/lib/python3.10/site-packages/airflow/utils/operator_helpers.py", line 252, in run
    return self.func(*args, **kwargs)
  File "/home/airflow/.local/lib/python3.10/site-packages/cosmos/operators/base.py", line 346, in execute
    self.build_and_run_cmd(context=context, cmd_flags=self.add_cmd_flags(), **kwargs)
  File "/home/airflow/.local/lib/python3.10/site-packages/cosmos/operators/local.py", line 968, in build_and_run_cmd
    result = self.run_command(
  File "/home/airflow/.local/lib/python3.10/site-packages/cosmos/operators/local.py", line 743, in run_command
    self.handle_exception(result)
  File "/home/airflow/.local/lib/python3.10/site-packages/cosmos/operators/local.py", line 308, in handle_exception_dbt_runner
    return dbt_runner.handle_exception_if_needed(result)
  File "/home/airflow/.local/lib/python3.10/site-packages/cosmos/dbt/runner.py", line 152, in handle_exception_if_needed
    raise CosmosDbtRunError(f"dbt invocation did not complete with unhandled error: {result.exception}")
cosmos.exceptions.CosmosDbtRunError: dbt invocation did not complete with unhandled error: Database Error
  TrinoUserError(type=USER_ERROR, name=NOT_SUPPORTED, message="Nested namespace is not enabled for this catalog", query_id=20260717_034834_00023_p8fbc)
[2026-07-17T03:48:36.259+0000] {_client.py:1026} INFO - HTTP Request: GET https://astronomer.gateway.scarf.sh/astronomer-cosmos/v3/task_instance?cosmos_version=1.15.0&airflow_version=2.10.2&python_version=3.10.15&platform_system=Linux&platform_machine=x86_64&status=failed&operator_name=DbtRunLocalOperator&is_cosmos_operator_subclass=False&invocation_mode=dbt_runner&execution_mode=local&profile_strategy=yaml_file&profile_mapping_class=None&database=trino&is_mapped_task=False&dbt_command=run&install_deps=True&has_callback=False&duration=23.653247 "HTTP/1.1 200 OK"
[2026-07-17T03:48:36.261+0000] {taskinstance.py:1225} INFO - Marking task as UP_FOR_RETRY. dag_id=wap_consumer_complaints_pipeline, task_id=dbt_transform.dim_dates.run, run_id=scheduled__2026-07-16T00:00:00+00:00, execution_date=20260716T000000, start_date=20260717T034811, end_date=20260717T034835
[2026-07-17T03:48:36.279+0000] {taskinstance.py:340} INFO - ::group::Post task execution logs
[2026-07-17T03:48:36.280+0000] {standard_task_runner.py:124} ERROR - Failed to execute job 15 for task dbt_transform.dim_dates.run (dbt invocation did not complete with unhandled error: Database Error
  TrinoUserError(type=USER_ERROR, name=NOT_SUPPORTED, message="Nested namespace is not enabled for this catalog", query_id=20260717_034834_00023_p8fbc); 1191)
Traceback (most recent call last):
  File "/home/airflow/.local/lib/python3.10/site-packages/airflow/task/task_runner/standard_task_runner.py", line 117, in _start_by_fork
    ret = args.func(args, dag=self.dag)
  File "/home/airflow/.local/lib/python3.10/site-packages/airflow/cli/cli_config.py", line 49, in command
    return func(*args, **kwargs)
  File "/home/airflow/.local/lib/python3.10/site-packages/airflow/utils/cli.py", line 115, in wrapper
    return f(*args, **kwargs)
  File "/home/airflow/.local/lib/python3.10/site-packages/airflow/cli/commands/task_command.py", line 483, in task_run
    task_return_code = _run_task_by_selected_method(args, _dag, ti)
  File "/home/airflow/.local/lib/python3.10/site-packages/airflow/cli/commands/task_command.py", line 256, in _run_task_by_selected_method
    return _run_raw_task(args, ti)
  File "/home/airflow/.local/lib/python3.10/site-packages/airflow/cli/commands/task_command.py", line 341, in _run_raw_task
    return ti._run_raw_task(
  File "/home/airflow/.local/lib/python3.10/site-packages/airflow/utils/session.py", line 97, in wrapper
    return func(*args, session=session, **kwargs)
  File "/home/airflow/.local/lib/python3.10/site-packages/airflow/models/taskinstance.py", line 3004, in _run_raw_task
    return _run_raw_task(
  File "/home/airflow/.local/lib/python3.10/site-packages/airflow/models/taskinstance.py", line 273, in _run_raw_task
    TaskInstance._execute_task_with_callbacks(
  File "/home/airflow/.local/lib/python3.10/site-packages/airflow/models/taskinstance.py", line 3158, in _execute_task_with_callbacks
    result = self._execute_task(context, task_orig)
  File "/home/airflow/.local/lib/python3.10/site-packages/airflow/models/taskinstance.py", line 3182, in _execute_task
    return _execute_task(self, context, task_orig)
  File "/home/airflow/.local/lib/python3.10/site-packages/airflow/models/taskinstance.py", line 767, in _execute_task
    result = _execute_callable(context=context, **execute_callable_kwargs)
  File "/home/airflow/.local/lib/python3.10/site-packages/airflow/models/taskinstance.py", line 733, in _execute_callable
    return ExecutionCallableRunner(
  File "/home/airflow/.local/lib/python3.10/site-packages/airflow/utils/operator_helpers.py", line 252, in run
    return self.func(*args, **kwargs)
  File "/home/airflow/.local/lib/python3.10/site-packages/cosmos/operators/base.py", line 346, in execute
    self.build_and_run_cmd(context=context, cmd_flags=self.add_cmd_flags(), **kwargs)
  File "/home/airflow/.local/lib/python3.10/site-packages/cosmos/operators/local.py", line 968, in build_and_run_cmd
    result = self.run_command(
  File "/home/airflow/.local/lib/python3.10/site-packages/cosmos/operators/local.py", line 743, in run_command
    self.handle_exception(result)
  File "/home/airflow/.local/lib/python3.10/site-packages/cosmos/operators/local.py", line 308, in handle_exception_dbt_runner
    return dbt_runner.handle_exception_if_needed(result)
  File "/home/airflow/.local/lib/python3.10/site-packages/cosmos/dbt/runner.py", line 152, in handle_exception_if_needed
    raise CosmosDbtRunError(f"dbt invocation did not complete with unhandled error: {result.exception}")
cosmos.exceptions.CosmosDbtRunError: dbt invocation did not complete with unhandled error: Database Error
  TrinoUserError(type=USER_ERROR, name=NOT_SUPPORTED, message="Nested namespace is not enabled for this catalog", query_id=20260717_034834_00023_p8fbc)
[2026-07-17T03:48:36.305+0000] {local_task_job_runner.py:266} INFO - Task exited with return code 1
[2026-07-17T03:48:36.339+0000] {taskinstance.py:3900} INFO - 0 downstream tasks scheduled from follow-on schedule check
[2026-07-17T03:48:36.342+0000] {local_task_job_runner.py:245} INFO - ::endgroup::
[2026-07-17T03:57:13.730+0000] {local_task_job_runner.py:123} INFO - ::group::Pre task execution logs
[2026-07-17T03:57:13.762+0000] {taskinstance.py:2612} INFO - Dependencies all met for dep_context=non-requeueable deps ti=<TaskInstance: wap_consumer_complaints_pipeline.dbt_transform.dim_dates.run scheduled__2026-07-16T00:00:00+00:00 [queued]>
[2026-07-17T03:57:13.776+0000] {taskinstance.py:2612} INFO - Dependencies all met for dep_context=requeueable deps ti=<TaskInstance: wap_consumer_complaints_pipeline.dbt_transform.dim_dates.run scheduled__2026-07-16T00:00:00+00:00 [queued]>
[2026-07-17T03:57:13.778+0000] {taskinstance.py:2865} INFO - Starting attempt 1 of 2
[2026-07-17T03:57:13.800+0000] {taskinstance.py:2888} INFO - Executing <Task(DbtRunLocalOperator): dbt_transform.dim_dates.run> on 2026-07-16 00:00:00+00:00
[2026-07-17T03:57:13.814+0000] {standard_task_runner.py:72} INFO - Started process 961 to run task
[2026-07-17T03:57:13.822+0000] {standard_task_runner.py:104} INFO - Running: ['airflow', 'tasks', 'run', 'wap_consumer_complaints_pipeline', 'dbt_transform.dim_dates.run', 'scheduled__2026-07-16T00:00:00+00:00', '--job-id', '12', '--raw', '--subdir', 'DAGS_FOLDER/wap_consumer_complaints_pipeline.py', '--cfg-path', '/tmp/tmpd46ksvuh']
[2026-07-17T03:57:13.825+0000] {standard_task_runner.py:105} INFO - Job 12: Subtask dbt_transform.dim_dates.run
[2026-07-17T03:57:13.961+0000] {task_command.py:467} INFO - Running <TaskInstance: wap_consumer_complaints_pipeline.dbt_transform.dim_dates.run scheduled__2026-07-16T00:00:00+00:00 [running]> on host 5264aaac7eea
[2026-07-17T03:57:14.129+0000] {taskinstance.py:3131} INFO - Exporting env vars: AIRFLOW_CTX_DAG_OWNER='data_engineer' AIRFLOW_CTX_DAG_ID='wap_consumer_complaints_pipeline' AIRFLOW_CTX_TASK_ID='dbt_transform.dim_dates.run' AIRFLOW_CTX_EXECUTION_DATE='2026-07-16T00:00:00+00:00' AIRFLOW_CTX_TRY_NUMBER='1' AIRFLOW_CTX_DAG_RUN_ID='scheduled__2026-07-16T00:00:00+00:00'
[2026-07-17T03:57:14.133+0000] {taskinstance.py:731} INFO - ::endgroup::
[2026-07-17T03:57:17.014+0000] {local.py:294} INFO - dbtRunner is available. Using dbtRunner for invoking dbt.
[2026-07-17T03:57:17.017+0000] {local.py:518} INFO - Cloning project to writable temp directory /tmp/tmpb03lyjuy from /opt/airflow/dbt_transform
[2026-07-17T03:57:17.039+0000] {local.py:538} INFO - Partial parse is enabled and the latest partial parse file is /tmp/cosmos/wap_consumer_complaints_pipeline__dbt_transform/target/partial_parse.msgpack
[2026-07-17T03:57:17.082+0000] {config.py:395} INFO - Using user-supplied profiles.yml at /opt/airflow/dbt_transform/profiles.yml
[2026-07-17T03:57:17.105+0000] {runner.py:95} INFO - Trying to run dbtRunner with:
 ['deps', '--project-dir', '/tmp/tmpb03lyjuy', '--profiles-dir', '/opt/airflow/dbt_transform', '--profile', 'lakehouse_dbt', '--target', 'dev', '--no-static-parser']
 in /tmp/tmpb03lyjuy
[2026-07-17T03:57:17.249+0000] {logging_mixin.py:190} INFO - 03:57:17  Running with dbt=1.8.8
[2026-07-17T03:57:17.498+0000] {converter.py:314} INFO - ::group::Cosmos DAG parsing logs
[2026-07-17T03:57:17.503+0000] {graph.py:869} INFO - Trying to parse the dbt project using dbt ls cache cosmos_cache__dbt_silver_gold_incremental__transform_silver...
[2026-07-17T03:57:19.815+0000] {cache.py:383} INFO - Cosmos performance: time to calculate cache identifier cosmos_cache__dbt_silver_gold_incremental__transform_silver for current version: 2.287086876000103
[2026-07-17T03:57:19.817+0000] {graph.py:886} INFO - Cosmos performance [5264aaac7eea|961]: The cache size for cosmos_cache__dbt_silver_gold_incremental__transform_silver is 5960
[2026-07-17T03:57:19.820+0000] {graph.py:898} INFO - Cosmos performance: Cache hit for cosmos_cache__dbt_silver_gold_incremental__transform_silver - d04c054740079ff22ecde9059ba5074a,5e34606eb5f2b3dea81a8e19fa3ba138
[2026-07-17T03:57:19.822+0000] {graph.py:799} INFO - Total nodes: 7
[2026-07-17T03:57:19.824+0000] {graph.py:800} INFO - Total filtered nodes: 7
[2026-07-17T03:57:19.826+0000] {converter.py:361} INFO - Cosmos performance (dbt_silver_gold_incremental__transform_silver) - [5264aaac7eea|961]: It took 2.32s to parse the dbt project for DAG using dbt_ls_cache
[2026-07-17T03:57:19.842+0000] {converter.py:413} INFO - Cosmos performance (dbt_silver_gold_incremental__transform_silver) - [5264aaac7eea|961]: It took 0.0157s to build the Airflow DAG.
[2026-07-17T03:57:19.844+0000] {converter.py:420} INFO - ::endgroup::Cosmos DAG parsing logs
[2026-07-17T03:57:19.846+0000] {converter.py:314} INFO - ::group::Cosmos DAG parsing logs
[2026-07-17T03:57:19.850+0000] {graph.py:869} INFO - Trying to parse the dbt project using dbt ls cache cosmos_cache__dbt_silver_gold_incremental__transform_gold...
[2026-07-17T03:57:21.867+0000] {cache.py:383} INFO - Cosmos performance: time to calculate cache identifier cosmos_cache__dbt_silver_gold_incremental__transform_gold for current version: 1.9982919889998811
[2026-07-17T03:57:21.868+0000] {graph.py:886} INFO - Cosmos performance [5264aaac7eea|961]: The cache size for cosmos_cache__dbt_silver_gold_incremental__transform_gold is 35986
[2026-07-17T03:57:21.870+0000] {graph.py:898} INFO - Cosmos performance: Cache hit for cosmos_cache__dbt_silver_gold_incremental__transform_gold - d04c054740079ff22ecde9059ba5074a,304321e940a9403dceb380589bd0566f
[2026-07-17T03:57:21.872+0000] {graph.py:799} INFO - Total nodes: 39
[2026-07-17T03:57:21.873+0000] {graph.py:800} INFO - Total filtered nodes: 39
[2026-07-17T03:57:21.874+0000] {converter.py:361} INFO - Cosmos performance (dbt_silver_gold_incremental__transform_gold) - [5264aaac7eea|961]: It took 2.02s to parse the dbt project for DAG using dbt_ls_cache
[2026-07-17T03:57:21.905+0000] {converter.py:413} INFO - Cosmos performance (dbt_silver_gold_incremental__transform_gold) - [5264aaac7eea|961]: It took 0.0306s to build the Airflow DAG.
[2026-07-17T03:57:21.907+0000] {converter.py:420} INFO - ::endgroup::Cosmos DAG parsing logs
[2026-07-17T03:57:21.909+0000] {converter.py:314} INFO - ::group::Cosmos DAG parsing logs
[2026-07-17T03:57:21.914+0000] {graph.py:869} INFO - Trying to parse the dbt project using dbt ls cache cosmos_cache__dbt_silver_gold_full_load__transform_silver...
[2026-07-17T03:57:23.833+0000] {cache.py:383} INFO - Cosmos performance: time to calculate cache identifier cosmos_cache__dbt_silver_gold_full_load__transform_silver for current version: 1.9032649509999828
[2026-07-17T03:57:23.834+0000] {graph.py:886} INFO - Cosmos performance [5264aaac7eea|961]: The cache size for cosmos_cache__dbt_silver_gold_full_load__transform_silver is 5960
[2026-07-17T03:57:23.835+0000] {graph.py:898} INFO - Cosmos performance: Cache hit for cosmos_cache__dbt_silver_gold_full_load__transform_silver - d04c054740079ff22ecde9059ba5074a,5e34606eb5f2b3dea81a8e19fa3ba138
[2026-07-17T03:57:23.837+0000] {graph.py:799} INFO - Total nodes: 7
[2026-07-17T03:57:23.838+0000] {graph.py:800} INFO - Total filtered nodes: 7
[2026-07-17T03:57:23.840+0000] {converter.py:361} INFO - Cosmos performance (dbt_silver_gold_full_load__transform_silver) - [5264aaac7eea|961]: It took 1.93s to parse the dbt project for DAG using dbt_ls_cache
[2026-07-17T03:57:23.849+0000] {converter.py:413} INFO - Cosmos performance (dbt_silver_gold_full_load__transform_silver) - [5264aaac7eea|961]: It took 0.00908s to build the Airflow DAG.
[2026-07-17T03:57:23.850+0000] {converter.py:420} INFO - ::endgroup::Cosmos DAG parsing logs
[2026-07-17T03:57:23.852+0000] {converter.py:314} INFO - ::group::Cosmos DAG parsing logs
[2026-07-17T03:57:23.857+0000] {graph.py:869} INFO - Trying to parse the dbt project using dbt ls cache cosmos_cache__dbt_silver_gold_full_load__transform_gold...
[2026-07-17T03:57:25.739+0000] {cache.py:383} INFO - Cosmos performance: time to calculate cache identifier cosmos_cache__dbt_silver_gold_full_load__transform_gold for current version: 1.8690528080005606
[2026-07-17T03:57:25.740+0000] {graph.py:886} INFO - Cosmos performance [5264aaac7eea|961]: The cache size for cosmos_cache__dbt_silver_gold_full_load__transform_gold is 35986
[2026-07-17T03:57:25.742+0000] {graph.py:898} INFO - Cosmos performance: Cache hit for cosmos_cache__dbt_silver_gold_full_load__transform_gold - d04c054740079ff22ecde9059ba5074a,304321e940a9403dceb380589bd0566f
[2026-07-17T03:57:25.743+0000] {graph.py:799} INFO - Total nodes: 39
[2026-07-17T03:57:25.745+0000] {graph.py:800} INFO - Total filtered nodes: 39
[2026-07-17T03:57:25.746+0000] {converter.py:361} INFO - Cosmos performance (dbt_silver_gold_full_load__transform_gold) - [5264aaac7eea|961]: It took 1.89s to parse the dbt project for DAG using dbt_ls_cache
[2026-07-17T03:57:25.775+0000] {converter.py:413} INFO - Cosmos performance (dbt_silver_gold_full_load__transform_gold) - [5264aaac7eea|961]: It took 0.029s to build the Airflow DAG.
[2026-07-17T03:57:25.777+0000] {converter.py:420} INFO - ::endgroup::Cosmos DAG parsing logs
[2026-07-17T03:57:26.428+0000] {logging_mixin.py:190} INFO - 03:57:26  Installing dbt-labs/dbt_utils
[2026-07-17T03:57:27.113+0000] {logging_mixin.py:190} INFO - 03:57:27  Installed from version 1.3.0
[2026-07-17T03:57:27.116+0000] {logging_mixin.py:190} INFO - 03:57:27  Updated version available: 1.4.1
[2026-07-17T03:57:27.117+0000] {logging_mixin.py:190} INFO - 03:57:27  Installing metaplane/dbt_expectations
[2026-07-17T03:57:28.349+0000] {logging_mixin.py:190} INFO - 03:57:28  Installed from version 0.10.8
[2026-07-17T03:57:28.351+0000] {logging_mixin.py:190} INFO - 03:57:28  Updated version available: 0.10.10
[2026-07-17T03:57:28.354+0000] {logging_mixin.py:190} INFO - 03:57:28  Installing godatadriven/dbt_date
[2026-07-17T03:57:28.901+0000] {logging_mixin.py:190} INFO - 03:57:28  Installed from version 0.15.0
[2026-07-17T03:57:28.903+0000] {logging_mixin.py:190} INFO - 03:57:28  Up to date!
[2026-07-17T03:57:28.904+0000] {logging_mixin.py:190} INFO - 03:57:28
[2026-07-17T03:57:28.906+0000] {logging_mixin.py:190} INFO - 03:57:28  Updates available for packages: ['dbt-labs/dbt_utils', 'metaplane/dbt_expectations']                 
Update your versions in packages.yml, then run dbt deps
[2026-07-17T03:57:30.357+0000] {runner.py:95} INFO - Trying to run dbtRunner with:
 ['run', '--select', 'fqn:consumer_complaints_transformation.marts.dim_dates', '--project-dir', '/tmp/tmpb03lyjuy', '--profiles-dir', '/opt/airflow/dbt_transform', '--profile', 'lakehouse_dbt', '--target', 'dev', '--no-static-parser']
 in /tmp/tmpb03lyjuy
[2026-07-17T03:57:30.386+0000] {logging_mixin.py:190} INFO - 03:57:30  Running with dbt=1.8.8
[2026-07-17T03:57:30.413+0000] {auth.py:343} INFO - keyring module not found. OAuth2 token will not be stored in keyring.
[2026-07-17T03:57:30.418+0000] {auth.py:343} INFO - keyring module not found. OAuth2 token will not be stored in keyring.
[2026-07-17T03:57:30.596+0000] {logging_mixin.py:190} INFO - 03:57:30  Registered adapter: trino=1.8.5
[2026-07-17T03:57:31.689+0000] {logging_mixin.py:190} INFO - 03:57:31  Unable to do partial parsing because change detected to override macro. Starting full parse.
[2026-07-17T03:57:33.952+0000] {logging_mixin.py:190} INFO - 03:57:33  [WARNING]: Deprecated functionality
The `tests` config has been renamed to `data_tests`. Please see
https://docs.getdbt.com/docs/build/data-tests#new-data_tests-syntax for more
information.
[2026-07-17T03:57:35.880+0000] {logging_mixin.py:190} INFO - 03:57:35  Found 8 models, 40 data tests, 1 source, 9 metrics, 839 macros, 5 semantic models
[2026-07-17T03:57:35.891+0000] {logging_mixin.py:190} INFO - 03:57:35
[2026-07-17T03:57:35.981+0000] {logging_mixin.py:190} INFO - 03:57:35  [WARNING]: SSL certificate validation is disabled by default. It is legacy behavior which will be changed in future releases. It is strongly advised to enable `require_certificate_validation` flag or explicitly set `cert` configuration to `True` for security reasons. You may receive an error after that if your SSL setup is incorrect.
You may opt into the new behavior sooner by setting `flags.require_certificate_validation` to `True` in `dbt_project.yml`.
Visit https://docs.getdbt.com/reference/global-configs/behavior-changes for more information.
[2026-07-17T03:57:36.530+0000] {logging_mixin.py:190} INFO - 03:57:36
[2026-07-17T03:57:36.533+0000] {logging_mixin.py:190} INFO - 03:57:36  Finished running  in 0 hours 0 minutes and 0.64 seconds (0.64s).
[2026-07-17T03:57:36.536+0000] {logging_mixin.py:190} INFO - 03:57:36  Encountered an error:
Database Error
  TrinoQueryError(type=INTERNAL_ERROR, name=GENERIC_INTERNAL_ERROR, message="Namespace does not exist: etl_20260716_000000", query_id=20260717_035736_00023_dedbv)
[2026-07-17T03:57:37.748+0000] {local.py:196} WARNING - Artifact schema version: https://schemas.getdbt.com/dbt/manifest/v12.json is above dbt-ol supported version 7. This might cause errors.
[2026-07-17T03:57:37.750+0000] {local.py:594} INFO - Inlets: []
[2026-07-17T03:57:37.752+0000] {local.py:595} INFO - Outlets: []
[2026-07-17T03:57:37.754+0000] {local.py:886} INFO - Assigning inlets/outlets with DatasetAlias in Airflow 2
[2026-07-17T03:57:37.788+0000] {taskinstance.py:3310} ERROR - Task failed with exception
Traceback (most recent call last):
  File "/home/airflow/.local/lib/python3.10/site-packages/airflow/models/taskinstance.py", line 767, in _execute_task
    result = _execute_callable(context=context, **execute_callable_kwargs)
  File "/home/airflow/.local/lib/python3.10/site-packages/airflow/models/taskinstance.py", line 733, in _execute_callable
    return ExecutionCallableRunner(
  File "/home/airflow/.local/lib/python3.10/site-packages/airflow/utils/operator_helpers.py", line 252, in run
    return self.func(*args, **kwargs)
  File "/home/airflow/.local/lib/python3.10/site-packages/cosmos/operators/base.py", line 346, in execute
    self.build_and_run_cmd(context=context, cmd_flags=self.add_cmd_flags(), **kwargs)
  File "/home/airflow/.local/lib/python3.10/site-packages/cosmos/operators/local.py", line 968, in build_and_run_cmd
    result = self.run_command(
  File "/home/airflow/.local/lib/python3.10/site-packages/cosmos/operators/local.py", line 743, in run_command
    self.handle_exception(result)
  File "/home/airflow/.local/lib/python3.10/site-packages/cosmos/operators/local.py", line 308, in handle_exception_dbt_runner
    return dbt_runner.handle_exception_if_needed(result)
  File "/home/airflow/.local/lib/python3.10/site-packages/cosmos/dbt/runner.py", line 152, in handle_exception_if_needed
    raise CosmosDbtRunError(f"dbt invocation did not complete with unhandled error: {result.exception}")
cosmos.exceptions.CosmosDbtRunError: dbt invocation did not complete with unhandled error: Database Error
  TrinoQueryError(type=INTERNAL_ERROR, name=GENERIC_INTERNAL_ERROR, message="Namespace does not exist: etl_20260716_000000", query_id=20260717_035736_00023_dedbv)
[2026-07-17T03:57:38.658+0000] {_client.py:1026} INFO - HTTP Request: GET https://astronomer.gateway.scarf.sh/astronomer-cosmos/v3/task_instance?cosmos_version=1.15.0&airflow_version=2.10.2&python_version=3.10.15&platform_system=Linux&platform_machine=x86_64&status=failed&operator_name=DbtRunLocalOperator&is_cosmos_operator_subclass=False&invocation_mode=dbt_runner&execution_mode=local&profile_strategy=yaml_file&profile_mapping_class=None&database=trino&is_mapped_task=False&dbt_command=run&install_deps=True&has_callback=False&duration=24.047625 "HTTP/1.1 200 OK"
[2026-07-17T03:57:38.662+0000] {taskinstance.py:1225} INFO - Marking task as UP_FOR_RETRY. dag_id=wap_consumer_complaints_pipeline, task_id=dbt_transform.dim_dates.run, run_id=scheduled__2026-07-16T00:00:00+00:00, execution_date=20260716T000000, start_date=20260717T035713, end_date=20260717T035737
[2026-07-17T03:57:38.705+0000] {taskinstance.py:340} INFO - ::group::Post task execution logs
[2026-07-17T03:57:38.707+0000] {standard_task_runner.py:124} ERROR - Failed to execute job 12 for task dbt_transform.dim_dates.run (dbt invocation did not complete with unhandled error: Database Error
  TrinoQueryError(type=INTERNAL_ERROR, name=GENERIC_INTERNAL_ERROR, message="Namespace does not exist: etl_20260716_000000", query_id=20260717_035736_00023_dedbv); 961)
Traceback (most recent call last):
  File "/home/airflow/.local/lib/python3.10/site-packages/airflow/task/task_runner/standard_task_runner.py", line 117, in _start_by_fork
    ret = args.func(args, dag=self.dag)
  File "/home/airflow/.local/lib/python3.10/site-packages/airflow/cli/cli_config.py", line 49, in command
    return func(*args, **kwargs)
  File "/home/airflow/.local/lib/python3.10/site-packages/airflow/utils/cli.py", line 115, in wrapper
    return f(*args, **kwargs)
  File "/home/airflow/.local/lib/python3.10/site-packages/airflow/cli/commands/task_command.py", line 483, in task_run
    task_return_code = _run_task_by_selected_method(args, _dag, ti)
  File "/home/airflow/.local/lib/python3.10/site-packages/airflow/cli/commands/task_command.py", line 256, in _run_task_by_selected_method
    return _run_raw_task(args, ti)
  File "/home/airflow/.local/lib/python3.10/site-packages/airflow/cli/commands/task_command.py", line 341, in _run_raw_task
    return ti._run_raw_task(
  File "/home/airflow/.local/lib/python3.10/site-packages/airflow/utils/session.py", line 97, in wrapper
    return func(*args, session=session, **kwargs)
  File "/home/airflow/.local/lib/python3.10/site-packages/airflow/models/taskinstance.py", line 3004, in _run_raw_task
    return _run_raw_task(
  File "/home/airflow/.local/lib/python3.10/site-packages/airflow/models/taskinstance.py", line 273, in _run_raw_task
    TaskInstance._execute_task_with_callbacks(
  File "/home/airflow/.local/lib/python3.10/site-packages/airflow/models/taskinstance.py", line 3158, in _execute_task_with_callbacks
    result = self._execute_task(context, task_orig)
  File "/home/airflow/.local/lib/python3.10/site-packages/airflow/models/taskinstance.py", line 3182, in _execute_task
    return _execute_task(self, context, task_orig)
  File "/home/airflow/.local/lib/python3.10/site-packages/airflow/models/taskinstance.py", line 767, in _execute_task
    result = _execute_callable(context=context, **execute_callable_kwargs)
  File "/home/airflow/.local/lib/python3.10/site-packages/airflow/models/taskinstance.py", line 733, in _execute_callable
    return ExecutionCallableRunner(
  File "/home/airflow/.local/lib/python3.10/site-packages/airflow/utils/operator_helpers.py", line 252, in run
    return self.func(*args, **kwargs)
  File "/home/airflow/.local/lib/python3.10/site-packages/cosmos/operators/base.py", line 346, in execute
    self.build_and_run_cmd(context=context, cmd_flags=self.add_cmd_flags(), **kwargs)
  File "/home/airflow/.local/lib/python3.10/site-packages/cosmos/operators/local.py", line 968, in build_and_run_cmd
    result = self.run_command(
  File "/home/airflow/.local/lib/python3.10/site-packages/cosmos/operators/local.py", line 743, in run_command
    self.handle_exception(result)
  File "/home/airflow/.local/lib/python3.10/site-packages/cosmos/operators/local.py", line 308, in handle_exception_dbt_runner
    return dbt_runner.handle_exception_if_needed(result)
  File "/home/airflow/.local/lib/python3.10/site-packages/cosmos/dbt/runner.py", line 152, in handle_exception_if_needed
    raise CosmosDbtRunError(f"dbt invocation did not complete with unhandled error: {result.exception}")
cosmos.exceptions.CosmosDbtRunError: dbt invocation did not complete with unhandled error: Database Error
  TrinoQueryError(type=INTERNAL_ERROR, name=GENERIC_INTERNAL_ERROR, message="Namespace does not exist: etl_20260716_000000", query_id=20260717_035736_00023_dedbv)
[2026-07-17T03:57:38.755+0000] {local_task_job_runner.py:266} INFO - Task exited with return code 1
[2026-07-17T03:57:38.771+0000] {local_task_job_runner.py:245} INFO - ::endgroup::
