[2026-07-23T00:47:49.603+0000] {processor.py:186} INFO - Started process (PID=177) to work on /opt/airflow/dags/iceberg_table_optimization.py
[2026-07-23T00:47:49.604+0000] {processor.py:914} INFO - Processing file /opt/airflow/dags/iceberg_table_optimization.py for tasks to queue
[2026-07-23T00:47:49.607+0000] {logging_mixin.py:190} INFO - [2026-07-23T00:47:49.606+0000] {dagbag.py:588} INFO - Filling up the DagBag from /opt/airflow/dags/iceberg_table_optimization.py
[2026-07-23T00:47:49.633+0000] {processor.py:925} INFO - DAG(s) 'iceberg_table_optimization' retrieved from /opt/airflow/dags/iceberg_table_optimization.py
[2026-07-23T00:47:49.700+0000] {logging_mixin.py:190} INFO - [2026-07-23T00:47:49.699+0000] {override.py:1900} INFO - Created Permission View: can edit on DAG:iceberg_table_optimization
[2026-07-23T00:47:49.713+0000] {logging_mixin.py:190} INFO - [2026-07-23T00:47:49.712+0000] {override.py:1900} INFO - Created Permission View: can delete on DAG:iceberg_table_optimization
[2026-07-23T00:47:49.723+0000] {logging_mixin.py:190} INFO - [2026-07-23T00:47:49.722+0000] {override.py:1900} INFO - Created Permission View: can read on DAG:iceberg_table_optimization
[2026-07-23T00:47:49.735+0000] {logging_mixin.py:190} INFO - [2026-07-23T00:47:49.735+0000] {override.py:1900} INFO - Created Permission View: can delete on DAG Run:iceberg_table_optimization
[2026-07-23T00:47:49.745+0000] {logging_mixin.py:190} INFO - [2026-07-23T00:47:49.744+0000] {override.py:1900} INFO - Created Permission View: menu access on DAG Run:iceberg_table_optimization
[2026-07-23T00:47:49.755+0000] {logging_mixin.py:190} INFO - [2026-07-23T00:47:49.755+0000] {override.py:1900} INFO - Created Permission View: can create on DAG Run:iceberg_table_optimization
[2026-07-23T00:47:49.765+0000] {logging_mixin.py:190} INFO - [2026-07-23T00:47:49.764+0000] {override.py:1900} INFO - Created Permission View: can read on DAG Run:iceberg_table_optimization
[2026-07-23T00:47:49.765+0000] {logging_mixin.py:190} INFO - [2026-07-23T00:47:49.765+0000] {dag.py:3239} INFO - Sync 1 DAGs
[2026-07-23T00:47:49.917+0000] {logging_mixin.py:190} INFO - [2026-07-23T00:47:49.916+0000] {dag.py:3262} INFO - Creating ORM DAG for iceberg_table_optimization
[2026-07-23T00:47:49.929+0000] {logging_mixin.py:190} INFO - [2026-07-23T00:47:49.929+0000] {dag.py:4180} INFO - Setting next_dagrun for iceberg_table_optimization to 2026-07-12 02:00:00+00:00, run_after=2026-07-19 02:00:00+00:00
[2026-07-23T00:47:49.960+0000] {processor.py:208} INFO - Processing /opt/airflow/dags/iceberg_table_optimization.py took 0.364 seconds
[2026-07-23T00:48:20.019+0000] {processor.py:186} INFO - Started process (PID=293) to work on /opt/airflow/dags/iceberg_table_optimization.py
[2026-07-23T00:48:20.020+0000] {processor.py:914} INFO - Processing file /opt/airflow/dags/iceberg_table_optimization.py for tasks to queue
[2026-07-23T00:48:20.022+0000] {logging_mixin.py:190} INFO - [2026-07-23T00:48:20.022+0000] {dagbag.py:588} INFO - Filling up the DagBag from /opt/airflow/dags/iceberg_table_optimization.py
[2026-07-23T00:48:20.043+0000] {processor.py:925} INFO - DAG(s) 'iceberg_table_optimization' retrieved from /opt/airflow/dags/iceberg_table_optimization.py
[2026-07-23T00:48:20.064+0000] {logging_mixin.py:190} INFO - [2026-07-23T00:48:20.064+0000] {dag.py:3239} INFO - Sync 1 DAGs
[2026-07-23T00:48:20.084+0000] {logging_mixin.py:190} INFO - [2026-07-23T00:48:20.084+0000] {dag.py:4180} INFO - Setting next_dagrun for iceberg_table_optimization to 2026-07-12 02:00:00+00:00, run_after=2026-07-19 02:00:00+00:00
[2026-07-23T00:48:20.106+0000] {processor.py:208} INFO - Processing /opt/airflow/dags/iceberg_table_optimization.py took 0.092 seconds
[2026-07-23T00:48:50.408+0000] {processor.py:186} INFO - Started process (PID=404) to work on /opt/airflow/dags/iceberg_table_optimization.py
[2026-07-23T00:48:50.409+0000] {processor.py:914} INFO - Processing file /opt/airflow/dags/iceberg_table_optimization.py for tasks to queue
[2026-07-23T00:48:50.411+0000] {logging_mixin.py:190} INFO - [2026-07-23T00:48:50.411+0000] {dagbag.py:588} INFO - Filling up the DagBag from /opt/airflow/dags/iceberg_table_optimization.py
[2026-07-23T00:48:50.433+0000] {processor.py:925} INFO - DAG(s) 'iceberg_table_optimization' retrieved from /opt/airflow/dags/iceberg_table_optimization.py
[2026-07-23T00:48:50.453+0000] {logging_mixin.py:190} INFO - [2026-07-23T00:48:50.453+0000] {dag.py:3239} INFO - Sync 1 DAGs
[2026-07-23T00:48:50.476+0000] {logging_mixin.py:190} INFO - [2026-07-23T00:48:50.476+0000] {dag.py:4180} INFO - Setting next_dagrun for iceberg_table_optimization to 2026-07-12 02:00:00+00:00, run_after=2026-07-19 02:00:00+00:00
[2026-07-23T00:48:50.498+0000] {processor.py:208} INFO - Processing /opt/airflow/dags/iceberg_table_optimization.py took 0.095 seconds
[2026-07-23T00:49:21.151+0000] {processor.py:186} INFO - Started process (PID=518) to work on /opt/airflow/dags/iceberg_table_optimization.py
[2026-07-23T00:49:21.152+0000] {processor.py:914} INFO - Processing file /opt/airflow/dags/iceberg_table_optimization.py for tasks to queue
[2026-07-23T00:49:21.154+0000] {logging_mixin.py:190} INFO - [2026-07-23T00:49:21.154+0000] {dagbag.py:588} INFO - Filling up the DagBag from /opt/airflow/dags/iceberg_table_optimization.py
[2026-07-23T00:49:21.176+0000] {processor.py:925} INFO - DAG(s) 'iceberg_table_optimization' retrieved from /opt/airflow/dags/iceberg_table_optimization.py
[2026-07-23T00:49:21.200+0000] {logging_mixin.py:190} INFO - [2026-07-23T00:49:21.200+0000] {dag.py:3239} INFO - Sync 1 DAGs
[2026-07-23T00:49:21.221+0000] {logging_mixin.py:190} INFO - [2026-07-23T00:49:21.221+0000] {dag.py:4180} INFO - Setting next_dagrun for iceberg_table_optimization to 2026-07-12 02:00:00+00:00, run_after=2026-07-19 02:00:00+00:00
[2026-07-23T00:49:21.242+0000] {processor.py:208} INFO - Processing /opt/airflow/dags/iceberg_table_optimization.py took 0.096 seconds
[2026-07-23T00:49:51.401+0000] {processor.py:186} INFO - Started process (PID=633) to work on /opt/airflow/dags/iceberg_table_optimization.py
[2026-07-23T00:49:51.402+0000] {processor.py:914} INFO - Processing file /opt/airflow/dags/iceberg_table_optimization.py for tasks to queue
[2026-07-23T00:49:51.404+0000] {logging_mixin.py:190} INFO - [2026-07-23T00:49:51.404+0000] {dagbag.py:588} INFO - Filling up the DagBag from /opt/airflow/dags/iceberg_table_optimization.py
[2026-07-23T00:49:51.431+0000] {processor.py:925} INFO - DAG(s) 'iceberg_table_optimization' retrieved from /opt/airflow/dags/iceberg_table_optimization.py
[2026-07-23T00:49:51.457+0000] {logging_mixin.py:190} INFO - [2026-07-23T00:49:51.457+0000] {dag.py:3239} INFO - Sync 1 DAGs
[2026-07-23T00:49:51.486+0000] {logging_mixin.py:190} INFO - [2026-07-23T00:49:51.485+0000] {dag.py:4180} INFO - Setting next_dagrun for iceberg_table_optimization to 2026-07-12 02:00:00+00:00, run_after=2026-07-19 02:00:00+00:00
[2026-07-23T00:49:51.516+0000] {processor.py:208} INFO - Processing /opt/airflow/dags/iceberg_table_optimization.py took 0.120 seconds
[2026-07-23T00:50:22.416+0000] {processor.py:186} INFO - Started process (PID=747) to work on /opt/airflow/dags/iceberg_table_optimization.py
[2026-07-23T00:50:22.417+0000] {processor.py:914} INFO - Processing file /opt/airflow/dags/iceberg_table_optimization.py for tasks to queue
[2026-07-23T00:50:22.419+0000] {logging_mixin.py:190} INFO - [2026-07-23T00:50:22.419+0000] {dagbag.py:588} INFO - Filling up the DagBag from /opt/airflow/dags/iceberg_table_optimization.py
[2026-07-23T00:50:22.438+0000] {processor.py:925} INFO - DAG(s) 'iceberg_table_optimization' retrieved from /opt/airflow/dags/iceberg_table_optimization.py
[2026-07-23T00:50:22.463+0000] {logging_mixin.py:190} INFO - [2026-07-23T00:50:22.463+0000] {dag.py:3239} INFO - Sync 1 DAGs
[2026-07-23T00:50:22.486+0000] {logging_mixin.py:190} INFO - [2026-07-23T00:50:22.486+0000] {dag.py:4180} INFO - Setting next_dagrun for iceberg_table_optimization to 2026-07-12 02:00:00+00:00, run_after=2026-07-19 02:00:00+00:00
[2026-07-23T00:50:22.508+0000] {processor.py:208} INFO - Processing /opt/airflow/dags/iceberg_table_optimization.py took 0.096 seconds
[2026-07-23T00:50:52.650+0000] {processor.py:186} INFO - Started process (PID=860) to work on /opt/airflow/dags/iceberg_table_optimization.py
[2026-07-23T00:50:52.651+0000] {processor.py:914} INFO - Processing file /opt/airflow/dags/iceberg_table_optimization.py for tasks to queue
[2026-07-23T00:50:52.654+0000] {logging_mixin.py:190} INFO - [2026-07-23T00:50:52.654+0000] {dagbag.py:588} INFO - Filling up the DagBag from /opt/airflow/dags/iceberg_table_optimization.py
[2026-07-23T00:50:52.680+0000] {processor.py:925} INFO - DAG(s) 'iceberg_table_optimization' retrieved from /opt/airflow/dags/iceberg_table_optimization.py
[2026-07-23T00:50:52.706+0000] {logging_mixin.py:190} INFO - [2026-07-23T00:50:52.706+0000] {dag.py:3239} INFO - Sync 1 DAGs
[2026-07-23T00:50:52.731+0000] {logging_mixin.py:190} INFO - [2026-07-23T00:50:52.730+0000] {dag.py:4180} INFO - Setting next_dagrun for iceberg_table_optimization to 2026-07-12 02:00:00+00:00, run_after=2026-07-19 02:00:00+00:00
[2026-07-23T00:50:52.748+0000] {processor.py:208} INFO - Processing /opt/airflow/dags/iceberg_table_optimization.py took 0.105 seconds
[2026-07-23T00:51:23.335+0000] {processor.py:186} INFO - Started process (PID=976) to work on /opt/airflow/dags/iceberg_table_optimization.py
[2026-07-23T00:51:23.336+0000] {processor.py:914} INFO - Processing file /opt/airflow/dags/iceberg_table_optimization.py for tasks to queue
[2026-07-23T00:51:23.339+0000] {logging_mixin.py:190} INFO - [2026-07-23T00:51:23.339+0000] {dagbag.py:588} INFO - Filling up the DagBag from /opt/airflow/dags/iceberg_table_optimization.py
[2026-07-23T00:51:23.365+0000] {processor.py:925} INFO - DAG(s) 'iceberg_table_optimization' retrieved from /opt/airflow/dags/iceberg_table_optimization.py
[2026-07-23T00:51:23.388+0000] {logging_mixin.py:190} INFO - [2026-07-23T00:51:23.388+0000] {dag.py:3239} INFO - Sync 1 DAGs
[2026-07-23T00:51:23.409+0000] {logging_mixin.py:190} INFO - [2026-07-23T00:51:23.409+0000] {dag.py:4180} INFO - Setting next_dagrun for iceberg_table_optimization to 2026-07-12 02:00:00+00:00, run_after=2026-07-19 02:00:00+00:00
[2026-07-23T00:51:23.437+0000] {processor.py:208} INFO - Processing /opt/airflow/dags/iceberg_table_optimization.py took 0.108 seconds
[2026-07-23T00:51:54.183+0000] {processor.py:186} INFO - Started process (PID=1090) to work on /opt/airflow/dags/iceberg_table_optimization.py
[2026-07-23T00:51:54.185+0000] {processor.py:914} INFO - Processing file /opt/airflow/dags/iceberg_table_optimization.py for tasks to queue
[2026-07-23T00:51:54.187+0000] {logging_mixin.py:190} INFO - [2026-07-23T00:51:54.187+0000] {dagbag.py:588} INFO - Filling up the DagBag from /opt/airflow/dags/iceberg_table_optimization.py
[2026-07-23T00:51:54.210+0000] {processor.py:925} INFO - DAG(s) 'iceberg_table_optimization' retrieved from /opt/airflow/dags/iceberg_table_optimization.py
[2026-07-23T00:51:54.234+0000] {logging_mixin.py:190} INFO - [2026-07-23T00:51:54.234+0000] {dag.py:3239} INFO - Sync 1 DAGs
[2026-07-23T00:51:54.259+0000] {logging_mixin.py:190} INFO - [2026-07-23T00:51:54.259+0000] {dag.py:4180} INFO - Setting next_dagrun for iceberg_table_optimization to 2026-07-12 02:00:00+00:00, run_after=2026-07-19 02:00:00+00:00
[2026-07-23T00:51:54.280+0000] {processor.py:208} INFO - Processing /opt/airflow/dags/iceberg_table_optimization.py took 0.103 seconds
[2026-07-23T00:52:24.596+0000] {processor.py:186} INFO - Started process (PID=1203) to work on /opt/airflow/dags/iceberg_table_optimization.py
[2026-07-23T00:52:24.597+0000] {processor.py:914} INFO - Processing file /opt/airflow/dags/iceberg_table_optimization.py for tasks to queue
[2026-07-23T00:52:24.602+0000] {logging_mixin.py:190} INFO - [2026-07-23T00:52:24.602+0000] {dagbag.py:588} INFO - Filling up the DagBag from /opt/airflow/dags/iceberg_table_optimization.py
[2026-07-23T00:52:24.626+0000] {processor.py:925} INFO - DAG(s) 'iceberg_table_optimization' retrieved from /opt/airflow/dags/iceberg_table_optimization.py
[2026-07-23T00:52:24.650+0000] {logging_mixin.py:190} INFO - [2026-07-23T00:52:24.650+0000] {dag.py:3239} INFO - Sync 1 DAGs
[2026-07-23T00:52:24.676+0000] {logging_mixin.py:190} INFO - [2026-07-23T00:52:24.676+0000] {dag.py:4180} INFO - Setting next_dagrun for iceberg_table_optimization to 2026-07-12 02:00:00+00:00, run_after=2026-07-19 02:00:00+00:00
[2026-07-23T00:52:24.696+0000] {processor.py:208} INFO - Processing /opt/airflow/dags/iceberg_table_optimization.py took 0.106 seconds
[2026-07-23T00:52:54.924+0000] {processor.py:186} INFO - Started process (PID=1319) to work on /opt/airflow/dags/iceberg_table_optimization.py
[2026-07-23T00:52:54.925+0000] {processor.py:914} INFO - Processing file /opt/airflow/dags/iceberg_table_optimization.py for tasks to queue
[2026-07-23T00:52:54.927+0000] {logging_mixin.py:190} INFO - [2026-07-23T00:52:54.927+0000] {dagbag.py:588} INFO - Filling up the DagBag from /opt/airflow/dags/iceberg_table_optimization.py
[2026-07-23T00:52:54.962+0000] {processor.py:925} INFO - DAG(s) 'iceberg_table_optimization' retrieved from /opt/airflow/dags/iceberg_table_optimization.py
[2026-07-23T00:52:54.989+0000] {logging_mixin.py:190} INFO - [2026-07-23T00:52:54.988+0000] {dag.py:3239} INFO - Sync 1 DAGs
[2026-07-23T00:52:55.012+0000] {logging_mixin.py:190} INFO - [2026-07-23T00:52:55.012+0000] {dag.py:4180} INFO - Setting next_dagrun for iceberg_table_optimization to 2026-07-12 02:00:00+00:00, run_after=2026-07-19 02:00:00+00:00
[2026-07-23T00:52:55.040+0000] {processor.py:208} INFO - Processing /opt/airflow/dags/iceberg_table_optimization.py took 0.122 seconds
[2026-07-23T00:53:25.283+0000] {processor.py:186} INFO - Started process (PID=1436) to work on /opt/airflow/dags/iceberg_table_optimization.py
[2026-07-23T00:53:25.285+0000] {processor.py:914} INFO - Processing file /opt/airflow/dags/iceberg_table_optimization.py for tasks to queue
[2026-07-23T00:53:25.287+0000] {logging_mixin.py:190} INFO - [2026-07-23T00:53:25.287+0000] {dagbag.py:588} INFO - Filling up the DagBag from /opt/airflow/dags/iceberg_table_optimization.py
[2026-07-23T00:53:25.314+0000] {processor.py:925} INFO - DAG(s) 'iceberg_table_optimization' retrieved from /opt/airflow/dags/iceberg_table_optimization.py
[2026-07-23T00:53:25.335+0000] {logging_mixin.py:190} INFO - [2026-07-23T00:53:25.335+0000] {dag.py:3239} INFO - Sync 1 DAGs
[2026-07-23T00:53:25.365+0000] {logging_mixin.py:190} INFO - [2026-07-23T00:53:25.365+0000] {dag.py:4180} INFO - Setting next_dagrun for iceberg_table_optimization to 2026-07-12 02:00:00+00:00, run_after=2026-07-19 02:00:00+00:00
[2026-07-23T00:53:25.392+0000] {processor.py:208} INFO - Processing /opt/airflow/dags/iceberg_table_optimization.py took 0.115 seconds
[2026-07-23T01:55:59.861+0000] {processor.py:186} INFO - Started process (PID=175) to work on /opt/airflow/dags/iceberg_table_optimization.py
[2026-07-23T01:55:59.863+0000] {processor.py:914} INFO - Processing file /opt/airflow/dags/iceberg_table_optimization.py for tasks to queue
[2026-07-23T01:55:59.866+0000] {logging_mixin.py:190} INFO - [2026-07-23T01:55:59.866+0000] {dagbag.py:588} INFO - Filling up the DagBag from /opt/airflow/dags/iceberg_table_optimization.py
[2026-07-23T01:55:59.898+0000] {processor.py:925} INFO - DAG(s) 'iceberg_table_optimization' retrieved from /opt/airflow/dags/iceberg_table_optimization.py
[2026-07-23T01:55:59.995+0000] {logging_mixin.py:190} INFO - [2026-07-23T01:55:59.994+0000] {override.py:1900} INFO - Created Permission View: can read on DAG:iceberg_table_optimization
[2026-07-23T01:56:00.017+0000] {logging_mixin.py:190} INFO - [2026-07-23T01:56:00.016+0000] {override.py:1900} INFO - Created Permission View: can delete on DAG:iceberg_table_optimization
[2026-07-23T01:56:00.032+0000] {logging_mixin.py:190} INFO - [2026-07-23T01:56:00.031+0000] {override.py:1900} INFO - Created Permission View: can edit on DAG:iceberg_table_optimization
[2026-07-23T01:56:00.045+0000] {logging_mixin.py:190} INFO - [2026-07-23T01:56:00.045+0000] {override.py:1900} INFO - Created Permission View: can read on DAG Run:iceberg_table_optimization
[2026-07-23T01:56:00.057+0000] {logging_mixin.py:190} INFO - [2026-07-23T01:56:00.057+0000] {override.py:1900} INFO - Created Permission View: can delete on DAG Run:iceberg_table_optimization
[2026-07-23T01:56:00.068+0000] {logging_mixin.py:190} INFO - [2026-07-23T01:56:00.067+0000] {override.py:1900} INFO - Created Permission View: can create on DAG Run:iceberg_table_optimization
[2026-07-23T01:56:00.077+0000] {logging_mixin.py:190} INFO - [2026-07-23T01:56:00.076+0000] {override.py:1900} INFO - Created Permission View: menu access on DAG Run:iceberg_table_optimization
[2026-07-23T01:56:00.078+0000] {logging_mixin.py:190} INFO - [2026-07-23T01:56:00.078+0000] {dag.py:3239} INFO - Sync 1 DAGs
[2026-07-23T01:56:00.252+0000] {logging_mixin.py:190} INFO - [2026-07-23T01:56:00.251+0000] {dag.py:3262} INFO - Creating ORM DAG for iceberg_table_optimization
[2026-07-23T01:56:00.264+0000] {logging_mixin.py:190} INFO - [2026-07-23T01:56:00.264+0000] {dag.py:4180} INFO - Setting next_dagrun for iceberg_table_optimization to 2026-07-12 02:00:00+00:00, run_after=2026-07-19 02:00:00+00:00
[2026-07-23T01:56:00.296+0000] {processor.py:208} INFO - Processing /opt/airflow/dags/iceberg_table_optimization.py took 0.444 seconds
[2026-07-23T01:56:30.884+0000] {processor.py:186} INFO - Started process (PID=293) to work on /opt/airflow/dags/iceberg_table_optimization.py
[2026-07-23T01:56:30.886+0000] {processor.py:914} INFO - Processing file /opt/airflow/dags/iceberg_table_optimization.py for tasks to queue
[2026-07-23T01:56:30.889+0000] {logging_mixin.py:190} INFO - [2026-07-23T01:56:30.888+0000] {dagbag.py:588} INFO - Filling up the DagBag from /opt/airflow/dags/iceberg_table_optimization.py
[2026-07-23T01:56:30.921+0000] {processor.py:925} INFO - DAG(s) 'iceberg_table_optimization' retrieved from /opt/airflow/dags/iceberg_table_optimization.py
[2026-07-23T01:56:30.952+0000] {logging_mixin.py:190} INFO - [2026-07-23T01:56:30.951+0000] {dag.py:3239} INFO - Sync 1 DAGs
[2026-07-23T01:56:30.981+0000] {logging_mixin.py:190} INFO - [2026-07-23T01:56:30.980+0000] {dag.py:4180} INFO - Setting next_dagrun for iceberg_table_optimization to 2026-07-12 02:00:00+00:00, run_after=2026-07-19 02:00:00+00:00
[2026-07-23T01:56:31.016+0000] {processor.py:208} INFO - Processing /opt/airflow/dags/iceberg_table_optimization.py took 0.137 seconds
[2026-07-23T01:57:01.716+0000] {processor.py:186} INFO - Started process (PID=404) to work on /opt/airflow/dags/iceberg_table_optimization.py
[2026-07-23T01:57:01.717+0000] {processor.py:914} INFO - Processing file /opt/airflow/dags/iceberg_table_optimization.py for tasks to queue
[2026-07-23T01:57:01.720+0000] {logging_mixin.py:190} INFO - [2026-07-23T01:57:01.719+0000] {dagbag.py:588} INFO - Filling up the DagBag from /opt/airflow/dags/iceberg_table_optimization.py
[2026-07-23T01:57:01.748+0000] {processor.py:925} INFO - DAG(s) 'iceberg_table_optimization' retrieved from /opt/airflow/dags/iceberg_table_optimization.py
[2026-07-23T01:57:01.774+0000] {logging_mixin.py:190} INFO - [2026-07-23T01:57:01.773+0000] {dag.py:3239} INFO - Sync 1 DAGs
[2026-07-23T01:57:01.797+0000] {logging_mixin.py:190} INFO - [2026-07-23T01:57:01.797+0000] {dag.py:4180} INFO - Setting next_dagrun for iceberg_table_optimization to 2026-07-12 02:00:00+00:00, run_after=2026-07-19 02:00:00+00:00
[2026-07-23T01:57:01.821+0000] {processor.py:208} INFO - Processing /opt/airflow/dags/iceberg_table_optimization.py took 0.112 seconds
[2026-07-23T01:57:32.380+0000] {processor.py:186} INFO - Started process (PID=524) to work on /opt/airflow/dags/iceberg_table_optimization.py
[2026-07-23T01:57:32.380+0000] {processor.py:914} INFO - Processing file /opt/airflow/dags/iceberg_table_optimization.py for tasks to queue
[2026-07-23T01:57:32.382+0000] {logging_mixin.py:190} INFO - [2026-07-23T01:57:32.382+0000] {dagbag.py:588} INFO - Filling up the DagBag from /opt/airflow/dags/iceberg_table_optimization.py
[2026-07-23T01:57:32.402+0000] {processor.py:925} INFO - DAG(s) 'iceberg_table_optimization' retrieved from /opt/airflow/dags/iceberg_table_optimization.py
[2026-07-23T01:57:32.424+0000] {logging_mixin.py:190} INFO - [2026-07-23T01:57:32.424+0000] {dag.py:3239} INFO - Sync 1 DAGs
[2026-07-23T01:57:32.445+0000] {logging_mixin.py:190} INFO - [2026-07-23T01:57:32.445+0000] {dag.py:4180} INFO - Setting next_dagrun for iceberg_table_optimization to 2026-07-12 02:00:00+00:00, run_after=2026-07-19 02:00:00+00:00
[2026-07-23T01:57:32.462+0000] {processor.py:208} INFO - Processing /opt/airflow/dags/iceberg_table_optimization.py took 0.088 seconds
[2026-07-23T01:58:02.762+0000] {processor.py:186} INFO - Started process (PID=637) to work on /opt/airflow/dags/iceberg_table_optimization.py
[2026-07-23T01:58:02.763+0000] {processor.py:914} INFO - Processing file /opt/airflow/dags/iceberg_table_optimization.py for tasks to queue
[2026-07-23T01:58:02.765+0000] {logging_mixin.py:190} INFO - [2026-07-23T01:58:02.765+0000] {dagbag.py:588} INFO - Filling up the DagBag from /opt/airflow/dags/iceberg_table_optimization.py
[2026-07-23T01:58:02.787+0000] {processor.py:925} INFO - DAG(s) 'iceberg_table_optimization' retrieved from /opt/airflow/dags/iceberg_table_optimization.py
[2026-07-23T01:58:02.807+0000] {logging_mixin.py:190} INFO - [2026-07-23T01:58:02.807+0000] {dag.py:3239} INFO - Sync 1 DAGs
[2026-07-23T01:58:02.828+0000] {logging_mixin.py:190} INFO - [2026-07-23T01:58:02.828+0000] {dag.py:4180} INFO - Setting next_dagrun for iceberg_table_optimization to 2026-07-12 02:00:00+00:00, run_after=2026-07-19 02:00:00+00:00
[2026-07-23T01:58:02.849+0000] {processor.py:208} INFO - Processing /opt/airflow/dags/iceberg_table_optimization.py took 0.092 seconds
[2026-07-23T01:58:33.791+0000] {processor.py:186} INFO - Started process (PID=753) to work on /opt/airflow/dags/iceberg_table_optimization.py
[2026-07-23T01:58:33.793+0000] {processor.py:914} INFO - Processing file /opt/airflow/dags/iceberg_table_optimization.py for tasks to queue
[2026-07-23T01:58:33.795+0000] {logging_mixin.py:190} INFO - [2026-07-23T01:58:33.795+0000] {dagbag.py:588} INFO - Filling up the DagBag from /opt/airflow/dags/iceberg_table_optimization.py
[2026-07-23T01:58:33.817+0000] {processor.py:925} INFO - DAG(s) 'iceberg_table_optimization' retrieved from /opt/airflow/dags/iceberg_table_optimization.py
[2026-07-23T01:58:33.838+0000] {logging_mixin.py:190} INFO - [2026-07-23T01:58:33.838+0000] {dag.py:3239} INFO - Sync 1 DAGs
[2026-07-23T01:58:33.859+0000] {logging_mixin.py:190} INFO - [2026-07-23T01:58:33.858+0000] {dag.py:4180} INFO - Setting next_dagrun for iceberg_table_optimization to 2026-07-12 02:00:00+00:00, run_after=2026-07-19 02:00:00+00:00
[2026-07-23T01:58:33.880+0000] {processor.py:208} INFO - Processing /opt/airflow/dags/iceberg_table_optimization.py took 0.094 seconds
[2026-07-23T01:59:04.787+0000] {processor.py:186} INFO - Started process (PID=869) to work on /opt/airflow/dags/iceberg_table_optimization.py
[2026-07-23T01:59:04.788+0000] {processor.py:914} INFO - Processing file /opt/airflow/dags/iceberg_table_optimization.py for tasks to queue
[2026-07-23T01:59:04.790+0000] {logging_mixin.py:190} INFO - [2026-07-23T01:59:04.790+0000] {dagbag.py:588} INFO - Filling up the DagBag from /opt/airflow/dags/iceberg_table_optimization.py
[2026-07-23T01:59:04.814+0000] {processor.py:925} INFO - DAG(s) 'iceberg_table_optimization' retrieved from /opt/airflow/dags/iceberg_table_optimization.py
[2026-07-23T01:59:04.837+0000] {logging_mixin.py:190} INFO - [2026-07-23T01:59:04.836+0000] {dag.py:3239} INFO - Sync 1 DAGs
[2026-07-23T01:59:04.857+0000] {logging_mixin.py:190} INFO - [2026-07-23T01:59:04.857+0000] {dag.py:4180} INFO - Setting next_dagrun for iceberg_table_optimization to 2026-07-12 02:00:00+00:00, run_after=2026-07-19 02:00:00+00:00
[2026-07-23T01:59:04.876+0000] {processor.py:208} INFO - Processing /opt/airflow/dags/iceberg_table_optimization.py took 0.095 seconds
[2026-07-23T01:59:35.741+0000] {processor.py:186} INFO - Started process (PID=983) to work on /opt/airflow/dags/iceberg_table_optimization.py
[2026-07-23T01:59:35.742+0000] {processor.py:914} INFO - Processing file /opt/airflow/dags/iceberg_table_optimization.py for tasks to queue
[2026-07-23T01:59:35.745+0000] {logging_mixin.py:190} INFO - [2026-07-23T01:59:35.744+0000] {dagbag.py:588} INFO - Filling up the DagBag from /opt/airflow/dags/iceberg_table_optimization.py
[2026-07-23T01:59:35.766+0000] {processor.py:925} INFO - DAG(s) 'iceberg_table_optimization' retrieved from /opt/airflow/dags/iceberg_table_optimization.py
[2026-07-23T01:59:35.791+0000] {logging_mixin.py:190} INFO - [2026-07-23T01:59:35.790+0000] {dag.py:3239} INFO - Sync 1 DAGs
[2026-07-23T01:59:35.815+0000] {logging_mixin.py:190} INFO - [2026-07-23T01:59:35.815+0000] {dag.py:4180} INFO - Setting next_dagrun for iceberg_table_optimization to 2026-07-12 02:00:00+00:00, run_after=2026-07-19 02:00:00+00:00
[2026-07-23T01:59:35.838+0000] {processor.py:208} INFO - Processing /opt/airflow/dags/iceberg_table_optimization.py took 0.103 seconds
[2026-07-23T02:00:05.996+0000] {processor.py:186} INFO - Started process (PID=1096) to work on /opt/airflow/dags/iceberg_table_optimization.py
[2026-07-23T02:00:05.997+0000] {processor.py:914} INFO - Processing file /opt/airflow/dags/iceberg_table_optimization.py for tasks to queue
[2026-07-23T02:00:05.999+0000] {logging_mixin.py:190} INFO - [2026-07-23T02:00:05.999+0000] {dagbag.py:588} INFO - Filling up the DagBag from /opt/airflow/dags/iceberg_table_optimization.py
[2026-07-23T02:00:06.020+0000] {processor.py:925} INFO - DAG(s) 'iceberg_table_optimization' retrieved from /opt/airflow/dags/iceberg_table_optimization.py
[2026-07-23T02:00:06.043+0000] {logging_mixin.py:190} INFO - [2026-07-23T02:00:06.042+0000] {dag.py:3239} INFO - Sync 1 DAGs
[2026-07-23T02:00:06.080+0000] {logging_mixin.py:190} INFO - [2026-07-23T02:00:06.080+0000] {dag.py:4180} INFO - Setting next_dagrun for iceberg_table_optimization to 2026-07-12 02:00:00+00:00, run_after=2026-07-19 02:00:00+00:00
[2026-07-23T02:00:06.111+0000] {processor.py:208} INFO - Processing /opt/airflow/dags/iceberg_table_optimization.py took 0.120 seconds
[2026-07-23T02:00:36.288+0000] {processor.py:186} INFO - Started process (PID=1212) to work on /opt/airflow/dags/iceberg_table_optimization.py
[2026-07-23T02:00:36.290+0000] {processor.py:914} INFO - Processing file /opt/airflow/dags/iceberg_table_optimization.py for tasks to queue
[2026-07-23T02:00:36.293+0000] {logging_mixin.py:190} INFO - [2026-07-23T02:00:36.292+0000] {dagbag.py:588} INFO - Filling up the DagBag from /opt/airflow/dags/iceberg_table_optimization.py
[2026-07-23T02:00:36.317+0000] {processor.py:925} INFO - DAG(s) 'iceberg_table_optimization' retrieved from /opt/airflow/dags/iceberg_table_optimization.py
[2026-07-23T02:00:36.344+0000] {logging_mixin.py:190} INFO - [2026-07-23T02:00:36.344+0000] {dag.py:3239} INFO - Sync 1 DAGs
[2026-07-23T02:00:36.367+0000] {logging_mixin.py:190} INFO - [2026-07-23T02:00:36.367+0000] {dag.py:4180} INFO - Setting next_dagrun for iceberg_table_optimization to 2026-07-12 02:00:00+00:00, run_after=2026-07-19 02:00:00+00:00
[2026-07-23T02:00:36.388+0000] {processor.py:208} INFO - Processing /opt/airflow/dags/iceberg_table_optimization.py took 0.106 seconds
[2026-07-23T02:01:07.465+0000] {processor.py:186} INFO - Started process (PID=1326) to work on /opt/airflow/dags/iceberg_table_optimization.py
[2026-07-23T02:01:07.466+0000] {processor.py:914} INFO - Processing file /opt/airflow/dags/iceberg_table_optimization.py for tasks to queue
[2026-07-23T02:01:07.468+0000] {logging_mixin.py:190} INFO - [2026-07-23T02:01:07.468+0000] {dagbag.py:588} INFO - Filling up the DagBag from /opt/airflow/dags/iceberg_table_optimization.py
[2026-07-23T02:01:07.489+0000] {processor.py:925} INFO - DAG(s) 'iceberg_table_optimization' retrieved from /opt/airflow/dags/iceberg_table_optimization.py
[2026-07-23T02:01:07.511+0000] {logging_mixin.py:190} INFO - [2026-07-23T02:01:07.511+0000] {dag.py:3239} INFO - Sync 1 DAGs
[2026-07-23T02:01:07.532+0000] {logging_mixin.py:190} INFO - [2026-07-23T02:01:07.532+0000] {dag.py:4180} INFO - Setting next_dagrun for iceberg_table_optimization to 2026-07-12 02:00:00+00:00, run_after=2026-07-19 02:00:00+00:00
[2026-07-23T02:01:07.549+0000] {processor.py:208} INFO - Processing /opt/airflow/dags/iceberg_table_optimization.py took 0.090 seconds
[2026-07-23T02:01:37.741+0000] {processor.py:186} INFO - Started process (PID=1616) to work on /opt/airflow/dags/iceberg_table_optimization.py
[2026-07-23T02:01:37.742+0000] {processor.py:914} INFO - Processing file /opt/airflow/dags/iceberg_table_optimization.py for tasks to queue
[2026-07-23T02:01:37.745+0000] {logging_mixin.py:190} INFO - [2026-07-23T02:01:37.744+0000] {dagbag.py:588} INFO - Filling up the DagBag from /opt/airflow/dags/iceberg_table_optimization.py
[2026-07-23T02:01:37.783+0000] {processor.py:925} INFO - DAG(s) 'iceberg_table_optimization' retrieved from /opt/airflow/dags/iceberg_table_optimization.py
[2026-07-23T02:01:37.808+0000] {logging_mixin.py:190} INFO - [2026-07-23T02:01:37.808+0000] {dag.py:3239} INFO - Sync 1 DAGs
[2026-07-23T02:01:37.829+0000] {logging_mixin.py:190} INFO - [2026-07-23T02:01:37.828+0000] {dag.py:4180} INFO - Setting next_dagrun for iceberg_table_optimization to 2026-07-12 02:00:00+00:00, run_after=2026-07-19 02:00:00+00:00
[2026-07-23T02:01:37.850+0000] {processor.py:208} INFO - Processing /opt/airflow/dags/iceberg_table_optimization.py took 0.115 seconds
[2026-07-23T02:02:08.641+0000] {processor.py:186} INFO - Started process (PID=1894) to work on /opt/airflow/dags/iceberg_table_optimization.py
[2026-07-23T02:02:08.642+0000] {processor.py:914} INFO - Processing file /opt/airflow/dags/iceberg_table_optimization.py for tasks to queue
[2026-07-23T02:02:08.644+0000] {logging_mixin.py:190} INFO - [2026-07-23T02:02:08.644+0000] {dagbag.py:588} INFO - Filling up the DagBag from /opt/airflow/dags/iceberg_table_optimization.py
[2026-07-23T02:02:08.674+0000] {processor.py:925} INFO - DAG(s) 'iceberg_table_optimization' retrieved from /opt/airflow/dags/iceberg_table_optimization.py
[2026-07-23T02:02:08.700+0000] {logging_mixin.py:190} INFO - [2026-07-23T02:02:08.699+0000] {dag.py:3239} INFO - Sync 1 DAGs
[2026-07-23T02:02:08.723+0000] {logging_mixin.py:190} INFO - [2026-07-23T02:02:08.723+0000] {dag.py:4180} INFO - Setting next_dagrun for iceberg_table_optimization to 2026-07-12 02:00:00+00:00, run_after=2026-07-19 02:00:00+00:00
[2026-07-23T02:02:08.746+0000] {processor.py:208} INFO - Processing /opt/airflow/dags/iceberg_table_optimization.py took 0.111 seconds
[2026-07-23T02:02:39.701+0000] {processor.py:186} INFO - Started process (PID=2020) to work on /opt/airflow/dags/iceberg_table_optimization.py
[2026-07-23T02:02:39.702+0000] {processor.py:914} INFO - Processing file /opt/airflow/dags/iceberg_table_optimization.py for tasks to queue
[2026-07-23T02:02:39.704+0000] {logging_mixin.py:190} INFO - [2026-07-23T02:02:39.704+0000] {dagbag.py:588} INFO - Filling up the DagBag from /opt/airflow/dags/iceberg_table_optimization.py
[2026-07-23T02:02:39.724+0000] {processor.py:925} INFO - DAG(s) 'iceberg_table_optimization' retrieved from /opt/airflow/dags/iceberg_table_optimization.py
[2026-07-23T02:02:39.751+0000] {logging_mixin.py:190} INFO - [2026-07-23T02:02:39.751+0000] {dag.py:3239} INFO - Sync 1 DAGs
[2026-07-23T02:02:39.774+0000] {logging_mixin.py:190} INFO - [2026-07-23T02:02:39.774+0000] {dag.py:4180} INFO - Setting next_dagrun for iceberg_table_optimization to 2026-07-12 02:00:00+00:00, run_after=2026-07-19 02:00:00+00:00
[2026-07-23T02:02:39.794+0000] {processor.py:208} INFO - Processing /opt/airflow/dags/iceberg_table_optimization.py took 0.098 seconds
[2026-07-23T02:03:10.774+0000] {processor.py:186} INFO - Started process (PID=2170) to work on /opt/airflow/dags/iceberg_table_optimization.py
[2026-07-23T02:03:10.775+0000] {processor.py:914} INFO - Processing file /opt/airflow/dags/iceberg_table_optimization.py for tasks to queue
[2026-07-23T02:03:10.779+0000] {logging_mixin.py:190} INFO - [2026-07-23T02:03:10.779+0000] {dagbag.py:588} INFO - Filling up the DagBag from /opt/airflow/dags/iceberg_table_optimization.py
[2026-07-23T02:03:10.829+0000] {processor.py:925} INFO - DAG(s) 'iceberg_table_optimization' retrieved from /opt/airflow/dags/iceberg_table_optimization.py
[2026-07-23T02:03:10.913+0000] {logging_mixin.py:190} INFO - [2026-07-23T02:03:10.912+0000] {dag.py:3239} INFO - Sync 1 DAGs
[2026-07-23T02:03:10.964+0000] {logging_mixin.py:190} INFO - [2026-07-23T02:03:10.964+0000] {dag.py:4180} INFO - Setting next_dagrun for iceberg_table_optimization to 2026-07-12 02:00:00+00:00, run_after=2026-07-19 02:00:00+00:00
[2026-07-23T02:03:11.001+0000] {processor.py:208} INFO - Processing /opt/airflow/dags/iceberg_table_optimization.py took 0.237 seconds
[2026-07-23T02:03:41.117+0000] {processor.py:186} INFO - Started process (PID=2346) to work on /opt/airflow/dags/iceberg_table_optimization.py
[2026-07-23T02:03:41.118+0000] {processor.py:914} INFO - Processing file /opt/airflow/dags/iceberg_table_optimization.py for tasks to queue
[2026-07-23T02:03:41.120+0000] {logging_mixin.py:190} INFO - [2026-07-23T02:03:41.120+0000] {dagbag.py:588} INFO - Filling up the DagBag from /opt/airflow/dags/iceberg_table_optimization.py
[2026-07-23T02:03:41.148+0000] {processor.py:925} INFO - DAG(s) 'iceberg_table_optimization' retrieved from /opt/airflow/dags/iceberg_table_optimization.py
[2026-07-23T02:03:41.173+0000] {logging_mixin.py:190} INFO - [2026-07-23T02:03:41.173+0000] {dag.py:3239} INFO - Sync 1 DAGs
[2026-07-23T02:03:41.203+0000] {logging_mixin.py:190} INFO - [2026-07-23T02:03:41.202+0000] {dag.py:4180} INFO - Setting next_dagrun for iceberg_table_optimization to 2026-07-12 02:00:00+00:00, run_after=2026-07-19 02:00:00+00:00
[2026-07-23T02:03:41.225+0000] {processor.py:208} INFO - Processing /opt/airflow/dags/iceberg_table_optimization.py took 0.115 seconds
[2026-07-23T02:04:11.336+0000] {processor.py:186} INFO - Started process (PID=2495) to work on /opt/airflow/dags/iceberg_table_optimization.py
[2026-07-23T02:04:11.338+0000] {processor.py:914} INFO - Processing file /opt/airflow/dags/iceberg_table_optimization.py for tasks to queue
[2026-07-23T02:04:11.340+0000] {logging_mixin.py:190} INFO - [2026-07-23T02:04:11.340+0000] {dagbag.py:588} INFO - Filling up the DagBag from /opt/airflow/dags/iceberg_table_optimization.py
[2026-07-23T02:04:11.361+0000] {processor.py:925} INFO - DAG(s) 'iceberg_table_optimization' retrieved from /opt/airflow/dags/iceberg_table_optimization.py
[2026-07-23T02:04:11.384+0000] {logging_mixin.py:190} INFO - [2026-07-23T02:04:11.384+0000] {dag.py:3239} INFO - Sync 1 DAGs
[2026-07-23T02:04:11.405+0000] {logging_mixin.py:190} INFO - [2026-07-23T02:04:11.405+0000] {dag.py:4180} INFO - Setting next_dagrun for iceberg_table_optimization to 2026-07-12 02:00:00+00:00, run_after=2026-07-19 02:00:00+00:00
[2026-07-23T02:04:11.425+0000] {processor.py:208} INFO - Processing /opt/airflow/dags/iceberg_table_optimization.py took 0.095 seconds
[2026-07-23T02:04:41.515+0000] {processor.py:186} INFO - Started process (PID=2611) to work on /opt/airflow/dags/iceberg_table_optimization.py
[2026-07-23T02:04:41.516+0000] {processor.py:914} INFO - Processing file /opt/airflow/dags/iceberg_table_optimization.py for tasks to queue
[2026-07-23T02:04:41.518+0000] {logging_mixin.py:190} INFO - [2026-07-23T02:04:41.518+0000] {dagbag.py:588} INFO - Filling up the DagBag from /opt/airflow/dags/iceberg_table_optimization.py
[2026-07-23T02:04:41.533+0000] {processor.py:925} INFO - DAG(s) 'iceberg_table_optimization' retrieved from /opt/airflow/dags/iceberg_table_optimization.py
[2026-07-23T02:04:41.555+0000] {logging_mixin.py:190} INFO - [2026-07-23T02:04:41.554+0000] {dag.py:3239} INFO - Sync 1 DAGs
[2026-07-23T02:04:41.575+0000] {logging_mixin.py:190} INFO - [2026-07-23T02:04:41.575+0000] {dag.py:4180} INFO - Setting next_dagrun for iceberg_table_optimization to 2026-07-12 02:00:00+00:00, run_after=2026-07-19 02:00:00+00:00
[2026-07-23T02:04:41.601+0000] {processor.py:208} INFO - Processing /opt/airflow/dags/iceberg_table_optimization.py took 0.091 seconds
[2026-07-23T02:05:12.266+0000] {processor.py:186} INFO - Started process (PID=2740) to work on /opt/airflow/dags/iceberg_table_optimization.py
[2026-07-23T02:05:12.267+0000] {processor.py:914} INFO - Processing file /opt/airflow/dags/iceberg_table_optimization.py for tasks to queue
[2026-07-23T02:05:12.269+0000] {logging_mixin.py:190} INFO - [2026-07-23T02:05:12.269+0000] {dagbag.py:588} INFO - Filling up the DagBag from /opt/airflow/dags/iceberg_table_optimization.py
[2026-07-23T02:05:12.294+0000] {processor.py:925} INFO - DAG(s) 'iceberg_table_optimization' retrieved from /opt/airflow/dags/iceberg_table_optimization.py
[2026-07-23T02:05:12.316+0000] {logging_mixin.py:190} INFO - [2026-07-23T02:05:12.315+0000] {dag.py:3239} INFO - Sync 1 DAGs
[2026-07-23T02:05:12.336+0000] {logging_mixin.py:190} INFO - [2026-07-23T02:05:12.336+0000] {dag.py:4180} INFO - Setting next_dagrun for iceberg_table_optimization to 2026-07-12 02:00:00+00:00, run_after=2026-07-19 02:00:00+00:00
[2026-07-23T02:05:12.355+0000] {processor.py:208} INFO - Processing /opt/airflow/dags/iceberg_table_optimization.py took 0.095 seconds
[2026-07-23T02:05:42.989+0000] {processor.py:186} INFO - Started process (PID=2853) to work on /opt/airflow/dags/iceberg_table_optimization.py
[2026-07-23T02:05:42.990+0000] {processor.py:914} INFO - Processing file /opt/airflow/dags/iceberg_table_optimization.py for tasks to queue
[2026-07-23T02:05:42.992+0000] {logging_mixin.py:190} INFO - [2026-07-23T02:05:42.992+0000] {dagbag.py:588} INFO - Filling up the DagBag from /opt/airflow/dags/iceberg_table_optimization.py
[2026-07-23T02:05:43.013+0000] {processor.py:925} INFO - DAG(s) 'iceberg_table_optimization' retrieved from /opt/airflow/dags/iceberg_table_optimization.py
[2026-07-23T02:05:43.035+0000] {logging_mixin.py:190} INFO - [2026-07-23T02:05:43.035+0000] {dag.py:3239} INFO - Sync 1 DAGs
[2026-07-23T02:05:43.058+0000] {logging_mixin.py:190} INFO - [2026-07-23T02:05:43.058+0000] {dag.py:4180} INFO - Setting next_dagrun for iceberg_table_optimization to 2026-07-12 02:00:00+00:00, run_after=2026-07-19 02:00:00+00:00
[2026-07-23T02:05:43.078+0000] {processor.py:208} INFO - Processing /opt/airflow/dags/iceberg_table_optimization.py took 0.095 seconds
[2026-07-23T02:06:13.454+0000] {processor.py:186} INFO - Started process (PID=2969) to work on /opt/airflow/dags/iceberg_table_optimization.py
[2026-07-23T02:06:13.455+0000] {processor.py:914} INFO - Processing file /opt/airflow/dags/iceberg_table_optimization.py for tasks to queue
[2026-07-23T02:06:13.457+0000] {logging_mixin.py:190} INFO - [2026-07-23T02:06:13.457+0000] {dagbag.py:588} INFO - Filling up the DagBag from /opt/airflow/dags/iceberg_table_optimization.py
[2026-07-23T02:06:13.484+0000] {processor.py:925} INFO - DAG(s) 'iceberg_table_optimization' retrieved from /opt/airflow/dags/iceberg_table_optimization.py
[2026-07-23T02:06:13.506+0000] {logging_mixin.py:190} INFO - [2026-07-23T02:06:13.505+0000] {dag.py:3239} INFO - Sync 1 DAGs
[2026-07-23T02:06:13.527+0000] {logging_mixin.py:190} INFO - [2026-07-23T02:06:13.527+0000] {dag.py:4180} INFO - Setting next_dagrun for iceberg_table_optimization to 2026-07-12 02:00:00+00:00, run_after=2026-07-19 02:00:00+00:00
[2026-07-23T02:06:13.543+0000] {processor.py:208} INFO - Processing /opt/airflow/dags/iceberg_table_optimization.py took 0.094 seconds
[2026-07-23T02:06:44.347+0000] {processor.py:186} INFO - Started process (PID=3085) to work on /opt/airflow/dags/iceberg_table_optimization.py
[2026-07-23T02:06:44.348+0000] {processor.py:914} INFO - Processing file /opt/airflow/dags/iceberg_table_optimization.py for tasks to queue
[2026-07-23T02:06:44.350+0000] {logging_mixin.py:190} INFO - [2026-07-23T02:06:44.350+0000] {dagbag.py:588} INFO - Filling up the DagBag from /opt/airflow/dags/iceberg_table_optimization.py
[2026-07-23T02:06:44.377+0000] {processor.py:925} INFO - DAG(s) 'iceberg_table_optimization' retrieved from /opt/airflow/dags/iceberg_table_optimization.py
[2026-07-23T02:06:44.400+0000] {logging_mixin.py:190} INFO - [2026-07-23T02:06:44.399+0000] {dag.py:3239} INFO - Sync 1 DAGs
[2026-07-23T02:06:44.420+0000] {logging_mixin.py:190} INFO - [2026-07-23T02:06:44.420+0000] {dag.py:4180} INFO - Setting next_dagrun for iceberg_table_optimization to 2026-07-12 02:00:00+00:00, run_after=2026-07-19 02:00:00+00:00
[2026-07-23T02:06:44.437+0000] {processor.py:208} INFO - Processing /opt/airflow/dags/iceberg_table_optimization.py took 0.096 seconds
[2026-07-23T02:07:14.985+0000] {processor.py:186} INFO - Started process (PID=3199) to work on /opt/airflow/dags/iceberg_table_optimization.py
[2026-07-23T02:07:14.986+0000] {processor.py:914} INFO - Processing file /opt/airflow/dags/iceberg_table_optimization.py for tasks to queue
[2026-07-23T02:07:14.988+0000] {logging_mixin.py:190} INFO - [2026-07-23T02:07:14.988+0000] {dagbag.py:588} INFO - Filling up the DagBag from /opt/airflow/dags/iceberg_table_optimization.py
[2026-07-23T02:07:15.009+0000] {processor.py:925} INFO - DAG(s) 'iceberg_table_optimization' retrieved from /opt/airflow/dags/iceberg_table_optimization.py
[2026-07-23T02:07:15.030+0000] {logging_mixin.py:190} INFO - [2026-07-23T02:07:15.030+0000] {dag.py:3239} INFO - Sync 1 DAGs
[2026-07-23T02:07:15.052+0000] {logging_mixin.py:190} INFO - [2026-07-23T02:07:15.052+0000] {dag.py:4180} INFO - Setting next_dagrun for iceberg_table_optimization to 2026-07-12 02:00:00+00:00, run_after=2026-07-19 02:00:00+00:00
[2026-07-23T02:07:15.073+0000] {processor.py:208} INFO - Processing /opt/airflow/dags/iceberg_table_optimization.py took 0.093 seconds
[2026-07-23T02:07:45.588+0000] {processor.py:186} INFO - Started process (PID=3312) to work on /opt/airflow/dags/iceberg_table_optimization.py
[2026-07-23T02:07:45.589+0000] {processor.py:914} INFO - Processing file /opt/airflow/dags/iceberg_table_optimization.py for tasks to queue
[2026-07-23T02:07:45.592+0000] {logging_mixin.py:190} INFO - [2026-07-23T02:07:45.591+0000] {dagbag.py:588} INFO - Filling up the DagBag from /opt/airflow/dags/iceberg_table_optimization.py
[2026-07-23T02:07:45.613+0000] {processor.py:925} INFO - DAG(s) 'iceberg_table_optimization' retrieved from /opt/airflow/dags/iceberg_table_optimization.py
[2026-07-23T02:07:45.636+0000] {logging_mixin.py:190} INFO - [2026-07-23T02:07:45.635+0000] {dag.py:3239} INFO - Sync 1 DAGs
[2026-07-23T02:07:45.660+0000] {logging_mixin.py:190} INFO - [2026-07-23T02:07:45.659+0000] {dag.py:4180} INFO - Setting next_dagrun for iceberg_table_optimization to 2026-07-12 02:00:00+00:00, run_after=2026-07-19 02:00:00+00:00
[2026-07-23T02:07:45.683+0000] {processor.py:208} INFO - Processing /opt/airflow/dags/iceberg_table_optimization.py took 0.100 seconds
[2026-07-23T02:08:16.048+0000] {processor.py:186} INFO - Started process (PID=3428) to work on /opt/airflow/dags/iceberg_table_optimization.py
[2026-07-23T02:08:16.050+0000] {processor.py:914} INFO - Processing file /opt/airflow/dags/iceberg_table_optimization.py for tasks to queue
[2026-07-23T02:08:16.052+0000] {logging_mixin.py:190} INFO - [2026-07-23T02:08:16.052+0000] {dagbag.py:588} INFO - Filling up the DagBag from /opt/airflow/dags/iceberg_table_optimization.py
[2026-07-23T02:08:16.079+0000] {processor.py:925} INFO - DAG(s) 'iceberg_table_optimization' retrieved from /opt/airflow/dags/iceberg_table_optimization.py
[2026-07-23T02:08:16.100+0000] {logging_mixin.py:190} INFO - [2026-07-23T02:08:16.100+0000] {dag.py:3239} INFO - Sync 1 DAGs
[2026-07-23T02:08:16.121+0000] {logging_mixin.py:190} INFO - [2026-07-23T02:08:16.120+0000] {dag.py:4180} INFO - Setting next_dagrun for iceberg_table_optimization to 2026-07-12 02:00:00+00:00, run_after=2026-07-19 02:00:00+00:00
[2026-07-23T02:08:16.142+0000] {processor.py:208} INFO - Processing /opt/airflow/dags/iceberg_table_optimization.py took 0.098 seconds
[2026-07-23T02:08:46.750+0000] {processor.py:186} INFO - Started process (PID=3544) to work on /opt/airflow/dags/iceberg_table_optimization.py
[2026-07-23T02:08:46.753+0000] {processor.py:914} INFO - Processing file /opt/airflow/dags/iceberg_table_optimization.py for tasks to queue
[2026-07-23T02:08:46.757+0000] {logging_mixin.py:190} INFO - [2026-07-23T02:08:46.756+0000] {dagbag.py:588} INFO - Filling up the DagBag from /opt/airflow/dags/iceberg_table_optimization.py
[2026-07-23T02:08:46.790+0000] {processor.py:925} INFO - DAG(s) 'iceberg_table_optimization' retrieved from /opt/airflow/dags/iceberg_table_optimization.py
[2026-07-23T02:08:46.826+0000] {logging_mixin.py:190} INFO - [2026-07-23T02:08:46.826+0000] {dag.py:3239} INFO - Sync 1 DAGs
[2026-07-23T02:08:46.854+0000] {logging_mixin.py:190} INFO - [2026-07-23T02:08:46.853+0000] {dag.py:4180} INFO - Setting next_dagrun for iceberg_table_optimization to 2026-07-12 02:00:00+00:00, run_after=2026-07-19 02:00:00+00:00
[2026-07-23T02:08:46.879+0000] {processor.py:208} INFO - Processing /opt/airflow/dags/iceberg_table_optimization.py took 0.141 seconds
[2026-07-23T02:16:59.520+0000] {processor.py:186} INFO - Started process (PID=3559) to work on /opt/airflow/dags/iceberg_table_optimization.py
[2026-07-23T02:16:59.521+0000] {processor.py:914} INFO - Processing file /opt/airflow/dags/iceberg_table_optimization.py for tasks to queue
[2026-07-23T02:16:59.523+0000] {logging_mixin.py:190} INFO - [2026-07-23T02:16:59.523+0000] {dagbag.py:588} INFO - Filling up the DagBag from /opt/airflow/dags/iceberg_table_optimization.py
[2026-07-23T02:16:59.548+0000] {processor.py:925} INFO - DAG(s) 'iceberg_table_optimization' retrieved from /opt/airflow/dags/iceberg_table_optimization.py
[2026-07-23T02:16:59.570+0000] {logging_mixin.py:190} INFO - [2026-07-23T02:16:59.570+0000] {dag.py:3239} INFO - Sync 1 DAGs
[2026-07-23T02:16:59.590+0000] {logging_mixin.py:190} INFO - [2026-07-23T02:16:59.590+0000] {dag.py:4180} INFO - Setting next_dagrun for iceberg_table_optimization to 2026-07-12 02:00:00+00:00, run_after=2026-07-19 02:00:00+00:00
[2026-07-23T02:16:59.608+0000] {processor.py:208} INFO - Processing /opt/airflow/dags/iceberg_table_optimization.py took 0.093 seconds
[2026-07-23T02:17:29.805+0000] {processor.py:186} INFO - Started process (PID=3699) to work on /opt/airflow/dags/iceberg_table_optimization.py
[2026-07-23T02:17:29.806+0000] {processor.py:914} INFO - Processing file /opt/airflow/dags/iceberg_table_optimization.py for tasks to queue
[2026-07-23T02:17:29.809+0000] {logging_mixin.py:190} INFO - [2026-07-23T02:17:29.808+0000] {dagbag.py:588} INFO - Filling up the DagBag from /opt/airflow/dags/iceberg_table_optimization.py
[2026-07-23T02:17:29.836+0000] {processor.py:925} INFO - DAG(s) 'iceberg_table_optimization' retrieved from /opt/airflow/dags/iceberg_table_optimization.py
[2026-07-23T02:17:29.858+0000] {logging_mixin.py:190} INFO - [2026-07-23T02:17:29.858+0000] {dag.py:3239} INFO - Sync 1 DAGs
[2026-07-23T02:17:29.878+0000] {logging_mixin.py:190} INFO - [2026-07-23T02:17:29.877+0000] {dag.py:4180} INFO - Setting next_dagrun for iceberg_table_optimization to 2026-07-12 02:00:00+00:00, run_after=2026-07-19 02:00:00+00:00
[2026-07-23T02:17:29.896+0000] {processor.py:208} INFO - Processing /opt/airflow/dags/iceberg_table_optimization.py took 0.096 seconds
[2026-07-23T02:18:00.475+0000] {processor.py:186} INFO - Started process (PID=3815) to work on /opt/airflow/dags/iceberg_table_optimization.py
[2026-07-23T02:18:00.477+0000] {processor.py:914} INFO - Processing file /opt/airflow/dags/iceberg_table_optimization.py for tasks to queue
[2026-07-23T02:18:00.479+0000] {logging_mixin.py:190} INFO - [2026-07-23T02:18:00.479+0000] {dagbag.py:588} INFO - Filling up the DagBag from /opt/airflow/dags/iceberg_table_optimization.py
[2026-07-23T02:18:00.502+0000] {processor.py:925} INFO - DAG(s) 'iceberg_table_optimization' retrieved from /opt/airflow/dags/iceberg_table_optimization.py
[2026-07-23T02:18:00.523+0000] {logging_mixin.py:190} INFO - [2026-07-23T02:18:00.523+0000] {dag.py:3239} INFO - Sync 1 DAGs
[2026-07-23T02:18:00.543+0000] {logging_mixin.py:190} INFO - [2026-07-23T02:18:00.543+0000] {dag.py:4180} INFO - Setting next_dagrun for iceberg_table_optimization to 2026-07-12 02:00:00+00:00, run_after=2026-07-19 02:00:00+00:00
[2026-07-23T02:18:00.562+0000] {processor.py:208} INFO - Processing /opt/airflow/dags/iceberg_table_optimization.py took 0.092 seconds
[2026-07-23T02:18:30.838+0000] {processor.py:186} INFO - Started process (PID=3929) to work on /opt/airflow/dags/iceberg_table_optimization.py
[2026-07-23T02:18:30.839+0000] {processor.py:914} INFO - Processing file /opt/airflow/dags/iceberg_table_optimization.py for tasks to queue
[2026-07-23T02:18:30.841+0000] {logging_mixin.py:190} INFO - [2026-07-23T02:18:30.840+0000] {dagbag.py:588} INFO - Filling up the DagBag from /opt/airflow/dags/iceberg_table_optimization.py
[2026-07-23T02:18:30.861+0000] {processor.py:925} INFO - DAG(s) 'iceberg_table_optimization' retrieved from /opt/airflow/dags/iceberg_table_optimization.py
[2026-07-23T02:18:30.883+0000] {logging_mixin.py:190} INFO - [2026-07-23T02:18:30.883+0000] {dag.py:3239} INFO - Sync 1 DAGs
[2026-07-23T02:18:30.904+0000] {logging_mixin.py:190} INFO - [2026-07-23T02:18:30.904+0000] {dag.py:4180} INFO - Setting next_dagrun for iceberg_table_optimization to 2026-07-12 02:00:00+00:00, run_after=2026-07-19 02:00:00+00:00
[2026-07-23T02:18:30.922+0000] {processor.py:208} INFO - Processing /opt/airflow/dags/iceberg_table_optimization.py took 0.090 seconds
[2026-07-23T02:19:01.721+0000] {processor.py:186} INFO - Started process (PID=4042) to work on /opt/airflow/dags/iceberg_table_optimization.py
[2026-07-23T02:19:01.722+0000] {processor.py:914} INFO - Processing file /opt/airflow/dags/iceberg_table_optimization.py for tasks to queue
[2026-07-23T02:19:01.725+0000] {logging_mixin.py:190} INFO - [2026-07-23T02:19:01.724+0000] {dagbag.py:588} INFO - Filling up the DagBag from /opt/airflow/dags/iceberg_table_optimization.py
[2026-07-23T02:19:01.754+0000] {processor.py:925} INFO - DAG(s) 'iceberg_table_optimization' retrieved from /opt/airflow/dags/iceberg_table_optimization.py
[2026-07-23T02:19:01.787+0000] {logging_mixin.py:190} INFO - [2026-07-23T02:19:01.787+0000] {dag.py:3239} INFO - Sync 1 DAGs
[2026-07-23T02:19:01.812+0000] {logging_mixin.py:190} INFO - [2026-07-23T02:19:01.812+0000] {dag.py:4180} INFO - Setting next_dagrun for iceberg_table_optimization to 2026-07-12 02:00:00+00:00, run_after=2026-07-19 02:00:00+00:00
[2026-07-23T02:19:01.839+0000] {processor.py:208} INFO - Processing /opt/airflow/dags/iceberg_table_optimization.py took 0.124 seconds
[2026-07-23T02:19:32.504+0000] {processor.py:186} INFO - Started process (PID=4158) to work on /opt/airflow/dags/iceberg_table_optimization.py
[2026-07-23T02:19:32.506+0000] {processor.py:914} INFO - Processing file /opt/airflow/dags/iceberg_table_optimization.py for tasks to queue
[2026-07-23T02:19:32.509+0000] {logging_mixin.py:190} INFO - [2026-07-23T02:19:32.509+0000] {dagbag.py:588} INFO - Filling up the DagBag from /opt/airflow/dags/iceberg_table_optimization.py
[2026-07-23T02:19:32.536+0000] {processor.py:925} INFO - DAG(s) 'iceberg_table_optimization' retrieved from /opt/airflow/dags/iceberg_table_optimization.py
[2026-07-23T02:19:32.559+0000] {logging_mixin.py:190} INFO - [2026-07-23T02:19:32.559+0000] {dag.py:3239} INFO - Sync 1 DAGs
[2026-07-23T02:19:32.581+0000] {logging_mixin.py:190} INFO - [2026-07-23T02:19:32.581+0000] {dag.py:4180} INFO - Setting next_dagrun for iceberg_table_optimization to 2026-07-12 02:00:00+00:00, run_after=2026-07-19 02:00:00+00:00
[2026-07-23T02:19:32.604+0000] {processor.py:208} INFO - Processing /opt/airflow/dags/iceberg_table_optimization.py took 0.106 seconds
[2026-07-23T02:20:02.707+0000] {processor.py:186} INFO - Started process (PID=4274) to work on /opt/airflow/dags/iceberg_table_optimization.py
[2026-07-23T02:20:02.708+0000] {processor.py:914} INFO - Processing file /opt/airflow/dags/iceberg_table_optimization.py for tasks to queue
[2026-07-23T02:20:02.710+0000] {logging_mixin.py:190} INFO - [2026-07-23T02:20:02.710+0000] {dagbag.py:588} INFO - Filling up the DagBag from /opt/airflow/dags/iceberg_table_optimization.py
[2026-07-23T02:20:02.729+0000] {processor.py:925} INFO - DAG(s) 'iceberg_table_optimization' retrieved from /opt/airflow/dags/iceberg_table_optimization.py
[2026-07-23T02:20:02.753+0000] {logging_mixin.py:190} INFO - [2026-07-23T02:20:02.753+0000] {dag.py:3239} INFO - Sync 1 DAGs
[2026-07-23T02:20:02.778+0000] {logging_mixin.py:190} INFO - [2026-07-23T02:20:02.777+0000] {dag.py:4180} INFO - Setting next_dagrun for iceberg_table_optimization to 2026-07-12 02:00:00+00:00, run_after=2026-07-19 02:00:00+00:00
[2026-07-23T02:20:02.796+0000] {processor.py:208} INFO - Processing /opt/airflow/dags/iceberg_table_optimization.py took 0.095 seconds
[2026-07-23T02:20:33.346+0000] {processor.py:186} INFO - Started process (PID=4388) to work on /opt/airflow/dags/iceberg_table_optimization.py
[2026-07-23T02:20:33.348+0000] {processor.py:914} INFO - Processing file /opt/airflow/dags/iceberg_table_optimization.py for tasks to queue
[2026-07-23T02:20:33.350+0000] {logging_mixin.py:190} INFO - [2026-07-23T02:20:33.350+0000] {dagbag.py:588} INFO - Filling up the DagBag from /opt/airflow/dags/iceberg_table_optimization.py
[2026-07-23T02:20:33.372+0000] {processor.py:925} INFO - DAG(s) 'iceberg_table_optimization' retrieved from /opt/airflow/dags/iceberg_table_optimization.py
[2026-07-23T02:20:33.393+0000] {logging_mixin.py:190} INFO - [2026-07-23T02:20:33.393+0000] {dag.py:3239} INFO - Sync 1 DAGs
[2026-07-23T02:20:33.416+0000] {logging_mixin.py:190} INFO - [2026-07-23T02:20:33.415+0000] {dag.py:4180} INFO - Setting next_dagrun for iceberg_table_optimization to 2026-07-12 02:00:00+00:00, run_after=2026-07-19 02:00:00+00:00
[2026-07-23T02:20:33.434+0000] {processor.py:208} INFO - Processing /opt/airflow/dags/iceberg_table_optimization.py took 0.093 seconds
[2026-07-23T02:21:03.847+0000] {processor.py:186} INFO - Started process (PID=4501) to work on /opt/airflow/dags/iceberg_table_optimization.py
[2026-07-23T02:21:03.848+0000] {processor.py:914} INFO - Processing file /opt/airflow/dags/iceberg_table_optimization.py for tasks to queue
[2026-07-23T02:21:03.850+0000] {logging_mixin.py:190} INFO - [2026-07-23T02:21:03.850+0000] {dagbag.py:588} INFO - Filling up the DagBag from /opt/airflow/dags/iceberg_table_optimization.py
[2026-07-23T02:21:03.874+0000] {processor.py:925} INFO - DAG(s) 'iceberg_table_optimization' retrieved from /opt/airflow/dags/iceberg_table_optimization.py
[2026-07-23T02:21:03.895+0000] {logging_mixin.py:190} INFO - [2026-07-23T02:21:03.895+0000] {dag.py:3239} INFO - Sync 1 DAGs
[2026-07-23T02:21:03.916+0000] {logging_mixin.py:190} INFO - [2026-07-23T02:21:03.916+0000] {dag.py:4180} INFO - Setting next_dagrun for iceberg_table_optimization to 2026-07-12 02:00:00+00:00, run_after=2026-07-19 02:00:00+00:00
[2026-07-23T02:21:03.935+0000] {processor.py:208} INFO - Processing /opt/airflow/dags/iceberg_table_optimization.py took 0.093 seconds
[2026-07-23T02:21:34.326+0000] {processor.py:186} INFO - Started process (PID=4617) to work on /opt/airflow/dags/iceberg_table_optimization.py
[2026-07-23T02:21:34.327+0000] {processor.py:914} INFO - Processing file /opt/airflow/dags/iceberg_table_optimization.py for tasks to queue
[2026-07-23T02:21:34.330+0000] {logging_mixin.py:190} INFO - [2026-07-23T02:21:34.330+0000] {dagbag.py:588} INFO - Filling up the DagBag from /opt/airflow/dags/iceberg_table_optimization.py
[2026-07-23T02:21:34.354+0000] {processor.py:925} INFO - DAG(s) 'iceberg_table_optimization' retrieved from /opt/airflow/dags/iceberg_table_optimization.py
[2026-07-23T02:21:34.382+0000] {logging_mixin.py:190} INFO - [2026-07-23T02:21:34.382+0000] {dag.py:3239} INFO - Sync 1 DAGs
[2026-07-23T02:21:34.405+0000] {logging_mixin.py:190} INFO - [2026-07-23T02:21:34.405+0000] {dag.py:4180} INFO - Setting next_dagrun for iceberg_table_optimization to 2026-07-12 02:00:00+00:00, run_after=2026-07-19 02:00:00+00:00
[2026-07-23T02:21:34.426+0000] {processor.py:208} INFO - Processing /opt/airflow/dags/iceberg_table_optimization.py took 0.106 seconds
[2026-07-23T02:22:04.974+0000] {processor.py:186} INFO - Started process (PID=4731) to work on /opt/airflow/dags/iceberg_table_optimization.py
[2026-07-23T02:22:04.975+0000] {processor.py:914} INFO - Processing file /opt/airflow/dags/iceberg_table_optimization.py for tasks to queue
[2026-07-23T02:22:04.977+0000] {logging_mixin.py:190} INFO - [2026-07-23T02:22:04.977+0000] {dagbag.py:588} INFO - Filling up the DagBag from /opt/airflow/dags/iceberg_table_optimization.py
[2026-07-23T02:22:04.998+0000] {processor.py:925} INFO - DAG(s) 'iceberg_table_optimization' retrieved from /opt/airflow/dags/iceberg_table_optimization.py
[2026-07-23T02:22:05.022+0000] {logging_mixin.py:190} INFO - [2026-07-23T02:22:05.022+0000] {dag.py:3239} INFO - Sync 1 DAGs
[2026-07-23T02:22:05.045+0000] {logging_mixin.py:190} INFO - [2026-07-23T02:22:05.045+0000] {dag.py:4180} INFO - Setting next_dagrun for iceberg_table_optimization to 2026-07-12 02:00:00+00:00, run_after=2026-07-19 02:00:00+00:00
[2026-07-23T02:22:05.066+0000] {processor.py:208} INFO - Processing /opt/airflow/dags/iceberg_table_optimization.py took 0.098 seconds
[2026-07-23T02:22:35.489+0000] {processor.py:186} INFO - Started process (PID=4853) to work on /opt/airflow/dags/iceberg_table_optimization.py
[2026-07-23T02:22:35.490+0000] {processor.py:914} INFO - Processing file /opt/airflow/dags/iceberg_table_optimization.py for tasks to queue
[2026-07-23T02:22:35.493+0000] {logging_mixin.py:190} INFO - [2026-07-23T02:22:35.492+0000] {dagbag.py:588} INFO - Filling up the DagBag from /opt/airflow/dags/iceberg_table_optimization.py
[2026-07-23T02:22:35.520+0000] {processor.py:925} INFO - DAG(s) 'iceberg_table_optimization' retrieved from /opt/airflow/dags/iceberg_table_optimization.py
[2026-07-23T02:22:35.545+0000] {logging_mixin.py:190} INFO - [2026-07-23T02:22:35.545+0000] {dag.py:3239} INFO - Sync 1 DAGs
[2026-07-23T02:22:35.566+0000] {logging_mixin.py:190} INFO - [2026-07-23T02:22:35.566+0000] {dag.py:4180} INFO - Setting next_dagrun for iceberg_table_optimization to 2026-07-12 02:00:00+00:00, run_after=2026-07-19 02:00:00+00:00
[2026-07-23T02:22:35.584+0000] {processor.py:208} INFO - Processing /opt/airflow/dags/iceberg_table_optimization.py took 0.101 seconds
[2026-07-23T02:23:06.334+0000] {processor.py:186} INFO - Started process (PID=4967) to work on /opt/airflow/dags/iceberg_table_optimization.py
[2026-07-23T02:23:06.335+0000] {processor.py:914} INFO - Processing file /opt/airflow/dags/iceberg_table_optimization.py for tasks to queue
[2026-07-23T02:23:06.337+0000] {logging_mixin.py:190} INFO - [2026-07-23T02:23:06.337+0000] {dagbag.py:588} INFO - Filling up the DagBag from /opt/airflow/dags/iceberg_table_optimization.py
[2026-07-23T02:23:06.359+0000] {processor.py:925} INFO - DAG(s) 'iceberg_table_optimization' retrieved from /opt/airflow/dags/iceberg_table_optimization.py
[2026-07-23T02:23:06.380+0000] {logging_mixin.py:190} INFO - [2026-07-23T02:23:06.379+0000] {dag.py:3239} INFO - Sync 1 DAGs
[2026-07-23T02:23:06.520+0000] {logging_mixin.py:190} INFO - [2026-07-23T02:23:06.520+0000] {dag.py:4180} INFO - Setting next_dagrun for iceberg_table_optimization to 2026-07-12 02:00:00+00:00, run_after=2026-07-19 02:00:00+00:00
[2026-07-23T02:23:06.541+0000] {processor.py:208} INFO - Processing /opt/airflow/dags/iceberg_table_optimization.py took 0.212 seconds
[2026-07-23T02:23:36.639+0000] {processor.py:186} INFO - Started process (PID=5085) to work on /opt/airflow/dags/iceberg_table_optimization.py
[2026-07-23T02:23:36.640+0000] {processor.py:914} INFO - Processing file /opt/airflow/dags/iceberg_table_optimization.py for tasks to queue
[2026-07-23T02:23:36.642+0000] {logging_mixin.py:190} INFO - [2026-07-23T02:23:36.642+0000] {dagbag.py:588} INFO - Filling up the DagBag from /opt/airflow/dags/iceberg_table_optimization.py
[2026-07-23T02:23:36.669+0000] {processor.py:925} INFO - DAG(s) 'iceberg_table_optimization' retrieved from /opt/airflow/dags/iceberg_table_optimization.py
[2026-07-23T02:23:36.691+0000] {logging_mixin.py:190} INFO - [2026-07-23T02:23:36.691+0000] {dag.py:3239} INFO - Sync 1 DAGs
[2026-07-23T02:23:36.712+0000] {logging_mixin.py:190} INFO - [2026-07-23T02:23:36.712+0000] {dag.py:4180} INFO - Setting next_dagrun for iceberg_table_optimization to 2026-07-12 02:00:00+00:00, run_after=2026-07-19 02:00:00+00:00
[2026-07-23T02:23:36.733+0000] {processor.py:208} INFO - Processing /opt/airflow/dags/iceberg_table_optimization.py took 0.099 seconds
[2026-07-23T02:24:07.159+0000] {processor.py:186} INFO - Started process (PID=5199) to work on /opt/airflow/dags/iceberg_table_optimization.py
[2026-07-23T02:24:07.160+0000] {processor.py:914} INFO - Processing file /opt/airflow/dags/iceberg_table_optimization.py for tasks to queue
[2026-07-23T02:24:07.162+0000] {logging_mixin.py:190} INFO - [2026-07-23T02:24:07.161+0000] {dagbag.py:588} INFO - Filling up the DagBag from /opt/airflow/dags/iceberg_table_optimization.py
[2026-07-23T02:24:07.182+0000] {processor.py:925} INFO - DAG(s) 'iceberg_table_optimization' retrieved from /opt/airflow/dags/iceberg_table_optimization.py
[2026-07-23T02:24:07.206+0000] {logging_mixin.py:190} INFO - [2026-07-23T02:24:07.206+0000] {dag.py:3239} INFO - Sync 1 DAGs
[2026-07-23T02:24:07.228+0000] {logging_mixin.py:190} INFO - [2026-07-23T02:24:07.228+0000] {dag.py:4180} INFO - Setting next_dagrun for iceberg_table_optimization to 2026-07-12 02:00:00+00:00, run_after=2026-07-19 02:00:00+00:00
[2026-07-23T02:24:07.248+0000] {processor.py:208} INFO - Processing /opt/airflow/dags/iceberg_table_optimization.py took 0.094 seconds
[2026-07-23T02:24:37.545+0000] {processor.py:186} INFO - Started process (PID=5312) to work on /opt/airflow/dags/iceberg_table_optimization.py
[2026-07-23T02:24:37.547+0000] {processor.py:914} INFO - Processing file /opt/airflow/dags/iceberg_table_optimization.py for tasks to queue
[2026-07-23T02:24:37.549+0000] {logging_mixin.py:190} INFO - [2026-07-23T02:24:37.549+0000] {dagbag.py:588} INFO - Filling up the DagBag from /opt/airflow/dags/iceberg_table_optimization.py
[2026-07-23T02:24:37.577+0000] {processor.py:925} INFO - DAG(s) 'iceberg_table_optimization' retrieved from /opt/airflow/dags/iceberg_table_optimization.py
[2026-07-23T02:24:37.601+0000] {logging_mixin.py:190} INFO - [2026-07-23T02:24:37.601+0000] {dag.py:3239} INFO - Sync 1 DAGs
[2026-07-23T02:24:37.624+0000] {logging_mixin.py:190} INFO - [2026-07-23T02:24:37.623+0000] {dag.py:4180} INFO - Setting next_dagrun for iceberg_table_optimization to 2026-07-12 02:00:00+00:00, run_after=2026-07-19 02:00:00+00:00
[2026-07-23T02:24:37.646+0000] {processor.py:208} INFO - Processing /opt/airflow/dags/iceberg_table_optimization.py took 0.106 seconds
[2026-07-23T02:25:08.264+0000] {processor.py:186} INFO - Started process (PID=5428) to work on /opt/airflow/dags/iceberg_table_optimization.py
[2026-07-23T02:25:08.266+0000] {processor.py:914} INFO - Processing file /opt/airflow/dags/iceberg_table_optimization.py for tasks to queue
[2026-07-23T02:25:08.268+0000] {logging_mixin.py:190} INFO - [2026-07-23T02:25:08.268+0000] {dagbag.py:588} INFO - Filling up the DagBag from /opt/airflow/dags/iceberg_table_optimization.py
[2026-07-23T02:25:08.296+0000] {processor.py:925} INFO - DAG(s) 'iceberg_table_optimization' retrieved from /opt/airflow/dags/iceberg_table_optimization.py
[2026-07-23T02:25:08.319+0000] {logging_mixin.py:190} INFO - [2026-07-23T02:25:08.319+0000] {dag.py:3239} INFO - Sync 1 DAGs
[2026-07-23T02:25:08.341+0000] {logging_mixin.py:190} INFO - [2026-07-23T02:25:08.341+0000] {dag.py:4180} INFO - Setting next_dagrun for iceberg_table_optimization to 2026-07-12 02:00:00+00:00, run_after=2026-07-19 02:00:00+00:00
[2026-07-23T02:25:08.363+0000] {processor.py:208} INFO - Processing /opt/airflow/dags/iceberg_table_optimization.py took 0.105 seconds
[2026-07-23T02:25:38.709+0000] {processor.py:186} INFO - Started process (PID=5542) to work on /opt/airflow/dags/iceberg_table_optimization.py
[2026-07-23T02:25:38.710+0000] {processor.py:914} INFO - Processing file /opt/airflow/dags/iceberg_table_optimization.py for tasks to queue
[2026-07-23T02:25:38.713+0000] {logging_mixin.py:190} INFO - [2026-07-23T02:25:38.712+0000] {dagbag.py:588} INFO - Filling up the DagBag from /opt/airflow/dags/iceberg_table_optimization.py
[2026-07-23T02:25:38.730+0000] {processor.py:925} INFO - DAG(s) 'iceberg_table_optimization' retrieved from /opt/airflow/dags/iceberg_table_optimization.py
[2026-07-23T02:25:38.757+0000] {logging_mixin.py:190} INFO - [2026-07-23T02:25:38.756+0000] {dag.py:3239} INFO - Sync 1 DAGs
[2026-07-23T02:25:38.784+0000] {logging_mixin.py:190} INFO - [2026-07-23T02:25:38.783+0000] {dag.py:4180} INFO - Setting next_dagrun for iceberg_table_optimization to 2026-07-12 02:00:00+00:00, run_after=2026-07-19 02:00:00+00:00
[2026-07-23T02:25:38.806+0000] {processor.py:208} INFO - Processing /opt/airflow/dags/iceberg_table_optimization.py took 0.102 seconds
[2026-07-23T02:26:09.280+0000] {processor.py:186} INFO - Started process (PID=5655) to work on /opt/airflow/dags/iceberg_table_optimization.py
[2026-07-23T02:26:09.282+0000] {processor.py:914} INFO - Processing file /opt/airflow/dags/iceberg_table_optimization.py for tasks to queue
[2026-07-23T02:26:09.285+0000] {logging_mixin.py:190} INFO - [2026-07-23T02:26:09.284+0000] {dagbag.py:588} INFO - Filling up the DagBag from /opt/airflow/dags/iceberg_table_optimization.py
[2026-07-23T02:26:09.311+0000] {processor.py:925} INFO - DAG(s) 'iceberg_table_optimization' retrieved from /opt/airflow/dags/iceberg_table_optimization.py
[2026-07-23T02:26:09.336+0000] {logging_mixin.py:190} INFO - [2026-07-23T02:26:09.336+0000] {dag.py:3239} INFO - Sync 1 DAGs
[2026-07-23T02:26:09.356+0000] {logging_mixin.py:190} INFO - [2026-07-23T02:26:09.356+0000] {dag.py:4180} INFO - Setting next_dagrun for iceberg_table_optimization to 2026-07-12 02:00:00+00:00, run_after=2026-07-19 02:00:00+00:00
[2026-07-23T02:26:09.376+0000] {processor.py:208} INFO - Processing /opt/airflow/dags/iceberg_table_optimization.py took 0.102 seconds
[2026-07-23T02:26:39.624+0000] {processor.py:186} INFO - Started process (PID=5771) to work on /opt/airflow/dags/iceberg_table_optimization.py
[2026-07-23T02:26:39.625+0000] {processor.py:914} INFO - Processing file /opt/airflow/dags/iceberg_table_optimization.py for tasks to queue
[2026-07-23T02:26:39.628+0000] {logging_mixin.py:190} INFO - [2026-07-23T02:26:39.627+0000] {dagbag.py:588} INFO - Filling up the DagBag from /opt/airflow/dags/iceberg_table_optimization.py
[2026-07-23T02:26:39.652+0000] {processor.py:925} INFO - DAG(s) 'iceberg_table_optimization' retrieved from /opt/airflow/dags/iceberg_table_optimization.py
[2026-07-23T02:26:39.675+0000] {logging_mixin.py:190} INFO - [2026-07-23T02:26:39.674+0000] {dag.py:3239} INFO - Sync 1 DAGs
[2026-07-23T02:26:39.694+0000] {logging_mixin.py:190} INFO - [2026-07-23T02:26:39.694+0000] {dag.py:4180} INFO - Setting next_dagrun for iceberg_table_optimization to 2026-07-12 02:00:00+00:00, run_after=2026-07-19 02:00:00+00:00
[2026-07-23T02:26:39.713+0000] {processor.py:208} INFO - Processing /opt/airflow/dags/iceberg_table_optimization.py took 0.094 seconds
[2026-07-23T02:27:10.313+0000] {processor.py:186} INFO - Started process (PID=5893) to work on /opt/airflow/dags/iceberg_table_optimization.py
[2026-07-23T02:27:10.314+0000] {processor.py:914} INFO - Processing file /opt/airflow/dags/iceberg_table_optimization.py for tasks to queue
[2026-07-23T02:27:10.316+0000] {logging_mixin.py:190} INFO - [2026-07-23T02:27:10.316+0000] {dagbag.py:588} INFO - Filling up the DagBag from /opt/airflow/dags/iceberg_table_optimization.py
[2026-07-23T02:27:10.342+0000] {processor.py:925} INFO - DAG(s) 'iceberg_table_optimization' retrieved from /opt/airflow/dags/iceberg_table_optimization.py
[2026-07-23T02:27:10.366+0000] {logging_mixin.py:190} INFO - [2026-07-23T02:27:10.366+0000] {dag.py:3239} INFO - Sync 1 DAGs
[2026-07-23T02:27:10.387+0000] {logging_mixin.py:190} INFO - [2026-07-23T02:27:10.387+0000] {dag.py:4180} INFO - Setting next_dagrun for iceberg_table_optimization to 2026-07-12 02:00:00+00:00, run_after=2026-07-19 02:00:00+00:00
[2026-07-23T02:27:10.408+0000] {processor.py:208} INFO - Processing /opt/airflow/dags/iceberg_table_optimization.py took 0.100 seconds
[2026-07-23T02:27:40.821+0000] {processor.py:186} INFO - Started process (PID=6010) to work on /opt/airflow/dags/iceberg_table_optimization.py
[2026-07-23T02:27:40.822+0000] {processor.py:914} INFO - Processing file /opt/airflow/dags/iceberg_table_optimization.py for tasks to queue
[2026-07-23T02:27:40.825+0000] {logging_mixin.py:190} INFO - [2026-07-23T02:27:40.825+0000] {dagbag.py:588} INFO - Filling up the DagBag from /opt/airflow/dags/iceberg_table_optimization.py
[2026-07-23T02:27:40.848+0000] {processor.py:925} INFO - DAG(s) 'iceberg_table_optimization' retrieved from /opt/airflow/dags/iceberg_table_optimization.py
[2026-07-23T02:27:40.873+0000] {logging_mixin.py:190} INFO - [2026-07-23T02:27:40.872+0000] {dag.py:3239} INFO - Sync 1 DAGs
[2026-07-23T02:27:40.895+0000] {logging_mixin.py:190} INFO - [2026-07-23T02:27:40.894+0000] {dag.py:4180} INFO - Setting next_dagrun for iceberg_table_optimization to 2026-07-12 02:00:00+00:00, run_after=2026-07-19 02:00:00+00:00
[2026-07-23T02:27:40.914+0000] {processor.py:208} INFO - Processing /opt/airflow/dags/iceberg_table_optimization.py took 0.099 seconds
[2026-07-23T02:28:11.607+0000] {processor.py:186} INFO - Started process (PID=6123) to work on /opt/airflow/dags/iceberg_table_optimization.py
[2026-07-23T02:28:11.609+0000] {processor.py:914} INFO - Processing file /opt/airflow/dags/iceberg_table_optimization.py for tasks to queue
[2026-07-23T02:28:11.611+0000] {logging_mixin.py:190} INFO - [2026-07-23T02:28:11.611+0000] {dagbag.py:588} INFO - Filling up the DagBag from /opt/airflow/dags/iceberg_table_optimization.py
[2026-07-23T02:28:11.634+0000] {processor.py:925} INFO - DAG(s) 'iceberg_table_optimization' retrieved from /opt/airflow/dags/iceberg_table_optimization.py
[2026-07-23T02:28:11.655+0000] {logging_mixin.py:190} INFO - [2026-07-23T02:28:11.655+0000] {dag.py:3239} INFO - Sync 1 DAGs
[2026-07-23T02:28:11.676+0000] {logging_mixin.py:190} INFO - [2026-07-23T02:28:11.676+0000] {dag.py:4180} INFO - Setting next_dagrun for iceberg_table_optimization to 2026-07-12 02:00:00+00:00, run_after=2026-07-19 02:00:00+00:00
[2026-07-23T02:28:11.697+0000] {processor.py:208} INFO - Processing /opt/airflow/dags/iceberg_table_optimization.py took 0.094 seconds
[2026-07-23T02:28:41.876+0000] {processor.py:186} INFO - Started process (PID=6239) to work on /opt/airflow/dags/iceberg_table_optimization.py
[2026-07-23T02:28:41.877+0000] {processor.py:914} INFO - Processing file /opt/airflow/dags/iceberg_table_optimization.py for tasks to queue
[2026-07-23T02:28:41.879+0000] {logging_mixin.py:190} INFO - [2026-07-23T02:28:41.879+0000] {dagbag.py:588} INFO - Filling up the DagBag from /opt/airflow/dags/iceberg_table_optimization.py
[2026-07-23T02:28:41.903+0000] {processor.py:925} INFO - DAG(s) 'iceberg_table_optimization' retrieved from /opt/airflow/dags/iceberg_table_optimization.py
[2026-07-23T02:28:41.925+0000] {logging_mixin.py:190} INFO - [2026-07-23T02:28:41.925+0000] {dag.py:3239} INFO - Sync 1 DAGs
[2026-07-23T02:28:41.946+0000] {logging_mixin.py:190} INFO - [2026-07-23T02:28:41.945+0000] {dag.py:4180} INFO - Setting next_dagrun for iceberg_table_optimization to 2026-07-12 02:00:00+00:00, run_after=2026-07-19 02:00:00+00:00
[2026-07-23T02:28:41.965+0000] {processor.py:208} INFO - Processing /opt/airflow/dags/iceberg_table_optimization.py took 0.094 seconds
[2026-07-23T02:29:12.182+0000] {processor.py:186} INFO - Started process (PID=6353) to work on /opt/airflow/dags/iceberg_table_optimization.py
[2026-07-23T02:29:12.183+0000] {processor.py:914} INFO - Processing file /opt/airflow/dags/iceberg_table_optimization.py for tasks to queue
[2026-07-23T02:29:12.186+0000] {logging_mixin.py:190} INFO - [2026-07-23T02:29:12.185+0000] {dagbag.py:588} INFO - Filling up the DagBag from /opt/airflow/dags/iceberg_table_optimization.py
[2026-07-23T02:29:12.204+0000] {processor.py:925} INFO - DAG(s) 'iceberg_table_optimization' retrieved from /opt/airflow/dags/iceberg_table_optimization.py
[2026-07-23T02:29:12.233+0000] {logging_mixin.py:190} INFO - [2026-07-23T02:29:12.233+0000] {dag.py:3239} INFO - Sync 1 DAGs
[2026-07-23T02:29:12.257+0000] {logging_mixin.py:190} INFO - [2026-07-23T02:29:12.257+0000] {dag.py:4180} INFO - Setting next_dagrun for iceberg_table_optimization to 2026-07-12 02:00:00+00:00, run_after=2026-07-19 02:00:00+00:00
[2026-07-23T02:29:12.281+0000] {processor.py:208} INFO - Processing /opt/airflow/dags/iceberg_table_optimization.py took 0.105 seconds
[2026-07-23T02:29:42.765+0000] {processor.py:186} INFO - Started process (PID=6466) to work on /opt/airflow/dags/iceberg_table_optimization.py
[2026-07-23T02:29:42.766+0000] {processor.py:914} INFO - Processing file /opt/airflow/dags/iceberg_table_optimization.py for tasks to queue
[2026-07-23T02:29:42.769+0000] {logging_mixin.py:190} INFO - [2026-07-23T02:29:42.768+0000] {dagbag.py:588} INFO - Filling up the DagBag from /opt/airflow/dags/iceberg_table_optimization.py
[2026-07-23T02:29:42.795+0000] {processor.py:925} INFO - DAG(s) 'iceberg_table_optimization' retrieved from /opt/airflow/dags/iceberg_table_optimization.py
[2026-07-23T02:29:42.817+0000] {logging_mixin.py:190} INFO - [2026-07-23T02:29:42.817+0000] {dag.py:3239} INFO - Sync 1 DAGs
[2026-07-23T02:29:42.838+0000] {logging_mixin.py:190} INFO - [2026-07-23T02:29:42.837+0000] {dag.py:4180} INFO - Setting next_dagrun for iceberg_table_optimization to 2026-07-12 02:00:00+00:00, run_after=2026-07-19 02:00:00+00:00
[2026-07-23T02:29:42.860+0000] {processor.py:208} INFO - Processing /opt/airflow/dags/iceberg_table_optimization.py took 0.100 seconds
[2026-07-23T02:30:12.964+0000] {processor.py:186} INFO - Started process (PID=6580) to work on /opt/airflow/dags/iceberg_table_optimization.py
[2026-07-23T02:30:12.965+0000] {processor.py:914} INFO - Processing file /opt/airflow/dags/iceberg_table_optimization.py for tasks to queue
[2026-07-23T02:30:12.967+0000] {logging_mixin.py:190} INFO - [2026-07-23T02:30:12.967+0000] {dagbag.py:588} INFO - Filling up the DagBag from /opt/airflow/dags/iceberg_table_optimization.py
[2026-07-23T02:30:12.989+0000] {processor.py:925} INFO - DAG(s) 'iceberg_table_optimization' retrieved from /opt/airflow/dags/iceberg_table_optimization.py
[2026-07-23T02:30:13.013+0000] {logging_mixin.py:190} INFO - [2026-07-23T02:30:13.013+0000] {dag.py:3239} INFO - Sync 1 DAGs
[2026-07-23T02:30:13.036+0000] {logging_mixin.py:190} INFO - [2026-07-23T02:30:13.036+0000] {dag.py:4180} INFO - Setting next_dagrun for iceberg_table_optimization to 2026-07-12 02:00:00+00:00, run_after=2026-07-19 02:00:00+00:00
[2026-07-23T02:30:13.059+0000] {processor.py:208} INFO - Processing /opt/airflow/dags/iceberg_table_optimization.py took 0.100 seconds
[2026-07-23T02:30:43.729+0000] {processor.py:186} INFO - Started process (PID=6698) to work on /opt/airflow/dags/iceberg_table_optimization.py
[2026-07-23T02:30:43.731+0000] {processor.py:914} INFO - Processing file /opt/airflow/dags/iceberg_table_optimization.py for tasks to queue
[2026-07-23T02:30:43.733+0000] {logging_mixin.py:190} INFO - [2026-07-23T02:30:43.732+0000] {dagbag.py:588} INFO - Filling up the DagBag from /opt/airflow/dags/iceberg_table_optimization.py
[2026-07-23T02:30:43.759+0000] {processor.py:925} INFO - DAG(s) 'iceberg_table_optimization' retrieved from /opt/airflow/dags/iceberg_table_optimization.py
[2026-07-23T02:30:43.783+0000] {logging_mixin.py:190} INFO - [2026-07-23T02:30:43.783+0000] {dag.py:3239} INFO - Sync 1 DAGs
[2026-07-23T02:30:43.804+0000] {logging_mixin.py:190} INFO - [2026-07-23T02:30:43.804+0000] {dag.py:4180} INFO - Setting next_dagrun for iceberg_table_optimization to 2026-07-12 02:00:00+00:00, run_after=2026-07-19 02:00:00+00:00
[2026-07-23T02:30:43.826+0000] {processor.py:208} INFO - Processing /opt/airflow/dags/iceberg_table_optimization.py took 0.102 seconds
[2026-07-23T02:31:14.531+0000] {processor.py:186} INFO - Started process (PID=6812) to work on /opt/airflow/dags/iceberg_table_optimization.py
[2026-07-23T02:31:14.532+0000] {processor.py:914} INFO - Processing file /opt/airflow/dags/iceberg_table_optimization.py for tasks to queue
[2026-07-23T02:31:14.534+0000] {logging_mixin.py:190} INFO - [2026-07-23T02:31:14.534+0000] {dagbag.py:588} INFO - Filling up the DagBag from /opt/airflow/dags/iceberg_table_optimization.py
[2026-07-23T02:31:14.554+0000] {processor.py:925} INFO - DAG(s) 'iceberg_table_optimization' retrieved from /opt/airflow/dags/iceberg_table_optimization.py
[2026-07-23T02:31:14.578+0000] {logging_mixin.py:190} INFO - [2026-07-23T02:31:14.578+0000] {dag.py:3239} INFO - Sync 1 DAGs
[2026-07-23T02:31:14.607+0000] {logging_mixin.py:190} INFO - [2026-07-23T02:31:14.606+0000] {dag.py:4180} INFO - Setting next_dagrun for iceberg_table_optimization to 2026-07-12 02:00:00+00:00, run_after=2026-07-19 02:00:00+00:00
[2026-07-23T02:31:14.634+0000] {processor.py:208} INFO - Processing /opt/airflow/dags/iceberg_table_optimization.py took 0.108 seconds
[2026-07-23T02:31:44.975+0000] {processor.py:186} INFO - Started process (PID=6925) to work on /opt/airflow/dags/iceberg_table_optimization.py
[2026-07-23T02:31:44.976+0000] {processor.py:914} INFO - Processing file /opt/airflow/dags/iceberg_table_optimization.py for tasks to queue
[2026-07-23T02:31:44.978+0000] {logging_mixin.py:190} INFO - [2026-07-23T02:31:44.978+0000] {dagbag.py:588} INFO - Filling up the DagBag from /opt/airflow/dags/iceberg_table_optimization.py
[2026-07-23T02:31:45.000+0000] {processor.py:925} INFO - DAG(s) 'iceberg_table_optimization' retrieved from /opt/airflow/dags/iceberg_table_optimization.py
[2026-07-23T02:31:45.023+0000] {logging_mixin.py:190} INFO - [2026-07-23T02:31:45.023+0000] {dag.py:3239} INFO - Sync 1 DAGs
[2026-07-23T02:31:45.042+0000] {logging_mixin.py:190} INFO - [2026-07-23T02:31:45.042+0000] {dag.py:4180} INFO - Setting next_dagrun for iceberg_table_optimization to 2026-07-12 02:00:00+00:00, run_after=2026-07-19 02:00:00+00:00
[2026-07-23T02:31:45.060+0000] {processor.py:208} INFO - Processing /opt/airflow/dags/iceberg_table_optimization.py took 0.091 seconds
[2026-07-23T02:37:38.539+0000] {processor.py:186} INFO - Started process (PID=7039) to work on /opt/airflow/dags/iceberg_table_optimization.py
[2026-07-23T02:37:38.541+0000] {processor.py:914} INFO - Processing file /opt/airflow/dags/iceberg_table_optimization.py for tasks to queue
[2026-07-23T02:37:38.543+0000] {logging_mixin.py:190} INFO - [2026-07-23T02:37:38.543+0000] {dagbag.py:588} INFO - Filling up the DagBag from /opt/airflow/dags/iceberg_table_optimization.py
[2026-07-23T02:37:38.564+0000] {processor.py:925} INFO - DAG(s) 'iceberg_table_optimization' retrieved from /opt/airflow/dags/iceberg_table_optimization.py
[2026-07-23T02:37:38.590+0000] {logging_mixin.py:190} INFO - [2026-07-23T02:37:38.589+0000] {dag.py:3239} INFO - Sync 1 DAGs
[2026-07-23T02:37:38.615+0000] {logging_mixin.py:190} INFO - [2026-07-23T02:37:38.615+0000] {dag.py:4180} INFO - Setting next_dagrun for iceberg_table_optimization to 2026-07-12 02:00:00+00:00, run_after=2026-07-19 02:00:00+00:00
[2026-07-23T02:37:38.647+0000] {processor.py:208} INFO - Processing /opt/airflow/dags/iceberg_table_optimization.py took 0.113 seconds
[2026-07-23T02:38:08.810+0000] {processor.py:186} INFO - Started process (PID=7162) to work on /opt/airflow/dags/iceberg_table_optimization.py
[2026-07-23T02:38:08.811+0000] {processor.py:914} INFO - Processing file /opt/airflow/dags/iceberg_table_optimization.py for tasks to queue
[2026-07-23T02:38:08.813+0000] {logging_mixin.py:190} INFO - [2026-07-23T02:38:08.812+0000] {dagbag.py:588} INFO - Filling up the DagBag from /opt/airflow/dags/iceberg_table_optimization.py
[2026-07-23T02:38:08.833+0000] {processor.py:925} INFO - DAG(s) 'iceberg_table_optimization' retrieved from /opt/airflow/dags/iceberg_table_optimization.py
[2026-07-23T02:38:08.860+0000] {logging_mixin.py:190} INFO - [2026-07-23T02:38:08.860+0000] {dag.py:3239} INFO - Sync 1 DAGs
[2026-07-23T02:38:08.883+0000] {logging_mixin.py:190} INFO - [2026-07-23T02:38:08.883+0000] {dag.py:4180} INFO - Setting next_dagrun for iceberg_table_optimization to 2026-07-12 02:00:00+00:00, run_after=2026-07-19 02:00:00+00:00
[2026-07-23T02:38:08.904+0000] {processor.py:208} INFO - Processing /opt/airflow/dags/iceberg_table_optimization.py took 0.099 seconds
[2026-07-23T02:38:39.306+0000] {processor.py:186} INFO - Started process (PID=7278) to work on /opt/airflow/dags/iceberg_table_optimization.py
[2026-07-23T02:38:39.307+0000] {processor.py:914} INFO - Processing file /opt/airflow/dags/iceberg_table_optimization.py for tasks to queue
[2026-07-23T02:38:39.310+0000] {logging_mixin.py:190} INFO - [2026-07-23T02:38:39.309+0000] {dagbag.py:588} INFO - Filling up the DagBag from /opt/airflow/dags/iceberg_table_optimization.py
[2026-07-23T02:38:39.332+0000] {processor.py:925} INFO - DAG(s) 'iceberg_table_optimization' retrieved from /opt/airflow/dags/iceberg_table_optimization.py
[2026-07-23T02:38:39.356+0000] {logging_mixin.py:190} INFO - [2026-07-23T02:38:39.356+0000] {dag.py:3239} INFO - Sync 1 DAGs
[2026-07-23T02:38:39.379+0000] {logging_mixin.py:190} INFO - [2026-07-23T02:38:39.379+0000] {dag.py:4180} INFO - Setting next_dagrun for iceberg_table_optimization to 2026-07-12 02:00:00+00:00, run_after=2026-07-19 02:00:00+00:00
[2026-07-23T02:38:39.401+0000] {processor.py:208} INFO - Processing /opt/airflow/dags/iceberg_table_optimization.py took 0.101 seconds
[2026-07-23T02:39:10.030+0000] {processor.py:186} INFO - Started process (PID=7394) to work on /opt/airflow/dags/iceberg_table_optimization.py
[2026-07-23T02:39:10.032+0000] {processor.py:914} INFO - Processing file /opt/airflow/dags/iceberg_table_optimization.py for tasks to queue
[2026-07-23T02:39:10.034+0000] {logging_mixin.py:190} INFO - [2026-07-23T02:39:10.034+0000] {dagbag.py:588} INFO - Filling up the DagBag from /opt/airflow/dags/iceberg_table_optimization.py
[2026-07-23T02:39:10.056+0000] {processor.py:925} INFO - DAG(s) 'iceberg_table_optimization' retrieved from /opt/airflow/dags/iceberg_table_optimization.py
[2026-07-23T02:39:10.082+0000] {logging_mixin.py:190} INFO - [2026-07-23T02:39:10.082+0000] {dag.py:3239} INFO - Sync 1 DAGs
[2026-07-23T02:39:10.108+0000] {logging_mixin.py:190} INFO - [2026-07-23T02:39:10.108+0000] {dag.py:4180} INFO - Setting next_dagrun for iceberg_table_optimization to 2026-07-12 02:00:00+00:00, run_after=2026-07-19 02:00:00+00:00
[2026-07-23T02:39:10.131+0000] {processor.py:208} INFO - Processing /opt/airflow/dags/iceberg_table_optimization.py took 0.108 seconds
[2026-07-23T02:39:40.728+0000] {processor.py:186} INFO - Started process (PID=7510) to work on /opt/airflow/dags/iceberg_table_optimization.py
[2026-07-23T02:39:40.729+0000] {processor.py:914} INFO - Processing file /opt/airflow/dags/iceberg_table_optimization.py for tasks to queue
[2026-07-23T02:39:40.731+0000] {logging_mixin.py:190} INFO - [2026-07-23T02:39:40.730+0000] {dagbag.py:588} INFO - Filling up the DagBag from /opt/airflow/dags/iceberg_table_optimization.py
[2026-07-23T02:39:40.749+0000] {processor.py:925} INFO - DAG(s) 'iceberg_table_optimization' retrieved from /opt/airflow/dags/iceberg_table_optimization.py
[2026-07-23T02:39:40.776+0000] {logging_mixin.py:190} INFO - [2026-07-23T02:39:40.775+0000] {dag.py:3239} INFO - Sync 1 DAGs
[2026-07-23T02:39:40.798+0000] {logging_mixin.py:190} INFO - [2026-07-23T02:39:40.798+0000] {dag.py:4180} INFO - Setting next_dagrun for iceberg_table_optimization to 2026-07-12 02:00:00+00:00, run_after=2026-07-19 02:00:00+00:00
[2026-07-23T02:39:40.819+0000] {processor.py:208} INFO - Processing /opt/airflow/dags/iceberg_table_optimization.py took 0.097 seconds
[2026-07-23T02:40:10.923+0000] {processor.py:186} INFO - Started process (PID=7647) to work on /opt/airflow/dags/iceberg_table_optimization.py
[2026-07-23T02:40:10.925+0000] {processor.py:914} INFO - Processing file /opt/airflow/dags/iceberg_table_optimization.py for tasks to queue
[2026-07-23T02:40:10.929+0000] {logging_mixin.py:190} INFO - [2026-07-23T02:40:10.928+0000] {dagbag.py:588} INFO - Filling up the DagBag from /opt/airflow/dags/iceberg_table_optimization.py
[2026-07-23T02:40:10.961+0000] {processor.py:925} INFO - DAG(s) 'iceberg_table_optimization' retrieved from /opt/airflow/dags/iceberg_table_optimization.py
[2026-07-23T02:40:10.992+0000] {logging_mixin.py:190} INFO - [2026-07-23T02:40:10.992+0000] {dag.py:3239} INFO - Sync 1 DAGs
[2026-07-23T02:40:11.015+0000] {logging_mixin.py:190} INFO - [2026-07-23T02:40:11.015+0000] {dag.py:4180} INFO - Setting next_dagrun for iceberg_table_optimization to 2026-07-12 02:00:00+00:00, run_after=2026-07-19 02:00:00+00:00
[2026-07-23T02:40:11.036+0000] {processor.py:208} INFO - Processing /opt/airflow/dags/iceberg_table_optimization.py took 0.119 seconds
[2026-07-23T02:40:41.306+0000] {processor.py:186} INFO - Started process (PID=7761) to work on /opt/airflow/dags/iceberg_table_optimization.py
[2026-07-23T02:40:41.307+0000] {processor.py:914} INFO - Processing file /opt/airflow/dags/iceberg_table_optimization.py for tasks to queue
[2026-07-23T02:40:41.309+0000] {logging_mixin.py:190} INFO - [2026-07-23T02:40:41.309+0000] {dagbag.py:588} INFO - Filling up the DagBag from /opt/airflow/dags/iceberg_table_optimization.py
[2026-07-23T02:40:41.331+0000] {processor.py:925} INFO - DAG(s) 'iceberg_table_optimization' retrieved from /opt/airflow/dags/iceberg_table_optimization.py
[2026-07-23T02:40:41.356+0000] {logging_mixin.py:190} INFO - [2026-07-23T02:40:41.356+0000] {dag.py:3239} INFO - Sync 1 DAGs
[2026-07-23T02:40:41.380+0000] {logging_mixin.py:190} INFO - [2026-07-23T02:40:41.380+0000] {dag.py:4180} INFO - Setting next_dagrun for iceberg_table_optimization to 2026-07-12 02:00:00+00:00, run_after=2026-07-19 02:00:00+00:00
[2026-07-23T02:40:41.401+0000] {processor.py:208} INFO - Processing /opt/airflow/dags/iceberg_table_optimization.py took 0.100 seconds
[2026-07-23T02:41:12.179+0000] {processor.py:186} INFO - Started process (PID=7877) to work on /opt/airflow/dags/iceberg_table_optimization.py
[2026-07-23T02:41:12.180+0000] {processor.py:914} INFO - Processing file /opt/airflow/dags/iceberg_table_optimization.py for tasks to queue
[2026-07-23T02:41:12.182+0000] {logging_mixin.py:190} INFO - [2026-07-23T02:41:12.182+0000] {dagbag.py:588} INFO - Filling up the DagBag from /opt/airflow/dags/iceberg_table_optimization.py
[2026-07-23T02:41:12.203+0000] {processor.py:925} INFO - DAG(s) 'iceberg_table_optimization' retrieved from /opt/airflow/dags/iceberg_table_optimization.py
[2026-07-23T02:41:12.226+0000] {logging_mixin.py:190} INFO - [2026-07-23T02:41:12.225+0000] {dag.py:3239} INFO - Sync 1 DAGs
[2026-07-23T02:41:12.247+0000] {logging_mixin.py:190} INFO - [2026-07-23T02:41:12.246+0000] {dag.py:4180} INFO - Setting next_dagrun for iceberg_table_optimization to 2026-07-12 02:00:00+00:00, run_after=2026-07-19 02:00:00+00:00
[2026-07-23T02:41:12.266+0000] {processor.py:208} INFO - Processing /opt/airflow/dags/iceberg_table_optimization.py took 0.094 seconds
[2026-07-23T02:41:42.431+0000] {processor.py:186} INFO - Started process (PID=7990) to work on /opt/airflow/dags/iceberg_table_optimization.py
[2026-07-23T02:41:42.432+0000] {processor.py:914} INFO - Processing file /opt/airflow/dags/iceberg_table_optimization.py for tasks to queue
[2026-07-23T02:41:42.434+0000] {logging_mixin.py:190} INFO - [2026-07-23T02:41:42.434+0000] {dagbag.py:588} INFO - Filling up the DagBag from /opt/airflow/dags/iceberg_table_optimization.py
[2026-07-23T02:41:42.460+0000] {processor.py:925} INFO - DAG(s) 'iceberg_table_optimization' retrieved from /opt/airflow/dags/iceberg_table_optimization.py
[2026-07-23T02:41:42.482+0000] {logging_mixin.py:190} INFO - [2026-07-23T02:41:42.481+0000] {dag.py:3239} INFO - Sync 1 DAGs
[2026-07-23T02:41:42.505+0000] {logging_mixin.py:190} INFO - [2026-07-23T02:41:42.504+0000] {dag.py:4180} INFO - Setting next_dagrun for iceberg_table_optimization to 2026-07-12 02:00:00+00:00, run_after=2026-07-19 02:00:00+00:00
[2026-07-23T02:41:42.527+0000] {processor.py:208} INFO - Processing /opt/airflow/dags/iceberg_table_optimization.py took 0.102 seconds
[2026-07-23T02:42:13.012+0000] {processor.py:186} INFO - Started process (PID=8104) to work on /opt/airflow/dags/iceberg_table_optimization.py
[2026-07-23T02:42:13.013+0000] {processor.py:914} INFO - Processing file /opt/airflow/dags/iceberg_table_optimization.py for tasks to queue
[2026-07-23T02:42:13.016+0000] {logging_mixin.py:190} INFO - [2026-07-23T02:42:13.015+0000] {dagbag.py:588} INFO - Filling up the DagBag from /opt/airflow/dags/iceberg_table_optimization.py
[2026-07-23T02:42:13.035+0000] {processor.py:925} INFO - DAG(s) 'iceberg_table_optimization' retrieved from /opt/airflow/dags/iceberg_table_optimization.py
[2026-07-23T02:42:13.064+0000] {logging_mixin.py:190} INFO - [2026-07-23T02:42:13.064+0000] {dag.py:3239} INFO - Sync 1 DAGs
[2026-07-23T02:42:13.086+0000] {logging_mixin.py:190} INFO - [2026-07-23T02:42:13.086+0000] {dag.py:4180} INFO - Setting next_dagrun for iceberg_table_optimization to 2026-07-12 02:00:00+00:00, run_after=2026-07-19 02:00:00+00:00
[2026-07-23T02:42:13.113+0000] {processor.py:208} INFO - Processing /opt/airflow/dags/iceberg_table_optimization.py took 0.106 seconds
[2026-07-23T02:42:44.088+0000] {processor.py:186} INFO - Started process (PID=8220) to work on /opt/airflow/dags/iceberg_table_optimization.py
[2026-07-23T02:42:44.089+0000] {processor.py:914} INFO - Processing file /opt/airflow/dags/iceberg_table_optimization.py for tasks to queue
[2026-07-23T02:42:44.091+0000] {logging_mixin.py:190} INFO - [2026-07-23T02:42:44.091+0000] {dagbag.py:588} INFO - Filling up the DagBag from /opt/airflow/dags/iceberg_table_optimization.py
[2026-07-23T02:42:44.110+0000] {processor.py:925} INFO - DAG(s) 'iceberg_table_optimization' retrieved from /opt/airflow/dags/iceberg_table_optimization.py
[2026-07-23T02:42:44.131+0000] {logging_mixin.py:190} INFO - [2026-07-23T02:42:44.131+0000] {dag.py:3239} INFO - Sync 1 DAGs
[2026-07-23T02:42:44.154+0000] {logging_mixin.py:190} INFO - [2026-07-23T02:42:44.153+0000] {dag.py:4180} INFO - Setting next_dagrun for iceberg_table_optimization to 2026-07-12 02:00:00+00:00, run_after=2026-07-19 02:00:00+00:00
[2026-07-23T02:42:44.175+0000] {processor.py:208} INFO - Processing /opt/airflow/dags/iceberg_table_optimization.py took 0.092 seconds
[2026-07-23T02:43:15.610+0000] {processor.py:186} INFO - Started process (PID=8336) to work on /opt/airflow/dags/iceberg_table_optimization.py
[2026-07-23T02:43:15.611+0000] {processor.py:914} INFO - Processing file /opt/airflow/dags/iceberg_table_optimization.py for tasks to queue
[2026-07-23T02:43:15.613+0000] {logging_mixin.py:190} INFO - [2026-07-23T02:43:15.612+0000] {dagbag.py:588} INFO - Filling up the DagBag from /opt/airflow/dags/iceberg_table_optimization.py
[2026-07-23T02:43:15.637+0000] {processor.py:925} INFO - DAG(s) 'iceberg_table_optimization' retrieved from /opt/airflow/dags/iceberg_table_optimization.py
[2026-07-23T02:43:15.662+0000] {logging_mixin.py:190} INFO - [2026-07-23T02:43:15.661+0000] {dag.py:3239} INFO - Sync 1 DAGs
[2026-07-23T02:43:15.684+0000] {logging_mixin.py:190} INFO - [2026-07-23T02:43:15.684+0000] {dag.py:4180} INFO - Setting next_dagrun for iceberg_table_optimization to 2026-07-12 02:00:00+00:00, run_after=2026-07-19 02:00:00+00:00
[2026-07-23T02:43:15.706+0000] {processor.py:208} INFO - Processing /opt/airflow/dags/iceberg_table_optimization.py took 0.101 seconds
[2026-07-23T02:44:45.177+0000] {processor.py:186} INFO - Started process (PID=175) to work on /opt/airflow/dags/iceberg_table_optimization.py
[2026-07-23T02:44:45.179+0000] {processor.py:914} INFO - Processing file /opt/airflow/dags/iceberg_table_optimization.py for tasks to queue
[2026-07-23T02:44:45.183+0000] {logging_mixin.py:190} INFO - [2026-07-23T02:44:45.182+0000] {dagbag.py:588} INFO - Filling up the DagBag from /opt/airflow/dags/iceberg_table_optimization.py
[2026-07-23T02:44:45.218+0000] {processor.py:925} INFO - DAG(s) 'iceberg_table_optimization' retrieved from /opt/airflow/dags/iceberg_table_optimization.py
[2026-07-23T02:44:45.255+0000] {logging_mixin.py:190} INFO - [2026-07-23T02:44:45.255+0000] {dag.py:3239} INFO - Sync 1 DAGs
[2026-07-23T02:44:45.294+0000] {logging_mixin.py:190} INFO - [2026-07-23T02:44:45.293+0000] {dag.py:4180} INFO - Setting next_dagrun for iceberg_table_optimization to 2026-07-12 02:00:00+00:00, run_after=2026-07-19 02:00:00+00:00
[2026-07-23T02:44:45.335+0000] {processor.py:208} INFO - Processing /opt/airflow/dags/iceberg_table_optimization.py took 0.165 seconds
[2026-07-23T02:45:16.422+0000] {processor.py:186} INFO - Started process (PID=293) to work on /opt/airflow/dags/iceberg_table_optimization.py
[2026-07-23T02:45:16.423+0000] {processor.py:914} INFO - Processing file /opt/airflow/dags/iceberg_table_optimization.py for tasks to queue
[2026-07-23T02:45:16.426+0000] {logging_mixin.py:190} INFO - [2026-07-23T02:45:16.426+0000] {dagbag.py:588} INFO - Filling up the DagBag from /opt/airflow/dags/iceberg_table_optimization.py
[2026-07-23T02:45:16.450+0000] {processor.py:925} INFO - DAG(s) 'iceberg_table_optimization' retrieved from /opt/airflow/dags/iceberg_table_optimization.py
[2026-07-23T02:45:16.477+0000] {logging_mixin.py:190} INFO - [2026-07-23T02:45:16.476+0000] {dag.py:3239} INFO - Sync 1 DAGs
[2026-07-23T02:45:16.500+0000] {logging_mixin.py:190} INFO - [2026-07-23T02:45:16.500+0000] {dag.py:4180} INFO - Setting next_dagrun for iceberg_table_optimization to 2026-07-12 02:00:00+00:00, run_after=2026-07-19 02:00:00+00:00
[2026-07-23T02:45:16.524+0000] {processor.py:208} INFO - Processing /opt/airflow/dags/iceberg_table_optimization.py took 0.108 seconds
[2026-07-23T02:45:46.659+0000] {processor.py:186} INFO - Started process (PID=409) to work on /opt/airflow/dags/iceberg_table_optimization.py
[2026-07-23T02:45:46.661+0000] {processor.py:914} INFO - Processing file /opt/airflow/dags/iceberg_table_optimization.py for tasks to queue
[2026-07-23T02:45:46.664+0000] {logging_mixin.py:190} INFO - [2026-07-23T02:45:46.663+0000] {dagbag.py:588} INFO - Filling up the DagBag from /opt/airflow/dags/iceberg_table_optimization.py
[2026-07-23T02:45:46.690+0000] {processor.py:925} INFO - DAG(s) 'iceberg_table_optimization' retrieved from /opt/airflow/dags/iceberg_table_optimization.py
[2026-07-23T02:45:46.713+0000] {logging_mixin.py:190} INFO - [2026-07-23T02:45:46.713+0000] {dag.py:3239} INFO - Sync 1 DAGs
[2026-07-23T02:45:46.733+0000] {logging_mixin.py:190} INFO - [2026-07-23T02:45:46.733+0000] {dag.py:4180} INFO - Setting next_dagrun for iceberg_table_optimization to 2026-07-12 02:00:00+00:00, run_after=2026-07-19 02:00:00+00:00
[2026-07-23T02:45:46.755+0000] {processor.py:208} INFO - Processing /opt/airflow/dags/iceberg_table_optimization.py took 0.102 seconds
[2026-07-23T02:46:16.940+0000] {processor.py:186} INFO - Started process (PID=523) to work on /opt/airflow/dags/iceberg_table_optimization.py
[2026-07-23T02:46:16.941+0000] {processor.py:914} INFO - Processing file /opt/airflow/dags/iceberg_table_optimization.py for tasks to queue
[2026-07-23T02:46:16.943+0000] {logging_mixin.py:190} INFO - [2026-07-23T02:46:16.943+0000] {dagbag.py:588} INFO - Filling up the DagBag from /opt/airflow/dags/iceberg_table_optimization.py
[2026-07-23T02:46:16.963+0000] {processor.py:925} INFO - DAG(s) 'iceberg_table_optimization' retrieved from /opt/airflow/dags/iceberg_table_optimization.py
[2026-07-23T02:46:16.985+0000] {logging_mixin.py:190} INFO - [2026-07-23T02:46:16.985+0000] {dag.py:3239} INFO - Sync 1 DAGs
[2026-07-23T02:46:17.005+0000] {logging_mixin.py:190} INFO - [2026-07-23T02:46:17.005+0000] {dag.py:4180} INFO - Setting next_dagrun for iceberg_table_optimization to 2026-07-12 02:00:00+00:00, run_after=2026-07-19 02:00:00+00:00
[2026-07-23T02:46:17.022+0000] {processor.py:208} INFO - Processing /opt/airflow/dags/iceberg_table_optimization.py took 0.087 seconds
[2026-07-23T02:46:47.774+0000] {processor.py:186} INFO - Started process (PID=636) to work on /opt/airflow/dags/iceberg_table_optimization.py
[2026-07-23T02:46:47.775+0000] {processor.py:914} INFO - Processing file /opt/airflow/dags/iceberg_table_optimization.py for tasks to queue
[2026-07-23T02:46:47.777+0000] {logging_mixin.py:190} INFO - [2026-07-23T02:46:47.777+0000] {dagbag.py:588} INFO - Filling up the DagBag from /opt/airflow/dags/iceberg_table_optimization.py
[2026-07-23T02:46:47.799+0000] {processor.py:925} INFO - DAG(s) 'iceberg_table_optimization' retrieved from /opt/airflow/dags/iceberg_table_optimization.py
[2026-07-23T02:46:47.823+0000] {logging_mixin.py:190} INFO - [2026-07-23T02:46:47.822+0000] {dag.py:3239} INFO - Sync 1 DAGs
[2026-07-23T02:46:47.844+0000] {logging_mixin.py:190} INFO - [2026-07-23T02:46:47.844+0000] {dag.py:4180} INFO - Setting next_dagrun for iceberg_table_optimization to 2026-07-12 02:00:00+00:00, run_after=2026-07-19 02:00:00+00:00
[2026-07-23T02:46:47.869+0000] {processor.py:208} INFO - Processing /opt/airflow/dags/iceberg_table_optimization.py took 0.100 seconds
[2026-07-23T02:47:18.283+0000] {processor.py:186} INFO - Started process (PID=752) to work on /opt/airflow/dags/iceberg_table_optimization.py
[2026-07-23T02:47:18.284+0000] {processor.py:914} INFO - Processing file /opt/airflow/dags/iceberg_table_optimization.py for tasks to queue
[2026-07-23T02:47:18.286+0000] {logging_mixin.py:190} INFO - [2026-07-23T02:47:18.286+0000] {dagbag.py:588} INFO - Filling up the DagBag from /opt/airflow/dags/iceberg_table_optimization.py
[2026-07-23T02:47:18.306+0000] {processor.py:925} INFO - DAG(s) 'iceberg_table_optimization' retrieved from /opt/airflow/dags/iceberg_table_optimization.py
[2026-07-23T02:47:18.328+0000] {logging_mixin.py:190} INFO - [2026-07-23T02:47:18.328+0000] {dag.py:3239} INFO - Sync 1 DAGs
[2026-07-23T02:47:18.348+0000] {logging_mixin.py:190} INFO - [2026-07-23T02:47:18.348+0000] {dag.py:4180} INFO - Setting next_dagrun for iceberg_table_optimization to 2026-07-12 02:00:00+00:00, run_after=2026-07-19 02:00:00+00:00
[2026-07-23T02:47:18.373+0000] {processor.py:208} INFO - Processing /opt/airflow/dags/iceberg_table_optimization.py took 0.096 seconds
[2026-07-23T02:47:48.842+0000] {processor.py:186} INFO - Started process (PID=868) to work on /opt/airflow/dags/iceberg_table_optimization.py
[2026-07-23T02:47:48.844+0000] {processor.py:914} INFO - Processing file /opt/airflow/dags/iceberg_table_optimization.py for tasks to queue
[2026-07-23T02:47:48.847+0000] {logging_mixin.py:190} INFO - [2026-07-23T02:47:48.847+0000] {dagbag.py:588} INFO - Filling up the DagBag from /opt/airflow/dags/iceberg_table_optimization.py
[2026-07-23T02:47:48.872+0000] {processor.py:925} INFO - DAG(s) 'iceberg_table_optimization' retrieved from /opt/airflow/dags/iceberg_table_optimization.py
[2026-07-23T02:47:48.902+0000] {logging_mixin.py:190} INFO - [2026-07-23T02:47:48.901+0000] {dag.py:3239} INFO - Sync 1 DAGs
[2026-07-23T02:47:48.926+0000] {logging_mixin.py:190} INFO - [2026-07-23T02:47:48.926+0000] {dag.py:4180} INFO - Setting next_dagrun for iceberg_table_optimization to 2026-07-12 02:00:00+00:00, run_after=2026-07-19 02:00:00+00:00
[2026-07-23T02:47:48.946+0000] {processor.py:208} INFO - Processing /opt/airflow/dags/iceberg_table_optimization.py took 0.112 seconds
[2026-07-23T02:48:19.108+0000] {processor.py:186} INFO - Started process (PID=1006) to work on /opt/airflow/dags/iceberg_table_optimization.py
[2026-07-23T02:48:19.109+0000] {processor.py:914} INFO - Processing file /opt/airflow/dags/iceberg_table_optimization.py for tasks to queue
[2026-07-23T02:48:19.111+0000] {logging_mixin.py:190} INFO - [2026-07-23T02:48:19.111+0000] {dagbag.py:588} INFO - Filling up the DagBag from /opt/airflow/dags/iceberg_table_optimization.py
[2026-07-23T02:48:19.134+0000] {processor.py:925} INFO - DAG(s) 'iceberg_table_optimization' retrieved from /opt/airflow/dags/iceberg_table_optimization.py
[2026-07-23T02:48:19.158+0000] {logging_mixin.py:190} INFO - [2026-07-23T02:48:19.158+0000] {dag.py:3239} INFO - Sync 1 DAGs
[2026-07-23T02:48:19.179+0000] {logging_mixin.py:190} INFO - [2026-07-23T02:48:19.179+0000] {dag.py:4180} INFO - Setting next_dagrun for iceberg_table_optimization to 2026-07-12 02:00:00+00:00, run_after=2026-07-19 02:00:00+00:00
[2026-07-23T02:48:19.196+0000] {processor.py:208} INFO - Processing /opt/airflow/dags/iceberg_table_optimization.py took 0.095 seconds
[2026-07-23T03:00:43.580+0000] {processor.py:186} INFO - Started process (PID=177) to work on /opt/airflow/dags/iceberg_table_optimization.py
[2026-07-23T03:00:43.581+0000] {processor.py:914} INFO - Processing file /opt/airflow/dags/iceberg_table_optimization.py for tasks to queue
[2026-07-23T03:00:43.585+0000] {logging_mixin.py:190} INFO - [2026-07-23T03:00:43.584+0000] {dagbag.py:588} INFO - Filling up the DagBag from /opt/airflow/dags/iceberg_table_optimization.py
[2026-07-23T03:00:43.614+0000] {processor.py:925} INFO - DAG(s) 'iceberg_table_optimization' retrieved from /opt/airflow/dags/iceberg_table_optimization.py
[2026-07-23T03:00:43.683+0000] {logging_mixin.py:190} INFO - [2026-07-23T03:00:43.682+0000] {override.py:1900} INFO - Created Permission View: can read on DAG:iceberg_table_optimization
[2026-07-23T03:00:43.695+0000] {logging_mixin.py:190} INFO - [2026-07-23T03:00:43.694+0000] {override.py:1900} INFO - Created Permission View: can delete on DAG:iceberg_table_optimization
[2026-07-23T03:00:43.707+0000] {logging_mixin.py:190} INFO - [2026-07-23T03:00:43.706+0000] {override.py:1900} INFO - Created Permission View: can edit on DAG:iceberg_table_optimization
[2026-07-23T03:00:43.720+0000] {logging_mixin.py:190} INFO - [2026-07-23T03:00:43.720+0000] {override.py:1900} INFO - Created Permission View: can read on DAG Run:iceberg_table_optimization
[2026-07-23T03:00:43.729+0000] {logging_mixin.py:190} INFO - [2026-07-23T03:00:43.728+0000] {override.py:1900} INFO - Created Permission View: can create on DAG Run:iceberg_table_optimization
[2026-07-23T03:00:43.737+0000] {logging_mixin.py:190} INFO - [2026-07-23T03:00:43.737+0000] {override.py:1900} INFO - Created Permission View: menu access on DAG Run:iceberg_table_optimization
[2026-07-23T03:00:43.745+0000] {logging_mixin.py:190} INFO - [2026-07-23T03:00:43.745+0000] {override.py:1900} INFO - Created Permission View: can delete on DAG Run:iceberg_table_optimization
[2026-07-23T03:00:43.746+0000] {logging_mixin.py:190} INFO - [2026-07-23T03:00:43.746+0000] {dag.py:3239} INFO - Sync 1 DAGs
[2026-07-23T03:00:43.898+0000] {logging_mixin.py:190} INFO - [2026-07-23T03:00:43.898+0000] {dag.py:3262} INFO - Creating ORM DAG for iceberg_table_optimization
[2026-07-23T03:00:43.913+0000] {logging_mixin.py:190} INFO - [2026-07-23T03:00:43.913+0000] {dag.py:4180} INFO - Setting next_dagrun for iceberg_table_optimization to 2026-07-12 02:00:00+00:00, run_after=2026-07-19 02:00:00+00:00
[2026-07-23T03:00:43.946+0000] {processor.py:208} INFO - Processing /opt/airflow/dags/iceberg_table_optimization.py took 0.381 seconds
[2026-07-23T03:01:14.655+0000] {processor.py:186} INFO - Started process (PID=293) to work on /opt/airflow/dags/iceberg_table_optimization.py
[2026-07-23T03:01:14.656+0000] {processor.py:914} INFO - Processing file /opt/airflow/dags/iceberg_table_optimization.py for tasks to queue
[2026-07-23T03:01:14.658+0000] {logging_mixin.py:190} INFO - [2026-07-23T03:01:14.658+0000] {dagbag.py:588} INFO - Filling up the DagBag from /opt/airflow/dags/iceberg_table_optimization.py
[2026-07-23T03:01:14.685+0000] {processor.py:925} INFO - DAG(s) 'iceberg_table_optimization' retrieved from /opt/airflow/dags/iceberg_table_optimization.py
[2026-07-23T03:01:14.708+0000] {logging_mixin.py:190} INFO - [2026-07-23T03:01:14.707+0000] {dag.py:3239} INFO - Sync 1 DAGs
[2026-07-23T03:01:14.729+0000] {logging_mixin.py:190} INFO - [2026-07-23T03:01:14.729+0000] {dag.py:4180} INFO - Setting next_dagrun for iceberg_table_optimization to 2026-07-12 02:00:00+00:00, run_after=2026-07-19 02:00:00+00:00
[2026-07-23T03:01:14.751+0000] {processor.py:208} INFO - Processing /opt/airflow/dags/iceberg_table_optimization.py took 0.102 seconds
[2026-07-23T03:01:44.832+0000] {processor.py:186} INFO - Started process (PID=410) to work on /opt/airflow/dags/iceberg_table_optimization.py
[2026-07-23T03:01:44.834+0000] {processor.py:914} INFO - Processing file /opt/airflow/dags/iceberg_table_optimization.py for tasks to queue
[2026-07-23T03:01:44.836+0000] {logging_mixin.py:190} INFO - [2026-07-23T03:01:44.836+0000] {dagbag.py:588} INFO - Filling up the DagBag from /opt/airflow/dags/iceberg_table_optimization.py
[2026-07-23T03:01:44.860+0000] {processor.py:925} INFO - DAG(s) 'iceberg_table_optimization' retrieved from /opt/airflow/dags/iceberg_table_optimization.py
[2026-07-23T03:01:44.881+0000] {logging_mixin.py:190} INFO - [2026-07-23T03:01:44.880+0000] {dag.py:3239} INFO - Sync 1 DAGs
[2026-07-23T03:01:44.901+0000] {logging_mixin.py:190} INFO - [2026-07-23T03:01:44.901+0000] {dag.py:4180} INFO - Setting next_dagrun for iceberg_table_optimization to 2026-07-12 02:00:00+00:00, run_after=2026-07-19 02:00:00+00:00
[2026-07-23T03:01:44.920+0000] {processor.py:208} INFO - Processing /opt/airflow/dags/iceberg_table_optimization.py took 0.093 seconds
[2026-07-23T03:02:15.289+0000] {processor.py:186} INFO - Started process (PID=524) to work on /opt/airflow/dags/iceberg_table_optimization.py
[2026-07-23T03:02:15.290+0000] {processor.py:914} INFO - Processing file /opt/airflow/dags/iceberg_table_optimization.py for tasks to queue
[2026-07-23T03:02:15.292+0000] {logging_mixin.py:190} INFO - [2026-07-23T03:02:15.292+0000] {dagbag.py:588} INFO - Filling up the DagBag from /opt/airflow/dags/iceberg_table_optimization.py
[2026-07-23T03:02:15.312+0000] {processor.py:925} INFO - DAG(s) 'iceberg_table_optimization' retrieved from /opt/airflow/dags/iceberg_table_optimization.py
[2026-07-23T03:02:15.335+0000] {logging_mixin.py:190} INFO - [2026-07-23T03:02:15.335+0000] {dag.py:3239} INFO - Sync 1 DAGs
[2026-07-23T03:02:15.356+0000] {logging_mixin.py:190} INFO - [2026-07-23T03:02:15.356+0000] {dag.py:4180} INFO - Setting next_dagrun for iceberg_table_optimization to 2026-07-12 02:00:00+00:00, run_after=2026-07-19 02:00:00+00:00
[2026-07-23T03:02:15.374+0000] {processor.py:208} INFO - Processing /opt/airflow/dags/iceberg_table_optimization.py took 0.091 seconds
[2026-07-23T03:02:45.615+0000] {processor.py:186} INFO - Started process (PID=637) to work on /opt/airflow/dags/iceberg_table_optimization.py
[2026-07-23T03:02:45.616+0000] {processor.py:914} INFO - Processing file /opt/airflow/dags/iceberg_table_optimization.py for tasks to queue
[2026-07-23T03:02:45.618+0000] {logging_mixin.py:190} INFO - [2026-07-23T03:02:45.618+0000] {dagbag.py:588} INFO - Filling up the DagBag from /opt/airflow/dags/iceberg_table_optimization.py
[2026-07-23T03:02:45.640+0000] {processor.py:925} INFO - DAG(s) 'iceberg_table_optimization' retrieved from /opt/airflow/dags/iceberg_table_optimization.py
[2026-07-23T03:02:45.663+0000] {logging_mixin.py:190} INFO - [2026-07-23T03:02:45.663+0000] {dag.py:3239} INFO - Sync 1 DAGs
[2026-07-23T03:02:45.684+0000] {logging_mixin.py:190} INFO - [2026-07-23T03:02:45.684+0000] {dag.py:4180} INFO - Setting next_dagrun for iceberg_table_optimization to 2026-07-12 02:00:00+00:00, run_after=2026-07-19 02:00:00+00:00
[2026-07-23T03:02:45.702+0000] {processor.py:208} INFO - Processing /opt/airflow/dags/iceberg_table_optimization.py took 0.092 seconds
[2026-07-23T03:03:16.054+0000] {processor.py:186} INFO - Started process (PID=947) to work on /opt/airflow/dags/iceberg_table_optimization.py
[2026-07-23T03:03:16.055+0000] {processor.py:914} INFO - Processing file /opt/airflow/dags/iceberg_table_optimization.py for tasks to queue
[2026-07-23T03:03:16.058+0000] {logging_mixin.py:190} INFO - [2026-07-23T03:03:16.058+0000] {dagbag.py:588} INFO - Filling up the DagBag from /opt/airflow/dags/iceberg_table_optimization.py
[2026-07-23T03:03:16.084+0000] {processor.py:925} INFO - DAG(s) 'iceberg_table_optimization' retrieved from /opt/airflow/dags/iceberg_table_optimization.py
[2026-07-23T03:03:16.112+0000] {logging_mixin.py:190} INFO - [2026-07-23T03:03:16.112+0000] {dag.py:3239} INFO - Sync 1 DAGs
[2026-07-23T03:03:16.136+0000] {logging_mixin.py:190} INFO - [2026-07-23T03:03:16.135+0000] {dag.py:4180} INFO - Setting next_dagrun for iceberg_table_optimization to 2026-07-12 02:00:00+00:00, run_after=2026-07-19 02:00:00+00:00
[2026-07-23T03:03:16.159+0000] {processor.py:208} INFO - Processing /opt/airflow/dags/iceberg_table_optimization.py took 0.112 seconds
[2026-07-23T03:03:46.845+0000] {processor.py:186} INFO - Started process (PID=1207) to work on /opt/airflow/dags/iceberg_table_optimization.py
[2026-07-23T03:03:46.847+0000] {processor.py:914} INFO - Processing file /opt/airflow/dags/iceberg_table_optimization.py for tasks to queue
[2026-07-23T03:03:46.849+0000] {logging_mixin.py:190} INFO - [2026-07-23T03:03:46.849+0000] {dagbag.py:588} INFO - Filling up the DagBag from /opt/airflow/dags/iceberg_table_optimization.py
[2026-07-23T03:03:46.873+0000] {processor.py:925} INFO - DAG(s) 'iceberg_table_optimization' retrieved from /opt/airflow/dags/iceberg_table_optimization.py
[2026-07-23T03:03:46.895+0000] {logging_mixin.py:190} INFO - [2026-07-23T03:03:46.894+0000] {dag.py:3239} INFO - Sync 1 DAGs
[2026-07-23T03:03:46.915+0000] {logging_mixin.py:190} INFO - [2026-07-23T03:03:46.915+0000] {dag.py:4180} INFO - Setting next_dagrun for iceberg_table_optimization to 2026-07-12 02:00:00+00:00, run_after=2026-07-19 02:00:00+00:00
[2026-07-23T03:03:46.934+0000] {processor.py:208} INFO - Processing /opt/airflow/dags/iceberg_table_optimization.py took 0.094 seconds
[2026-07-23T03:04:17.736+0000] {processor.py:186} INFO - Started process (PID=1332) to work on /opt/airflow/dags/iceberg_table_optimization.py
[2026-07-23T03:04:17.738+0000] {processor.py:914} INFO - Processing file /opt/airflow/dags/iceberg_table_optimization.py for tasks to queue
[2026-07-23T03:04:17.741+0000] {logging_mixin.py:190} INFO - [2026-07-23T03:04:17.741+0000] {dagbag.py:588} INFO - Filling up the DagBag from /opt/airflow/dags/iceberg_table_optimization.py
[2026-07-23T03:04:17.766+0000] {processor.py:925} INFO - DAG(s) 'iceberg_table_optimization' retrieved from /opt/airflow/dags/iceberg_table_optimization.py
[2026-07-23T03:04:17.790+0000] {logging_mixin.py:190} INFO - [2026-07-23T03:04:17.790+0000] {dag.py:3239} INFO - Sync 1 DAGs
[2026-07-23T03:04:17.812+0000] {logging_mixin.py:190} INFO - [2026-07-23T03:04:17.812+0000] {dag.py:4180} INFO - Setting next_dagrun for iceberg_table_optimization to 2026-07-12 02:00:00+00:00, run_after=2026-07-19 02:00:00+00:00
[2026-07-23T03:04:17.832+0000] {processor.py:208} INFO - Processing /opt/airflow/dags/iceberg_table_optimization.py took 0.103 seconds
[2026-07-23T03:04:48.276+0000] {processor.py:186} INFO - Started process (PID=1475) to work on /opt/airflow/dags/iceberg_table_optimization.py
[2026-07-23T03:04:48.279+0000] {processor.py:914} INFO - Processing file /opt/airflow/dags/iceberg_table_optimization.py for tasks to queue
[2026-07-23T03:04:48.283+0000] {logging_mixin.py:190} INFO - [2026-07-23T03:04:48.283+0000] {dagbag.py:588} INFO - Filling up the DagBag from /opt/airflow/dags/iceberg_table_optimization.py
[2026-07-23T03:04:48.314+0000] {processor.py:925} INFO - DAG(s) 'iceberg_table_optimization' retrieved from /opt/airflow/dags/iceberg_table_optimization.py
[2026-07-23T03:04:48.348+0000] {logging_mixin.py:190} INFO - [2026-07-23T03:04:48.347+0000] {dag.py:3239} INFO - Sync 1 DAGs
[2026-07-23T03:04:48.378+0000] {logging_mixin.py:190} INFO - [2026-07-23T03:04:48.378+0000] {dag.py:4180} INFO - Setting next_dagrun for iceberg_table_optimization to 2026-07-12 02:00:00+00:00, run_after=2026-07-19 02:00:00+00:00
[2026-07-23T03:04:48.404+0000] {processor.py:208} INFO - Processing /opt/airflow/dags/iceberg_table_optimization.py took 0.137 seconds
[2026-07-23T03:05:19.295+0000] {processor.py:186} INFO - Started process (PID=1643) to work on /opt/airflow/dags/iceberg_table_optimization.py
[2026-07-23T03:05:19.297+0000] {processor.py:914} INFO - Processing file /opt/airflow/dags/iceberg_table_optimization.py for tasks to queue
[2026-07-23T03:05:19.302+0000] {logging_mixin.py:190} INFO - [2026-07-23T03:05:19.301+0000] {dagbag.py:588} INFO - Filling up the DagBag from /opt/airflow/dags/iceberg_table_optimization.py
[2026-07-23T03:05:19.331+0000] {processor.py:925} INFO - DAG(s) 'iceberg_table_optimization' retrieved from /opt/airflow/dags/iceberg_table_optimization.py
[2026-07-23T03:05:19.380+0000] {logging_mixin.py:190} INFO - [2026-07-23T03:05:19.380+0000] {dag.py:3239} INFO - Sync 1 DAGs
[2026-07-23T03:05:19.429+0000] {logging_mixin.py:190} INFO - [2026-07-23T03:05:19.429+0000] {dag.py:4180} INFO - Setting next_dagrun for iceberg_table_optimization to 2026-07-12 02:00:00+00:00, run_after=2026-07-19 02:00:00+00:00
[2026-07-23T03:05:19.474+0000] {processor.py:208} INFO - Processing /opt/airflow/dags/iceberg_table_optimization.py took 0.189 seconds
[2026-07-23T03:05:50.341+0000] {processor.py:186} INFO - Started process (PID=1807) to work on /opt/airflow/dags/iceberg_table_optimization.py
[2026-07-23T03:05:50.342+0000] {processor.py:914} INFO - Processing file /opt/airflow/dags/iceberg_table_optimization.py for tasks to queue
[2026-07-23T03:05:50.345+0000] {logging_mixin.py:190} INFO - [2026-07-23T03:05:50.345+0000] {dagbag.py:588} INFO - Filling up the DagBag from /opt/airflow/dags/iceberg_table_optimization.py
[2026-07-23T03:05:50.384+0000] {processor.py:925} INFO - DAG(s) 'iceberg_table_optimization' retrieved from /opt/airflow/dags/iceberg_table_optimization.py
[2026-07-23T03:05:50.420+0000] {logging_mixin.py:190} INFO - [2026-07-23T03:05:50.420+0000] {dag.py:3239} INFO - Sync 1 DAGs
[2026-07-23T03:05:50.446+0000] {logging_mixin.py:190} INFO - [2026-07-23T03:05:50.446+0000] {dag.py:4180} INFO - Setting next_dagrun for iceberg_table_optimization to 2026-07-12 02:00:00+00:00, run_after=2026-07-19 02:00:00+00:00
[2026-07-23T03:05:50.467+0000] {processor.py:208} INFO - Processing /opt/airflow/dags/iceberg_table_optimization.py took 0.133 seconds
[2026-07-23T03:06:20.591+0000] {processor.py:186} INFO - Started process (PID=1920) to work on /opt/airflow/dags/iceberg_table_optimization.py
[2026-07-23T03:06:20.593+0000] {processor.py:914} INFO - Processing file /opt/airflow/dags/iceberg_table_optimization.py for tasks to queue
[2026-07-23T03:06:20.595+0000] {logging_mixin.py:190} INFO - [2026-07-23T03:06:20.595+0000] {dagbag.py:588} INFO - Filling up the DagBag from /opt/airflow/dags/iceberg_table_optimization.py
[2026-07-23T03:06:20.620+0000] {processor.py:925} INFO - DAG(s) 'iceberg_table_optimization' retrieved from /opt/airflow/dags/iceberg_table_optimization.py
[2026-07-23T03:06:20.647+0000] {logging_mixin.py:190} INFO - [2026-07-23T03:06:20.646+0000] {dag.py:3239} INFO - Sync 1 DAGs
[2026-07-23T03:06:20.669+0000] {logging_mixin.py:190} INFO - [2026-07-23T03:06:20.669+0000] {dag.py:4180} INFO - Setting next_dagrun for iceberg_table_optimization to 2026-07-12 02:00:00+00:00, run_after=2026-07-19 02:00:00+00:00
[2026-07-23T03:06:20.689+0000] {processor.py:208} INFO - Processing /opt/airflow/dags/iceberg_table_optimization.py took 0.103 seconds
[2026-07-23T03:06:50.787+0000] {processor.py:186} INFO - Started process (PID=2051) to work on /opt/airflow/dags/iceberg_table_optimization.py
[2026-07-23T03:06:50.788+0000] {processor.py:914} INFO - Processing file /opt/airflow/dags/iceberg_table_optimization.py for tasks to queue
[2026-07-23T03:06:50.791+0000] {logging_mixin.py:190} INFO - [2026-07-23T03:06:50.791+0000] {dagbag.py:588} INFO - Filling up the DagBag from /opt/airflow/dags/iceberg_table_optimization.py
[2026-07-23T03:06:50.814+0000] {processor.py:925} INFO - DAG(s) 'iceberg_table_optimization' retrieved from /opt/airflow/dags/iceberg_table_optimization.py
[2026-07-23T03:06:50.837+0000] {logging_mixin.py:190} INFO - [2026-07-23T03:06:50.836+0000] {dag.py:3239} INFO - Sync 1 DAGs
[2026-07-23T03:06:50.857+0000] {logging_mixin.py:190} INFO - [2026-07-23T03:06:50.856+0000] {dag.py:4180} INFO - Setting next_dagrun for iceberg_table_optimization to 2026-07-12 02:00:00+00:00, run_after=2026-07-19 02:00:00+00:00
[2026-07-23T03:06:50.877+0000] {processor.py:208} INFO - Processing /opt/airflow/dags/iceberg_table_optimization.py took 0.096 seconds
[2026-07-23T03:07:21.883+0000] {processor.py:186} INFO - Started process (PID=2167) to work on /opt/airflow/dags/iceberg_table_optimization.py
[2026-07-23T03:07:21.885+0000] {processor.py:914} INFO - Processing file /opt/airflow/dags/iceberg_table_optimization.py for tasks to queue
[2026-07-23T03:07:21.887+0000] {logging_mixin.py:190} INFO - [2026-07-23T03:07:21.887+0000] {dagbag.py:588} INFO - Filling up the DagBag from /opt/airflow/dags/iceberg_table_optimization.py
[2026-07-23T03:07:21.914+0000] {processor.py:925} INFO - DAG(s) 'iceberg_table_optimization' retrieved from /opt/airflow/dags/iceberg_table_optimization.py
[2026-07-23T03:07:21.937+0000] {logging_mixin.py:190} INFO - [2026-07-23T03:07:21.937+0000] {dag.py:3239} INFO - Sync 1 DAGs
[2026-07-23T03:07:21.959+0000] {logging_mixin.py:190} INFO - [2026-07-23T03:07:21.959+0000] {dag.py:4180} INFO - Setting next_dagrun for iceberg_table_optimization to 2026-07-12 02:00:00+00:00, run_after=2026-07-19 02:00:00+00:00
[2026-07-23T03:07:21.982+0000] {processor.py:208} INFO - Processing /opt/airflow/dags/iceberg_table_optimization.py took 0.104 seconds
[2026-07-23T03:07:52.814+0000] {processor.py:186} INFO - Started process (PID=2305) to work on /opt/airflow/dags/iceberg_table_optimization.py
[2026-07-23T03:07:52.815+0000] {processor.py:914} INFO - Processing file /opt/airflow/dags/iceberg_table_optimization.py for tasks to queue
[2026-07-23T03:07:52.818+0000] {logging_mixin.py:190} INFO - [2026-07-23T03:07:52.818+0000] {dagbag.py:588} INFO - Filling up the DagBag from /opt/airflow/dags/iceberg_table_optimization.py
[2026-07-23T03:07:52.843+0000] {processor.py:925} INFO - DAG(s) 'iceberg_table_optimization' retrieved from /opt/airflow/dags/iceberg_table_optimization.py
[2026-07-23T03:07:52.868+0000] {logging_mixin.py:190} INFO - [2026-07-23T03:07:52.867+0000] {dag.py:3239} INFO - Sync 1 DAGs
[2026-07-23T03:07:52.891+0000] {logging_mixin.py:190} INFO - [2026-07-23T03:07:52.891+0000] {dag.py:4180} INFO - Setting next_dagrun for iceberg_table_optimization to 2026-07-12 02:00:00+00:00, run_after=2026-07-19 02:00:00+00:00
[2026-07-23T03:07:52.911+0000] {processor.py:208} INFO - Processing /opt/airflow/dags/iceberg_table_optimization.py took 0.104 seconds
[2026-07-23T03:37:41.704+0000] {processor.py:186} INFO - Started process (PID=180) to work on /opt/airflow/dags/iceberg_table_optimization.py
[2026-07-23T03:37:41.706+0000] {processor.py:914} INFO - Processing file /opt/airflow/dags/iceberg_table_optimization.py for tasks to queue
[2026-07-23T03:37:41.708+0000] {logging_mixin.py:190} INFO - [2026-07-23T03:37:41.708+0000] {dagbag.py:588} INFO - Filling up the DagBag from /opt/airflow/dags/iceberg_table_optimization.py
[2026-07-23T03:37:41.733+0000] {processor.py:925} INFO - DAG(s) 'iceberg_table_optimization' retrieved from /opt/airflow/dags/iceberg_table_optimization.py
[2026-07-23T03:37:41.807+0000] {logging_mixin.py:190} INFO - [2026-07-23T03:37:41.807+0000] {override.py:1900} INFO - Created Permission View: can edit on DAG:iceberg_table_optimization
[2026-07-23T03:37:41.821+0000] {logging_mixin.py:190} INFO - [2026-07-23T03:37:41.821+0000] {override.py:1900} INFO - Created Permission View: can delete on DAG:iceberg_table_optimization
[2026-07-23T03:37:41.830+0000] {logging_mixin.py:190} INFO - [2026-07-23T03:37:41.829+0000] {override.py:1900} INFO - Created Permission View: can read on DAG:iceberg_table_optimization
[2026-07-23T03:37:41.840+0000] {logging_mixin.py:190} INFO - [2026-07-23T03:37:41.840+0000] {override.py:1900} INFO - Created Permission View: can create on DAG Run:iceberg_table_optimization
[2026-07-23T03:37:41.849+0000] {logging_mixin.py:190} INFO - [2026-07-23T03:37:41.849+0000] {override.py:1900} INFO - Created Permission View: menu access on DAG Run:iceberg_table_optimization
[2026-07-23T03:37:41.860+0000] {logging_mixin.py:190} INFO - [2026-07-23T03:37:41.859+0000] {override.py:1900} INFO - Created Permission View: can delete on DAG Run:iceberg_table_optimization
[2026-07-23T03:37:41.869+0000] {logging_mixin.py:190} INFO - [2026-07-23T03:37:41.869+0000] {override.py:1900} INFO - Created Permission View: can read on DAG Run:iceberg_table_optimization
[2026-07-23T03:37:41.870+0000] {logging_mixin.py:190} INFO - [2026-07-23T03:37:41.870+0000] {dag.py:3239} INFO - Sync 1 DAGs
[2026-07-23T03:37:41.887+0000] {logging_mixin.py:190} INFO - [2026-07-23T03:37:41.886+0000] {dag.py:3262} INFO - Creating ORM DAG for iceberg_table_optimization
[2026-07-23T03:37:41.902+0000] {logging_mixin.py:190} INFO - [2026-07-23T03:37:41.902+0000] {dag.py:4180} INFO - Setting next_dagrun for iceberg_table_optimization to 2026-07-12 02:00:00+00:00, run_after=2026-07-19 02:00:00+00:00
[2026-07-23T03:37:41.933+0000] {processor.py:208} INFO - Processing /opt/airflow/dags/iceberg_table_optimization.py took 0.236 seconds
[2026-07-23T03:38:12.637+0000] {processor.py:186} INFO - Started process (PID=303) to work on /opt/airflow/dags/iceberg_table_optimization.py
[2026-07-23T03:38:12.639+0000] {processor.py:914} INFO - Processing file /opt/airflow/dags/iceberg_table_optimization.py for tasks to queue
[2026-07-23T03:38:12.641+0000] {logging_mixin.py:190} INFO - [2026-07-23T03:38:12.641+0000] {dagbag.py:588} INFO - Filling up the DagBag from /opt/airflow/dags/iceberg_table_optimization.py
[2026-07-23T03:38:12.662+0000] {processor.py:925} INFO - DAG(s) 'iceberg_table_optimization' retrieved from /opt/airflow/dags/iceberg_table_optimization.py
[2026-07-23T03:38:12.688+0000] {logging_mixin.py:190} INFO - [2026-07-23T03:38:12.688+0000] {dag.py:3239} INFO - Sync 1 DAGs
[2026-07-23T03:38:12.714+0000] {logging_mixin.py:190} INFO - [2026-07-23T03:38:12.714+0000] {dag.py:4180} INFO - Setting next_dagrun for iceberg_table_optimization to 2026-07-12 02:00:00+00:00, run_after=2026-07-19 02:00:00+00:00
[2026-07-23T03:38:12.742+0000] {processor.py:208} INFO - Processing /opt/airflow/dags/iceberg_table_optimization.py took 0.111 seconds
[2026-07-23T03:38:43.411+0000] {processor.py:186} INFO - Started process (PID=419) to work on /opt/airflow/dags/iceberg_table_optimization.py
[2026-07-23T03:38:43.412+0000] {processor.py:914} INFO - Processing file /opt/airflow/dags/iceberg_table_optimization.py for tasks to queue
[2026-07-23T03:38:43.414+0000] {logging_mixin.py:190} INFO - [2026-07-23T03:38:43.414+0000] {dagbag.py:588} INFO - Filling up the DagBag from /opt/airflow/dags/iceberg_table_optimization.py
[2026-07-23T03:38:43.435+0000] {processor.py:925} INFO - DAG(s) 'iceberg_table_optimization' retrieved from /opt/airflow/dags/iceberg_table_optimization.py
[2026-07-23T03:38:43.456+0000] {logging_mixin.py:190} INFO - [2026-07-23T03:38:43.455+0000] {dag.py:3239} INFO - Sync 1 DAGs
[2026-07-23T03:38:43.477+0000] {logging_mixin.py:190} INFO - [2026-07-23T03:38:43.476+0000] {dag.py:4180} INFO - Setting next_dagrun for iceberg_table_optimization to 2026-07-12 02:00:00+00:00, run_after=2026-07-19 02:00:00+00:00
[2026-07-23T03:38:43.495+0000] {processor.py:208} INFO - Processing /opt/airflow/dags/iceberg_table_optimization.py took 0.091 seconds
[2026-07-23T03:39:13.892+0000] {processor.py:186} INFO - Started process (PID=538) to work on /opt/airflow/dags/iceberg_table_optimization.py
[2026-07-23T03:39:13.894+0000] {processor.py:914} INFO - Processing file /opt/airflow/dags/iceberg_table_optimization.py for tasks to queue
[2026-07-23T03:39:13.896+0000] {logging_mixin.py:190} INFO - [2026-07-23T03:39:13.896+0000] {dagbag.py:588} INFO - Filling up the DagBag from /opt/airflow/dags/iceberg_table_optimization.py
[2026-07-23T03:39:13.918+0000] {processor.py:925} INFO - DAG(s) 'iceberg_table_optimization' retrieved from /opt/airflow/dags/iceberg_table_optimization.py
[2026-07-23T03:39:13.941+0000] {logging_mixin.py:190} INFO - [2026-07-23T03:39:13.940+0000] {dag.py:3239} INFO - Sync 1 DAGs
[2026-07-23T03:39:13.964+0000] {logging_mixin.py:190} INFO - [2026-07-23T03:39:13.964+0000] {dag.py:4180} INFO - Setting next_dagrun for iceberg_table_optimization to 2026-07-12 02:00:00+00:00, run_after=2026-07-19 02:00:00+00:00
[2026-07-23T03:39:13.985+0000] {processor.py:208} INFO - Processing /opt/airflow/dags/iceberg_table_optimization.py took 0.099 seconds
[2026-07-23T03:42:53.789+0000] {processor.py:186} INFO - Started process (PID=180) to work on /opt/airflow/dags/iceberg_table_optimization.py
[2026-07-23T03:42:53.791+0000] {processor.py:914} INFO - Processing file /opt/airflow/dags/iceberg_table_optimization.py for tasks to queue
[2026-07-23T03:42:53.797+0000] {logging_mixin.py:190} INFO - [2026-07-23T03:42:53.796+0000] {dagbag.py:588} INFO - Filling up the DagBag from /opt/airflow/dags/iceberg_table_optimization.py
[2026-07-23T03:42:53.832+0000] {processor.py:925} INFO - DAG(s) 'iceberg_table_optimization' retrieved from /opt/airflow/dags/iceberg_table_optimization.py
[2026-07-23T03:42:53.919+0000] {logging_mixin.py:190} INFO - [2026-07-23T03:42:53.919+0000] {override.py:1900} INFO - Created Permission View: can delete on DAG:iceberg_table_optimization
[2026-07-23T03:42:53.931+0000] {logging_mixin.py:190} INFO - [2026-07-23T03:42:53.931+0000] {override.py:1900} INFO - Created Permission View: can edit on DAG:iceberg_table_optimization
[2026-07-23T03:42:53.942+0000] {logging_mixin.py:190} INFO - [2026-07-23T03:42:53.941+0000] {override.py:1900} INFO - Created Permission View: can read on DAG:iceberg_table_optimization
[2026-07-23T03:42:53.953+0000] {logging_mixin.py:190} INFO - [2026-07-23T03:42:53.952+0000] {override.py:1900} INFO - Created Permission View: can delete on DAG Run:iceberg_table_optimization
[2026-07-23T03:42:53.964+0000] {logging_mixin.py:190} INFO - [2026-07-23T03:42:53.964+0000] {override.py:1900} INFO - Created Permission View: menu access on DAG Run:iceberg_table_optimization
[2026-07-23T03:42:53.975+0000] {logging_mixin.py:190} INFO - [2026-07-23T03:42:53.975+0000] {override.py:1900} INFO - Created Permission View: can create on DAG Run:iceberg_table_optimization
[2026-07-23T03:42:53.986+0000] {logging_mixin.py:190} INFO - [2026-07-23T03:42:53.986+0000] {override.py:1900} INFO - Created Permission View: can read on DAG Run:iceberg_table_optimization
[2026-07-23T03:42:53.987+0000] {logging_mixin.py:190} INFO - [2026-07-23T03:42:53.987+0000] {dag.py:3239} INFO - Sync 1 DAGs
[2026-07-23T03:42:54.003+0000] {logging_mixin.py:190} INFO - [2026-07-23T03:42:54.003+0000] {dag.py:3262} INFO - Creating ORM DAG for iceberg_table_optimization
[2026-07-23T03:42:54.022+0000] {logging_mixin.py:190} INFO - [2026-07-23T03:42:54.022+0000] {dag.py:4180} INFO - Setting next_dagrun for iceberg_table_optimization to 2026-07-12 02:00:00+00:00, run_after=2026-07-19 02:00:00+00:00
[2026-07-23T03:42:54.062+0000] {processor.py:208} INFO - Processing /opt/airflow/dags/iceberg_table_optimization.py took 0.281 seconds
[2026-07-23T03:43:24.625+0000] {processor.py:186} INFO - Started process (PID=303) to work on /opt/airflow/dags/iceberg_table_optimization.py
[2026-07-23T03:43:24.627+0000] {processor.py:914} INFO - Processing file /opt/airflow/dags/iceberg_table_optimization.py for tasks to queue
[2026-07-23T03:43:24.629+0000] {logging_mixin.py:190} INFO - [2026-07-23T03:43:24.628+0000] {dagbag.py:588} INFO - Filling up the DagBag from /opt/airflow/dags/iceberg_table_optimization.py
[2026-07-23T03:43:24.659+0000] {processor.py:925} INFO - DAG(s) 'iceberg_table_optimization' retrieved from /opt/airflow/dags/iceberg_table_optimization.py
[2026-07-23T03:43:24.681+0000] {logging_mixin.py:190} INFO - [2026-07-23T03:43:24.681+0000] {dag.py:3239} INFO - Sync 1 DAGs
[2026-07-23T03:43:24.703+0000] {logging_mixin.py:190} INFO - [2026-07-23T03:43:24.703+0000] {dag.py:4180} INFO - Setting next_dagrun for iceberg_table_optimization to 2026-07-12 02:00:00+00:00, run_after=2026-07-19 02:00:00+00:00
[2026-07-23T03:43:24.725+0000] {processor.py:208} INFO - Processing /opt/airflow/dags/iceberg_table_optimization.py took 0.106 seconds
[2026-07-23T03:43:55.183+0000] {processor.py:186} INFO - Started process (PID=425) to work on /opt/airflow/dags/iceberg_table_optimization.py
[2026-07-23T03:43:55.184+0000] {processor.py:914} INFO - Processing file /opt/airflow/dags/iceberg_table_optimization.py for tasks to queue
[2026-07-23T03:43:55.189+0000] {logging_mixin.py:190} INFO - [2026-07-23T03:43:55.189+0000] {dagbag.py:588} INFO - Filling up the DagBag from /opt/airflow/dags/iceberg_table_optimization.py
[2026-07-23T03:43:55.228+0000] {processor.py:925} INFO - DAG(s) 'iceberg_table_optimization' retrieved from /opt/airflow/dags/iceberg_table_optimization.py
[2026-07-23T03:43:55.255+0000] {logging_mixin.py:190} INFO - [2026-07-23T03:43:55.255+0000] {dag.py:3239} INFO - Sync 1 DAGs
[2026-07-23T03:43:55.280+0000] {logging_mixin.py:190} INFO - [2026-07-23T03:43:55.280+0000] {dag.py:4180} INFO - Setting next_dagrun for iceberg_table_optimization to 2026-07-12 02:00:00+00:00, run_after=2026-07-19 02:00:00+00:00
[2026-07-23T03:43:55.305+0000] {processor.py:208} INFO - Processing /opt/airflow/dags/iceberg_table_optimization.py took 0.129 seconds
[2026-07-23T03:44:25.697+0000] {processor.py:186} INFO - Started process (PID=593) to work on /opt/airflow/dags/iceberg_table_optimization.py
[2026-07-23T03:44:25.698+0000] {processor.py:914} INFO - Processing file /opt/airflow/dags/iceberg_table_optimization.py for tasks to queue
[2026-07-23T03:44:25.700+0000] {logging_mixin.py:190} INFO - [2026-07-23T03:44:25.700+0000] {dagbag.py:588} INFO - Filling up the DagBag from /opt/airflow/dags/iceberg_table_optimization.py
[2026-07-23T03:44:25.718+0000] {processor.py:925} INFO - DAG(s) 'iceberg_table_optimization' retrieved from /opt/airflow/dags/iceberg_table_optimization.py
[2026-07-23T03:44:25.739+0000] {logging_mixin.py:190} INFO - [2026-07-23T03:44:25.739+0000] {dag.py:3239} INFO - Sync 1 DAGs
[2026-07-23T03:44:25.759+0000] {logging_mixin.py:190} INFO - [2026-07-23T03:44:25.759+0000] {dag.py:4180} INFO - Setting next_dagrun for iceberg_table_optimization to 2026-07-12 02:00:00+00:00, run_after=2026-07-19 02:00:00+00:00
[2026-07-23T03:44:25.775+0000] {processor.py:208} INFO - Processing /opt/airflow/dags/iceberg_table_optimization.py took 0.083 seconds
[2026-07-23T03:44:55.984+0000] {processor.py:186} INFO - Started process (PID=711) to work on /opt/airflow/dags/iceberg_table_optimization.py
[2026-07-23T03:44:55.985+0000] {processor.py:914} INFO - Processing file /opt/airflow/dags/iceberg_table_optimization.py for tasks to queue
[2026-07-23T03:44:55.988+0000] {logging_mixin.py:190} INFO - [2026-07-23T03:44:55.988+0000] {dagbag.py:588} INFO - Filling up the DagBag from /opt/airflow/dags/iceberg_table_optimization.py
[2026-07-23T03:44:56.010+0000] {processor.py:925} INFO - DAG(s) 'iceberg_table_optimization' retrieved from /opt/airflow/dags/iceberg_table_optimization.py
[2026-07-23T03:44:56.031+0000] {logging_mixin.py:190} INFO - [2026-07-23T03:44:56.031+0000] {dag.py:3239} INFO - Sync 1 DAGs
[2026-07-23T03:44:56.051+0000] {logging_mixin.py:190} INFO - [2026-07-23T03:44:56.051+0000] {dag.py:4180} INFO - Setting next_dagrun for iceberg_table_optimization to 2026-07-12 02:00:00+00:00, run_after=2026-07-19 02:00:00+00:00
[2026-07-23T03:44:56.071+0000] {processor.py:208} INFO - Processing /opt/airflow/dags/iceberg_table_optimization.py took 0.092 seconds
[2026-07-23T03:45:26.610+0000] {processor.py:186} INFO - Started process (PID=1115) to work on /opt/airflow/dags/iceberg_table_optimization.py
[2026-07-23T03:45:26.612+0000] {processor.py:914} INFO - Processing file /opt/airflow/dags/iceberg_table_optimization.py for tasks to queue
[2026-07-23T03:45:26.615+0000] {logging_mixin.py:190} INFO - [2026-07-23T03:45:26.615+0000] {dagbag.py:588} INFO - Filling up the DagBag from /opt/airflow/dags/iceberg_table_optimization.py
[2026-07-23T03:45:26.635+0000] {processor.py:925} INFO - DAG(s) 'iceberg_table_optimization' retrieved from /opt/airflow/dags/iceberg_table_optimization.py
[2026-07-23T03:45:26.657+0000] {logging_mixin.py:190} INFO - [2026-07-23T03:45:26.656+0000] {dag.py:3239} INFO - Sync 1 DAGs
[2026-07-23T03:45:26.677+0000] {logging_mixin.py:190} INFO - [2026-07-23T03:45:26.677+0000] {dag.py:4180} INFO - Setting next_dagrun for iceberg_table_optimization to 2026-07-12 02:00:00+00:00, run_after=2026-07-19 02:00:00+00:00
[2026-07-23T03:45:26.694+0000] {processor.py:208} INFO - Processing /opt/airflow/dags/iceberg_table_optimization.py took 0.089 seconds
[2026-07-23T03:45:56.858+0000] {processor.py:186} INFO - Started process (PID=1244) to work on /opt/airflow/dags/iceberg_table_optimization.py
[2026-07-23T03:45:56.860+0000] {processor.py:914} INFO - Processing file /opt/airflow/dags/iceberg_table_optimization.py for tasks to queue
[2026-07-23T03:45:56.862+0000] {logging_mixin.py:190} INFO - [2026-07-23T03:45:56.861+0000] {dagbag.py:588} INFO - Filling up the DagBag from /opt/airflow/dags/iceberg_table_optimization.py
[2026-07-23T03:45:56.886+0000] {processor.py:925} INFO - DAG(s) 'iceberg_table_optimization' retrieved from /opt/airflow/dags/iceberg_table_optimization.py
[2026-07-23T03:45:56.914+0000] {logging_mixin.py:190} INFO - [2026-07-23T03:45:56.914+0000] {dag.py:3239} INFO - Sync 1 DAGs
[2026-07-23T03:45:56.942+0000] {logging_mixin.py:190} INFO - [2026-07-23T03:45:56.942+0000] {dag.py:4180} INFO - Setting next_dagrun for iceberg_table_optimization to 2026-07-12 02:00:00+00:00, run_after=2026-07-19 02:00:00+00:00
[2026-07-23T03:45:56.973+0000] {processor.py:208} INFO - Processing /opt/airflow/dags/iceberg_table_optimization.py took 0.121 seconds
[2026-07-23T03:46:27.074+0000] {processor.py:186} INFO - Started process (PID=1369) to work on /opt/airflow/dags/iceberg_table_optimization.py
[2026-07-23T03:46:27.075+0000] {processor.py:914} INFO - Processing file /opt/airflow/dags/iceberg_table_optimization.py for tasks to queue
[2026-07-23T03:46:27.078+0000] {logging_mixin.py:190} INFO - [2026-07-23T03:46:27.078+0000] {dagbag.py:588} INFO - Filling up the DagBag from /opt/airflow/dags/iceberg_table_optimization.py
[2026-07-23T03:46:27.097+0000] {processor.py:925} INFO - DAG(s) 'iceberg_table_optimization' retrieved from /opt/airflow/dags/iceberg_table_optimization.py
[2026-07-23T03:46:27.125+0000] {logging_mixin.py:190} INFO - [2026-07-23T03:46:27.125+0000] {dag.py:3239} INFO - Sync 1 DAGs
[2026-07-23T03:46:27.148+0000] {logging_mixin.py:190} INFO - [2026-07-23T03:46:27.148+0000] {dag.py:4180} INFO - Setting next_dagrun for iceberg_table_optimization to 2026-07-12 02:00:00+00:00, run_after=2026-07-19 02:00:00+00:00
[2026-07-23T03:46:27.171+0000] {processor.py:208} INFO - Processing /opt/airflow/dags/iceberg_table_optimization.py took 0.103 seconds
[2026-07-23T03:46:57.956+0000] {processor.py:186} INFO - Started process (PID=1520) to work on /opt/airflow/dags/iceberg_table_optimization.py
[2026-07-23T03:46:57.958+0000] {processor.py:914} INFO - Processing file /opt/airflow/dags/iceberg_table_optimization.py for tasks to queue
[2026-07-23T03:46:57.960+0000] {logging_mixin.py:190} INFO - [2026-07-23T03:46:57.960+0000] {dagbag.py:588} INFO - Filling up the DagBag from /opt/airflow/dags/iceberg_table_optimization.py
[2026-07-23T03:46:57.985+0000] {processor.py:925} INFO - DAG(s) 'iceberg_table_optimization' retrieved from /opt/airflow/dags/iceberg_table_optimization.py
[2026-07-23T03:46:58.016+0000] {logging_mixin.py:190} INFO - [2026-07-23T03:46:58.016+0000] {dag.py:3239} INFO - Sync 1 DAGs
[2026-07-23T03:46:58.046+0000] {logging_mixin.py:190} INFO - [2026-07-23T03:46:58.045+0000] {dag.py:4180} INFO - Setting next_dagrun for iceberg_table_optimization to 2026-07-12 02:00:00+00:00, run_after=2026-07-19 02:00:00+00:00
[2026-07-23T03:46:58.073+0000] {processor.py:208} INFO - Processing /opt/airflow/dags/iceberg_table_optimization.py took 0.123 seconds
[2026-07-23T03:47:28.602+0000] {processor.py:186} INFO - Started process (PID=1703) to work on /opt/airflow/dags/iceberg_table_optimization.py
[2026-07-23T03:47:28.603+0000] {processor.py:914} INFO - Processing file /opt/airflow/dags/iceberg_table_optimization.py for tasks to queue
[2026-07-23T03:47:28.606+0000] {logging_mixin.py:190} INFO - [2026-07-23T03:47:28.606+0000] {dagbag.py:588} INFO - Filling up the DagBag from /opt/airflow/dags/iceberg_table_optimization.py
[2026-07-23T03:47:28.636+0000] {processor.py:925} INFO - DAG(s) 'iceberg_table_optimization' retrieved from /opt/airflow/dags/iceberg_table_optimization.py
[2026-07-23T03:47:28.665+0000] {logging_mixin.py:190} INFO - [2026-07-23T03:47:28.664+0000] {dag.py:3239} INFO - Sync 1 DAGs
[2026-07-23T03:47:28.691+0000] {logging_mixin.py:190} INFO - [2026-07-23T03:47:28.691+0000] {dag.py:4180} INFO - Setting next_dagrun for iceberg_table_optimization to 2026-07-12 02:00:00+00:00, run_after=2026-07-19 02:00:00+00:00
[2026-07-23T03:47:28.715+0000] {processor.py:208} INFO - Processing /opt/airflow/dags/iceberg_table_optimization.py took 0.121 seconds
[2026-07-23T03:47:58.774+0000] {processor.py:186} INFO - Started process (PID=1859) to work on /opt/airflow/dags/iceberg_table_optimization.py
[2026-07-23T03:47:58.775+0000] {processor.py:914} INFO - Processing file /opt/airflow/dags/iceberg_table_optimization.py for tasks to queue
[2026-07-23T03:47:58.778+0000] {logging_mixin.py:190} INFO - [2026-07-23T03:47:58.778+0000] {dagbag.py:588} INFO - Filling up the DagBag from /opt/airflow/dags/iceberg_table_optimization.py
[2026-07-23T03:47:58.806+0000] {processor.py:925} INFO - DAG(s) 'iceberg_table_optimization' retrieved from /opt/airflow/dags/iceberg_table_optimization.py
[2026-07-23T03:47:58.831+0000] {logging_mixin.py:190} INFO - [2026-07-23T03:47:58.830+0000] {dag.py:3239} INFO - Sync 1 DAGs
[2026-07-23T03:47:58.858+0000] {logging_mixin.py:190} INFO - [2026-07-23T03:47:58.858+0000] {dag.py:4180} INFO - Setting next_dagrun for iceberg_table_optimization to 2026-07-12 02:00:00+00:00, run_after=2026-07-19 02:00:00+00:00
[2026-07-23T03:47:58.880+0000] {processor.py:208} INFO - Processing /opt/airflow/dags/iceberg_table_optimization.py took 0.113 seconds
[2026-07-23T03:48:29.324+0000] {processor.py:186} INFO - Started process (PID=1990) to work on /opt/airflow/dags/iceberg_table_optimization.py
[2026-07-23T03:48:29.325+0000] {processor.py:914} INFO - Processing file /opt/airflow/dags/iceberg_table_optimization.py for tasks to queue
[2026-07-23T03:48:29.327+0000] {logging_mixin.py:190} INFO - [2026-07-23T03:48:29.327+0000] {dagbag.py:588} INFO - Filling up the DagBag from /opt/airflow/dags/iceberg_table_optimization.py
[2026-07-23T03:48:29.353+0000] {processor.py:925} INFO - DAG(s) 'iceberg_table_optimization' retrieved from /opt/airflow/dags/iceberg_table_optimization.py
[2026-07-23T03:48:29.377+0000] {logging_mixin.py:190} INFO - [2026-07-23T03:48:29.377+0000] {dag.py:3239} INFO - Sync 1 DAGs
[2026-07-23T03:48:29.401+0000] {logging_mixin.py:190} INFO - [2026-07-23T03:48:29.401+0000] {dag.py:4180} INFO - Setting next_dagrun for iceberg_table_optimization to 2026-07-12 02:00:00+00:00, run_after=2026-07-19 02:00:00+00:00
[2026-07-23T03:48:29.425+0000] {processor.py:208} INFO - Processing /opt/airflow/dags/iceberg_table_optimization.py took 0.107 seconds
[2026-07-23T03:49:00.022+0000] {processor.py:186} INFO - Started process (PID=2118) to work on /opt/airflow/dags/iceberg_table_optimization.py
[2026-07-23T03:49:00.024+0000] {processor.py:914} INFO - Processing file /opt/airflow/dags/iceberg_table_optimization.py for tasks to queue
[2026-07-23T03:49:00.026+0000] {logging_mixin.py:190} INFO - [2026-07-23T03:49:00.026+0000] {dagbag.py:588} INFO - Filling up the DagBag from /opt/airflow/dags/iceberg_table_optimization.py
[2026-07-23T03:49:00.052+0000] {processor.py:925} INFO - DAG(s) 'iceberg_table_optimization' retrieved from /opt/airflow/dags/iceberg_table_optimization.py
[2026-07-23T03:49:00.080+0000] {logging_mixin.py:190} INFO - [2026-07-23T03:49:00.080+0000] {dag.py:3239} INFO - Sync 1 DAGs
[2026-07-23T03:49:00.104+0000] {logging_mixin.py:190} INFO - [2026-07-23T03:49:00.104+0000] {dag.py:4180} INFO - Setting next_dagrun for iceberg_table_optimization to 2026-07-12 02:00:00+00:00, run_after=2026-07-19 02:00:00+00:00
[2026-07-23T03:49:00.125+0000] {processor.py:208} INFO - Processing /opt/airflow/dags/iceberg_table_optimization.py took 0.109 seconds
[2026-07-23T03:49:30.313+0000] {processor.py:186} INFO - Started process (PID=2239) to work on /opt/airflow/dags/iceberg_table_optimization.py
[2026-07-23T03:49:30.314+0000] {processor.py:914} INFO - Processing file /opt/airflow/dags/iceberg_table_optimization.py for tasks to queue
[2026-07-23T03:49:30.317+0000] {logging_mixin.py:190} INFO - [2026-07-23T03:49:30.317+0000] {dagbag.py:588} INFO - Filling up the DagBag from /opt/airflow/dags/iceberg_table_optimization.py
[2026-07-23T03:49:30.347+0000] {processor.py:925} INFO - DAG(s) 'iceberg_table_optimization' retrieved from /opt/airflow/dags/iceberg_table_optimization.py
[2026-07-23T03:49:30.370+0000] {logging_mixin.py:190} INFO - [2026-07-23T03:49:30.369+0000] {dag.py:3239} INFO - Sync 1 DAGs
[2026-07-23T03:49:30.392+0000] {logging_mixin.py:190} INFO - [2026-07-23T03:49:30.392+0000] {dag.py:4180} INFO - Setting next_dagrun for iceberg_table_optimization to 2026-07-12 02:00:00+00:00, run_after=2026-07-19 02:00:00+00:00
[2026-07-23T03:49:30.415+0000] {processor.py:208} INFO - Processing /opt/airflow/dags/iceberg_table_optimization.py took 0.108 seconds
[2026-07-23T03:50:01.090+0000] {processor.py:186} INFO - Started process (PID=2358) to work on /opt/airflow/dags/iceberg_table_optimization.py
[2026-07-23T03:50:01.091+0000] {processor.py:914} INFO - Processing file /opt/airflow/dags/iceberg_table_optimization.py for tasks to queue
[2026-07-23T03:50:01.093+0000] {logging_mixin.py:190} INFO - [2026-07-23T03:50:01.093+0000] {dagbag.py:588} INFO - Filling up the DagBag from /opt/airflow/dags/iceberg_table_optimization.py
[2026-07-23T03:50:01.113+0000] {processor.py:925} INFO - DAG(s) 'iceberg_table_optimization' retrieved from /opt/airflow/dags/iceberg_table_optimization.py
[2026-07-23T03:50:01.134+0000] {logging_mixin.py:190} INFO - [2026-07-23T03:50:01.134+0000] {dag.py:3239} INFO - Sync 1 DAGs
[2026-07-23T03:50:01.155+0000] {logging_mixin.py:190} INFO - [2026-07-23T03:50:01.155+0000] {dag.py:4180} INFO - Setting next_dagrun for iceberg_table_optimization to 2026-07-12 02:00:00+00:00, run_after=2026-07-19 02:00:00+00:00
[2026-07-23T03:50:01.172+0000] {processor.py:208} INFO - Processing /opt/airflow/dags/iceberg_table_optimization.py took 0.088 seconds
[2026-07-23T03:50:31.459+0000] {processor.py:186} INFO - Started process (PID=2476) to work on /opt/airflow/dags/iceberg_table_optimization.py
[2026-07-23T03:50:31.460+0000] {processor.py:914} INFO - Processing file /opt/airflow/dags/iceberg_table_optimization.py for tasks to queue
[2026-07-23T03:50:31.463+0000] {logging_mixin.py:190} INFO - [2026-07-23T03:50:31.463+0000] {dagbag.py:588} INFO - Filling up the DagBag from /opt/airflow/dags/iceberg_table_optimization.py
[2026-07-23T03:50:31.485+0000] {processor.py:925} INFO - DAG(s) 'iceberg_table_optimization' retrieved from /opt/airflow/dags/iceberg_table_optimization.py
[2026-07-23T03:50:31.506+0000] {logging_mixin.py:190} INFO - [2026-07-23T03:50:31.506+0000] {dag.py:3239} INFO - Sync 1 DAGs
[2026-07-23T03:50:31.527+0000] {logging_mixin.py:190} INFO - [2026-07-23T03:50:31.527+0000] {dag.py:4180} INFO - Setting next_dagrun for iceberg_table_optimization to 2026-07-12 02:00:00+00:00, run_after=2026-07-19 02:00:00+00:00
[2026-07-23T03:50:31.549+0000] {processor.py:208} INFO - Processing /opt/airflow/dags/iceberg_table_optimization.py took 0.095 seconds
[2026-07-23T03:51:02.225+0000] {processor.py:186} INFO - Started process (PID=2597) to work on /opt/airflow/dags/iceberg_table_optimization.py
[2026-07-23T03:51:02.226+0000] {processor.py:914} INFO - Processing file /opt/airflow/dags/iceberg_table_optimization.py for tasks to queue
[2026-07-23T03:51:02.228+0000] {logging_mixin.py:190} INFO - [2026-07-23T03:51:02.228+0000] {dagbag.py:588} INFO - Filling up the DagBag from /opt/airflow/dags/iceberg_table_optimization.py
[2026-07-23T03:51:02.250+0000] {processor.py:925} INFO - DAG(s) 'iceberg_table_optimization' retrieved from /opt/airflow/dags/iceberg_table_optimization.py
[2026-07-23T03:51:02.272+0000] {logging_mixin.py:190} INFO - [2026-07-23T03:51:02.272+0000] {dag.py:3239} INFO - Sync 1 DAGs
[2026-07-23T03:51:02.293+0000] {logging_mixin.py:190} INFO - [2026-07-23T03:51:02.292+0000] {dag.py:4180} INFO - Setting next_dagrun for iceberg_table_optimization to 2026-07-12 02:00:00+00:00, run_after=2026-07-19 02:00:00+00:00
[2026-07-23T03:51:02.311+0000] {processor.py:208} INFO - Processing /opt/airflow/dags/iceberg_table_optimization.py took 0.092 seconds
[2026-07-23T03:51:32.962+0000] {processor.py:186} INFO - Started process (PID=2716) to work on /opt/airflow/dags/iceberg_table_optimization.py
[2026-07-23T03:51:32.963+0000] {processor.py:914} INFO - Processing file /opt/airflow/dags/iceberg_table_optimization.py for tasks to queue
[2026-07-23T03:51:32.965+0000] {logging_mixin.py:190} INFO - [2026-07-23T03:51:32.965+0000] {dagbag.py:588} INFO - Filling up the DagBag from /opt/airflow/dags/iceberg_table_optimization.py
[2026-07-23T03:51:32.985+0000] {processor.py:925} INFO - DAG(s) 'iceberg_table_optimization' retrieved from /opt/airflow/dags/iceberg_table_optimization.py
[2026-07-23T03:51:33.011+0000] {logging_mixin.py:190} INFO - [2026-07-23T03:51:33.011+0000] {dag.py:3239} INFO - Sync 1 DAGs
[2026-07-23T03:51:33.033+0000] {logging_mixin.py:190} INFO - [2026-07-23T03:51:33.033+0000] {dag.py:4180} INFO - Setting next_dagrun for iceberg_table_optimization to 2026-07-12 02:00:00+00:00, run_after=2026-07-19 02:00:00+00:00
[2026-07-23T03:51:33.053+0000] {processor.py:208} INFO - Processing /opt/airflow/dags/iceberg_table_optimization.py took 0.096 seconds
[2026-07-23T03:52:03.518+0000] {processor.py:186} INFO - Started process (PID=2837) to work on /opt/airflow/dags/iceberg_table_optimization.py
[2026-07-23T03:52:03.519+0000] {processor.py:914} INFO - Processing file /opt/airflow/dags/iceberg_table_optimization.py for tasks to queue
[2026-07-23T03:52:03.521+0000] {logging_mixin.py:190} INFO - [2026-07-23T03:52:03.521+0000] {dagbag.py:588} INFO - Filling up the DagBag from /opt/airflow/dags/iceberg_table_optimization.py
[2026-07-23T03:52:03.541+0000] {processor.py:925} INFO - DAG(s) 'iceberg_table_optimization' retrieved from /opt/airflow/dags/iceberg_table_optimization.py
[2026-07-23T03:52:03.564+0000] {logging_mixin.py:190} INFO - [2026-07-23T03:52:03.563+0000] {dag.py:3239} INFO - Sync 1 DAGs
[2026-07-23T03:52:03.584+0000] {logging_mixin.py:190} INFO - [2026-07-23T03:52:03.584+0000] {dag.py:4180} INFO - Setting next_dagrun for iceberg_table_optimization to 2026-07-12 02:00:00+00:00, run_after=2026-07-19 02:00:00+00:00
[2026-07-23T03:52:03.601+0000] {processor.py:208} INFO - Processing /opt/airflow/dags/iceberg_table_optimization.py took 0.088 seconds
[2026-07-23T03:52:33.697+0000] {processor.py:186} INFO - Started process (PID=2953) to work on /opt/airflow/dags/iceberg_table_optimization.py
[2026-07-23T03:52:33.698+0000] {processor.py:914} INFO - Processing file /opt/airflow/dags/iceberg_table_optimization.py for tasks to queue
[2026-07-23T03:52:33.701+0000] {logging_mixin.py:190} INFO - [2026-07-23T03:52:33.700+0000] {dagbag.py:588} INFO - Filling up the DagBag from /opt/airflow/dags/iceberg_table_optimization.py
[2026-07-23T03:52:33.721+0000] {processor.py:925} INFO - DAG(s) 'iceberg_table_optimization' retrieved from /opt/airflow/dags/iceberg_table_optimization.py
[2026-07-23T03:52:33.745+0000] {logging_mixin.py:190} INFO - [2026-07-23T03:52:33.745+0000] {dag.py:3239} INFO - Sync 1 DAGs
[2026-07-23T03:52:33.771+0000] {logging_mixin.py:190} INFO - [2026-07-23T03:52:33.771+0000] {dag.py:4180} INFO - Setting next_dagrun for iceberg_table_optimization to 2026-07-12 02:00:00+00:00, run_after=2026-07-19 02:00:00+00:00
[2026-07-23T03:52:33.792+0000] {processor.py:208} INFO - Processing /opt/airflow/dags/iceberg_table_optimization.py took 0.100 seconds
[2026-07-23T03:53:04.768+0000] {processor.py:186} INFO - Started process (PID=3074) to work on /opt/airflow/dags/iceberg_table_optimization.py
[2026-07-23T03:53:04.769+0000] {processor.py:914} INFO - Processing file /opt/airflow/dags/iceberg_table_optimization.py for tasks to queue
[2026-07-23T03:53:04.772+0000] {logging_mixin.py:190} INFO - [2026-07-23T03:53:04.771+0000] {dagbag.py:588} INFO - Filling up the DagBag from /opt/airflow/dags/iceberg_table_optimization.py
[2026-07-23T03:53:04.798+0000] {processor.py:925} INFO - DAG(s) 'iceberg_table_optimization' retrieved from /opt/airflow/dags/iceberg_table_optimization.py
[2026-07-23T03:53:04.823+0000] {logging_mixin.py:190} INFO - [2026-07-23T03:53:04.823+0000] {dag.py:3239} INFO - Sync 1 DAGs
[2026-07-23T03:53:04.846+0000] {logging_mixin.py:190} INFO - [2026-07-23T03:53:04.846+0000] {dag.py:4180} INFO - Setting next_dagrun for iceberg_table_optimization to 2026-07-12 02:00:00+00:00, run_after=2026-07-19 02:00:00+00:00
[2026-07-23T03:53:04.870+0000] {processor.py:208} INFO - Processing /opt/airflow/dags/iceberg_table_optimization.py took 0.107 seconds
[2026-07-23T03:53:35.379+0000] {processor.py:186} INFO - Started process (PID=3195) to work on /opt/airflow/dags/iceberg_table_optimization.py
[2026-07-23T03:53:35.380+0000] {processor.py:914} INFO - Processing file /opt/airflow/dags/iceberg_table_optimization.py for tasks to queue
[2026-07-23T03:53:35.383+0000] {logging_mixin.py:190} INFO - [2026-07-23T03:53:35.383+0000] {dagbag.py:588} INFO - Filling up the DagBag from /opt/airflow/dags/iceberg_table_optimization.py
[2026-07-23T03:53:35.406+0000] {processor.py:925} INFO - DAG(s) 'iceberg_table_optimization' retrieved from /opt/airflow/dags/iceberg_table_optimization.py
[2026-07-23T03:53:35.429+0000] {logging_mixin.py:190} INFO - [2026-07-23T03:53:35.429+0000] {dag.py:3239} INFO - Sync 1 DAGs
[2026-07-23T03:53:35.451+0000] {logging_mixin.py:190} INFO - [2026-07-23T03:53:35.451+0000] {dag.py:4180} INFO - Setting next_dagrun for iceberg_table_optimization to 2026-07-12 02:00:00+00:00, run_after=2026-07-19 02:00:00+00:00
[2026-07-23T03:53:35.469+0000] {processor.py:208} INFO - Processing /opt/airflow/dags/iceberg_table_optimization.py took 0.096 seconds
[2026-07-23T03:54:05.775+0000] {processor.py:186} INFO - Started process (PID=3316) to work on /opt/airflow/dags/iceberg_table_optimization.py
[2026-07-23T03:54:05.776+0000] {processor.py:914} INFO - Processing file /opt/airflow/dags/iceberg_table_optimization.py for tasks to queue
[2026-07-23T03:54:05.778+0000] {logging_mixin.py:190} INFO - [2026-07-23T03:54:05.777+0000] {dagbag.py:588} INFO - Filling up the DagBag from /opt/airflow/dags/iceberg_table_optimization.py
[2026-07-23T03:54:05.798+0000] {processor.py:925} INFO - DAG(s) 'iceberg_table_optimization' retrieved from /opt/airflow/dags/iceberg_table_optimization.py
[2026-07-23T03:54:05.821+0000] {logging_mixin.py:190} INFO - [2026-07-23T03:54:05.821+0000] {dag.py:3239} INFO - Sync 1 DAGs
[2026-07-23T03:54:05.844+0000] {logging_mixin.py:190} INFO - [2026-07-23T03:54:05.844+0000] {dag.py:4180} INFO - Setting next_dagrun for iceberg_table_optimization to 2026-07-12 02:00:00+00:00, run_after=2026-07-19 02:00:00+00:00
[2026-07-23T03:54:05.867+0000] {processor.py:208} INFO - Processing /opt/airflow/dags/iceberg_table_optimization.py took 0.098 seconds
[2026-07-23T03:54:36.076+0000] {processor.py:186} INFO - Started process (PID=3437) to work on /opt/airflow/dags/iceberg_table_optimization.py
[2026-07-23T03:54:36.077+0000] {processor.py:914} INFO - Processing file /opt/airflow/dags/iceberg_table_optimization.py for tasks to queue
[2026-07-23T03:54:36.080+0000] {logging_mixin.py:190} INFO - [2026-07-23T03:54:36.079+0000] {dagbag.py:588} INFO - Filling up the DagBag from /opt/airflow/dags/iceberg_table_optimization.py
[2026-07-23T03:54:36.101+0000] {processor.py:925} INFO - DAG(s) 'iceberg_table_optimization' retrieved from /opt/airflow/dags/iceberg_table_optimization.py
[2026-07-23T03:54:36.124+0000] {logging_mixin.py:190} INFO - [2026-07-23T03:54:36.124+0000] {dag.py:3239} INFO - Sync 1 DAGs
[2026-07-23T03:54:36.146+0000] {logging_mixin.py:190} INFO - [2026-07-23T03:54:36.146+0000] {dag.py:4180} INFO - Setting next_dagrun for iceberg_table_optimization to 2026-07-12 02:00:00+00:00, run_after=2026-07-19 02:00:00+00:00
[2026-07-23T03:54:36.168+0000] {processor.py:208} INFO - Processing /opt/airflow/dags/iceberg_table_optimization.py took 0.099 seconds
[2026-07-23T03:55:07.110+0000] {processor.py:186} INFO - Started process (PID=3558) to work on /opt/airflow/dags/iceberg_table_optimization.py
[2026-07-23T03:55:07.112+0000] {processor.py:914} INFO - Processing file /opt/airflow/dags/iceberg_table_optimization.py for tasks to queue
[2026-07-23T03:55:07.114+0000] {logging_mixin.py:190} INFO - [2026-07-23T03:55:07.113+0000] {dagbag.py:588} INFO - Filling up the DagBag from /opt/airflow/dags/iceberg_table_optimization.py
[2026-07-23T03:55:07.135+0000] {processor.py:925} INFO - DAG(s) 'iceberg_table_optimization' retrieved from /opt/airflow/dags/iceberg_table_optimization.py
[2026-07-23T03:55:07.158+0000] {logging_mixin.py:190} INFO - [2026-07-23T03:55:07.158+0000] {dag.py:3239} INFO - Sync 1 DAGs
[2026-07-23T03:55:07.182+0000] {logging_mixin.py:190} INFO - [2026-07-23T03:55:07.182+0000] {dag.py:4180} INFO - Setting next_dagrun for iceberg_table_optimization to 2026-07-12 02:00:00+00:00, run_after=2026-07-19 02:00:00+00:00
[2026-07-23T03:55:07.205+0000] {processor.py:208} INFO - Processing /opt/airflow/dags/iceberg_table_optimization.py took 0.101 seconds
[2026-07-23T03:58:34.591+0000] {processor.py:186} INFO - Started process (PID=3679) to work on /opt/airflow/dags/iceberg_table_optimization.py
[2026-07-23T03:58:34.592+0000] {processor.py:914} INFO - Processing file /opt/airflow/dags/iceberg_table_optimization.py for tasks to queue
[2026-07-23T03:58:34.594+0000] {logging_mixin.py:190} INFO - [2026-07-23T03:58:34.594+0000] {dagbag.py:588} INFO - Filling up the DagBag from /opt/airflow/dags/iceberg_table_optimization.py
[2026-07-23T03:58:34.614+0000] {processor.py:925} INFO - DAG(s) 'iceberg_table_optimization' retrieved from /opt/airflow/dags/iceberg_table_optimization.py
[2026-07-23T03:58:34.636+0000] {logging_mixin.py:190} INFO - [2026-07-23T03:58:34.636+0000] {dag.py:3239} INFO - Sync 1 DAGs
[2026-07-23T03:58:34.657+0000] {logging_mixin.py:190} INFO - [2026-07-23T03:58:34.657+0000] {dag.py:4180} INFO - Setting next_dagrun for iceberg_table_optimization to 2026-07-12 02:00:00+00:00, run_after=2026-07-19 02:00:00+00:00
[2026-07-23T03:58:34.676+0000] {processor.py:208} INFO - Processing /opt/airflow/dags/iceberg_table_optimization.py took 0.091 seconds
[2026-07-23T04:12:33.144+0000] {processor.py:186} INFO - Started process (PID=187) to work on /opt/airflow/dags/iceberg_table_optimization.py
[2026-07-23T04:12:33.146+0000] {processor.py:914} INFO - Processing file /opt/airflow/dags/iceberg_table_optimization.py for tasks to queue
[2026-07-23T04:12:33.150+0000] {logging_mixin.py:190} INFO - [2026-07-23T04:12:33.150+0000] {dagbag.py:588} INFO - Filling up the DagBag from /opt/airflow/dags/iceberg_table_optimization.py
[2026-07-23T04:12:33.177+0000] {processor.py:925} INFO - DAG(s) 'iceberg_table_optimization' retrieved from /opt/airflow/dags/iceberg_table_optimization.py
[2026-07-23T04:12:33.215+0000] {logging_mixin.py:190} INFO - [2026-07-23T04:12:33.215+0000] {dag.py:3239} INFO - Sync 1 DAGs
[2026-07-23T04:12:33.257+0000] {logging_mixin.py:190} INFO - [2026-07-23T04:12:33.257+0000] {dag.py:4180} INFO - Setting next_dagrun for iceberg_table_optimization to 2026-07-12 02:00:00+00:00, run_after=2026-07-19 02:00:00+00:00
[2026-07-23T04:12:33.293+0000] {processor.py:208} INFO - Processing /opt/airflow/dags/iceberg_table_optimization.py took 0.157 seconds
[2026-07-23T04:13:03.810+0000] {processor.py:186} INFO - Started process (PID=311) to work on /opt/airflow/dags/iceberg_table_optimization.py
[2026-07-23T04:13:03.811+0000] {processor.py:914} INFO - Processing file /opt/airflow/dags/iceberg_table_optimization.py for tasks to queue
[2026-07-23T04:13:03.814+0000] {logging_mixin.py:190} INFO - [2026-07-23T04:13:03.813+0000] {dagbag.py:588} INFO - Filling up the DagBag from /opt/airflow/dags/iceberg_table_optimization.py
[2026-07-23T04:13:03.839+0000] {processor.py:925} INFO - DAG(s) 'iceberg_table_optimization' retrieved from /opt/airflow/dags/iceberg_table_optimization.py
[2026-07-23T04:13:03.866+0000] {logging_mixin.py:190} INFO - [2026-07-23T04:13:03.866+0000] {dag.py:3239} INFO - Sync 1 DAGs
[2026-07-23T04:13:03.896+0000] {logging_mixin.py:190} INFO - [2026-07-23T04:13:03.896+0000] {dag.py:4180} INFO - Setting next_dagrun for iceberg_table_optimization to 2026-07-12 02:00:00+00:00, run_after=2026-07-19 02:00:00+00:00
[2026-07-23T04:13:03.927+0000] {processor.py:208} INFO - Processing /opt/airflow/dags/iceberg_table_optimization.py took 0.123 seconds
[2026-07-23T04:13:34.035+0000] {processor.py:186} INFO - Started process (PID=444) to work on /opt/airflow/dags/iceberg_table_optimization.py
[2026-07-23T04:13:34.036+0000] {processor.py:914} INFO - Processing file /opt/airflow/dags/iceberg_table_optimization.py for tasks to queue
[2026-07-23T04:13:34.038+0000] {logging_mixin.py:190} INFO - [2026-07-23T04:13:34.038+0000] {dagbag.py:588} INFO - Filling up the DagBag from /opt/airflow/dags/iceberg_table_optimization.py
[2026-07-23T04:13:34.060+0000] {processor.py:925} INFO - DAG(s) 'iceberg_table_optimization' retrieved from /opt/airflow/dags/iceberg_table_optimization.py
[2026-07-23T04:13:34.083+0000] {logging_mixin.py:190} INFO - [2026-07-23T04:13:34.083+0000] {dag.py:3239} INFO - Sync 1 DAGs
[2026-07-23T04:13:34.104+0000] {logging_mixin.py:190} INFO - [2026-07-23T04:13:34.103+0000] {dag.py:4180} INFO - Setting next_dagrun for iceberg_table_optimization to 2026-07-12 02:00:00+00:00, run_after=2026-07-19 02:00:00+00:00
[2026-07-23T04:13:34.128+0000] {processor.py:208} INFO - Processing /opt/airflow/dags/iceberg_table_optimization.py took 0.097 seconds
[2026-07-23T04:14:04.574+0000] {processor.py:186} INFO - Started process (PID=564) to work on /opt/airflow/dags/iceberg_table_optimization.py
[2026-07-23T04:14:04.575+0000] {processor.py:914} INFO - Processing file /opt/airflow/dags/iceberg_table_optimization.py for tasks to queue
[2026-07-23T04:14:04.577+0000] {logging_mixin.py:190} INFO - [2026-07-23T04:14:04.577+0000] {dagbag.py:588} INFO - Filling up the DagBag from /opt/airflow/dags/iceberg_table_optimization.py
[2026-07-23T04:14:04.605+0000] {processor.py:925} INFO - DAG(s) 'iceberg_table_optimization' retrieved from /opt/airflow/dags/iceberg_table_optimization.py
[2026-07-23T04:14:04.631+0000] {logging_mixin.py:190} INFO - [2026-07-23T04:14:04.631+0000] {dag.py:3239} INFO - Sync 1 DAGs
[2026-07-23T04:14:04.653+0000] {logging_mixin.py:190} INFO - [2026-07-23T04:14:04.653+0000] {dag.py:4180} INFO - Setting next_dagrun for iceberg_table_optimization to 2026-07-12 02:00:00+00:00, run_after=2026-07-19 02:00:00+00:00
[2026-07-23T04:14:04.684+0000] {processor.py:208} INFO - Processing /opt/airflow/dags/iceberg_table_optimization.py took 0.115 seconds
[2026-07-23T04:14:34.805+0000] {processor.py:186} INFO - Started process (PID=681) to work on /opt/airflow/dags/iceberg_table_optimization.py
[2026-07-23T04:14:34.806+0000] {processor.py:914} INFO - Processing file /opt/airflow/dags/iceberg_table_optimization.py for tasks to queue
[2026-07-23T04:14:34.808+0000] {logging_mixin.py:190} INFO - [2026-07-23T04:14:34.807+0000] {dagbag.py:588} INFO - Filling up the DagBag from /opt/airflow/dags/iceberg_table_optimization.py
[2026-07-23T04:14:34.837+0000] {processor.py:925} INFO - DAG(s) 'iceberg_table_optimization' retrieved from /opt/airflow/dags/iceberg_table_optimization.py
[2026-07-23T04:14:34.859+0000] {logging_mixin.py:190} INFO - [2026-07-23T04:14:34.859+0000] {dag.py:3239} INFO - Sync 1 DAGs
[2026-07-23T04:14:34.879+0000] {logging_mixin.py:190} INFO - [2026-07-23T04:14:34.879+0000] {dag.py:4180} INFO - Setting next_dagrun for iceberg_table_optimization to 2026-07-12 02:00:00+00:00, run_after=2026-07-19 02:00:00+00:00
[2026-07-23T04:14:34.899+0000] {processor.py:208} INFO - Processing /opt/airflow/dags/iceberg_table_optimization.py took 0.099 seconds
[2026-07-23T04:15:05.235+0000] {processor.py:186} INFO - Started process (PID=797) to work on /opt/airflow/dags/iceberg_table_optimization.py
[2026-07-23T04:15:05.236+0000] {processor.py:914} INFO - Processing file /opt/airflow/dags/iceberg_table_optimization.py for tasks to queue
[2026-07-23T04:15:05.237+0000] {logging_mixin.py:190} INFO - [2026-07-23T04:15:05.237+0000] {dagbag.py:588} INFO - Filling up the DagBag from /opt/airflow/dags/iceberg_table_optimization.py
[2026-07-23T04:15:05.258+0000] {processor.py:925} INFO - DAG(s) 'iceberg_table_optimization' retrieved from /opt/airflow/dags/iceberg_table_optimization.py
[2026-07-23T04:15:05.281+0000] {logging_mixin.py:190} INFO - [2026-07-23T04:15:05.281+0000] {dag.py:3239} INFO - Sync 1 DAGs
[2026-07-23T04:15:05.303+0000] {logging_mixin.py:190} INFO - [2026-07-23T04:15:05.303+0000] {dag.py:4180} INFO - Setting next_dagrun for iceberg_table_optimization to 2026-07-12 02:00:00+00:00, run_after=2026-07-19 02:00:00+00:00
[2026-07-23T04:15:05.327+0000] {processor.py:208} INFO - Processing /opt/airflow/dags/iceberg_table_optimization.py took 0.098 seconds
[2026-07-23T04:15:35.769+0000] {processor.py:186} INFO - Started process (PID=918) to work on /opt/airflow/dags/iceberg_table_optimization.py
[2026-07-23T04:15:35.770+0000] {processor.py:914} INFO - Processing file /opt/airflow/dags/iceberg_table_optimization.py for tasks to queue
[2026-07-23T04:15:35.772+0000] {logging_mixin.py:190} INFO - [2026-07-23T04:15:35.771+0000] {dagbag.py:588} INFO - Filling up the DagBag from /opt/airflow/dags/iceberg_table_optimization.py
[2026-07-23T04:15:35.798+0000] {processor.py:925} INFO - DAG(s) 'iceberg_table_optimization' retrieved from /opt/airflow/dags/iceberg_table_optimization.py
[2026-07-23T04:15:35.824+0000] {logging_mixin.py:190} INFO - [2026-07-23T04:15:35.824+0000] {dag.py:3239} INFO - Sync 1 DAGs
[2026-07-23T04:15:35.848+0000] {logging_mixin.py:190} INFO - [2026-07-23T04:15:35.848+0000] {dag.py:4180} INFO - Setting next_dagrun for iceberg_table_optimization to 2026-07-12 02:00:00+00:00, run_after=2026-07-19 02:00:00+00:00
[2026-07-23T04:15:35.873+0000] {processor.py:208} INFO - Processing /opt/airflow/dags/iceberg_table_optimization.py took 0.110 seconds
[2026-07-23T04:16:06.232+0000] {processor.py:186} INFO - Started process (PID=1037) to work on /opt/airflow/dags/iceberg_table_optimization.py
[2026-07-23T04:16:06.233+0000] {processor.py:914} INFO - Processing file /opt/airflow/dags/iceberg_table_optimization.py for tasks to queue
[2026-07-23T04:16:06.234+0000] {logging_mixin.py:190} INFO - [2026-07-23T04:16:06.234+0000] {dagbag.py:588} INFO - Filling up the DagBag from /opt/airflow/dags/iceberg_table_optimization.py
[2026-07-23T04:16:06.257+0000] {processor.py:925} INFO - DAG(s) 'iceberg_table_optimization' retrieved from /opt/airflow/dags/iceberg_table_optimization.py
[2026-07-23T04:16:06.281+0000] {logging_mixin.py:190} INFO - [2026-07-23T04:16:06.281+0000] {dag.py:3239} INFO - Sync 1 DAGs
[2026-07-23T04:16:06.306+0000] {logging_mixin.py:190} INFO - [2026-07-23T04:16:06.305+0000] {dag.py:4180} INFO - Setting next_dagrun for iceberg_table_optimization to 2026-07-12 02:00:00+00:00, run_after=2026-07-19 02:00:00+00:00
[2026-07-23T04:16:06.329+0000] {processor.py:208} INFO - Processing /opt/airflow/dags/iceberg_table_optimization.py took 0.103 seconds
[2026-07-23T04:16:36.438+0000] {processor.py:186} INFO - Started process (PID=1155) to work on /opt/airflow/dags/iceberg_table_optimization.py
[2026-07-23T04:16:36.439+0000] {processor.py:914} INFO - Processing file /opt/airflow/dags/iceberg_table_optimization.py for tasks to queue
[2026-07-23T04:16:36.440+0000] {logging_mixin.py:190} INFO - [2026-07-23T04:16:36.440+0000] {dagbag.py:588} INFO - Filling up the DagBag from /opt/airflow/dags/iceberg_table_optimization.py
[2026-07-23T04:16:36.461+0000] {processor.py:925} INFO - DAG(s) 'iceberg_table_optimization' retrieved from /opt/airflow/dags/iceberg_table_optimization.py
[2026-07-23T04:16:36.483+0000] {logging_mixin.py:190} INFO - [2026-07-23T04:16:36.483+0000] {dag.py:3239} INFO - Sync 1 DAGs
[2026-07-23T04:16:36.511+0000] {logging_mixin.py:190} INFO - [2026-07-23T04:16:36.510+0000] {dag.py:4180} INFO - Setting next_dagrun for iceberg_table_optimization to 2026-07-12 02:00:00+00:00, run_after=2026-07-19 02:00:00+00:00
[2026-07-23T04:16:36.531+0000] {processor.py:208} INFO - Processing /opt/airflow/dags/iceberg_table_optimization.py took 0.099 seconds
[2026-07-23T04:18:36.686+0000] {processor.py:186} INFO - Started process (PID=180) to work on /opt/airflow/dags/iceberg_table_optimization.py
[2026-07-23T04:18:36.688+0000] {processor.py:914} INFO - Processing file /opt/airflow/dags/iceberg_table_optimization.py for tasks to queue
[2026-07-23T04:18:36.692+0000] {logging_mixin.py:190} INFO - [2026-07-23T04:18:36.691+0000] {dagbag.py:588} INFO - Filling up the DagBag from /opt/airflow/dags/iceberg_table_optimization.py
[2026-07-23T04:18:36.721+0000] {processor.py:925} INFO - DAG(s) 'iceberg_table_optimization' retrieved from /opt/airflow/dags/iceberg_table_optimization.py
[2026-07-23T04:18:36.763+0000] {logging_mixin.py:190} INFO - [2026-07-23T04:18:36.763+0000] {dag.py:3239} INFO - Sync 1 DAGs
[2026-07-23T04:18:36.799+0000] {logging_mixin.py:190} INFO - [2026-07-23T04:18:36.799+0000] {dag.py:4180} INFO - Setting next_dagrun for iceberg_table_optimization to 2026-07-12 02:00:00+00:00, run_after=2026-07-19 02:00:00+00:00
[2026-07-23T04:18:36.833+0000] {processor.py:208} INFO - Processing /opt/airflow/dags/iceberg_table_optimization.py took 0.153 seconds
[2026-07-23T04:19:07.182+0000] {processor.py:186} INFO - Started process (PID=303) to work on /opt/airflow/dags/iceberg_table_optimization.py
[2026-07-23T04:19:07.183+0000] {processor.py:914} INFO - Processing file /opt/airflow/dags/iceberg_table_optimization.py for tasks to queue
[2026-07-23T04:19:07.186+0000] {logging_mixin.py:190} INFO - [2026-07-23T04:19:07.185+0000] {dagbag.py:588} INFO - Filling up the DagBag from /opt/airflow/dags/iceberg_table_optimization.py
[2026-07-23T04:19:07.208+0000] {processor.py:925} INFO - DAG(s) 'iceberg_table_optimization' retrieved from /opt/airflow/dags/iceberg_table_optimization.py
[2026-07-23T04:19:07.233+0000] {logging_mixin.py:190} INFO - [2026-07-23T04:19:07.233+0000] {dag.py:3239} INFO - Sync 1 DAGs
[2026-07-23T04:19:07.257+0000] {logging_mixin.py:190} INFO - [2026-07-23T04:19:07.257+0000] {dag.py:4180} INFO - Setting next_dagrun for iceberg_table_optimization to 2026-07-12 02:00:00+00:00, run_after=2026-07-19 02:00:00+00:00
[2026-07-23T04:19:07.284+0000] {processor.py:208} INFO - Processing /opt/airflow/dags/iceberg_table_optimization.py took 0.107 seconds
[2026-07-23T04:19:37.534+0000] {processor.py:186} INFO - Started process (PID=422) to work on /opt/airflow/dags/iceberg_table_optimization.py
[2026-07-23T04:19:37.535+0000] {processor.py:914} INFO - Processing file /opt/airflow/dags/iceberg_table_optimization.py for tasks to queue
[2026-07-23T04:19:37.538+0000] {logging_mixin.py:190} INFO - [2026-07-23T04:19:37.537+0000] {dagbag.py:588} INFO - Filling up the DagBag from /opt/airflow/dags/iceberg_table_optimization.py
[2026-07-23T04:19:37.559+0000] {processor.py:925} INFO - DAG(s) 'iceberg_table_optimization' retrieved from /opt/airflow/dags/iceberg_table_optimization.py
[2026-07-23T04:19:37.582+0000] {logging_mixin.py:190} INFO - [2026-07-23T04:19:37.582+0000] {dag.py:3239} INFO - Sync 1 DAGs
[2026-07-23T04:19:37.604+0000] {logging_mixin.py:190} INFO - [2026-07-23T04:19:37.603+0000] {dag.py:4180} INFO - Setting next_dagrun for iceberg_table_optimization to 2026-07-12 02:00:00+00:00, run_after=2026-07-19 02:00:00+00:00
[2026-07-23T04:19:37.622+0000] {processor.py:208} INFO - Processing /opt/airflow/dags/iceberg_table_optimization.py took 0.093 seconds
[2026-07-23T04:22:13.703+0000] {processor.py:186} INFO - Started process (PID=180) to work on /opt/airflow/dags/iceberg_table_optimization.py
[2026-07-23T04:22:13.705+0000] {processor.py:914} INFO - Processing file /opt/airflow/dags/iceberg_table_optimization.py for tasks to queue
[2026-07-23T04:22:13.711+0000] {logging_mixin.py:190} INFO - [2026-07-23T04:22:13.711+0000] {dagbag.py:588} INFO - Filling up the DagBag from /opt/airflow/dags/iceberg_table_optimization.py
[2026-07-23T04:22:13.780+0000] {processor.py:925} INFO - DAG(s) 'iceberg_table_optimization' retrieved from /opt/airflow/dags/iceberg_table_optimization.py
[2026-07-23T04:22:13.848+0000] {logging_mixin.py:190} INFO - [2026-07-23T04:22:13.847+0000] {dag.py:3239} INFO - Sync 1 DAGs
[2026-07-23T04:22:13.891+0000] {logging_mixin.py:190} INFO - [2026-07-23T04:22:13.891+0000] {dag.py:4180} INFO - Setting next_dagrun for iceberg_table_optimization to 2026-07-12 02:00:00+00:00, run_after=2026-07-19 02:00:00+00:00
[2026-07-23T04:22:13.921+0000] {processor.py:208} INFO - Processing /opt/airflow/dags/iceberg_table_optimization.py took 0.233 seconds
[2026-07-23T04:22:44.166+0000] {processor.py:186} INFO - Started process (PID=303) to work on /opt/airflow/dags/iceberg_table_optimization.py
[2026-07-23T04:22:44.168+0000] {processor.py:914} INFO - Processing file /opt/airflow/dags/iceberg_table_optimization.py for tasks to queue
[2026-07-23T04:22:44.171+0000] {logging_mixin.py:190} INFO - [2026-07-23T04:22:44.171+0000] {dagbag.py:588} INFO - Filling up the DagBag from /opt/airflow/dags/iceberg_table_optimization.py
[2026-07-23T04:22:44.202+0000] {processor.py:925} INFO - DAG(s) 'iceberg_table_optimization' retrieved from /opt/airflow/dags/iceberg_table_optimization.py
[2026-07-23T04:22:44.226+0000] {logging_mixin.py:190} INFO - [2026-07-23T04:22:44.226+0000] {dag.py:3239} INFO - Sync 1 DAGs
[2026-07-23T04:22:44.249+0000] {logging_mixin.py:190} INFO - [2026-07-23T04:22:44.248+0000] {dag.py:4180} INFO - Setting next_dagrun for iceberg_table_optimization to 2026-07-12 02:00:00+00:00, run_after=2026-07-19 02:00:00+00:00
[2026-07-23T04:22:44.269+0000] {processor.py:208} INFO - Processing /opt/airflow/dags/iceberg_table_optimization.py took 0.109 seconds
[2026-07-23T04:23:14.764+0000] {processor.py:186} INFO - Started process (PID=422) to work on /opt/airflow/dags/iceberg_table_optimization.py
[2026-07-23T04:23:14.765+0000] {processor.py:914} INFO - Processing file /opt/airflow/dags/iceberg_table_optimization.py for tasks to queue
[2026-07-23T04:23:14.768+0000] {logging_mixin.py:190} INFO - [2026-07-23T04:23:14.768+0000] {dagbag.py:588} INFO - Filling up the DagBag from /opt/airflow/dags/iceberg_table_optimization.py
[2026-07-23T04:23:14.788+0000] {processor.py:925} INFO - DAG(s) 'iceberg_table_optimization' retrieved from /opt/airflow/dags/iceberg_table_optimization.py
[2026-07-23T04:23:14.811+0000] {logging_mixin.py:190} INFO - [2026-07-23T04:23:14.811+0000] {dag.py:3239} INFO - Sync 1 DAGs
[2026-07-23T04:23:14.831+0000] {logging_mixin.py:190} INFO - [2026-07-23T04:23:14.831+0000] {dag.py:4180} INFO - Setting next_dagrun for iceberg_table_optimization to 2026-07-12 02:00:00+00:00, run_after=2026-07-19 02:00:00+00:00
[2026-07-23T04:23:14.849+0000] {processor.py:208} INFO - Processing /opt/airflow/dags/iceberg_table_optimization.py took 0.090 seconds
[2026-07-23T04:23:45.136+0000] {processor.py:186} INFO - Started process (PID=540) to work on /opt/airflow/dags/iceberg_table_optimization.py
[2026-07-23T04:23:45.139+0000] {processor.py:914} INFO - Processing file /opt/airflow/dags/iceberg_table_optimization.py for tasks to queue
[2026-07-23T04:23:45.141+0000] {logging_mixin.py:190} INFO - [2026-07-23T04:23:45.141+0000] {dagbag.py:588} INFO - Filling up the DagBag from /opt/airflow/dags/iceberg_table_optimization.py
[2026-07-23T04:23:45.168+0000] {processor.py:925} INFO - DAG(s) 'iceberg_table_optimization' retrieved from /opt/airflow/dags/iceberg_table_optimization.py
[2026-07-23T04:23:45.196+0000] {logging_mixin.py:190} INFO - [2026-07-23T04:23:45.195+0000] {dag.py:3239} INFO - Sync 1 DAGs
[2026-07-23T04:23:45.224+0000] {logging_mixin.py:190} INFO - [2026-07-23T04:23:45.223+0000] {dag.py:4180} INFO - Setting next_dagrun for iceberg_table_optimization to 2026-07-12 02:00:00+00:00, run_after=2026-07-19 02:00:00+00:00
[2026-07-23T04:23:45.248+0000] {processor.py:208} INFO - Processing /opt/airflow/dags/iceberg_table_optimization.py took 0.117 seconds
[2026-07-23T04:24:15.407+0000] {processor.py:186} INFO - Started process (PID=661) to work on /opt/airflow/dags/iceberg_table_optimization.py
[2026-07-23T04:24:15.408+0000] {processor.py:914} INFO - Processing file /opt/airflow/dags/iceberg_table_optimization.py for tasks to queue
[2026-07-23T04:24:15.410+0000] {logging_mixin.py:190} INFO - [2026-07-23T04:24:15.410+0000] {dagbag.py:588} INFO - Filling up the DagBag from /opt/airflow/dags/iceberg_table_optimization.py
[2026-07-23T04:24:15.440+0000] {processor.py:925} INFO - DAG(s) 'iceberg_table_optimization' retrieved from /opt/airflow/dags/iceberg_table_optimization.py
[2026-07-23T04:24:15.463+0000] {logging_mixin.py:190} INFO - [2026-07-23T04:24:15.463+0000] {dag.py:3239} INFO - Sync 1 DAGs
[2026-07-23T04:24:15.486+0000] {logging_mixin.py:190} INFO - [2026-07-23T04:24:15.485+0000] {dag.py:4180} INFO - Setting next_dagrun for iceberg_table_optimization to 2026-07-12 02:00:00+00:00, run_after=2026-07-19 02:00:00+00:00
[2026-07-23T04:24:15.510+0000] {processor.py:208} INFO - Processing /opt/airflow/dags/iceberg_table_optimization.py took 0.108 seconds
[2026-07-23T04:24:45.670+0000] {processor.py:186} INFO - Started process (PID=780) to work on /opt/airflow/dags/iceberg_table_optimization.py
[2026-07-23T04:24:45.671+0000] {processor.py:914} INFO - Processing file /opt/airflow/dags/iceberg_table_optimization.py for tasks to queue
[2026-07-23T04:24:45.673+0000] {logging_mixin.py:190} INFO - [2026-07-23T04:24:45.672+0000] {dagbag.py:588} INFO - Filling up the DagBag from /opt/airflow/dags/iceberg_table_optimization.py
[2026-07-23T04:24:45.693+0000] {processor.py:925} INFO - DAG(s) 'iceberg_table_optimization' retrieved from /opt/airflow/dags/iceberg_table_optimization.py
[2026-07-23T04:24:45.716+0000] {logging_mixin.py:190} INFO - [2026-07-23T04:24:45.715+0000] {dag.py:3239} INFO - Sync 1 DAGs
[2026-07-23T04:24:45.737+0000] {logging_mixin.py:190} INFO - [2026-07-23T04:24:45.737+0000] {dag.py:4180} INFO - Setting next_dagrun for iceberg_table_optimization to 2026-07-12 02:00:00+00:00, run_after=2026-07-19 02:00:00+00:00
[2026-07-23T04:24:45.756+0000] {processor.py:208} INFO - Processing /opt/airflow/dags/iceberg_table_optimization.py took 0.092 seconds
[2026-07-23T04:25:15.844+0000] {processor.py:186} INFO - Started process (PID=896) to work on /opt/airflow/dags/iceberg_table_optimization.py
[2026-07-23T04:25:15.845+0000] {processor.py:914} INFO - Processing file /opt/airflow/dags/iceberg_table_optimization.py for tasks to queue
[2026-07-23T04:25:15.848+0000] {logging_mixin.py:190} INFO - [2026-07-23T04:25:15.847+0000] {dagbag.py:588} INFO - Filling up the DagBag from /opt/airflow/dags/iceberg_table_optimization.py
[2026-07-23T04:25:15.869+0000] {processor.py:925} INFO - DAG(s) 'iceberg_table_optimization' retrieved from /opt/airflow/dags/iceberg_table_optimization.py
[2026-07-23T04:25:15.894+0000] {logging_mixin.py:190} INFO - [2026-07-23T04:25:15.894+0000] {dag.py:3239} INFO - Sync 1 DAGs
[2026-07-23T04:25:15.917+0000] {logging_mixin.py:190} INFO - [2026-07-23T04:25:15.917+0000] {dag.py:4180} INFO - Setting next_dagrun for iceberg_table_optimization to 2026-07-12 02:00:00+00:00, run_after=2026-07-19 02:00:00+00:00
[2026-07-23T04:25:15.938+0000] {processor.py:208} INFO - Processing /opt/airflow/dags/iceberg_table_optimization.py took 0.099 seconds
[2026-07-23T04:25:46.469+0000] {processor.py:186} INFO - Started process (PID=1019) to work on /opt/airflow/dags/iceberg_table_optimization.py
[2026-07-23T04:25:46.471+0000] {processor.py:914} INFO - Processing file /opt/airflow/dags/iceberg_table_optimization.py for tasks to queue
[2026-07-23T04:25:46.475+0000] {logging_mixin.py:190} INFO - [2026-07-23T04:25:46.474+0000] {dagbag.py:588} INFO - Filling up the DagBag from /opt/airflow/dags/iceberg_table_optimization.py
[2026-07-23T04:25:46.502+0000] {processor.py:925} INFO - DAG(s) 'iceberg_table_optimization' retrieved from /opt/airflow/dags/iceberg_table_optimization.py
[2026-07-23T04:25:46.533+0000] {logging_mixin.py:190} INFO - [2026-07-23T04:25:46.532+0000] {dag.py:3239} INFO - Sync 1 DAGs
[2026-07-23T04:25:46.565+0000] {logging_mixin.py:190} INFO - [2026-07-23T04:25:46.564+0000] {dag.py:4180} INFO - Setting next_dagrun for iceberg_table_optimization to 2026-07-12 02:00:00+00:00, run_after=2026-07-19 02:00:00+00:00
[2026-07-23T04:25:46.588+0000] {processor.py:208} INFO - Processing /opt/airflow/dags/iceberg_table_optimization.py took 0.128 seconds
[2026-07-23T04:26:16.800+0000] {processor.py:186} INFO - Started process (PID=1140) to work on /opt/airflow/dags/iceberg_table_optimization.py
[2026-07-23T04:26:16.801+0000] {processor.py:914} INFO - Processing file /opt/airflow/dags/iceberg_table_optimization.py for tasks to queue
[2026-07-23T04:26:16.804+0000] {logging_mixin.py:190} INFO - [2026-07-23T04:26:16.804+0000] {dagbag.py:588} INFO - Filling up the DagBag from /opt/airflow/dags/iceberg_table_optimization.py
[2026-07-23T04:26:16.827+0000] {processor.py:925} INFO - DAG(s) 'iceberg_table_optimization' retrieved from /opt/airflow/dags/iceberg_table_optimization.py
[2026-07-23T04:26:16.851+0000] {logging_mixin.py:190} INFO - [2026-07-23T04:26:16.851+0000] {dag.py:3239} INFO - Sync 1 DAGs
[2026-07-23T04:26:16.872+0000] {logging_mixin.py:190} INFO - [2026-07-23T04:26:16.872+0000] {dag.py:4180} INFO - Setting next_dagrun for iceberg_table_optimization to 2026-07-12 02:00:00+00:00, run_after=2026-07-19 02:00:00+00:00
[2026-07-23T04:26:16.896+0000] {processor.py:208} INFO - Processing /opt/airflow/dags/iceberg_table_optimization.py took 0.101 seconds
[2026-07-23T04:26:47.369+0000] {processor.py:186} INFO - Started process (PID=1256) to work on /opt/airflow/dags/iceberg_table_optimization.py
[2026-07-23T04:26:47.370+0000] {processor.py:914} INFO - Processing file /opt/airflow/dags/iceberg_table_optimization.py for tasks to queue
[2026-07-23T04:26:47.372+0000] {logging_mixin.py:190} INFO - [2026-07-23T04:26:47.371+0000] {dagbag.py:588} INFO - Filling up the DagBag from /opt/airflow/dags/iceberg_table_optimization.py
[2026-07-23T04:26:47.395+0000] {processor.py:925} INFO - DAG(s) 'iceberg_table_optimization' retrieved from /opt/airflow/dags/iceberg_table_optimization.py
[2026-07-23T04:26:47.419+0000] {logging_mixin.py:190} INFO - [2026-07-23T04:26:47.418+0000] {dag.py:3239} INFO - Sync 1 DAGs
[2026-07-23T04:26:47.440+0000] {logging_mixin.py:190} INFO - [2026-07-23T04:26:47.440+0000] {dag.py:4180} INFO - Setting next_dagrun for iceberg_table_optimization to 2026-07-12 02:00:00+00:00, run_after=2026-07-19 02:00:00+00:00
[2026-07-23T04:26:47.463+0000] {processor.py:208} INFO - Processing /opt/airflow/dags/iceberg_table_optimization.py took 0.099 seconds
[2026-07-23T04:27:18.153+0000] {processor.py:186} INFO - Started process (PID=1375) to work on /opt/airflow/dags/iceberg_table_optimization.py
[2026-07-23T04:27:18.154+0000] {processor.py:914} INFO - Processing file /opt/airflow/dags/iceberg_table_optimization.py for tasks to queue
[2026-07-23T04:27:18.156+0000] {logging_mixin.py:190} INFO - [2026-07-23T04:27:18.156+0000] {dagbag.py:588} INFO - Filling up the DagBag from /opt/airflow/dags/iceberg_table_optimization.py
[2026-07-23T04:27:18.178+0000] {processor.py:925} INFO - DAG(s) 'iceberg_table_optimization' retrieved from /opt/airflow/dags/iceberg_table_optimization.py
[2026-07-23T04:27:18.202+0000] {logging_mixin.py:190} INFO - [2026-07-23T04:27:18.202+0000] {dag.py:3239} INFO - Sync 1 DAGs
[2026-07-23T04:27:18.223+0000] {logging_mixin.py:190} INFO - [2026-07-23T04:27:18.223+0000] {dag.py:4180} INFO - Setting next_dagrun for iceberg_table_optimization to 2026-07-12 02:00:00+00:00, run_after=2026-07-19 02:00:00+00:00
[2026-07-23T04:27:18.245+0000] {processor.py:208} INFO - Processing /opt/airflow/dags/iceberg_table_optimization.py took 0.098 seconds
[2026-07-23T04:27:48.740+0000] {processor.py:186} INFO - Started process (PID=1498) to work on /opt/airflow/dags/iceberg_table_optimization.py
[2026-07-23T04:27:48.741+0000] {processor.py:914} INFO - Processing file /opt/airflow/dags/iceberg_table_optimization.py for tasks to queue
[2026-07-23T04:27:48.743+0000] {logging_mixin.py:190} INFO - [2026-07-23T04:27:48.743+0000] {dagbag.py:588} INFO - Filling up the DagBag from /opt/airflow/dags/iceberg_table_optimization.py
[2026-07-23T04:27:48.766+0000] {processor.py:925} INFO - DAG(s) 'iceberg_table_optimization' retrieved from /opt/airflow/dags/iceberg_table_optimization.py
[2026-07-23T04:27:48.789+0000] {logging_mixin.py:190} INFO - [2026-07-23T04:27:48.788+0000] {dag.py:3239} INFO - Sync 1 DAGs
[2026-07-23T04:27:48.809+0000] {logging_mixin.py:190} INFO - [2026-07-23T04:27:48.809+0000] {dag.py:4180} INFO - Setting next_dagrun for iceberg_table_optimization to 2026-07-12 02:00:00+00:00, run_after=2026-07-19 02:00:00+00:00
[2026-07-23T04:27:48.836+0000] {processor.py:208} INFO - Processing /opt/airflow/dags/iceberg_table_optimization.py took 0.102 seconds
[2026-07-23T04:28:19.446+0000] {processor.py:186} INFO - Started process (PID=1617) to work on /opt/airflow/dags/iceberg_table_optimization.py
[2026-07-23T04:28:19.447+0000] {processor.py:914} INFO - Processing file /opt/airflow/dags/iceberg_table_optimization.py for tasks to queue
[2026-07-23T04:28:19.449+0000] {logging_mixin.py:190} INFO - [2026-07-23T04:28:19.449+0000] {dagbag.py:588} INFO - Filling up the DagBag from /opt/airflow/dags/iceberg_table_optimization.py
[2026-07-23T04:28:19.471+0000] {processor.py:925} INFO - DAG(s) 'iceberg_table_optimization' retrieved from /opt/airflow/dags/iceberg_table_optimization.py
[2026-07-23T04:28:19.497+0000] {logging_mixin.py:190} INFO - [2026-07-23T04:28:19.497+0000] {dag.py:3239} INFO - Sync 1 DAGs
[2026-07-23T04:28:19.519+0000] {logging_mixin.py:190} INFO - [2026-07-23T04:28:19.519+0000] {dag.py:4180} INFO - Setting next_dagrun for iceberg_table_optimization to 2026-07-12 02:00:00+00:00, run_after=2026-07-19 02:00:00+00:00
[2026-07-23T04:28:19.543+0000] {processor.py:208} INFO - Processing /opt/airflow/dags/iceberg_table_optimization.py took 0.103 seconds
[2026-07-23T04:28:49.702+0000] {processor.py:186} INFO - Started process (PID=1735) to work on /opt/airflow/dags/iceberg_table_optimization.py
[2026-07-23T04:28:49.703+0000] {processor.py:914} INFO - Processing file /opt/airflow/dags/iceberg_table_optimization.py for tasks to queue
[2026-07-23T04:28:49.706+0000] {logging_mixin.py:190} INFO - [2026-07-23T04:28:49.705+0000] {dagbag.py:588} INFO - Filling up the DagBag from /opt/airflow/dags/iceberg_table_optimization.py
[2026-07-23T04:28:49.728+0000] {processor.py:925} INFO - DAG(s) 'iceberg_table_optimization' retrieved from /opt/airflow/dags/iceberg_table_optimization.py
[2026-07-23T04:28:49.750+0000] {logging_mixin.py:190} INFO - [2026-07-23T04:28:49.750+0000] {dag.py:3239} INFO - Sync 1 DAGs
[2026-07-23T04:28:49.772+0000] {logging_mixin.py:190} INFO - [2026-07-23T04:28:49.772+0000] {dag.py:4180} INFO - Setting next_dagrun for iceberg_table_optimization to 2026-07-12 02:00:00+00:00, run_after=2026-07-19 02:00:00+00:00
[2026-07-23T04:28:49.791+0000] {processor.py:208} INFO - Processing /opt/airflow/dags/iceberg_table_optimization.py took 0.094 seconds
[2026-07-23T04:29:19.873+0000] {processor.py:186} INFO - Started process (PID=1856) to work on /opt/airflow/dags/iceberg_table_optimization.py
[2026-07-23T04:29:19.874+0000] {processor.py:914} INFO - Processing file /opt/airflow/dags/iceberg_table_optimization.py for tasks to queue
[2026-07-23T04:29:19.877+0000] {logging_mixin.py:190} INFO - [2026-07-23T04:29:19.876+0000] {dagbag.py:588} INFO - Filling up the DagBag from /opt/airflow/dags/iceberg_table_optimization.py
[2026-07-23T04:29:19.899+0000] {processor.py:925} INFO - DAG(s) 'iceberg_table_optimization' retrieved from /opt/airflow/dags/iceberg_table_optimization.py
[2026-07-23T04:29:19.925+0000] {logging_mixin.py:190} INFO - [2026-07-23T04:29:19.925+0000] {dag.py:3239} INFO - Sync 1 DAGs
[2026-07-23T04:29:19.951+0000] {logging_mixin.py:190} INFO - [2026-07-23T04:29:19.951+0000] {dag.py:4180} INFO - Setting next_dagrun for iceberg_table_optimization to 2026-07-12 02:00:00+00:00, run_after=2026-07-19 02:00:00+00:00
[2026-07-23T04:29:19.975+0000] {processor.py:208} INFO - Processing /opt/airflow/dags/iceberg_table_optimization.py took 0.107 seconds
[2026-07-23T04:29:50.478+0000] {processor.py:186} INFO - Started process (PID=1975) to work on /opt/airflow/dags/iceberg_table_optimization.py
[2026-07-23T04:29:50.479+0000] {processor.py:914} INFO - Processing file /opt/airflow/dags/iceberg_table_optimization.py for tasks to queue
[2026-07-23T04:29:50.481+0000] {logging_mixin.py:190} INFO - [2026-07-23T04:29:50.481+0000] {dagbag.py:588} INFO - Filling up the DagBag from /opt/airflow/dags/iceberg_table_optimization.py
[2026-07-23T04:29:50.503+0000] {processor.py:925} INFO - DAG(s) 'iceberg_table_optimization' retrieved from /opt/airflow/dags/iceberg_table_optimization.py
[2026-07-23T04:29:50.528+0000] {logging_mixin.py:190} INFO - [2026-07-23T04:29:50.528+0000] {dag.py:3239} INFO - Sync 1 DAGs
[2026-07-23T04:29:50.551+0000] {logging_mixin.py:190} INFO - [2026-07-23T04:29:50.550+0000] {dag.py:4180} INFO - Setting next_dagrun for iceberg_table_optimization to 2026-07-12 02:00:00+00:00, run_after=2026-07-19 02:00:00+00:00
[2026-07-23T04:29:50.576+0000] {processor.py:208} INFO - Processing /opt/airflow/dags/iceberg_table_optimization.py took 0.104 seconds
[2026-07-23T04:30:20.925+0000] {processor.py:186} INFO - Started process (PID=2093) to work on /opt/airflow/dags/iceberg_table_optimization.py
[2026-07-23T04:30:20.927+0000] {processor.py:914} INFO - Processing file /opt/airflow/dags/iceberg_table_optimization.py for tasks to queue
[2026-07-23T04:30:20.930+0000] {logging_mixin.py:190} INFO - [2026-07-23T04:30:20.929+0000] {dagbag.py:588} INFO - Filling up the DagBag from /opt/airflow/dags/iceberg_table_optimization.py
[2026-07-23T04:30:20.951+0000] {processor.py:925} INFO - DAG(s) 'iceberg_table_optimization' retrieved from /opt/airflow/dags/iceberg_table_optimization.py
[2026-07-23T04:30:20.975+0000] {logging_mixin.py:190} INFO - [2026-07-23T04:30:20.975+0000] {dag.py:3239} INFO - Sync 1 DAGs
[2026-07-23T04:30:20.996+0000] {logging_mixin.py:190} INFO - [2026-07-23T04:30:20.996+0000] {dag.py:4180} INFO - Setting next_dagrun for iceberg_table_optimization to 2026-07-12 02:00:00+00:00, run_after=2026-07-19 02:00:00+00:00
[2026-07-23T04:30:21.019+0000] {processor.py:208} INFO - Processing /opt/airflow/dags/iceberg_table_optimization.py took 0.099 seconds
[2026-07-23T04:30:51.276+0000] {processor.py:186} INFO - Started process (PID=2214) to work on /opt/airflow/dags/iceberg_table_optimization.py
[2026-07-23T04:30:51.277+0000] {processor.py:914} INFO - Processing file /opt/airflow/dags/iceberg_table_optimization.py for tasks to queue
[2026-07-23T04:30:51.281+0000] {logging_mixin.py:190} INFO - [2026-07-23T04:30:51.280+0000] {dagbag.py:588} INFO - Filling up the DagBag from /opt/airflow/dags/iceberg_table_optimization.py
[2026-07-23T04:30:51.308+0000] {processor.py:925} INFO - DAG(s) 'iceberg_table_optimization' retrieved from /opt/airflow/dags/iceberg_table_optimization.py
[2026-07-23T04:30:51.331+0000] {logging_mixin.py:190} INFO - [2026-07-23T04:30:51.330+0000] {dag.py:3239} INFO - Sync 1 DAGs
[2026-07-23T04:30:51.353+0000] {logging_mixin.py:190} INFO - [2026-07-23T04:30:51.352+0000] {dag.py:4180} INFO - Setting next_dagrun for iceberg_table_optimization to 2026-07-12 02:00:00+00:00, run_after=2026-07-19 02:00:00+00:00
[2026-07-23T04:30:51.374+0000] {processor.py:208} INFO - Processing /opt/airflow/dags/iceberg_table_optimization.py took 0.103 seconds
[2026-07-23T04:31:21.577+0000] {processor.py:186} INFO - Started process (PID=2333) to work on /opt/airflow/dags/iceberg_table_optimization.py
[2026-07-23T04:31:21.578+0000] {processor.py:914} INFO - Processing file /opt/airflow/dags/iceberg_table_optimization.py for tasks to queue
[2026-07-23T04:31:21.580+0000] {logging_mixin.py:190} INFO - [2026-07-23T04:31:21.580+0000] {dagbag.py:588} INFO - Filling up the DagBag from /opt/airflow/dags/iceberg_table_optimization.py
[2026-07-23T04:31:21.601+0000] {processor.py:925} INFO - DAG(s) 'iceberg_table_optimization' retrieved from /opt/airflow/dags/iceberg_table_optimization.py
[2026-07-23T04:31:21.622+0000] {logging_mixin.py:190} INFO - [2026-07-23T04:31:21.622+0000] {dag.py:3239} INFO - Sync 1 DAGs
[2026-07-23T04:31:21.643+0000] {logging_mixin.py:190} INFO - [2026-07-23T04:31:21.643+0000] {dag.py:4180} INFO - Setting next_dagrun for iceberg_table_optimization to 2026-07-12 02:00:00+00:00, run_after=2026-07-19 02:00:00+00:00
[2026-07-23T04:31:21.662+0000] {processor.py:208} INFO - Processing /opt/airflow/dags/iceberg_table_optimization.py took 0.090 seconds
[2026-07-23T04:31:51.909+0000] {processor.py:186} INFO - Started process (PID=2451) to work on /opt/airflow/dags/iceberg_table_optimization.py
[2026-07-23T04:31:51.911+0000] {processor.py:914} INFO - Processing file /opt/airflow/dags/iceberg_table_optimization.py for tasks to queue
[2026-07-23T04:31:51.913+0000] {logging_mixin.py:190} INFO - [2026-07-23T04:31:51.913+0000] {dagbag.py:588} INFO - Filling up the DagBag from /opt/airflow/dags/iceberg_table_optimization.py
[2026-07-23T04:31:51.945+0000] {processor.py:925} INFO - DAG(s) 'iceberg_table_optimization' retrieved from /opt/airflow/dags/iceberg_table_optimization.py
[2026-07-23T04:31:51.978+0000] {logging_mixin.py:190} INFO - [2026-07-23T04:31:51.978+0000] {dag.py:3239} INFO - Sync 1 DAGs
[2026-07-23T04:31:52.008+0000] {logging_mixin.py:190} INFO - [2026-07-23T04:31:52.008+0000] {dag.py:4180} INFO - Setting next_dagrun for iceberg_table_optimization to 2026-07-12 02:00:00+00:00, run_after=2026-07-19 02:00:00+00:00
[2026-07-23T04:31:52.043+0000] {processor.py:208} INFO - Processing /opt/airflow/dags/iceberg_table_optimization.py took 0.141 seconds
[2026-07-23T04:32:22.718+0000] {processor.py:186} INFO - Started process (PID=2570) to work on /opt/airflow/dags/iceberg_table_optimization.py
[2026-07-23T04:32:22.719+0000] {processor.py:914} INFO - Processing file /opt/airflow/dags/iceberg_table_optimization.py for tasks to queue
[2026-07-23T04:32:22.721+0000] {logging_mixin.py:190} INFO - [2026-07-23T04:32:22.721+0000] {dagbag.py:588} INFO - Filling up the DagBag from /opt/airflow/dags/iceberg_table_optimization.py
[2026-07-23T04:32:22.745+0000] {processor.py:925} INFO - DAG(s) 'iceberg_table_optimization' retrieved from /opt/airflow/dags/iceberg_table_optimization.py
[2026-07-23T04:32:22.771+0000] {logging_mixin.py:190} INFO - [2026-07-23T04:32:22.771+0000] {dag.py:3239} INFO - Sync 1 DAGs
[2026-07-23T04:32:22.794+0000] {logging_mixin.py:190} INFO - [2026-07-23T04:32:22.794+0000] {dag.py:4180} INFO - Setting next_dagrun for iceberg_table_optimization to 2026-07-12 02:00:00+00:00, run_after=2026-07-19 02:00:00+00:00
[2026-07-23T04:32:22.815+0000] {processor.py:208} INFO - Processing /opt/airflow/dags/iceberg_table_optimization.py took 0.103 seconds
