[2026-07-23T00:47:49.037+0000] {processor.py:186} INFO - Started process (PID=167) to work on /opt/airflow/dags/setup_lakehouse_infrastructure_v3.py
[2026-07-23T00:47:49.039+0000] {processor.py:914} INFO - Processing file /opt/airflow/dags/setup_lakehouse_infrastructure_v3.py for tasks to queue
[2026-07-23T00:47:49.043+0000] {logging_mixin.py:190} INFO - [2026-07-23T00:47:49.043+0000] {dagbag.py:588} INFO - Filling up the DagBag from /opt/airflow/dags/setup_lakehouse_infrastructure_v3.py
[2026-07-23T00:47:49.105+0000] {processor.py:925} INFO - DAG(s) 'setup_lakehouse_infrastructure_v3' retrieved from /opt/airflow/dags/setup_lakehouse_infrastructure_v3.py
[2026-07-23T00:47:49.215+0000] {logging_mixin.py:190} INFO - [2026-07-23T00:47:49.214+0000] {override.py:1900} INFO - Created Permission View: can edit on DAG:setup_lakehouse_infrastructure_v3
[2026-07-23T00:47:49.232+0000] {logging_mixin.py:190} INFO - [2026-07-23T00:47:49.231+0000] {override.py:1900} INFO - Created Permission View: can delete on DAG:setup_lakehouse_infrastructure_v3
[2026-07-23T00:47:49.244+0000] {logging_mixin.py:190} INFO - [2026-07-23T00:47:49.243+0000] {override.py:1900} INFO - Created Permission View: can read on DAG:setup_lakehouse_infrastructure_v3
[2026-07-23T00:47:49.257+0000] {logging_mixin.py:190} INFO - [2026-07-23T00:47:49.257+0000] {override.py:1900} INFO - Created Permission View: can delete on DAG Run:setup_lakehouse_infrastructure_v3
[2026-07-23T00:47:49.270+0000] {logging_mixin.py:190} INFO - [2026-07-23T00:47:49.269+0000] {override.py:1900} INFO - Created Permission View: menu access on DAG Run:setup_lakehouse_infrastructure_v3
[2026-07-23T00:47:49.282+0000] {logging_mixin.py:190} INFO - [2026-07-23T00:47:49.281+0000] {override.py:1900} INFO - Created Permission View: can create on DAG Run:setup_lakehouse_infrastructure_v3
[2026-07-23T00:47:49.294+0000] {logging_mixin.py:190} INFO - [2026-07-23T00:47:49.293+0000] {override.py:1900} INFO - Created Permission View: can read on DAG Run:setup_lakehouse_infrastructure_v3
[2026-07-23T00:47:49.295+0000] {logging_mixin.py:190} INFO - [2026-07-23T00:47:49.294+0000] {dag.py:3239} INFO - Sync 1 DAGs
[2026-07-23T00:47:49.318+0000] {logging_mixin.py:190} INFO - [2026-07-23T00:47:49.318+0000] {dag.py:3262} INFO - Creating ORM DAG for setup_lakehouse_infrastructure_v3
[2026-07-23T00:47:49.334+0000] {logging_mixin.py:190} INFO - [2026-07-23T00:47:49.334+0000] {dag.py:4180} INFO - Setting next_dagrun for setup_lakehouse_infrastructure_v3 to 2024-01-01 00:00:00+00:00, run_after=2024-01-01 00:00:00+00:00
[2026-07-23T00:47:49.538+0000] {processor.py:208} INFO - Processing /opt/airflow/dags/setup_lakehouse_infrastructure_v3.py took 0.513 seconds
[2026-07-23T00:48:19.725+0000] {processor.py:186} INFO - Started process (PID=283) to work on /opt/airflow/dags/setup_lakehouse_infrastructure_v3.py
[2026-07-23T00:48:19.727+0000] {processor.py:914} INFO - Processing file /opt/airflow/dags/setup_lakehouse_infrastructure_v3.py for tasks to queue
[2026-07-23T00:48:19.729+0000] {logging_mixin.py:190} INFO - [2026-07-23T00:48:19.729+0000] {dagbag.py:588} INFO - Filling up the DagBag from /opt/airflow/dags/setup_lakehouse_infrastructure_v3.py
[2026-07-23T00:48:19.757+0000] {processor.py:925} INFO - DAG(s) 'setup_lakehouse_infrastructure_v3' retrieved from /opt/airflow/dags/setup_lakehouse_infrastructure_v3.py
[2026-07-23T00:48:19.788+0000] {logging_mixin.py:190} INFO - [2026-07-23T00:48:19.787+0000] {dag.py:3239} INFO - Sync 1 DAGs
[2026-07-23T00:48:19.811+0000] {logging_mixin.py:190} INFO - [2026-07-23T00:48:19.811+0000] {dag.py:4180} INFO - Setting next_dagrun for setup_lakehouse_infrastructure_v3 to 2024-01-01 00:00:00+00:00, run_after=2024-01-01 00:00:00+00:00
[2026-07-23T00:48:19.832+0000] {processor.py:208} INFO - Processing /opt/airflow/dags/setup_lakehouse_infrastructure_v3.py took 0.116 seconds
[2026-07-23T00:48:50.239+0000] {processor.py:186} INFO - Started process (PID=394) to work on /opt/airflow/dags/setup_lakehouse_infrastructure_v3.py
[2026-07-23T00:48:50.240+0000] {processor.py:914} INFO - Processing file /opt/airflow/dags/setup_lakehouse_infrastructure_v3.py for tasks to queue
[2026-07-23T00:48:50.243+0000] {logging_mixin.py:190} INFO - [2026-07-23T00:48:50.243+0000] {dagbag.py:588} INFO - Filling up the DagBag from /opt/airflow/dags/setup_lakehouse_infrastructure_v3.py
[2026-07-23T00:48:50.273+0000] {processor.py:925} INFO - DAG(s) 'setup_lakehouse_infrastructure_v3' retrieved from /opt/airflow/dags/setup_lakehouse_infrastructure_v3.py
[2026-07-23T00:48:50.301+0000] {logging_mixin.py:190} INFO - [2026-07-23T00:48:50.301+0000] {dag.py:3239} INFO - Sync 1 DAGs
[2026-07-23T00:48:50.327+0000] {logging_mixin.py:190} INFO - [2026-07-23T00:48:50.327+0000] {dag.py:4180} INFO - Setting next_dagrun for setup_lakehouse_infrastructure_v3 to 2024-01-01 00:00:00+00:00, run_after=2024-01-01 00:00:00+00:00
[2026-07-23T00:48:50.354+0000] {processor.py:208} INFO - Processing /opt/airflow/dags/setup_lakehouse_infrastructure_v3.py took 0.122 seconds
[2026-07-23T00:49:20.808+0000] {processor.py:186} INFO - Started process (PID=508) to work on /opt/airflow/dags/setup_lakehouse_infrastructure_v3.py
[2026-07-23T00:49:20.810+0000] {processor.py:914} INFO - Processing file /opt/airflow/dags/setup_lakehouse_infrastructure_v3.py for tasks to queue
[2026-07-23T00:49:20.813+0000] {logging_mixin.py:190} INFO - [2026-07-23T00:49:20.813+0000] {dagbag.py:588} INFO - Filling up the DagBag from /opt/airflow/dags/setup_lakehouse_infrastructure_v3.py
[2026-07-23T00:49:20.851+0000] {processor.py:925} INFO - DAG(s) 'setup_lakehouse_infrastructure_v3' retrieved from /opt/airflow/dags/setup_lakehouse_infrastructure_v3.py
[2026-07-23T00:49:20.884+0000] {logging_mixin.py:190} INFO - [2026-07-23T00:49:20.883+0000] {dag.py:3239} INFO - Sync 1 DAGs
[2026-07-23T00:49:20.910+0000] {logging_mixin.py:190} INFO - [2026-07-23T00:49:20.909+0000] {dag.py:4180} INFO - Setting next_dagrun for setup_lakehouse_infrastructure_v3 to 2024-01-01 00:00:00+00:00, run_after=2024-01-01 00:00:00+00:00
[2026-07-23T00:49:20.951+0000] {processor.py:208} INFO - Processing /opt/airflow/dags/setup_lakehouse_infrastructure_v3.py took 0.149 seconds
[2026-07-23T00:49:51.220+0000] {processor.py:186} INFO - Started process (PID=623) to work on /opt/airflow/dags/setup_lakehouse_infrastructure_v3.py
[2026-07-23T00:49:51.221+0000] {processor.py:914} INFO - Processing file /opt/airflow/dags/setup_lakehouse_infrastructure_v3.py for tasks to queue
[2026-07-23T00:49:51.223+0000] {logging_mixin.py:190} INFO - [2026-07-23T00:49:51.222+0000] {dagbag.py:588} INFO - Filling up the DagBag from /opt/airflow/dags/setup_lakehouse_infrastructure_v3.py
[2026-07-23T00:49:51.245+0000] {processor.py:925} INFO - DAG(s) 'setup_lakehouse_infrastructure_v3' retrieved from /opt/airflow/dags/setup_lakehouse_infrastructure_v3.py
[2026-07-23T00:49:51.269+0000] {logging_mixin.py:190} INFO - [2026-07-23T00:49:51.269+0000] {dag.py:3239} INFO - Sync 1 DAGs
[2026-07-23T00:49:51.292+0000] {logging_mixin.py:190} INFO - [2026-07-23T00:49:51.292+0000] {dag.py:4180} INFO - Setting next_dagrun for setup_lakehouse_infrastructure_v3 to 2024-01-01 00:00:00+00:00, run_after=2024-01-01 00:00:00+00:00
[2026-07-23T00:49:51.325+0000] {processor.py:208} INFO - Processing /opt/airflow/dags/setup_lakehouse_infrastructure_v3.py took 0.111 seconds
[2026-07-23T00:50:22.153+0000] {processor.py:186} INFO - Started process (PID=737) to work on /opt/airflow/dags/setup_lakehouse_infrastructure_v3.py
[2026-07-23T00:50:22.154+0000] {processor.py:914} INFO - Processing file /opt/airflow/dags/setup_lakehouse_infrastructure_v3.py for tasks to queue
[2026-07-23T00:50:22.156+0000] {logging_mixin.py:190} INFO - [2026-07-23T00:50:22.156+0000] {dagbag.py:588} INFO - Filling up the DagBag from /opt/airflow/dags/setup_lakehouse_infrastructure_v3.py
[2026-07-23T00:50:22.179+0000] {processor.py:925} INFO - DAG(s) 'setup_lakehouse_infrastructure_v3' retrieved from /opt/airflow/dags/setup_lakehouse_infrastructure_v3.py
[2026-07-23T00:50:22.202+0000] {logging_mixin.py:190} INFO - [2026-07-23T00:50:22.202+0000] {dag.py:3239} INFO - Sync 1 DAGs
[2026-07-23T00:50:22.223+0000] {logging_mixin.py:190} INFO - [2026-07-23T00:50:22.223+0000] {dag.py:4180} INFO - Setting next_dagrun for setup_lakehouse_infrastructure_v3 to 2024-01-01 00:00:00+00:00, run_after=2024-01-01 00:00:00+00:00
[2026-07-23T00:50:22.240+0000] {processor.py:208} INFO - Processing /opt/airflow/dags/setup_lakehouse_infrastructure_v3.py took 0.093 seconds
[2026-07-23T00:50:52.473+0000] {processor.py:186} INFO - Started process (PID=850) to work on /opt/airflow/dags/setup_lakehouse_infrastructure_v3.py
[2026-07-23T00:50:52.474+0000] {processor.py:914} INFO - Processing file /opt/airflow/dags/setup_lakehouse_infrastructure_v3.py for tasks to queue
[2026-07-23T00:50:52.477+0000] {logging_mixin.py:190} INFO - [2026-07-23T00:50:52.477+0000] {dagbag.py:588} INFO - Filling up the DagBag from /opt/airflow/dags/setup_lakehouse_infrastructure_v3.py
[2026-07-23T00:50:52.507+0000] {processor.py:925} INFO - DAG(s) 'setup_lakehouse_infrastructure_v3' retrieved from /opt/airflow/dags/setup_lakehouse_infrastructure_v3.py
[2026-07-23T00:50:52.534+0000] {logging_mixin.py:190} INFO - [2026-07-23T00:50:52.534+0000] {dag.py:3239} INFO - Sync 1 DAGs
[2026-07-23T00:50:52.560+0000] {logging_mixin.py:190} INFO - [2026-07-23T00:50:52.560+0000] {dag.py:4180} INFO - Setting next_dagrun for setup_lakehouse_infrastructure_v3 to 2024-01-01 00:00:00+00:00, run_after=2024-01-01 00:00:00+00:00
[2026-07-23T00:50:52.584+0000] {processor.py:208} INFO - Processing /opt/airflow/dags/setup_lakehouse_infrastructure_v3.py took 0.117 seconds
[2026-07-23T00:51:23.158+0000] {processor.py:186} INFO - Started process (PID=966) to work on /opt/airflow/dags/setup_lakehouse_infrastructure_v3.py
[2026-07-23T00:51:23.159+0000] {processor.py:914} INFO - Processing file /opt/airflow/dags/setup_lakehouse_infrastructure_v3.py for tasks to queue
[2026-07-23T00:51:23.161+0000] {logging_mixin.py:190} INFO - [2026-07-23T00:51:23.161+0000] {dagbag.py:588} INFO - Filling up the DagBag from /opt/airflow/dags/setup_lakehouse_infrastructure_v3.py
[2026-07-23T00:51:23.194+0000] {processor.py:925} INFO - DAG(s) 'setup_lakehouse_infrastructure_v3' retrieved from /opt/airflow/dags/setup_lakehouse_infrastructure_v3.py
[2026-07-23T00:51:23.228+0000] {logging_mixin.py:190} INFO - [2026-07-23T00:51:23.228+0000] {dag.py:3239} INFO - Sync 1 DAGs
[2026-07-23T00:51:23.256+0000] {logging_mixin.py:190} INFO - [2026-07-23T00:51:23.255+0000] {dag.py:4180} INFO - Setting next_dagrun for setup_lakehouse_infrastructure_v3 to 2024-01-01 00:00:00+00:00, run_after=2024-01-01 00:00:00+00:00
[2026-07-23T00:51:23.282+0000] {processor.py:208} INFO - Processing /opt/airflow/dags/setup_lakehouse_infrastructure_v3.py took 0.130 seconds
[2026-07-23T00:51:53.885+0000] {processor.py:186} INFO - Started process (PID=1080) to work on /opt/airflow/dags/setup_lakehouse_infrastructure_v3.py
[2026-07-23T00:51:53.887+0000] {processor.py:914} INFO - Processing file /opt/airflow/dags/setup_lakehouse_infrastructure_v3.py for tasks to queue
[2026-07-23T00:51:53.890+0000] {logging_mixin.py:190} INFO - [2026-07-23T00:51:53.889+0000] {dagbag.py:588} INFO - Filling up the DagBag from /opt/airflow/dags/setup_lakehouse_infrastructure_v3.py
[2026-07-23T00:51:53.916+0000] {processor.py:925} INFO - DAG(s) 'setup_lakehouse_infrastructure_v3' retrieved from /opt/airflow/dags/setup_lakehouse_infrastructure_v3.py
[2026-07-23T00:51:53.945+0000] {logging_mixin.py:190} INFO - [2026-07-23T00:51:53.945+0000] {dag.py:3239} INFO - Sync 1 DAGs
[2026-07-23T00:51:53.973+0000] {logging_mixin.py:190} INFO - [2026-07-23T00:51:53.972+0000] {dag.py:4180} INFO - Setting next_dagrun for setup_lakehouse_infrastructure_v3 to 2024-01-01 00:00:00+00:00, run_after=2024-01-01 00:00:00+00:00
[2026-07-23T00:51:53.994+0000] {processor.py:208} INFO - Processing /opt/airflow/dags/setup_lakehouse_infrastructure_v3.py took 0.117 seconds
[2026-07-23T00:52:24.428+0000] {processor.py:186} INFO - Started process (PID=1193) to work on /opt/airflow/dags/setup_lakehouse_infrastructure_v3.py
[2026-07-23T00:52:24.428+0000] {processor.py:914} INFO - Processing file /opt/airflow/dags/setup_lakehouse_infrastructure_v3.py for tasks to queue
[2026-07-23T00:52:24.431+0000] {logging_mixin.py:190} INFO - [2026-07-23T00:52:24.431+0000] {dagbag.py:588} INFO - Filling up the DagBag from /opt/airflow/dags/setup_lakehouse_infrastructure_v3.py
[2026-07-23T00:52:24.461+0000] {processor.py:925} INFO - DAG(s) 'setup_lakehouse_infrastructure_v3' retrieved from /opt/airflow/dags/setup_lakehouse_infrastructure_v3.py
[2026-07-23T00:52:24.489+0000] {logging_mixin.py:190} INFO - [2026-07-23T00:52:24.488+0000] {dag.py:3239} INFO - Sync 1 DAGs
[2026-07-23T00:52:24.513+0000] {logging_mixin.py:190} INFO - [2026-07-23T00:52:24.513+0000] {dag.py:4180} INFO - Setting next_dagrun for setup_lakehouse_infrastructure_v3 to 2024-01-01 00:00:00+00:00, run_after=2024-01-01 00:00:00+00:00
[2026-07-23T00:52:24.541+0000] {processor.py:208} INFO - Processing /opt/airflow/dags/setup_lakehouse_infrastructure_v3.py took 0.119 seconds
[2026-07-23T00:52:54.744+0000] {processor.py:186} INFO - Started process (PID=1309) to work on /opt/airflow/dags/setup_lakehouse_infrastructure_v3.py
[2026-07-23T00:52:54.745+0000] {processor.py:914} INFO - Processing file /opt/airflow/dags/setup_lakehouse_infrastructure_v3.py for tasks to queue
[2026-07-23T00:52:54.750+0000] {logging_mixin.py:190} INFO - [2026-07-23T00:52:54.750+0000] {dagbag.py:588} INFO - Filling up the DagBag from /opt/airflow/dags/setup_lakehouse_infrastructure_v3.py
[2026-07-23T00:52:54.779+0000] {processor.py:925} INFO - DAG(s) 'setup_lakehouse_infrastructure_v3' retrieved from /opt/airflow/dags/setup_lakehouse_infrastructure_v3.py
[2026-07-23T00:52:54.813+0000] {logging_mixin.py:190} INFO - [2026-07-23T00:52:54.812+0000] {dag.py:3239} INFO - Sync 1 DAGs
[2026-07-23T00:52:54.844+0000] {logging_mixin.py:190} INFO - [2026-07-23T00:52:54.844+0000] {dag.py:4180} INFO - Setting next_dagrun for setup_lakehouse_infrastructure_v3 to 2024-01-01 00:00:00+00:00, run_after=2024-01-01 00:00:00+00:00
[2026-07-23T00:52:54.872+0000] {processor.py:208} INFO - Processing /opt/airflow/dags/setup_lakehouse_infrastructure_v3.py took 0.140 seconds
[2026-07-23T00:53:25.098+0000] {processor.py:186} INFO - Started process (PID=1425) to work on /opt/airflow/dags/setup_lakehouse_infrastructure_v3.py
[2026-07-23T00:53:25.099+0000] {processor.py:914} INFO - Processing file /opt/airflow/dags/setup_lakehouse_infrastructure_v3.py for tasks to queue
[2026-07-23T00:53:25.102+0000] {logging_mixin.py:190} INFO - [2026-07-23T00:53:25.102+0000] {dagbag.py:588} INFO - Filling up the DagBag from /opt/airflow/dags/setup_lakehouse_infrastructure_v3.py
[2026-07-23T00:53:25.132+0000] {processor.py:925} INFO - DAG(s) 'setup_lakehouse_infrastructure_v3' retrieved from /opt/airflow/dags/setup_lakehouse_infrastructure_v3.py
[2026-07-23T00:53:25.166+0000] {logging_mixin.py:190} INFO - [2026-07-23T00:53:25.166+0000] {dag.py:3239} INFO - Sync 1 DAGs
[2026-07-23T00:53:25.193+0000] {logging_mixin.py:190} INFO - [2026-07-23T00:53:25.193+0000] {dag.py:4180} INFO - Setting next_dagrun for setup_lakehouse_infrastructure_v3 to None, run_after=None
[2026-07-23T00:53:25.214+0000] {processor.py:208} INFO - Processing /opt/airflow/dags/setup_lakehouse_infrastructure_v3.py took 0.122 seconds
[2026-07-23T01:55:59.425+0000] {processor.py:186} INFO - Started process (PID=170) to work on /opt/airflow/dags/setup_lakehouse_infrastructure_v3.py
[2026-07-23T01:55:59.427+0000] {processor.py:914} INFO - Processing file /opt/airflow/dags/setup_lakehouse_infrastructure_v3.py for tasks to queue
[2026-07-23T01:55:59.431+0000] {logging_mixin.py:190} INFO - [2026-07-23T01:55:59.430+0000] {dagbag.py:588} INFO - Filling up the DagBag from /opt/airflow/dags/setup_lakehouse_infrastructure_v3.py
[2026-07-23T01:55:59.478+0000] {processor.py:925} INFO - DAG(s) 'setup_lakehouse_infrastructure_v3' retrieved from /opt/airflow/dags/setup_lakehouse_infrastructure_v3.py
[2026-07-23T01:55:59.558+0000] {logging_mixin.py:190} INFO - [2026-07-23T01:55:59.557+0000] {override.py:1900} INFO - Created Permission View: can read on DAG:setup_lakehouse_infrastructure_v3
[2026-07-23T01:55:59.571+0000] {logging_mixin.py:190} INFO - [2026-07-23T01:55:59.571+0000] {override.py:1900} INFO - Created Permission View: can delete on DAG:setup_lakehouse_infrastructure_v3
[2026-07-23T01:55:59.580+0000] {logging_mixin.py:190} INFO - [2026-07-23T01:55:59.580+0000] {override.py:1900} INFO - Created Permission View: can edit on DAG:setup_lakehouse_infrastructure_v3
[2026-07-23T01:55:59.591+0000] {logging_mixin.py:190} INFO - [2026-07-23T01:55:59.590+0000] {override.py:1900} INFO - Created Permission View: can read on DAG Run:setup_lakehouse_infrastructure_v3
[2026-07-23T01:55:59.601+0000] {logging_mixin.py:190} INFO - [2026-07-23T01:55:59.601+0000] {override.py:1900} INFO - Created Permission View: can delete on DAG Run:setup_lakehouse_infrastructure_v3
[2026-07-23T01:55:59.610+0000] {logging_mixin.py:190} INFO - [2026-07-23T01:55:59.610+0000] {override.py:1900} INFO - Created Permission View: can create on DAG Run:setup_lakehouse_infrastructure_v3
[2026-07-23T01:55:59.623+0000] {logging_mixin.py:190} INFO - [2026-07-23T01:55:59.623+0000] {override.py:1900} INFO - Created Permission View: menu access on DAG Run:setup_lakehouse_infrastructure_v3
[2026-07-23T01:55:59.625+0000] {logging_mixin.py:190} INFO - [2026-07-23T01:55:59.624+0000] {dag.py:3239} INFO - Sync 1 DAGs
[2026-07-23T01:55:59.642+0000] {logging_mixin.py:190} INFO - [2026-07-23T01:55:59.642+0000] {dag.py:3262} INFO - Creating ORM DAG for setup_lakehouse_infrastructure_v3
[2026-07-23T01:55:59.655+0000] {logging_mixin.py:190} INFO - [2026-07-23T01:55:59.655+0000] {dag.py:4180} INFO - Setting next_dagrun for setup_lakehouse_infrastructure_v3 to 2024-01-01 00:00:00+00:00, run_after=2024-01-01 00:00:00+00:00
[2026-07-23T01:55:59.872+0000] {processor.py:208} INFO - Processing /opt/airflow/dags/setup_lakehouse_infrastructure_v3.py took 0.456 seconds
[2026-07-23T01:56:30.710+0000] {processor.py:186} INFO - Started process (PID=288) to work on /opt/airflow/dags/setup_lakehouse_infrastructure_v3.py
[2026-07-23T01:56:30.712+0000] {processor.py:914} INFO - Processing file /opt/airflow/dags/setup_lakehouse_infrastructure_v3.py for tasks to queue
[2026-07-23T01:56:30.714+0000] {logging_mixin.py:190} INFO - [2026-07-23T01:56:30.714+0000] {dagbag.py:588} INFO - Filling up the DagBag from /opt/airflow/dags/setup_lakehouse_infrastructure_v3.py
[2026-07-23T01:56:30.748+0000] {processor.py:925} INFO - DAG(s) 'setup_lakehouse_infrastructure_v3' retrieved from /opt/airflow/dags/setup_lakehouse_infrastructure_v3.py
[2026-07-23T01:56:30.779+0000] {logging_mixin.py:190} INFO - [2026-07-23T01:56:30.779+0000] {dag.py:3239} INFO - Sync 1 DAGs
[2026-07-23T01:56:30.799+0000] {logging_mixin.py:190} INFO - [2026-07-23T01:56:30.799+0000] {dag.py:4180} INFO - Setting next_dagrun for setup_lakehouse_infrastructure_v3 to 2024-01-01 00:00:00+00:00, run_after=2024-01-01 00:00:00+00:00
[2026-07-23T01:56:30.818+0000] {processor.py:208} INFO - Processing /opt/airflow/dags/setup_lakehouse_infrastructure_v3.py took 0.116 seconds
[2026-07-23T01:57:01.563+0000] {processor.py:186} INFO - Started process (PID=397) to work on /opt/airflow/dags/setup_lakehouse_infrastructure_v3.py
[2026-07-23T01:57:01.564+0000] {processor.py:914} INFO - Processing file /opt/airflow/dags/setup_lakehouse_infrastructure_v3.py for tasks to queue
[2026-07-23T01:57:01.566+0000] {logging_mixin.py:190} INFO - [2026-07-23T01:57:01.566+0000] {dagbag.py:588} INFO - Filling up the DagBag from /opt/airflow/dags/setup_lakehouse_infrastructure_v3.py
[2026-07-23T01:57:01.594+0000] {processor.py:925} INFO - DAG(s) 'setup_lakehouse_infrastructure_v3' retrieved from /opt/airflow/dags/setup_lakehouse_infrastructure_v3.py
[2026-07-23T01:57:01.623+0000] {logging_mixin.py:190} INFO - [2026-07-23T01:57:01.623+0000] {dag.py:3239} INFO - Sync 1 DAGs
[2026-07-23T01:57:01.645+0000] {logging_mixin.py:190} INFO - [2026-07-23T01:57:01.645+0000] {dag.py:4180} INFO - Setting next_dagrun for setup_lakehouse_infrastructure_v3 to 2024-01-01 00:00:00+00:00, run_after=2024-01-01 00:00:00+00:00
[2026-07-23T01:57:01.669+0000] {processor.py:208} INFO - Processing /opt/airflow/dags/setup_lakehouse_infrastructure_v3.py took 0.112 seconds
[2026-07-23T01:57:32.255+0000] {processor.py:186} INFO - Started process (PID=519) to work on /opt/airflow/dags/setup_lakehouse_infrastructure_v3.py
[2026-07-23T01:57:32.255+0000] {processor.py:914} INFO - Processing file /opt/airflow/dags/setup_lakehouse_infrastructure_v3.py for tasks to queue
[2026-07-23T01:57:32.257+0000] {logging_mixin.py:190} INFO - [2026-07-23T01:57:32.257+0000] {dagbag.py:588} INFO - Filling up the DagBag from /opt/airflow/dags/setup_lakehouse_infrastructure_v3.py
[2026-07-23T01:57:32.280+0000] {processor.py:925} INFO - DAG(s) 'setup_lakehouse_infrastructure_v3' retrieved from /opt/airflow/dags/setup_lakehouse_infrastructure_v3.py
[2026-07-23T01:57:32.303+0000] {logging_mixin.py:190} INFO - [2026-07-23T01:57:32.303+0000] {dag.py:3239} INFO - Sync 1 DAGs
[2026-07-23T01:57:32.323+0000] {logging_mixin.py:190} INFO - [2026-07-23T01:57:32.323+0000] {dag.py:4180} INFO - Setting next_dagrun for setup_lakehouse_infrastructure_v3 to None, run_after=None
[2026-07-23T01:57:32.340+0000] {processor.py:208} INFO - Processing /opt/airflow/dags/setup_lakehouse_infrastructure_v3.py took 0.091 seconds
[2026-07-23T01:58:02.618+0000] {processor.py:186} INFO - Started process (PID=630) to work on /opt/airflow/dags/setup_lakehouse_infrastructure_v3.py
[2026-07-23T01:58:02.619+0000] {processor.py:914} INFO - Processing file /opt/airflow/dags/setup_lakehouse_infrastructure_v3.py for tasks to queue
[2026-07-23T01:58:02.621+0000] {logging_mixin.py:190} INFO - [2026-07-23T01:58:02.621+0000] {dagbag.py:588} INFO - Filling up the DagBag from /opt/airflow/dags/setup_lakehouse_infrastructure_v3.py
[2026-07-23T01:58:02.648+0000] {processor.py:925} INFO - DAG(s) 'setup_lakehouse_infrastructure_v3' retrieved from /opt/airflow/dags/setup_lakehouse_infrastructure_v3.py
[2026-07-23T01:58:02.676+0000] {logging_mixin.py:190} INFO - [2026-07-23T01:58:02.676+0000] {dag.py:3239} INFO - Sync 1 DAGs
[2026-07-23T01:58:02.699+0000] {logging_mixin.py:190} INFO - [2026-07-23T01:58:02.699+0000] {dag.py:4180} INFO - Setting next_dagrun for setup_lakehouse_infrastructure_v3 to None, run_after=None
[2026-07-23T01:58:02.720+0000] {processor.py:208} INFO - Processing /opt/airflow/dags/setup_lakehouse_infrastructure_v3.py took 0.108 seconds
[2026-07-23T01:58:33.660+0000] {processor.py:186} INFO - Started process (PID=746) to work on /opt/airflow/dags/setup_lakehouse_infrastructure_v3.py
[2026-07-23T01:58:33.661+0000] {processor.py:914} INFO - Processing file /opt/airflow/dags/setup_lakehouse_infrastructure_v3.py for tasks to queue
[2026-07-23T01:58:33.664+0000] {logging_mixin.py:190} INFO - [2026-07-23T01:58:33.664+0000] {dagbag.py:588} INFO - Filling up the DagBag from /opt/airflow/dags/setup_lakehouse_infrastructure_v3.py
[2026-07-23T01:58:33.691+0000] {processor.py:925} INFO - DAG(s) 'setup_lakehouse_infrastructure_v3' retrieved from /opt/airflow/dags/setup_lakehouse_infrastructure_v3.py
[2026-07-23T01:58:33.716+0000] {logging_mixin.py:190} INFO - [2026-07-23T01:58:33.716+0000] {dag.py:3239} INFO - Sync 1 DAGs
[2026-07-23T01:58:33.738+0000] {logging_mixin.py:190} INFO - [2026-07-23T01:58:33.737+0000] {dag.py:4180} INFO - Setting next_dagrun for setup_lakehouse_infrastructure_v3 to None, run_after=None
[2026-07-23T01:58:33.757+0000] {processor.py:208} INFO - Processing /opt/airflow/dags/setup_lakehouse_infrastructure_v3.py took 0.104 seconds
[2026-07-23T01:59:04.636+0000] {processor.py:186} INFO - Started process (PID=862) to work on /opt/airflow/dags/setup_lakehouse_infrastructure_v3.py
[2026-07-23T01:59:04.637+0000] {processor.py:914} INFO - Processing file /opt/airflow/dags/setup_lakehouse_infrastructure_v3.py for tasks to queue
[2026-07-23T01:59:04.639+0000] {logging_mixin.py:190} INFO - [2026-07-23T01:59:04.639+0000] {dagbag.py:588} INFO - Filling up the DagBag from /opt/airflow/dags/setup_lakehouse_infrastructure_v3.py
[2026-07-23T01:59:04.665+0000] {processor.py:925} INFO - DAG(s) 'setup_lakehouse_infrastructure_v3' retrieved from /opt/airflow/dags/setup_lakehouse_infrastructure_v3.py
[2026-07-23T01:59:04.692+0000] {logging_mixin.py:190} INFO - [2026-07-23T01:59:04.692+0000] {dag.py:3239} INFO - Sync 1 DAGs
[2026-07-23T01:59:04.717+0000] {logging_mixin.py:190} INFO - [2026-07-23T01:59:04.716+0000] {dag.py:4180} INFO - Setting next_dagrun for setup_lakehouse_infrastructure_v3 to None, run_after=None
[2026-07-23T01:59:04.739+0000] {processor.py:208} INFO - Processing /opt/airflow/dags/setup_lakehouse_infrastructure_v3.py took 0.109 seconds
[2026-07-23T01:59:35.604+0000] {processor.py:186} INFO - Started process (PID=978) to work on /opt/airflow/dags/setup_lakehouse_infrastructure_v3.py
[2026-07-23T01:59:35.605+0000] {processor.py:914} INFO - Processing file /opt/airflow/dags/setup_lakehouse_infrastructure_v3.py for tasks to queue
[2026-07-23T01:59:35.607+0000] {logging_mixin.py:190} INFO - [2026-07-23T01:59:35.607+0000] {dagbag.py:588} INFO - Filling up the DagBag from /opt/airflow/dags/setup_lakehouse_infrastructure_v3.py
[2026-07-23T01:59:35.633+0000] {processor.py:925} INFO - DAG(s) 'setup_lakehouse_infrastructure_v3' retrieved from /opt/airflow/dags/setup_lakehouse_infrastructure_v3.py
[2026-07-23T01:59:35.656+0000] {logging_mixin.py:190} INFO - [2026-07-23T01:59:35.656+0000] {dag.py:3239} INFO - Sync 1 DAGs
[2026-07-23T01:59:35.679+0000] {logging_mixin.py:190} INFO - [2026-07-23T01:59:35.679+0000] {dag.py:4180} INFO - Setting next_dagrun for setup_lakehouse_infrastructure_v3 to None, run_after=None
[2026-07-23T01:59:35.698+0000] {processor.py:208} INFO - Processing /opt/airflow/dags/setup_lakehouse_infrastructure_v3.py took 0.101 seconds
[2026-07-23T02:00:05.829+0000] {processor.py:186} INFO - Started process (PID=1091) to work on /opt/airflow/dags/setup_lakehouse_infrastructure_v3.py
[2026-07-23T02:00:05.831+0000] {processor.py:914} INFO - Processing file /opt/airflow/dags/setup_lakehouse_infrastructure_v3.py for tasks to queue
[2026-07-23T02:00:05.833+0000] {logging_mixin.py:190} INFO - [2026-07-23T02:00:05.833+0000] {dagbag.py:588} INFO - Filling up the DagBag from /opt/airflow/dags/setup_lakehouse_infrastructure_v3.py
[2026-07-23T02:00:05.864+0000] {processor.py:925} INFO - DAG(s) 'setup_lakehouse_infrastructure_v3' retrieved from /opt/airflow/dags/setup_lakehouse_infrastructure_v3.py
[2026-07-23T02:00:05.885+0000] {logging_mixin.py:190} INFO - [2026-07-23T02:00:05.885+0000] {dag.py:3239} INFO - Sync 1 DAGs
[2026-07-23T02:00:05.906+0000] {logging_mixin.py:190} INFO - [2026-07-23T02:00:05.906+0000] {dag.py:4180} INFO - Setting next_dagrun for setup_lakehouse_infrastructure_v3 to None, run_after=None
[2026-07-23T02:00:05.930+0000] {processor.py:208} INFO - Processing /opt/airflow/dags/setup_lakehouse_infrastructure_v3.py took 0.106 seconds
[2026-07-23T02:00:36.124+0000] {processor.py:186} INFO - Started process (PID=1205) to work on /opt/airflow/dags/setup_lakehouse_infrastructure_v3.py
[2026-07-23T02:00:36.125+0000] {processor.py:914} INFO - Processing file /opt/airflow/dags/setup_lakehouse_infrastructure_v3.py for tasks to queue
[2026-07-23T02:00:36.127+0000] {logging_mixin.py:190} INFO - [2026-07-23T02:00:36.127+0000] {dagbag.py:588} INFO - Filling up the DagBag from /opt/airflow/dags/setup_lakehouse_infrastructure_v3.py
[2026-07-23T02:00:36.157+0000] {processor.py:925} INFO - DAG(s) 'setup_lakehouse_infrastructure_v3' retrieved from /opt/airflow/dags/setup_lakehouse_infrastructure_v3.py
[2026-07-23T02:00:36.184+0000] {logging_mixin.py:190} INFO - [2026-07-23T02:00:36.183+0000] {dag.py:3239} INFO - Sync 1 DAGs
[2026-07-23T02:00:36.209+0000] {logging_mixin.py:190} INFO - [2026-07-23T02:00:36.209+0000] {dag.py:4180} INFO - Setting next_dagrun for setup_lakehouse_infrastructure_v3 to None, run_after=None
[2026-07-23T02:00:36.233+0000] {processor.py:208} INFO - Processing /opt/airflow/dags/setup_lakehouse_infrastructure_v3.py took 0.115 seconds
[2026-07-23T02:01:07.338+0000] {processor.py:186} INFO - Started process (PID=1321) to work on /opt/airflow/dags/setup_lakehouse_infrastructure_v3.py
[2026-07-23T02:01:07.339+0000] {processor.py:914} INFO - Processing file /opt/airflow/dags/setup_lakehouse_infrastructure_v3.py for tasks to queue
[2026-07-23T02:01:07.341+0000] {logging_mixin.py:190} INFO - [2026-07-23T02:01:07.341+0000] {dagbag.py:588} INFO - Filling up the DagBag from /opt/airflow/dags/setup_lakehouse_infrastructure_v3.py
[2026-07-23T02:01:07.364+0000] {processor.py:925} INFO - DAG(s) 'setup_lakehouse_infrastructure_v3' retrieved from /opt/airflow/dags/setup_lakehouse_infrastructure_v3.py
[2026-07-23T02:01:07.386+0000] {logging_mixin.py:190} INFO - [2026-07-23T02:01:07.386+0000] {dag.py:3239} INFO - Sync 1 DAGs
[2026-07-23T02:01:07.407+0000] {logging_mixin.py:190} INFO - [2026-07-23T02:01:07.407+0000] {dag.py:4180} INFO - Setting next_dagrun for setup_lakehouse_infrastructure_v3 to None, run_after=None
[2026-07-23T02:01:07.425+0000] {processor.py:208} INFO - Processing /opt/airflow/dags/setup_lakehouse_infrastructure_v3.py took 0.093 seconds
[2026-07-23T02:01:37.564+0000] {processor.py:186} INFO - Started process (PID=1606) to work on /opt/airflow/dags/setup_lakehouse_infrastructure_v3.py
[2026-07-23T02:01:37.566+0000] {processor.py:914} INFO - Processing file /opt/airflow/dags/setup_lakehouse_infrastructure_v3.py for tasks to queue
[2026-07-23T02:01:37.569+0000] {logging_mixin.py:190} INFO - [2026-07-23T02:01:37.569+0000] {dagbag.py:588} INFO - Filling up the DagBag from /opt/airflow/dags/setup_lakehouse_infrastructure_v3.py
[2026-07-23T02:01:37.604+0000] {processor.py:925} INFO - DAG(s) 'setup_lakehouse_infrastructure_v3' retrieved from /opt/airflow/dags/setup_lakehouse_infrastructure_v3.py
[2026-07-23T02:01:37.640+0000] {logging_mixin.py:190} INFO - [2026-07-23T02:01:37.640+0000] {dag.py:3239} INFO - Sync 1 DAGs
[2026-07-23T02:01:37.667+0000] {logging_mixin.py:190} INFO - [2026-07-23T02:01:37.666+0000] {dag.py:4180} INFO - Setting next_dagrun for setup_lakehouse_infrastructure_v3 to None, run_after=None
[2026-07-23T02:01:37.692+0000] {processor.py:208} INFO - Processing /opt/airflow/dags/setup_lakehouse_infrastructure_v3.py took 0.137 seconds
[2026-07-23T02:02:08.469+0000] {processor.py:186} INFO - Started process (PID=1887) to work on /opt/airflow/dags/setup_lakehouse_infrastructure_v3.py
[2026-07-23T02:02:08.470+0000] {processor.py:914} INFO - Processing file /opt/airflow/dags/setup_lakehouse_infrastructure_v3.py for tasks to queue
[2026-07-23T02:02:08.473+0000] {logging_mixin.py:190} INFO - [2026-07-23T02:02:08.473+0000] {dagbag.py:588} INFO - Filling up the DagBag from /opt/airflow/dags/setup_lakehouse_infrastructure_v3.py
[2026-07-23T02:02:08.501+0000] {processor.py:925} INFO - DAG(s) 'setup_lakehouse_infrastructure_v3' retrieved from /opt/airflow/dags/setup_lakehouse_infrastructure_v3.py
[2026-07-23T02:02:08.531+0000] {logging_mixin.py:190} INFO - [2026-07-23T02:02:08.530+0000] {dag.py:3239} INFO - Sync 1 DAGs
[2026-07-23T02:02:08.558+0000] {logging_mixin.py:190} INFO - [2026-07-23T02:02:08.558+0000] {dag.py:4180} INFO - Setting next_dagrun for setup_lakehouse_infrastructure_v3 to None, run_after=None
[2026-07-23T02:02:08.584+0000] {processor.py:208} INFO - Processing /opt/airflow/dags/setup_lakehouse_infrastructure_v3.py took 0.122 seconds
[2026-07-23T02:02:38.679+0000] {processor.py:186} INFO - Started process (PID=2013) to work on /opt/airflow/dags/setup_lakehouse_infrastructure_v3.py
[2026-07-23T02:02:38.680+0000] {processor.py:914} INFO - Processing file /opt/airflow/dags/setup_lakehouse_infrastructure_v3.py for tasks to queue
[2026-07-23T02:02:38.682+0000] {logging_mixin.py:190} INFO - [2026-07-23T02:02:38.682+0000] {dagbag.py:588} INFO - Filling up the DagBag from /opt/airflow/dags/setup_lakehouse_infrastructure_v3.py
[2026-07-23T02:02:38.714+0000] {processor.py:925} INFO - DAG(s) 'setup_lakehouse_infrastructure_v3' retrieved from /opt/airflow/dags/setup_lakehouse_infrastructure_v3.py
[2026-07-23T02:02:38.743+0000] {logging_mixin.py:190} INFO - [2026-07-23T02:02:38.742+0000] {dag.py:3239} INFO - Sync 1 DAGs
[2026-07-23T02:02:38.766+0000] {logging_mixin.py:190} INFO - [2026-07-23T02:02:38.766+0000] {dag.py:4180} INFO - Setting next_dagrun for setup_lakehouse_infrastructure_v3 to None, run_after=None
[2026-07-23T02:02:38.787+0000] {processor.py:208} INFO - Processing /opt/airflow/dags/setup_lakehouse_infrastructure_v3.py took 0.114 seconds
[2026-07-23T02:03:09.564+0000] {processor.py:186} INFO - Started process (PID=2161) to work on /opt/airflow/dags/setup_lakehouse_infrastructure_v3.py
[2026-07-23T02:03:09.566+0000] {processor.py:914} INFO - Processing file /opt/airflow/dags/setup_lakehouse_infrastructure_v3.py for tasks to queue
[2026-07-23T02:03:09.571+0000] {logging_mixin.py:190} INFO - [2026-07-23T02:03:09.570+0000] {dagbag.py:588} INFO - Filling up the DagBag from /opt/airflow/dags/setup_lakehouse_infrastructure_v3.py
[2026-07-23T02:03:09.624+0000] {processor.py:925} INFO - DAG(s) 'setup_lakehouse_infrastructure_v3' retrieved from /opt/airflow/dags/setup_lakehouse_infrastructure_v3.py
[2026-07-23T02:03:09.696+0000] {logging_mixin.py:190} INFO - [2026-07-23T02:03:09.695+0000] {dag.py:3239} INFO - Sync 1 DAGs
[2026-07-23T02:03:09.755+0000] {logging_mixin.py:190} INFO - [2026-07-23T02:03:09.754+0000] {dag.py:4180} INFO - Setting next_dagrun for setup_lakehouse_infrastructure_v3 to None, run_after=None
[2026-07-23T02:03:09.786+0000] {processor.py:208} INFO - Processing /opt/airflow/dags/setup_lakehouse_infrastructure_v3.py took 0.228 seconds
[2026-07-23T02:03:40.082+0000] {processor.py:186} INFO - Started process (PID=2341) to work on /opt/airflow/dags/setup_lakehouse_infrastructure_v3.py
[2026-07-23T02:03:40.083+0000] {processor.py:914} INFO - Processing file /opt/airflow/dags/setup_lakehouse_infrastructure_v3.py for tasks to queue
[2026-07-23T02:03:40.086+0000] {logging_mixin.py:190} INFO - [2026-07-23T02:03:40.085+0000] {dagbag.py:588} INFO - Filling up the DagBag from /opt/airflow/dags/setup_lakehouse_infrastructure_v3.py
[2026-07-23T02:03:40.120+0000] {processor.py:925} INFO - DAG(s) 'setup_lakehouse_infrastructure_v3' retrieved from /opt/airflow/dags/setup_lakehouse_infrastructure_v3.py
[2026-07-23T02:03:40.144+0000] {logging_mixin.py:190} INFO - [2026-07-23T02:03:40.144+0000] {dag.py:3239} INFO - Sync 1 DAGs
[2026-07-23T02:03:40.166+0000] {logging_mixin.py:190} INFO - [2026-07-23T02:03:40.166+0000] {dag.py:4180} INFO - Setting next_dagrun for setup_lakehouse_infrastructure_v3 to None, run_after=None
[2026-07-23T02:03:40.192+0000] {processor.py:208} INFO - Processing /opt/airflow/dags/setup_lakehouse_infrastructure_v3.py took 0.115 seconds
[2026-07-23T02:04:10.299+0000] {processor.py:186} INFO - Started process (PID=2488) to work on /opt/airflow/dags/setup_lakehouse_infrastructure_v3.py
[2026-07-23T02:04:10.300+0000] {processor.py:914} INFO - Processing file /opt/airflow/dags/setup_lakehouse_infrastructure_v3.py for tasks to queue
[2026-07-23T02:04:10.302+0000] {logging_mixin.py:190} INFO - [2026-07-23T02:04:10.302+0000] {dagbag.py:588} INFO - Filling up the DagBag from /opt/airflow/dags/setup_lakehouse_infrastructure_v3.py
[2026-07-23T02:04:10.330+0000] {processor.py:925} INFO - DAG(s) 'setup_lakehouse_infrastructure_v3' retrieved from /opt/airflow/dags/setup_lakehouse_infrastructure_v3.py
[2026-07-23T02:04:10.355+0000] {logging_mixin.py:190} INFO - [2026-07-23T02:04:10.355+0000] {dag.py:3239} INFO - Sync 1 DAGs
[2026-07-23T02:04:10.376+0000] {logging_mixin.py:190} INFO - [2026-07-23T02:04:10.376+0000] {dag.py:4180} INFO - Setting next_dagrun for setup_lakehouse_infrastructure_v3 to None, run_after=None
[2026-07-23T02:04:10.397+0000] {processor.py:208} INFO - Processing /opt/airflow/dags/setup_lakehouse_infrastructure_v3.py took 0.104 seconds
[2026-07-23T02:04:40.491+0000] {processor.py:186} INFO - Started process (PID=2604) to work on /opt/airflow/dags/setup_lakehouse_infrastructure_v3.py
[2026-07-23T02:04:40.492+0000] {processor.py:914} INFO - Processing file /opt/airflow/dags/setup_lakehouse_infrastructure_v3.py for tasks to queue
[2026-07-23T02:04:40.495+0000] {logging_mixin.py:190} INFO - [2026-07-23T02:04:40.494+0000] {dagbag.py:588} INFO - Filling up the DagBag from /opt/airflow/dags/setup_lakehouse_infrastructure_v3.py
[2026-07-23T02:04:40.520+0000] {processor.py:925} INFO - DAG(s) 'setup_lakehouse_infrastructure_v3' retrieved from /opt/airflow/dags/setup_lakehouse_infrastructure_v3.py
[2026-07-23T02:04:40.545+0000] {logging_mixin.py:190} INFO - [2026-07-23T02:04:40.545+0000] {dag.py:3239} INFO - Sync 1 DAGs
[2026-07-23T02:04:40.568+0000] {logging_mixin.py:190} INFO - [2026-07-23T02:04:40.568+0000] {dag.py:4180} INFO - Setting next_dagrun for setup_lakehouse_infrastructure_v3 to None, run_after=None
[2026-07-23T02:04:40.590+0000] {processor.py:208} INFO - Processing /opt/airflow/dags/setup_lakehouse_infrastructure_v3.py took 0.104 seconds
[2026-07-23T02:05:11.227+0000] {processor.py:186} INFO - Started process (PID=2735) to work on /opt/airflow/dags/setup_lakehouse_infrastructure_v3.py
[2026-07-23T02:05:11.227+0000] {processor.py:914} INFO - Processing file /opt/airflow/dags/setup_lakehouse_infrastructure_v3.py for tasks to queue
[2026-07-23T02:05:11.229+0000] {logging_mixin.py:190} INFO - [2026-07-23T02:05:11.229+0000] {dagbag.py:588} INFO - Filling up the DagBag from /opt/airflow/dags/setup_lakehouse_infrastructure_v3.py
[2026-07-23T02:05:11.253+0000] {processor.py:925} INFO - DAG(s) 'setup_lakehouse_infrastructure_v3' retrieved from /opt/airflow/dags/setup_lakehouse_infrastructure_v3.py
[2026-07-23T02:05:11.275+0000] {logging_mixin.py:190} INFO - [2026-07-23T02:05:11.275+0000] {dag.py:3239} INFO - Sync 1 DAGs
[2026-07-23T02:05:11.294+0000] {logging_mixin.py:190} INFO - [2026-07-23T02:05:11.294+0000] {dag.py:4180} INFO - Setting next_dagrun for setup_lakehouse_infrastructure_v3 to None, run_after=None
[2026-07-23T02:05:11.310+0000] {processor.py:208} INFO - Processing /opt/airflow/dags/setup_lakehouse_infrastructure_v3.py took 0.089 seconds
[2026-07-23T02:05:41.820+0000] {processor.py:186} INFO - Started process (PID=2846) to work on /opt/airflow/dags/setup_lakehouse_infrastructure_v3.py
[2026-07-23T02:05:41.821+0000] {processor.py:914} INFO - Processing file /opt/airflow/dags/setup_lakehouse_infrastructure_v3.py for tasks to queue
[2026-07-23T02:05:41.824+0000] {logging_mixin.py:190} INFO - [2026-07-23T02:05:41.824+0000] {dagbag.py:588} INFO - Filling up the DagBag from /opt/airflow/dags/setup_lakehouse_infrastructure_v3.py
[2026-07-23T02:05:41.852+0000] {processor.py:925} INFO - DAG(s) 'setup_lakehouse_infrastructure_v3' retrieved from /opt/airflow/dags/setup_lakehouse_infrastructure_v3.py
[2026-07-23T02:05:41.881+0000] {logging_mixin.py:190} INFO - [2026-07-23T02:05:41.880+0000] {dag.py:3239} INFO - Sync 1 DAGs
[2026-07-23T02:05:41.906+0000] {logging_mixin.py:190} INFO - [2026-07-23T02:05:41.905+0000] {dag.py:4180} INFO - Setting next_dagrun for setup_lakehouse_infrastructure_v3 to None, run_after=None
[2026-07-23T02:05:41.927+0000] {processor.py:208} INFO - Processing /opt/airflow/dags/setup_lakehouse_infrastructure_v3.py took 0.112 seconds
[2026-07-23T02:06:12.395+0000] {processor.py:186} INFO - Started process (PID=2962) to work on /opt/airflow/dags/setup_lakehouse_infrastructure_v3.py
[2026-07-23T02:06:12.396+0000] {processor.py:914} INFO - Processing file /opt/airflow/dags/setup_lakehouse_infrastructure_v3.py for tasks to queue
[2026-07-23T02:06:12.399+0000] {logging_mixin.py:190} INFO - [2026-07-23T02:06:12.399+0000] {dagbag.py:588} INFO - Filling up the DagBag from /opt/airflow/dags/setup_lakehouse_infrastructure_v3.py
[2026-07-23T02:06:12.425+0000] {processor.py:925} INFO - DAG(s) 'setup_lakehouse_infrastructure_v3' retrieved from /opt/airflow/dags/setup_lakehouse_infrastructure_v3.py
[2026-07-23T02:06:12.450+0000] {logging_mixin.py:190} INFO - [2026-07-23T02:06:12.450+0000] {dag.py:3239} INFO - Sync 1 DAGs
[2026-07-23T02:06:12.473+0000] {logging_mixin.py:190} INFO - [2026-07-23T02:06:12.473+0000] {dag.py:4180} INFO - Setting next_dagrun for setup_lakehouse_infrastructure_v3 to None, run_after=None
[2026-07-23T02:06:12.494+0000] {processor.py:208} INFO - Processing /opt/airflow/dags/setup_lakehouse_infrastructure_v3.py took 0.104 seconds
[2026-07-23T02:06:43.260+0000] {processor.py:186} INFO - Started process (PID=3078) to work on /opt/airflow/dags/setup_lakehouse_infrastructure_v3.py
[2026-07-23T02:06:43.261+0000] {processor.py:914} INFO - Processing file /opt/airflow/dags/setup_lakehouse_infrastructure_v3.py for tasks to queue
[2026-07-23T02:06:43.263+0000] {logging_mixin.py:190} INFO - [2026-07-23T02:06:43.263+0000] {dagbag.py:588} INFO - Filling up the DagBag from /opt/airflow/dags/setup_lakehouse_infrastructure_v3.py
[2026-07-23T02:06:43.289+0000] {processor.py:925} INFO - DAG(s) 'setup_lakehouse_infrastructure_v3' retrieved from /opt/airflow/dags/setup_lakehouse_infrastructure_v3.py
[2026-07-23T02:06:43.315+0000] {logging_mixin.py:190} INFO - [2026-07-23T02:06:43.314+0000] {dag.py:3239} INFO - Sync 1 DAGs
[2026-07-23T02:06:43.341+0000] {logging_mixin.py:190} INFO - [2026-07-23T02:06:43.340+0000] {dag.py:4180} INFO - Setting next_dagrun for setup_lakehouse_infrastructure_v3 to None, run_after=None
[2026-07-23T02:06:43.362+0000] {processor.py:208} INFO - Processing /opt/airflow/dags/setup_lakehouse_infrastructure_v3.py took 0.108 seconds
[2026-07-23T02:07:13.955+0000] {processor.py:186} INFO - Started process (PID=3194) to work on /opt/airflow/dags/setup_lakehouse_infrastructure_v3.py
[2026-07-23T02:07:13.956+0000] {processor.py:914} INFO - Processing file /opt/airflow/dags/setup_lakehouse_infrastructure_v3.py for tasks to queue
[2026-07-23T02:07:13.959+0000] {logging_mixin.py:190} INFO - [2026-07-23T02:07:13.958+0000] {dagbag.py:588} INFO - Filling up the DagBag from /opt/airflow/dags/setup_lakehouse_infrastructure_v3.py
[2026-07-23T02:07:13.986+0000] {processor.py:925} INFO - DAG(s) 'setup_lakehouse_infrastructure_v3' retrieved from /opt/airflow/dags/setup_lakehouse_infrastructure_v3.py
[2026-07-23T02:07:14.008+0000] {logging_mixin.py:190} INFO - [2026-07-23T02:07:14.008+0000] {dag.py:3239} INFO - Sync 1 DAGs
[2026-07-23T02:07:14.027+0000] {logging_mixin.py:190} INFO - [2026-07-23T02:07:14.027+0000] {dag.py:4180} INFO - Setting next_dagrun for setup_lakehouse_infrastructure_v3 to None, run_after=None
[2026-07-23T02:07:14.044+0000] {processor.py:208} INFO - Processing /opt/airflow/dags/setup_lakehouse_infrastructure_v3.py took 0.095 seconds
[2026-07-23T02:07:44.563+0000] {processor.py:186} INFO - Started process (PID=3305) to work on /opt/airflow/dags/setup_lakehouse_infrastructure_v3.py
[2026-07-23T02:07:44.564+0000] {processor.py:914} INFO - Processing file /opt/airflow/dags/setup_lakehouse_infrastructure_v3.py for tasks to queue
[2026-07-23T02:07:44.567+0000] {logging_mixin.py:190} INFO - [2026-07-23T02:07:44.567+0000] {dagbag.py:588} INFO - Filling up the DagBag from /opt/airflow/dags/setup_lakehouse_infrastructure_v3.py
[2026-07-23T02:07:44.593+0000] {processor.py:925} INFO - DAG(s) 'setup_lakehouse_infrastructure_v3' retrieved from /opt/airflow/dags/setup_lakehouse_infrastructure_v3.py
[2026-07-23T02:07:44.626+0000] {logging_mixin.py:190} INFO - [2026-07-23T02:07:44.626+0000] {dag.py:3239} INFO - Sync 1 DAGs
[2026-07-23T02:07:44.662+0000] {logging_mixin.py:190} INFO - [2026-07-23T02:07:44.662+0000] {dag.py:4180} INFO - Setting next_dagrun for setup_lakehouse_infrastructure_v3 to None, run_after=None
[2026-07-23T02:07:44.689+0000] {processor.py:208} INFO - Processing /opt/airflow/dags/setup_lakehouse_infrastructure_v3.py took 0.131 seconds
[2026-07-23T02:08:15.007+0000] {processor.py:186} INFO - Started process (PID=3421) to work on /opt/airflow/dags/setup_lakehouse_infrastructure_v3.py
[2026-07-23T02:08:15.008+0000] {processor.py:914} INFO - Processing file /opt/airflow/dags/setup_lakehouse_infrastructure_v3.py for tasks to queue
[2026-07-23T02:08:15.010+0000] {logging_mixin.py:190} INFO - [2026-07-23T02:08:15.009+0000] {dagbag.py:588} INFO - Filling up the DagBag from /opt/airflow/dags/setup_lakehouse_infrastructure_v3.py
[2026-07-23T02:08:15.037+0000] {processor.py:925} INFO - DAG(s) 'setup_lakehouse_infrastructure_v3' retrieved from /opt/airflow/dags/setup_lakehouse_infrastructure_v3.py
[2026-07-23T02:08:15.065+0000] {logging_mixin.py:190} INFO - [2026-07-23T02:08:15.065+0000] {dag.py:3239} INFO - Sync 1 DAGs
[2026-07-23T02:08:15.092+0000] {logging_mixin.py:190} INFO - [2026-07-23T02:08:15.092+0000] {dag.py:4180} INFO - Setting next_dagrun for setup_lakehouse_infrastructure_v3 to None, run_after=None
[2026-07-23T02:08:15.116+0000] {processor.py:208} INFO - Processing /opt/airflow/dags/setup_lakehouse_infrastructure_v3.py took 0.115 seconds
[2026-07-23T02:08:45.608+0000] {processor.py:186} INFO - Started process (PID=3537) to work on /opt/airflow/dags/setup_lakehouse_infrastructure_v3.py
[2026-07-23T02:08:45.609+0000] {processor.py:914} INFO - Processing file /opt/airflow/dags/setup_lakehouse_infrastructure_v3.py for tasks to queue
[2026-07-23T02:08:45.615+0000] {logging_mixin.py:190} INFO - [2026-07-23T02:08:45.614+0000] {dagbag.py:588} INFO - Filling up the DagBag from /opt/airflow/dags/setup_lakehouse_infrastructure_v3.py
[2026-07-23T02:08:45.649+0000] {processor.py:925} INFO - DAG(s) 'setup_lakehouse_infrastructure_v3' retrieved from /opt/airflow/dags/setup_lakehouse_infrastructure_v3.py
[2026-07-23T02:08:45.690+0000] {logging_mixin.py:190} INFO - [2026-07-23T02:08:45.690+0000] {dag.py:3239} INFO - Sync 1 DAGs
[2026-07-23T02:08:45.729+0000] {logging_mixin.py:190} INFO - [2026-07-23T02:08:45.729+0000] {dag.py:4180} INFO - Setting next_dagrun for setup_lakehouse_infrastructure_v3 to None, run_after=None
[2026-07-23T02:08:45.759+0000] {processor.py:208} INFO - Processing /opt/airflow/dags/setup_lakehouse_infrastructure_v3.py took 0.157 seconds
[2026-07-23T02:16:59.347+0000] {processor.py:186} INFO - Started process (PID=3552) to work on /opt/airflow/dags/setup_lakehouse_infrastructure_v3.py
[2026-07-23T02:16:59.349+0000] {processor.py:914} INFO - Processing file /opt/airflow/dags/setup_lakehouse_infrastructure_v3.py for tasks to queue
[2026-07-23T02:16:59.351+0000] {logging_mixin.py:190} INFO - [2026-07-23T02:16:59.351+0000] {dagbag.py:588} INFO - Filling up the DagBag from /opt/airflow/dags/setup_lakehouse_infrastructure_v3.py
[2026-07-23T02:16:59.384+0000] {processor.py:925} INFO - DAG(s) 'setup_lakehouse_infrastructure_v3' retrieved from /opt/airflow/dags/setup_lakehouse_infrastructure_v3.py
[2026-07-23T02:16:59.414+0000] {logging_mixin.py:190} INFO - [2026-07-23T02:16:59.414+0000] {dag.py:3239} INFO - Sync 1 DAGs
[2026-07-23T02:16:59.439+0000] {logging_mixin.py:190} INFO - [2026-07-23T02:16:59.439+0000] {dag.py:4180} INFO - Setting next_dagrun for setup_lakehouse_infrastructure_v3 to None, run_after=None
[2026-07-23T02:16:59.466+0000] {processor.py:208} INFO - Processing /opt/airflow/dags/setup_lakehouse_infrastructure_v3.py took 0.126 seconds
[2026-07-23T02:17:29.670+0000] {processor.py:186} INFO - Started process (PID=3692) to work on /opt/airflow/dags/setup_lakehouse_infrastructure_v3.py
[2026-07-23T02:17:29.671+0000] {processor.py:914} INFO - Processing file /opt/airflow/dags/setup_lakehouse_infrastructure_v3.py for tasks to queue
[2026-07-23T02:17:29.673+0000] {logging_mixin.py:190} INFO - [2026-07-23T02:17:29.672+0000] {dagbag.py:588} INFO - Filling up the DagBag from /opt/airflow/dags/setup_lakehouse_infrastructure_v3.py
[2026-07-23T02:17:29.699+0000] {processor.py:925} INFO - DAG(s) 'setup_lakehouse_infrastructure_v3' retrieved from /opt/airflow/dags/setup_lakehouse_infrastructure_v3.py
[2026-07-23T02:17:29.722+0000] {logging_mixin.py:190} INFO - [2026-07-23T02:17:29.721+0000] {dag.py:3239} INFO - Sync 1 DAGs
[2026-07-23T02:17:29.745+0000] {logging_mixin.py:190} INFO - [2026-07-23T02:17:29.745+0000] {dag.py:4180} INFO - Setting next_dagrun for setup_lakehouse_infrastructure_v3 to None, run_after=None
[2026-07-23T02:17:29.766+0000] {processor.py:208} INFO - Processing /opt/airflow/dags/setup_lakehouse_infrastructure_v3.py took 0.101 seconds
[2026-07-23T02:18:00.335+0000] {processor.py:186} INFO - Started process (PID=3808) to work on /opt/airflow/dags/setup_lakehouse_infrastructure_v3.py
[2026-07-23T02:18:00.336+0000] {processor.py:914} INFO - Processing file /opt/airflow/dags/setup_lakehouse_infrastructure_v3.py for tasks to queue
[2026-07-23T02:18:00.338+0000] {logging_mixin.py:190} INFO - [2026-07-23T02:18:00.338+0000] {dagbag.py:588} INFO - Filling up the DagBag from /opt/airflow/dags/setup_lakehouse_infrastructure_v3.py
[2026-07-23T02:18:00.366+0000] {processor.py:925} INFO - DAG(s) 'setup_lakehouse_infrastructure_v3' retrieved from /opt/airflow/dags/setup_lakehouse_infrastructure_v3.py
[2026-07-23T02:18:00.395+0000] {logging_mixin.py:190} INFO - [2026-07-23T02:18:00.395+0000] {dag.py:3239} INFO - Sync 1 DAGs
[2026-07-23T02:18:00.419+0000] {logging_mixin.py:190} INFO - [2026-07-23T02:18:00.419+0000] {dag.py:4180} INFO - Setting next_dagrun for setup_lakehouse_infrastructure_v3 to None, run_after=None
[2026-07-23T02:18:00.440+0000] {processor.py:208} INFO - Processing /opt/airflow/dags/setup_lakehouse_infrastructure_v3.py took 0.110 seconds
[2026-07-23T02:18:30.698+0000] {processor.py:186} INFO - Started process (PID=3924) to work on /opt/airflow/dags/setup_lakehouse_infrastructure_v3.py
[2026-07-23T02:18:30.699+0000] {processor.py:914} INFO - Processing file /opt/airflow/dags/setup_lakehouse_infrastructure_v3.py for tasks to queue
[2026-07-23T02:18:30.701+0000] {logging_mixin.py:190} INFO - [2026-07-23T02:18:30.701+0000] {dagbag.py:588} INFO - Filling up the DagBag from /opt/airflow/dags/setup_lakehouse_infrastructure_v3.py
[2026-07-23T02:18:30.726+0000] {processor.py:925} INFO - DAG(s) 'setup_lakehouse_infrastructure_v3' retrieved from /opt/airflow/dags/setup_lakehouse_infrastructure_v3.py
[2026-07-23T02:18:30.748+0000] {logging_mixin.py:190} INFO - [2026-07-23T02:18:30.748+0000] {dag.py:3239} INFO - Sync 1 DAGs
[2026-07-23T02:18:30.769+0000] {logging_mixin.py:190} INFO - [2026-07-23T02:18:30.768+0000] {dag.py:4180} INFO - Setting next_dagrun for setup_lakehouse_infrastructure_v3 to None, run_after=None
[2026-07-23T02:18:30.785+0000] {processor.py:208} INFO - Processing /opt/airflow/dags/setup_lakehouse_infrastructure_v3.py took 0.092 seconds
[2026-07-23T02:19:01.563+0000] {processor.py:186} INFO - Started process (PID=4035) to work on /opt/airflow/dags/setup_lakehouse_infrastructure_v3.py
[2026-07-23T02:19:01.565+0000] {processor.py:914} INFO - Processing file /opt/airflow/dags/setup_lakehouse_infrastructure_v3.py for tasks to queue
[2026-07-23T02:19:01.568+0000] {logging_mixin.py:190} INFO - [2026-07-23T02:19:01.568+0000] {dagbag.py:588} INFO - Filling up the DagBag from /opt/airflow/dags/setup_lakehouse_infrastructure_v3.py
[2026-07-23T02:19:01.596+0000] {processor.py:925} INFO - DAG(s) 'setup_lakehouse_infrastructure_v3' retrieved from /opt/airflow/dags/setup_lakehouse_infrastructure_v3.py
[2026-07-23T02:19:01.623+0000] {logging_mixin.py:190} INFO - [2026-07-23T02:19:01.623+0000] {dag.py:3239} INFO - Sync 1 DAGs
[2026-07-23T02:19:01.657+0000] {logging_mixin.py:190} INFO - [2026-07-23T02:19:01.657+0000] {dag.py:4180} INFO - Setting next_dagrun for setup_lakehouse_infrastructure_v3 to None, run_after=None
[2026-07-23T02:19:01.681+0000] {processor.py:208} INFO - Processing /opt/airflow/dags/setup_lakehouse_infrastructure_v3.py took 0.124 seconds
[2026-07-23T02:19:32.354+0000] {processor.py:186} INFO - Started process (PID=4151) to work on /opt/airflow/dags/setup_lakehouse_infrastructure_v3.py
[2026-07-23T02:19:32.356+0000] {processor.py:914} INFO - Processing file /opt/airflow/dags/setup_lakehouse_infrastructure_v3.py for tasks to queue
[2026-07-23T02:19:32.359+0000] {logging_mixin.py:190} INFO - [2026-07-23T02:19:32.359+0000] {dagbag.py:588} INFO - Filling up the DagBag from /opt/airflow/dags/setup_lakehouse_infrastructure_v3.py
[2026-07-23T02:19:32.387+0000] {processor.py:925} INFO - DAG(s) 'setup_lakehouse_infrastructure_v3' retrieved from /opt/airflow/dags/setup_lakehouse_infrastructure_v3.py
[2026-07-23T02:19:32.414+0000] {logging_mixin.py:190} INFO - [2026-07-23T02:19:32.414+0000] {dag.py:3239} INFO - Sync 1 DAGs
[2026-07-23T02:19:32.439+0000] {logging_mixin.py:190} INFO - [2026-07-23T02:19:32.439+0000] {dag.py:4180} INFO - Setting next_dagrun for setup_lakehouse_infrastructure_v3 to None, run_after=None
[2026-07-23T02:19:32.460+0000] {processor.py:208} INFO - Processing /opt/airflow/dags/setup_lakehouse_infrastructure_v3.py took 0.113 seconds
[2026-07-23T02:20:02.559+0000] {processor.py:186} INFO - Started process (PID=4267) to work on /opt/airflow/dags/setup_lakehouse_infrastructure_v3.py
[2026-07-23T02:20:02.560+0000] {processor.py:914} INFO - Processing file /opt/airflow/dags/setup_lakehouse_infrastructure_v3.py for tasks to queue
[2026-07-23T02:20:02.562+0000] {logging_mixin.py:190} INFO - [2026-07-23T02:20:02.561+0000] {dagbag.py:588} INFO - Filling up the DagBag from /opt/airflow/dags/setup_lakehouse_infrastructure_v3.py
[2026-07-23T02:20:02.588+0000] {processor.py:925} INFO - DAG(s) 'setup_lakehouse_infrastructure_v3' retrieved from /opt/airflow/dags/setup_lakehouse_infrastructure_v3.py
[2026-07-23T02:20:02.616+0000] {logging_mixin.py:190} INFO - [2026-07-23T02:20:02.616+0000] {dag.py:3239} INFO - Sync 1 DAGs
[2026-07-23T02:20:02.640+0000] {logging_mixin.py:190} INFO - [2026-07-23T02:20:02.640+0000] {dag.py:4180} INFO - Setting next_dagrun for setup_lakehouse_infrastructure_v3 to None, run_after=None
[2026-07-23T02:20:02.661+0000] {processor.py:208} INFO - Processing /opt/airflow/dags/setup_lakehouse_infrastructure_v3.py took 0.108 seconds
[2026-07-23T02:20:33.195+0000] {processor.py:186} INFO - Started process (PID=4383) to work on /opt/airflow/dags/setup_lakehouse_infrastructure_v3.py
[2026-07-23T02:20:33.198+0000] {processor.py:914} INFO - Processing file /opt/airflow/dags/setup_lakehouse_infrastructure_v3.py for tasks to queue
[2026-07-23T02:20:33.203+0000] {logging_mixin.py:190} INFO - [2026-07-23T02:20:33.202+0000] {dagbag.py:588} INFO - Filling up the DagBag from /opt/airflow/dags/setup_lakehouse_infrastructure_v3.py
[2026-07-23T02:20:33.239+0000] {processor.py:925} INFO - DAG(s) 'setup_lakehouse_infrastructure_v3' retrieved from /opt/airflow/dags/setup_lakehouse_infrastructure_v3.py
[2026-07-23T02:20:33.265+0000] {logging_mixin.py:190} INFO - [2026-07-23T02:20:33.265+0000] {dag.py:3239} INFO - Sync 1 DAGs
[2026-07-23T02:20:33.286+0000] {logging_mixin.py:190} INFO - [2026-07-23T02:20:33.286+0000] {dag.py:4180} INFO - Setting next_dagrun for setup_lakehouse_infrastructure_v3 to None, run_after=None
[2026-07-23T02:20:33.304+0000] {processor.py:208} INFO - Processing /opt/airflow/dags/setup_lakehouse_infrastructure_v3.py took 0.119 seconds
[2026-07-23T02:21:03.708+0000] {processor.py:186} INFO - Started process (PID=4494) to work on /opt/airflow/dags/setup_lakehouse_infrastructure_v3.py
[2026-07-23T02:21:03.709+0000] {processor.py:914} INFO - Processing file /opt/airflow/dags/setup_lakehouse_infrastructure_v3.py for tasks to queue
[2026-07-23T02:21:03.711+0000] {logging_mixin.py:190} INFO - [2026-07-23T02:21:03.710+0000] {dagbag.py:588} INFO - Filling up the DagBag from /opt/airflow/dags/setup_lakehouse_infrastructure_v3.py
[2026-07-23T02:21:03.740+0000] {processor.py:925} INFO - DAG(s) 'setup_lakehouse_infrastructure_v3' retrieved from /opt/airflow/dags/setup_lakehouse_infrastructure_v3.py
[2026-07-23T02:21:03.770+0000] {logging_mixin.py:190} INFO - [2026-07-23T02:21:03.770+0000] {dag.py:3239} INFO - Sync 1 DAGs
[2026-07-23T02:21:03.795+0000] {logging_mixin.py:190} INFO - [2026-07-23T02:21:03.795+0000] {dag.py:4180} INFO - Setting next_dagrun for setup_lakehouse_infrastructure_v3 to None, run_after=None
[2026-07-23T02:21:03.817+0000] {processor.py:208} INFO - Processing /opt/airflow/dags/setup_lakehouse_infrastructure_v3.py took 0.115 seconds
[2026-07-23T02:21:34.176+0000] {processor.py:186} INFO - Started process (PID=4610) to work on /opt/airflow/dags/setup_lakehouse_infrastructure_v3.py
[2026-07-23T02:21:34.177+0000] {processor.py:914} INFO - Processing file /opt/airflow/dags/setup_lakehouse_infrastructure_v3.py for tasks to queue
[2026-07-23T02:21:34.180+0000] {logging_mixin.py:190} INFO - [2026-07-23T02:21:34.179+0000] {dagbag.py:588} INFO - Filling up the DagBag from /opt/airflow/dags/setup_lakehouse_infrastructure_v3.py
[2026-07-23T02:21:34.205+0000] {processor.py:925} INFO - DAG(s) 'setup_lakehouse_infrastructure_v3' retrieved from /opt/airflow/dags/setup_lakehouse_infrastructure_v3.py
[2026-07-23T02:21:34.234+0000] {logging_mixin.py:190} INFO - [2026-07-23T02:21:34.234+0000] {dag.py:3239} INFO - Sync 1 DAGs
[2026-07-23T02:21:34.258+0000] {logging_mixin.py:190} INFO - [2026-07-23T02:21:34.258+0000] {dag.py:4180} INFO - Setting next_dagrun for setup_lakehouse_infrastructure_v3 to None, run_after=None
[2026-07-23T02:21:34.281+0000] {processor.py:208} INFO - Processing /opt/airflow/dags/setup_lakehouse_infrastructure_v3.py took 0.111 seconds
[2026-07-23T02:22:04.844+0000] {processor.py:186} INFO - Started process (PID=4726) to work on /opt/airflow/dags/setup_lakehouse_infrastructure_v3.py
[2026-07-23T02:22:04.845+0000] {processor.py:914} INFO - Processing file /opt/airflow/dags/setup_lakehouse_infrastructure_v3.py for tasks to queue
[2026-07-23T02:22:04.847+0000] {logging_mixin.py:190} INFO - [2026-07-23T02:22:04.847+0000] {dagbag.py:588} INFO - Filling up the DagBag from /opt/airflow/dags/setup_lakehouse_infrastructure_v3.py
[2026-07-23T02:22:04.871+0000] {processor.py:925} INFO - DAG(s) 'setup_lakehouse_infrastructure_v3' retrieved from /opt/airflow/dags/setup_lakehouse_infrastructure_v3.py
[2026-07-23T02:22:04.893+0000] {logging_mixin.py:190} INFO - [2026-07-23T02:22:04.893+0000] {dag.py:3239} INFO - Sync 1 DAGs
[2026-07-23T02:22:04.914+0000] {logging_mixin.py:190} INFO - [2026-07-23T02:22:04.914+0000] {dag.py:4180} INFO - Setting next_dagrun for setup_lakehouse_infrastructure_v3 to None, run_after=None
[2026-07-23T02:22:04.933+0000] {processor.py:208} INFO - Processing /opt/airflow/dags/setup_lakehouse_infrastructure_v3.py took 0.095 seconds
[2026-07-23T02:22:35.340+0000] {processor.py:186} INFO - Started process (PID=4846) to work on /opt/airflow/dags/setup_lakehouse_infrastructure_v3.py
[2026-07-23T02:22:35.341+0000] {processor.py:914} INFO - Processing file /opt/airflow/dags/setup_lakehouse_infrastructure_v3.py for tasks to queue
[2026-07-23T02:22:35.343+0000] {logging_mixin.py:190} INFO - [2026-07-23T02:22:35.343+0000] {dagbag.py:588} INFO - Filling up the DagBag from /opt/airflow/dags/setup_lakehouse_infrastructure_v3.py
[2026-07-23T02:22:35.370+0000] {processor.py:925} INFO - DAG(s) 'setup_lakehouse_infrastructure_v3' retrieved from /opt/airflow/dags/setup_lakehouse_infrastructure_v3.py
[2026-07-23T02:22:35.397+0000] {logging_mixin.py:190} INFO - [2026-07-23T02:22:35.397+0000] {dag.py:3239} INFO - Sync 1 DAGs
[2026-07-23T02:22:35.429+0000] {logging_mixin.py:190} INFO - [2026-07-23T02:22:35.428+0000] {dag.py:4180} INFO - Setting next_dagrun for setup_lakehouse_infrastructure_v3 to None, run_after=None
[2026-07-23T02:22:35.449+0000] {processor.py:208} INFO - Processing /opt/airflow/dags/setup_lakehouse_infrastructure_v3.py took 0.115 seconds
[2026-07-23T02:23:06.058+0000] {processor.py:186} INFO - Started process (PID=4962) to work on /opt/airflow/dags/setup_lakehouse_infrastructure_v3.py
[2026-07-23T02:23:06.059+0000] {processor.py:914} INFO - Processing file /opt/airflow/dags/setup_lakehouse_infrastructure_v3.py for tasks to queue
[2026-07-23T02:23:06.061+0000] {logging_mixin.py:190} INFO - [2026-07-23T02:23:06.061+0000] {dagbag.py:588} INFO - Filling up the DagBag from /opt/airflow/dags/setup_lakehouse_infrastructure_v3.py
[2026-07-23T02:23:06.087+0000] {processor.py:925} INFO - DAG(s) 'setup_lakehouse_infrastructure_v3' retrieved from /opt/airflow/dags/setup_lakehouse_infrastructure_v3.py
[2026-07-23T02:23:06.114+0000] {logging_mixin.py:190} INFO - [2026-07-23T02:23:06.113+0000] {dag.py:3239} INFO - Sync 1 DAGs
[2026-07-23T02:23:06.291+0000] {logging_mixin.py:190} INFO - [2026-07-23T02:23:06.291+0000] {dag.py:4180} INFO - Setting next_dagrun for setup_lakehouse_infrastructure_v3 to None, run_after=None
[2026-07-23T02:23:06.312+0000] {processor.py:208} INFO - Processing /opt/airflow/dags/setup_lakehouse_infrastructure_v3.py took 0.260 seconds
[2026-07-23T02:23:36.478+0000] {processor.py:186} INFO - Started process (PID=5078) to work on /opt/airflow/dags/setup_lakehouse_infrastructure_v3.py
[2026-07-23T02:23:36.479+0000] {processor.py:914} INFO - Processing file /opt/airflow/dags/setup_lakehouse_infrastructure_v3.py for tasks to queue
[2026-07-23T02:23:36.482+0000] {logging_mixin.py:190} INFO - [2026-07-23T02:23:36.482+0000] {dagbag.py:588} INFO - Filling up the DagBag from /opt/airflow/dags/setup_lakehouse_infrastructure_v3.py
[2026-07-23T02:23:36.516+0000] {processor.py:925} INFO - DAG(s) 'setup_lakehouse_infrastructure_v3' retrieved from /opt/airflow/dags/setup_lakehouse_infrastructure_v3.py
[2026-07-23T02:23:36.542+0000] {logging_mixin.py:190} INFO - [2026-07-23T02:23:36.541+0000] {dag.py:3239} INFO - Sync 1 DAGs
[2026-07-23T02:23:36.563+0000] {logging_mixin.py:190} INFO - [2026-07-23T02:23:36.563+0000] {dag.py:4180} INFO - Setting next_dagrun for setup_lakehouse_infrastructure_v3 to None, run_after=None
[2026-07-23T02:23:36.585+0000] {processor.py:208} INFO - Processing /opt/airflow/dags/setup_lakehouse_infrastructure_v3.py took 0.113 seconds
[2026-07-23T02:24:07.015+0000] {processor.py:186} INFO - Started process (PID=5194) to work on /opt/airflow/dags/setup_lakehouse_infrastructure_v3.py
[2026-07-23T02:24:07.016+0000] {processor.py:914} INFO - Processing file /opt/airflow/dags/setup_lakehouse_infrastructure_v3.py for tasks to queue
[2026-07-23T02:24:07.019+0000] {logging_mixin.py:190} INFO - [2026-07-23T02:24:07.019+0000] {dagbag.py:588} INFO - Filling up the DagBag from /opt/airflow/dags/setup_lakehouse_infrastructure_v3.py
[2026-07-23T02:24:07.048+0000] {processor.py:925} INFO - DAG(s) 'setup_lakehouse_infrastructure_v3' retrieved from /opt/airflow/dags/setup_lakehouse_infrastructure_v3.py
[2026-07-23T02:24:07.075+0000] {logging_mixin.py:190} INFO - [2026-07-23T02:24:07.075+0000] {dag.py:3239} INFO - Sync 1 DAGs
[2026-07-23T02:24:07.098+0000] {logging_mixin.py:190} INFO - [2026-07-23T02:24:07.098+0000] {dag.py:4180} INFO - Setting next_dagrun for setup_lakehouse_infrastructure_v3 to None, run_after=None
[2026-07-23T02:24:07.118+0000] {processor.py:208} INFO - Processing /opt/airflow/dags/setup_lakehouse_infrastructure_v3.py took 0.108 seconds
[2026-07-23T02:24:37.396+0000] {processor.py:186} INFO - Started process (PID=5305) to work on /opt/airflow/dags/setup_lakehouse_infrastructure_v3.py
[2026-07-23T02:24:37.397+0000] {processor.py:914} INFO - Processing file /opt/airflow/dags/setup_lakehouse_infrastructure_v3.py for tasks to queue
[2026-07-23T02:24:37.400+0000] {logging_mixin.py:190} INFO - [2026-07-23T02:24:37.399+0000] {dagbag.py:588} INFO - Filling up the DagBag from /opt/airflow/dags/setup_lakehouse_infrastructure_v3.py
[2026-07-23T02:24:37.425+0000] {processor.py:925} INFO - DAG(s) 'setup_lakehouse_infrastructure_v3' retrieved from /opt/airflow/dags/setup_lakehouse_infrastructure_v3.py
[2026-07-23T02:24:37.456+0000] {logging_mixin.py:190} INFO - [2026-07-23T02:24:37.456+0000] {dag.py:3239} INFO - Sync 1 DAGs
[2026-07-23T02:24:37.482+0000] {logging_mixin.py:190} INFO - [2026-07-23T02:24:37.481+0000] {dag.py:4180} INFO - Setting next_dagrun for setup_lakehouse_infrastructure_v3 to None, run_after=None
[2026-07-23T02:24:37.506+0000] {processor.py:208} INFO - Processing /opt/airflow/dags/setup_lakehouse_infrastructure_v3.py took 0.116 seconds
[2026-07-23T02:25:08.100+0000] {processor.py:186} INFO - Started process (PID=5421) to work on /opt/airflow/dags/setup_lakehouse_infrastructure_v3.py
[2026-07-23T02:25:08.101+0000] {processor.py:914} INFO - Processing file /opt/airflow/dags/setup_lakehouse_infrastructure_v3.py for tasks to queue
[2026-07-23T02:25:08.103+0000] {logging_mixin.py:190} INFO - [2026-07-23T02:25:08.103+0000] {dagbag.py:588} INFO - Filling up the DagBag from /opt/airflow/dags/setup_lakehouse_infrastructure_v3.py
[2026-07-23T02:25:08.137+0000] {processor.py:925} INFO - DAG(s) 'setup_lakehouse_infrastructure_v3' retrieved from /opt/airflow/dags/setup_lakehouse_infrastructure_v3.py
[2026-07-23T02:25:08.167+0000] {logging_mixin.py:190} INFO - [2026-07-23T02:25:08.167+0000] {dag.py:3239} INFO - Sync 1 DAGs
[2026-07-23T02:25:08.193+0000] {logging_mixin.py:190} INFO - [2026-07-23T02:25:08.193+0000] {dag.py:4180} INFO - Setting next_dagrun for setup_lakehouse_infrastructure_v3 to None, run_after=None
[2026-07-23T02:25:08.217+0000] {processor.py:208} INFO - Processing /opt/airflow/dags/setup_lakehouse_infrastructure_v3.py took 0.122 seconds
[2026-07-23T02:25:38.560+0000] {processor.py:186} INFO - Started process (PID=5537) to work on /opt/airflow/dags/setup_lakehouse_infrastructure_v3.py
[2026-07-23T02:25:38.561+0000] {processor.py:914} INFO - Processing file /opt/airflow/dags/setup_lakehouse_infrastructure_v3.py for tasks to queue
[2026-07-23T02:25:38.564+0000] {logging_mixin.py:190} INFO - [2026-07-23T02:25:38.563+0000] {dagbag.py:588} INFO - Filling up the DagBag from /opt/airflow/dags/setup_lakehouse_infrastructure_v3.py
[2026-07-23T02:25:38.591+0000] {processor.py:925} INFO - DAG(s) 'setup_lakehouse_infrastructure_v3' retrieved from /opt/airflow/dags/setup_lakehouse_infrastructure_v3.py
[2026-07-23T02:25:38.617+0000] {logging_mixin.py:190} INFO - [2026-07-23T02:25:38.617+0000] {dag.py:3239} INFO - Sync 1 DAGs
[2026-07-23T02:25:38.638+0000] {logging_mixin.py:190} INFO - [2026-07-23T02:25:38.638+0000] {dag.py:4180} INFO - Setting next_dagrun for setup_lakehouse_infrastructure_v3 to None, run_after=None
[2026-07-23T02:25:38.657+0000] {processor.py:208} INFO - Processing /opt/airflow/dags/setup_lakehouse_infrastructure_v3.py took 0.102 seconds
[2026-07-23T02:26:09.138+0000] {processor.py:186} INFO - Started process (PID=5648) to work on /opt/airflow/dags/setup_lakehouse_infrastructure_v3.py
[2026-07-23T02:26:09.139+0000] {processor.py:914} INFO - Processing file /opt/airflow/dags/setup_lakehouse_infrastructure_v3.py for tasks to queue
[2026-07-23T02:26:09.142+0000] {logging_mixin.py:190} INFO - [2026-07-23T02:26:09.141+0000] {dagbag.py:588} INFO - Filling up the DagBag from /opt/airflow/dags/setup_lakehouse_infrastructure_v3.py
[2026-07-23T02:26:09.170+0000] {processor.py:925} INFO - DAG(s) 'setup_lakehouse_infrastructure_v3' retrieved from /opt/airflow/dags/setup_lakehouse_infrastructure_v3.py
[2026-07-23T02:26:09.196+0000] {logging_mixin.py:190} INFO - [2026-07-23T02:26:09.196+0000] {dag.py:3239} INFO - Sync 1 DAGs
[2026-07-23T02:26:09.220+0000] {logging_mixin.py:190} INFO - [2026-07-23T02:26:09.220+0000] {dag.py:4180} INFO - Setting next_dagrun for setup_lakehouse_infrastructure_v3 to None, run_after=None
[2026-07-23T02:26:09.244+0000] {processor.py:208} INFO - Processing /opt/airflow/dags/setup_lakehouse_infrastructure_v3.py took 0.111 seconds
[2026-07-23T02:26:39.480+0000] {processor.py:186} INFO - Started process (PID=5764) to work on /opt/airflow/dags/setup_lakehouse_infrastructure_v3.py
[2026-07-23T02:26:39.481+0000] {processor.py:914} INFO - Processing file /opt/airflow/dags/setup_lakehouse_infrastructure_v3.py for tasks to queue
[2026-07-23T02:26:39.483+0000] {logging_mixin.py:190} INFO - [2026-07-23T02:26:39.483+0000] {dagbag.py:588} INFO - Filling up the DagBag from /opt/airflow/dags/setup_lakehouse_infrastructure_v3.py
[2026-07-23T02:26:39.512+0000] {processor.py:925} INFO - DAG(s) 'setup_lakehouse_infrastructure_v3' retrieved from /opt/airflow/dags/setup_lakehouse_infrastructure_v3.py
[2026-07-23T02:26:39.539+0000] {logging_mixin.py:190} INFO - [2026-07-23T02:26:39.538+0000] {dag.py:3239} INFO - Sync 1 DAGs
[2026-07-23T02:26:39.561+0000] {logging_mixin.py:190} INFO - [2026-07-23T02:26:39.560+0000] {dag.py:4180} INFO - Setting next_dagrun for setup_lakehouse_infrastructure_v3 to None, run_after=None
[2026-07-23T02:26:39.582+0000] {processor.py:208} INFO - Processing /opt/airflow/dags/setup_lakehouse_infrastructure_v3.py took 0.107 seconds
[2026-07-23T02:27:10.161+0000] {processor.py:186} INFO - Started process (PID=5886) to work on /opt/airflow/dags/setup_lakehouse_infrastructure_v3.py
[2026-07-23T02:27:10.162+0000] {processor.py:914} INFO - Processing file /opt/airflow/dags/setup_lakehouse_infrastructure_v3.py for tasks to queue
[2026-07-23T02:27:10.166+0000] {logging_mixin.py:190} INFO - [2026-07-23T02:27:10.165+0000] {dagbag.py:588} INFO - Filling up the DagBag from /opt/airflow/dags/setup_lakehouse_infrastructure_v3.py
[2026-07-23T02:27:10.196+0000] {processor.py:925} INFO - DAG(s) 'setup_lakehouse_infrastructure_v3' retrieved from /opt/airflow/dags/setup_lakehouse_infrastructure_v3.py
[2026-07-23T02:27:10.224+0000] {logging_mixin.py:190} INFO - [2026-07-23T02:27:10.224+0000] {dag.py:3239} INFO - Sync 1 DAGs
[2026-07-23T02:27:10.248+0000] {logging_mixin.py:190} INFO - [2026-07-23T02:27:10.248+0000] {dag.py:4180} INFO - Setting next_dagrun for setup_lakehouse_infrastructure_v3 to None, run_after=None
[2026-07-23T02:27:10.272+0000] {processor.py:208} INFO - Processing /opt/airflow/dags/setup_lakehouse_infrastructure_v3.py took 0.117 seconds
[2026-07-23T02:27:40.686+0000] {processor.py:186} INFO - Started process (PID=6005) to work on /opt/airflow/dags/setup_lakehouse_infrastructure_v3.py
[2026-07-23T02:27:40.687+0000] {processor.py:914} INFO - Processing file /opt/airflow/dags/setup_lakehouse_infrastructure_v3.py for tasks to queue
[2026-07-23T02:27:40.690+0000] {logging_mixin.py:190} INFO - [2026-07-23T02:27:40.690+0000] {dagbag.py:588} INFO - Filling up the DagBag from /opt/airflow/dags/setup_lakehouse_infrastructure_v3.py
[2026-07-23T02:27:40.715+0000] {processor.py:925} INFO - DAG(s) 'setup_lakehouse_infrastructure_v3' retrieved from /opt/airflow/dags/setup_lakehouse_infrastructure_v3.py
[2026-07-23T02:27:40.739+0000] {logging_mixin.py:190} INFO - [2026-07-23T02:27:40.739+0000] {dag.py:3239} INFO - Sync 1 DAGs
[2026-07-23T02:27:40.761+0000] {logging_mixin.py:190} INFO - [2026-07-23T02:27:40.760+0000] {dag.py:4180} INFO - Setting next_dagrun for setup_lakehouse_infrastructure_v3 to None, run_after=None
[2026-07-23T02:27:40.780+0000] {processor.py:208} INFO - Processing /opt/airflow/dags/setup_lakehouse_infrastructure_v3.py took 0.100 seconds
[2026-07-23T02:28:11.451+0000] {processor.py:186} INFO - Started process (PID=6116) to work on /opt/airflow/dags/setup_lakehouse_infrastructure_v3.py
[2026-07-23T02:28:11.453+0000] {processor.py:914} INFO - Processing file /opt/airflow/dags/setup_lakehouse_infrastructure_v3.py for tasks to queue
[2026-07-23T02:28:11.456+0000] {logging_mixin.py:190} INFO - [2026-07-23T02:28:11.455+0000] {dagbag.py:588} INFO - Filling up the DagBag from /opt/airflow/dags/setup_lakehouse_infrastructure_v3.py
[2026-07-23T02:28:11.483+0000] {processor.py:925} INFO - DAG(s) 'setup_lakehouse_infrastructure_v3' retrieved from /opt/airflow/dags/setup_lakehouse_infrastructure_v3.py
[2026-07-23T02:28:11.511+0000] {logging_mixin.py:190} INFO - [2026-07-23T02:28:11.511+0000] {dag.py:3239} INFO - Sync 1 DAGs
[2026-07-23T02:28:11.532+0000] {logging_mixin.py:190} INFO - [2026-07-23T02:28:11.532+0000] {dag.py:4180} INFO - Setting next_dagrun for setup_lakehouse_infrastructure_v3 to None, run_after=None
[2026-07-23T02:28:11.556+0000] {processor.py:208} INFO - Processing /opt/airflow/dags/setup_lakehouse_infrastructure_v3.py took 0.110 seconds
[2026-07-23T02:28:41.681+0000] {processor.py:186} INFO - Started process (PID=6232) to work on /opt/airflow/dags/setup_lakehouse_infrastructure_v3.py
[2026-07-23T02:28:41.682+0000] {processor.py:914} INFO - Processing file /opt/airflow/dags/setup_lakehouse_infrastructure_v3.py for tasks to queue
[2026-07-23T02:28:41.684+0000] {logging_mixin.py:190} INFO - [2026-07-23T02:28:41.684+0000] {dagbag.py:588} INFO - Filling up the DagBag from /opt/airflow/dags/setup_lakehouse_infrastructure_v3.py
[2026-07-23T02:28:41.735+0000] {processor.py:925} INFO - DAG(s) 'setup_lakehouse_infrastructure_v3' retrieved from /opt/airflow/dags/setup_lakehouse_infrastructure_v3.py
[2026-07-23T02:28:41.766+0000] {logging_mixin.py:190} INFO - [2026-07-23T02:28:41.766+0000] {dag.py:3239} INFO - Sync 1 DAGs
[2026-07-23T02:28:41.790+0000] {logging_mixin.py:190} INFO - [2026-07-23T02:28:41.790+0000] {dag.py:4180} INFO - Setting next_dagrun for setup_lakehouse_infrastructure_v3 to None, run_after=None
[2026-07-23T02:28:41.814+0000] {processor.py:208} INFO - Processing /opt/airflow/dags/setup_lakehouse_infrastructure_v3.py took 0.138 seconds
[2026-07-23T02:29:12.041+0000] {processor.py:186} INFO - Started process (PID=6348) to work on /opt/airflow/dags/setup_lakehouse_infrastructure_v3.py
[2026-07-23T02:29:12.042+0000] {processor.py:914} INFO - Processing file /opt/airflow/dags/setup_lakehouse_infrastructure_v3.py for tasks to queue
[2026-07-23T02:29:12.044+0000] {logging_mixin.py:190} INFO - [2026-07-23T02:29:12.044+0000] {dagbag.py:588} INFO - Filling up the DagBag from /opt/airflow/dags/setup_lakehouse_infrastructure_v3.py
[2026-07-23T02:29:12.068+0000] {processor.py:925} INFO - DAG(s) 'setup_lakehouse_infrastructure_v3' retrieved from /opt/airflow/dags/setup_lakehouse_infrastructure_v3.py
[2026-07-23T02:29:12.092+0000] {logging_mixin.py:190} INFO - [2026-07-23T02:29:12.091+0000] {dag.py:3239} INFO - Sync 1 DAGs
[2026-07-23T02:29:12.112+0000] {logging_mixin.py:190} INFO - [2026-07-23T02:29:12.112+0000] {dag.py:4180} INFO - Setting next_dagrun for setup_lakehouse_infrastructure_v3 to None, run_after=None
[2026-07-23T02:29:12.129+0000] {processor.py:208} INFO - Processing /opt/airflow/dags/setup_lakehouse_infrastructure_v3.py took 0.093 seconds
[2026-07-23T02:29:42.628+0000] {processor.py:186} INFO - Started process (PID=6459) to work on /opt/airflow/dags/setup_lakehouse_infrastructure_v3.py
[2026-07-23T02:29:42.629+0000] {processor.py:914} INFO - Processing file /opt/airflow/dags/setup_lakehouse_infrastructure_v3.py for tasks to queue
[2026-07-23T02:29:42.631+0000] {logging_mixin.py:190} INFO - [2026-07-23T02:29:42.631+0000] {dagbag.py:588} INFO - Filling up the DagBag from /opt/airflow/dags/setup_lakehouse_infrastructure_v3.py
[2026-07-23T02:29:42.660+0000] {processor.py:925} INFO - DAG(s) 'setup_lakehouse_infrastructure_v3' retrieved from /opt/airflow/dags/setup_lakehouse_infrastructure_v3.py
[2026-07-23T02:29:42.688+0000] {logging_mixin.py:190} INFO - [2026-07-23T02:29:42.687+0000] {dag.py:3239} INFO - Sync 1 DAGs
[2026-07-23T02:29:42.710+0000] {logging_mixin.py:190} INFO - [2026-07-23T02:29:42.710+0000] {dag.py:4180} INFO - Setting next_dagrun for setup_lakehouse_infrastructure_v3 to None, run_after=None
[2026-07-23T02:29:42.730+0000] {processor.py:208} INFO - Processing /opt/airflow/dags/setup_lakehouse_infrastructure_v3.py took 0.107 seconds
[2026-07-23T02:30:12.952+0000] {processor.py:186} INFO - Started process (PID=6577) to work on /opt/airflow/dags/setup_lakehouse_infrastructure_v3.py
[2026-07-23T02:30:12.953+0000] {processor.py:914} INFO - Processing file /opt/airflow/dags/setup_lakehouse_infrastructure_v3.py for tasks to queue
[2026-07-23T02:30:12.955+0000] {logging_mixin.py:190} INFO - [2026-07-23T02:30:12.955+0000] {dagbag.py:588} INFO - Filling up the DagBag from /opt/airflow/dags/setup_lakehouse_infrastructure_v3.py
[2026-07-23T02:30:12.983+0000] {processor.py:925} INFO - DAG(s) 'setup_lakehouse_infrastructure_v3' retrieved from /opt/airflow/dags/setup_lakehouse_infrastructure_v3.py
[2026-07-23T02:30:13.006+0000] {logging_mixin.py:190} INFO - [2026-07-23T02:30:13.006+0000] {dag.py:3239} INFO - Sync 1 DAGs
[2026-07-23T02:30:13.031+0000] {logging_mixin.py:190} INFO - [2026-07-23T02:30:13.031+0000] {dag.py:4180} INFO - Setting next_dagrun for setup_lakehouse_infrastructure_v3 to None, run_after=None
[2026-07-23T02:30:13.055+0000] {processor.py:208} INFO - Processing /opt/airflow/dags/setup_lakehouse_infrastructure_v3.py took 0.110 seconds
[2026-07-23T02:30:43.591+0000] {processor.py:186} INFO - Started process (PID=6691) to work on /opt/airflow/dags/setup_lakehouse_infrastructure_v3.py
[2026-07-23T02:30:43.592+0000] {processor.py:914} INFO - Processing file /opt/airflow/dags/setup_lakehouse_infrastructure_v3.py for tasks to queue
[2026-07-23T02:30:43.595+0000] {logging_mixin.py:190} INFO - [2026-07-23T02:30:43.594+0000] {dagbag.py:588} INFO - Filling up the DagBag from /opt/airflow/dags/setup_lakehouse_infrastructure_v3.py
[2026-07-23T02:30:43.622+0000] {processor.py:925} INFO - DAG(s) 'setup_lakehouse_infrastructure_v3' retrieved from /opt/airflow/dags/setup_lakehouse_infrastructure_v3.py
[2026-07-23T02:30:43.647+0000] {logging_mixin.py:190} INFO - [2026-07-23T02:30:43.646+0000] {dag.py:3239} INFO - Sync 1 DAGs
[2026-07-23T02:30:43.669+0000] {logging_mixin.py:190} INFO - [2026-07-23T02:30:43.669+0000] {dag.py:4180} INFO - Setting next_dagrun for setup_lakehouse_infrastructure_v3 to None, run_after=None
[2026-07-23T02:30:43.694+0000] {processor.py:208} INFO - Processing /opt/airflow/dags/setup_lakehouse_infrastructure_v3.py took 0.110 seconds
[2026-07-23T02:31:14.402+0000] {processor.py:186} INFO - Started process (PID=6807) to work on /opt/airflow/dags/setup_lakehouse_infrastructure_v3.py
[2026-07-23T02:31:14.403+0000] {processor.py:914} INFO - Processing file /opt/airflow/dags/setup_lakehouse_infrastructure_v3.py for tasks to queue
[2026-07-23T02:31:14.406+0000] {logging_mixin.py:190} INFO - [2026-07-23T02:31:14.405+0000] {dagbag.py:588} INFO - Filling up the DagBag from /opt/airflow/dags/setup_lakehouse_infrastructure_v3.py
[2026-07-23T02:31:14.430+0000] {processor.py:925} INFO - DAG(s) 'setup_lakehouse_infrastructure_v3' retrieved from /opt/airflow/dags/setup_lakehouse_infrastructure_v3.py
[2026-07-23T02:31:14.451+0000] {logging_mixin.py:190} INFO - [2026-07-23T02:31:14.451+0000] {dag.py:3239} INFO - Sync 1 DAGs
[2026-07-23T02:31:14.472+0000] {logging_mixin.py:190} INFO - [2026-07-23T02:31:14.472+0000] {dag.py:4180} INFO - Setting next_dagrun for setup_lakehouse_infrastructure_v3 to None, run_after=None
[2026-07-23T02:31:14.490+0000] {processor.py:208} INFO - Processing /opt/airflow/dags/setup_lakehouse_infrastructure_v3.py took 0.093 seconds
[2026-07-23T02:31:44.830+0000] {processor.py:186} INFO - Started process (PID=6918) to work on /opt/airflow/dags/setup_lakehouse_infrastructure_v3.py
[2026-07-23T02:31:44.831+0000] {processor.py:914} INFO - Processing file /opt/airflow/dags/setup_lakehouse_infrastructure_v3.py for tasks to queue
[2026-07-23T02:31:44.834+0000] {logging_mixin.py:190} INFO - [2026-07-23T02:31:44.834+0000] {dagbag.py:588} INFO - Filling up the DagBag from /opt/airflow/dags/setup_lakehouse_infrastructure_v3.py
[2026-07-23T02:31:44.869+0000] {processor.py:925} INFO - DAG(s) 'setup_lakehouse_infrastructure_v3' retrieved from /opt/airflow/dags/setup_lakehouse_infrastructure_v3.py
[2026-07-23T02:31:44.894+0000] {logging_mixin.py:190} INFO - [2026-07-23T02:31:44.894+0000] {dag.py:3239} INFO - Sync 1 DAGs
[2026-07-23T02:31:44.917+0000] {logging_mixin.py:190} INFO - [2026-07-23T02:31:44.917+0000] {dag.py:4180} INFO - Setting next_dagrun for setup_lakehouse_infrastructure_v3 to None, run_after=None
[2026-07-23T02:31:44.940+0000] {processor.py:208} INFO - Processing /opt/airflow/dags/setup_lakehouse_infrastructure_v3.py took 0.117 seconds
[2026-07-23T02:37:38.394+0000] {processor.py:186} INFO - Started process (PID=7032) to work on /opt/airflow/dags/setup_lakehouse_infrastructure_v3.py
[2026-07-23T02:37:38.395+0000] {processor.py:914} INFO - Processing file /opt/airflow/dags/setup_lakehouse_infrastructure_v3.py for tasks to queue
[2026-07-23T02:37:38.397+0000] {logging_mixin.py:190} INFO - [2026-07-23T02:37:38.397+0000] {dagbag.py:588} INFO - Filling up the DagBag from /opt/airflow/dags/setup_lakehouse_infrastructure_v3.py
[2026-07-23T02:37:38.424+0000] {processor.py:925} INFO - DAG(s) 'setup_lakehouse_infrastructure_v3' retrieved from /opt/airflow/dags/setup_lakehouse_infrastructure_v3.py
[2026-07-23T02:37:38.451+0000] {logging_mixin.py:190} INFO - [2026-07-23T02:37:38.450+0000] {dag.py:3239} INFO - Sync 1 DAGs
[2026-07-23T02:37:38.475+0000] {logging_mixin.py:190} INFO - [2026-07-23T02:37:38.475+0000] {dag.py:4180} INFO - Setting next_dagrun for setup_lakehouse_infrastructure_v3 to None, run_after=None
[2026-07-23T02:37:38.500+0000] {processor.py:208} INFO - Processing /opt/airflow/dags/setup_lakehouse_infrastructure_v3.py took 0.115 seconds
[2026-07-23T02:38:08.677+0000] {processor.py:186} INFO - Started process (PID=7157) to work on /opt/airflow/dags/setup_lakehouse_infrastructure_v3.py
[2026-07-23T02:38:08.678+0000] {processor.py:914} INFO - Processing file /opt/airflow/dags/setup_lakehouse_infrastructure_v3.py for tasks to queue
[2026-07-23T02:38:08.680+0000] {logging_mixin.py:190} INFO - [2026-07-23T02:38:08.680+0000] {dagbag.py:588} INFO - Filling up the DagBag from /opt/airflow/dags/setup_lakehouse_infrastructure_v3.py
[2026-07-23T02:38:08.702+0000] {processor.py:925} INFO - DAG(s) 'setup_lakehouse_infrastructure_v3' retrieved from /opt/airflow/dags/setup_lakehouse_infrastructure_v3.py
[2026-07-23T02:38:08.724+0000] {logging_mixin.py:190} INFO - [2026-07-23T02:38:08.724+0000] {dag.py:3239} INFO - Sync 1 DAGs
[2026-07-23T02:38:08.744+0000] {logging_mixin.py:190} INFO - [2026-07-23T02:38:08.744+0000] {dag.py:4180} INFO - Setting next_dagrun for setup_lakehouse_infrastructure_v3 to None, run_after=None
[2026-07-23T02:38:08.761+0000] {processor.py:208} INFO - Processing /opt/airflow/dags/setup_lakehouse_infrastructure_v3.py took 0.090 seconds
[2026-07-23T02:38:39.294+0000] {processor.py:186} INFO - Started process (PID=7275) to work on /opt/airflow/dags/setup_lakehouse_infrastructure_v3.py
[2026-07-23T02:38:39.296+0000] {processor.py:914} INFO - Processing file /opt/airflow/dags/setup_lakehouse_infrastructure_v3.py for tasks to queue
[2026-07-23T02:38:39.299+0000] {logging_mixin.py:190} INFO - [2026-07-23T02:38:39.299+0000] {dagbag.py:588} INFO - Filling up the DagBag from /opt/airflow/dags/setup_lakehouse_infrastructure_v3.py
[2026-07-23T02:38:39.329+0000] {processor.py:925} INFO - DAG(s) 'setup_lakehouse_infrastructure_v3' retrieved from /opt/airflow/dags/setup_lakehouse_infrastructure_v3.py
[2026-07-23T02:38:39.354+0000] {logging_mixin.py:190} INFO - [2026-07-23T02:38:39.354+0000] {dag.py:3239} INFO - Sync 1 DAGs
[2026-07-23T02:38:39.377+0000] {logging_mixin.py:190} INFO - [2026-07-23T02:38:39.377+0000] {dag.py:4180} INFO - Setting next_dagrun for setup_lakehouse_infrastructure_v3 to None, run_after=None
[2026-07-23T02:38:39.401+0000] {processor.py:208} INFO - Processing /opt/airflow/dags/setup_lakehouse_infrastructure_v3.py took 0.113 seconds
[2026-07-23T02:39:10.023+0000] {processor.py:186} INFO - Started process (PID=7391) to work on /opt/airflow/dags/setup_lakehouse_infrastructure_v3.py
[2026-07-23T02:39:10.024+0000] {processor.py:914} INFO - Processing file /opt/airflow/dags/setup_lakehouse_infrastructure_v3.py for tasks to queue
[2026-07-23T02:39:10.027+0000] {logging_mixin.py:190} INFO - [2026-07-23T02:39:10.026+0000] {dagbag.py:588} INFO - Filling up the DagBag from /opt/airflow/dags/setup_lakehouse_infrastructure_v3.py
[2026-07-23T02:39:10.056+0000] {processor.py:925} INFO - DAG(s) 'setup_lakehouse_infrastructure_v3' retrieved from /opt/airflow/dags/setup_lakehouse_infrastructure_v3.py
[2026-07-23T02:39:10.082+0000] {logging_mixin.py:190} INFO - [2026-07-23T02:39:10.082+0000] {dag.py:3239} INFO - Sync 1 DAGs
[2026-07-23T02:39:10.106+0000] {logging_mixin.py:190} INFO - [2026-07-23T02:39:10.106+0000] {dag.py:4180} INFO - Setting next_dagrun for setup_lakehouse_infrastructure_v3 to None, run_after=None
[2026-07-23T02:39:10.130+0000] {processor.py:208} INFO - Processing /opt/airflow/dags/setup_lakehouse_infrastructure_v3.py took 0.114 seconds
[2026-07-23T02:39:40.600+0000] {processor.py:186} INFO - Started process (PID=7505) to work on /opt/airflow/dags/setup_lakehouse_infrastructure_v3.py
[2026-07-23T02:39:40.601+0000] {processor.py:914} INFO - Processing file /opt/airflow/dags/setup_lakehouse_infrastructure_v3.py for tasks to queue
[2026-07-23T02:39:40.603+0000] {logging_mixin.py:190} INFO - [2026-07-23T02:39:40.602+0000] {dagbag.py:588} INFO - Filling up the DagBag from /opt/airflow/dags/setup_lakehouse_infrastructure_v3.py
[2026-07-23T02:39:40.628+0000] {processor.py:925} INFO - DAG(s) 'setup_lakehouse_infrastructure_v3' retrieved from /opt/airflow/dags/setup_lakehouse_infrastructure_v3.py
[2026-07-23T02:39:40.651+0000] {logging_mixin.py:190} INFO - [2026-07-23T02:39:40.651+0000] {dag.py:3239} INFO - Sync 1 DAGs
[2026-07-23T02:39:40.672+0000] {logging_mixin.py:190} INFO - [2026-07-23T02:39:40.672+0000] {dag.py:4180} INFO - Setting next_dagrun for setup_lakehouse_infrastructure_v3 to None, run_after=None
[2026-07-23T02:39:40.691+0000] {processor.py:208} INFO - Processing /opt/airflow/dags/setup_lakehouse_infrastructure_v3.py took 0.096 seconds
[2026-07-23T02:40:10.753+0000] {processor.py:186} INFO - Started process (PID=7642) to work on /opt/airflow/dags/setup_lakehouse_infrastructure_v3.py
[2026-07-23T02:40:10.754+0000] {processor.py:914} INFO - Processing file /opt/airflow/dags/setup_lakehouse_infrastructure_v3.py for tasks to queue
[2026-07-23T02:40:10.757+0000] {logging_mixin.py:190} INFO - [2026-07-23T02:40:10.756+0000] {dagbag.py:588} INFO - Filling up the DagBag from /opt/airflow/dags/setup_lakehouse_infrastructure_v3.py
[2026-07-23T02:40:10.787+0000] {processor.py:925} INFO - DAG(s) 'setup_lakehouse_infrastructure_v3' retrieved from /opt/airflow/dags/setup_lakehouse_infrastructure_v3.py
[2026-07-23T02:40:10.810+0000] {logging_mixin.py:190} INFO - [2026-07-23T02:40:10.810+0000] {dag.py:3239} INFO - Sync 1 DAGs
[2026-07-23T02:40:10.831+0000] {logging_mixin.py:190} INFO - [2026-07-23T02:40:10.831+0000] {dag.py:4180} INFO - Setting next_dagrun for setup_lakehouse_infrastructure_v3 to None, run_after=None
[2026-07-23T02:40:10.854+0000] {processor.py:208} INFO - Processing /opt/airflow/dags/setup_lakehouse_infrastructure_v3.py took 0.107 seconds
[2026-07-23T02:40:41.295+0000] {processor.py:186} INFO - Started process (PID=7758) to work on /opt/airflow/dags/setup_lakehouse_infrastructure_v3.py
[2026-07-23T02:40:41.296+0000] {processor.py:914} INFO - Processing file /opt/airflow/dags/setup_lakehouse_infrastructure_v3.py for tasks to queue
[2026-07-23T02:40:41.298+0000] {logging_mixin.py:190} INFO - [2026-07-23T02:40:41.298+0000] {dagbag.py:588} INFO - Filling up the DagBag from /opt/airflow/dags/setup_lakehouse_infrastructure_v3.py
[2026-07-23T02:40:41.323+0000] {processor.py:925} INFO - DAG(s) 'setup_lakehouse_infrastructure_v3' retrieved from /opt/airflow/dags/setup_lakehouse_infrastructure_v3.py
[2026-07-23T02:40:41.348+0000] {logging_mixin.py:190} INFO - [2026-07-23T02:40:41.348+0000] {dag.py:3239} INFO - Sync 1 DAGs
[2026-07-23T02:40:41.370+0000] {logging_mixin.py:190} INFO - [2026-07-23T02:40:41.370+0000] {dag.py:4180} INFO - Setting next_dagrun for setup_lakehouse_infrastructure_v3 to None, run_after=None
[2026-07-23T02:40:41.394+0000] {processor.py:208} INFO - Processing /opt/airflow/dags/setup_lakehouse_infrastructure_v3.py took 0.104 seconds
[2026-07-23T02:41:12.054+0000] {processor.py:186} INFO - Started process (PID=7872) to work on /opt/airflow/dags/setup_lakehouse_infrastructure_v3.py
[2026-07-23T02:41:12.055+0000] {processor.py:914} INFO - Processing file /opt/airflow/dags/setup_lakehouse_infrastructure_v3.py for tasks to queue
[2026-07-23T02:41:12.057+0000] {logging_mixin.py:190} INFO - [2026-07-23T02:41:12.057+0000] {dagbag.py:588} INFO - Filling up the DagBag from /opt/airflow/dags/setup_lakehouse_infrastructure_v3.py
[2026-07-23T02:41:12.081+0000] {processor.py:925} INFO - DAG(s) 'setup_lakehouse_infrastructure_v3' retrieved from /opt/airflow/dags/setup_lakehouse_infrastructure_v3.py
[2026-07-23T02:41:12.103+0000] {logging_mixin.py:190} INFO - [2026-07-23T02:41:12.103+0000] {dag.py:3239} INFO - Sync 1 DAGs
[2026-07-23T02:41:12.123+0000] {logging_mixin.py:190} INFO - [2026-07-23T02:41:12.123+0000] {dag.py:4180} INFO - Setting next_dagrun for setup_lakehouse_infrastructure_v3 to None, run_after=None
[2026-07-23T02:41:12.140+0000] {processor.py:208} INFO - Processing /opt/airflow/dags/setup_lakehouse_infrastructure_v3.py took 0.090 seconds
[2026-07-23T02:41:42.288+0000] {processor.py:186} INFO - Started process (PID=7985) to work on /opt/airflow/dags/setup_lakehouse_infrastructure_v3.py
[2026-07-23T02:41:42.289+0000] {processor.py:914} INFO - Processing file /opt/airflow/dags/setup_lakehouse_infrastructure_v3.py for tasks to queue
[2026-07-23T02:41:42.292+0000] {logging_mixin.py:190} INFO - [2026-07-23T02:41:42.292+0000] {dagbag.py:588} INFO - Filling up the DagBag from /opt/airflow/dags/setup_lakehouse_infrastructure_v3.py
[2026-07-23T02:41:42.321+0000] {processor.py:925} INFO - DAG(s) 'setup_lakehouse_infrastructure_v3' retrieved from /opt/airflow/dags/setup_lakehouse_infrastructure_v3.py
[2026-07-23T02:41:42.343+0000] {logging_mixin.py:190} INFO - [2026-07-23T02:41:42.343+0000] {dag.py:3239} INFO - Sync 1 DAGs
[2026-07-23T02:41:42.364+0000] {logging_mixin.py:190} INFO - [2026-07-23T02:41:42.364+0000] {dag.py:4180} INFO - Setting next_dagrun for setup_lakehouse_infrastructure_v3 to None, run_after=None
[2026-07-23T02:41:42.387+0000] {processor.py:208} INFO - Processing /opt/airflow/dags/setup_lakehouse_infrastructure_v3.py took 0.104 seconds
[2026-07-23T02:42:13.005+0000] {processor.py:186} INFO - Started process (PID=8101) to work on /opt/airflow/dags/setup_lakehouse_infrastructure_v3.py
[2026-07-23T02:42:13.006+0000] {processor.py:914} INFO - Processing file /opt/airflow/dags/setup_lakehouse_infrastructure_v3.py for tasks to queue
[2026-07-23T02:42:13.009+0000] {logging_mixin.py:190} INFO - [2026-07-23T02:42:13.009+0000] {dagbag.py:588} INFO - Filling up the DagBag from /opt/airflow/dags/setup_lakehouse_infrastructure_v3.py
[2026-07-23T02:42:13.034+0000] {processor.py:925} INFO - DAG(s) 'setup_lakehouse_infrastructure_v3' retrieved from /opt/airflow/dags/setup_lakehouse_infrastructure_v3.py
[2026-07-23T02:42:13.063+0000] {logging_mixin.py:190} INFO - [2026-07-23T02:42:13.063+0000] {dag.py:3239} INFO - Sync 1 DAGs
[2026-07-23T02:42:13.085+0000] {logging_mixin.py:190} INFO - [2026-07-23T02:42:13.085+0000] {dag.py:4180} INFO - Setting next_dagrun for setup_lakehouse_infrastructure_v3 to None, run_after=None
[2026-07-23T02:42:13.110+0000] {processor.py:208} INFO - Processing /opt/airflow/dags/setup_lakehouse_infrastructure_v3.py took 0.111 seconds
[2026-07-23T02:42:44.081+0000] {processor.py:186} INFO - Started process (PID=8217) to work on /opt/airflow/dags/setup_lakehouse_infrastructure_v3.py
[2026-07-23T02:42:44.082+0000] {processor.py:914} INFO - Processing file /opt/airflow/dags/setup_lakehouse_infrastructure_v3.py for tasks to queue
[2026-07-23T02:42:44.084+0000] {logging_mixin.py:190} INFO - [2026-07-23T02:42:44.084+0000] {dagbag.py:588} INFO - Filling up the DagBag from /opt/airflow/dags/setup_lakehouse_infrastructure_v3.py
[2026-07-23T02:42:44.108+0000] {processor.py:925} INFO - DAG(s) 'setup_lakehouse_infrastructure_v3' retrieved from /opt/airflow/dags/setup_lakehouse_infrastructure_v3.py
[2026-07-23T02:42:44.131+0000] {logging_mixin.py:190} INFO - [2026-07-23T02:42:44.131+0000] {dag.py:3239} INFO - Sync 1 DAGs
[2026-07-23T02:42:44.152+0000] {logging_mixin.py:190} INFO - [2026-07-23T02:42:44.151+0000] {dag.py:4180} INFO - Setting next_dagrun for setup_lakehouse_infrastructure_v3 to None, run_after=None
[2026-07-23T02:42:44.176+0000] {processor.py:208} INFO - Processing /opt/airflow/dags/setup_lakehouse_infrastructure_v3.py took 0.100 seconds
[2026-07-23T02:43:14.591+0000] {processor.py:186} INFO - Started process (PID=8331) to work on /opt/airflow/dags/setup_lakehouse_infrastructure_v3.py
[2026-07-23T02:43:14.592+0000] {processor.py:914} INFO - Processing file /opt/airflow/dags/setup_lakehouse_infrastructure_v3.py for tasks to queue
[2026-07-23T02:43:14.594+0000] {logging_mixin.py:190} INFO - [2026-07-23T02:43:14.594+0000] {dagbag.py:588} INFO - Filling up the DagBag from /opt/airflow/dags/setup_lakehouse_infrastructure_v3.py
[2026-07-23T02:43:14.624+0000] {processor.py:925} INFO - DAG(s) 'setup_lakehouse_infrastructure_v3' retrieved from /opt/airflow/dags/setup_lakehouse_infrastructure_v3.py
[2026-07-23T02:43:14.651+0000] {logging_mixin.py:190} INFO - [2026-07-23T02:43:14.651+0000] {dag.py:3239} INFO - Sync 1 DAGs
[2026-07-23T02:43:14.674+0000] {logging_mixin.py:190} INFO - [2026-07-23T02:43:14.674+0000] {dag.py:4180} INFO - Setting next_dagrun for setup_lakehouse_infrastructure_v3 to None, run_after=None
[2026-07-23T02:43:14.693+0000] {processor.py:208} INFO - Processing /opt/airflow/dags/setup_lakehouse_infrastructure_v3.py took 0.109 seconds
[2026-07-23T02:44:45.021+0000] {processor.py:186} INFO - Started process (PID=170) to work on /opt/airflow/dags/setup_lakehouse_infrastructure_v3.py
[2026-07-23T02:44:45.023+0000] {processor.py:914} INFO - Processing file /opt/airflow/dags/setup_lakehouse_infrastructure_v3.py for tasks to queue
[2026-07-23T02:44:45.026+0000] {logging_mixin.py:190} INFO - [2026-07-23T02:44:45.026+0000] {dagbag.py:588} INFO - Filling up the DagBag from /opt/airflow/dags/setup_lakehouse_infrastructure_v3.py
[2026-07-23T02:44:45.074+0000] {processor.py:925} INFO - DAG(s) 'setup_lakehouse_infrastructure_v3' retrieved from /opt/airflow/dags/setup_lakehouse_infrastructure_v3.py
[2026-07-23T02:44:45.119+0000] {logging_mixin.py:190} INFO - [2026-07-23T02:44:45.119+0000] {dag.py:3239} INFO - Sync 1 DAGs
[2026-07-23T02:44:45.153+0000] {logging_mixin.py:190} INFO - [2026-07-23T02:44:45.153+0000] {dag.py:4180} INFO - Setting next_dagrun for setup_lakehouse_infrastructure_v3 to None, run_after=None
[2026-07-23T02:44:45.189+0000] {processor.py:208} INFO - Processing /opt/airflow/dags/setup_lakehouse_infrastructure_v3.py took 0.175 seconds
[2026-07-23T02:45:15.383+0000] {processor.py:186} INFO - Started process (PID=288) to work on /opt/airflow/dags/setup_lakehouse_infrastructure_v3.py
[2026-07-23T02:45:15.384+0000] {processor.py:914} INFO - Processing file /opt/airflow/dags/setup_lakehouse_infrastructure_v3.py for tasks to queue
[2026-07-23T02:45:15.386+0000] {logging_mixin.py:190} INFO - [2026-07-23T02:45:15.386+0000] {dagbag.py:588} INFO - Filling up the DagBag from /opt/airflow/dags/setup_lakehouse_infrastructure_v3.py
[2026-07-23T02:45:15.408+0000] {processor.py:925} INFO - DAG(s) 'setup_lakehouse_infrastructure_v3' retrieved from /opt/airflow/dags/setup_lakehouse_infrastructure_v3.py
[2026-07-23T02:45:15.430+0000] {logging_mixin.py:190} INFO - [2026-07-23T02:45:15.429+0000] {dag.py:3239} INFO - Sync 1 DAGs
[2026-07-23T02:45:15.452+0000] {logging_mixin.py:190} INFO - [2026-07-23T02:45:15.452+0000] {dag.py:4180} INFO - Setting next_dagrun for setup_lakehouse_infrastructure_v3 to None, run_after=None
[2026-07-23T02:45:15.477+0000] {processor.py:208} INFO - Processing /opt/airflow/dags/setup_lakehouse_infrastructure_v3.py took 0.099 seconds
[2026-07-23T02:45:45.617+0000] {processor.py:186} INFO - Started process (PID=404) to work on /opt/airflow/dags/setup_lakehouse_infrastructure_v3.py
[2026-07-23T02:45:45.618+0000] {processor.py:914} INFO - Processing file /opt/airflow/dags/setup_lakehouse_infrastructure_v3.py for tasks to queue
[2026-07-23T02:45:45.620+0000] {logging_mixin.py:190} INFO - [2026-07-23T02:45:45.619+0000] {dagbag.py:588} INFO - Filling up the DagBag from /opt/airflow/dags/setup_lakehouse_infrastructure_v3.py
[2026-07-23T02:45:45.643+0000] {processor.py:925} INFO - DAG(s) 'setup_lakehouse_infrastructure_v3' retrieved from /opt/airflow/dags/setup_lakehouse_infrastructure_v3.py
[2026-07-23T02:45:45.663+0000] {logging_mixin.py:190} INFO - [2026-07-23T02:45:45.663+0000] {dag.py:3239} INFO - Sync 1 DAGs
[2026-07-23T02:45:45.683+0000] {logging_mixin.py:190} INFO - [2026-07-23T02:45:45.683+0000] {dag.py:4180} INFO - Setting next_dagrun for setup_lakehouse_infrastructure_v3 to None, run_after=None
[2026-07-23T02:45:45.702+0000] {processor.py:208} INFO - Processing /opt/airflow/dags/setup_lakehouse_infrastructure_v3.py took 0.090 seconds
[2026-07-23T02:46:15.911+0000] {processor.py:186} INFO - Started process (PID=518) to work on /opt/airflow/dags/setup_lakehouse_infrastructure_v3.py
[2026-07-23T02:46:15.912+0000] {processor.py:914} INFO - Processing file /opt/airflow/dags/setup_lakehouse_infrastructure_v3.py for tasks to queue
[2026-07-23T02:46:15.914+0000] {logging_mixin.py:190} INFO - [2026-07-23T02:46:15.914+0000] {dagbag.py:588} INFO - Filling up the DagBag from /opt/airflow/dags/setup_lakehouse_infrastructure_v3.py
[2026-07-23T02:46:15.936+0000] {processor.py:925} INFO - DAG(s) 'setup_lakehouse_infrastructure_v3' retrieved from /opt/airflow/dags/setup_lakehouse_infrastructure_v3.py
[2026-07-23T02:46:15.960+0000] {logging_mixin.py:190} INFO - [2026-07-23T02:46:15.960+0000] {dag.py:3239} INFO - Sync 1 DAGs
[2026-07-23T02:46:15.979+0000] {logging_mixin.py:190} INFO - [2026-07-23T02:46:15.979+0000] {dag.py:4180} INFO - Setting next_dagrun for setup_lakehouse_infrastructure_v3 to None, run_after=None
[2026-07-23T02:46:15.996+0000] {processor.py:208} INFO - Processing /opt/airflow/dags/setup_lakehouse_infrastructure_v3.py took 0.091 seconds
[2026-07-23T02:46:46.733+0000] {processor.py:186} INFO - Started process (PID=629) to work on /opt/airflow/dags/setup_lakehouse_infrastructure_v3.py
[2026-07-23T02:46:46.734+0000] {processor.py:914} INFO - Processing file /opt/airflow/dags/setup_lakehouse_infrastructure_v3.py for tasks to queue
[2026-07-23T02:46:46.737+0000] {logging_mixin.py:190} INFO - [2026-07-23T02:46:46.737+0000] {dagbag.py:588} INFO - Filling up the DagBag from /opt/airflow/dags/setup_lakehouse_infrastructure_v3.py
[2026-07-23T02:46:46.773+0000] {processor.py:925} INFO - DAG(s) 'setup_lakehouse_infrastructure_v3' retrieved from /opt/airflow/dags/setup_lakehouse_infrastructure_v3.py
[2026-07-23T02:46:46.809+0000] {logging_mixin.py:190} INFO - [2026-07-23T02:46:46.808+0000] {dag.py:3239} INFO - Sync 1 DAGs
[2026-07-23T02:46:46.845+0000] {logging_mixin.py:190} INFO - [2026-07-23T02:46:46.844+0000] {dag.py:4180} INFO - Setting next_dagrun for setup_lakehouse_infrastructure_v3 to None, run_after=None
[2026-07-23T02:46:46.875+0000] {processor.py:208} INFO - Processing /opt/airflow/dags/setup_lakehouse_infrastructure_v3.py took 0.149 seconds
[2026-07-23T02:47:17.241+0000] {processor.py:186} INFO - Started process (PID=745) to work on /opt/airflow/dags/setup_lakehouse_infrastructure_v3.py
[2026-07-23T02:47:17.242+0000] {processor.py:914} INFO - Processing file /opt/airflow/dags/setup_lakehouse_infrastructure_v3.py for tasks to queue
[2026-07-23T02:47:17.245+0000] {logging_mixin.py:190} INFO - [2026-07-23T02:47:17.244+0000] {dagbag.py:588} INFO - Filling up the DagBag from /opt/airflow/dags/setup_lakehouse_infrastructure_v3.py
[2026-07-23T02:47:17.273+0000] {processor.py:925} INFO - DAG(s) 'setup_lakehouse_infrastructure_v3' retrieved from /opt/airflow/dags/setup_lakehouse_infrastructure_v3.py
[2026-07-23T02:47:17.299+0000] {logging_mixin.py:190} INFO - [2026-07-23T02:47:17.298+0000] {dag.py:3239} INFO - Sync 1 DAGs
[2026-07-23T02:47:17.321+0000] {logging_mixin.py:190} INFO - [2026-07-23T02:47:17.321+0000] {dag.py:4180} INFO - Setting next_dagrun for setup_lakehouse_infrastructure_v3 to None, run_after=None
[2026-07-23T02:47:17.344+0000] {processor.py:208} INFO - Processing /opt/airflow/dags/setup_lakehouse_infrastructure_v3.py took 0.109 seconds
[2026-07-23T02:47:47.645+0000] {processor.py:186} INFO - Started process (PID=861) to work on /opt/airflow/dags/setup_lakehouse_infrastructure_v3.py
[2026-07-23T02:47:47.646+0000] {processor.py:914} INFO - Processing file /opt/airflow/dags/setup_lakehouse_infrastructure_v3.py for tasks to queue
[2026-07-23T02:47:47.649+0000] {logging_mixin.py:190} INFO - [2026-07-23T02:47:47.649+0000] {dagbag.py:588} INFO - Filling up the DagBag from /opt/airflow/dags/setup_lakehouse_infrastructure_v3.py
[2026-07-23T02:47:47.673+0000] {processor.py:925} INFO - DAG(s) 'setup_lakehouse_infrastructure_v3' retrieved from /opt/airflow/dags/setup_lakehouse_infrastructure_v3.py
[2026-07-23T02:47:47.702+0000] {logging_mixin.py:190} INFO - [2026-07-23T02:47:47.702+0000] {dag.py:3239} INFO - Sync 1 DAGs
[2026-07-23T02:47:47.733+0000] {logging_mixin.py:190} INFO - [2026-07-23T02:47:47.733+0000] {dag.py:4180} INFO - Setting next_dagrun for setup_lakehouse_infrastructure_v3 to None, run_after=None
[2026-07-23T02:47:47.756+0000] {processor.py:208} INFO - Processing /opt/airflow/dags/setup_lakehouse_infrastructure_v3.py took 0.117 seconds
[2026-07-23T02:48:17.941+0000] {processor.py:186} INFO - Started process (PID=996) to work on /opt/airflow/dags/setup_lakehouse_infrastructure_v3.py
[2026-07-23T02:48:17.942+0000] {processor.py:914} INFO - Processing file /opt/airflow/dags/setup_lakehouse_infrastructure_v3.py for tasks to queue
[2026-07-23T02:48:17.944+0000] {logging_mixin.py:190} INFO - [2026-07-23T02:48:17.943+0000] {dagbag.py:588} INFO - Filling up the DagBag from /opt/airflow/dags/setup_lakehouse_infrastructure_v3.py
[2026-07-23T02:48:17.969+0000] {processor.py:925} INFO - DAG(s) 'setup_lakehouse_infrastructure_v3' retrieved from /opt/airflow/dags/setup_lakehouse_infrastructure_v3.py
[2026-07-23T02:48:17.995+0000] {logging_mixin.py:190} INFO - [2026-07-23T02:48:17.995+0000] {dag.py:3239} INFO - Sync 1 DAGs
[2026-07-23T02:48:18.017+0000] {logging_mixin.py:190} INFO - [2026-07-23T02:48:18.017+0000] {dag.py:4180} INFO - Setting next_dagrun for setup_lakehouse_infrastructure_v3 to None, run_after=None
[2026-07-23T02:48:18.039+0000] {processor.py:208} INFO - Processing /opt/airflow/dags/setup_lakehouse_infrastructure_v3.py took 0.104 seconds
[2026-07-23T03:00:43.000+0000] {processor.py:186} INFO - Started process (PID=170) to work on /opt/airflow/dags/setup_lakehouse_infrastructure_v3.py
[2026-07-23T03:00:43.002+0000] {processor.py:914} INFO - Processing file /opt/airflow/dags/setup_lakehouse_infrastructure_v3.py for tasks to queue
[2026-07-23T03:00:43.006+0000] {logging_mixin.py:190} INFO - [2026-07-23T03:00:43.006+0000] {dagbag.py:588} INFO - Filling up the DagBag from /opt/airflow/dags/setup_lakehouse_infrastructure_v3.py
[2026-07-23T03:00:43.046+0000] {processor.py:925} INFO - DAG(s) 'setup_lakehouse_infrastructure_v3' retrieved from /opt/airflow/dags/setup_lakehouse_infrastructure_v3.py
[2026-07-23T03:00:43.153+0000] {logging_mixin.py:190} INFO - [2026-07-23T03:00:43.152+0000] {override.py:1900} INFO - Created Permission View: can read on DAG:setup_lakehouse_infrastructure_v3
[2026-07-23T03:00:43.169+0000] {logging_mixin.py:190} INFO - [2026-07-23T03:00:43.168+0000] {override.py:1900} INFO - Created Permission View: can delete on DAG:setup_lakehouse_infrastructure_v3
[2026-07-23T03:00:43.181+0000] {logging_mixin.py:190} INFO - [2026-07-23T03:00:43.180+0000] {override.py:1900} INFO - Created Permission View: can edit on DAG:setup_lakehouse_infrastructure_v3
[2026-07-23T03:00:43.193+0000] {logging_mixin.py:190} INFO - [2026-07-23T03:00:43.192+0000] {override.py:1900} INFO - Created Permission View: can read on DAG Run:setup_lakehouse_infrastructure_v3
[2026-07-23T03:00:43.205+0000] {logging_mixin.py:190} INFO - [2026-07-23T03:00:43.205+0000] {override.py:1900} INFO - Created Permission View: can create on DAG Run:setup_lakehouse_infrastructure_v3
[2026-07-23T03:00:43.217+0000] {logging_mixin.py:190} INFO - [2026-07-23T03:00:43.217+0000] {override.py:1900} INFO - Created Permission View: menu access on DAG Run:setup_lakehouse_infrastructure_v3
[2026-07-23T03:00:43.228+0000] {logging_mixin.py:190} INFO - [2026-07-23T03:00:43.227+0000] {override.py:1900} INFO - Created Permission View: can delete on DAG Run:setup_lakehouse_infrastructure_v3
[2026-07-23T03:00:43.229+0000] {logging_mixin.py:190} INFO - [2026-07-23T03:00:43.228+0000] {dag.py:3239} INFO - Sync 1 DAGs
[2026-07-23T03:00:43.249+0000] {logging_mixin.py:190} INFO - [2026-07-23T03:00:43.249+0000] {dag.py:3262} INFO - Creating ORM DAG for setup_lakehouse_infrastructure_v3
[2026-07-23T03:00:43.461+0000] {logging_mixin.py:190} INFO - [2026-07-23T03:00:43.460+0000] {dag.py:4180} INFO - Setting next_dagrun for setup_lakehouse_infrastructure_v3 to 2024-01-01 00:00:00+00:00, run_after=2024-01-01 00:00:00+00:00
[2026-07-23T03:00:43.499+0000] {processor.py:208} INFO - Processing /opt/airflow/dags/setup_lakehouse_infrastructure_v3.py took 0.507 seconds
[2026-07-23T03:01:14.489+0000] {processor.py:186} INFO - Started process (PID=288) to work on /opt/airflow/dags/setup_lakehouse_infrastructure_v3.py
[2026-07-23T03:01:14.491+0000] {processor.py:914} INFO - Processing file /opt/airflow/dags/setup_lakehouse_infrastructure_v3.py for tasks to queue
[2026-07-23T03:01:14.496+0000] {logging_mixin.py:190} INFO - [2026-07-23T03:01:14.495+0000] {dagbag.py:588} INFO - Filling up the DagBag from /opt/airflow/dags/setup_lakehouse_infrastructure_v3.py
[2026-07-23T03:01:14.538+0000] {processor.py:925} INFO - DAG(s) 'setup_lakehouse_infrastructure_v3' retrieved from /opt/airflow/dags/setup_lakehouse_infrastructure_v3.py
[2026-07-23T03:01:14.562+0000] {logging_mixin.py:190} INFO - [2026-07-23T03:01:14.562+0000] {dag.py:3239} INFO - Sync 1 DAGs
[2026-07-23T03:01:14.584+0000] {logging_mixin.py:190} INFO - [2026-07-23T03:01:14.584+0000] {dag.py:4180} INFO - Setting next_dagrun for setup_lakehouse_infrastructure_v3 to 2024-01-01 00:00:00+00:00, run_after=2024-01-01 00:00:00+00:00
[2026-07-23T03:01:14.606+0000] {processor.py:208} INFO - Processing /opt/airflow/dags/setup_lakehouse_infrastructure_v3.py took 0.122 seconds
[2026-07-23T03:01:44.687+0000] {processor.py:186} INFO - Started process (PID=403) to work on /opt/airflow/dags/setup_lakehouse_infrastructure_v3.py
[2026-07-23T03:01:44.688+0000] {processor.py:914} INFO - Processing file /opt/airflow/dags/setup_lakehouse_infrastructure_v3.py for tasks to queue
[2026-07-23T03:01:44.690+0000] {logging_mixin.py:190} INFO - [2026-07-23T03:01:44.689+0000] {dagbag.py:588} INFO - Filling up the DagBag from /opt/airflow/dags/setup_lakehouse_infrastructure_v3.py
[2026-07-23T03:01:44.716+0000] {processor.py:925} INFO - DAG(s) 'setup_lakehouse_infrastructure_v3' retrieved from /opt/airflow/dags/setup_lakehouse_infrastructure_v3.py
[2026-07-23T03:01:44.741+0000] {logging_mixin.py:190} INFO - [2026-07-23T03:01:44.740+0000] {dag.py:3239} INFO - Sync 1 DAGs
[2026-07-23T03:01:44.767+0000] {logging_mixin.py:190} INFO - [2026-07-23T03:01:44.767+0000] {dag.py:4180} INFO - Setting next_dagrun for setup_lakehouse_infrastructure_v3 to None, run_after=None
[2026-07-23T03:01:44.789+0000] {processor.py:208} INFO - Processing /opt/airflow/dags/setup_lakehouse_infrastructure_v3.py took 0.108 seconds
[2026-07-23T03:02:15.153+0000] {processor.py:186} INFO - Started process (PID=519) to work on /opt/airflow/dags/setup_lakehouse_infrastructure_v3.py
[2026-07-23T03:02:15.154+0000] {processor.py:914} INFO - Processing file /opt/airflow/dags/setup_lakehouse_infrastructure_v3.py for tasks to queue
[2026-07-23T03:02:15.156+0000] {logging_mixin.py:190} INFO - [2026-07-23T03:02:15.156+0000] {dagbag.py:588} INFO - Filling up the DagBag from /opt/airflow/dags/setup_lakehouse_infrastructure_v3.py
[2026-07-23T03:02:15.180+0000] {processor.py:925} INFO - DAG(s) 'setup_lakehouse_infrastructure_v3' retrieved from /opt/airflow/dags/setup_lakehouse_infrastructure_v3.py
[2026-07-23T03:02:15.206+0000] {logging_mixin.py:190} INFO - [2026-07-23T03:02:15.206+0000] {dag.py:3239} INFO - Sync 1 DAGs
[2026-07-23T03:02:15.230+0000] {logging_mixin.py:190} INFO - [2026-07-23T03:02:15.230+0000] {dag.py:4180} INFO - Setting next_dagrun for setup_lakehouse_infrastructure_v3 to None, run_after=None
[2026-07-23T03:02:15.250+0000] {processor.py:208} INFO - Processing /opt/airflow/dags/setup_lakehouse_infrastructure_v3.py took 0.102 seconds
[2026-07-23T03:02:45.470+0000] {processor.py:186} INFO - Started process (PID=630) to work on /opt/airflow/dags/setup_lakehouse_infrastructure_v3.py
[2026-07-23T03:02:45.471+0000] {processor.py:914} INFO - Processing file /opt/airflow/dags/setup_lakehouse_infrastructure_v3.py for tasks to queue
[2026-07-23T03:02:45.474+0000] {logging_mixin.py:190} INFO - [2026-07-23T03:02:45.473+0000] {dagbag.py:588} INFO - Filling up the DagBag from /opt/airflow/dags/setup_lakehouse_infrastructure_v3.py
[2026-07-23T03:02:45.499+0000] {processor.py:925} INFO - DAG(s) 'setup_lakehouse_infrastructure_v3' retrieved from /opt/airflow/dags/setup_lakehouse_infrastructure_v3.py
[2026-07-23T03:02:45.525+0000] {logging_mixin.py:190} INFO - [2026-07-23T03:02:45.525+0000] {dag.py:3239} INFO - Sync 1 DAGs
[2026-07-23T03:02:45.548+0000] {logging_mixin.py:190} INFO - [2026-07-23T03:02:45.547+0000] {dag.py:4180} INFO - Setting next_dagrun for setup_lakehouse_infrastructure_v3 to None, run_after=None
[2026-07-23T03:02:45.570+0000] {processor.py:208} INFO - Processing /opt/airflow/dags/setup_lakehouse_infrastructure_v3.py took 0.106 seconds
[2026-07-23T03:03:15.895+0000] {processor.py:186} INFO - Started process (PID=938) to work on /opt/airflow/dags/setup_lakehouse_infrastructure_v3.py
[2026-07-23T03:03:15.897+0000] {processor.py:914} INFO - Processing file /opt/airflow/dags/setup_lakehouse_infrastructure_v3.py for tasks to queue
[2026-07-23T03:03:15.899+0000] {logging_mixin.py:190} INFO - [2026-07-23T03:03:15.899+0000] {dagbag.py:588} INFO - Filling up the DagBag from /opt/airflow/dags/setup_lakehouse_infrastructure_v3.py
[2026-07-23T03:03:15.926+0000] {processor.py:925} INFO - DAG(s) 'setup_lakehouse_infrastructure_v3' retrieved from /opt/airflow/dags/setup_lakehouse_infrastructure_v3.py
[2026-07-23T03:03:15.953+0000] {logging_mixin.py:190} INFO - [2026-07-23T03:03:15.953+0000] {dag.py:3239} INFO - Sync 1 DAGs
[2026-07-23T03:03:15.982+0000] {logging_mixin.py:190} INFO - [2026-07-23T03:03:15.982+0000] {dag.py:4180} INFO - Setting next_dagrun for setup_lakehouse_infrastructure_v3 to None, run_after=None
[2026-07-23T03:03:16.006+0000] {processor.py:208} INFO - Processing /opt/airflow/dags/setup_lakehouse_infrastructure_v3.py took 0.117 seconds
[2026-07-23T03:03:46.701+0000] {processor.py:186} INFO - Started process (PID=1200) to work on /opt/airflow/dags/setup_lakehouse_infrastructure_v3.py
[2026-07-23T03:03:46.702+0000] {processor.py:914} INFO - Processing file /opt/airflow/dags/setup_lakehouse_infrastructure_v3.py for tasks to queue
[2026-07-23T03:03:46.705+0000] {logging_mixin.py:190} INFO - [2026-07-23T03:03:46.705+0000] {dagbag.py:588} INFO - Filling up the DagBag from /opt/airflow/dags/setup_lakehouse_infrastructure_v3.py
[2026-07-23T03:03:46.733+0000] {processor.py:925} INFO - DAG(s) 'setup_lakehouse_infrastructure_v3' retrieved from /opt/airflow/dags/setup_lakehouse_infrastructure_v3.py
[2026-07-23T03:03:46.761+0000] {logging_mixin.py:190} INFO - [2026-07-23T03:03:46.761+0000] {dag.py:3239} INFO - Sync 1 DAGs
[2026-07-23T03:03:46.783+0000] {logging_mixin.py:190} INFO - [2026-07-23T03:03:46.783+0000] {dag.py:4180} INFO - Setting next_dagrun for setup_lakehouse_infrastructure_v3 to None, run_after=None
[2026-07-23T03:03:46.806+0000] {processor.py:208} INFO - Processing /opt/airflow/dags/setup_lakehouse_infrastructure_v3.py took 0.111 seconds
[2026-07-23T03:04:17.581+0000] {processor.py:186} INFO - Started process (PID=1327) to work on /opt/airflow/dags/setup_lakehouse_infrastructure_v3.py
[2026-07-23T03:04:17.582+0000] {processor.py:914} INFO - Processing file /opt/airflow/dags/setup_lakehouse_infrastructure_v3.py for tasks to queue
[2026-07-23T03:04:17.587+0000] {logging_mixin.py:190} INFO - [2026-07-23T03:04:17.586+0000] {dagbag.py:588} INFO - Filling up the DagBag from /opt/airflow/dags/setup_lakehouse_infrastructure_v3.py
[2026-07-23T03:04:17.621+0000] {processor.py:925} INFO - DAG(s) 'setup_lakehouse_infrastructure_v3' retrieved from /opt/airflow/dags/setup_lakehouse_infrastructure_v3.py
[2026-07-23T03:04:17.646+0000] {logging_mixin.py:190} INFO - [2026-07-23T03:04:17.646+0000] {dag.py:3239} INFO - Sync 1 DAGs
[2026-07-23T03:04:17.669+0000] {logging_mixin.py:190} INFO - [2026-07-23T03:04:17.669+0000] {dag.py:4180} INFO - Setting next_dagrun for setup_lakehouse_infrastructure_v3 to None, run_after=None
[2026-07-23T03:04:17.690+0000] {processor.py:208} INFO - Processing /opt/airflow/dags/setup_lakehouse_infrastructure_v3.py took 0.116 seconds
[2026-07-23T03:04:47.993+0000] {processor.py:186} INFO - Started process (PID=1468) to work on /opt/airflow/dags/setup_lakehouse_infrastructure_v3.py
[2026-07-23T03:04:47.995+0000] {processor.py:914} INFO - Processing file /opt/airflow/dags/setup_lakehouse_infrastructure_v3.py for tasks to queue
[2026-07-23T03:04:47.997+0000] {logging_mixin.py:190} INFO - [2026-07-23T03:04:47.997+0000] {dagbag.py:588} INFO - Filling up the DagBag from /opt/airflow/dags/setup_lakehouse_infrastructure_v3.py
[2026-07-23T03:04:48.062+0000] {processor.py:925} INFO - DAG(s) 'setup_lakehouse_infrastructure_v3' retrieved from /opt/airflow/dags/setup_lakehouse_infrastructure_v3.py
[2026-07-23T03:04:48.130+0000] {logging_mixin.py:190} INFO - [2026-07-23T03:04:48.130+0000] {dag.py:3239} INFO - Sync 1 DAGs
[2026-07-23T03:04:48.174+0000] {logging_mixin.py:190} INFO - [2026-07-23T03:04:48.174+0000] {dag.py:4180} INFO - Setting next_dagrun for setup_lakehouse_infrastructure_v3 to None, run_after=None
[2026-07-23T03:04:48.206+0000] {processor.py:208} INFO - Processing /opt/airflow/dags/setup_lakehouse_infrastructure_v3.py took 0.228 seconds
[2026-07-23T03:05:19.047+0000] {processor.py:186} INFO - Started process (PID=1636) to work on /opt/airflow/dags/setup_lakehouse_infrastructure_v3.py
[2026-07-23T03:05:19.049+0000] {processor.py:914} INFO - Processing file /opt/airflow/dags/setup_lakehouse_infrastructure_v3.py for tasks to queue
[2026-07-23T03:05:19.052+0000] {logging_mixin.py:190} INFO - [2026-07-23T03:05:19.051+0000] {dagbag.py:588} INFO - Filling up the DagBag from /opt/airflow/dags/setup_lakehouse_infrastructure_v3.py
[2026-07-23T03:05:19.107+0000] {processor.py:925} INFO - DAG(s) 'setup_lakehouse_infrastructure_v3' retrieved from /opt/airflow/dags/setup_lakehouse_infrastructure_v3.py
[2026-07-23T03:05:19.155+0000] {logging_mixin.py:190} INFO - [2026-07-23T03:05:19.154+0000] {dag.py:3239} INFO - Sync 1 DAGs
[2026-07-23T03:05:19.199+0000] {logging_mixin.py:190} INFO - [2026-07-23T03:05:19.199+0000] {dag.py:4180} INFO - Setting next_dagrun for setup_lakehouse_infrastructure_v3 to None, run_after=None
[2026-07-23T03:05:19.241+0000] {processor.py:208} INFO - Processing /opt/airflow/dags/setup_lakehouse_infrastructure_v3.py took 0.204 seconds
[2026-07-23T03:05:50.188+0000] {processor.py:186} INFO - Started process (PID=1802) to work on /opt/airflow/dags/setup_lakehouse_infrastructure_v3.py
[2026-07-23T03:05:50.190+0000] {processor.py:914} INFO - Processing file /opt/airflow/dags/setup_lakehouse_infrastructure_v3.py for tasks to queue
[2026-07-23T03:05:50.192+0000] {logging_mixin.py:190} INFO - [2026-07-23T03:05:50.192+0000] {dagbag.py:588} INFO - Filling up the DagBag from /opt/airflow/dags/setup_lakehouse_infrastructure_v3.py
[2026-07-23T03:05:50.217+0000] {processor.py:925} INFO - DAG(s) 'setup_lakehouse_infrastructure_v3' retrieved from /opt/airflow/dags/setup_lakehouse_infrastructure_v3.py
[2026-07-23T03:05:50.245+0000] {logging_mixin.py:190} INFO - [2026-07-23T03:05:50.244+0000] {dag.py:3239} INFO - Sync 1 DAGs
[2026-07-23T03:05:50.270+0000] {logging_mixin.py:190} INFO - [2026-07-23T03:05:50.270+0000] {dag.py:4180} INFO - Setting next_dagrun for setup_lakehouse_infrastructure_v3 to None, run_after=None
[2026-07-23T03:05:50.292+0000] {processor.py:208} INFO - Processing /opt/airflow/dags/setup_lakehouse_infrastructure_v3.py took 0.114 seconds
[2026-07-23T03:06:20.415+0000] {processor.py:186} INFO - Started process (PID=1915) to work on /opt/airflow/dags/setup_lakehouse_infrastructure_v3.py
[2026-07-23T03:06:20.416+0000] {processor.py:914} INFO - Processing file /opt/airflow/dags/setup_lakehouse_infrastructure_v3.py for tasks to queue
[2026-07-23T03:06:20.419+0000] {logging_mixin.py:190} INFO - [2026-07-23T03:06:20.419+0000] {dagbag.py:588} INFO - Filling up the DagBag from /opt/airflow/dags/setup_lakehouse_infrastructure_v3.py
[2026-07-23T03:06:20.453+0000] {processor.py:925} INFO - DAG(s) 'setup_lakehouse_infrastructure_v3' retrieved from /opt/airflow/dags/setup_lakehouse_infrastructure_v3.py
[2026-07-23T03:06:20.480+0000] {logging_mixin.py:190} INFO - [2026-07-23T03:06:20.480+0000] {dag.py:3239} INFO - Sync 1 DAGs
[2026-07-23T03:06:20.501+0000] {logging_mixin.py:190} INFO - [2026-07-23T03:06:20.501+0000] {dag.py:4180} INFO - Setting next_dagrun for setup_lakehouse_infrastructure_v3 to None, run_after=None
[2026-07-23T03:06:20.521+0000] {processor.py:208} INFO - Processing /opt/airflow/dags/setup_lakehouse_infrastructure_v3.py took 0.112 seconds
[2026-07-23T03:06:50.631+0000] {processor.py:186} INFO - Started process (PID=2044) to work on /opt/airflow/dags/setup_lakehouse_infrastructure_v3.py
[2026-07-23T03:06:50.632+0000] {processor.py:914} INFO - Processing file /opt/airflow/dags/setup_lakehouse_infrastructure_v3.py for tasks to queue
[2026-07-23T03:06:50.635+0000] {logging_mixin.py:190} INFO - [2026-07-23T03:06:50.635+0000] {dagbag.py:588} INFO - Filling up the DagBag from /opt/airflow/dags/setup_lakehouse_infrastructure_v3.py
[2026-07-23T03:06:50.662+0000] {processor.py:925} INFO - DAG(s) 'setup_lakehouse_infrastructure_v3' retrieved from /opt/airflow/dags/setup_lakehouse_infrastructure_v3.py
[2026-07-23T03:06:50.692+0000] {logging_mixin.py:190} INFO - [2026-07-23T03:06:50.691+0000] {dag.py:3239} INFO - Sync 1 DAGs
[2026-07-23T03:06:50.715+0000] {logging_mixin.py:190} INFO - [2026-07-23T03:06:50.715+0000] {dag.py:4180} INFO - Setting next_dagrun for setup_lakehouse_infrastructure_v3 to None, run_after=None
[2026-07-23T03:06:50.737+0000] {processor.py:208} INFO - Processing /opt/airflow/dags/setup_lakehouse_infrastructure_v3.py took 0.112 seconds
[2026-07-23T03:07:21.753+0000] {processor.py:186} INFO - Started process (PID=2160) to work on /opt/airflow/dags/setup_lakehouse_infrastructure_v3.py
[2026-07-23T03:07:21.754+0000] {processor.py:914} INFO - Processing file /opt/airflow/dags/setup_lakehouse_infrastructure_v3.py for tasks to queue
[2026-07-23T03:07:21.756+0000] {logging_mixin.py:190} INFO - [2026-07-23T03:07:21.756+0000] {dagbag.py:588} INFO - Filling up the DagBag from /opt/airflow/dags/setup_lakehouse_infrastructure_v3.py
[2026-07-23T03:07:21.782+0000] {processor.py:925} INFO - DAG(s) 'setup_lakehouse_infrastructure_v3' retrieved from /opt/airflow/dags/setup_lakehouse_infrastructure_v3.py
[2026-07-23T03:07:21.808+0000] {logging_mixin.py:190} INFO - [2026-07-23T03:07:21.808+0000] {dag.py:3239} INFO - Sync 1 DAGs
[2026-07-23T03:07:21.830+0000] {logging_mixin.py:190} INFO - [2026-07-23T03:07:21.830+0000] {dag.py:4180} INFO - Setting next_dagrun for setup_lakehouse_infrastructure_v3 to None, run_after=None
[2026-07-23T03:07:21.852+0000] {processor.py:208} INFO - Processing /opt/airflow/dags/setup_lakehouse_infrastructure_v3.py took 0.104 seconds
[2026-07-23T03:07:52.658+0000] {processor.py:186} INFO - Started process (PID=2300) to work on /opt/airflow/dags/setup_lakehouse_infrastructure_v3.py
[2026-07-23T03:07:52.659+0000] {processor.py:914} INFO - Processing file /opt/airflow/dags/setup_lakehouse_infrastructure_v3.py for tasks to queue
[2026-07-23T03:07:52.661+0000] {logging_mixin.py:190} INFO - [2026-07-23T03:07:52.661+0000] {dagbag.py:588} INFO - Filling up the DagBag from /opt/airflow/dags/setup_lakehouse_infrastructure_v3.py
[2026-07-23T03:07:52.690+0000] {processor.py:925} INFO - DAG(s) 'setup_lakehouse_infrastructure_v3' retrieved from /opt/airflow/dags/setup_lakehouse_infrastructure_v3.py
[2026-07-23T03:07:52.717+0000] {logging_mixin.py:190} INFO - [2026-07-23T03:07:52.717+0000] {dag.py:3239} INFO - Sync 1 DAGs
[2026-07-23T03:07:52.743+0000] {logging_mixin.py:190} INFO - [2026-07-23T03:07:52.742+0000] {dag.py:4180} INFO - Setting next_dagrun for setup_lakehouse_infrastructure_v3 to None, run_after=None
[2026-07-23T03:07:52.765+0000] {processor.py:208} INFO - Processing /opt/airflow/dags/setup_lakehouse_infrastructure_v3.py took 0.115 seconds
[2026-07-23T03:37:41.642+0000] {processor.py:186} INFO - Started process (PID=175) to work on /opt/airflow/dags/setup_lakehouse_infrastructure_v3.py
[2026-07-23T03:37:41.645+0000] {processor.py:914} INFO - Processing file /opt/airflow/dags/setup_lakehouse_infrastructure_v3.py for tasks to queue
[2026-07-23T03:37:41.648+0000] {logging_mixin.py:190} INFO - [2026-07-23T03:37:41.648+0000] {dagbag.py:588} INFO - Filling up the DagBag from /opt/airflow/dags/setup_lakehouse_infrastructure_v3.py
[2026-07-23T03:37:41.683+0000] {processor.py:925} INFO - DAG(s) 'setup_lakehouse_infrastructure_v3' retrieved from /opt/airflow/dags/setup_lakehouse_infrastructure_v3.py
[2026-07-23T03:37:41.759+0000] {logging_mixin.py:190} INFO - [2026-07-23T03:37:41.759+0000] {override.py:1900} INFO - Created Permission View: can edit on DAG:setup_lakehouse_infrastructure_v3
[2026-07-23T03:37:41.774+0000] {logging_mixin.py:190} INFO - [2026-07-23T03:37:41.773+0000] {override.py:1900} INFO - Created Permission View: can delete on DAG:setup_lakehouse_infrastructure_v3
[2026-07-23T03:37:41.783+0000] {logging_mixin.py:190} INFO - [2026-07-23T03:37:41.782+0000] {override.py:1900} INFO - Created Permission View: can read on DAG:setup_lakehouse_infrastructure_v3
[2026-07-23T03:37:41.795+0000] {logging_mixin.py:190} INFO - [2026-07-23T03:37:41.794+0000] {override.py:1900} INFO - Created Permission View: can create on DAG Run:setup_lakehouse_infrastructure_v3
[2026-07-23T03:37:41.805+0000] {logging_mixin.py:190} INFO - [2026-07-23T03:37:41.804+0000] {override.py:1900} INFO - Created Permission View: menu access on DAG Run:setup_lakehouse_infrastructure_v3
[2026-07-23T03:37:41.814+0000] {logging_mixin.py:190} INFO - [2026-07-23T03:37:41.813+0000] {override.py:1900} INFO - Created Permission View: can delete on DAG Run:setup_lakehouse_infrastructure_v3
[2026-07-23T03:37:41.825+0000] {logging_mixin.py:190} INFO - [2026-07-23T03:37:41.824+0000] {override.py:1900} INFO - Created Permission View: can read on DAG Run:setup_lakehouse_infrastructure_v3
[2026-07-23T03:37:41.826+0000] {logging_mixin.py:190} INFO - [2026-07-23T03:37:41.825+0000] {dag.py:3239} INFO - Sync 1 DAGs
[2026-07-23T03:37:41.840+0000] {logging_mixin.py:190} INFO - [2026-07-23T03:37:41.840+0000] {dag.py:3262} INFO - Creating ORM DAG for setup_lakehouse_infrastructure_v3
[2026-07-23T03:37:41.854+0000] {logging_mixin.py:190} INFO - [2026-07-23T03:37:41.854+0000] {dag.py:4180} INFO - Setting next_dagrun for setup_lakehouse_infrastructure_v3 to 2024-01-01 00:00:00+00:00, run_after=2024-01-01 00:00:00+00:00
[2026-07-23T03:37:41.881+0000] {processor.py:208} INFO - Processing /opt/airflow/dags/setup_lakehouse_infrastructure_v3.py took 0.247 seconds
[2026-07-23T03:38:12.473+0000] {processor.py:186} INFO - Started process (PID=298) to work on /opt/airflow/dags/setup_lakehouse_infrastructure_v3.py
[2026-07-23T03:38:12.474+0000] {processor.py:914} INFO - Processing file /opt/airflow/dags/setup_lakehouse_infrastructure_v3.py for tasks to queue
[2026-07-23T03:38:12.477+0000] {logging_mixin.py:190} INFO - [2026-07-23T03:38:12.477+0000] {dagbag.py:588} INFO - Filling up the DagBag from /opt/airflow/dags/setup_lakehouse_infrastructure_v3.py
[2026-07-23T03:38:12.508+0000] {processor.py:925} INFO - DAG(s) 'setup_lakehouse_infrastructure_v3' retrieved from /opt/airflow/dags/setup_lakehouse_infrastructure_v3.py
[2026-07-23T03:38:12.537+0000] {logging_mixin.py:190} INFO - [2026-07-23T03:38:12.536+0000] {dag.py:3239} INFO - Sync 1 DAGs
[2026-07-23T03:38:12.558+0000] {logging_mixin.py:190} INFO - [2026-07-23T03:38:12.558+0000] {dag.py:4180} INFO - Setting next_dagrun for setup_lakehouse_infrastructure_v3 to 2024-01-01 00:00:00+00:00, run_after=2024-01-01 00:00:00+00:00
[2026-07-23T03:38:12.587+0000] {processor.py:208} INFO - Processing /opt/airflow/dags/setup_lakehouse_infrastructure_v3.py took 0.120 seconds
[2026-07-23T03:38:43.237+0000] {processor.py:186} INFO - Started process (PID=414) to work on /opt/airflow/dags/setup_lakehouse_infrastructure_v3.py
[2026-07-23T03:38:43.246+0000] {processor.py:914} INFO - Processing file /opt/airflow/dags/setup_lakehouse_infrastructure_v3.py for tasks to queue
[2026-07-23T03:38:43.251+0000] {logging_mixin.py:190} INFO - [2026-07-23T03:38:43.250+0000] {dagbag.py:588} INFO - Filling up the DagBag from /opt/airflow/dags/setup_lakehouse_infrastructure_v3.py
[2026-07-23T03:38:43.295+0000] {processor.py:925} INFO - DAG(s) 'setup_lakehouse_infrastructure_v3' retrieved from /opt/airflow/dags/setup_lakehouse_infrastructure_v3.py
[2026-07-23T03:38:43.322+0000] {logging_mixin.py:190} INFO - [2026-07-23T03:38:43.322+0000] {dag.py:3239} INFO - Sync 1 DAGs
[2026-07-23T03:38:43.343+0000] {logging_mixin.py:190} INFO - [2026-07-23T03:38:43.342+0000] {dag.py:4180} INFO - Setting next_dagrun for setup_lakehouse_infrastructure_v3 to 2024-01-01 00:00:00+00:00, run_after=2024-01-01 00:00:00+00:00
[2026-07-23T03:38:43.360+0000] {processor.py:208} INFO - Processing /opt/airflow/dags/setup_lakehouse_infrastructure_v3.py took 0.131 seconds
[2026-07-23T03:39:13.731+0000] {processor.py:186} INFO - Started process (PID=533) to work on /opt/airflow/dags/setup_lakehouse_infrastructure_v3.py
[2026-07-23T03:39:13.732+0000] {processor.py:914} INFO - Processing file /opt/airflow/dags/setup_lakehouse_infrastructure_v3.py for tasks to queue
[2026-07-23T03:39:13.734+0000] {logging_mixin.py:190} INFO - [2026-07-23T03:39:13.734+0000] {dagbag.py:588} INFO - Filling up the DagBag from /opt/airflow/dags/setup_lakehouse_infrastructure_v3.py
[2026-07-23T03:39:13.759+0000] {processor.py:925} INFO - DAG(s) 'setup_lakehouse_infrastructure_v3' retrieved from /opt/airflow/dags/setup_lakehouse_infrastructure_v3.py
[2026-07-23T03:39:13.781+0000] {logging_mixin.py:190} INFO - [2026-07-23T03:39:13.781+0000] {dag.py:3239} INFO - Sync 1 DAGs
[2026-07-23T03:39:13.803+0000] {logging_mixin.py:190} INFO - [2026-07-23T03:39:13.803+0000] {dag.py:4180} INFO - Setting next_dagrun for setup_lakehouse_infrastructure_v3 to 2024-01-01 00:00:00+00:00, run_after=2024-01-01 00:00:00+00:00
[2026-07-23T03:39:13.824+0000] {processor.py:208} INFO - Processing /opt/airflow/dags/setup_lakehouse_infrastructure_v3.py took 0.098 seconds
[2026-07-23T03:42:53.746+0000] {processor.py:186} INFO - Started process (PID=175) to work on /opt/airflow/dags/setup_lakehouse_infrastructure_v3.py
[2026-07-23T03:42:53.749+0000] {processor.py:914} INFO - Processing file /opt/airflow/dags/setup_lakehouse_infrastructure_v3.py for tasks to queue
[2026-07-23T03:42:53.753+0000] {logging_mixin.py:190} INFO - [2026-07-23T03:42:53.752+0000] {dagbag.py:588} INFO - Filling up the DagBag from /opt/airflow/dags/setup_lakehouse_infrastructure_v3.py
[2026-07-23T03:42:53.794+0000] {processor.py:925} INFO - DAG(s) 'setup_lakehouse_infrastructure_v3' retrieved from /opt/airflow/dags/setup_lakehouse_infrastructure_v3.py
[2026-07-23T03:42:53.894+0000] {logging_mixin.py:190} INFO - [2026-07-23T03:42:53.893+0000] {override.py:1900} INFO - Created Permission View: can delete on DAG:setup_lakehouse_infrastructure_v3
[2026-07-23T03:42:53.909+0000] {logging_mixin.py:190} INFO - [2026-07-23T03:42:53.909+0000] {override.py:1900} INFO - Created Permission View: can edit on DAG:setup_lakehouse_infrastructure_v3
[2026-07-23T03:42:53.918+0000] {logging_mixin.py:190} INFO - [2026-07-23T03:42:53.918+0000] {override.py:1900} INFO - Created Permission View: can read on DAG:setup_lakehouse_infrastructure_v3
[2026-07-23T03:42:53.928+0000] {logging_mixin.py:190} INFO - [2026-07-23T03:42:53.928+0000] {override.py:1900} INFO - Created Permission View: can delete on DAG Run:setup_lakehouse_infrastructure_v3
[2026-07-23T03:42:53.938+0000] {logging_mixin.py:190} INFO - [2026-07-23T03:42:53.937+0000] {override.py:1900} INFO - Created Permission View: menu access on DAG Run:setup_lakehouse_infrastructure_v3
[2026-07-23T03:42:53.947+0000] {logging_mixin.py:190} INFO - [2026-07-23T03:42:53.947+0000] {override.py:1900} INFO - Created Permission View: can create on DAG Run:setup_lakehouse_infrastructure_v3
[2026-07-23T03:42:53.956+0000] {logging_mixin.py:190} INFO - [2026-07-23T03:42:53.955+0000] {override.py:1900} INFO - Created Permission View: can read on DAG Run:setup_lakehouse_infrastructure_v3
[2026-07-23T03:42:53.957+0000] {logging_mixin.py:190} INFO - [2026-07-23T03:42:53.957+0000] {dag.py:3239} INFO - Sync 1 DAGs
[2026-07-23T03:42:53.974+0000] {logging_mixin.py:190} INFO - [2026-07-23T03:42:53.973+0000] {dag.py:3262} INFO - Creating ORM DAG for setup_lakehouse_infrastructure_v3
[2026-07-23T03:42:53.986+0000] {logging_mixin.py:190} INFO - [2026-07-23T03:42:53.986+0000] {dag.py:4180} INFO - Setting next_dagrun for setup_lakehouse_infrastructure_v3 to 2024-01-01 00:00:00+00:00, run_after=2024-01-01 00:00:00+00:00
[2026-07-23T03:42:54.018+0000] {processor.py:208} INFO - Processing /opt/airflow/dags/setup_lakehouse_infrastructure_v3.py took 0.279 seconds
[2026-07-23T03:43:24.456+0000] {processor.py:186} INFO - Started process (PID=298) to work on /opt/airflow/dags/setup_lakehouse_infrastructure_v3.py
[2026-07-23T03:43:24.458+0000] {processor.py:914} INFO - Processing file /opt/airflow/dags/setup_lakehouse_infrastructure_v3.py for tasks to queue
[2026-07-23T03:43:24.461+0000] {logging_mixin.py:190} INFO - [2026-07-23T03:43:24.461+0000] {dagbag.py:588} INFO - Filling up the DagBag from /opt/airflow/dags/setup_lakehouse_infrastructure_v3.py
[2026-07-23T03:43:24.496+0000] {processor.py:925} INFO - DAG(s) 'setup_lakehouse_infrastructure_v3' retrieved from /opt/airflow/dags/setup_lakehouse_infrastructure_v3.py
[2026-07-23T03:43:24.519+0000] {logging_mixin.py:190} INFO - [2026-07-23T03:43:24.519+0000] {dag.py:3239} INFO - Sync 1 DAGs
[2026-07-23T03:43:24.538+0000] {logging_mixin.py:190} INFO - [2026-07-23T03:43:24.538+0000] {dag.py:4180} INFO - Setting next_dagrun for setup_lakehouse_infrastructure_v3 to 2024-01-01 00:00:00+00:00, run_after=2024-01-01 00:00:00+00:00
[2026-07-23T03:43:24.556+0000] {processor.py:208} INFO - Processing /opt/airflow/dags/setup_lakehouse_infrastructure_v3.py took 0.105 seconds
[2026-07-23T03:43:54.944+0000] {processor.py:186} INFO - Started process (PID=420) to work on /opt/airflow/dags/setup_lakehouse_infrastructure_v3.py
[2026-07-23T03:43:54.946+0000] {processor.py:914} INFO - Processing file /opt/airflow/dags/setup_lakehouse_infrastructure_v3.py for tasks to queue
[2026-07-23T03:43:54.950+0000] {logging_mixin.py:190} INFO - [2026-07-23T03:43:54.949+0000] {dagbag.py:588} INFO - Filling up the DagBag from /opt/airflow/dags/setup_lakehouse_infrastructure_v3.py
[2026-07-23T03:43:54.983+0000] {processor.py:925} INFO - DAG(s) 'setup_lakehouse_infrastructure_v3' retrieved from /opt/airflow/dags/setup_lakehouse_infrastructure_v3.py
[2026-07-23T03:43:55.010+0000] {logging_mixin.py:190} INFO - [2026-07-23T03:43:55.010+0000] {dag.py:3239} INFO - Sync 1 DAGs
[2026-07-23T03:43:55.034+0000] {logging_mixin.py:190} INFO - [2026-07-23T03:43:55.034+0000] {dag.py:4180} INFO - Setting next_dagrun for setup_lakehouse_infrastructure_v3 to None, run_after=None
[2026-07-23T03:43:55.063+0000] {processor.py:208} INFO - Processing /opt/airflow/dags/setup_lakehouse_infrastructure_v3.py took 0.126 seconds
[2026-07-23T03:44:25.569+0000] {processor.py:186} INFO - Started process (PID=588) to work on /opt/airflow/dags/setup_lakehouse_infrastructure_v3.py
[2026-07-23T03:44:25.570+0000] {processor.py:914} INFO - Processing file /opt/airflow/dags/setup_lakehouse_infrastructure_v3.py for tasks to queue
[2026-07-23T03:44:25.572+0000] {logging_mixin.py:190} INFO - [2026-07-23T03:44:25.571+0000] {dagbag.py:588} INFO - Filling up the DagBag from /opt/airflow/dags/setup_lakehouse_infrastructure_v3.py
[2026-07-23T03:44:25.594+0000] {processor.py:925} INFO - DAG(s) 'setup_lakehouse_infrastructure_v3' retrieved from /opt/airflow/dags/setup_lakehouse_infrastructure_v3.py
[2026-07-23T03:44:25.614+0000] {logging_mixin.py:190} INFO - [2026-07-23T03:44:25.614+0000] {dag.py:3239} INFO - Sync 1 DAGs
[2026-07-23T03:44:25.634+0000] {logging_mixin.py:190} INFO - [2026-07-23T03:44:25.633+0000] {dag.py:4180} INFO - Setting next_dagrun for setup_lakehouse_infrastructure_v3 to None, run_after=None
[2026-07-23T03:44:25.649+0000] {processor.py:208} INFO - Processing /opt/airflow/dags/setup_lakehouse_infrastructure_v3.py took 0.085 seconds
[2026-07-23T03:44:55.854+0000] {processor.py:186} INFO - Started process (PID=706) to work on /opt/airflow/dags/setup_lakehouse_infrastructure_v3.py
[2026-07-23T03:44:55.856+0000] {processor.py:914} INFO - Processing file /opt/airflow/dags/setup_lakehouse_infrastructure_v3.py for tasks to queue
[2026-07-23T03:44:55.858+0000] {logging_mixin.py:190} INFO - [2026-07-23T03:44:55.857+0000] {dagbag.py:588} INFO - Filling up the DagBag from /opt/airflow/dags/setup_lakehouse_infrastructure_v3.py
[2026-07-23T03:44:55.882+0000] {processor.py:925} INFO - DAG(s) 'setup_lakehouse_infrastructure_v3' retrieved from /opt/airflow/dags/setup_lakehouse_infrastructure_v3.py
[2026-07-23T03:44:55.903+0000] {logging_mixin.py:190} INFO - [2026-07-23T03:44:55.902+0000] {dag.py:3239} INFO - Sync 1 DAGs
[2026-07-23T03:44:55.923+0000] {logging_mixin.py:190} INFO - [2026-07-23T03:44:55.923+0000] {dag.py:4180} INFO - Setting next_dagrun for setup_lakehouse_infrastructure_v3 to None, run_after=None
[2026-07-23T03:44:55.941+0000] {processor.py:208} INFO - Processing /opt/airflow/dags/setup_lakehouse_infrastructure_v3.py took 0.092 seconds
[2026-07-23T03:45:26.477+0000] {processor.py:186} INFO - Started process (PID=1110) to work on /opt/airflow/dags/setup_lakehouse_infrastructure_v3.py
[2026-07-23T03:45:26.478+0000] {processor.py:914} INFO - Processing file /opt/airflow/dags/setup_lakehouse_infrastructure_v3.py for tasks to queue
[2026-07-23T03:45:26.480+0000] {logging_mixin.py:190} INFO - [2026-07-23T03:45:26.480+0000] {dagbag.py:588} INFO - Filling up the DagBag from /opt/airflow/dags/setup_lakehouse_infrastructure_v3.py
[2026-07-23T03:45:26.505+0000] {processor.py:925} INFO - DAG(s) 'setup_lakehouse_infrastructure_v3' retrieved from /opt/airflow/dags/setup_lakehouse_infrastructure_v3.py
[2026-07-23T03:45:26.528+0000] {logging_mixin.py:190} INFO - [2026-07-23T03:45:26.527+0000] {dag.py:3239} INFO - Sync 1 DAGs
[2026-07-23T03:45:26.547+0000] {logging_mixin.py:190} INFO - [2026-07-23T03:45:26.547+0000] {dag.py:4180} INFO - Setting next_dagrun for setup_lakehouse_infrastructure_v3 to None, run_after=None
[2026-07-23T03:45:26.564+0000] {processor.py:208} INFO - Processing /opt/airflow/dags/setup_lakehouse_infrastructure_v3.py took 0.093 seconds
[2026-07-23T03:45:56.849+0000] {processor.py:186} INFO - Started process (PID=1241) to work on /opt/airflow/dags/setup_lakehouse_infrastructure_v3.py
[2026-07-23T03:45:56.850+0000] {processor.py:914} INFO - Processing file /opt/airflow/dags/setup_lakehouse_infrastructure_v3.py for tasks to queue
[2026-07-23T03:45:56.853+0000] {logging_mixin.py:190} INFO - [2026-07-23T03:45:56.853+0000] {dagbag.py:588} INFO - Filling up the DagBag from /opt/airflow/dags/setup_lakehouse_infrastructure_v3.py
[2026-07-23T03:45:56.886+0000] {processor.py:925} INFO - DAG(s) 'setup_lakehouse_infrastructure_v3' retrieved from /opt/airflow/dags/setup_lakehouse_infrastructure_v3.py
[2026-07-23T03:45:56.911+0000] {logging_mixin.py:190} INFO - [2026-07-23T03:45:56.911+0000] {dag.py:3239} INFO - Sync 1 DAGs
[2026-07-23T03:45:56.938+0000] {logging_mixin.py:190} INFO - [2026-07-23T03:45:56.938+0000] {dag.py:4180} INFO - Setting next_dagrun for setup_lakehouse_infrastructure_v3 to None, run_after=None
[2026-07-23T03:45:56.965+0000] {processor.py:208} INFO - Processing /opt/airflow/dags/setup_lakehouse_infrastructure_v3.py took 0.122 seconds
[2026-07-23T03:46:27.069+0000] {processor.py:186} INFO - Started process (PID=1366) to work on /opt/airflow/dags/setup_lakehouse_infrastructure_v3.py
[2026-07-23T03:46:27.070+0000] {processor.py:914} INFO - Processing file /opt/airflow/dags/setup_lakehouse_infrastructure_v3.py for tasks to queue
[2026-07-23T03:46:27.073+0000] {logging_mixin.py:190} INFO - [2026-07-23T03:46:27.072+0000] {dagbag.py:588} INFO - Filling up the DagBag from /opt/airflow/dags/setup_lakehouse_infrastructure_v3.py
[2026-07-23T03:46:27.097+0000] {processor.py:925} INFO - DAG(s) 'setup_lakehouse_infrastructure_v3' retrieved from /opt/airflow/dags/setup_lakehouse_infrastructure_v3.py
[2026-07-23T03:46:27.122+0000] {logging_mixin.py:190} INFO - [2026-07-23T03:46:27.121+0000] {dag.py:3239} INFO - Sync 1 DAGs
[2026-07-23T03:46:27.144+0000] {logging_mixin.py:190} INFO - [2026-07-23T03:46:27.144+0000] {dag.py:4180} INFO - Setting next_dagrun for setup_lakehouse_infrastructure_v3 to None, run_after=None
[2026-07-23T03:46:27.169+0000] {processor.py:208} INFO - Processing /opt/airflow/dags/setup_lakehouse_infrastructure_v3.py took 0.106 seconds
[2026-07-23T03:46:57.789+0000] {processor.py:186} INFO - Started process (PID=1515) to work on /opt/airflow/dags/setup_lakehouse_infrastructure_v3.py
[2026-07-23T03:46:57.790+0000] {processor.py:914} INFO - Processing file /opt/airflow/dags/setup_lakehouse_infrastructure_v3.py for tasks to queue
[2026-07-23T03:46:57.794+0000] {logging_mixin.py:190} INFO - [2026-07-23T03:46:57.793+0000] {dagbag.py:588} INFO - Filling up the DagBag from /opt/airflow/dags/setup_lakehouse_infrastructure_v3.py
[2026-07-23T03:46:57.826+0000] {processor.py:925} INFO - DAG(s) 'setup_lakehouse_infrastructure_v3' retrieved from /opt/airflow/dags/setup_lakehouse_infrastructure_v3.py
[2026-07-23T03:46:57.854+0000] {logging_mixin.py:190} INFO - [2026-07-23T03:46:57.853+0000] {dag.py:3239} INFO - Sync 1 DAGs
[2026-07-23T03:46:57.879+0000] {logging_mixin.py:190} INFO - [2026-07-23T03:46:57.879+0000] {dag.py:4180} INFO - Setting next_dagrun for setup_lakehouse_infrastructure_v3 to None, run_after=None
[2026-07-23T03:46:57.905+0000] {processor.py:208} INFO - Processing /opt/airflow/dags/setup_lakehouse_infrastructure_v3.py took 0.125 seconds
[2026-07-23T03:47:28.408+0000] {processor.py:186} INFO - Started process (PID=1698) to work on /opt/airflow/dags/setup_lakehouse_infrastructure_v3.py
[2026-07-23T03:47:28.409+0000] {processor.py:914} INFO - Processing file /opt/airflow/dags/setup_lakehouse_infrastructure_v3.py for tasks to queue
[2026-07-23T03:47:28.412+0000] {logging_mixin.py:190} INFO - [2026-07-23T03:47:28.412+0000] {dagbag.py:588} INFO - Filling up the DagBag from /opt/airflow/dags/setup_lakehouse_infrastructure_v3.py
[2026-07-23T03:47:28.449+0000] {processor.py:925} INFO - DAG(s) 'setup_lakehouse_infrastructure_v3' retrieved from /opt/airflow/dags/setup_lakehouse_infrastructure_v3.py
[2026-07-23T03:47:28.478+0000] {logging_mixin.py:190} INFO - [2026-07-23T03:47:28.478+0000] {dag.py:3239} INFO - Sync 1 DAGs
[2026-07-23T03:47:28.511+0000] {logging_mixin.py:190} INFO - [2026-07-23T03:47:28.510+0000] {dag.py:4180} INFO - Setting next_dagrun for setup_lakehouse_infrastructure_v3 to None, run_after=None
[2026-07-23T03:47:28.538+0000] {processor.py:208} INFO - Processing /opt/airflow/dags/setup_lakehouse_infrastructure_v3.py took 0.136 seconds
[2026-07-23T03:47:58.718+0000] {processor.py:186} INFO - Started process (PID=1854) to work on /opt/airflow/dags/setup_lakehouse_infrastructure_v3.py
[2026-07-23T03:47:58.720+0000] {processor.py:914} INFO - Processing file /opt/airflow/dags/setup_lakehouse_infrastructure_v3.py for tasks to queue
[2026-07-23T03:47:58.723+0000] {logging_mixin.py:190} INFO - [2026-07-23T03:47:58.723+0000] {dagbag.py:588} INFO - Filling up the DagBag from /opt/airflow/dags/setup_lakehouse_infrastructure_v3.py
[2026-07-23T03:47:58.750+0000] {processor.py:925} INFO - DAG(s) 'setup_lakehouse_infrastructure_v3' retrieved from /opt/airflow/dags/setup_lakehouse_infrastructure_v3.py
[2026-07-23T03:47:58.776+0000] {logging_mixin.py:190} INFO - [2026-07-23T03:47:58.776+0000] {dag.py:3239} INFO - Sync 1 DAGs
[2026-07-23T03:47:58.797+0000] {logging_mixin.py:190} INFO - [2026-07-23T03:47:58.797+0000] {dag.py:4180} INFO - Setting next_dagrun for setup_lakehouse_infrastructure_v3 to None, run_after=None
[2026-07-23T03:47:58.822+0000] {processor.py:208} INFO - Processing /opt/airflow/dags/setup_lakehouse_infrastructure_v3.py took 0.111 seconds
[2026-07-23T03:48:29.316+0000] {processor.py:186} INFO - Started process (PID=1987) to work on /opt/airflow/dags/setup_lakehouse_infrastructure_v3.py
[2026-07-23T03:48:29.317+0000] {processor.py:914} INFO - Processing file /opt/airflow/dags/setup_lakehouse_infrastructure_v3.py for tasks to queue
[2026-07-23T03:48:29.320+0000] {logging_mixin.py:190} INFO - [2026-07-23T03:48:29.319+0000] {dagbag.py:588} INFO - Filling up the DagBag from /opt/airflow/dags/setup_lakehouse_infrastructure_v3.py
[2026-07-23T03:48:29.351+0000] {processor.py:925} INFO - DAG(s) 'setup_lakehouse_infrastructure_v3' retrieved from /opt/airflow/dags/setup_lakehouse_infrastructure_v3.py
[2026-07-23T03:48:29.377+0000] {logging_mixin.py:190} INFO - [2026-07-23T03:48:29.377+0000] {dag.py:3239} INFO - Sync 1 DAGs
[2026-07-23T03:48:29.400+0000] {logging_mixin.py:190} INFO - [2026-07-23T03:48:29.400+0000] {dag.py:4180} INFO - Setting next_dagrun for setup_lakehouse_infrastructure_v3 to None, run_after=None
[2026-07-23T03:48:29.425+0000] {processor.py:208} INFO - Processing /opt/airflow/dags/setup_lakehouse_infrastructure_v3.py took 0.116 seconds
[2026-07-23T03:48:59.847+0000] {processor.py:186} INFO - Started process (PID=2113) to work on /opt/airflow/dags/setup_lakehouse_infrastructure_v3.py
[2026-07-23T03:48:59.849+0000] {processor.py:914} INFO - Processing file /opt/airflow/dags/setup_lakehouse_infrastructure_v3.py for tasks to queue
[2026-07-23T03:48:59.851+0000] {logging_mixin.py:190} INFO - [2026-07-23T03:48:59.851+0000] {dagbag.py:588} INFO - Filling up the DagBag from /opt/airflow/dags/setup_lakehouse_infrastructure_v3.py
[2026-07-23T03:48:59.886+0000] {processor.py:925} INFO - DAG(s) 'setup_lakehouse_infrastructure_v3' retrieved from /opt/airflow/dags/setup_lakehouse_infrastructure_v3.py
[2026-07-23T03:48:59.910+0000] {logging_mixin.py:190} INFO - [2026-07-23T03:48:59.910+0000] {dag.py:3239} INFO - Sync 1 DAGs
[2026-07-23T03:48:59.931+0000] {logging_mixin.py:190} INFO - [2026-07-23T03:48:59.931+0000] {dag.py:4180} INFO - Setting next_dagrun for setup_lakehouse_infrastructure_v3 to None, run_after=None
[2026-07-23T03:48:59.954+0000] {processor.py:208} INFO - Processing /opt/airflow/dags/setup_lakehouse_infrastructure_v3.py took 0.112 seconds
[2026-07-23T03:49:30.140+0000] {processor.py:186} INFO - Started process (PID=2234) to work on /opt/airflow/dags/setup_lakehouse_infrastructure_v3.py
[2026-07-23T03:49:30.141+0000] {processor.py:914} INFO - Processing file /opt/airflow/dags/setup_lakehouse_infrastructure_v3.py for tasks to queue
[2026-07-23T03:49:30.143+0000] {logging_mixin.py:190} INFO - [2026-07-23T03:49:30.143+0000] {dagbag.py:588} INFO - Filling up the DagBag from /opt/airflow/dags/setup_lakehouse_infrastructure_v3.py
[2026-07-23T03:49:30.165+0000] {processor.py:925} INFO - DAG(s) 'setup_lakehouse_infrastructure_v3' retrieved from /opt/airflow/dags/setup_lakehouse_infrastructure_v3.py
[2026-07-23T03:49:30.186+0000] {logging_mixin.py:190} INFO - [2026-07-23T03:49:30.186+0000] {dag.py:3239} INFO - Sync 1 DAGs
[2026-07-23T03:49:30.206+0000] {logging_mixin.py:190} INFO - [2026-07-23T03:49:30.206+0000] {dag.py:4180} INFO - Setting next_dagrun for setup_lakehouse_infrastructure_v3 to None, run_after=None
[2026-07-23T03:49:30.227+0000] {processor.py:208} INFO - Processing /opt/airflow/dags/setup_lakehouse_infrastructure_v3.py took 0.093 seconds
[2026-07-23T03:50:00.966+0000] {processor.py:186} INFO - Started process (PID=2353) to work on /opt/airflow/dags/setup_lakehouse_infrastructure_v3.py
[2026-07-23T03:50:00.967+0000] {processor.py:914} INFO - Processing file /opt/airflow/dags/setup_lakehouse_infrastructure_v3.py for tasks to queue
[2026-07-23T03:50:00.969+0000] {logging_mixin.py:190} INFO - [2026-07-23T03:50:00.969+0000] {dagbag.py:588} INFO - Filling up the DagBag from /opt/airflow/dags/setup_lakehouse_infrastructure_v3.py
[2026-07-23T03:50:00.993+0000] {processor.py:925} INFO - DAG(s) 'setup_lakehouse_infrastructure_v3' retrieved from /opt/airflow/dags/setup_lakehouse_infrastructure_v3.py
[2026-07-23T03:50:01.014+0000] {logging_mixin.py:190} INFO - [2026-07-23T03:50:01.014+0000] {dag.py:3239} INFO - Sync 1 DAGs
[2026-07-23T03:50:01.034+0000] {logging_mixin.py:190} INFO - [2026-07-23T03:50:01.034+0000] {dag.py:4180} INFO - Setting next_dagrun for setup_lakehouse_infrastructure_v3 to None, run_after=None
[2026-07-23T03:50:01.051+0000] {processor.py:208} INFO - Processing /opt/airflow/dags/setup_lakehouse_infrastructure_v3.py took 0.090 seconds
[2026-07-23T03:50:31.293+0000] {processor.py:186} INFO - Started process (PID=2471) to work on /opt/airflow/dags/setup_lakehouse_infrastructure_v3.py
[2026-07-23T03:50:31.294+0000] {processor.py:914} INFO - Processing file /opt/airflow/dags/setup_lakehouse_infrastructure_v3.py for tasks to queue
[2026-07-23T03:50:31.297+0000] {logging_mixin.py:190} INFO - [2026-07-23T03:50:31.297+0000] {dagbag.py:588} INFO - Filling up the DagBag from /opt/airflow/dags/setup_lakehouse_infrastructure_v3.py
[2026-07-23T03:50:31.328+0000] {processor.py:925} INFO - DAG(s) 'setup_lakehouse_infrastructure_v3' retrieved from /opt/airflow/dags/setup_lakehouse_infrastructure_v3.py
[2026-07-23T03:50:31.351+0000] {logging_mixin.py:190} INFO - [2026-07-23T03:50:31.350+0000] {dag.py:3239} INFO - Sync 1 DAGs
[2026-07-23T03:50:31.373+0000] {logging_mixin.py:190} INFO - [2026-07-23T03:50:31.373+0000] {dag.py:4180} INFO - Setting next_dagrun for setup_lakehouse_infrastructure_v3 to None, run_after=None
[2026-07-23T03:50:31.393+0000] {processor.py:208} INFO - Processing /opt/airflow/dags/setup_lakehouse_infrastructure_v3.py took 0.106 seconds
[2026-07-23T03:51:02.082+0000] {processor.py:186} INFO - Started process (PID=2592) to work on /opt/airflow/dags/setup_lakehouse_infrastructure_v3.py
[2026-07-23T03:51:02.084+0000] {processor.py:914} INFO - Processing file /opt/airflow/dags/setup_lakehouse_infrastructure_v3.py for tasks to queue
[2026-07-23T03:51:02.086+0000] {logging_mixin.py:190} INFO - [2026-07-23T03:51:02.086+0000] {dagbag.py:588} INFO - Filling up the DagBag from /opt/airflow/dags/setup_lakehouse_infrastructure_v3.py
[2026-07-23T03:51:02.117+0000] {processor.py:925} INFO - DAG(s) 'setup_lakehouse_infrastructure_v3' retrieved from /opt/airflow/dags/setup_lakehouse_infrastructure_v3.py
[2026-07-23T03:51:02.138+0000] {logging_mixin.py:190} INFO - [2026-07-23T03:51:02.138+0000] {dag.py:3239} INFO - Sync 1 DAGs
[2026-07-23T03:51:02.158+0000] {logging_mixin.py:190} INFO - [2026-07-23T03:51:02.158+0000] {dag.py:4180} INFO - Setting next_dagrun for setup_lakehouse_infrastructure_v3 to None, run_after=None
[2026-07-23T03:51:02.176+0000] {processor.py:208} INFO - Processing /opt/airflow/dags/setup_lakehouse_infrastructure_v3.py took 0.099 seconds
[2026-07-23T03:51:32.953+0000] {processor.py:186} INFO - Started process (PID=2713) to work on /opt/airflow/dags/setup_lakehouse_infrastructure_v3.py
[2026-07-23T03:51:32.955+0000] {processor.py:914} INFO - Processing file /opt/airflow/dags/setup_lakehouse_infrastructure_v3.py for tasks to queue
[2026-07-23T03:51:32.957+0000] {logging_mixin.py:190} INFO - [2026-07-23T03:51:32.957+0000] {dagbag.py:588} INFO - Filling up the DagBag from /opt/airflow/dags/setup_lakehouse_infrastructure_v3.py
[2026-07-23T03:51:32.982+0000] {processor.py:925} INFO - DAG(s) 'setup_lakehouse_infrastructure_v3' retrieved from /opt/airflow/dags/setup_lakehouse_infrastructure_v3.py
[2026-07-23T03:51:33.006+0000] {logging_mixin.py:190} INFO - [2026-07-23T03:51:33.006+0000] {dag.py:3239} INFO - Sync 1 DAGs
[2026-07-23T03:51:33.029+0000] {logging_mixin.py:190} INFO - [2026-07-23T03:51:33.029+0000] {dag.py:4180} INFO - Setting next_dagrun for setup_lakehouse_infrastructure_v3 to None, run_after=None
[2026-07-23T03:51:33.051+0000] {processor.py:208} INFO - Processing /opt/airflow/dags/setup_lakehouse_infrastructure_v3.py took 0.103 seconds
[2026-07-23T03:52:03.388+0000] {processor.py:186} INFO - Started process (PID=2832) to work on /opt/airflow/dags/setup_lakehouse_infrastructure_v3.py
[2026-07-23T03:52:03.389+0000] {processor.py:914} INFO - Processing file /opt/airflow/dags/setup_lakehouse_infrastructure_v3.py for tasks to queue
[2026-07-23T03:52:03.391+0000] {logging_mixin.py:190} INFO - [2026-07-23T03:52:03.390+0000] {dagbag.py:588} INFO - Filling up the DagBag from /opt/airflow/dags/setup_lakehouse_infrastructure_v3.py
[2026-07-23T03:52:03.414+0000] {processor.py:925} INFO - DAG(s) 'setup_lakehouse_infrastructure_v3' retrieved from /opt/airflow/dags/setup_lakehouse_infrastructure_v3.py
[2026-07-23T03:52:03.437+0000] {logging_mixin.py:190} INFO - [2026-07-23T03:52:03.437+0000] {dag.py:3239} INFO - Sync 1 DAGs
[2026-07-23T03:52:03.458+0000] {logging_mixin.py:190} INFO - [2026-07-23T03:52:03.458+0000] {dag.py:4180} INFO - Setting next_dagrun for setup_lakehouse_infrastructure_v3 to None, run_after=None
[2026-07-23T03:52:03.476+0000] {processor.py:208} INFO - Processing /opt/airflow/dags/setup_lakehouse_infrastructure_v3.py took 0.094 seconds
[2026-07-23T03:52:33.690+0000] {processor.py:186} INFO - Started process (PID=2950) to work on /opt/airflow/dags/setup_lakehouse_infrastructure_v3.py
[2026-07-23T03:52:33.691+0000] {processor.py:914} INFO - Processing file /opt/airflow/dags/setup_lakehouse_infrastructure_v3.py for tasks to queue
[2026-07-23T03:52:33.693+0000] {logging_mixin.py:190} INFO - [2026-07-23T03:52:33.693+0000] {dagbag.py:588} INFO - Filling up the DagBag from /opt/airflow/dags/setup_lakehouse_infrastructure_v3.py
[2026-07-23T03:52:33.717+0000] {processor.py:925} INFO - DAG(s) 'setup_lakehouse_infrastructure_v3' retrieved from /opt/airflow/dags/setup_lakehouse_infrastructure_v3.py
[2026-07-23T03:52:33.743+0000] {logging_mixin.py:190} INFO - [2026-07-23T03:52:33.743+0000] {dag.py:3239} INFO - Sync 1 DAGs
[2026-07-23T03:52:33.768+0000] {logging_mixin.py:190} INFO - [2026-07-23T03:52:33.768+0000] {dag.py:4180} INFO - Setting next_dagrun for setup_lakehouse_infrastructure_v3 to None, run_after=None
[2026-07-23T03:52:33.792+0000] {processor.py:208} INFO - Processing /opt/airflow/dags/setup_lakehouse_infrastructure_v3.py took 0.108 seconds
[2026-07-23T03:53:04.757+0000] {processor.py:186} INFO - Started process (PID=3071) to work on /opt/airflow/dags/setup_lakehouse_infrastructure_v3.py
[2026-07-23T03:53:04.758+0000] {processor.py:914} INFO - Processing file /opt/airflow/dags/setup_lakehouse_infrastructure_v3.py for tasks to queue
[2026-07-23T03:53:04.761+0000] {logging_mixin.py:190} INFO - [2026-07-23T03:53:04.761+0000] {dagbag.py:588} INFO - Filling up the DagBag from /opt/airflow/dags/setup_lakehouse_infrastructure_v3.py
[2026-07-23T03:53:04.796+0000] {processor.py:925} INFO - DAG(s) 'setup_lakehouse_infrastructure_v3' retrieved from /opt/airflow/dags/setup_lakehouse_infrastructure_v3.py
[2026-07-23T03:53:04.820+0000] {logging_mixin.py:190} INFO - [2026-07-23T03:53:04.820+0000] {dag.py:3239} INFO - Sync 1 DAGs
[2026-07-23T03:53:04.845+0000] {logging_mixin.py:190} INFO - [2026-07-23T03:53:04.845+0000] {dag.py:4180} INFO - Setting next_dagrun for setup_lakehouse_infrastructure_v3 to None, run_after=None
[2026-07-23T03:53:04.868+0000] {processor.py:208} INFO - Processing /opt/airflow/dags/setup_lakehouse_infrastructure_v3.py took 0.118 seconds
[2026-07-23T03:53:35.240+0000] {processor.py:186} INFO - Started process (PID=3190) to work on /opt/airflow/dags/setup_lakehouse_infrastructure_v3.py
[2026-07-23T03:53:35.241+0000] {processor.py:914} INFO - Processing file /opt/airflow/dags/setup_lakehouse_infrastructure_v3.py for tasks to queue
[2026-07-23T03:53:35.243+0000] {logging_mixin.py:190} INFO - [2026-07-23T03:53:35.243+0000] {dagbag.py:588} INFO - Filling up the DagBag from /opt/airflow/dags/setup_lakehouse_infrastructure_v3.py
[2026-07-23T03:53:35.266+0000] {processor.py:925} INFO - DAG(s) 'setup_lakehouse_infrastructure_v3' retrieved from /opt/airflow/dags/setup_lakehouse_infrastructure_v3.py
[2026-07-23T03:53:35.288+0000] {logging_mixin.py:190} INFO - [2026-07-23T03:53:35.288+0000] {dag.py:3239} INFO - Sync 1 DAGs
[2026-07-23T03:53:35.318+0000] {logging_mixin.py:190} INFO - [2026-07-23T03:53:35.318+0000] {dag.py:4180} INFO - Setting next_dagrun for setup_lakehouse_infrastructure_v3 to None, run_after=None
[2026-07-23T03:53:35.338+0000] {processor.py:208} INFO - Processing /opt/airflow/dags/setup_lakehouse_infrastructure_v3.py took 0.103 seconds
[2026-07-23T03:54:05.764+0000] {processor.py:186} INFO - Started process (PID=3313) to work on /opt/airflow/dags/setup_lakehouse_infrastructure_v3.py
[2026-07-23T03:54:05.765+0000] {processor.py:914} INFO - Processing file /opt/airflow/dags/setup_lakehouse_infrastructure_v3.py for tasks to queue
[2026-07-23T03:54:05.767+0000] {logging_mixin.py:190} INFO - [2026-07-23T03:54:05.766+0000] {dagbag.py:588} INFO - Filling up the DagBag from /opt/airflow/dags/setup_lakehouse_infrastructure_v3.py
[2026-07-23T03:54:05.791+0000] {processor.py:925} INFO - DAG(s) 'setup_lakehouse_infrastructure_v3' retrieved from /opt/airflow/dags/setup_lakehouse_infrastructure_v3.py
[2026-07-23T03:54:05.815+0000] {logging_mixin.py:190} INFO - [2026-07-23T03:54:05.814+0000] {dag.py:3239} INFO - Sync 1 DAGs
[2026-07-23T03:54:05.837+0000] {logging_mixin.py:190} INFO - [2026-07-23T03:54:05.836+0000] {dag.py:4180} INFO - Setting next_dagrun for setup_lakehouse_infrastructure_v3 to None, run_after=None
[2026-07-23T03:54:05.860+0000] {processor.py:208} INFO - Processing /opt/airflow/dags/setup_lakehouse_infrastructure_v3.py took 0.102 seconds
[2026-07-23T03:54:36.065+0000] {processor.py:186} INFO - Started process (PID=3434) to work on /opt/airflow/dags/setup_lakehouse_infrastructure_v3.py
[2026-07-23T03:54:36.066+0000] {processor.py:914} INFO - Processing file /opt/airflow/dags/setup_lakehouse_infrastructure_v3.py for tasks to queue
[2026-07-23T03:54:36.068+0000] {logging_mixin.py:190} INFO - [2026-07-23T03:54:36.068+0000] {dagbag.py:588} INFO - Filling up the DagBag from /opt/airflow/dags/setup_lakehouse_infrastructure_v3.py
[2026-07-23T03:54:36.098+0000] {processor.py:925} INFO - DAG(s) 'setup_lakehouse_infrastructure_v3' retrieved from /opt/airflow/dags/setup_lakehouse_infrastructure_v3.py
[2026-07-23T03:54:36.122+0000] {logging_mixin.py:190} INFO - [2026-07-23T03:54:36.121+0000] {dag.py:3239} INFO - Sync 1 DAGs
[2026-07-23T03:54:36.145+0000] {logging_mixin.py:190} INFO - [2026-07-23T03:54:36.145+0000] {dag.py:4180} INFO - Setting next_dagrun for setup_lakehouse_infrastructure_v3 to None, run_after=None
[2026-07-23T03:54:36.168+0000] {processor.py:208} INFO - Processing /opt/airflow/dags/setup_lakehouse_infrastructure_v3.py took 0.110 seconds
[2026-07-23T03:55:07.098+0000] {processor.py:186} INFO - Started process (PID=3555) to work on /opt/airflow/dags/setup_lakehouse_infrastructure_v3.py
[2026-07-23T03:55:07.099+0000] {processor.py:914} INFO - Processing file /opt/airflow/dags/setup_lakehouse_infrastructure_v3.py for tasks to queue
[2026-07-23T03:55:07.101+0000] {logging_mixin.py:190} INFO - [2026-07-23T03:55:07.101+0000] {dagbag.py:588} INFO - Filling up the DagBag from /opt/airflow/dags/setup_lakehouse_infrastructure_v3.py
[2026-07-23T03:55:07.126+0000] {processor.py:925} INFO - DAG(s) 'setup_lakehouse_infrastructure_v3' retrieved from /opt/airflow/dags/setup_lakehouse_infrastructure_v3.py
[2026-07-23T03:55:07.149+0000] {logging_mixin.py:190} INFO - [2026-07-23T03:55:07.149+0000] {dag.py:3239} INFO - Sync 1 DAGs
[2026-07-23T03:55:07.171+0000] {logging_mixin.py:190} INFO - [2026-07-23T03:55:07.171+0000] {dag.py:4180} INFO - Setting next_dagrun for setup_lakehouse_infrastructure_v3 to None, run_after=None
[2026-07-23T03:55:07.194+0000] {processor.py:208} INFO - Processing /opt/airflow/dags/setup_lakehouse_infrastructure_v3.py took 0.101 seconds
[2026-07-23T03:58:34.442+0000] {processor.py:186} INFO - Started process (PID=3674) to work on /opt/airflow/dags/setup_lakehouse_infrastructure_v3.py
[2026-07-23T03:58:34.444+0000] {processor.py:914} INFO - Processing file /opt/airflow/dags/setup_lakehouse_infrastructure_v3.py for tasks to queue
[2026-07-23T03:58:34.446+0000] {logging_mixin.py:190} INFO - [2026-07-23T03:58:34.446+0000] {dagbag.py:588} INFO - Filling up the DagBag from /opt/airflow/dags/setup_lakehouse_infrastructure_v3.py
[2026-07-23T03:58:34.474+0000] {processor.py:925} INFO - DAG(s) 'setup_lakehouse_infrastructure_v3' retrieved from /opt/airflow/dags/setup_lakehouse_infrastructure_v3.py
[2026-07-23T03:58:34.497+0000] {logging_mixin.py:190} INFO - [2026-07-23T03:58:34.496+0000] {dag.py:3239} INFO - Sync 1 DAGs
[2026-07-23T03:58:34.516+0000] {logging_mixin.py:190} INFO - [2026-07-23T03:58:34.516+0000] {dag.py:4180} INFO - Setting next_dagrun for setup_lakehouse_infrastructure_v3 to None, run_after=None
[2026-07-23T03:58:34.535+0000] {processor.py:208} INFO - Processing /opt/airflow/dags/setup_lakehouse_infrastructure_v3.py took 0.097 seconds
[2026-07-23T04:12:32.928+0000] {processor.py:186} INFO - Started process (PID=180) to work on /opt/airflow/dags/setup_lakehouse_infrastructure_v3.py
[2026-07-23T04:12:32.930+0000] {processor.py:914} INFO - Processing file /opt/airflow/dags/setup_lakehouse_infrastructure_v3.py for tasks to queue
[2026-07-23T04:12:32.935+0000] {logging_mixin.py:190} INFO - [2026-07-23T04:12:32.934+0000] {dagbag.py:588} INFO - Filling up the DagBag from /opt/airflow/dags/setup_lakehouse_infrastructure_v3.py
[2026-07-23T04:12:32.966+0000] {processor.py:925} INFO - DAG(s) 'setup_lakehouse_infrastructure_v3' retrieved from /opt/airflow/dags/setup_lakehouse_infrastructure_v3.py
[2026-07-23T04:12:33.013+0000] {logging_mixin.py:190} INFO - [2026-07-23T04:12:33.012+0000] {dag.py:3239} INFO - Sync 1 DAGs
[2026-07-23T04:12:33.042+0000] {logging_mixin.py:190} INFO - [2026-07-23T04:12:33.042+0000] {dag.py:4180} INFO - Setting next_dagrun for setup_lakehouse_infrastructure_v3 to None, run_after=None
[2026-07-23T04:12:33.076+0000] {processor.py:208} INFO - Processing /opt/airflow/dags/setup_lakehouse_infrastructure_v3.py took 0.156 seconds
[2026-07-23T04:13:03.633+0000] {processor.py:186} INFO - Started process (PID=306) to work on /opt/airflow/dags/setup_lakehouse_infrastructure_v3.py
[2026-07-23T04:13:03.634+0000] {processor.py:914} INFO - Processing file /opt/airflow/dags/setup_lakehouse_infrastructure_v3.py for tasks to queue
[2026-07-23T04:13:03.637+0000] {logging_mixin.py:190} INFO - [2026-07-23T04:13:03.637+0000] {dagbag.py:588} INFO - Filling up the DagBag from /opt/airflow/dags/setup_lakehouse_infrastructure_v3.py
[2026-07-23T04:13:03.666+0000] {processor.py:925} INFO - DAG(s) 'setup_lakehouse_infrastructure_v3' retrieved from /opt/airflow/dags/setup_lakehouse_infrastructure_v3.py
[2026-07-23T04:13:03.695+0000] {logging_mixin.py:190} INFO - [2026-07-23T04:13:03.695+0000] {dag.py:3239} INFO - Sync 1 DAGs
[2026-07-23T04:13:03.718+0000] {logging_mixin.py:190} INFO - [2026-07-23T04:13:03.718+0000] {dag.py:4180} INFO - Setting next_dagrun for setup_lakehouse_infrastructure_v3 to None, run_after=None
[2026-07-23T04:13:03.744+0000] {processor.py:208} INFO - Processing /opt/airflow/dags/setup_lakehouse_infrastructure_v3.py took 0.116 seconds
[2026-07-23T04:13:33.870+0000] {processor.py:186} INFO - Started process (PID=439) to work on /opt/airflow/dags/setup_lakehouse_infrastructure_v3.py
[2026-07-23T04:13:33.871+0000] {processor.py:914} INFO - Processing file /opt/airflow/dags/setup_lakehouse_infrastructure_v3.py for tasks to queue
[2026-07-23T04:13:33.873+0000] {logging_mixin.py:190} INFO - [2026-07-23T04:13:33.872+0000] {dagbag.py:588} INFO - Filling up the DagBag from /opt/airflow/dags/setup_lakehouse_infrastructure_v3.py
[2026-07-23T04:13:33.902+0000] {processor.py:925} INFO - DAG(s) 'setup_lakehouse_infrastructure_v3' retrieved from /opt/airflow/dags/setup_lakehouse_infrastructure_v3.py
[2026-07-23T04:13:33.926+0000] {logging_mixin.py:190} INFO - [2026-07-23T04:13:33.926+0000] {dag.py:3239} INFO - Sync 1 DAGs
[2026-07-23T04:13:33.947+0000] {logging_mixin.py:190} INFO - [2026-07-23T04:13:33.947+0000] {dag.py:4180} INFO - Setting next_dagrun for setup_lakehouse_infrastructure_v3 to None, run_after=None
[2026-07-23T04:13:33.969+0000] {processor.py:208} INFO - Processing /opt/airflow/dags/setup_lakehouse_infrastructure_v3.py took 0.104 seconds
[2026-07-23T04:14:04.402+0000] {processor.py:186} INFO - Started process (PID=559) to work on /opt/airflow/dags/setup_lakehouse_infrastructure_v3.py
[2026-07-23T04:14:04.404+0000] {processor.py:914} INFO - Processing file /opt/airflow/dags/setup_lakehouse_infrastructure_v3.py for tasks to queue
[2026-07-23T04:14:04.405+0000] {logging_mixin.py:190} INFO - [2026-07-23T04:14:04.405+0000] {dagbag.py:588} INFO - Filling up the DagBag from /opt/airflow/dags/setup_lakehouse_infrastructure_v3.py
[2026-07-23T04:14:04.448+0000] {processor.py:925} INFO - DAG(s) 'setup_lakehouse_infrastructure_v3' retrieved from /opt/airflow/dags/setup_lakehouse_infrastructure_v3.py
[2026-07-23T04:14:04.474+0000] {logging_mixin.py:190} INFO - [2026-07-23T04:14:04.473+0000] {dag.py:3239} INFO - Sync 1 DAGs
[2026-07-23T04:14:04.494+0000] {logging_mixin.py:190} INFO - [2026-07-23T04:14:04.494+0000] {dag.py:4180} INFO - Setting next_dagrun for setup_lakehouse_infrastructure_v3 to None, run_after=None
[2026-07-23T04:14:04.513+0000] {processor.py:208} INFO - Processing /opt/airflow/dags/setup_lakehouse_infrastructure_v3.py took 0.118 seconds
[2026-07-23T04:14:34.659+0000] {processor.py:186} INFO - Started process (PID=676) to work on /opt/airflow/dags/setup_lakehouse_infrastructure_v3.py
[2026-07-23T04:14:34.660+0000] {processor.py:914} INFO - Processing file /opt/airflow/dags/setup_lakehouse_infrastructure_v3.py for tasks to queue
[2026-07-23T04:14:34.661+0000] {logging_mixin.py:190} INFO - [2026-07-23T04:14:34.661+0000] {dagbag.py:588} INFO - Filling up the DagBag from /opt/airflow/dags/setup_lakehouse_infrastructure_v3.py
[2026-07-23T04:14:34.684+0000] {processor.py:925} INFO - DAG(s) 'setup_lakehouse_infrastructure_v3' retrieved from /opt/airflow/dags/setup_lakehouse_infrastructure_v3.py
[2026-07-23T04:14:34.706+0000] {logging_mixin.py:190} INFO - [2026-07-23T04:14:34.705+0000] {dag.py:3239} INFO - Sync 1 DAGs
[2026-07-23T04:14:34.725+0000] {logging_mixin.py:190} INFO - [2026-07-23T04:14:34.725+0000] {dag.py:4180} INFO - Setting next_dagrun for setup_lakehouse_infrastructure_v3 to None, run_after=None
[2026-07-23T04:14:34.742+0000] {processor.py:208} INFO - Processing /opt/airflow/dags/setup_lakehouse_infrastructure_v3.py took 0.088 seconds
[2026-07-23T04:15:05.066+0000] {processor.py:186} INFO - Started process (PID=792) to work on /opt/airflow/dags/setup_lakehouse_infrastructure_v3.py
[2026-07-23T04:15:05.067+0000] {processor.py:914} INFO - Processing file /opt/airflow/dags/setup_lakehouse_infrastructure_v3.py for tasks to queue
[2026-07-23T04:15:05.069+0000] {logging_mixin.py:190} INFO - [2026-07-23T04:15:05.069+0000] {dagbag.py:588} INFO - Filling up the DagBag from /opt/airflow/dags/setup_lakehouse_infrastructure_v3.py
[2026-07-23T04:15:05.100+0000] {processor.py:925} INFO - DAG(s) 'setup_lakehouse_infrastructure_v3' retrieved from /opt/airflow/dags/setup_lakehouse_infrastructure_v3.py
[2026-07-23T04:15:05.122+0000] {logging_mixin.py:190} INFO - [2026-07-23T04:15:05.122+0000] {dag.py:3239} INFO - Sync 1 DAGs
[2026-07-23T04:15:05.145+0000] {logging_mixin.py:190} INFO - [2026-07-23T04:15:05.145+0000] {dag.py:4180} INFO - Setting next_dagrun for setup_lakehouse_infrastructure_v3 to None, run_after=None
[2026-07-23T04:15:05.166+0000] {processor.py:208} INFO - Processing /opt/airflow/dags/setup_lakehouse_infrastructure_v3.py took 0.106 seconds
[2026-07-23T04:15:35.605+0000] {processor.py:186} INFO - Started process (PID=913) to work on /opt/airflow/dags/setup_lakehouse_infrastructure_v3.py
[2026-07-23T04:15:35.606+0000] {processor.py:914} INFO - Processing file /opt/airflow/dags/setup_lakehouse_infrastructure_v3.py for tasks to queue
[2026-07-23T04:15:35.607+0000] {logging_mixin.py:190} INFO - [2026-07-23T04:15:35.607+0000] {dagbag.py:588} INFO - Filling up the DagBag from /opt/airflow/dags/setup_lakehouse_infrastructure_v3.py
[2026-07-23T04:15:35.640+0000] {processor.py:925} INFO - DAG(s) 'setup_lakehouse_infrastructure_v3' retrieved from /opt/airflow/dags/setup_lakehouse_infrastructure_v3.py
[2026-07-23T04:15:35.663+0000] {logging_mixin.py:190} INFO - [2026-07-23T04:15:35.663+0000] {dag.py:3239} INFO - Sync 1 DAGs
[2026-07-23T04:15:35.688+0000] {logging_mixin.py:190} INFO - [2026-07-23T04:15:35.688+0000] {dag.py:4180} INFO - Setting next_dagrun for setup_lakehouse_infrastructure_v3 to None, run_after=None
[2026-07-23T04:15:35.708+0000] {processor.py:208} INFO - Processing /opt/airflow/dags/setup_lakehouse_infrastructure_v3.py took 0.110 seconds
[2026-07-23T04:16:06.080+0000] {processor.py:186} INFO - Started process (PID=1032) to work on /opt/airflow/dags/setup_lakehouse_infrastructure_v3.py
[2026-07-23T04:16:06.081+0000] {processor.py:914} INFO - Processing file /opt/airflow/dags/setup_lakehouse_infrastructure_v3.py for tasks to queue
[2026-07-23T04:16:06.083+0000] {logging_mixin.py:190} INFO - [2026-07-23T04:16:06.082+0000] {dagbag.py:588} INFO - Filling up the DagBag from /opt/airflow/dags/setup_lakehouse_infrastructure_v3.py
[2026-07-23T04:16:06.108+0000] {processor.py:925} INFO - DAG(s) 'setup_lakehouse_infrastructure_v3' retrieved from /opt/airflow/dags/setup_lakehouse_infrastructure_v3.py
[2026-07-23T04:16:06.134+0000] {logging_mixin.py:190} INFO - [2026-07-23T04:16:06.134+0000] {dag.py:3239} INFO - Sync 1 DAGs
[2026-07-23T04:16:06.157+0000] {logging_mixin.py:190} INFO - [2026-07-23T04:16:06.157+0000] {dag.py:4180} INFO - Setting next_dagrun for setup_lakehouse_infrastructure_v3 to None, run_after=None
[2026-07-23T04:16:06.174+0000] {processor.py:208} INFO - Processing /opt/airflow/dags/setup_lakehouse_infrastructure_v3.py took 0.101 seconds
[2026-07-23T04:16:36.274+0000] {processor.py:186} INFO - Started process (PID=1150) to work on /opt/airflow/dags/setup_lakehouse_infrastructure_v3.py
[2026-07-23T04:16:36.275+0000] {processor.py:914} INFO - Processing file /opt/airflow/dags/setup_lakehouse_infrastructure_v3.py for tasks to queue
[2026-07-23T04:16:36.276+0000] {logging_mixin.py:190} INFO - [2026-07-23T04:16:36.276+0000] {dagbag.py:588} INFO - Filling up the DagBag from /opt/airflow/dags/setup_lakehouse_infrastructure_v3.py
[2026-07-23T04:16:36.307+0000] {processor.py:925} INFO - DAG(s) 'setup_lakehouse_infrastructure_v3' retrieved from /opt/airflow/dags/setup_lakehouse_infrastructure_v3.py
[2026-07-23T04:16:36.331+0000] {logging_mixin.py:190} INFO - [2026-07-23T04:16:36.330+0000] {dag.py:3239} INFO - Sync 1 DAGs
[2026-07-23T04:16:36.350+0000] {logging_mixin.py:190} INFO - [2026-07-23T04:16:36.350+0000] {dag.py:4180} INFO - Setting next_dagrun for setup_lakehouse_infrastructure_v3 to None, run_after=None
[2026-07-23T04:16:36.371+0000] {processor.py:208} INFO - Processing /opt/airflow/dags/setup_lakehouse_infrastructure_v3.py took 0.103 seconds
[2026-07-23T04:18:36.616+0000] {processor.py:186} INFO - Started process (PID=175) to work on /opt/airflow/dags/setup_lakehouse_infrastructure_v3.py
[2026-07-23T04:18:36.619+0000] {processor.py:914} INFO - Processing file /opt/airflow/dags/setup_lakehouse_infrastructure_v3.py for tasks to queue
[2026-07-23T04:18:36.622+0000] {logging_mixin.py:190} INFO - [2026-07-23T04:18:36.621+0000] {dagbag.py:588} INFO - Filling up the DagBag from /opt/airflow/dags/setup_lakehouse_infrastructure_v3.py
[2026-07-23T04:18:36.666+0000] {processor.py:925} INFO - DAG(s) 'setup_lakehouse_infrastructure_v3' retrieved from /opt/airflow/dags/setup_lakehouse_infrastructure_v3.py
[2026-07-23T04:18:36.699+0000] {logging_mixin.py:190} INFO - [2026-07-23T04:18:36.699+0000] {dag.py:3239} INFO - Sync 1 DAGs
[2026-07-23T04:18:36.725+0000] {logging_mixin.py:190} INFO - [2026-07-23T04:18:36.725+0000] {dag.py:4180} INFO - Setting next_dagrun for setup_lakehouse_infrastructure_v3 to None, run_after=None
[2026-07-23T04:18:36.762+0000] {processor.py:208} INFO - Processing /opt/airflow/dags/setup_lakehouse_infrastructure_v3.py took 0.155 seconds
[2026-07-23T04:19:07.010+0000] {processor.py:186} INFO - Started process (PID=298) to work on /opt/airflow/dags/setup_lakehouse_infrastructure_v3.py
[2026-07-23T04:19:07.012+0000] {processor.py:914} INFO - Processing file /opt/airflow/dags/setup_lakehouse_infrastructure_v3.py for tasks to queue
[2026-07-23T04:19:07.014+0000] {logging_mixin.py:190} INFO - [2026-07-23T04:19:07.014+0000] {dagbag.py:588} INFO - Filling up the DagBag from /opt/airflow/dags/setup_lakehouse_infrastructure_v3.py
[2026-07-23T04:19:07.048+0000] {processor.py:925} INFO - DAG(s) 'setup_lakehouse_infrastructure_v3' retrieved from /opt/airflow/dags/setup_lakehouse_infrastructure_v3.py
[2026-07-23T04:19:07.072+0000] {logging_mixin.py:190} INFO - [2026-07-23T04:19:07.072+0000] {dag.py:3239} INFO - Sync 1 DAGs
[2026-07-23T04:19:07.094+0000] {logging_mixin.py:190} INFO - [2026-07-23T04:19:07.094+0000] {dag.py:4180} INFO - Setting next_dagrun for setup_lakehouse_infrastructure_v3 to None, run_after=None
[2026-07-23T04:19:07.115+0000] {processor.py:208} INFO - Processing /opt/airflow/dags/setup_lakehouse_infrastructure_v3.py took 0.111 seconds
[2026-07-23T04:19:37.402+0000] {processor.py:186} INFO - Started process (PID=417) to work on /opt/airflow/dags/setup_lakehouse_infrastructure_v3.py
[2026-07-23T04:19:37.403+0000] {processor.py:914} INFO - Processing file /opt/airflow/dags/setup_lakehouse_infrastructure_v3.py for tasks to queue
[2026-07-23T04:19:37.405+0000] {logging_mixin.py:190} INFO - [2026-07-23T04:19:37.405+0000] {dagbag.py:588} INFO - Filling up the DagBag from /opt/airflow/dags/setup_lakehouse_infrastructure_v3.py
[2026-07-23T04:19:37.433+0000] {processor.py:925} INFO - DAG(s) 'setup_lakehouse_infrastructure_v3' retrieved from /opt/airflow/dags/setup_lakehouse_infrastructure_v3.py
[2026-07-23T04:19:37.456+0000] {logging_mixin.py:190} INFO - [2026-07-23T04:19:37.456+0000] {dag.py:3239} INFO - Sync 1 DAGs
[2026-07-23T04:19:37.477+0000] {logging_mixin.py:190} INFO - [2026-07-23T04:19:37.477+0000] {dag.py:4180} INFO - Setting next_dagrun for setup_lakehouse_infrastructure_v3 to None, run_after=None
[2026-07-23T04:19:37.495+0000] {processor.py:208} INFO - Processing /opt/airflow/dags/setup_lakehouse_infrastructure_v3.py took 0.098 seconds
[2026-07-23T04:22:13.595+0000] {processor.py:186} INFO - Started process (PID=175) to work on /opt/airflow/dags/setup_lakehouse_infrastructure_v3.py
[2026-07-23T04:22:13.598+0000] {processor.py:914} INFO - Processing file /opt/airflow/dags/setup_lakehouse_infrastructure_v3.py for tasks to queue
[2026-07-23T04:22:13.604+0000] {logging_mixin.py:190} INFO - [2026-07-23T04:22:13.604+0000] {dagbag.py:588} INFO - Filling up the DagBag from /opt/airflow/dags/setup_lakehouse_infrastructure_v3.py
[2026-07-23T04:22:13.656+0000] {processor.py:925} INFO - DAG(s) 'setup_lakehouse_infrastructure_v3' retrieved from /opt/airflow/dags/setup_lakehouse_infrastructure_v3.py
[2026-07-23T04:22:13.711+0000] {logging_mixin.py:190} INFO - [2026-07-23T04:22:13.711+0000] {dag.py:3239} INFO - Sync 1 DAGs
[2026-07-23T04:22:13.768+0000] {logging_mixin.py:190} INFO - [2026-07-23T04:22:13.768+0000] {dag.py:4180} INFO - Setting next_dagrun for setup_lakehouse_infrastructure_v3 to None, run_after=None
[2026-07-23T04:22:13.827+0000] {processor.py:208} INFO - Processing /opt/airflow/dags/setup_lakehouse_infrastructure_v3.py took 0.247 seconds
[2026-07-23T04:22:43.972+0000] {processor.py:186} INFO - Started process (PID=298) to work on /opt/airflow/dags/setup_lakehouse_infrastructure_v3.py
[2026-07-23T04:22:43.974+0000] {processor.py:914} INFO - Processing file /opt/airflow/dags/setup_lakehouse_infrastructure_v3.py for tasks to queue
[2026-07-23T04:22:43.977+0000] {logging_mixin.py:190} INFO - [2026-07-23T04:22:43.977+0000] {dagbag.py:588} INFO - Filling up the DagBag from /opt/airflow/dags/setup_lakehouse_infrastructure_v3.py
[2026-07-23T04:22:44.015+0000] {processor.py:925} INFO - DAG(s) 'setup_lakehouse_infrastructure_v3' retrieved from /opt/airflow/dags/setup_lakehouse_infrastructure_v3.py
[2026-07-23T04:22:44.039+0000] {logging_mixin.py:190} INFO - [2026-07-23T04:22:44.039+0000] {dag.py:3239} INFO - Sync 1 DAGs
[2026-07-23T04:22:44.064+0000] {logging_mixin.py:190} INFO - [2026-07-23T04:22:44.064+0000] {dag.py:4180} INFO - Setting next_dagrun for setup_lakehouse_infrastructure_v3 to None, run_after=None
[2026-07-23T04:22:44.088+0000] {processor.py:208} INFO - Processing /opt/airflow/dags/setup_lakehouse_infrastructure_v3.py took 0.123 seconds
[2026-07-23T04:23:14.632+0000] {processor.py:186} INFO - Started process (PID=417) to work on /opt/airflow/dags/setup_lakehouse_infrastructure_v3.py
[2026-07-23T04:23:14.633+0000] {processor.py:914} INFO - Processing file /opt/airflow/dags/setup_lakehouse_infrastructure_v3.py for tasks to queue
[2026-07-23T04:23:14.635+0000] {logging_mixin.py:190} INFO - [2026-07-23T04:23:14.635+0000] {dagbag.py:588} INFO - Filling up the DagBag from /opt/airflow/dags/setup_lakehouse_infrastructure_v3.py
[2026-07-23T04:23:14.661+0000] {processor.py:925} INFO - DAG(s) 'setup_lakehouse_infrastructure_v3' retrieved from /opt/airflow/dags/setup_lakehouse_infrastructure_v3.py
[2026-07-23T04:23:14.685+0000] {logging_mixin.py:190} INFO - [2026-07-23T04:23:14.685+0000] {dag.py:3239} INFO - Sync 1 DAGs
[2026-07-23T04:23:14.706+0000] {logging_mixin.py:190} INFO - [2026-07-23T04:23:14.706+0000] {dag.py:4180} INFO - Setting next_dagrun for setup_lakehouse_infrastructure_v3 to None, run_after=None
[2026-07-23T04:23:14.725+0000] {processor.py:208} INFO - Processing /opt/airflow/dags/setup_lakehouse_infrastructure_v3.py took 0.098 seconds
[2026-07-23T04:23:44.973+0000] {processor.py:186} INFO - Started process (PID=535) to work on /opt/airflow/dags/setup_lakehouse_infrastructure_v3.py
[2026-07-23T04:23:44.975+0000] {processor.py:914} INFO - Processing file /opt/airflow/dags/setup_lakehouse_infrastructure_v3.py for tasks to queue
[2026-07-23T04:23:44.977+0000] {logging_mixin.py:190} INFO - [2026-07-23T04:23:44.977+0000] {dagbag.py:588} INFO - Filling up the DagBag from /opt/airflow/dags/setup_lakehouse_infrastructure_v3.py
[2026-07-23T04:23:45.005+0000] {processor.py:925} INFO - DAG(s) 'setup_lakehouse_infrastructure_v3' retrieved from /opt/airflow/dags/setup_lakehouse_infrastructure_v3.py
[2026-07-23T04:23:45.030+0000] {logging_mixin.py:190} INFO - [2026-07-23T04:23:45.030+0000] {dag.py:3239} INFO - Sync 1 DAGs
[2026-07-23T04:23:45.055+0000] {logging_mixin.py:190} INFO - [2026-07-23T04:23:45.055+0000] {dag.py:4180} INFO - Setting next_dagrun for setup_lakehouse_infrastructure_v3 to None, run_after=None
[2026-07-23T04:23:45.079+0000] {processor.py:208} INFO - Processing /opt/airflow/dags/setup_lakehouse_infrastructure_v3.py took 0.113 seconds
[2026-07-23T04:24:15.219+0000] {processor.py:186} INFO - Started process (PID=656) to work on /opt/airflow/dags/setup_lakehouse_infrastructure_v3.py
[2026-07-23T04:24:15.220+0000] {processor.py:914} INFO - Processing file /opt/airflow/dags/setup_lakehouse_infrastructure_v3.py for tasks to queue
[2026-07-23T04:24:15.223+0000] {logging_mixin.py:190} INFO - [2026-07-23T04:24:15.222+0000] {dagbag.py:588} INFO - Filling up the DagBag from /opt/airflow/dags/setup_lakehouse_infrastructure_v3.py
[2026-07-23T04:24:15.253+0000] {processor.py:925} INFO - DAG(s) 'setup_lakehouse_infrastructure_v3' retrieved from /opt/airflow/dags/setup_lakehouse_infrastructure_v3.py
[2026-07-23T04:24:15.282+0000] {logging_mixin.py:190} INFO - [2026-07-23T04:24:15.282+0000] {dag.py:3239} INFO - Sync 1 DAGs
[2026-07-23T04:24:15.304+0000] {logging_mixin.py:190} INFO - [2026-07-23T04:24:15.304+0000] {dag.py:4180} INFO - Setting next_dagrun for setup_lakehouse_infrastructure_v3 to None, run_after=None
[2026-07-23T04:24:15.325+0000] {processor.py:208} INFO - Processing /opt/airflow/dags/setup_lakehouse_infrastructure_v3.py took 0.112 seconds
[2026-07-23T04:24:45.529+0000] {processor.py:186} INFO - Started process (PID=775) to work on /opt/airflow/dags/setup_lakehouse_infrastructure_v3.py
[2026-07-23T04:24:45.530+0000] {processor.py:914} INFO - Processing file /opt/airflow/dags/setup_lakehouse_infrastructure_v3.py for tasks to queue
[2026-07-23T04:24:45.532+0000] {logging_mixin.py:190} INFO - [2026-07-23T04:24:45.532+0000] {dagbag.py:588} INFO - Filling up the DagBag from /opt/airflow/dags/setup_lakehouse_infrastructure_v3.py
[2026-07-23T04:24:45.555+0000] {processor.py:925} INFO - DAG(s) 'setup_lakehouse_infrastructure_v3' retrieved from /opt/airflow/dags/setup_lakehouse_infrastructure_v3.py
[2026-07-23T04:24:45.577+0000] {logging_mixin.py:190} INFO - [2026-07-23T04:24:45.577+0000] {dag.py:3239} INFO - Sync 1 DAGs
[2026-07-23T04:24:45.596+0000] {logging_mixin.py:190} INFO - [2026-07-23T04:24:45.596+0000] {dag.py:4180} INFO - Setting next_dagrun for setup_lakehouse_infrastructure_v3 to None, run_after=None
[2026-07-23T04:24:45.613+0000] {processor.py:208} INFO - Processing /opt/airflow/dags/setup_lakehouse_infrastructure_v3.py took 0.089 seconds
[2026-07-23T04:25:15.833+0000] {processor.py:186} INFO - Started process (PID=893) to work on /opt/airflow/dags/setup_lakehouse_infrastructure_v3.py
[2026-07-23T04:25:15.834+0000] {processor.py:914} INFO - Processing file /opt/airflow/dags/setup_lakehouse_infrastructure_v3.py for tasks to queue
[2026-07-23T04:25:15.837+0000] {logging_mixin.py:190} INFO - [2026-07-23T04:25:15.837+0000] {dagbag.py:588} INFO - Filling up the DagBag from /opt/airflow/dags/setup_lakehouse_infrastructure_v3.py
[2026-07-23T04:25:15.863+0000] {processor.py:925} INFO - DAG(s) 'setup_lakehouse_infrastructure_v3' retrieved from /opt/airflow/dags/setup_lakehouse_infrastructure_v3.py
[2026-07-23T04:25:15.888+0000] {logging_mixin.py:190} INFO - [2026-07-23T04:25:15.888+0000] {dag.py:3239} INFO - Sync 1 DAGs
[2026-07-23T04:25:15.909+0000] {logging_mixin.py:190} INFO - [2026-07-23T04:25:15.908+0000] {dag.py:4180} INFO - Setting next_dagrun for setup_lakehouse_infrastructure_v3 to None, run_after=None
[2026-07-23T04:25:15.928+0000] {processor.py:208} INFO - Processing /opt/airflow/dags/setup_lakehouse_infrastructure_v3.py took 0.101 seconds
[2026-07-23T04:25:46.292+0000] {processor.py:186} INFO - Started process (PID=1014) to work on /opt/airflow/dags/setup_lakehouse_infrastructure_v3.py
[2026-07-23T04:25:46.293+0000] {processor.py:914} INFO - Processing file /opt/airflow/dags/setup_lakehouse_infrastructure_v3.py for tasks to queue
[2026-07-23T04:25:46.298+0000] {logging_mixin.py:190} INFO - [2026-07-23T04:25:46.298+0000] {dagbag.py:588} INFO - Filling up the DagBag from /opt/airflow/dags/setup_lakehouse_infrastructure_v3.py
[2026-07-23T04:25:46.336+0000] {processor.py:925} INFO - DAG(s) 'setup_lakehouse_infrastructure_v3' retrieved from /opt/airflow/dags/setup_lakehouse_infrastructure_v3.py
[2026-07-23T04:25:46.366+0000] {logging_mixin.py:190} INFO - [2026-07-23T04:25:46.365+0000] {dag.py:3239} INFO - Sync 1 DAGs
[2026-07-23T04:25:46.386+0000] {logging_mixin.py:190} INFO - [2026-07-23T04:25:46.386+0000] {dag.py:4180} INFO - Setting next_dagrun for setup_lakehouse_infrastructure_v3 to None, run_after=None
[2026-07-23T04:25:46.407+0000] {processor.py:208} INFO - Processing /opt/airflow/dags/setup_lakehouse_infrastructure_v3.py took 0.122 seconds
[2026-07-23T04:26:16.632+0000] {processor.py:186} INFO - Started process (PID=1135) to work on /opt/airflow/dags/setup_lakehouse_infrastructure_v3.py
[2026-07-23T04:26:16.634+0000] {processor.py:914} INFO - Processing file /opt/airflow/dags/setup_lakehouse_infrastructure_v3.py for tasks to queue
[2026-07-23T04:26:16.637+0000] {logging_mixin.py:190} INFO - [2026-07-23T04:26:16.637+0000] {dagbag.py:588} INFO - Filling up the DagBag from /opt/airflow/dags/setup_lakehouse_infrastructure_v3.py
[2026-07-23T04:26:16.666+0000] {processor.py:925} INFO - DAG(s) 'setup_lakehouse_infrastructure_v3' retrieved from /opt/airflow/dags/setup_lakehouse_infrastructure_v3.py
[2026-07-23T04:26:16.691+0000] {logging_mixin.py:190} INFO - [2026-07-23T04:26:16.691+0000] {dag.py:3239} INFO - Sync 1 DAGs
[2026-07-23T04:26:16.714+0000] {logging_mixin.py:190} INFO - [2026-07-23T04:26:16.714+0000] {dag.py:4180} INFO - Setting next_dagrun for setup_lakehouse_infrastructure_v3 to None, run_after=None
[2026-07-23T04:26:16.737+0000] {processor.py:208} INFO - Processing /opt/airflow/dags/setup_lakehouse_infrastructure_v3.py took 0.110 seconds
[2026-07-23T04:26:47.235+0000] {processor.py:186} INFO - Started process (PID=1251) to work on /opt/airflow/dags/setup_lakehouse_infrastructure_v3.py
[2026-07-23T04:26:47.236+0000] {processor.py:914} INFO - Processing file /opt/airflow/dags/setup_lakehouse_infrastructure_v3.py for tasks to queue
[2026-07-23T04:26:47.238+0000] {logging_mixin.py:190} INFO - [2026-07-23T04:26:47.238+0000] {dagbag.py:588} INFO - Filling up the DagBag from /opt/airflow/dags/setup_lakehouse_infrastructure_v3.py
[2026-07-23T04:26:47.261+0000] {processor.py:925} INFO - DAG(s) 'setup_lakehouse_infrastructure_v3' retrieved from /opt/airflow/dags/setup_lakehouse_infrastructure_v3.py
[2026-07-23T04:26:47.282+0000] {logging_mixin.py:190} INFO - [2026-07-23T04:26:47.282+0000] {dag.py:3239} INFO - Sync 1 DAGs
[2026-07-23T04:26:47.302+0000] {logging_mixin.py:190} INFO - [2026-07-23T04:26:47.302+0000] {dag.py:4180} INFO - Setting next_dagrun for setup_lakehouse_infrastructure_v3 to None, run_after=None
[2026-07-23T04:26:47.321+0000] {processor.py:208} INFO - Processing /opt/airflow/dags/setup_lakehouse_infrastructure_v3.py took 0.092 seconds
[2026-07-23T04:27:18.145+0000] {processor.py:186} INFO - Started process (PID=1372) to work on /opt/airflow/dags/setup_lakehouse_infrastructure_v3.py
[2026-07-23T04:27:18.146+0000] {processor.py:914} INFO - Processing file /opt/airflow/dags/setup_lakehouse_infrastructure_v3.py for tasks to queue
[2026-07-23T04:27:18.148+0000] {logging_mixin.py:190} INFO - [2026-07-23T04:27:18.148+0000] {dagbag.py:588} INFO - Filling up the DagBag from /opt/airflow/dags/setup_lakehouse_infrastructure_v3.py
[2026-07-23T04:27:18.174+0000] {processor.py:925} INFO - DAG(s) 'setup_lakehouse_infrastructure_v3' retrieved from /opt/airflow/dags/setup_lakehouse_infrastructure_v3.py
[2026-07-23T04:27:18.198+0000] {logging_mixin.py:190} INFO - [2026-07-23T04:27:18.197+0000] {dag.py:3239} INFO - Sync 1 DAGs
[2026-07-23T04:27:18.220+0000] {logging_mixin.py:190} INFO - [2026-07-23T04:27:18.219+0000] {dag.py:4180} INFO - Setting next_dagrun for setup_lakehouse_infrastructure_v3 to None, run_after=None
[2026-07-23T04:27:18.241+0000] {processor.py:208} INFO - Processing /opt/airflow/dags/setup_lakehouse_infrastructure_v3.py took 0.102 seconds
[2026-07-23T04:27:48.603+0000] {processor.py:186} INFO - Started process (PID=1493) to work on /opt/airflow/dags/setup_lakehouse_infrastructure_v3.py
[2026-07-23T04:27:48.604+0000] {processor.py:914} INFO - Processing file /opt/airflow/dags/setup_lakehouse_infrastructure_v3.py for tasks to queue
[2026-07-23T04:27:48.606+0000] {logging_mixin.py:190} INFO - [2026-07-23T04:27:48.606+0000] {dagbag.py:588} INFO - Filling up the DagBag from /opt/airflow/dags/setup_lakehouse_infrastructure_v3.py
[2026-07-23T04:27:48.631+0000] {processor.py:925} INFO - DAG(s) 'setup_lakehouse_infrastructure_v3' retrieved from /opt/airflow/dags/setup_lakehouse_infrastructure_v3.py
[2026-07-23T04:27:48.653+0000] {logging_mixin.py:190} INFO - [2026-07-23T04:27:48.653+0000] {dag.py:3239} INFO - Sync 1 DAGs
[2026-07-23T04:27:48.673+0000] {logging_mixin.py:190} INFO - [2026-07-23T04:27:48.673+0000] {dag.py:4180} INFO - Setting next_dagrun for setup_lakehouse_infrastructure_v3 to None, run_after=None
[2026-07-23T04:27:48.693+0000] {processor.py:208} INFO - Processing /opt/airflow/dags/setup_lakehouse_infrastructure_v3.py took 0.095 seconds
[2026-07-23T04:28:19.294+0000] {processor.py:186} INFO - Started process (PID=1612) to work on /opt/airflow/dags/setup_lakehouse_infrastructure_v3.py
[2026-07-23T04:28:19.295+0000] {processor.py:914} INFO - Processing file /opt/airflow/dags/setup_lakehouse_infrastructure_v3.py for tasks to queue
[2026-07-23T04:28:19.298+0000] {logging_mixin.py:190} INFO - [2026-07-23T04:28:19.297+0000] {dagbag.py:588} INFO - Filling up the DagBag from /opt/airflow/dags/setup_lakehouse_infrastructure_v3.py
[2026-07-23T04:28:19.327+0000] {processor.py:925} INFO - DAG(s) 'setup_lakehouse_infrastructure_v3' retrieved from /opt/airflow/dags/setup_lakehouse_infrastructure_v3.py
[2026-07-23T04:28:19.353+0000] {logging_mixin.py:190} INFO - [2026-07-23T04:28:19.353+0000] {dag.py:3239} INFO - Sync 1 DAGs
[2026-07-23T04:28:19.375+0000] {logging_mixin.py:190} INFO - [2026-07-23T04:28:19.375+0000] {dag.py:4180} INFO - Setting next_dagrun for setup_lakehouse_infrastructure_v3 to None, run_after=None
[2026-07-23T04:28:19.398+0000] {processor.py:208} INFO - Processing /opt/airflow/dags/setup_lakehouse_infrastructure_v3.py took 0.113 seconds
[2026-07-23T04:28:49.550+0000] {processor.py:186} INFO - Started process (PID=1730) to work on /opt/airflow/dags/setup_lakehouse_infrastructure_v3.py
[2026-07-23T04:28:49.551+0000] {processor.py:914} INFO - Processing file /opt/airflow/dags/setup_lakehouse_infrastructure_v3.py for tasks to queue
[2026-07-23T04:28:49.554+0000] {logging_mixin.py:190} INFO - [2026-07-23T04:28:49.554+0000] {dagbag.py:588} INFO - Filling up the DagBag from /opt/airflow/dags/setup_lakehouse_infrastructure_v3.py
[2026-07-23T04:28:49.577+0000] {processor.py:925} INFO - DAG(s) 'setup_lakehouse_infrastructure_v3' retrieved from /opt/airflow/dags/setup_lakehouse_infrastructure_v3.py
[2026-07-23T04:28:49.598+0000] {logging_mixin.py:190} INFO - [2026-07-23T04:28:49.598+0000] {dag.py:3239} INFO - Sync 1 DAGs
[2026-07-23T04:28:49.618+0000] {logging_mixin.py:190} INFO - [2026-07-23T04:28:49.618+0000] {dag.py:4180} INFO - Setting next_dagrun for setup_lakehouse_infrastructure_v3 to None, run_after=None
[2026-07-23T04:28:49.638+0000] {processor.py:208} INFO - Processing /opt/airflow/dags/setup_lakehouse_infrastructure_v3.py took 0.095 seconds
[2026-07-23T04:29:19.715+0000] {processor.py:186} INFO - Started process (PID=1851) to work on /opt/airflow/dags/setup_lakehouse_infrastructure_v3.py
[2026-07-23T04:29:19.716+0000] {processor.py:914} INFO - Processing file /opt/airflow/dags/setup_lakehouse_infrastructure_v3.py for tasks to queue
[2026-07-23T04:29:19.719+0000] {logging_mixin.py:190} INFO - [2026-07-23T04:29:19.719+0000] {dagbag.py:588} INFO - Filling up the DagBag from /opt/airflow/dags/setup_lakehouse_infrastructure_v3.py
[2026-07-23T04:29:19.746+0000] {processor.py:925} INFO - DAG(s) 'setup_lakehouse_infrastructure_v3' retrieved from /opt/airflow/dags/setup_lakehouse_infrastructure_v3.py
[2026-07-23T04:29:19.769+0000] {logging_mixin.py:190} INFO - [2026-07-23T04:29:19.768+0000] {dag.py:3239} INFO - Sync 1 DAGs
[2026-07-23T04:29:19.790+0000] {logging_mixin.py:190} INFO - [2026-07-23T04:29:19.790+0000] {dag.py:4180} INFO - Setting next_dagrun for setup_lakehouse_infrastructure_v3 to None, run_after=None
[2026-07-23T04:29:19.809+0000] {processor.py:208} INFO - Processing /opt/airflow/dags/setup_lakehouse_infrastructure_v3.py took 0.101 seconds
[2026-07-23T04:29:50.327+0000] {processor.py:186} INFO - Started process (PID=1970) to work on /opt/airflow/dags/setup_lakehouse_infrastructure_v3.py
[2026-07-23T04:29:50.328+0000] {processor.py:914} INFO - Processing file /opt/airflow/dags/setup_lakehouse_infrastructure_v3.py for tasks to queue
[2026-07-23T04:29:50.330+0000] {logging_mixin.py:190} INFO - [2026-07-23T04:29:50.330+0000] {dagbag.py:588} INFO - Filling up the DagBag from /opt/airflow/dags/setup_lakehouse_infrastructure_v3.py
[2026-07-23T04:29:50.360+0000] {processor.py:925} INFO - DAG(s) 'setup_lakehouse_infrastructure_v3' retrieved from /opt/airflow/dags/setup_lakehouse_infrastructure_v3.py
[2026-07-23T04:29:50.383+0000] {logging_mixin.py:190} INFO - [2026-07-23T04:29:50.383+0000] {dag.py:3239} INFO - Sync 1 DAGs
[2026-07-23T04:29:50.404+0000] {logging_mixin.py:190} INFO - [2026-07-23T04:29:50.404+0000] {dag.py:4180} INFO - Setting next_dagrun for setup_lakehouse_infrastructure_v3 to None, run_after=None
[2026-07-23T04:29:50.423+0000] {processor.py:208} INFO - Processing /opt/airflow/dags/setup_lakehouse_infrastructure_v3.py took 0.105 seconds
[2026-07-23T04:30:20.757+0000] {processor.py:186} INFO - Started process (PID=2088) to work on /opt/airflow/dags/setup_lakehouse_infrastructure_v3.py
[2026-07-23T04:30:20.758+0000] {processor.py:914} INFO - Processing file /opt/airflow/dags/setup_lakehouse_infrastructure_v3.py for tasks to queue
[2026-07-23T04:30:20.761+0000] {logging_mixin.py:190} INFO - [2026-07-23T04:30:20.760+0000] {dagbag.py:588} INFO - Filling up the DagBag from /opt/airflow/dags/setup_lakehouse_infrastructure_v3.py
[2026-07-23T04:30:20.789+0000] {processor.py:925} INFO - DAG(s) 'setup_lakehouse_infrastructure_v3' retrieved from /opt/airflow/dags/setup_lakehouse_infrastructure_v3.py
[2026-07-23T04:30:20.812+0000] {logging_mixin.py:190} INFO - [2026-07-23T04:30:20.812+0000] {dag.py:3239} INFO - Sync 1 DAGs
[2026-07-23T04:30:20.832+0000] {logging_mixin.py:190} INFO - [2026-07-23T04:30:20.831+0000] {dag.py:4180} INFO - Setting next_dagrun for setup_lakehouse_infrastructure_v3 to None, run_after=None
[2026-07-23T04:30:20.851+0000] {processor.py:208} INFO - Processing /opt/airflow/dags/setup_lakehouse_infrastructure_v3.py took 0.099 seconds
[2026-07-23T04:30:51.115+0000] {processor.py:186} INFO - Started process (PID=2209) to work on /opt/airflow/dags/setup_lakehouse_infrastructure_v3.py
[2026-07-23T04:30:51.117+0000] {processor.py:914} INFO - Processing file /opt/airflow/dags/setup_lakehouse_infrastructure_v3.py for tasks to queue
[2026-07-23T04:30:51.119+0000] {logging_mixin.py:190} INFO - [2026-07-23T04:30:51.119+0000] {dagbag.py:588} INFO - Filling up the DagBag from /opt/airflow/dags/setup_lakehouse_infrastructure_v3.py
[2026-07-23T04:30:51.147+0000] {processor.py:925} INFO - DAG(s) 'setup_lakehouse_infrastructure_v3' retrieved from /opt/airflow/dags/setup_lakehouse_infrastructure_v3.py
[2026-07-23T04:30:51.169+0000] {logging_mixin.py:190} INFO - [2026-07-23T04:30:51.169+0000] {dag.py:3239} INFO - Sync 1 DAGs
[2026-07-23T04:30:51.190+0000] {logging_mixin.py:190} INFO - [2026-07-23T04:30:51.190+0000] {dag.py:4180} INFO - Setting next_dagrun for setup_lakehouse_infrastructure_v3 to None, run_after=None
[2026-07-23T04:30:51.212+0000] {processor.py:208} INFO - Processing /opt/airflow/dags/setup_lakehouse_infrastructure_v3.py took 0.103 seconds
[2026-07-23T04:31:21.451+0000] {processor.py:186} INFO - Started process (PID=2328) to work on /opt/airflow/dags/setup_lakehouse_infrastructure_v3.py
[2026-07-23T04:31:21.452+0000] {processor.py:914} INFO - Processing file /opt/airflow/dags/setup_lakehouse_infrastructure_v3.py for tasks to queue
[2026-07-23T04:31:21.454+0000] {logging_mixin.py:190} INFO - [2026-07-23T04:31:21.454+0000] {dagbag.py:588} INFO - Filling up the DagBag from /opt/airflow/dags/setup_lakehouse_infrastructure_v3.py
[2026-07-23T04:31:21.476+0000] {processor.py:925} INFO - DAG(s) 'setup_lakehouse_infrastructure_v3' retrieved from /opt/airflow/dags/setup_lakehouse_infrastructure_v3.py
[2026-07-23T04:31:21.499+0000] {logging_mixin.py:190} INFO - [2026-07-23T04:31:21.499+0000] {dag.py:3239} INFO - Sync 1 DAGs
[2026-07-23T04:31:21.518+0000] {logging_mixin.py:190} INFO - [2026-07-23T04:31:21.518+0000] {dag.py:4180} INFO - Setting next_dagrun for setup_lakehouse_infrastructure_v3 to None, run_after=None
[2026-07-23T04:31:21.536+0000] {processor.py:208} INFO - Processing /opt/airflow/dags/setup_lakehouse_infrastructure_v3.py took 0.092 seconds
[2026-07-23T04:31:51.704+0000] {processor.py:186} INFO - Started process (PID=2446) to work on /opt/airflow/dags/setup_lakehouse_infrastructure_v3.py
[2026-07-23T04:31:51.705+0000] {processor.py:914} INFO - Processing file /opt/airflow/dags/setup_lakehouse_infrastructure_v3.py for tasks to queue
[2026-07-23T04:31:51.709+0000] {logging_mixin.py:190} INFO - [2026-07-23T04:31:51.709+0000] {dagbag.py:588} INFO - Filling up the DagBag from /opt/airflow/dags/setup_lakehouse_infrastructure_v3.py
[2026-07-23T04:31:51.748+0000] {processor.py:925} INFO - DAG(s) 'setup_lakehouse_infrastructure_v3' retrieved from /opt/airflow/dags/setup_lakehouse_infrastructure_v3.py
[2026-07-23T04:31:51.776+0000] {logging_mixin.py:190} INFO - [2026-07-23T04:31:51.776+0000] {dag.py:3239} INFO - Sync 1 DAGs
[2026-07-23T04:31:51.802+0000] {logging_mixin.py:190} INFO - [2026-07-23T04:31:51.802+0000] {dag.py:4180} INFO - Setting next_dagrun for setup_lakehouse_infrastructure_v3 to None, run_after=None
[2026-07-23T04:31:51.830+0000] {processor.py:208} INFO - Processing /opt/airflow/dags/setup_lakehouse_infrastructure_v3.py took 0.132 seconds
[2026-07-23T04:32:22.708+0000] {processor.py:186} INFO - Started process (PID=2567) to work on /opt/airflow/dags/setup_lakehouse_infrastructure_v3.py
[2026-07-23T04:32:22.709+0000] {processor.py:914} INFO - Processing file /opt/airflow/dags/setup_lakehouse_infrastructure_v3.py for tasks to queue
[2026-07-23T04:32:22.711+0000] {logging_mixin.py:190} INFO - [2026-07-23T04:32:22.711+0000] {dagbag.py:588} INFO - Filling up the DagBag from /opt/airflow/dags/setup_lakehouse_infrastructure_v3.py
[2026-07-23T04:32:22.737+0000] {processor.py:925} INFO - DAG(s) 'setup_lakehouse_infrastructure_v3' retrieved from /opt/airflow/dags/setup_lakehouse_infrastructure_v3.py
[2026-07-23T04:32:22.769+0000] {logging_mixin.py:190} INFO - [2026-07-23T04:32:22.769+0000] {dag.py:3239} INFO - Sync 1 DAGs
[2026-07-23T04:32:22.793+0000] {logging_mixin.py:190} INFO - [2026-07-23T04:32:22.792+0000] {dag.py:4180} INFO - Setting next_dagrun for setup_lakehouse_infrastructure_v3 to None, run_after=None
[2026-07-23T04:32:22.815+0000] {processor.py:208} INFO - Processing /opt/airflow/dags/setup_lakehouse_infrastructure_v3.py took 0.113 seconds
