[2026-08-05T03:44:18.380+0000] {local_task_job_runner.py:123} INFO - ::group::Pre task execution logs
[2026-08-05T03:44:18.404+0000] {taskinstance.py:2612} INFO - Dependencies all met for dep_context=non-requeueable deps ti=<TaskInstance: logistics_setup_lakehouse_infrastructure.deploy_schemas_and_tables scheduled__2026-01-01T00:00:00+00:00 [queued]>
[2026-08-05T03:44:18.414+0000] {taskinstance.py:2612} INFO - Dependencies all met for dep_context=requeueable deps ti=<TaskInstance: logistics_setup_lakehouse_infrastructure.deploy_schemas_and_tables scheduled__2026-01-01T00:00:00+00:00 [queued]>
[2026-08-05T03:44:18.416+0000] {taskinstance.py:2865} INFO - Starting attempt 1 of 1
[2026-08-05T03:44:18.428+0000] {taskinstance.py:2888} INFO - Executing <Task(_PythonDecoratedOperator): deploy_schemas_and_tables> on 2026-01-01 00:00:00+00:00
[2026-08-05T03:44:18.434+0000] {standard_task_runner.py:72} INFO - Started process 857 to run task
[2026-08-05T03:44:18.438+0000] {standard_task_runner.py:104} INFO - Running: ['airflow', 'tasks', 'run', 'logistics_setup_lakehouse_infrastructure', 'deploy_schemas_and_tables', 'scheduled__2026-01-01T00:00:00+00:00', '--job-id', '4', '--raw', '--subdir', 'DAGS_FOLDER/logistics_setup_infrastructure.py', '--cfg-path', '/tmp/tmpkdr6ihw5']
[2026-08-05T03:44:18.441+0000] {standard_task_runner.py:105} INFO - Job 4: Subtask deploy_schemas_and_tables
[2026-08-05T03:44:18.513+0000] {task_command.py:467} INFO - Running <TaskInstance: logistics_setup_lakehouse_infrastructure.deploy_schemas_and_tables scheduled__2026-01-01T00:00:00+00:00 [running]> on host 8f884c86bad7
[2026-08-05T03:44:18.736+0000] {taskinstance.py:3131} INFO - Exporting env vars: AIRFLOW_CTX_DAG_OWNER='airflow' AIRFLOW_CTX_DAG_ID='logistics_setup_lakehouse_infrastructure' AIRFLOW_CTX_TASK_ID='deploy_schemas_and_tables' AIRFLOW_CTX_EXECUTION_DATE='2026-01-01T00:00:00+00:00' AIRFLOW_CTX_TRY_NUMBER='1' AIRFLOW_CTX_DAG_RUN_ID='scheduled__2026-01-01T00:00:00+00:00'
[2026-08-05T03:44:18.739+0000] {taskinstance.py:731} INFO - ::endgroup::
[2026-08-05T03:44:18.748+0000] {logistics_setup_infrastructure.py:58} INFO - ⏭️ BỎ QUA TẦNG LANDING: Không cần tạo bảng Trino cho file raw JSON.
[2026-08-05T03:44:18.749+0000] {logistics_setup_infrastructure.py:64} INFO - === ĐANG DEPLOY TẦNG: BRONZE_LAYER ===
[2026-08-05T03:44:18.751+0000] {base.py:84} INFO - Retrieving connection 'trino_default'
[2026-08-05T03:44:18.753+0000] {base.py:84} INFO - Retrieving connection 'trino_default'
[2026-08-05T03:44:18.770+0000] {sql.py:509} INFO - Running statement: CREATE SCHEMA IF NOT EXISTS lakehouse.bronze, parameters: None
[2026-08-05T03:44:20.816+0000] {base.py:84} INFO - Retrieving connection 'trino_default'
[2026-08-05T03:44:20.818+0000] {base.py:84} INFO - Retrieving connection 'trino_default'
[2026-08-05T03:44:20.819+0000] {sql.py:509} INFO - Running statement: 
                CREATE TABLE IF NOT EXISTS lakehouse.bronze.raw_orders (
                    _id VARCHAR,
    status VARCHAR,
    sub_status VARCHAR,
    service_id VARCHAR,
    city_id VARCHAR,
    requests VARCHAR,
    user_id VARCHAR,
    user_name VARCHAR,
    supplier_id VARCHAR,
    supplier_name VARCHAR,
    partner VARCHAR,
    create_time DOUBLE,
    order_time DOUBLE,
    idle_until DOUBLE,
    accept_time DOUBLE,
    accept_lat DOUBLE,
    accept_lng DOUBLE,
    accept_distance DOUBLE,
    accept_duration DOUBLE,
    board_time DOUBLE,
    pickup_time DOUBLE,
    cancel_time DOUBLE,
    complete_time DOUBLE,
    return_time DOUBLE,
    cancel_comment VARCHAR,
    cancel_by_user VARCHAR,
    currency VARCHAR,
    promo_code VARCHAR,
    payment_method VARCHAR,
    distance DOUBLE,
    distance_fee DOUBLE,
    stop_fee DOUBLE,
    request_fee DOUBLE,
    discount DOUBLE,
    total_fee DOUBLE,
    distance_price DOUBLE,
    special_request_price DOUBLE,
    stoppoint_price DOUBLE,
    voucher_discount DOUBLE,
    subtotal_price DOUBLE,
    total_price DOUBLE,
    user_main_account DOUBLE,
    user_bonus_account DOUBLE,
    total_pay DOUBLE,
    supplier_main_account DOUBLE,
    supplier_bonus_account DOUBLE,
    rating_by_user INTEGER,
    comment_by_user VARCHAR,
    rating_by_supplier INTEGER,
    comment_by_supplier VARCHAR,
    path VARCHAR,
    remarks VARCHAR,
    remind BOOLEAN,
    assigned_by VARCHAR,
    index INTEGER,
    from_location VARCHAR,
    _rescued_data VARCHAR,
    _ingest_time TIMESTAMP(6) WITH TIME ZONE,
    _run_id VARCHAR,
    _source_system VARCHAR
                )
                
WITH (
    format = 'PARQUET',
    partitioning = ARRAY['day(_ingest_time)']
), parameters: None
[2026-08-05T03:44:23.172+0000] {logistics_setup_infrastructure.py:101} INFO - Đang kiểm tra Schema Drift cho bảng lakehouse.bronze.raw_orders...
[2026-08-05T03:44:23.175+0000] {base.py:84} INFO - Retrieving connection 'trino_default'
[2026-08-05T03:44:23.177+0000] {base.py:84} INFO - Retrieving connection 'trino_default'
[2026-08-05T03:44:23.179+0000] {sql.py:509} INFO - Running statement: SELECT column_name 
                    FROM lakehouse.information_schema.columns 
                    WHERE table_schema = 'bronze' AND table_name = 'raw_orders', parameters: None
[2026-08-05T03:44:23.945+0000] {logistics_setup_infrastructure.py:64} INFO - === ĐANG DEPLOY TẦNG: SILVER_LAYER ===
[2026-08-05T03:44:23.947+0000] {base.py:84} INFO - Retrieving connection 'trino_default'
[2026-08-05T03:44:23.948+0000] {base.py:84} INFO - Retrieving connection 'trino_default'
[2026-08-05T03:44:23.950+0000] {sql.py:509} INFO - Running statement: CREATE SCHEMA IF NOT EXISTS lakehouse.silver, parameters: None
[2026-08-05T03:44:23.999+0000] {logistics_setup_infrastructure.py:64} INFO - === ĐANG DEPLOY TẦNG: GOLD_LAYER ===
[2026-08-05T03:44:24.000+0000] {base.py:84} INFO - Retrieving connection 'trino_default'
[2026-08-05T03:44:24.002+0000] {base.py:84} INFO - Retrieving connection 'trino_default'
[2026-08-05T03:44:24.003+0000] {sql.py:509} INFO - Running statement: CREATE SCHEMA IF NOT EXISTS lakehouse.gold, parameters: None
[2026-08-05T03:44:24.052+0000] {python.py:240} INFO - Done. Returned value was: None
[2026-08-05T03:44:24.065+0000] {taskinstance.py:340} INFO - ::group::Post task execution logs
[2026-08-05T03:44:24.067+0000] {taskinstance.py:352} INFO - Marking task as SUCCESS. dag_id=logistics_setup_lakehouse_infrastructure, task_id=deploy_schemas_and_tables, run_id=scheduled__2026-01-01T00:00:00+00:00, execution_date=20260101T000000, start_date=20260805T034418, end_date=20260805T034424
[2026-08-05T03:44:24.102+0000] {local_task_job_runner.py:266} INFO - Task exited with return code 0
[2026-08-05T03:44:24.123+0000] {taskinstance.py:3900} INFO - 0 downstream tasks scheduled from follow-on schedule check
[2026-08-05T03:44:24.127+0000] {local_task_job_runner.py:245} INFO - ::endgroup::
[2026-08-05T03:55:08.486+0000] {local_task_job_runner.py:123} INFO - ::group::Pre task execution logs
[2026-08-05T03:55:08.516+0000] {taskinstance.py:2612} INFO - Dependencies all met for dep_context=non-requeueable deps ti=<TaskInstance: logistics_setup_lakehouse_infrastructure.deploy_schemas_and_tables scheduled__2026-01-01T00:00:00+00:00 [queued]>
[2026-08-05T03:55:08.529+0000] {taskinstance.py:2612} INFO - Dependencies all met for dep_context=requeueable deps ti=<TaskInstance: logistics_setup_lakehouse_infrastructure.deploy_schemas_and_tables scheduled__2026-01-01T00:00:00+00:00 [queued]>
[2026-08-05T03:55:08.531+0000] {taskinstance.py:2865} INFO - Starting attempt 1 of 1
[2026-08-05T03:55:08.546+0000] {taskinstance.py:2888} INFO - Executing <Task(_PythonDecoratedOperator): deploy_schemas_and_tables> on 2026-01-01 00:00:00+00:00
[2026-08-05T03:55:08.553+0000] {standard_task_runner.py:72} INFO - Started process 430 to run task
[2026-08-05T03:55:08.561+0000] {standard_task_runner.py:104} INFO - Running: ['airflow', 'tasks', 'run', 'logistics_setup_lakehouse_infrastructure', 'deploy_schemas_and_tables', 'scheduled__2026-01-01T00:00:00+00:00', '--job-id', '4', '--raw', '--subdir', 'DAGS_FOLDER/logistics_setup_infrastructure.py', '--cfg-path', '/tmp/tmpukhud5pv']
[2026-08-05T03:55:08.567+0000] {standard_task_runner.py:105} INFO - Job 4: Subtask deploy_schemas_and_tables
[2026-08-05T03:55:08.673+0000] {task_command.py:467} INFO - Running <TaskInstance: logistics_setup_lakehouse_infrastructure.deploy_schemas_and_tables scheduled__2026-01-01T00:00:00+00:00 [running]> on host c631bb44f292
[2026-08-05T03:55:08.992+0000] {taskinstance.py:3131} INFO - Exporting env vars: AIRFLOW_CTX_DAG_OWNER='airflow' AIRFLOW_CTX_DAG_ID='logistics_setup_lakehouse_infrastructure' AIRFLOW_CTX_TASK_ID='deploy_schemas_and_tables' AIRFLOW_CTX_EXECUTION_DATE='2026-01-01T00:00:00+00:00' AIRFLOW_CTX_TRY_NUMBER='1' AIRFLOW_CTX_DAG_RUN_ID='scheduled__2026-01-01T00:00:00+00:00'
[2026-08-05T03:55:08.994+0000] {taskinstance.py:731} INFO - ::endgroup::
[2026-08-05T03:55:09.002+0000] {logistics_setup_infrastructure.py:58} INFO - ⏭️ BỎ QUA TẦNG LANDING: Không cần tạo bảng Trino cho file raw JSON.
[2026-08-05T03:55:09.004+0000] {logistics_setup_infrastructure.py:64} INFO - === ĐANG DEPLOY TẦNG: BRONZE_LAYER ===
[2026-08-05T03:55:09.006+0000] {base.py:84} INFO - Retrieving connection 'trino_default'
[2026-08-05T03:55:09.009+0000] {base.py:84} INFO - Retrieving connection 'trino_default'
[2026-08-05T03:55:09.016+0000] {sql.py:509} INFO - Running statement: CREATE SCHEMA IF NOT EXISTS lakehouse.bronze, parameters: None
[2026-08-05T03:55:10.279+0000] {base.py:84} INFO - Retrieving connection 'trino_default'
[2026-08-05T03:55:10.281+0000] {base.py:84} INFO - Retrieving connection 'trino_default'
[2026-08-05T03:55:10.283+0000] {sql.py:509} INFO - Running statement: 
                CREATE TABLE IF NOT EXISTS lakehouse.bronze.raw_orders (
                    _id VARCHAR,
    status VARCHAR,
    sub_status VARCHAR,
    service_id VARCHAR,
    city_id VARCHAR,
    requests VARCHAR,
    user_id VARCHAR,
    user_name VARCHAR,
    supplier_id VARCHAR,
    supplier_name VARCHAR,
    partner VARCHAR,
    create_time DOUBLE,
    order_time DOUBLE,
    idle_until DOUBLE,
    accept_time DOUBLE,
    accept_lat DOUBLE,
    accept_lng DOUBLE,
    accept_distance DOUBLE,
    accept_duration DOUBLE,
    board_time DOUBLE,
    pickup_time DOUBLE,
    cancel_time DOUBLE,
    complete_time DOUBLE,
    return_time DOUBLE,
    cancel_comment VARCHAR,
    cancel_by_user VARCHAR,
    currency VARCHAR,
    promo_code VARCHAR,
    payment_method VARCHAR,
    distance DOUBLE,
    distance_fee DOUBLE,
    stop_fee DOUBLE,
    request_fee DOUBLE,
    discount DOUBLE,
    total_fee DOUBLE,
    distance_price DOUBLE,
    special_request_price DOUBLE,
    stoppoint_price DOUBLE,
    voucher_discount DOUBLE,
    subtotal_price DOUBLE,
    total_price DOUBLE,
    user_main_account DOUBLE,
    user_bonus_account DOUBLE,
    total_pay DOUBLE,
    supplier_main_account DOUBLE,
    supplier_bonus_account DOUBLE,
    rating_by_user INTEGER,
    comment_by_user VARCHAR,
    rating_by_supplier INTEGER,
    comment_by_supplier VARCHAR,
    path VARCHAR,
    remarks VARCHAR,
    remind BOOLEAN,
    assigned_by VARCHAR,
    index INTEGER,
    from_location VARCHAR,
    _rescued_data VARCHAR,
    _ingest_time TIMESTAMP(6) WITH TIME ZONE,
    _run_id VARCHAR,
    _source_system VARCHAR
                )
                
WITH (
    format = 'PARQUET',
    partitioning = ARRAY['day(_ingest_time)']
), parameters: None
[2026-08-05T03:55:13.122+0000] {logistics_setup_infrastructure.py:101} INFO - Đang kiểm tra Schema Drift cho bảng lakehouse.bronze.raw_orders...
[2026-08-05T03:55:13.124+0000] {base.py:84} INFO - Retrieving connection 'trino_default'
[2026-08-05T03:55:13.126+0000] {base.py:84} INFO - Retrieving connection 'trino_default'
[2026-08-05T03:55:13.128+0000] {sql.py:509} INFO - Running statement: SELECT column_name 
                    FROM lakehouse.information_schema.columns 
                    WHERE table_schema = 'bronze' AND table_name = 'raw_orders', parameters: None
[2026-08-05T03:55:14.157+0000] {logistics_setup_infrastructure.py:64} INFO - === ĐANG DEPLOY TẦNG: SILVER_LAYER ===
[2026-08-05T03:55:14.160+0000] {base.py:84} INFO - Retrieving connection 'trino_default'
[2026-08-05T03:55:14.162+0000] {base.py:84} INFO - Retrieving connection 'trino_default'
[2026-08-05T03:55:14.164+0000] {sql.py:509} INFO - Running statement: CREATE SCHEMA IF NOT EXISTS lakehouse.silver, parameters: None
[2026-08-05T03:55:14.223+0000] {logistics_setup_infrastructure.py:64} INFO - === ĐANG DEPLOY TẦNG: GOLD_LAYER ===
[2026-08-05T03:55:14.225+0000] {base.py:84} INFO - Retrieving connection 'trino_default'
[2026-08-05T03:55:14.228+0000] {base.py:84} INFO - Retrieving connection 'trino_default'
[2026-08-05T03:55:14.230+0000] {sql.py:509} INFO - Running statement: CREATE SCHEMA IF NOT EXISTS lakehouse.gold, parameters: None
[2026-08-05T03:55:14.298+0000] {python.py:240} INFO - Done. Returned value was: None
[2026-08-05T03:55:14.316+0000] {taskinstance.py:340} INFO - ::group::Post task execution logs
[2026-08-05T03:55:14.317+0000] {taskinstance.py:352} INFO - Marking task as SUCCESS. dag_id=logistics_setup_lakehouse_infrastructure, task_id=deploy_schemas_and_tables, run_id=scheduled__2026-01-01T00:00:00+00:00, execution_date=20260101T000000, start_date=20260805T035508, end_date=20260805T035514
[2026-08-05T03:55:14.356+0000] {local_task_job_runner.py:266} INFO - Task exited with return code 0
[2026-08-05T03:55:14.380+0000] {taskinstance.py:3900} INFO - 0 downstream tasks scheduled from follow-on schedule check
[2026-08-05T03:55:14.383+0000] {local_task_job_runner.py:245} INFO - ::endgroup::
[2026-08-05T04:15:02.626+0000] {local_task_job_runner.py:123} INFO - ::group::Pre task execution logs
[2026-08-05T04:15:02.650+0000] {taskinstance.py:2612} INFO - Dependencies all met for dep_context=non-requeueable deps ti=<TaskInstance: logistics_setup_lakehouse_infrastructure.deploy_schemas_and_tables scheduled__2026-01-01T00:00:00+00:00 [queued]>
[2026-08-05T04:15:02.662+0000] {taskinstance.py:2612} INFO - Dependencies all met for dep_context=requeueable deps ti=<TaskInstance: logistics_setup_lakehouse_infrastructure.deploy_schemas_and_tables scheduled__2026-01-01T00:00:00+00:00 [queued]>
[2026-08-05T04:15:02.663+0000] {taskinstance.py:2865} INFO - Starting attempt 1 of 1
[2026-08-05T04:15:02.677+0000] {taskinstance.py:2888} INFO - Executing <Task(_PythonDecoratedOperator): deploy_schemas_and_tables> on 2026-01-01 00:00:00+00:00
[2026-08-05T04:15:02.682+0000] {standard_task_runner.py:72} INFO - Started process 431 to run task
[2026-08-05T04:15:02.685+0000] {standard_task_runner.py:104} INFO - Running: ['airflow', 'tasks', 'run', 'logistics_setup_lakehouse_infrastructure', 'deploy_schemas_and_tables', 'scheduled__2026-01-01T00:00:00+00:00', '--job-id', '4', '--raw', '--subdir', 'DAGS_FOLDER/logistics_setup_infrastructure.py', '--cfg-path', '/tmp/tmpl_oczral']
[2026-08-05T04:15:02.690+0000] {standard_task_runner.py:105} INFO - Job 4: Subtask deploy_schemas_and_tables
[2026-08-05T04:15:02.777+0000] {task_command.py:467} INFO - Running <TaskInstance: logistics_setup_lakehouse_infrastructure.deploy_schemas_and_tables scheduled__2026-01-01T00:00:00+00:00 [running]> on host 4cb398e1996f
[2026-08-05T04:15:03.038+0000] {taskinstance.py:3131} INFO - Exporting env vars: AIRFLOW_CTX_DAG_OWNER='airflow' AIRFLOW_CTX_DAG_ID='logistics_setup_lakehouse_infrastructure' AIRFLOW_CTX_TASK_ID='deploy_schemas_and_tables' AIRFLOW_CTX_EXECUTION_DATE='2026-01-01T00:00:00+00:00' AIRFLOW_CTX_TRY_NUMBER='1' AIRFLOW_CTX_DAG_RUN_ID='scheduled__2026-01-01T00:00:00+00:00'
[2026-08-05T04:15:03.040+0000] {taskinstance.py:731} INFO - ::endgroup::
[2026-08-05T04:15:03.047+0000] {logistics_setup_infrastructure.py:58} INFO - ⏭️ BỎ QUA TẦNG LANDING: Không cần tạo bảng Trino cho file raw JSON.
[2026-08-05T04:15:03.048+0000] {logistics_setup_infrastructure.py:64} INFO - === ĐANG DEPLOY TẦNG: BRONZE_LAYER ===
[2026-08-05T04:15:03.050+0000] {base.py:84} INFO - Retrieving connection 'trino_default'
[2026-08-05T04:15:03.052+0000] {base.py:84} INFO - Retrieving connection 'trino_default'
[2026-08-05T04:15:03.058+0000] {sql.py:509} INFO - Running statement: CREATE SCHEMA IF NOT EXISTS lakehouse.bronze, parameters: None
[2026-08-05T04:15:05.034+0000] {base.py:84} INFO - Retrieving connection 'trino_default'
[2026-08-05T04:15:05.036+0000] {base.py:84} INFO - Retrieving connection 'trino_default'
[2026-08-05T04:15:05.038+0000] {sql.py:509} INFO - Running statement: 
                CREATE TABLE IF NOT EXISTS lakehouse.bronze.raw_orders (
                    _id VARCHAR,
    status VARCHAR,
    sub_status VARCHAR,
    service_id VARCHAR,
    city_id VARCHAR,
    requests VARCHAR,
    user_id VARCHAR,
    user_name VARCHAR,
    supplier_id VARCHAR,
    supplier_name VARCHAR,
    partner VARCHAR,
    create_time DOUBLE,
    order_time DOUBLE,
    idle_until DOUBLE,
    accept_time DOUBLE,
    accept_lat DOUBLE,
    accept_lng DOUBLE,
    accept_distance DOUBLE,
    accept_duration DOUBLE,
    board_time DOUBLE,
    pickup_time DOUBLE,
    cancel_time DOUBLE,
    complete_time DOUBLE,
    return_time DOUBLE,
    cancel_comment VARCHAR,
    cancel_by_user VARCHAR,
    currency VARCHAR,
    promo_code VARCHAR,
    payment_method VARCHAR,
    distance DOUBLE,
    distance_fee DOUBLE,
    stop_fee DOUBLE,
    request_fee DOUBLE,
    discount DOUBLE,
    total_fee DOUBLE,
    distance_price DOUBLE,
    special_request_price DOUBLE,
    stoppoint_price DOUBLE,
    voucher_discount DOUBLE,
    subtotal_price DOUBLE,
    total_price DOUBLE,
    user_main_account DOUBLE,
    user_bonus_account DOUBLE,
    total_pay DOUBLE,
    supplier_main_account DOUBLE,
    supplier_bonus_account DOUBLE,
    rating_by_user INTEGER,
    comment_by_user VARCHAR,
    rating_by_supplier INTEGER,
    comment_by_supplier VARCHAR,
    path VARCHAR,
    remarks VARCHAR,
    remind BOOLEAN,
    assigned_by VARCHAR,
    index INTEGER,
    from_location VARCHAR,
    _rescued_data VARCHAR,
    _ingest_time TIMESTAMP(6) WITH TIME ZONE,
    _run_id VARCHAR,
    _source_system VARCHAR
                )
                
WITH (
    format = 'PARQUET',
    partitioning = ARRAY['day(_ingest_time)']
), parameters: None
[2026-08-05T04:15:07.701+0000] {logistics_setup_infrastructure.py:101} INFO - Đang kiểm tra Schema Drift cho bảng lakehouse.bronze.raw_orders...
[2026-08-05T04:15:07.703+0000] {base.py:84} INFO - Retrieving connection 'trino_default'
[2026-08-05T04:15:07.705+0000] {base.py:84} INFO - Retrieving connection 'trino_default'
[2026-08-05T04:15:07.707+0000] {sql.py:509} INFO - Running statement: SELECT column_name 
                    FROM lakehouse.information_schema.columns 
                    WHERE table_schema = 'bronze' AND table_name = 'raw_orders', parameters: None
[2026-08-05T04:15:08.666+0000] {logistics_setup_infrastructure.py:64} INFO - === ĐANG DEPLOY TẦNG: SILVER_LAYER ===
[2026-08-05T04:15:08.667+0000] {base.py:84} INFO - Retrieving connection 'trino_default'
[2026-08-05T04:15:08.670+0000] {base.py:84} INFO - Retrieving connection 'trino_default'
[2026-08-05T04:15:08.672+0000] {sql.py:509} INFO - Running statement: CREATE SCHEMA IF NOT EXISTS lakehouse.silver, parameters: None
[2026-08-05T04:15:08.729+0000] {logistics_setup_infrastructure.py:64} INFO - === ĐANG DEPLOY TẦNG: GOLD_LAYER ===
[2026-08-05T04:15:08.731+0000] {base.py:84} INFO - Retrieving connection 'trino_default'
[2026-08-05T04:15:08.733+0000] {base.py:84} INFO - Retrieving connection 'trino_default'
[2026-08-05T04:15:08.735+0000] {sql.py:509} INFO - Running statement: CREATE SCHEMA IF NOT EXISTS lakehouse.gold, parameters: None
[2026-08-05T04:15:08.799+0000] {python.py:240} INFO - Done. Returned value was: None
[2026-08-05T04:15:08.818+0000] {taskinstance.py:340} INFO - ::group::Post task execution logs
[2026-08-05T04:15:08.820+0000] {taskinstance.py:352} INFO - Marking task as SUCCESS. dag_id=logistics_setup_lakehouse_infrastructure, task_id=deploy_schemas_and_tables, run_id=scheduled__2026-01-01T00:00:00+00:00, execution_date=20260101T000000, start_date=20260805T041502, end_date=20260805T041508
[2026-08-05T04:15:08.845+0000] {local_task_job_runner.py:266} INFO - Task exited with return code 0
[2026-08-05T04:15:08.866+0000] {taskinstance.py:3900} INFO - 0 downstream tasks scheduled from follow-on schedule check
[2026-08-05T04:15:08.870+0000] {local_task_job_runner.py:245} INFO - ::endgroup::
[2026-08-05T04:21:46.869+0000] {local_task_job_runner.py:123} INFO - ::group::Pre task execution logs
[2026-08-05T04:21:46.897+0000] {taskinstance.py:2612} INFO - Dependencies all met for dep_context=non-requeueable deps ti=<TaskInstance: logistics_setup_lakehouse_infrastructure.deploy_schemas_and_tables scheduled__2026-01-01T00:00:00+00:00 [queued]>
[2026-08-05T04:21:46.911+0000] {taskinstance.py:2612} INFO - Dependencies all met for dep_context=requeueable deps ti=<TaskInstance: logistics_setup_lakehouse_infrastructure.deploy_schemas_and_tables scheduled__2026-01-01T00:00:00+00:00 [queued]>
[2026-08-05T04:21:46.912+0000] {taskinstance.py:2865} INFO - Starting attempt 1 of 1
[2026-08-05T04:21:46.924+0000] {taskinstance.py:2888} INFO - Executing <Task(_PythonDecoratedOperator): deploy_schemas_and_tables> on 2026-01-01 00:00:00+00:00
[2026-08-05T04:21:46.930+0000] {standard_task_runner.py:72} INFO - Started process 430 to run task
[2026-08-05T04:21:46.933+0000] {standard_task_runner.py:104} INFO - Running: ['airflow', 'tasks', 'run', 'logistics_setup_lakehouse_infrastructure', 'deploy_schemas_and_tables', 'scheduled__2026-01-01T00:00:00+00:00', '--job-id', '4', '--raw', '--subdir', 'DAGS_FOLDER/logistics_setup_infrastructure.py', '--cfg-path', '/tmp/tmphldavkrk']
[2026-08-05T04:21:46.937+0000] {standard_task_runner.py:105} INFO - Job 4: Subtask deploy_schemas_and_tables
[2026-08-05T04:21:47.018+0000] {task_command.py:467} INFO - Running <TaskInstance: logistics_setup_lakehouse_infrastructure.deploy_schemas_and_tables scheduled__2026-01-01T00:00:00+00:00 [running]> on host cc5b3f281162
[2026-08-05T04:21:47.254+0000] {taskinstance.py:3131} INFO - Exporting env vars: AIRFLOW_CTX_DAG_OWNER='airflow' AIRFLOW_CTX_DAG_ID='logistics_setup_lakehouse_infrastructure' AIRFLOW_CTX_TASK_ID='deploy_schemas_and_tables' AIRFLOW_CTX_EXECUTION_DATE='2026-01-01T00:00:00+00:00' AIRFLOW_CTX_TRY_NUMBER='1' AIRFLOW_CTX_DAG_RUN_ID='scheduled__2026-01-01T00:00:00+00:00'
[2026-08-05T04:21:47.256+0000] {taskinstance.py:731} INFO - ::endgroup::
[2026-08-05T04:21:47.263+0000] {logistics_setup_infrastructure.py:58} INFO - ⏭️ BỎ QUA TẦNG LANDING: Không cần tạo bảng Trino cho file raw JSON.
[2026-08-05T04:21:47.265+0000] {logistics_setup_infrastructure.py:64} INFO - === ĐANG DEPLOY TẦNG: BRONZE_LAYER ===
[2026-08-05T04:21:47.267+0000] {base.py:84} INFO - Retrieving connection 'trino_default'
[2026-08-05T04:21:47.268+0000] {base.py:84} INFO - Retrieving connection 'trino_default'
[2026-08-05T04:21:47.272+0000] {sql.py:509} INFO - Running statement: CREATE SCHEMA IF NOT EXISTS lakehouse.bronze, parameters: None
[2026-08-05T04:21:48.730+0000] {base.py:84} INFO - Retrieving connection 'trino_default'
[2026-08-05T04:21:48.732+0000] {base.py:84} INFO - Retrieving connection 'trino_default'
[2026-08-05T04:21:48.735+0000] {sql.py:509} INFO - Running statement: 
                CREATE TABLE IF NOT EXISTS lakehouse.bronze.raw_orders (
                    _id VARCHAR,
    status VARCHAR,
    sub_status VARCHAR,
    service_id VARCHAR,
    city_id VARCHAR,
    requests VARCHAR,
    user_id VARCHAR,
    user_name VARCHAR,
    supplier_id VARCHAR,
    supplier_name VARCHAR,
    partner VARCHAR,
    create_time DOUBLE,
    order_time DOUBLE,
    idle_until DOUBLE,
    accept_time DOUBLE,
    accept_lat DOUBLE,
    accept_lng DOUBLE,
    accept_distance DOUBLE,
    accept_duration DOUBLE,
    board_time DOUBLE,
    pickup_time DOUBLE,
    cancel_time DOUBLE,
    complete_time DOUBLE,
    return_time DOUBLE,
    cancel_comment VARCHAR,
    cancel_by_user VARCHAR,
    currency VARCHAR,
    promo_code VARCHAR,
    payment_method VARCHAR,
    distance DOUBLE,
    distance_fee DOUBLE,
    stop_fee DOUBLE,
    request_fee DOUBLE,
    discount DOUBLE,
    total_fee DOUBLE,
    distance_price DOUBLE,
    special_request_price DOUBLE,
    stoppoint_price DOUBLE,
    voucher_discount DOUBLE,
    subtotal_price DOUBLE,
    total_price DOUBLE,
    user_main_account DOUBLE,
    user_bonus_account DOUBLE,
    total_pay DOUBLE,
    supplier_main_account DOUBLE,
    supplier_bonus_account DOUBLE,
    rating_by_user INTEGER,
    comment_by_user VARCHAR,
    rating_by_supplier INTEGER,
    comment_by_supplier VARCHAR,
    path VARCHAR,
    remarks VARCHAR,
    remind BOOLEAN,
    assigned_by VARCHAR,
    index INTEGER,
    from_location VARCHAR,
    _rescued_data VARCHAR,
    _ingest_time TIMESTAMP(6) WITH TIME ZONE,
    _run_id VARCHAR,
    _source_system VARCHAR
                )
                
WITH (
    format = 'PARQUET',
    partitioning = ARRAY['day(_ingest_time)']
), parameters: None
[2026-08-05T04:21:51.430+0000] {logistics_setup_infrastructure.py:101} INFO - Đang kiểm tra Schema Drift cho bảng lakehouse.bronze.raw_orders...
[2026-08-05T04:21:51.433+0000] {base.py:84} INFO - Retrieving connection 'trino_default'
[2026-08-05T04:21:51.435+0000] {base.py:84} INFO - Retrieving connection 'trino_default'
[2026-08-05T04:21:51.437+0000] {sql.py:509} INFO - Running statement: SELECT column_name 
                    FROM lakehouse.information_schema.columns 
                    WHERE table_schema = 'bronze' AND table_name = 'raw_orders', parameters: None
[2026-08-05T04:21:52.537+0000] {logistics_setup_infrastructure.py:64} INFO - === ĐANG DEPLOY TẦNG: SILVER_LAYER ===
[2026-08-05T04:21:52.540+0000] {base.py:84} INFO - Retrieving connection 'trino_default'
[2026-08-05T04:21:52.543+0000] {base.py:84} INFO - Retrieving connection 'trino_default'
[2026-08-05T04:21:52.546+0000] {sql.py:509} INFO - Running statement: CREATE SCHEMA IF NOT EXISTS lakehouse.silver, parameters: None
[2026-08-05T04:21:52.624+0000] {logistics_setup_infrastructure.py:64} INFO - === ĐANG DEPLOY TẦNG: GOLD_LAYER ===
[2026-08-05T04:21:52.626+0000] {base.py:84} INFO - Retrieving connection 'trino_default'
[2026-08-05T04:21:52.629+0000] {base.py:84} INFO - Retrieving connection 'trino_default'
[2026-08-05T04:21:52.633+0000] {sql.py:509} INFO - Running statement: CREATE SCHEMA IF NOT EXISTS lakehouse.gold, parameters: None
[2026-08-05T04:21:52.699+0000] {python.py:240} INFO - Done. Returned value was: None
[2026-08-05T04:21:52.723+0000] {taskinstance.py:340} INFO - ::group::Post task execution logs
[2026-08-05T04:21:52.725+0000] {taskinstance.py:352} INFO - Marking task as SUCCESS. dag_id=logistics_setup_lakehouse_infrastructure, task_id=deploy_schemas_and_tables, run_id=scheduled__2026-01-01T00:00:00+00:00, execution_date=20260101T000000, start_date=20260805T042146, end_date=20260805T042152
[2026-08-05T04:21:52.791+0000] {local_task_job_runner.py:266} INFO - Task exited with return code 0
[2026-08-05T04:21:52.823+0000] {taskinstance.py:3900} INFO - 0 downstream tasks scheduled from follow-on schedule check
[2026-08-05T04:21:52.827+0000] {local_task_job_runner.py:245} INFO - ::endgroup::
[2026-08-05T06:30:41.174+0000] {local_task_job_runner.py:123} INFO - ::group::Pre task execution logs
[2026-08-05T06:30:41.201+0000] {taskinstance.py:2612} INFO - Dependencies all met for dep_context=non-requeueable deps ti=<TaskInstance: logistics_setup_lakehouse_infrastructure.deploy_schemas_and_tables scheduled__2026-01-01T00:00:00+00:00 [queued]>
[2026-08-05T06:30:41.213+0000] {taskinstance.py:2612} INFO - Dependencies all met for dep_context=requeueable deps ti=<TaskInstance: logistics_setup_lakehouse_infrastructure.deploy_schemas_and_tables scheduled__2026-01-01T00:00:00+00:00 [queued]>
[2026-08-05T06:30:41.215+0000] {taskinstance.py:2865} INFO - Starting attempt 1 of 1
[2026-08-05T06:30:41.240+0000] {taskinstance.py:2888} INFO - Executing <Task(_PythonDecoratedOperator): deploy_schemas_and_tables> on 2026-01-01 00:00:00+00:00
[2026-08-05T06:30:41.246+0000] {standard_task_runner.py:72} INFO - Started process 1210 to run task
[2026-08-05T06:30:41.250+0000] {standard_task_runner.py:104} INFO - Running: ['airflow', 'tasks', 'run', 'logistics_setup_lakehouse_infrastructure', 'deploy_schemas_and_tables', 'scheduled__2026-01-01T00:00:00+00:00', '--job-id', '4', '--raw', '--subdir', 'DAGS_FOLDER/logistics_setup_infrastructure.py', '--cfg-path', '/tmp/tmp_ixgfnmn']
[2026-08-05T06:30:41.253+0000] {standard_task_runner.py:105} INFO - Job 4: Subtask deploy_schemas_and_tables
[2026-08-05T06:30:41.331+0000] {task_command.py:467} INFO - Running <TaskInstance: logistics_setup_lakehouse_infrastructure.deploy_schemas_and_tables scheduled__2026-01-01T00:00:00+00:00 [running]> on host d576d9cb631e
[2026-08-05T06:30:41.546+0000] {taskinstance.py:3131} INFO - Exporting env vars: AIRFLOW_CTX_DAG_OWNER='airflow' AIRFLOW_CTX_DAG_ID='logistics_setup_lakehouse_infrastructure' AIRFLOW_CTX_TASK_ID='deploy_schemas_and_tables' AIRFLOW_CTX_EXECUTION_DATE='2026-01-01T00:00:00+00:00' AIRFLOW_CTX_TRY_NUMBER='1' AIRFLOW_CTX_DAG_RUN_ID='scheduled__2026-01-01T00:00:00+00:00'
[2026-08-05T06:30:41.549+0000] {taskinstance.py:731} INFO - ::endgroup::
[2026-08-05T06:30:41.559+0000] {logistics_setup_infrastructure.py:58} INFO - ⏭️ BỎ QUA TẦNG LANDING: Không cần tạo bảng Trino cho file raw JSON.
[2026-08-05T06:30:41.562+0000] {logistics_setup_infrastructure.py:64} INFO - === ĐANG DEPLOY TẦNG: BRONZE_LAYER ===
[2026-08-05T06:30:41.564+0000] {base.py:84} INFO - Retrieving connection 'trino_default'
[2026-08-05T06:30:41.567+0000] {base.py:84} INFO - Retrieving connection 'trino_default'
[2026-08-05T06:30:41.577+0000] {sql.py:509} INFO - Running statement: CREATE SCHEMA IF NOT EXISTS lakehouse.bronze, parameters: None
[2026-08-05T06:30:42.877+0000] {base.py:84} INFO - Retrieving connection 'trino_default'
[2026-08-05T06:30:42.880+0000] {base.py:84} INFO - Retrieving connection 'trino_default'
[2026-08-05T06:30:42.884+0000] {sql.py:509} INFO - Running statement: 
                CREATE TABLE IF NOT EXISTS lakehouse.bronze.raw_orders (
                    _id VARCHAR,
    status VARCHAR,
    sub_status VARCHAR,
    service_id VARCHAR,
    city_id VARCHAR,
    requests VARCHAR,
    user_id VARCHAR,
    user_name VARCHAR,
    supplier_id VARCHAR,
    supplier_name VARCHAR,
    partner VARCHAR,
    create_time DOUBLE,
    order_time DOUBLE,
    idle_until DOUBLE,
    accept_time DOUBLE,
    accept_lat DOUBLE,
    accept_lng DOUBLE,
    accept_distance DOUBLE,
    accept_duration DOUBLE,
    board_time DOUBLE,
    pickup_time DOUBLE,
    cancel_time DOUBLE,
    complete_time DOUBLE,
    return_time DOUBLE,
    cancel_comment VARCHAR,
    cancel_by_user VARCHAR,
    currency VARCHAR,
    promo_code VARCHAR,
    payment_method VARCHAR,
    distance DOUBLE,
    distance_fee DOUBLE,
    stop_fee DOUBLE,
    request_fee DOUBLE,
    discount DOUBLE,
    total_fee DOUBLE,
    distance_price DOUBLE,
    special_request_price DOUBLE,
    stoppoint_price DOUBLE,
    voucher_discount DOUBLE,
    subtotal_price DOUBLE,
    total_price DOUBLE,
    user_main_account DOUBLE,
    user_bonus_account DOUBLE,
    total_pay DOUBLE,
    supplier_main_account DOUBLE,
    supplier_bonus_account DOUBLE,
    rating_by_user INTEGER,
    comment_by_user VARCHAR,
    rating_by_supplier INTEGER,
    comment_by_supplier VARCHAR,
    path VARCHAR,
    remarks VARCHAR,
    remind BOOLEAN,
    assigned_by VARCHAR,
    index INTEGER,
    from_location VARCHAR,
    _rescued_data VARCHAR,
    _ingest_time TIMESTAMP(6) WITH TIME ZONE,
    _run_id VARCHAR,
    _source_system VARCHAR
                )
                
WITH (
    format = 'PARQUET',
    partitioning = ARRAY['day(_ingest_time)']
), parameters: None
[2026-08-05T06:30:44.600+0000] {logistics_setup_infrastructure.py:101} INFO - Đang kiểm tra Schema Drift cho bảng lakehouse.bronze.raw_orders...
[2026-08-05T06:30:44.603+0000] {base.py:84} INFO - Retrieving connection 'trino_default'
[2026-08-05T06:30:44.605+0000] {base.py:84} INFO - Retrieving connection 'trino_default'
[2026-08-05T06:30:44.606+0000] {sql.py:509} INFO - Running statement: SELECT column_name 
                    FROM lakehouse.information_schema.columns 
                    WHERE table_schema = 'bronze' AND table_name = 'raw_orders', parameters: None
[2026-08-05T06:30:45.128+0000] {logistics_setup_infrastructure.py:64} INFO - === ĐANG DEPLOY TẦNG: SILVER_LAYER ===
[2026-08-05T06:30:45.131+0000] {base.py:84} INFO - Retrieving connection 'trino_default'
[2026-08-05T06:30:45.133+0000] {base.py:84} INFO - Retrieving connection 'trino_default'
[2026-08-05T06:30:45.135+0000] {sql.py:509} INFO - Running statement: CREATE SCHEMA IF NOT EXISTS lakehouse.silver, parameters: None
[2026-08-05T06:30:45.177+0000] {logistics_setup_infrastructure.py:64} INFO - === ĐANG DEPLOY TẦNG: GOLD_LAYER ===
[2026-08-05T06:30:45.179+0000] {base.py:84} INFO - Retrieving connection 'trino_default'
[2026-08-05T06:30:45.181+0000] {base.py:84} INFO - Retrieving connection 'trino_default'
[2026-08-05T06:30:45.183+0000] {sql.py:509} INFO - Running statement: CREATE SCHEMA IF NOT EXISTS lakehouse.gold, parameters: None
[2026-08-05T06:30:45.222+0000] {python.py:240} INFO - Done. Returned value was: None
[2026-08-05T06:30:45.233+0000] {taskinstance.py:340} INFO - ::group::Post task execution logs
[2026-08-05T06:30:45.235+0000] {taskinstance.py:352} INFO - Marking task as SUCCESS. dag_id=logistics_setup_lakehouse_infrastructure, task_id=deploy_schemas_and_tables, run_id=scheduled__2026-01-01T00:00:00+00:00, execution_date=20260101T000000, start_date=20260805T063041, end_date=20260805T063045
[2026-08-05T06:30:45.283+0000] {local_task_job_runner.py:266} INFO - Task exited with return code 0
[2026-08-05T06:30:45.301+0000] {taskinstance.py:3900} INFO - 0 downstream tasks scheduled from follow-on schedule check
[2026-08-05T06:30:45.305+0000] {local_task_job_runner.py:245} INFO - ::endgroup::
[2026-08-05T07:11:16.535+0000] {local_task_job_runner.py:123} INFO - ::group::Pre task execution logs
[2026-08-05T07:11:16.581+0000] {taskinstance.py:2612} INFO - Dependencies all met for dep_context=non-requeueable deps ti=<TaskInstance: logistics_setup_lakehouse_infrastructure.deploy_schemas_and_tables scheduled__2026-01-01T00:00:00+00:00 [queued]>
[2026-08-05T07:11:16.598+0000] {taskinstance.py:2612} INFO - Dependencies all met for dep_context=requeueable deps ti=<TaskInstance: logistics_setup_lakehouse_infrastructure.deploy_schemas_and_tables scheduled__2026-01-01T00:00:00+00:00 [queued]>
[2026-08-05T07:11:16.600+0000] {taskinstance.py:2865} INFO - Starting attempt 1 of 1
[2026-08-05T07:11:16.621+0000] {taskinstance.py:2888} INFO - Executing <Task(_PythonDecoratedOperator): deploy_schemas_and_tables> on 2026-01-01 00:00:00+00:00
[2026-08-05T07:11:16.627+0000] {standard_task_runner.py:72} INFO - Started process 430 to run task
[2026-08-05T07:11:16.633+0000] {standard_task_runner.py:104} INFO - Running: ['airflow', 'tasks', 'run', 'logistics_setup_lakehouse_infrastructure', 'deploy_schemas_and_tables', 'scheduled__2026-01-01T00:00:00+00:00', '--job-id', '4', '--raw', '--subdir', 'DAGS_FOLDER/logistics_setup_infrastructure.py', '--cfg-path', '/tmp/tmpryle79en']
[2026-08-05T07:11:16.638+0000] {standard_task_runner.py:105} INFO - Job 4: Subtask deploy_schemas_and_tables
[2026-08-05T07:11:16.752+0000] {task_command.py:467} INFO - Running <TaskInstance: logistics_setup_lakehouse_infrastructure.deploy_schemas_and_tables scheduled__2026-01-01T00:00:00+00:00 [running]> on host 306d468506c6
[2026-08-05T07:11:17.160+0000] {taskinstance.py:3131} INFO - Exporting env vars: AIRFLOW_CTX_DAG_OWNER='airflow' AIRFLOW_CTX_DAG_ID='logistics_setup_lakehouse_infrastructure' AIRFLOW_CTX_TASK_ID='deploy_schemas_and_tables' AIRFLOW_CTX_EXECUTION_DATE='2026-01-01T00:00:00+00:00' AIRFLOW_CTX_TRY_NUMBER='1' AIRFLOW_CTX_DAG_RUN_ID='scheduled__2026-01-01T00:00:00+00:00'
[2026-08-05T07:11:17.162+0000] {taskinstance.py:731} INFO - ::endgroup::
[2026-08-05T07:11:17.171+0000] {logistics_setup_infrastructure.py:58} INFO - ⏭️ BỎ QUA TẦNG LANDING: Không cần tạo bảng Trino cho file raw JSON.
[2026-08-05T07:11:17.172+0000] {logistics_setup_infrastructure.py:64} INFO - === ĐANG DEPLOY TẦNG: BRONZE_LAYER ===
[2026-08-05T07:11:17.174+0000] {base.py:84} INFO - Retrieving connection 'trino_default'
[2026-08-05T07:11:17.176+0000] {base.py:84} INFO - Retrieving connection 'trino_default'
[2026-08-05T07:11:17.184+0000] {sql.py:509} INFO - Running statement: CREATE SCHEMA IF NOT EXISTS lakehouse.bronze, parameters: None
[2026-08-05T07:11:21.092+0000] {base.py:84} INFO - Retrieving connection 'trino_default'
[2026-08-05T07:11:21.095+0000] {base.py:84} INFO - Retrieving connection 'trino_default'
[2026-08-05T07:11:21.098+0000] {sql.py:509} INFO - Running statement: 
                CREATE TABLE IF NOT EXISTS lakehouse.bronze.raw_orders (
                    _id VARCHAR,
    status VARCHAR,
    sub_status VARCHAR,
    service_id VARCHAR,
    city_id VARCHAR,
    requests VARCHAR,
    user_id VARCHAR,
    user_name VARCHAR,
    supplier_id VARCHAR,
    supplier_name VARCHAR,
    partner VARCHAR,
    create_time DOUBLE,
    order_time DOUBLE,
    idle_until DOUBLE,
    accept_time DOUBLE,
    accept_lat DOUBLE,
    accept_lng DOUBLE,
    accept_distance DOUBLE,
    accept_duration DOUBLE,
    board_time DOUBLE,
    pickup_time DOUBLE,
    cancel_time DOUBLE,
    complete_time DOUBLE,
    return_time DOUBLE,
    cancel_comment VARCHAR,
    cancel_by_user VARCHAR,
    currency VARCHAR,
    promo_code VARCHAR,
    payment_method VARCHAR,
    distance DOUBLE,
    distance_fee DOUBLE,
    stop_fee DOUBLE,
    request_fee DOUBLE,
    discount DOUBLE,
    total_fee DOUBLE,
    distance_price DOUBLE,
    special_request_price DOUBLE,
    stoppoint_price DOUBLE,
    voucher_discount DOUBLE,
    subtotal_price DOUBLE,
    total_price DOUBLE,
    user_main_account DOUBLE,
    user_bonus_account DOUBLE,
    total_pay DOUBLE,
    supplier_main_account DOUBLE,
    supplier_bonus_account DOUBLE,
    rating_by_user INTEGER,
    comment_by_user VARCHAR,
    rating_by_supplier INTEGER,
    comment_by_supplier VARCHAR,
    path VARCHAR,
    remarks VARCHAR,
    remind BOOLEAN,
    assigned_by VARCHAR,
    index INTEGER,
    from_location VARCHAR,
    _rescued_data VARCHAR,
    _ingest_time TIMESTAMP(6) WITH TIME ZONE,
    _run_id VARCHAR,
    _source_system VARCHAR
                )
                
WITH (
    format = 'PARQUET',
    partitioning = ARRAY['day(_ingest_time)']
), parameters: None
[2026-08-05T07:11:25.600+0000] {logistics_setup_infrastructure.py:101} INFO - Đang kiểm tra Schema Drift cho bảng lakehouse.bronze.raw_orders...
[2026-08-05T07:11:25.604+0000] {base.py:84} INFO - Retrieving connection 'trino_default'
[2026-08-05T07:11:25.607+0000] {base.py:84} INFO - Retrieving connection 'trino_default'
[2026-08-05T07:11:25.609+0000] {sql.py:509} INFO - Running statement: SELECT column_name 
                    FROM lakehouse.information_schema.columns 
                    WHERE table_schema = 'bronze' AND table_name = 'raw_orders', parameters: None
[2026-08-05T07:11:27.007+0000] {logistics_setup_infrastructure.py:64} INFO - === ĐANG DEPLOY TẦNG: SILVER_LAYER ===
[2026-08-05T07:11:27.010+0000] {base.py:84} INFO - Retrieving connection 'trino_default'
[2026-08-05T07:11:27.012+0000] {base.py:84} INFO - Retrieving connection 'trino_default'
[2026-08-05T07:11:27.014+0000] {sql.py:509} INFO - Running statement: CREATE SCHEMA IF NOT EXISTS lakehouse.silver, parameters: None
[2026-08-05T07:11:27.108+0000] {logistics_setup_infrastructure.py:64} INFO - === ĐANG DEPLOY TẦNG: GOLD_LAYER ===
[2026-08-05T07:11:27.111+0000] {base.py:84} INFO - Retrieving connection 'trino_default'
[2026-08-05T07:11:27.117+0000] {base.py:84} INFO - Retrieving connection 'trino_default'
[2026-08-05T07:11:27.122+0000] {sql.py:509} INFO - Running statement: CREATE SCHEMA IF NOT EXISTS lakehouse.gold, parameters: None
[2026-08-05T07:11:27.246+0000] {python.py:240} INFO - Done. Returned value was: None
[2026-08-05T07:11:27.291+0000] {taskinstance.py:340} INFO - ::group::Post task execution logs
[2026-08-05T07:11:27.293+0000] {taskinstance.py:352} INFO - Marking task as SUCCESS. dag_id=logistics_setup_lakehouse_infrastructure, task_id=deploy_schemas_and_tables, run_id=scheduled__2026-01-01T00:00:00+00:00, execution_date=20260101T000000, start_date=20260805T071116, end_date=20260805T071127
[2026-08-05T07:11:27.341+0000] {local_task_job_runner.py:266} INFO - Task exited with return code 0
[2026-08-05T07:11:27.358+0000] {local_task_job_runner.py:245} INFO - ::endgroup::
[2026-08-05T07:21:35.692+0000] {local_task_job_runner.py:123} INFO - ::group::Pre task execution logs
[2026-08-05T07:21:35.717+0000] {taskinstance.py:2612} INFO - Dependencies all met for dep_context=non-requeueable deps ti=<TaskInstance: logistics_setup_lakehouse_infrastructure.deploy_schemas_and_tables scheduled__2026-01-01T00:00:00+00:00 [queued]>
[2026-08-05T07:21:35.727+0000] {taskinstance.py:2612} INFO - Dependencies all met for dep_context=requeueable deps ti=<TaskInstance: logistics_setup_lakehouse_infrastructure.deploy_schemas_and_tables scheduled__2026-01-01T00:00:00+00:00 [queued]>
[2026-08-05T07:21:35.729+0000] {taskinstance.py:2865} INFO - Starting attempt 1 of 1
[2026-08-05T07:21:35.741+0000] {taskinstance.py:2888} INFO - Executing <Task(_PythonDecoratedOperator): deploy_schemas_and_tables> on 2026-01-01 00:00:00+00:00
[2026-08-05T07:21:35.745+0000] {standard_task_runner.py:72} INFO - Started process 1080 to run task
[2026-08-05T07:21:35.748+0000] {standard_task_runner.py:104} INFO - Running: ['airflow', 'tasks', 'run', 'logistics_setup_lakehouse_infrastructure', 'deploy_schemas_and_tables', 'scheduled__2026-01-01T00:00:00+00:00', '--job-id', '4', '--raw', '--subdir', 'DAGS_FOLDER/logistics_setup_infrastructure.py', '--cfg-path', '/tmp/tmpam17gomg']
[2026-08-05T07:21:35.751+0000] {standard_task_runner.py:105} INFO - Job 4: Subtask deploy_schemas_and_tables
[2026-08-05T07:21:35.831+0000] {task_command.py:467} INFO - Running <TaskInstance: logistics_setup_lakehouse_infrastructure.deploy_schemas_and_tables scheduled__2026-01-01T00:00:00+00:00 [running]> on host 56b86128c016
[2026-08-05T07:21:36.009+0000] {taskinstance.py:3131} INFO - Exporting env vars: AIRFLOW_CTX_DAG_OWNER='airflow' AIRFLOW_CTX_DAG_ID='logistics_setup_lakehouse_infrastructure' AIRFLOW_CTX_TASK_ID='deploy_schemas_and_tables' AIRFLOW_CTX_EXECUTION_DATE='2026-01-01T00:00:00+00:00' AIRFLOW_CTX_TRY_NUMBER='1' AIRFLOW_CTX_DAG_RUN_ID='scheduled__2026-01-01T00:00:00+00:00'
[2026-08-05T07:21:36.011+0000] {taskinstance.py:731} INFO - ::endgroup::
[2026-08-05T07:21:36.017+0000] {logistics_setup_infrastructure.py:58} INFO - ⏭️ BỎ QUA TẦNG LANDING: Không cần tạo bảng Trino cho file raw JSON.
[2026-08-05T07:21:36.018+0000] {logistics_setup_infrastructure.py:64} INFO - === ĐANG DEPLOY TẦNG: BRONZE_LAYER ===
[2026-08-05T07:21:36.020+0000] {base.py:84} INFO - Retrieving connection 'trino_default'
[2026-08-05T07:21:36.021+0000] {base.py:84} INFO - Retrieving connection 'trino_default'
[2026-08-05T07:21:36.026+0000] {sql.py:509} INFO - Running statement: CREATE SCHEMA IF NOT EXISTS lakehouse.bronze, parameters: None
[2026-08-05T07:21:36.938+0000] {base.py:84} INFO - Retrieving connection 'trino_default'
[2026-08-05T07:21:36.940+0000] {base.py:84} INFO - Retrieving connection 'trino_default'
[2026-08-05T07:21:36.941+0000] {sql.py:509} INFO - Running statement: 
                CREATE TABLE IF NOT EXISTS lakehouse.bronze.raw_orders (
                    _id VARCHAR,
    status VARCHAR,
    sub_status VARCHAR,
    service_id VARCHAR,
    city_id VARCHAR,
    requests VARCHAR,
    user_id VARCHAR,
    user_name VARCHAR,
    supplier_id VARCHAR,
    supplier_name VARCHAR,
    partner VARCHAR,
    create_time DOUBLE,
    order_time DOUBLE,
    idle_until DOUBLE,
    accept_time DOUBLE,
    accept_lat DOUBLE,
    accept_lng DOUBLE,
    accept_distance DOUBLE,
    accept_duration DOUBLE,
    board_time DOUBLE,
    pickup_time DOUBLE,
    cancel_time DOUBLE,
    complete_time DOUBLE,
    return_time DOUBLE,
    cancel_comment VARCHAR,
    cancel_by_user VARCHAR,
    currency VARCHAR,
    promo_code VARCHAR,
    payment_method VARCHAR,
    distance DOUBLE,
    distance_fee DOUBLE,
    stop_fee DOUBLE,
    request_fee DOUBLE,
    discount DOUBLE,
    total_fee DOUBLE,
    distance_price DOUBLE,
    special_request_price DOUBLE,
    stoppoint_price DOUBLE,
    voucher_discount DOUBLE,
    subtotal_price DOUBLE,
    total_price DOUBLE,
    user_main_account DOUBLE,
    user_bonus_account DOUBLE,
    total_pay DOUBLE,
    supplier_main_account DOUBLE,
    supplier_bonus_account DOUBLE,
    rating_by_user INTEGER,
    comment_by_user VARCHAR,
    rating_by_supplier INTEGER,
    comment_by_supplier VARCHAR,
    path VARCHAR,
    remarks VARCHAR,
    remind BOOLEAN,
    assigned_by VARCHAR,
    index INTEGER,
    from_location VARCHAR,
    _rescued_data VARCHAR,
    _ingest_time TIMESTAMP(6) WITH TIME ZONE,
    _run_id VARCHAR,
    _source_system VARCHAR
                )
                
WITH (
    format = 'PARQUET',
    partitioning = ARRAY['day(_ingest_time)']
), parameters: None
[2026-08-05T07:21:38.557+0000] {logistics_setup_infrastructure.py:101} INFO - Đang kiểm tra Schema Drift cho bảng lakehouse.bronze.raw_orders...
[2026-08-05T07:21:38.559+0000] {base.py:84} INFO - Retrieving connection 'trino_default'
[2026-08-05T07:21:38.560+0000] {base.py:84} INFO - Retrieving connection 'trino_default'
[2026-08-05T07:21:38.562+0000] {sql.py:509} INFO - Running statement: SELECT column_name 
                    FROM lakehouse.information_schema.columns 
                    WHERE table_schema = 'bronze' AND table_name = 'raw_orders', parameters: None
[2026-08-05T07:21:39.096+0000] {logistics_setup_infrastructure.py:64} INFO - === ĐANG DEPLOY TẦNG: SILVER_LAYER ===
[2026-08-05T07:21:39.098+0000] {base.py:84} INFO - Retrieving connection 'trino_default'
[2026-08-05T07:21:39.100+0000] {base.py:84} INFO - Retrieving connection 'trino_default'
[2026-08-05T07:21:39.101+0000] {sql.py:509} INFO - Running statement: CREATE SCHEMA IF NOT EXISTS lakehouse.silver, parameters: None
[2026-08-05T07:21:39.144+0000] {logistics_setup_infrastructure.py:64} INFO - === ĐANG DEPLOY TẦNG: GOLD_LAYER ===
[2026-08-05T07:21:39.146+0000] {base.py:84} INFO - Retrieving connection 'trino_default'
[2026-08-05T07:21:39.147+0000] {base.py:84} INFO - Retrieving connection 'trino_default'
[2026-08-05T07:21:39.148+0000] {sql.py:509} INFO - Running statement: CREATE SCHEMA IF NOT EXISTS lakehouse.gold, parameters: None
[2026-08-05T07:21:39.195+0000] {python.py:240} INFO - Done. Returned value was: None
[2026-08-05T07:21:39.208+0000] {taskinstance.py:340} INFO - ::group::Post task execution logs
[2026-08-05T07:21:39.210+0000] {taskinstance.py:352} INFO - Marking task as SUCCESS. dag_id=logistics_setup_lakehouse_infrastructure, task_id=deploy_schemas_and_tables, run_id=scheduled__2026-01-01T00:00:00+00:00, execution_date=20260101T000000, start_date=20260805T072135, end_date=20260805T072139
[2026-08-05T07:21:39.259+0000] {local_task_job_runner.py:266} INFO - Task exited with return code 0
[2026-08-05T07:21:39.277+0000] {taskinstance.py:3900} INFO - 0 downstream tasks scheduled from follow-on schedule check
[2026-08-05T07:21:39.281+0000] {local_task_job_runner.py:245} INFO - ::endgroup::
[2026-08-05T07:33:40.351+0000] {local_task_job_runner.py:123} INFO - ::group::Pre task execution logs
[2026-08-05T07:33:40.378+0000] {taskinstance.py:2612} INFO - Dependencies all met for dep_context=non-requeueable deps ti=<TaskInstance: logistics_setup_lakehouse_infrastructure.deploy_schemas_and_tables scheduled__2026-01-01T00:00:00+00:00 [queued]>
[2026-08-05T07:33:40.388+0000] {taskinstance.py:2612} INFO - Dependencies all met for dep_context=requeueable deps ti=<TaskInstance: logistics_setup_lakehouse_infrastructure.deploy_schemas_and_tables scheduled__2026-01-01T00:00:00+00:00 [queued]>
[2026-08-05T07:33:40.389+0000] {taskinstance.py:2865} INFO - Starting attempt 1 of 1
[2026-08-05T07:33:40.403+0000] {taskinstance.py:2888} INFO - Executing <Task(_PythonDecoratedOperator): deploy_schemas_and_tables> on 2026-01-01 00:00:00+00:00
[2026-08-05T07:33:40.411+0000] {standard_task_runner.py:72} INFO - Started process 430 to run task
[2026-08-05T07:33:40.414+0000] {standard_task_runner.py:104} INFO - Running: ['airflow', 'tasks', 'run', 'logistics_setup_lakehouse_infrastructure', 'deploy_schemas_and_tables', 'scheduled__2026-01-01T00:00:00+00:00', '--job-id', '4', '--raw', '--subdir', 'DAGS_FOLDER/logistics_setup_infrastructure.py', '--cfg-path', '/tmp/tmpxct7o_ze']
[2026-08-05T07:33:40.417+0000] {standard_task_runner.py:105} INFO - Job 4: Subtask deploy_schemas_and_tables
[2026-08-05T07:33:40.497+0000] {task_command.py:467} INFO - Running <TaskInstance: logistics_setup_lakehouse_infrastructure.deploy_schemas_and_tables scheduled__2026-01-01T00:00:00+00:00 [running]> on host 6707e4cb1eff
[2026-08-05T07:33:40.733+0000] {taskinstance.py:3131} INFO - Exporting env vars: AIRFLOW_CTX_DAG_OWNER='airflow' AIRFLOW_CTX_DAG_ID='logistics_setup_lakehouse_infrastructure' AIRFLOW_CTX_TASK_ID='deploy_schemas_and_tables' AIRFLOW_CTX_EXECUTION_DATE='2026-01-01T00:00:00+00:00' AIRFLOW_CTX_TRY_NUMBER='1' AIRFLOW_CTX_DAG_RUN_ID='scheduled__2026-01-01T00:00:00+00:00'
[2026-08-05T07:33:40.735+0000] {taskinstance.py:731} INFO - ::endgroup::
[2026-08-05T07:33:40.741+0000] {logistics_setup_infrastructure.py:58} INFO - ⏭️ BỎ QUA TẦNG LANDING: Không cần tạo bảng Trino cho file raw JSON.
[2026-08-05T07:33:40.742+0000] {logistics_setup_infrastructure.py:64} INFO - === ĐANG DEPLOY TẦNG: BRONZE_LAYER ===
[2026-08-05T07:33:40.744+0000] {base.py:84} INFO - Retrieving connection 'trino_default'
[2026-08-05T07:33:40.746+0000] {base.py:84} INFO - Retrieving connection 'trino_default'
[2026-08-05T07:33:40.750+0000] {sql.py:509} INFO - Running statement: CREATE SCHEMA IF NOT EXISTS lakehouse.bronze, parameters: None
[2026-08-05T07:33:42.016+0000] {base.py:84} INFO - Retrieving connection 'trino_default'
[2026-08-05T07:33:42.018+0000] {base.py:84} INFO - Retrieving connection 'trino_default'
[2026-08-05T07:33:42.020+0000] {sql.py:509} INFO - Running statement: 
                CREATE TABLE IF NOT EXISTS lakehouse.bronze.raw_orders (
                    _id VARCHAR,
    status VARCHAR,
    sub_status VARCHAR,
    service_id VARCHAR,
    city_id VARCHAR,
    requests VARCHAR,
    user_id VARCHAR,
    user_name VARCHAR,
    supplier_id VARCHAR,
    supplier_name VARCHAR,
    partner VARCHAR,
    create_time DOUBLE,
    order_time DOUBLE,
    idle_until DOUBLE,
    accept_time DOUBLE,
    accept_lat DOUBLE,
    accept_lng DOUBLE,
    accept_distance DOUBLE,
    accept_duration DOUBLE,
    board_time DOUBLE,
    pickup_time DOUBLE,
    cancel_time DOUBLE,
    complete_time DOUBLE,
    return_time DOUBLE,
    cancel_comment VARCHAR,
    cancel_by_user VARCHAR,
    currency VARCHAR,
    promo_code VARCHAR,
    payment_method VARCHAR,
    distance DOUBLE,
    distance_fee DOUBLE,
    stop_fee DOUBLE,
    request_fee DOUBLE,
    discount DOUBLE,
    total_fee DOUBLE,
    distance_price DOUBLE,
    special_request_price DOUBLE,
    stoppoint_price DOUBLE,
    voucher_discount DOUBLE,
    subtotal_price DOUBLE,
    total_price DOUBLE,
    user_main_account DOUBLE,
    user_bonus_account DOUBLE,
    total_pay DOUBLE,
    supplier_main_account DOUBLE,
    supplier_bonus_account DOUBLE,
    rating_by_user INTEGER,
    comment_by_user VARCHAR,
    rating_by_supplier INTEGER,
    comment_by_supplier VARCHAR,
    path VARCHAR,
    remarks VARCHAR,
    remind BOOLEAN,
    assigned_by VARCHAR,
    index INTEGER,
    from_location VARCHAR,
    _rescued_data VARCHAR,
    _ingest_time TIMESTAMP(6) WITH TIME ZONE,
    _run_id VARCHAR,
    _source_system VARCHAR
                )
                
WITH (
    format = 'PARQUET',
    partitioning = ARRAY['day(_ingest_time)']
), parameters: None
[2026-08-05T07:33:44.310+0000] {logistics_setup_infrastructure.py:101} INFO - Đang kiểm tra Schema Drift cho bảng lakehouse.bronze.raw_orders...
[2026-08-05T07:33:44.312+0000] {base.py:84} INFO - Retrieving connection 'trino_default'
[2026-08-05T07:33:44.314+0000] {base.py:84} INFO - Retrieving connection 'trino_default'
[2026-08-05T07:33:44.315+0000] {sql.py:509} INFO - Running statement: SELECT column_name 
                    FROM lakehouse.information_schema.columns 
                    WHERE table_schema = 'bronze' AND table_name = 'raw_orders', parameters: None
[2026-08-05T07:33:45.363+0000] {logistics_setup_infrastructure.py:64} INFO - === ĐANG DEPLOY TẦNG: SILVER_LAYER ===
[2026-08-05T07:33:45.365+0000] {base.py:84} INFO - Retrieving connection 'trino_default'
[2026-08-05T07:33:45.367+0000] {base.py:84} INFO - Retrieving connection 'trino_default'
[2026-08-05T07:33:45.374+0000] {sql.py:509} INFO - Running statement: CREATE SCHEMA IF NOT EXISTS lakehouse.silver, parameters: None
[2026-08-05T07:33:45.445+0000] {logistics_setup_infrastructure.py:64} INFO - === ĐANG DEPLOY TẦNG: GOLD_LAYER ===
[2026-08-05T07:33:45.447+0000] {base.py:84} INFO - Retrieving connection 'trino_default'
[2026-08-05T07:33:45.449+0000] {base.py:84} INFO - Retrieving connection 'trino_default'
[2026-08-05T07:33:45.450+0000] {sql.py:509} INFO - Running statement: CREATE SCHEMA IF NOT EXISTS lakehouse.gold, parameters: None
[2026-08-05T07:33:45.529+0000] {python.py:240} INFO - Done. Returned value was: None
[2026-08-05T07:33:45.549+0000] {taskinstance.py:340} INFO - ::group::Post task execution logs
[2026-08-05T07:33:45.551+0000] {taskinstance.py:352} INFO - Marking task as SUCCESS. dag_id=logistics_setup_lakehouse_infrastructure, task_id=deploy_schemas_and_tables, run_id=scheduled__2026-01-01T00:00:00+00:00, execution_date=20260101T000000, start_date=20260805T073340, end_date=20260805T073345
[2026-08-05T07:33:45.598+0000] {local_task_job_runner.py:266} INFO - Task exited with return code 0
[2026-08-05T07:33:45.622+0000] {taskinstance.py:3900} INFO - 0 downstream tasks scheduled from follow-on schedule check
[2026-08-05T07:33:45.635+0000] {local_task_job_runner.py:245} INFO - ::endgroup::
[2026-08-05T07:42:29.032+0000] {local_task_job_runner.py:123} INFO - ::group::Pre task execution logs
[2026-08-05T07:42:29.062+0000] {taskinstance.py:2612} INFO - Dependencies all met for dep_context=non-requeueable deps ti=<TaskInstance: logistics_setup_lakehouse_infrastructure.deploy_schemas_and_tables scheduled__2026-01-01T00:00:00+00:00 [queued]>
[2026-08-05T07:42:29.072+0000] {taskinstance.py:2612} INFO - Dependencies all met for dep_context=requeueable deps ti=<TaskInstance: logistics_setup_lakehouse_infrastructure.deploy_schemas_and_tables scheduled__2026-01-01T00:00:00+00:00 [queued]>
[2026-08-05T07:42:29.073+0000] {taskinstance.py:2865} INFO - Starting attempt 1 of 1
[2026-08-05T07:42:29.086+0000] {taskinstance.py:2888} INFO - Executing <Task(_PythonDecoratedOperator): deploy_schemas_and_tables> on 2026-01-01 00:00:00+00:00
[2026-08-05T07:42:29.091+0000] {standard_task_runner.py:72} INFO - Started process 430 to run task
[2026-08-05T07:42:29.095+0000] {standard_task_runner.py:104} INFO - Running: ['airflow', 'tasks', 'run', 'logistics_setup_lakehouse_infrastructure', 'deploy_schemas_and_tables', 'scheduled__2026-01-01T00:00:00+00:00', '--job-id', '4', '--raw', '--subdir', 'DAGS_FOLDER/logistics_setup_infrastructure.py', '--cfg-path', '/tmp/tmp7zbpz8r6']
[2026-08-05T07:42:29.098+0000] {standard_task_runner.py:105} INFO - Job 4: Subtask deploy_schemas_and_tables
[2026-08-05T07:42:29.184+0000] {task_command.py:467} INFO - Running <TaskInstance: logistics_setup_lakehouse_infrastructure.deploy_schemas_and_tables scheduled__2026-01-01T00:00:00+00:00 [running]> on host d705181a9520
[2026-08-05T07:42:29.398+0000] {taskinstance.py:3131} INFO - Exporting env vars: AIRFLOW_CTX_DAG_OWNER='airflow' AIRFLOW_CTX_DAG_ID='logistics_setup_lakehouse_infrastructure' AIRFLOW_CTX_TASK_ID='deploy_schemas_and_tables' AIRFLOW_CTX_EXECUTION_DATE='2026-01-01T00:00:00+00:00' AIRFLOW_CTX_TRY_NUMBER='1' AIRFLOW_CTX_DAG_RUN_ID='scheduled__2026-01-01T00:00:00+00:00'
[2026-08-05T07:42:29.401+0000] {taskinstance.py:731} INFO - ::endgroup::
[2026-08-05T07:42:29.410+0000] {logistics_setup_infrastructure.py:58} INFO - ⏭️ BỎ QUA TẦNG LANDING: Không cần tạo bảng Trino cho file raw JSON.
[2026-08-05T07:42:29.412+0000] {logistics_setup_infrastructure.py:64} INFO - === ĐANG DEPLOY TẦNG: BRONZE_LAYER ===
[2026-08-05T07:42:29.414+0000] {base.py:84} INFO - Retrieving connection 'trino_default'
[2026-08-05T07:42:29.417+0000] {base.py:84} INFO - Retrieving connection 'trino_default'
[2026-08-05T07:42:29.422+0000] {sql.py:509} INFO - Running statement: CREATE SCHEMA IF NOT EXISTS lakehouse.bronze, parameters: None
[2026-08-05T07:42:30.671+0000] {base.py:84} INFO - Retrieving connection 'trino_default'
[2026-08-05T07:42:30.673+0000] {base.py:84} INFO - Retrieving connection 'trino_default'
[2026-08-05T07:42:30.675+0000] {sql.py:509} INFO - Running statement: 
                CREATE TABLE IF NOT EXISTS lakehouse.bronze.raw_orders (
                    _id VARCHAR,
    status VARCHAR,
    sub_status VARCHAR,
    service_id VARCHAR,
    city_id VARCHAR,
    requests VARCHAR,
    user_id VARCHAR,
    user_name VARCHAR,
    supplier_id VARCHAR,
    supplier_name VARCHAR,
    partner VARCHAR,
    create_time DOUBLE,
    order_time DOUBLE,
    idle_until DOUBLE,
    accept_time DOUBLE,
    accept_lat DOUBLE,
    accept_lng DOUBLE,
    accept_distance DOUBLE,
    accept_duration DOUBLE,
    board_time DOUBLE,
    pickup_time DOUBLE,
    cancel_time DOUBLE,
    complete_time DOUBLE,
    return_time DOUBLE,
    cancel_comment VARCHAR,
    cancel_by_user VARCHAR,
    currency VARCHAR,
    promo_code VARCHAR,
    payment_method VARCHAR,
    distance DOUBLE,
    distance_fee DOUBLE,
    stop_fee DOUBLE,
    request_fee DOUBLE,
    discount DOUBLE,
    total_fee DOUBLE,
    distance_price DOUBLE,
    special_request_price DOUBLE,
    stoppoint_price DOUBLE,
    voucher_discount DOUBLE,
    subtotal_price DOUBLE,
    total_price DOUBLE,
    user_main_account DOUBLE,
    user_bonus_account DOUBLE,
    total_pay DOUBLE,
    supplier_main_account DOUBLE,
    supplier_bonus_account DOUBLE,
    rating_by_user INTEGER,
    comment_by_user VARCHAR,
    rating_by_supplier INTEGER,
    comment_by_supplier VARCHAR,
    path VARCHAR,
    remarks VARCHAR,
    remind BOOLEAN,
    assigned_by VARCHAR,
    index INTEGER,
    from_location VARCHAR,
    _rescued_data VARCHAR,
    _ingest_time TIMESTAMP(6) WITH TIME ZONE,
    _run_id VARCHAR,
    _source_system VARCHAR
                )
                
WITH (
    format = 'PARQUET',
    partitioning = ARRAY['day(_ingest_time)']
), parameters: None
[2026-08-05T07:42:32.883+0000] {logistics_setup_infrastructure.py:101} INFO - Đang kiểm tra Schema Drift cho bảng lakehouse.bronze.raw_orders...
[2026-08-05T07:42:32.885+0000] {base.py:84} INFO - Retrieving connection 'trino_default'
[2026-08-05T07:42:32.887+0000] {base.py:84} INFO - Retrieving connection 'trino_default'
[2026-08-05T07:42:32.889+0000] {sql.py:509} INFO - Running statement: SELECT column_name 
                    FROM lakehouse.information_schema.columns 
                    WHERE table_schema = 'bronze' AND table_name = 'raw_orders', parameters: None
[2026-08-05T07:42:33.630+0000] {logistics_setup_infrastructure.py:64} INFO - === ĐANG DEPLOY TẦNG: SILVER_LAYER ===
[2026-08-05T07:42:33.632+0000] {base.py:84} INFO - Retrieving connection 'trino_default'
[2026-08-05T07:42:33.635+0000] {base.py:84} INFO - Retrieving connection 'trino_default'
[2026-08-05T07:42:33.637+0000] {sql.py:509} INFO - Running statement: CREATE SCHEMA IF NOT EXISTS lakehouse.silver, parameters: None
[2026-08-05T07:42:33.687+0000] {logistics_setup_infrastructure.py:64} INFO - === ĐANG DEPLOY TẦNG: GOLD_LAYER ===
[2026-08-05T07:42:33.688+0000] {base.py:84} INFO - Retrieving connection 'trino_default'
[2026-08-05T07:42:33.690+0000] {base.py:84} INFO - Retrieving connection 'trino_default'
[2026-08-05T07:42:33.691+0000] {sql.py:509} INFO - Running statement: CREATE SCHEMA IF NOT EXISTS lakehouse.gold, parameters: None
[2026-08-05T07:42:33.747+0000] {python.py:240} INFO - Done. Returned value was: None
[2026-08-05T07:42:33.763+0000] {taskinstance.py:340} INFO - ::group::Post task execution logs
[2026-08-05T07:42:33.765+0000] {taskinstance.py:352} INFO - Marking task as SUCCESS. dag_id=logistics_setup_lakehouse_infrastructure, task_id=deploy_schemas_and_tables, run_id=scheduled__2026-01-01T00:00:00+00:00, execution_date=20260101T000000, start_date=20260805T074229, end_date=20260805T074233
[2026-08-05T07:42:33.810+0000] {local_task_job_runner.py:266} INFO - Task exited with return code 0
[2026-08-05T07:42:33.835+0000] {taskinstance.py:3900} INFO - 0 downstream tasks scheduled from follow-on schedule check
[2026-08-05T07:42:33.838+0000] {local_task_job_runner.py:245} INFO - ::endgroup::
[2026-08-05T08:04:28.881+0000] {local_task_job_runner.py:123} INFO - ::group::Pre task execution logs
[2026-08-05T08:04:28.907+0000] {taskinstance.py:2612} INFO - Dependencies all met for dep_context=non-requeueable deps ti=<TaskInstance: logistics_setup_lakehouse_infrastructure.deploy_schemas_and_tables scheduled__2026-01-01T00:00:00+00:00 [queued]>
[2026-08-05T08:04:28.918+0000] {taskinstance.py:2612} INFO - Dependencies all met for dep_context=requeueable deps ti=<TaskInstance: logistics_setup_lakehouse_infrastructure.deploy_schemas_and_tables scheduled__2026-01-01T00:00:00+00:00 [queued]>
[2026-08-05T08:04:28.921+0000] {taskinstance.py:2865} INFO - Starting attempt 1 of 1
[2026-08-05T08:04:28.934+0000] {taskinstance.py:2888} INFO - Executing <Task(_PythonDecoratedOperator): deploy_schemas_and_tables> on 2026-01-01 00:00:00+00:00
[2026-08-05T08:04:28.940+0000] {standard_task_runner.py:72} INFO - Started process 430 to run task
[2026-08-05T08:04:28.943+0000] {standard_task_runner.py:104} INFO - Running: ['airflow', 'tasks', 'run', 'logistics_setup_lakehouse_infrastructure', 'deploy_schemas_and_tables', 'scheduled__2026-01-01T00:00:00+00:00', '--job-id', '4', '--raw', '--subdir', 'DAGS_FOLDER/logistics_setup_infrastructure.py', '--cfg-path', '/tmp/tmp2056114i']
[2026-08-05T08:04:28.945+0000] {standard_task_runner.py:105} INFO - Job 4: Subtask deploy_schemas_and_tables
[2026-08-05T08:04:29.020+0000] {task_command.py:467} INFO - Running <TaskInstance: logistics_setup_lakehouse_infrastructure.deploy_schemas_and_tables scheduled__2026-01-01T00:00:00+00:00 [running]> on host b52b39f445e7
[2026-08-05T08:04:29.360+0000] {taskinstance.py:3131} INFO - Exporting env vars: AIRFLOW_CTX_DAG_OWNER='airflow' AIRFLOW_CTX_DAG_ID='logistics_setup_lakehouse_infrastructure' AIRFLOW_CTX_TASK_ID='deploy_schemas_and_tables' AIRFLOW_CTX_EXECUTION_DATE='2026-01-01T00:00:00+00:00' AIRFLOW_CTX_TRY_NUMBER='1' AIRFLOW_CTX_DAG_RUN_ID='scheduled__2026-01-01T00:00:00+00:00'
[2026-08-05T08:04:29.362+0000] {taskinstance.py:731} INFO - ::endgroup::
[2026-08-05T08:04:29.372+0000] {logistics_setup_infrastructure.py:58} INFO - ⏭️ BỎ QUA TẦNG LANDING: Không cần tạo bảng Trino cho file raw JSON.
[2026-08-05T08:04:29.374+0000] {logistics_setup_infrastructure.py:64} INFO - === ĐANG DEPLOY TẦNG: BRONZE_LAYER ===
[2026-08-05T08:04:29.377+0000] {base.py:84} INFO - Retrieving connection 'trino_default'
[2026-08-05T08:04:29.379+0000] {base.py:84} INFO - Retrieving connection 'trino_default'
[2026-08-05T08:04:29.388+0000] {sql.py:509} INFO - Running statement: CREATE SCHEMA IF NOT EXISTS lakehouse.bronze, parameters: None
[2026-08-05T08:04:30.841+0000] {base.py:84} INFO - Retrieving connection 'trino_default'
[2026-08-05T08:04:30.844+0000] {base.py:84} INFO - Retrieving connection 'trino_default'
[2026-08-05T08:04:30.845+0000] {sql.py:509} INFO - Running statement: 
                CREATE TABLE IF NOT EXISTS lakehouse.bronze.raw_orders (
                    _id VARCHAR,
    status VARCHAR,
    sub_status VARCHAR,
    service_id VARCHAR,
    city_id VARCHAR,
    requests VARCHAR,
    user_id VARCHAR,
    user_name VARCHAR,
    supplier_id VARCHAR,
    supplier_name VARCHAR,
    partner VARCHAR,
    create_time DOUBLE,
    order_time DOUBLE,
    idle_until DOUBLE,
    accept_time DOUBLE,
    accept_lat DOUBLE,
    accept_lng DOUBLE,
    accept_distance DOUBLE,
    accept_duration DOUBLE,
    board_time DOUBLE,
    pickup_time DOUBLE,
    cancel_time DOUBLE,
    complete_time DOUBLE,
    return_time DOUBLE,
    cancel_comment VARCHAR,
    cancel_by_user VARCHAR,
    currency VARCHAR,
    promo_code VARCHAR,
    payment_method VARCHAR,
    distance DOUBLE,
    distance_fee DOUBLE,
    stop_fee DOUBLE,
    request_fee DOUBLE,
    discount DOUBLE,
    total_fee DOUBLE,
    distance_price DOUBLE,
    special_request_price DOUBLE,
    stoppoint_price DOUBLE,
    voucher_discount DOUBLE,
    subtotal_price DOUBLE,
    total_price DOUBLE,
    user_main_account DOUBLE,
    user_bonus_account DOUBLE,
    total_pay DOUBLE,
    supplier_main_account DOUBLE,
    supplier_bonus_account DOUBLE,
    rating_by_user INTEGER,
    comment_by_user VARCHAR,
    rating_by_supplier INTEGER,
    comment_by_supplier VARCHAR,
    path VARCHAR,
    remarks VARCHAR,
    remind BOOLEAN,
    assigned_by VARCHAR,
    index INTEGER,
    from_location VARCHAR,
    _rescued_data VARCHAR,
    _ingest_time TIMESTAMP(6) WITH TIME ZONE,
    _run_id VARCHAR,
    _source_system VARCHAR
                )
                
WITH (
    format = 'PARQUET',
    partitioning = ARRAY['day(_ingest_time)']
), parameters: None
[2026-08-05T08:04:33.718+0000] {logistics_setup_infrastructure.py:101} INFO - Đang kiểm tra Schema Drift cho bảng lakehouse.bronze.raw_orders...
[2026-08-05T08:04:33.720+0000] {base.py:84} INFO - Retrieving connection 'trino_default'
[2026-08-05T08:04:33.722+0000] {base.py:84} INFO - Retrieving connection 'trino_default'
[2026-08-05T08:04:33.723+0000] {sql.py:509} INFO - Running statement: SELECT column_name 
                    FROM lakehouse.information_schema.columns 
                    WHERE table_schema = 'bronze' AND table_name = 'raw_orders', parameters: None
[2026-08-05T08:04:34.617+0000] {logistics_setup_infrastructure.py:64} INFO - === ĐANG DEPLOY TẦNG: SILVER_LAYER ===
[2026-08-05T08:04:34.619+0000] {base.py:84} INFO - Retrieving connection 'trino_default'
[2026-08-05T08:04:34.623+0000] {base.py:84} INFO - Retrieving connection 'trino_default'
[2026-08-05T08:04:34.625+0000] {sql.py:509} INFO - Running statement: CREATE SCHEMA IF NOT EXISTS lakehouse.silver, parameters: None
[2026-08-05T08:04:34.690+0000] {logistics_setup_infrastructure.py:64} INFO - === ĐANG DEPLOY TẦNG: GOLD_LAYER ===
[2026-08-05T08:04:34.693+0000] {base.py:84} INFO - Retrieving connection 'trino_default'
[2026-08-05T08:04:34.695+0000] {base.py:84} INFO - Retrieving connection 'trino_default'
[2026-08-05T08:04:34.697+0000] {sql.py:509} INFO - Running statement: CREATE SCHEMA IF NOT EXISTS lakehouse.gold, parameters: None
[2026-08-05T08:04:34.772+0000] {python.py:240} INFO - Done. Returned value was: None
[2026-08-05T08:04:34.794+0000] {taskinstance.py:340} INFO - ::group::Post task execution logs
[2026-08-05T08:04:34.796+0000] {taskinstance.py:352} INFO - Marking task as SUCCESS. dag_id=logistics_setup_lakehouse_infrastructure, task_id=deploy_schemas_and_tables, run_id=scheduled__2026-01-01T00:00:00+00:00, execution_date=20260101T000000, start_date=20260805T080428, end_date=20260805T080434
[2026-08-05T08:04:34.856+0000] {local_task_job_runner.py:266} INFO - Task exited with return code 0
[2026-08-05T08:04:34.883+0000] {taskinstance.py:3900} INFO - 0 downstream tasks scheduled from follow-on schedule check
[2026-08-05T08:04:34.886+0000] {local_task_job_runner.py:245} INFO - ::endgroup::
[2026-08-05T08:09:52.526+0000] {local_task_job_runner.py:123} INFO - ::group::Pre task execution logs
[2026-08-05T08:09:52.551+0000] {taskinstance.py:2612} INFO - Dependencies all met for dep_context=non-requeueable deps ti=<TaskInstance: logistics_setup_lakehouse_infrastructure.deploy_schemas_and_tables scheduled__2026-01-01T00:00:00+00:00 [queued]>
[2026-08-05T08:09:52.563+0000] {taskinstance.py:2612} INFO - Dependencies all met for dep_context=requeueable deps ti=<TaskInstance: logistics_setup_lakehouse_infrastructure.deploy_schemas_and_tables scheduled__2026-01-01T00:00:00+00:00 [queued]>
[2026-08-05T08:09:52.565+0000] {taskinstance.py:2865} INFO - Starting attempt 1 of 1
[2026-08-05T08:09:52.579+0000] {taskinstance.py:2888} INFO - Executing <Task(_PythonDecoratedOperator): deploy_schemas_and_tables> on 2026-01-01 00:00:00+00:00
[2026-08-05T08:09:52.584+0000] {standard_task_runner.py:72} INFO - Started process 558 to run task
[2026-08-05T08:09:52.588+0000] {standard_task_runner.py:104} INFO - Running: ['airflow', 'tasks', 'run', 'logistics_setup_lakehouse_infrastructure', 'deploy_schemas_and_tables', 'scheduled__2026-01-01T00:00:00+00:00', '--job-id', '4', '--raw', '--subdir', 'DAGS_FOLDER/logistics_setup_infrastructure.py', '--cfg-path', '/tmp/tmp7kh72y6o']
[2026-08-05T08:09:52.592+0000] {standard_task_runner.py:105} INFO - Job 4: Subtask deploy_schemas_and_tables
[2026-08-05T08:09:52.670+0000] {task_command.py:467} INFO - Running <TaskInstance: logistics_setup_lakehouse_infrastructure.deploy_schemas_and_tables scheduled__2026-01-01T00:00:00+00:00 [running]> on host 0bb1d40618d6
[2026-08-05T08:09:52.867+0000] {taskinstance.py:3131} INFO - Exporting env vars: AIRFLOW_CTX_DAG_OWNER='airflow' AIRFLOW_CTX_DAG_ID='logistics_setup_lakehouse_infrastructure' AIRFLOW_CTX_TASK_ID='deploy_schemas_and_tables' AIRFLOW_CTX_EXECUTION_DATE='2026-01-01T00:00:00+00:00' AIRFLOW_CTX_TRY_NUMBER='1' AIRFLOW_CTX_DAG_RUN_ID='scheduled__2026-01-01T00:00:00+00:00'
[2026-08-05T08:09:52.870+0000] {taskinstance.py:731} INFO - ::endgroup::
[2026-08-05T08:09:52.878+0000] {logistics_setup_infrastructure.py:58} INFO - ⏭️ BỎ QUA TẦNG LANDING: Không cần tạo bảng Trino cho file raw JSON.
[2026-08-05T08:09:52.879+0000] {logistics_setup_infrastructure.py:64} INFO - === ĐANG DEPLOY TẦNG: BRONZE_LAYER ===
[2026-08-05T08:09:52.881+0000] {base.py:84} INFO - Retrieving connection 'trino_default'
[2026-08-05T08:09:52.883+0000] {base.py:84} INFO - Retrieving connection 'trino_default'
[2026-08-05T08:09:52.889+0000] {sql.py:509} INFO - Running statement: CREATE SCHEMA IF NOT EXISTS lakehouse.bronze, parameters: None
[2026-08-05T08:09:53.734+0000] {base.py:84} INFO - Retrieving connection 'trino_default'
[2026-08-05T08:09:53.735+0000] {base.py:84} INFO - Retrieving connection 'trino_default'
[2026-08-05T08:09:53.737+0000] {sql.py:509} INFO - Running statement: 
                CREATE TABLE IF NOT EXISTS lakehouse.bronze.raw_orders (
                    _id VARCHAR,
    status VARCHAR,
    sub_status VARCHAR,
    service_id VARCHAR,
    city_id VARCHAR,
    requests VARCHAR,
    user_id VARCHAR,
    user_name VARCHAR,
    supplier_id VARCHAR,
    supplier_name VARCHAR,
    partner VARCHAR,
    create_time DOUBLE,
    order_time DOUBLE,
    idle_until DOUBLE,
    accept_time DOUBLE,
    accept_lat DOUBLE,
    accept_lng DOUBLE,
    accept_distance DOUBLE,
    accept_duration DOUBLE,
    board_time DOUBLE,
    pickup_time DOUBLE,
    cancel_time DOUBLE,
    complete_time DOUBLE,
    return_time DOUBLE,
    cancel_comment VARCHAR,
    cancel_by_user VARCHAR,
    currency VARCHAR,
    promo_code VARCHAR,
    payment_method VARCHAR,
    distance DOUBLE,
    distance_fee DOUBLE,
    stop_fee DOUBLE,
    request_fee DOUBLE,
    discount DOUBLE,
    total_fee DOUBLE,
    distance_price DOUBLE,
    special_request_price DOUBLE,
    stoppoint_price DOUBLE,
    voucher_discount DOUBLE,
    subtotal_price DOUBLE,
    total_price DOUBLE,
    user_main_account DOUBLE,
    user_bonus_account DOUBLE,
    total_pay DOUBLE,
    supplier_main_account DOUBLE,
    supplier_bonus_account DOUBLE,
    rating_by_user INTEGER,
    comment_by_user VARCHAR,
    rating_by_supplier INTEGER,
    comment_by_supplier VARCHAR,
    path VARCHAR,
    remarks VARCHAR,
    remind BOOLEAN,
    assigned_by VARCHAR,
    index INTEGER,
    from_location VARCHAR,
    _rescued_data VARCHAR,
    _ingest_time TIMESTAMP(6) WITH TIME ZONE,
    _run_id VARCHAR,
    _source_system VARCHAR
                )
                
WITH (
    format = 'PARQUET',
    partitioning = ARRAY['day(_ingest_time)']
), parameters: None
[2026-08-05T08:09:55.360+0000] {logistics_setup_infrastructure.py:101} INFO - Đang kiểm tra Schema Drift cho bảng lakehouse.bronze.raw_orders...
[2026-08-05T08:09:55.362+0000] {base.py:84} INFO - Retrieving connection 'trino_default'
[2026-08-05T08:09:55.364+0000] {base.py:84} INFO - Retrieving connection 'trino_default'
[2026-08-05T08:09:55.366+0000] {sql.py:509} INFO - Running statement: SELECT column_name 
                    FROM lakehouse.information_schema.columns 
                    WHERE table_schema = 'bronze' AND table_name = 'raw_orders', parameters: None
[2026-08-05T08:09:56.235+0000] {logistics_setup_infrastructure.py:64} INFO - === ĐANG DEPLOY TẦNG: SILVER_LAYER ===
[2026-08-05T08:09:56.238+0000] {base.py:84} INFO - Retrieving connection 'trino_default'
[2026-08-05T08:09:56.240+0000] {base.py:84} INFO - Retrieving connection 'trino_default'
[2026-08-05T08:09:56.242+0000] {sql.py:509} INFO - Running statement: CREATE SCHEMA IF NOT EXISTS lakehouse.silver, parameters: None
[2026-08-05T08:09:56.287+0000] {logistics_setup_infrastructure.py:64} INFO - === ĐANG DEPLOY TẦNG: GOLD_LAYER ===
[2026-08-05T08:09:56.290+0000] {base.py:84} INFO - Retrieving connection 'trino_default'
[2026-08-05T08:09:56.292+0000] {base.py:84} INFO - Retrieving connection 'trino_default'
[2026-08-05T08:09:56.294+0000] {sql.py:509} INFO - Running statement: CREATE SCHEMA IF NOT EXISTS lakehouse.gold, parameters: None
[2026-08-05T08:09:56.345+0000] {python.py:240} INFO - Done. Returned value was: None
[2026-08-05T08:09:56.359+0000] {taskinstance.py:340} INFO - ::group::Post task execution logs
[2026-08-05T08:09:56.361+0000] {taskinstance.py:352} INFO - Marking task as SUCCESS. dag_id=logistics_setup_lakehouse_infrastructure, task_id=deploy_schemas_and_tables, run_id=scheduled__2026-01-01T00:00:00+00:00, execution_date=20260101T000000, start_date=20260805T080952, end_date=20260805T080956
[2026-08-05T08:09:56.383+0000] {local_task_job_runner.py:266} INFO - Task exited with return code 0
[2026-08-05T08:09:56.404+0000] {taskinstance.py:3900} INFO - 0 downstream tasks scheduled from follow-on schedule check
[2026-08-05T08:09:56.409+0000] {local_task_job_runner.py:245} INFO - ::endgroup::
[2026-08-05T08:16:26.143+0000] {local_task_job_runner.py:123} INFO - ::group::Pre task execution logs
[2026-08-05T08:16:26.175+0000] {taskinstance.py:2612} INFO - Dependencies all met for dep_context=non-requeueable deps ti=<TaskInstance: logistics_setup_lakehouse_infrastructure.deploy_schemas_and_tables scheduled__2026-01-01T00:00:00+00:00 [queued]>
[2026-08-05T08:16:26.189+0000] {taskinstance.py:2612} INFO - Dependencies all met for dep_context=requeueable deps ti=<TaskInstance: logistics_setup_lakehouse_infrastructure.deploy_schemas_and_tables scheduled__2026-01-01T00:00:00+00:00 [queued]>
[2026-08-05T08:16:26.191+0000] {taskinstance.py:2865} INFO - Starting attempt 1 of 1
[2026-08-05T08:16:26.207+0000] {taskinstance.py:2888} INFO - Executing <Task(_PythonDecoratedOperator): deploy_schemas_and_tables> on 2026-01-01 00:00:00+00:00
[2026-08-05T08:16:26.212+0000] {standard_task_runner.py:72} INFO - Started process 430 to run task
[2026-08-05T08:16:26.218+0000] {standard_task_runner.py:104} INFO - Running: ['airflow', 'tasks', 'run', 'logistics_setup_lakehouse_infrastructure', 'deploy_schemas_and_tables', 'scheduled__2026-01-01T00:00:00+00:00', '--job-id', '4', '--raw', '--subdir', 'DAGS_FOLDER/logistics_setup_infrastructure.py', '--cfg-path', '/tmp/tmps421_ipt']
[2026-08-05T08:16:26.222+0000] {standard_task_runner.py:105} INFO - Job 4: Subtask deploy_schemas_and_tables
[2026-08-05T08:16:26.336+0000] {task_command.py:467} INFO - Running <TaskInstance: logistics_setup_lakehouse_infrastructure.deploy_schemas_and_tables scheduled__2026-01-01T00:00:00+00:00 [running]> on host 40958d4c79fa
[2026-08-05T08:16:26.638+0000] {taskinstance.py:3131} INFO - Exporting env vars: AIRFLOW_CTX_DAG_OWNER='airflow' AIRFLOW_CTX_DAG_ID='logistics_setup_lakehouse_infrastructure' AIRFLOW_CTX_TASK_ID='deploy_schemas_and_tables' AIRFLOW_CTX_EXECUTION_DATE='2026-01-01T00:00:00+00:00' AIRFLOW_CTX_TRY_NUMBER='1' AIRFLOW_CTX_DAG_RUN_ID='scheduled__2026-01-01T00:00:00+00:00'
[2026-08-05T08:16:26.639+0000] {taskinstance.py:731} INFO - ::endgroup::
[2026-08-05T08:16:26.646+0000] {logistics_setup_infrastructure.py:58} INFO - ⏭️ BỎ QUA TẦNG LANDING: Không cần tạo bảng Trino cho file raw JSON.
[2026-08-05T08:16:26.648+0000] {logistics_setup_infrastructure.py:64} INFO - === ĐANG DEPLOY TẦNG: BRONZE_LAYER ===
[2026-08-05T08:16:26.650+0000] {base.py:84} INFO - Retrieving connection 'trino_default'
[2026-08-05T08:16:26.652+0000] {base.py:84} INFO - Retrieving connection 'trino_default'
[2026-08-05T08:16:26.656+0000] {sql.py:509} INFO - Running statement: CREATE SCHEMA IF NOT EXISTS lakehouse.bronze, parameters: None
[2026-08-05T08:16:27.893+0000] {base.py:84} INFO - Retrieving connection 'trino_default'
[2026-08-05T08:16:27.894+0000] {base.py:84} INFO - Retrieving connection 'trino_default'
[2026-08-05T08:16:27.896+0000] {sql.py:509} INFO - Running statement: 
                CREATE TABLE IF NOT EXISTS lakehouse.bronze.raw_orders (
                    _id VARCHAR,
    status VARCHAR,
    sub_status VARCHAR,
    service_id VARCHAR,
    city_id VARCHAR,
    requests VARCHAR,
    user_id VARCHAR,
    user_name VARCHAR,
    supplier_id VARCHAR,
    supplier_name VARCHAR,
    partner VARCHAR,
    create_time DOUBLE,
    order_time DOUBLE,
    idle_until DOUBLE,
    accept_time DOUBLE,
    accept_lat DOUBLE,
    accept_lng DOUBLE,
    accept_distance DOUBLE,
    accept_duration DOUBLE,
    board_time DOUBLE,
    pickup_time DOUBLE,
    cancel_time DOUBLE,
    complete_time DOUBLE,
    return_time DOUBLE,
    cancel_comment VARCHAR,
    cancel_by_user VARCHAR,
    currency VARCHAR,
    promo_code VARCHAR,
    payment_method VARCHAR,
    distance DOUBLE,
    distance_fee DOUBLE,
    stop_fee DOUBLE,
    request_fee DOUBLE,
    discount DOUBLE,
    total_fee DOUBLE,
    distance_price DOUBLE,
    special_request_price DOUBLE,
    stoppoint_price DOUBLE,
    voucher_discount DOUBLE,
    subtotal_price DOUBLE,
    total_price DOUBLE,
    user_main_account DOUBLE,
    user_bonus_account DOUBLE,
    total_pay DOUBLE,
    supplier_main_account DOUBLE,
    supplier_bonus_account DOUBLE,
    rating_by_user INTEGER,
    comment_by_user VARCHAR,
    rating_by_supplier INTEGER,
    comment_by_supplier VARCHAR,
    path VARCHAR,
    remarks VARCHAR,
    remind BOOLEAN,
    assigned_by VARCHAR,
    index INTEGER,
    from_location VARCHAR,
    _rescued_data VARCHAR,
    _ingest_time TIMESTAMP(6) WITH TIME ZONE,
    _run_id VARCHAR,
    _source_system VARCHAR
                )
                
WITH (
    format = 'PARQUET',
    partitioning = ARRAY['day(_ingest_time)']
), parameters: None
[2026-08-05T08:16:30.534+0000] {logistics_setup_infrastructure.py:101} INFO - Đang kiểm tra Schema Drift cho bảng lakehouse.bronze.raw_orders...
[2026-08-05T08:16:30.536+0000] {base.py:84} INFO - Retrieving connection 'trino_default'
[2026-08-05T08:16:30.537+0000] {base.py:84} INFO - Retrieving connection 'trino_default'
[2026-08-05T08:16:30.538+0000] {sql.py:509} INFO - Running statement: SELECT column_name 
                    FROM lakehouse.information_schema.columns 
                    WHERE table_schema = 'bronze' AND table_name = 'raw_orders', parameters: None
[2026-08-05T08:16:31.599+0000] {logistics_setup_infrastructure.py:64} INFO - === ĐANG DEPLOY TẦNG: SILVER_LAYER ===
[2026-08-05T08:16:31.601+0000] {base.py:84} INFO - Retrieving connection 'trino_default'
[2026-08-05T08:16:31.602+0000] {base.py:84} INFO - Retrieving connection 'trino_default'
[2026-08-05T08:16:31.604+0000] {sql.py:509} INFO - Running statement: CREATE SCHEMA IF NOT EXISTS lakehouse.silver, parameters: None
[2026-08-05T08:16:31.675+0000] {logistics_setup_infrastructure.py:64} INFO - === ĐANG DEPLOY TẦNG: GOLD_LAYER ===
[2026-08-05T08:16:31.678+0000] {base.py:84} INFO - Retrieving connection 'trino_default'
[2026-08-05T08:16:31.679+0000] {base.py:84} INFO - Retrieving connection 'trino_default'
[2026-08-05T08:16:31.681+0000] {sql.py:509} INFO - Running statement: CREATE SCHEMA IF NOT EXISTS lakehouse.gold, parameters: None
[2026-08-05T08:16:31.755+0000] {python.py:240} INFO - Done. Returned value was: None
[2026-08-05T08:16:31.777+0000] {taskinstance.py:340} INFO - ::group::Post task execution logs
[2026-08-05T08:16:31.779+0000] {taskinstance.py:352} INFO - Marking task as SUCCESS. dag_id=logistics_setup_lakehouse_infrastructure, task_id=deploy_schemas_and_tables, run_id=scheduled__2026-01-01T00:00:00+00:00, execution_date=20260101T000000, start_date=20260805T081626, end_date=20260805T081631
[2026-08-05T08:16:31.847+0000] {local_task_job_runner.py:266} INFO - Task exited with return code 0
[2026-08-05T08:16:31.887+0000] {taskinstance.py:3900} INFO - 0 downstream tasks scheduled from follow-on schedule check
[2026-08-05T08:16:31.892+0000] {local_task_job_runner.py:245} INFO - ::endgroup::
[2026-08-05T08:51:12.363+0000] {local_task_job_runner.py:123} INFO - ::group::Pre task execution logs
[2026-08-05T08:51:12.387+0000] {taskinstance.py:2612} INFO - Dependencies all met for dep_context=non-requeueable deps ti=<TaskInstance: logistics_setup_lakehouse_infrastructure.deploy_schemas_and_tables scheduled__2026-01-01T00:00:00+00:00 [queued]>
[2026-08-05T08:51:12.398+0000] {taskinstance.py:2612} INFO - Dependencies all met for dep_context=requeueable deps ti=<TaskInstance: logistics_setup_lakehouse_infrastructure.deploy_schemas_and_tables scheduled__2026-01-01T00:00:00+00:00 [queued]>
[2026-08-05T08:51:12.400+0000] {taskinstance.py:2865} INFO - Starting attempt 1 of 1
[2026-08-05T08:51:12.414+0000] {taskinstance.py:2888} INFO - Executing <Task(_PythonDecoratedOperator): deploy_schemas_and_tables> on 2026-01-01 00:00:00+00:00
[2026-08-05T08:51:12.418+0000] {standard_task_runner.py:72} INFO - Started process 436 to run task
[2026-08-05T08:51:12.421+0000] {standard_task_runner.py:104} INFO - Running: ['airflow', 'tasks', 'run', 'logistics_setup_lakehouse_infrastructure', 'deploy_schemas_and_tables', 'scheduled__2026-01-01T00:00:00+00:00', '--job-id', '6', '--raw', '--subdir', 'DAGS_FOLDER/logistics_setup_infrastructure.py', '--cfg-path', '/tmp/tmp0rsaqwes']
[2026-08-05T08:51:12.424+0000] {standard_task_runner.py:105} INFO - Job 6: Subtask deploy_schemas_and_tables
[2026-08-05T08:51:12.498+0000] {task_command.py:467} INFO - Running <TaskInstance: logistics_setup_lakehouse_infrastructure.deploy_schemas_and_tables scheduled__2026-01-01T00:00:00+00:00 [running]> on host ea50901866c3
[2026-08-05T08:51:12.730+0000] {taskinstance.py:3131} INFO - Exporting env vars: AIRFLOW_CTX_DAG_OWNER='airflow' AIRFLOW_CTX_DAG_ID='logistics_setup_lakehouse_infrastructure' AIRFLOW_CTX_TASK_ID='deploy_schemas_and_tables' AIRFLOW_CTX_EXECUTION_DATE='2026-01-01T00:00:00+00:00' AIRFLOW_CTX_TRY_NUMBER='1' AIRFLOW_CTX_DAG_RUN_ID='scheduled__2026-01-01T00:00:00+00:00'
[2026-08-05T08:51:12.732+0000] {taskinstance.py:731} INFO - ::endgroup::
[2026-08-05T08:51:12.741+0000] {logistics_setup_infrastructure.py:58} INFO - ⏭️ BỎ QUA TẦNG LANDING: Không cần tạo bảng Trino cho file raw JSON.
[2026-08-05T08:51:12.743+0000] {logistics_setup_infrastructure.py:64} INFO - === ĐANG DEPLOY TẦNG: BRONZE_LAYER ===
[2026-08-05T08:51:12.745+0000] {base.py:84} INFO - Retrieving connection 'trino_default'
[2026-08-05T08:51:12.747+0000] {base.py:84} INFO - Retrieving connection 'trino_default'
[2026-08-05T08:51:12.751+0000] {sql.py:509} INFO - Running statement: CREATE SCHEMA IF NOT EXISTS lakehouse.bronze, parameters: None
[2026-08-05T08:51:14.032+0000] {taskinstance.py:3310} ERROR - Task failed with exception
Traceback (most recent call last):
  File "/home/airflow/.local/lib/python3.10/site-packages/airflow/models/taskinstance.py", line 767, in _execute_task
    result = _execute_callable(context=context, **execute_callable_kwargs)
  File "/home/airflow/.local/lib/python3.10/site-packages/airflow/models/taskinstance.py", line 733, in _execute_callable
    return ExecutionCallableRunner(
  File "/home/airflow/.local/lib/python3.10/site-packages/airflow/utils/operator_helpers.py", line 252, in run
    return self.func(*args, **kwargs)
  File "/home/airflow/.local/lib/python3.10/site-packages/airflow/models/baseoperator.py", line 406, in wrapper
    return func(self, *args, **kwargs)
  File "/home/airflow/.local/lib/python3.10/site-packages/airflow/decorators/base.py", line 266, in execute
    return_value = super().execute(context)
  File "/home/airflow/.local/lib/python3.10/site-packages/airflow/models/baseoperator.py", line 406, in wrapper
    return func(self, *args, **kwargs)
  File "/home/airflow/.local/lib/python3.10/site-packages/airflow/operators/python.py", line 238, in execute
    return_value = self.execute_callable()
  File "/home/airflow/.local/lib/python3.10/site-packages/airflow/operators/python.py", line 256, in execute_callable
    return runner.run(*self.op_args, **self.op_kwargs)
  File "/home/airflow/.local/lib/python3.10/site-packages/airflow/utils/operator_helpers.py", line 252, in run
    return self.func(*args, **kwargs)
  File "/opt/airflow/dags/logistics_setup_infrastructure.py", line 67, in deploy_schemas_and_tables
    trino_hook.run(f"CREATE SCHEMA IF NOT EXISTS {catalog}.{schema}")
  File "/home/airflow/.local/lib/python3.10/site-packages/airflow/providers/common/sql/hooks/sql.py", line 456, in run
    self._run_command(cur, sql_statement, parameters)
  File "/home/airflow/.local/lib/python3.10/site-packages/airflow/providers/common/sql/hooks/sql.py", line 514, in _run_command
    cur.execute(sql_statement)
  File "/home/airflow/.local/lib/python3.10/site-packages/trino/dbapi.py", line 589, in execute
    self._iterator = iter(self._query.execute())
  File "/home/airflow/.local/lib/python3.10/site-packages/trino/client.py", line 819, in execute
    self._result.rows += self.fetch()
  File "/home/airflow/.local/lib/python3.10/site-packages/trino/client.py", line 839, in fetch
    status = self._request.process(response)
  File "/home/airflow/.local/lib/python3.10/site-packages/trino/client.py", line 611, in process
    raise self._process_error(response["error"], response.get("id"))
trino.exceptions.TrinoQueryError: TrinoQueryError(type=INTERNAL_ERROR, name=GENERIC_INTERNAL_ERROR, message="Key 'bronze' already exists.", query_id=20260805_085112_00004_e9iwp)
[2026-08-05T08:51:14.057+0000] {taskinstance.py:1225} INFO - Marking task as FAILED. dag_id=logistics_setup_lakehouse_infrastructure, task_id=deploy_schemas_and_tables, run_id=scheduled__2026-01-01T00:00:00+00:00, execution_date=20260101T000000, start_date=20260805T085112, end_date=20260805T085114
[2026-08-05T08:51:14.071+0000] {taskinstance.py:340} INFO - ::group::Post task execution logs
[2026-08-05T08:51:14.073+0000] {standard_task_runner.py:124} ERROR - Failed to execute job 6 for task deploy_schemas_and_tables (TrinoQueryError(type=INTERNAL_ERROR, name=GENERIC_INTERNAL_ERROR, message="Key 'bronze' already exists.", query_id=20260805_085112_00004_e9iwp); 436)
Traceback (most recent call last):
  File "/home/airflow/.local/lib/python3.10/site-packages/airflow/task/task_runner/standard_task_runner.py", line 117, in _start_by_fork
    ret = args.func(args, dag=self.dag)
  File "/home/airflow/.local/lib/python3.10/site-packages/airflow/cli/cli_config.py", line 49, in command
    return func(*args, **kwargs)
  File "/home/airflow/.local/lib/python3.10/site-packages/airflow/utils/cli.py", line 115, in wrapper
    return f(*args, **kwargs)
  File "/home/airflow/.local/lib/python3.10/site-packages/airflow/cli/commands/task_command.py", line 483, in task_run
    task_return_code = _run_task_by_selected_method(args, _dag, ti)
  File "/home/airflow/.local/lib/python3.10/site-packages/airflow/cli/commands/task_command.py", line 256, in _run_task_by_selected_method
    return _run_raw_task(args, ti)
  File "/home/airflow/.local/lib/python3.10/site-packages/airflow/cli/commands/task_command.py", line 341, in _run_raw_task
    return ti._run_raw_task(
  File "/home/airflow/.local/lib/python3.10/site-packages/airflow/utils/session.py", line 97, in wrapper
    return func(*args, session=session, **kwargs)
  File "/home/airflow/.local/lib/python3.10/site-packages/airflow/models/taskinstance.py", line 3004, in _run_raw_task
    return _run_raw_task(
  File "/home/airflow/.local/lib/python3.10/site-packages/airflow/models/taskinstance.py", line 273, in _run_raw_task
    TaskInstance._execute_task_with_callbacks(
  File "/home/airflow/.local/lib/python3.10/site-packages/airflow/models/taskinstance.py", line 3158, in _execute_task_with_callbacks
    result = self._execute_task(context, task_orig)
  File "/home/airflow/.local/lib/python3.10/site-packages/airflow/models/taskinstance.py", line 3182, in _execute_task
    return _execute_task(self, context, task_orig)
  File "/home/airflow/.local/lib/python3.10/site-packages/airflow/models/taskinstance.py", line 767, in _execute_task
    result = _execute_callable(context=context, **execute_callable_kwargs)
  File "/home/airflow/.local/lib/python3.10/site-packages/airflow/models/taskinstance.py", line 733, in _execute_callable
    return ExecutionCallableRunner(
  File "/home/airflow/.local/lib/python3.10/site-packages/airflow/utils/operator_helpers.py", line 252, in run
    return self.func(*args, **kwargs)
  File "/home/airflow/.local/lib/python3.10/site-packages/airflow/models/baseoperator.py", line 406, in wrapper
    return func(self, *args, **kwargs)
  File "/home/airflow/.local/lib/python3.10/site-packages/airflow/decorators/base.py", line 266, in execute
    return_value = super().execute(context)
  File "/home/airflow/.local/lib/python3.10/site-packages/airflow/models/baseoperator.py", line 406, in wrapper
    return func(self, *args, **kwargs)
  File "/home/airflow/.local/lib/python3.10/site-packages/airflow/operators/python.py", line 238, in execute
    return_value = self.execute_callable()
  File "/home/airflow/.local/lib/python3.10/site-packages/airflow/operators/python.py", line 256, in execute_callable
    return runner.run(*self.op_args, **self.op_kwargs)
  File "/home/airflow/.local/lib/python3.10/site-packages/airflow/utils/operator_helpers.py", line 252, in run
    return self.func(*args, **kwargs)
  File "/opt/airflow/dags/logistics_setup_infrastructure.py", line 67, in deploy_schemas_and_tables
    trino_hook.run(f"CREATE SCHEMA IF NOT EXISTS {catalog}.{schema}")
  File "/home/airflow/.local/lib/python3.10/site-packages/airflow/providers/common/sql/hooks/sql.py", line 456, in run
    self._run_command(cur, sql_statement, parameters)
  File "/home/airflow/.local/lib/python3.10/site-packages/airflow/providers/common/sql/hooks/sql.py", line 514, in _run_command
    cur.execute(sql_statement)
  File "/home/airflow/.local/lib/python3.10/site-packages/trino/dbapi.py", line 589, in execute
    self._iterator = iter(self._query.execute())
  File "/home/airflow/.local/lib/python3.10/site-packages/trino/client.py", line 819, in execute
    self._result.rows += self.fetch()
  File "/home/airflow/.local/lib/python3.10/site-packages/trino/client.py", line 839, in fetch
    status = self._request.process(response)
  File "/home/airflow/.local/lib/python3.10/site-packages/trino/client.py", line 611, in process
    raise self._process_error(response["error"], response.get("id"))
trino.exceptions.TrinoQueryError: TrinoQueryError(type=INTERNAL_ERROR, name=GENERIC_INTERNAL_ERROR, message="Key 'bronze' already exists.", query_id=20260805_085112_00004_e9iwp)
[2026-08-05T08:51:14.126+0000] {local_task_job_runner.py:266} INFO - Task exited with return code 1
[2026-08-05T08:51:14.151+0000] {taskinstance.py:3900} INFO - 0 downstream tasks scheduled from follow-on schedule check
[2026-08-05T08:51:14.155+0000] {local_task_job_runner.py:245} INFO - ::endgroup::
[2026-08-05T08:55:16.242+0000] {local_task_job_runner.py:123} INFO - ::group::Pre task execution logs
[2026-08-05T08:55:16.268+0000] {taskinstance.py:2612} INFO - Dependencies all met for dep_context=non-requeueable deps ti=<TaskInstance: logistics_setup_lakehouse_infrastructure.deploy_schemas_and_tables scheduled__2026-01-01T00:00:00+00:00 [queued]>
[2026-08-05T08:55:16.281+0000] {taskinstance.py:2612} INFO - Dependencies all met for dep_context=requeueable deps ti=<TaskInstance: logistics_setup_lakehouse_infrastructure.deploy_schemas_and_tables scheduled__2026-01-01T00:00:00+00:00 [queued]>
[2026-08-05T08:55:16.284+0000] {taskinstance.py:2865} INFO - Starting attempt 1 of 1
[2026-08-05T08:55:16.300+0000] {taskinstance.py:2888} INFO - Executing <Task(_PythonDecoratedOperator): deploy_schemas_and_tables> on 2026-01-01 00:00:00+00:00
[2026-08-05T08:55:16.310+0000] {standard_task_runner.py:72} INFO - Started process 557 to run task
[2026-08-05T08:55:16.315+0000] {standard_task_runner.py:104} INFO - Running: ['airflow', 'tasks', 'run', 'logistics_setup_lakehouse_infrastructure', 'deploy_schemas_and_tables', 'scheduled__2026-01-01T00:00:00+00:00', '--job-id', '4', '--raw', '--subdir', 'DAGS_FOLDER/logistics_setup_infrastructure.py', '--cfg-path', '/tmp/tmpe1ye4ur4']
[2026-08-05T08:55:16.319+0000] {standard_task_runner.py:105} INFO - Job 4: Subtask deploy_schemas_and_tables
[2026-08-05T08:55:16.460+0000] {task_command.py:467} INFO - Running <TaskInstance: logistics_setup_lakehouse_infrastructure.deploy_schemas_and_tables scheduled__2026-01-01T00:00:00+00:00 [running]> on host 59dacb5ae1c9
[2026-08-05T08:55:16.661+0000] {taskinstance.py:3131} INFO - Exporting env vars: AIRFLOW_CTX_DAG_OWNER='airflow' AIRFLOW_CTX_DAG_ID='logistics_setup_lakehouse_infrastructure' AIRFLOW_CTX_TASK_ID='deploy_schemas_and_tables' AIRFLOW_CTX_EXECUTION_DATE='2026-01-01T00:00:00+00:00' AIRFLOW_CTX_TRY_NUMBER='1' AIRFLOW_CTX_DAG_RUN_ID='scheduled__2026-01-01T00:00:00+00:00'
[2026-08-05T08:55:16.663+0000] {taskinstance.py:731} INFO - ::endgroup::
[2026-08-05T08:55:16.670+0000] {logistics_setup_infrastructure.py:58} INFO - ⏭️ BỎ QUA TẦNG LANDING: Không cần tạo bảng Trino cho file raw JSON.
[2026-08-05T08:55:16.671+0000] {logistics_setup_infrastructure.py:64} INFO - === ĐANG DEPLOY TẦNG: BRONZE_LAYER ===
[2026-08-05T08:55:16.673+0000] {base.py:84} INFO - Retrieving connection 'trino_default'
[2026-08-05T08:55:16.675+0000] {base.py:84} INFO - Retrieving connection 'trino_default'
[2026-08-05T08:55:16.679+0000] {sql.py:509} INFO - Running statement: CREATE SCHEMA IF NOT EXISTS lakehouse.bronze, parameters: None
[2026-08-05T08:55:17.628+0000] {base.py:84} INFO - Retrieving connection 'trino_default'
[2026-08-05T08:55:17.630+0000] {base.py:84} INFO - Retrieving connection 'trino_default'
[2026-08-05T08:55:17.632+0000] {sql.py:509} INFO - Running statement: 
                CREATE TABLE IF NOT EXISTS lakehouse.bronze.raw_orders (
                    _db_id INTEGER,
    _id VARCHAR,
    status VARCHAR,
    sub_status VARCHAR,
    service_id VARCHAR,
    city_id VARCHAR,
    requests VARCHAR,
    user_id VARCHAR,
    user_name VARCHAR,
    supplier_id VARCHAR,
    supplier_name VARCHAR,
    partner VARCHAR,
    create_time DOUBLE,
    order_time DOUBLE,
    idle_until DOUBLE,
    accept_time DOUBLE,
    accept_lat DOUBLE,
    accept_lng DOUBLE,
    accept_distance DOUBLE,
    accept_duration DOUBLE,
    board_time DOUBLE,
    pickup_time DOUBLE,
    cancel_time DOUBLE,
    complete_time DOUBLE,
    return_time DOUBLE,
    cancel_comment VARCHAR,
    cancel_by_user VARCHAR,
    currency VARCHAR,
    promo_code VARCHAR,
    payment_method VARCHAR,
    distance DOUBLE,
    distance_fee DOUBLE,
    stop_fee DOUBLE,
    request_fee DOUBLE,
    discount DOUBLE,
    total_fee DOUBLE,
    distance_price DOUBLE,
    special_request_price DOUBLE,
    stoppoint_price DOUBLE,
    voucher_discount DOUBLE,
    subtotal_price DOUBLE,
    total_price DOUBLE,
    user_main_account DOUBLE,
    user_bonus_account DOUBLE,
    total_pay DOUBLE,
    supplier_main_account DOUBLE,
    supplier_bonus_account DOUBLE,
    rating_by_user INTEGER,
    comment_by_user VARCHAR,
    rating_by_supplier INTEGER,
    comment_by_supplier VARCHAR,
    path VARCHAR,
    remarks VARCHAR,
    remind BOOLEAN,
    assigned_by VARCHAR,
    index INTEGER,
    from_location VARCHAR,
    _rescued_data VARCHAR,
    _ingest_time TIMESTAMP(6) WITH TIME ZONE,
    _run_id VARCHAR,
    _source_system VARCHAR
                )
                
WITH (
    format = 'PARQUET',
    partitioning = ARRAY['day(_ingest_time)']
), parameters: None
[2026-08-05T08:55:19.428+0000] {logistics_setup_infrastructure.py:101} INFO - Đang kiểm tra Schema Drift cho bảng lakehouse.bronze.raw_orders...
[2026-08-05T08:55:19.430+0000] {base.py:84} INFO - Retrieving connection 'trino_default'
[2026-08-05T08:55:19.432+0000] {base.py:84} INFO - Retrieving connection 'trino_default'
[2026-08-05T08:55:19.433+0000] {sql.py:509} INFO - Running statement: SELECT column_name 
                    FROM lakehouse.information_schema.columns 
                    WHERE table_schema = 'bronze' AND table_name = 'raw_orders', parameters: None
[2026-08-05T08:55:20.014+0000] {logistics_setup_infrastructure.py:64} INFO - === ĐANG DEPLOY TẦNG: SILVER_LAYER ===
[2026-08-05T08:55:20.018+0000] {base.py:84} INFO - Retrieving connection 'trino_default'
[2026-08-05T08:55:20.021+0000] {base.py:84} INFO - Retrieving connection 'trino_default'
[2026-08-05T08:55:20.024+0000] {sql.py:509} INFO - Running statement: CREATE SCHEMA IF NOT EXISTS lakehouse.silver, parameters: None
[2026-08-05T08:55:20.100+0000] {logistics_setup_infrastructure.py:64} INFO - === ĐANG DEPLOY TẦNG: GOLD_LAYER ===
[2026-08-05T08:55:20.102+0000] {base.py:84} INFO - Retrieving connection 'trino_default'
[2026-08-05T08:55:20.104+0000] {base.py:84} INFO - Retrieving connection 'trino_default'
[2026-08-05T08:55:20.106+0000] {sql.py:509} INFO - Running statement: CREATE SCHEMA IF NOT EXISTS lakehouse.gold, parameters: None
[2026-08-05T08:55:20.170+0000] {python.py:240} INFO - Done. Returned value was: None
[2026-08-05T08:55:20.197+0000] {taskinstance.py:340} INFO - ::group::Post task execution logs
[2026-08-05T08:55:20.200+0000] {taskinstance.py:352} INFO - Marking task as SUCCESS. dag_id=logistics_setup_lakehouse_infrastructure, task_id=deploy_schemas_and_tables, run_id=scheduled__2026-01-01T00:00:00+00:00, execution_date=20260101T000000, start_date=20260805T085516, end_date=20260805T085520
[2026-08-05T08:55:20.234+0000] {local_task_job_runner.py:266} INFO - Task exited with return code 0
[2026-08-05T08:55:20.252+0000] {taskinstance.py:3900} INFO - 0 downstream tasks scheduled from follow-on schedule check
[2026-08-05T08:55:20.256+0000] {local_task_job_runner.py:245} INFO - ::endgroup::
[2026-08-05T15:22:52.603+0000] {local_task_job_runner.py:123} INFO - ::group::Pre task execution logs
[2026-08-05T15:22:52.631+0000] {taskinstance.py:2612} INFO - Dependencies all met for dep_context=non-requeueable deps ti=<TaskInstance: logistics_setup_lakehouse_infrastructure.deploy_schemas_and_tables scheduled__2026-01-01T00:00:00+00:00 [queued]>
[2026-08-05T15:22:52.643+0000] {taskinstance.py:2612} INFO - Dependencies all met for dep_context=requeueable deps ti=<TaskInstance: logistics_setup_lakehouse_infrastructure.deploy_schemas_and_tables scheduled__2026-01-01T00:00:00+00:00 [queued]>
[2026-08-05T15:22:52.645+0000] {taskinstance.py:2865} INFO - Starting attempt 1 of 1
[2026-08-05T15:22:52.657+0000] {taskinstance.py:2888} INFO - Executing <Task(_PythonDecoratedOperator): deploy_schemas_and_tables> on 2026-01-01 00:00:00+00:00
[2026-08-05T15:22:52.662+0000] {standard_task_runner.py:72} INFO - Started process 946 to run task
[2026-08-05T15:22:52.666+0000] {standard_task_runner.py:104} INFO - Running: ['airflow', 'tasks', 'run', 'logistics_setup_lakehouse_infrastructure', 'deploy_schemas_and_tables', 'scheduled__2026-01-01T00:00:00+00:00', '--job-id', '4', '--raw', '--subdir', 'DAGS_FOLDER/logistics_setup_infrastructure.py', '--cfg-path', '/tmp/tmppojr_caq']
[2026-08-05T15:22:52.670+0000] {standard_task_runner.py:105} INFO - Job 4: Subtask deploy_schemas_and_tables
[2026-08-05T15:22:52.745+0000] {task_command.py:467} INFO - Running <TaskInstance: logistics_setup_lakehouse_infrastructure.deploy_schemas_and_tables scheduled__2026-01-01T00:00:00+00:00 [running]> on host b400f7cfb704
[2026-08-05T15:22:52.957+0000] {taskinstance.py:3131} INFO - Exporting env vars: AIRFLOW_CTX_DAG_OWNER='airflow' AIRFLOW_CTX_DAG_ID='logistics_setup_lakehouse_infrastructure' AIRFLOW_CTX_TASK_ID='deploy_schemas_and_tables' AIRFLOW_CTX_EXECUTION_DATE='2026-01-01T00:00:00+00:00' AIRFLOW_CTX_TRY_NUMBER='1' AIRFLOW_CTX_DAG_RUN_ID='scheduled__2026-01-01T00:00:00+00:00'
[2026-08-05T15:22:52.958+0000] {taskinstance.py:731} INFO - ::endgroup::
[2026-08-05T15:22:52.964+0000] {logistics_setup_infrastructure.py:58} INFO - ⏭️ BỎ QUA TẦNG LANDING: Không cần tạo bảng Trino cho file raw JSON.
[2026-08-05T15:22:52.965+0000] {logistics_setup_infrastructure.py:64} INFO - === ĐANG DEPLOY TẦNG: BRONZE_LAYER ===
[2026-08-05T15:22:52.966+0000] {base.py:84} INFO - Retrieving connection 'trino_default'
[2026-08-05T15:22:52.968+0000] {base.py:84} INFO - Retrieving connection 'trino_default'
[2026-08-05T15:22:52.973+0000] {sql.py:509} INFO - Running statement: CREATE SCHEMA IF NOT EXISTS lakehouse.bronze, parameters: None
[2026-08-05T15:22:54.714+0000] {base.py:84} INFO - Retrieving connection 'trino_default'
[2026-08-05T15:22:54.715+0000] {base.py:84} INFO - Retrieving connection 'trino_default'
[2026-08-05T15:22:54.716+0000] {sql.py:509} INFO - Running statement: 
                CREATE TABLE IF NOT EXISTS lakehouse.bronze.raw_orders (
                    _db_id INTEGER,
    _id VARCHAR,
    status VARCHAR,
    sub_status VARCHAR,
    service_id VARCHAR,
    city_id VARCHAR,
    requests VARCHAR,
    user_id VARCHAR,
    user_name VARCHAR,
    supplier_id VARCHAR,
    supplier_name VARCHAR,
    partner VARCHAR,
    create_time DOUBLE,
    order_time DOUBLE,
    idle_until DOUBLE,
    accept_time DOUBLE,
    accept_lat DOUBLE,
    accept_lng DOUBLE,
    accept_distance DOUBLE,
    accept_duration DOUBLE,
    board_time DOUBLE,
    pickup_time DOUBLE,
    cancel_time DOUBLE,
    complete_time DOUBLE,
    return_time DOUBLE,
    cancel_comment VARCHAR,
    cancel_by_user VARCHAR,
    currency VARCHAR,
    promo_code VARCHAR,
    payment_method VARCHAR,
    distance DOUBLE,
    distance_fee DOUBLE,
    stop_fee DOUBLE,
    request_fee DOUBLE,
    discount DOUBLE,
    total_fee DOUBLE,
    distance_price DOUBLE,
    special_request_price DOUBLE,
    stoppoint_price DOUBLE,
    voucher_discount DOUBLE,
    subtotal_price DOUBLE,
    total_price DOUBLE,
    user_main_account DOUBLE,
    user_bonus_account DOUBLE,
    total_pay DOUBLE,
    supplier_main_account DOUBLE,
    supplier_bonus_account DOUBLE,
    rating_by_user INTEGER,
    comment_by_user VARCHAR,
    rating_by_supplier INTEGER,
    comment_by_supplier VARCHAR,
    path VARCHAR,
    remarks VARCHAR,
    remind BOOLEAN,
    assigned_by VARCHAR,
    index INTEGER,
    from_location VARCHAR,
    _rescued_data VARCHAR,
    _ingest_time TIMESTAMP(6) WITH TIME ZONE,
    _run_id VARCHAR,
    _source_system VARCHAR
                )
                
WITH (
    format = 'PARQUET',
    partitioning = ARRAY['day(_ingest_time)']
), parameters: None
[2026-08-05T15:22:57.148+0000] {logistics_setup_infrastructure.py:101} INFO - Đang kiểm tra Schema Drift cho bảng lakehouse.bronze.raw_orders...
[2026-08-05T15:22:57.150+0000] {base.py:84} INFO - Retrieving connection 'trino_default'
[2026-08-05T15:22:57.151+0000] {base.py:84} INFO - Retrieving connection 'trino_default'
[2026-08-05T15:22:57.154+0000] {sql.py:509} INFO - Running statement: SELECT column_name 
                    FROM lakehouse.information_schema.columns 
                    WHERE table_schema = 'bronze' AND table_name = 'raw_orders', parameters: None
[2026-08-05T15:22:57.863+0000] {logistics_setup_infrastructure.py:64} INFO - === ĐANG DEPLOY TẦNG: SILVER_LAYER ===
[2026-08-05T15:22:57.864+0000] {base.py:84} INFO - Retrieving connection 'trino_default'
[2026-08-05T15:22:57.866+0000] {base.py:84} INFO - Retrieving connection 'trino_default'
[2026-08-05T15:22:57.867+0000] {sql.py:509} INFO - Running statement: CREATE SCHEMA IF NOT EXISTS lakehouse.silver, parameters: None
[2026-08-05T15:22:57.914+0000] {logistics_setup_infrastructure.py:64} INFO - === ĐANG DEPLOY TẦNG: GOLD_LAYER ===
[2026-08-05T15:22:57.916+0000] {base.py:84} INFO - Retrieving connection 'trino_default'
[2026-08-05T15:22:57.918+0000] {base.py:84} INFO - Retrieving connection 'trino_default'
[2026-08-05T15:22:57.919+0000] {sql.py:509} INFO - Running statement: CREATE SCHEMA IF NOT EXISTS lakehouse.gold, parameters: None
[2026-08-05T15:22:57.976+0000] {python.py:240} INFO - Done. Returned value was: None
[2026-08-05T15:22:57.988+0000] {taskinstance.py:340} INFO - ::group::Post task execution logs
[2026-08-05T15:22:57.990+0000] {taskinstance.py:352} INFO - Marking task as SUCCESS. dag_id=logistics_setup_lakehouse_infrastructure, task_id=deploy_schemas_and_tables, run_id=scheduled__2026-01-01T00:00:00+00:00, execution_date=20260101T000000, start_date=20260805T152252, end_date=20260805T152257
[2026-08-05T15:22:58.037+0000] {local_task_job_runner.py:266} INFO - Task exited with return code 0
[2026-08-05T15:22:58.055+0000] {taskinstance.py:3900} INFO - 0 downstream tasks scheduled from follow-on schedule check
[2026-08-05T15:22:58.058+0000] {local_task_job_runner.py:245} INFO - ::endgroup::
[2026-08-05T20:18:22.112+0000] {local_task_job_runner.py:123} INFO - ::group::Pre task execution logs
[2026-08-05T20:18:22.138+0000] {taskinstance.py:2612} INFO - Dependencies all met for dep_context=non-requeueable deps ti=<TaskInstance: logistics_setup_lakehouse_infrastructure.deploy_schemas_and_tables scheduled__2026-01-01T00:00:00+00:00 [queued]>
[2026-08-05T20:18:22.151+0000] {taskinstance.py:2612} INFO - Dependencies all met for dep_context=requeueable deps ti=<TaskInstance: logistics_setup_lakehouse_infrastructure.deploy_schemas_and_tables scheduled__2026-01-01T00:00:00+00:00 [queued]>
[2026-08-05T20:18:22.152+0000] {taskinstance.py:2865} INFO - Starting attempt 1 of 1
[2026-08-05T20:18:22.168+0000] {taskinstance.py:2888} INFO - Executing <Task(_PythonDecoratedOperator): deploy_schemas_and_tables> on 2026-01-01 00:00:00+00:00
[2026-08-05T20:18:22.174+0000] {standard_task_runner.py:72} INFO - Started process 435 to run task
[2026-08-05T20:18:22.179+0000] {standard_task_runner.py:104} INFO - Running: ['airflow', 'tasks', 'run', 'logistics_setup_lakehouse_infrastructure', 'deploy_schemas_and_tables', 'scheduled__2026-01-01T00:00:00+00:00', '--job-id', '6', '--raw', '--subdir', 'DAGS_FOLDER/logistics_setup_infrastructure.py', '--cfg-path', '/tmp/tmpy207mvac']
[2026-08-05T20:18:22.183+0000] {standard_task_runner.py:105} INFO - Job 6: Subtask deploy_schemas_and_tables
[2026-08-05T20:18:22.263+0000] {task_command.py:467} INFO - Running <TaskInstance: logistics_setup_lakehouse_infrastructure.deploy_schemas_and_tables scheduled__2026-01-01T00:00:00+00:00 [running]> on host 2147e0382bfd
[2026-08-05T20:18:22.547+0000] {taskinstance.py:3131} INFO - Exporting env vars: AIRFLOW_CTX_DAG_OWNER='airflow' AIRFLOW_CTX_DAG_ID='logistics_setup_lakehouse_infrastructure' AIRFLOW_CTX_TASK_ID='deploy_schemas_and_tables' AIRFLOW_CTX_EXECUTION_DATE='2026-01-01T00:00:00+00:00' AIRFLOW_CTX_TRY_NUMBER='1' AIRFLOW_CTX_DAG_RUN_ID='scheduled__2026-01-01T00:00:00+00:00'
[2026-08-05T20:18:22.549+0000] {taskinstance.py:731} INFO - ::endgroup::
[2026-08-05T20:18:22.556+0000] {logistics_setup_infrastructure.py:58} INFO - ⏭️ BỎ QUA TẦNG LANDING: Không cần tạo bảng Trino cho file raw JSON.
[2026-08-05T20:18:22.557+0000] {logistics_setup_infrastructure.py:64} INFO - === ĐANG DEPLOY TẦNG: BRONZE_LAYER ===
[2026-08-05T20:18:22.558+0000] {base.py:84} INFO - Retrieving connection 'trino_default'
[2026-08-05T20:18:22.560+0000] {base.py:84} INFO - Retrieving connection 'trino_default'
[2026-08-05T20:18:22.566+0000] {sql.py:509} INFO - Running statement: CREATE SCHEMA IF NOT EXISTS lakehouse.bronze, parameters: None
[2026-08-05T20:18:24.232+0000] {base.py:84} INFO - Retrieving connection 'trino_default'
[2026-08-05T20:18:24.235+0000] {base.py:84} INFO - Retrieving connection 'trino_default'
[2026-08-05T20:18:24.237+0000] {sql.py:509} INFO - Running statement: 
                CREATE TABLE IF NOT EXISTS lakehouse.bronze.raw_orders (
                    _db_id INTEGER,
    _id VARCHAR,
    status VARCHAR,
    sub_status VARCHAR,
    service_id VARCHAR,
    city_id VARCHAR,
    requests VARCHAR,
    user_id VARCHAR,
    user_name VARCHAR,
    supplier_id VARCHAR,
    supplier_name VARCHAR,
    partner VARCHAR,
    create_time DOUBLE,
    order_time DOUBLE,
    idle_until DOUBLE,
    accept_time DOUBLE,
    accept_lat DOUBLE,
    accept_lng DOUBLE,
    accept_distance DOUBLE,
    accept_duration DOUBLE,
    board_time DOUBLE,
    pickup_time DOUBLE,
    cancel_time DOUBLE,
    complete_time DOUBLE,
    return_time DOUBLE,
    cancel_comment VARCHAR,
    cancel_by_user VARCHAR,
    currency VARCHAR,
    promo_code VARCHAR,
    payment_method VARCHAR,
    distance DOUBLE,
    distance_fee DOUBLE,
    stop_fee DOUBLE,
    request_fee DOUBLE,
    discount DOUBLE,
    total_fee DOUBLE,
    distance_price DOUBLE,
    special_request_price DOUBLE,
    stoppoint_price DOUBLE,
    voucher_discount DOUBLE,
    subtotal_price DOUBLE,
    total_price DOUBLE,
    user_main_account DOUBLE,
    user_bonus_account DOUBLE,
    total_pay DOUBLE,
    supplier_main_account DOUBLE,
    supplier_bonus_account DOUBLE,
    rating_by_user INTEGER,
    comment_by_user VARCHAR,
    rating_by_supplier INTEGER,
    comment_by_supplier VARCHAR,
    path VARCHAR,
    remarks VARCHAR,
    remind BOOLEAN,
    assigned_by VARCHAR,
    index INTEGER,
    from_location VARCHAR,
    _rescued_data VARCHAR,
    _ingest_time TIMESTAMP(6) WITH TIME ZONE,
    _run_id VARCHAR,
    _source_system VARCHAR
                )
                
WITH (
    format = 'PARQUET',
    partitioning = ARRAY['day(_ingest_time)']
), parameters: None
[2026-08-05T20:18:26.738+0000] {logistics_setup_infrastructure.py:101} INFO - Đang kiểm tra Schema Drift cho bảng lakehouse.bronze.raw_orders...
[2026-08-05T20:18:26.741+0000] {base.py:84} INFO - Retrieving connection 'trino_default'
[2026-08-05T20:18:26.742+0000] {base.py:84} INFO - Retrieving connection 'trino_default'
[2026-08-05T20:18:26.744+0000] {sql.py:509} INFO - Running statement: SELECT column_name 
                    FROM lakehouse.information_schema.columns 
                    WHERE table_schema = 'bronze' AND table_name = 'raw_orders', parameters: None
[2026-08-05T20:18:27.665+0000] {logistics_setup_infrastructure.py:64} INFO - === ĐANG DEPLOY TẦNG: SILVER_LAYER ===
[2026-08-05T20:18:27.671+0000] {base.py:84} INFO - Retrieving connection 'trino_default'
[2026-08-05T20:18:27.673+0000] {base.py:84} INFO - Retrieving connection 'trino_default'
[2026-08-05T20:18:27.676+0000] {sql.py:509} INFO - Running statement: CREATE SCHEMA IF NOT EXISTS lakehouse.silver, parameters: None
[2026-08-05T20:18:27.752+0000] {logistics_setup_infrastructure.py:64} INFO - === ĐANG DEPLOY TẦNG: GOLD_LAYER ===
[2026-08-05T20:18:27.759+0000] {base.py:84} INFO - Retrieving connection 'trino_default'
[2026-08-05T20:18:27.761+0000] {base.py:84} INFO - Retrieving connection 'trino_default'
[2026-08-05T20:18:27.764+0000] {sql.py:509} INFO - Running statement: CREATE SCHEMA IF NOT EXISTS lakehouse.gold, parameters: None
[2026-08-05T20:18:27.862+0000] {python.py:240} INFO - Done. Returned value was: None
[2026-08-05T20:18:27.881+0000] {taskinstance.py:340} INFO - ::group::Post task execution logs
[2026-08-05T20:18:27.883+0000] {taskinstance.py:352} INFO - Marking task as SUCCESS. dag_id=logistics_setup_lakehouse_infrastructure, task_id=deploy_schemas_and_tables, run_id=scheduled__2026-01-01T00:00:00+00:00, execution_date=20260101T000000, start_date=20260805T201822, end_date=20260805T201827
[2026-08-05T20:18:27.935+0000] {local_task_job_runner.py:266} INFO - Task exited with return code 0
[2026-08-05T20:18:27.948+0000] {local_task_job_runner.py:245} INFO - ::endgroup::
[2026-08-07T02:38:30.964+0000] {local_task_job_runner.py:123} INFO - ::group::Pre task execution logs
[2026-08-07T02:38:30.998+0000] {taskinstance.py:2612} INFO - Dependencies all met for dep_context=non-requeueable deps ti=<TaskInstance: logistics_setup_lakehouse_infrastructure.deploy_schemas_and_tables scheduled__2026-01-01T00:00:00+00:00 [queued]>
[2026-08-07T02:38:31.017+0000] {taskinstance.py:2612} INFO - Dependencies all met for dep_context=requeueable deps ti=<TaskInstance: logistics_setup_lakehouse_infrastructure.deploy_schemas_and_tables scheduled__2026-01-01T00:00:00+00:00 [queued]>
[2026-08-07T02:38:31.021+0000] {taskinstance.py:2865} INFO - Starting attempt 1 of 1
[2026-08-07T02:38:31.039+0000] {taskinstance.py:2888} INFO - Executing <Task(_PythonDecoratedOperator): deploy_schemas_and_tables> on 2026-01-01 00:00:00+00:00
[2026-08-07T02:38:31.047+0000] {standard_task_runner.py:72} INFO - Started process 359 to run task
[2026-08-07T02:38:31.051+0000] {standard_task_runner.py:104} INFO - Running: ['airflow', 'tasks', 'run', 'logistics_setup_lakehouse_infrastructure', 'deploy_schemas_and_tables', 'scheduled__2026-01-01T00:00:00+00:00', '--job-id', '4', '--raw', '--subdir', 'DAGS_FOLDER/logistics_setup_infrastructure.py', '--cfg-path', '/tmp/tmpntom0w0z']
[2026-08-07T02:38:31.055+0000] {standard_task_runner.py:105} INFO - Job 4: Subtask deploy_schemas_and_tables
[2026-08-07T02:38:31.159+0000] {task_command.py:467} INFO - Running <TaskInstance: logistics_setup_lakehouse_infrastructure.deploy_schemas_and_tables scheduled__2026-01-01T00:00:00+00:00 [running]> on host 12b39e9cb597
[2026-08-07T02:38:31.490+0000] {taskinstance.py:3131} INFO - Exporting env vars: AIRFLOW_CTX_DAG_OWNER='airflow' AIRFLOW_CTX_DAG_ID='logistics_setup_lakehouse_infrastructure' AIRFLOW_CTX_TASK_ID='deploy_schemas_and_tables' AIRFLOW_CTX_EXECUTION_DATE='2026-01-01T00:00:00+00:00' AIRFLOW_CTX_TRY_NUMBER='1' AIRFLOW_CTX_DAG_RUN_ID='scheduled__2026-01-01T00:00:00+00:00'
[2026-08-07T02:38:31.493+0000] {taskinstance.py:731} INFO - ::endgroup::
[2026-08-07T02:38:31.501+0000] {logistics_setup_infrastructure.py:58} INFO - ⏭️ BỎ QUA TẦNG LANDING: Không cần tạo bảng Trino cho file raw JSON.
[2026-08-07T02:38:31.503+0000] {logistics_setup_infrastructure.py:64} INFO - === ĐANG DEPLOY TẦNG: BRONZE_LAYER ===
[2026-08-07T02:38:31.508+0000] {base.py:84} INFO - Retrieving connection 'trino_default'
[2026-08-07T02:38:31.511+0000] {base.py:84} INFO - Retrieving connection 'trino_default'
[2026-08-07T02:38:31.518+0000] {sql.py:509} INFO - Running statement: CREATE SCHEMA IF NOT EXISTS lakehouse.bronze, parameters: None
[2026-08-07T02:38:33.087+0000] {base.py:84} INFO - Retrieving connection 'trino_default'
[2026-08-07T02:38:33.091+0000] {base.py:84} INFO - Retrieving connection 'trino_default'
[2026-08-07T02:38:33.093+0000] {sql.py:509} INFO - Running statement: 
                CREATE TABLE IF NOT EXISTS lakehouse.bronze.raw_orders (
                    _db_id INTEGER,
    _id VARCHAR,
    status VARCHAR,
    sub_status VARCHAR,
    service_id VARCHAR,
    city_id VARCHAR,
    requests VARCHAR,
    user_id VARCHAR,
    user_name VARCHAR,
    supplier_id VARCHAR,
    supplier_name VARCHAR,
    partner VARCHAR,
    create_time DOUBLE,
    order_time DOUBLE,
    idle_until DOUBLE,
    accept_time DOUBLE,
    accept_lat DOUBLE,
    accept_lng DOUBLE,
    accept_distance DOUBLE,
    accept_duration DOUBLE,
    board_time DOUBLE,
    pickup_time DOUBLE,
    cancel_time DOUBLE,
    complete_time DOUBLE,
    return_time DOUBLE,
    cancel_comment VARCHAR,
    cancel_by_user VARCHAR,
    currency VARCHAR,
    promo_code VARCHAR,
    payment_method VARCHAR,
    distance DOUBLE,
    distance_fee DOUBLE,
    stop_fee DOUBLE,
    request_fee DOUBLE,
    discount DOUBLE,
    total_fee DOUBLE,
    distance_price DOUBLE,
    special_request_price DOUBLE,
    stoppoint_price DOUBLE,
    voucher_discount DOUBLE,
    subtotal_price DOUBLE,
    total_price DOUBLE,
    user_main_account DOUBLE,
    user_bonus_account DOUBLE,
    total_pay DOUBLE,
    supplier_main_account DOUBLE,
    supplier_bonus_account DOUBLE,
    rating_by_user INTEGER,
    comment_by_user VARCHAR,
    rating_by_supplier INTEGER,
    comment_by_supplier VARCHAR,
    path VARCHAR,
    remarks VARCHAR,
    remind BOOLEAN,
    assigned_by VARCHAR,
    index INTEGER,
    from_location VARCHAR,
    _rescued_data VARCHAR,
    _ingest_time TIMESTAMP(6) WITH TIME ZONE,
    _run_id VARCHAR,
    _source_system VARCHAR
                )
                
WITH (
    format = 'PARQUET',
    partitioning = ARRAY['day(_ingest_time)']
), parameters: None
[2026-08-07T02:38:35.496+0000] {logistics_setup_infrastructure.py:101} INFO - Đang kiểm tra Schema Drift cho bảng lakehouse.bronze.raw_orders...
[2026-08-07T02:38:35.498+0000] {base.py:84} INFO - Retrieving connection 'trino_default'
[2026-08-07T02:38:35.500+0000] {base.py:84} INFO - Retrieving connection 'trino_default'
[2026-08-07T02:38:35.502+0000] {sql.py:509} INFO - Running statement: SELECT column_name 
                    FROM lakehouse.information_schema.columns 
                    WHERE table_schema = 'bronze' AND table_name = 'raw_orders', parameters: None
[2026-08-07T02:38:36.823+0000] {logistics_setup_infrastructure.py:64} INFO - === ĐANG DEPLOY TẦNG: SILVER_LAYER ===
[2026-08-07T02:38:36.825+0000] {base.py:84} INFO - Retrieving connection 'trino_default'
[2026-08-07T02:38:36.828+0000] {base.py:84} INFO - Retrieving connection 'trino_default'
[2026-08-07T02:38:36.830+0000] {sql.py:509} INFO - Running statement: CREATE SCHEMA IF NOT EXISTS lakehouse.silver, parameters: None
[2026-08-07T02:38:36.904+0000] {logistics_setup_infrastructure.py:64} INFO - === ĐANG DEPLOY TẦNG: GOLD_LAYER ===
[2026-08-07T02:38:36.908+0000] {base.py:84} INFO - Retrieving connection 'trino_default'
[2026-08-07T02:38:36.911+0000] {base.py:84} INFO - Retrieving connection 'trino_default'
[2026-08-07T02:38:36.915+0000] {sql.py:509} INFO - Running statement: CREATE SCHEMA IF NOT EXISTS lakehouse.gold, parameters: None
[2026-08-07T02:38:36.991+0000] {python.py:240} INFO - Done. Returned value was: None
[2026-08-07T02:38:37.005+0000] {taskinstance.py:340} INFO - ::group::Post task execution logs
[2026-08-07T02:38:37.008+0000] {taskinstance.py:352} INFO - Marking task as SUCCESS. dag_id=logistics_setup_lakehouse_infrastructure, task_id=deploy_schemas_and_tables, run_id=scheduled__2026-01-01T00:00:00+00:00, execution_date=20260101T000000, start_date=20260807T023831, end_date=20260807T023837
[2026-08-07T02:38:37.070+0000] {local_task_job_runner.py:266} INFO - Task exited with return code 0
[2026-08-07T02:38:37.090+0000] {taskinstance.py:3900} INFO - 0 downstream tasks scheduled from follow-on schedule check
[2026-08-07T02:38:37.095+0000] {local_task_job_runner.py:245} INFO - ::endgroup::
[2026-08-07T02:57:51.513+0000] {local_task_job_runner.py:123} INFO - ::group::Pre task execution logs
[2026-08-07T02:57:51.545+0000] {taskinstance.py:2612} INFO - Dependencies all met for dep_context=non-requeueable deps ti=<TaskInstance: logistics_setup_lakehouse_infrastructure.deploy_schemas_and_tables scheduled__2026-01-01T00:00:00+00:00 [queued]>
[2026-08-07T02:57:51.558+0000] {taskinstance.py:2612} INFO - Dependencies all met for dep_context=requeueable deps ti=<TaskInstance: logistics_setup_lakehouse_infrastructure.deploy_schemas_and_tables scheduled__2026-01-01T00:00:00+00:00 [queued]>
[2026-08-07T02:57:51.560+0000] {taskinstance.py:2865} INFO - Starting attempt 1 of 1
[2026-08-07T02:57:51.575+0000] {taskinstance.py:2888} INFO - Executing <Task(_PythonDecoratedOperator): deploy_schemas_and_tables> on 2026-01-01 00:00:00+00:00
[2026-08-07T02:57:51.582+0000] {standard_task_runner.py:72} INFO - Started process 430 to run task
[2026-08-07T02:57:51.587+0000] {standard_task_runner.py:104} INFO - Running: ['airflow', 'tasks', 'run', 'logistics_setup_lakehouse_infrastructure', 'deploy_schemas_and_tables', 'scheduled__2026-01-01T00:00:00+00:00', '--job-id', '4', '--raw', '--subdir', 'DAGS_FOLDER/logistics_setup_infrastructure.py', '--cfg-path', '/tmp/tmpc9vm6y5q']
[2026-08-07T02:57:51.591+0000] {standard_task_runner.py:105} INFO - Job 4: Subtask deploy_schemas_and_tables
[2026-08-07T02:57:51.684+0000] {task_command.py:467} INFO - Running <TaskInstance: logistics_setup_lakehouse_infrastructure.deploy_schemas_and_tables scheduled__2026-01-01T00:00:00+00:00 [running]> on host 11b57f220b99
[2026-08-07T02:57:51.925+0000] {taskinstance.py:3131} INFO - Exporting env vars: AIRFLOW_CTX_DAG_OWNER='airflow' AIRFLOW_CTX_DAG_ID='logistics_setup_lakehouse_infrastructure' AIRFLOW_CTX_TASK_ID='deploy_schemas_and_tables' AIRFLOW_CTX_EXECUTION_DATE='2026-01-01T00:00:00+00:00' AIRFLOW_CTX_TRY_NUMBER='1' AIRFLOW_CTX_DAG_RUN_ID='scheduled__2026-01-01T00:00:00+00:00'
[2026-08-07T02:57:51.927+0000] {taskinstance.py:731} INFO - ::endgroup::
[2026-08-07T02:57:51.933+0000] {logistics_setup_infrastructure.py:58} INFO - ⏭️ BỎ QUA TẦNG LANDING: Không cần tạo bảng Trino cho file raw JSON.
[2026-08-07T02:57:51.935+0000] {logistics_setup_infrastructure.py:64} INFO - === ĐANG DEPLOY TẦNG: BRONZE_LAYER ===
[2026-08-07T02:57:51.936+0000] {base.py:84} INFO - Retrieving connection 'trino_default'
[2026-08-07T02:57:51.938+0000] {base.py:84} INFO - Retrieving connection 'trino_default'
[2026-08-07T02:57:51.944+0000] {sql.py:509} INFO - Running statement: CREATE SCHEMA IF NOT EXISTS lakehouse.bronze, parameters: None
[2026-08-07T02:57:53.361+0000] {base.py:84} INFO - Retrieving connection 'trino_default'
[2026-08-07T02:57:53.362+0000] {base.py:84} INFO - Retrieving connection 'trino_default'
[2026-08-07T02:57:53.364+0000] {sql.py:509} INFO - Running statement: 
                CREATE TABLE IF NOT EXISTS lakehouse.bronze.raw_orders (
                    _db_id INTEGER,
    _id VARCHAR,
    status VARCHAR,
    sub_status VARCHAR,
    service_id VARCHAR,
    city_id VARCHAR,
    requests VARCHAR,
    user_id VARCHAR,
    user_name VARCHAR,
    supplier_id VARCHAR,
    supplier_name VARCHAR,
    partner VARCHAR,
    create_time DOUBLE,
    order_time DOUBLE,
    idle_until DOUBLE,
    accept_time DOUBLE,
    accept_lat DOUBLE,
    accept_lng DOUBLE,
    accept_distance DOUBLE,
    accept_duration DOUBLE,
    board_time DOUBLE,
    pickup_time DOUBLE,
    cancel_time DOUBLE,
    complete_time DOUBLE,
    return_time DOUBLE,
    cancel_comment VARCHAR,
    cancel_by_user VARCHAR,
    currency VARCHAR,
    promo_code VARCHAR,
    payment_method VARCHAR,
    distance DOUBLE,
    distance_fee DOUBLE,
    stop_fee DOUBLE,
    request_fee DOUBLE,
    discount DOUBLE,
    total_fee DOUBLE,
    distance_price DOUBLE,
    special_request_price DOUBLE,
    stoppoint_price DOUBLE,
    voucher_discount DOUBLE,
    subtotal_price DOUBLE,
    total_price DOUBLE,
    user_main_account DOUBLE,
    user_bonus_account DOUBLE,
    total_pay DOUBLE,
    supplier_main_account DOUBLE,
    supplier_bonus_account DOUBLE,
    rating_by_user INTEGER,
    comment_by_user VARCHAR,
    rating_by_supplier INTEGER,
    comment_by_supplier VARCHAR,
    path VARCHAR,
    remarks VARCHAR,
    remind BOOLEAN,
    assigned_by VARCHAR,
    index INTEGER,
    from_location VARCHAR,
    _rescued_data VARCHAR,
    _ingest_time TIMESTAMP(6) WITH TIME ZONE,
    _run_id VARCHAR,
    _source_system VARCHAR
                )
                
WITH (
    format = 'PARQUET',
    partitioning = ARRAY['day(_ingest_time)']
), parameters: None
[2026-08-07T02:57:55.653+0000] {logistics_setup_infrastructure.py:101} INFO - Đang kiểm tra Schema Drift cho bảng lakehouse.bronze.raw_orders...
[2026-08-07T02:57:55.655+0000] {base.py:84} INFO - Retrieving connection 'trino_default'
[2026-08-07T02:57:55.656+0000] {base.py:84} INFO - Retrieving connection 'trino_default'
[2026-08-07T02:57:55.658+0000] {sql.py:509} INFO - Running statement: SELECT column_name 
                    FROM lakehouse.information_schema.columns 
                    WHERE table_schema = 'bronze' AND table_name = 'raw_orders', parameters: None
[2026-08-07T02:57:56.491+0000] {logistics_setup_infrastructure.py:64} INFO - === ĐANG DEPLOY TẦNG: SILVER_LAYER ===
[2026-08-07T02:57:56.494+0000] {base.py:84} INFO - Retrieving connection 'trino_default'
[2026-08-07T02:57:56.497+0000] {base.py:84} INFO - Retrieving connection 'trino_default'
[2026-08-07T02:57:56.499+0000] {sql.py:509} INFO - Running statement: CREATE SCHEMA IF NOT EXISTS lakehouse.silver, parameters: None
[2026-08-07T02:57:56.548+0000] {logistics_setup_infrastructure.py:64} INFO - === ĐANG DEPLOY TẦNG: GOLD_LAYER ===
[2026-08-07T02:57:56.551+0000] {base.py:84} INFO - Retrieving connection 'trino_default'
[2026-08-07T02:57:56.553+0000] {base.py:84} INFO - Retrieving connection 'trino_default'
[2026-08-07T02:57:56.554+0000] {sql.py:509} INFO - Running statement: CREATE SCHEMA IF NOT EXISTS lakehouse.gold, parameters: None
[2026-08-07T02:57:56.613+0000] {python.py:240} INFO - Done. Returned value was: None
[2026-08-07T02:57:56.627+0000] {taskinstance.py:340} INFO - ::group::Post task execution logs
[2026-08-07T02:57:56.629+0000] {taskinstance.py:352} INFO - Marking task as SUCCESS. dag_id=logistics_setup_lakehouse_infrastructure, task_id=deploy_schemas_and_tables, run_id=scheduled__2026-01-01T00:00:00+00:00, execution_date=20260101T000000, start_date=20260807T025751, end_date=20260807T025756
[2026-08-07T02:57:56.670+0000] {local_task_job_runner.py:266} INFO - Task exited with return code 0
[2026-08-07T02:57:56.697+0000] {taskinstance.py:3900} INFO - 0 downstream tasks scheduled from follow-on schedule check
[2026-08-07T02:57:56.700+0000] {local_task_job_runner.py:245} INFO - ::endgroup::
[2026-08-07T10:58:48.345+0000] {local_task_job_runner.py:123} INFO - ::group::Pre task execution logs
[2026-08-07T10:58:48.372+0000] {taskinstance.py:2612} INFO - Dependencies all met for dep_context=non-requeueable deps ti=<TaskInstance: logistics_setup_lakehouse_infrastructure.deploy_schemas_and_tables scheduled__2026-01-01T00:00:00+00:00 [queued]>
[2026-08-07T10:58:48.382+0000] {taskinstance.py:2612} INFO - Dependencies all met for dep_context=requeueable deps ti=<TaskInstance: logistics_setup_lakehouse_infrastructure.deploy_schemas_and_tables scheduled__2026-01-01T00:00:00+00:00 [queued]>
[2026-08-07T10:58:48.384+0000] {taskinstance.py:2865} INFO - Starting attempt 1 of 1
[2026-08-07T10:58:48.397+0000] {taskinstance.py:2888} INFO - Executing <Task(_PythonDecoratedOperator): deploy_schemas_and_tables> on 2026-01-01 00:00:00+00:00
[2026-08-07T10:58:48.403+0000] {standard_task_runner.py:72} INFO - Started process 948 to run task
[2026-08-07T10:58:48.406+0000] {standard_task_runner.py:104} INFO - Running: ['airflow', 'tasks', 'run', 'logistics_setup_lakehouse_infrastructure', 'deploy_schemas_and_tables', 'scheduled__2026-01-01T00:00:00+00:00', '--job-id', '4', '--raw', '--subdir', 'DAGS_FOLDER/logistics_setup_infrastructure.py', '--cfg-path', '/tmp/tmp1e5n61e3']
[2026-08-07T10:58:48.409+0000] {standard_task_runner.py:105} INFO - Job 4: Subtask deploy_schemas_and_tables
[2026-08-07T10:58:48.488+0000] {task_command.py:467} INFO - Running <TaskInstance: logistics_setup_lakehouse_infrastructure.deploy_schemas_and_tables scheduled__2026-01-01T00:00:00+00:00 [running]> on host f818ddc4b865
[2026-08-07T10:58:48.782+0000] {taskinstance.py:3131} INFO - Exporting env vars: AIRFLOW_CTX_DAG_OWNER='airflow' AIRFLOW_CTX_DAG_ID='logistics_setup_lakehouse_infrastructure' AIRFLOW_CTX_TASK_ID='deploy_schemas_and_tables' AIRFLOW_CTX_EXECUTION_DATE='2026-01-01T00:00:00+00:00' AIRFLOW_CTX_TRY_NUMBER='1' AIRFLOW_CTX_DAG_RUN_ID='scheduled__2026-01-01T00:00:00+00:00'
[2026-08-07T10:58:48.785+0000] {taskinstance.py:731} INFO - ::endgroup::
[2026-08-07T10:58:48.794+0000] {logistics_setup_infrastructure.py:58} INFO - ⏭️ BỎ QUA TẦNG LANDING: Không cần tạo bảng Trino cho file raw JSON.
[2026-08-07T10:58:48.796+0000] {logistics_setup_infrastructure.py:64} INFO - === ĐANG DEPLOY TẦNG: BRONZE_LAYER ===
[2026-08-07T10:58:48.798+0000] {base.py:84} INFO - Retrieving connection 'trino_default'
[2026-08-07T10:58:48.800+0000] {base.py:84} INFO - Retrieving connection 'trino_default'
[2026-08-07T10:58:48.809+0000] {sql.py:509} INFO - Running statement: CREATE SCHEMA IF NOT EXISTS lakehouse.bronze, parameters: None
[2026-08-07T10:58:50.748+0000] {base.py:84} INFO - Retrieving connection 'trino_default'
[2026-08-07T10:58:50.753+0000] {base.py:84} INFO - Retrieving connection 'trino_default'
[2026-08-07T10:58:50.756+0000] {sql.py:509} INFO - Running statement: 
                CREATE TABLE IF NOT EXISTS lakehouse.bronze.raw_orders (
                    _db_id INTEGER,
    _id VARCHAR,
    status VARCHAR,
    sub_status VARCHAR,
    service_id VARCHAR,
    city_id VARCHAR,
    requests VARCHAR,
    user_id VARCHAR,
    user_name VARCHAR,
    supplier_id VARCHAR,
    supplier_name VARCHAR,
    partner VARCHAR,
    create_time DOUBLE,
    order_time DOUBLE,
    idle_until DOUBLE,
    accept_time DOUBLE,
    accept_lat DOUBLE,
    accept_lng DOUBLE,
    accept_distance DOUBLE,
    accept_duration DOUBLE,
    board_time DOUBLE,
    pickup_time DOUBLE,
    cancel_time DOUBLE,
    complete_time DOUBLE,
    return_time DOUBLE,
    cancel_comment VARCHAR,
    cancel_by_user VARCHAR,
    currency VARCHAR,
    promo_code VARCHAR,
    payment_method VARCHAR,
    distance DOUBLE,
    distance_fee DOUBLE,
    stop_fee DOUBLE,
    request_fee DOUBLE,
    discount DOUBLE,
    total_fee DOUBLE,
    distance_price DOUBLE,
    special_request_price DOUBLE,
    stoppoint_price DOUBLE,
    voucher_discount DOUBLE,
    subtotal_price DOUBLE,
    total_price DOUBLE,
    user_main_account DOUBLE,
    user_bonus_account DOUBLE,
    total_pay DOUBLE,
    supplier_main_account DOUBLE,
    supplier_bonus_account DOUBLE,
    rating_by_user INTEGER,
    comment_by_user VARCHAR,
    rating_by_supplier INTEGER,
    comment_by_supplier VARCHAR,
    path VARCHAR,
    remarks VARCHAR,
    remind BOOLEAN,
    assigned_by VARCHAR,
    index INTEGER,
    from_location VARCHAR,
    _rescued_data VARCHAR,
    _ingest_time TIMESTAMP(6) WITH TIME ZONE,
    _run_id VARCHAR,
    _source_system VARCHAR
                )
                
WITH (
    format = 'PARQUET',
    partitioning = ARRAY['day(_ingest_time)']
), parameters: None
[2026-08-07T10:58:53.611+0000] {logistics_setup_infrastructure.py:101} INFO - Đang kiểm tra Schema Drift cho bảng lakehouse.bronze.raw_orders...
[2026-08-07T10:58:53.613+0000] {base.py:84} INFO - Retrieving connection 'trino_default'
[2026-08-07T10:58:53.615+0000] {base.py:84} INFO - Retrieving connection 'trino_default'
[2026-08-07T10:58:53.617+0000] {sql.py:509} INFO - Running statement: SELECT column_name 
                    FROM lakehouse.information_schema.columns 
                    WHERE table_schema = 'bronze' AND table_name = 'raw_orders', parameters: None
[2026-08-07T10:58:54.394+0000] {logistics_setup_infrastructure.py:64} INFO - === ĐANG DEPLOY TẦNG: SILVER_LAYER ===
[2026-08-07T10:58:54.396+0000] {base.py:84} INFO - Retrieving connection 'trino_default'
[2026-08-07T10:58:54.398+0000] {base.py:84} INFO - Retrieving connection 'trino_default'
[2026-08-07T10:58:54.399+0000] {sql.py:509} INFO - Running statement: CREATE SCHEMA IF NOT EXISTS lakehouse.silver, parameters: None
[2026-08-07T10:58:54.449+0000] {logistics_setup_infrastructure.py:64} INFO - === ĐANG DEPLOY TẦNG: GOLD_LAYER ===
[2026-08-07T10:58:54.450+0000] {base.py:84} INFO - Retrieving connection 'trino_default'
[2026-08-07T10:58:54.452+0000] {base.py:84} INFO - Retrieving connection 'trino_default'
[2026-08-07T10:58:54.453+0000] {sql.py:509} INFO - Running statement: CREATE SCHEMA IF NOT EXISTS lakehouse.gold, parameters: None
[2026-08-07T10:58:54.496+0000] {python.py:240} INFO - Done. Returned value was: None
[2026-08-07T10:58:54.508+0000] {taskinstance.py:340} INFO - ::group::Post task execution logs
[2026-08-07T10:58:54.510+0000] {taskinstance.py:352} INFO - Marking task as SUCCESS. dag_id=logistics_setup_lakehouse_infrastructure, task_id=deploy_schemas_and_tables, run_id=scheduled__2026-01-01T00:00:00+00:00, execution_date=20260101T000000, start_date=20260807T105848, end_date=20260807T105854
[2026-08-07T10:58:54.550+0000] {local_task_job_runner.py:266} INFO - Task exited with return code 0
[2026-08-07T10:58:54.567+0000] {taskinstance.py:3900} INFO - 0 downstream tasks scheduled from follow-on schedule check
[2026-08-07T10:58:54.570+0000] {local_task_job_runner.py:245} INFO - ::endgroup::
[2026-08-11T09:11:14.775+0000] {local_task_job_runner.py:123} INFO - ::group::Pre task execution logs
[2026-08-11T09:11:14.844+0000] {taskinstance.py:2612} INFO - Dependencies all met for dep_context=non-requeueable deps ti=<TaskInstance: logistics_setup_lakehouse_infrastructure.deploy_schemas_and_tables scheduled__2026-01-01T00:00:00+00:00 [queued]>
[2026-08-11T09:11:14.879+0000] {taskinstance.py:2612} INFO - Dependencies all met for dep_context=requeueable deps ti=<TaskInstance: logistics_setup_lakehouse_infrastructure.deploy_schemas_and_tables scheduled__2026-01-01T00:00:00+00:00 [queued]>
[2026-08-11T09:11:14.883+0000] {taskinstance.py:2865} INFO - Starting attempt 1 of 1
[2026-08-11T09:11:14.922+0000] {taskinstance.py:2888} INFO - Executing <Task(_PythonDecoratedOperator): deploy_schemas_and_tables> on 2026-01-01 00:00:00+00:00
[2026-08-11T09:11:14.944+0000] {standard_task_runner.py:72} INFO - Started process 823 to run task
[2026-08-11T09:11:14.954+0000] {standard_task_runner.py:104} INFO - Running: ['airflow', 'tasks', 'run', 'logistics_setup_lakehouse_infrastructure', 'deploy_schemas_and_tables', 'scheduled__2026-01-01T00:00:00+00:00', '--job-id', '6', '--raw', '--subdir', 'DAGS_FOLDER/logistics_setup_infrastructure.py', '--cfg-path', '/tmp/tmpxn46eqz5']
[2026-08-11T09:11:14.963+0000] {standard_task_runner.py:105} INFO - Job 6: Subtask deploy_schemas_and_tables
[2026-08-11T09:11:15.110+0000] {task_command.py:467} INFO - Running <TaskInstance: logistics_setup_lakehouse_infrastructure.deploy_schemas_and_tables scheduled__2026-01-01T00:00:00+00:00 [running]> on host b92e7356d1ec
[2026-08-11T09:11:15.469+0000] {taskinstance.py:3131} INFO - Exporting env vars: AIRFLOW_CTX_DAG_OWNER='airflow' AIRFLOW_CTX_DAG_ID='logistics_setup_lakehouse_infrastructure' AIRFLOW_CTX_TASK_ID='deploy_schemas_and_tables' AIRFLOW_CTX_EXECUTION_DATE='2026-01-01T00:00:00+00:00' AIRFLOW_CTX_TRY_NUMBER='1' AIRFLOW_CTX_DAG_RUN_ID='scheduled__2026-01-01T00:00:00+00:00'
[2026-08-11T09:11:15.472+0000] {taskinstance.py:731} INFO - ::endgroup::
[2026-08-11T09:11:15.482+0000] {logistics_setup_infrastructure.py:58} INFO - ⏭️ BỎ QUA TẦNG LANDING: Không cần tạo bảng Trino cho file raw JSON.
[2026-08-11T09:11:15.486+0000] {logistics_setup_infrastructure.py:64} INFO - === ĐANG DEPLOY TẦNG: BRONZE_LAYER ===
[2026-08-11T09:11:15.490+0000] {base.py:84} INFO - Retrieving connection 'trino_default'
[2026-08-11T09:11:15.494+0000] {base.py:84} INFO - Retrieving connection 'trino_default'
[2026-08-11T09:11:15.528+0000] {sql.py:509} INFO - Running statement: CREATE SCHEMA IF NOT EXISTS lakehouse.bronze, parameters: None
[2026-08-11T09:11:18.410+0000] {taskinstance.py:3310} ERROR - Task failed with exception
Traceback (most recent call last):
  File "/home/airflow/.local/lib/python3.10/site-packages/airflow/models/taskinstance.py", line 767, in _execute_task
    result = _execute_callable(context=context, **execute_callable_kwargs)
  File "/home/airflow/.local/lib/python3.10/site-packages/airflow/models/taskinstance.py", line 733, in _execute_callable
    return ExecutionCallableRunner(
  File "/home/airflow/.local/lib/python3.10/site-packages/airflow/utils/operator_helpers.py", line 252, in run
    return self.func(*args, **kwargs)
  File "/home/airflow/.local/lib/python3.10/site-packages/airflow/models/baseoperator.py", line 406, in wrapper
    return func(self, *args, **kwargs)
  File "/home/airflow/.local/lib/python3.10/site-packages/airflow/decorators/base.py", line 266, in execute
    return_value = super().execute(context)
  File "/home/airflow/.local/lib/python3.10/site-packages/airflow/models/baseoperator.py", line 406, in wrapper
    return func(self, *args, **kwargs)
  File "/home/airflow/.local/lib/python3.10/site-packages/airflow/operators/python.py", line 238, in execute
    return_value = self.execute_callable()
  File "/home/airflow/.local/lib/python3.10/site-packages/airflow/operators/python.py", line 256, in execute_callable
    return runner.run(*self.op_args, **self.op_kwargs)
  File "/home/airflow/.local/lib/python3.10/site-packages/airflow/utils/operator_helpers.py", line 252, in run
    return self.func(*args, **kwargs)
  File "/opt/airflow/dags/logistics_setup_infrastructure.py", line 67, in deploy_schemas_and_tables
    trino_hook.run(f"CREATE SCHEMA IF NOT EXISTS {catalog}.{schema}")
  File "/home/airflow/.local/lib/python3.10/site-packages/airflow/providers/common/sql/hooks/sql.py", line 456, in run
    self._run_command(cur, sql_statement, parameters)
  File "/home/airflow/.local/lib/python3.10/site-packages/airflow/providers/common/sql/hooks/sql.py", line 514, in _run_command
    cur.execute(sql_statement)
  File "/home/airflow/.local/lib/python3.10/site-packages/trino/dbapi.py", line 589, in execute
    self._iterator = iter(self._query.execute())
  File "/home/airflow/.local/lib/python3.10/site-packages/trino/client.py", line 819, in execute
    self._result.rows += self.fetch()
  File "/home/airflow/.local/lib/python3.10/site-packages/trino/client.py", line 839, in fetch
    status = self._request.process(response)
  File "/home/airflow/.local/lib/python3.10/site-packages/trino/client.py", line 611, in process
    raise self._process_error(response["error"], response.get("id"))
trino.exceptions.TrinoQueryError: TrinoQueryError(type=INTERNAL_ERROR, name=GENERIC_INTERNAL_ERROR, message="Key 'bronze' already exists.", query_id=20260811_091115_00005_pbunt)
[2026-08-11T09:11:18.462+0000] {taskinstance.py:1225} INFO - Marking task as FAILED. dag_id=logistics_setup_lakehouse_infrastructure, task_id=deploy_schemas_and_tables, run_id=scheduled__2026-01-01T00:00:00+00:00, execution_date=20260101T000000, start_date=20260811T091114, end_date=20260811T091118
[2026-08-11T09:11:18.501+0000] {taskinstance.py:340} INFO - ::group::Post task execution logs
[2026-08-11T09:11:18.504+0000] {standard_task_runner.py:124} ERROR - Failed to execute job 6 for task deploy_schemas_and_tables (TrinoQueryError(type=INTERNAL_ERROR, name=GENERIC_INTERNAL_ERROR, message="Key 'bronze' already exists.", query_id=20260811_091115_00005_pbunt); 823)
Traceback (most recent call last):
  File "/home/airflow/.local/lib/python3.10/site-packages/airflow/task/task_runner/standard_task_runner.py", line 117, in _start_by_fork
    ret = args.func(args, dag=self.dag)
  File "/home/airflow/.local/lib/python3.10/site-packages/airflow/cli/cli_config.py", line 49, in command
    return func(*args, **kwargs)
  File "/home/airflow/.local/lib/python3.10/site-packages/airflow/utils/cli.py", line 115, in wrapper
    return f(*args, **kwargs)
  File "/home/airflow/.local/lib/python3.10/site-packages/airflow/cli/commands/task_command.py", line 483, in task_run
    task_return_code = _run_task_by_selected_method(args, _dag, ti)
  File "/home/airflow/.local/lib/python3.10/site-packages/airflow/cli/commands/task_command.py", line 256, in _run_task_by_selected_method
    return _run_raw_task(args, ti)
  File "/home/airflow/.local/lib/python3.10/site-packages/airflow/cli/commands/task_command.py", line 341, in _run_raw_task
    return ti._run_raw_task(
  File "/home/airflow/.local/lib/python3.10/site-packages/airflow/utils/session.py", line 97, in wrapper
    return func(*args, session=session, **kwargs)
  File "/home/airflow/.local/lib/python3.10/site-packages/airflow/models/taskinstance.py", line 3004, in _run_raw_task
    return _run_raw_task(
  File "/home/airflow/.local/lib/python3.10/site-packages/airflow/models/taskinstance.py", line 273, in _run_raw_task
    TaskInstance._execute_task_with_callbacks(
  File "/home/airflow/.local/lib/python3.10/site-packages/airflow/models/taskinstance.py", line 3158, in _execute_task_with_callbacks
    result = self._execute_task(context, task_orig)
  File "/home/airflow/.local/lib/python3.10/site-packages/airflow/models/taskinstance.py", line 3182, in _execute_task
    return _execute_task(self, context, task_orig)
  File "/home/airflow/.local/lib/python3.10/site-packages/airflow/models/taskinstance.py", line 767, in _execute_task
    result = _execute_callable(context=context, **execute_callable_kwargs)
  File "/home/airflow/.local/lib/python3.10/site-packages/airflow/models/taskinstance.py", line 733, in _execute_callable
    return ExecutionCallableRunner(
  File "/home/airflow/.local/lib/python3.10/site-packages/airflow/utils/operator_helpers.py", line 252, in run
    return self.func(*args, **kwargs)
  File "/home/airflow/.local/lib/python3.10/site-packages/airflow/models/baseoperator.py", line 406, in wrapper
    return func(self, *args, **kwargs)
  File "/home/airflow/.local/lib/python3.10/site-packages/airflow/decorators/base.py", line 266, in execute
    return_value = super().execute(context)
  File "/home/airflow/.local/lib/python3.10/site-packages/airflow/models/baseoperator.py", line 406, in wrapper
    return func(self, *args, **kwargs)
  File "/home/airflow/.local/lib/python3.10/site-packages/airflow/operators/python.py", line 238, in execute
    return_value = self.execute_callable()
  File "/home/airflow/.local/lib/python3.10/site-packages/airflow/operators/python.py", line 256, in execute_callable
    return runner.run(*self.op_args, **self.op_kwargs)
  File "/home/airflow/.local/lib/python3.10/site-packages/airflow/utils/operator_helpers.py", line 252, in run
    return self.func(*args, **kwargs)
  File "/opt/airflow/dags/logistics_setup_infrastructure.py", line 67, in deploy_schemas_and_tables
    trino_hook.run(f"CREATE SCHEMA IF NOT EXISTS {catalog}.{schema}")
  File "/home/airflow/.local/lib/python3.10/site-packages/airflow/providers/common/sql/hooks/sql.py", line 456, in run
    self._run_command(cur, sql_statement, parameters)
  File "/home/airflow/.local/lib/python3.10/site-packages/airflow/providers/common/sql/hooks/sql.py", line 514, in _run_command
    cur.execute(sql_statement)
  File "/home/airflow/.local/lib/python3.10/site-packages/trino/dbapi.py", line 589, in execute
    self._iterator = iter(self._query.execute())
  File "/home/airflow/.local/lib/python3.10/site-packages/trino/client.py", line 819, in execute
    self._result.rows += self.fetch()
  File "/home/airflow/.local/lib/python3.10/site-packages/trino/client.py", line 839, in fetch
    status = self._request.process(response)
  File "/home/airflow/.local/lib/python3.10/site-packages/trino/client.py", line 611, in process
    raise self._process_error(response["error"], response.get("id"))
trino.exceptions.TrinoQueryError: TrinoQueryError(type=INTERNAL_ERROR, name=GENERIC_INTERNAL_ERROR, message="Key 'bronze' already exists.", query_id=20260811_091115_00005_pbunt)
[2026-08-11T09:11:18.555+0000] {local_task_job_runner.py:266} INFO - Task exited with return code 1
[2026-08-11T09:11:18.608+0000] {taskinstance.py:3900} INFO - 0 downstream tasks scheduled from follow-on schedule check
[2026-08-11T09:11:18.614+0000] {local_task_job_runner.py:245} INFO - ::endgroup::
