[2026-08-14T00:06:43.844+0000] {processor.py:186} INFO - Started process (PID=168) to work on /opt/airflow/dags/logistics_incremental_load.py
[2026-08-14T00:06:43.847+0000] {processor.py:914} INFO - Processing file /opt/airflow/dags/logistics_incremental_load.py for tasks to queue
[2026-08-14T00:06:43.851+0000] {logging_mixin.py:190} INFO - [2026-08-14T00:06:43.851+0000] {dagbag.py:588} INFO - Filling up the DagBag from /opt/airflow/dags/logistics_incremental_load.py
[2026-08-14T00:06:45.047+0000] {processor.py:925} INFO - DAG(s) 'logistics_orders_incremental_load' retrieved from /opt/airflow/dags/logistics_incremental_load.py
[2026-08-14T00:06:45.100+0000] {logging_mixin.py:190} INFO - [2026-08-14T00:06:45.099+0000] {dag.py:3239} INFO - Sync 1 DAGs
[2026-08-14T00:06:45.141+0000] {logging_mixin.py:190} INFO - [2026-08-14T00:06:45.141+0000] {dag.py:4180} INFO - Setting next_dagrun for logistics_orders_incremental_load to 2026-08-13 00:00:00+00:00, run_after=2026-08-14 00:00:00+00:00
[2026-08-14T00:06:45.215+0000] {processor.py:208} INFO - Processing /opt/airflow/dags/logistics_incremental_load.py took 1.388 seconds
[2026-08-14T00:07:16.351+0000] {processor.py:186} INFO - Started process (PID=262) to work on /opt/airflow/dags/logistics_incremental_load.py
[2026-08-14T00:07:16.352+0000] {processor.py:914} INFO - Processing file /opt/airflow/dags/logistics_incremental_load.py for tasks to queue
[2026-08-14T00:07:16.354+0000] {logging_mixin.py:190} INFO - [2026-08-14T00:07:16.354+0000] {dagbag.py:588} INFO - Filling up the DagBag from /opt/airflow/dags/logistics_incremental_load.py
[2026-08-14T00:07:16.619+0000] {processor.py:925} INFO - DAG(s) 'logistics_orders_incremental_load' retrieved from /opt/airflow/dags/logistics_incremental_load.py
[2026-08-14T00:07:16.649+0000] {logging_mixin.py:190} INFO - [2026-08-14T00:07:16.649+0000] {dag.py:3239} INFO - Sync 1 DAGs
[2026-08-14T00:07:16.680+0000] {logging_mixin.py:190} INFO - [2026-08-14T00:07:16.679+0000] {dag.py:4180} INFO - Setting next_dagrun for logistics_orders_incremental_load to 2026-08-13 00:00:00+00:00, run_after=2026-08-14 00:00:00+00:00
[2026-08-14T00:07:16.701+0000] {processor.py:208} INFO - Processing /opt/airflow/dags/logistics_incremental_load.py took 0.355 seconds
[2026-08-14T00:07:46.788+0000] {processor.py:186} INFO - Started process (PID=345) to work on /opt/airflow/dags/logistics_incremental_load.py
[2026-08-14T00:07:46.790+0000] {processor.py:914} INFO - Processing file /opt/airflow/dags/logistics_incremental_load.py for tasks to queue
[2026-08-14T00:07:46.791+0000] {logging_mixin.py:190} INFO - [2026-08-14T00:07:46.791+0000] {dagbag.py:588} INFO - Filling up the DagBag from /opt/airflow/dags/logistics_incremental_load.py
[2026-08-14T00:07:47.082+0000] {processor.py:925} INFO - DAG(s) 'logistics_orders_incremental_load' retrieved from /opt/airflow/dags/logistics_incremental_load.py
[2026-08-14T00:07:47.105+0000] {logging_mixin.py:190} INFO - [2026-08-14T00:07:47.105+0000] {dag.py:3239} INFO - Sync 1 DAGs
[2026-08-14T00:07:47.128+0000] {logging_mixin.py:190} INFO - [2026-08-14T00:07:47.128+0000] {dag.py:4180} INFO - Setting next_dagrun for logistics_orders_incremental_load to 2026-08-13 00:00:00+00:00, run_after=2026-08-14 00:00:00+00:00
[2026-08-14T00:07:47.150+0000] {processor.py:208} INFO - Processing /opt/airflow/dags/logistics_incremental_load.py took 0.368 seconds
[2026-08-14T00:08:17.996+0000] {processor.py:186} INFO - Started process (PID=438) to work on /opt/airflow/dags/logistics_incremental_load.py
[2026-08-14T00:08:17.998+0000] {processor.py:914} INFO - Processing file /opt/airflow/dags/logistics_incremental_load.py for tasks to queue
[2026-08-14T00:08:18.004+0000] {logging_mixin.py:190} INFO - [2026-08-14T00:08:18.003+0000] {dagbag.py:588} INFO - Filling up the DagBag from /opt/airflow/dags/logistics_incremental_load.py
[2026-08-14T00:08:18.477+0000] {processor.py:925} INFO - DAG(s) 'logistics_orders_incremental_load' retrieved from /opt/airflow/dags/logistics_incremental_load.py
[2026-08-14T00:08:18.530+0000] {logging_mixin.py:190} INFO - [2026-08-14T00:08:18.530+0000] {dag.py:3239} INFO - Sync 1 DAGs
[2026-08-14T00:08:18.588+0000] {logging_mixin.py:190} INFO - [2026-08-14T00:08:18.587+0000] {dag.py:4180} INFO - Setting next_dagrun for logistics_orders_incremental_load to 2026-08-13 00:00:00+00:00, run_after=2026-08-14 00:00:00+00:00
[2026-08-14T00:08:18.631+0000] {processor.py:208} INFO - Processing /opt/airflow/dags/logistics_incremental_load.py took 0.645 seconds
[2026-08-14T00:08:49.237+0000] {processor.py:186} INFO - Started process (PID=529) to work on /opt/airflow/dags/logistics_incremental_load.py
[2026-08-14T00:08:49.239+0000] {processor.py:914} INFO - Processing file /opt/airflow/dags/logistics_incremental_load.py for tasks to queue
[2026-08-14T00:08:49.241+0000] {logging_mixin.py:190} INFO - [2026-08-14T00:08:49.241+0000] {dagbag.py:588} INFO - Filling up the DagBag from /opt/airflow/dags/logistics_incremental_load.py
[2026-08-14T00:08:49.581+0000] {processor.py:925} INFO - DAG(s) 'logistics_orders_incremental_load' retrieved from /opt/airflow/dags/logistics_incremental_load.py
[2026-08-14T00:08:49.616+0000] {logging_mixin.py:190} INFO - [2026-08-14T00:08:49.616+0000] {dag.py:3239} INFO - Sync 1 DAGs
[2026-08-14T00:08:49.649+0000] {logging_mixin.py:190} INFO - [2026-08-14T00:08:49.649+0000] {dag.py:4180} INFO - Setting next_dagrun for logistics_orders_incremental_load to 2026-08-13 00:00:00+00:00, run_after=2026-08-14 00:00:00+00:00
[2026-08-14T00:08:49.697+0000] {processor.py:208} INFO - Processing /opt/airflow/dags/logistics_incremental_load.py took 0.465 seconds
[2026-08-14T00:09:20.053+0000] {processor.py:186} INFO - Started process (PID=607) to work on /opt/airflow/dags/logistics_incremental_load.py
[2026-08-14T00:09:20.054+0000] {processor.py:914} INFO - Processing file /opt/airflow/dags/logistics_incremental_load.py for tasks to queue
[2026-08-14T00:09:20.056+0000] {logging_mixin.py:190} INFO - [2026-08-14T00:09:20.055+0000] {dagbag.py:588} INFO - Filling up the DagBag from /opt/airflow/dags/logistics_incremental_load.py
[2026-08-14T00:09:20.336+0000] {processor.py:925} INFO - DAG(s) 'logistics_orders_incremental_load' retrieved from /opt/airflow/dags/logistics_incremental_load.py
[2026-08-14T00:09:20.361+0000] {logging_mixin.py:190} INFO - [2026-08-14T00:09:20.361+0000] {dag.py:3239} INFO - Sync 1 DAGs
[2026-08-14T00:09:20.386+0000] {logging_mixin.py:190} INFO - [2026-08-14T00:09:20.385+0000] {dag.py:4180} INFO - Setting next_dagrun for logistics_orders_incremental_load to 2026-08-13 00:00:00+00:00, run_after=2026-08-14 00:00:00+00:00
[2026-08-14T00:09:20.407+0000] {processor.py:208} INFO - Processing /opt/airflow/dags/logistics_incremental_load.py took 0.359 seconds
[2026-08-14T00:50:59.791+0000] {processor.py:186} INFO - Started process (PID=168) to work on /opt/airflow/dags/logistics_incremental_load.py
[2026-08-14T00:50:59.793+0000] {processor.py:914} INFO - Processing file /opt/airflow/dags/logistics_incremental_load.py for tasks to queue
[2026-08-14T00:50:59.797+0000] {logging_mixin.py:190} INFO - [2026-08-14T00:50:59.797+0000] {dagbag.py:588} INFO - Filling up the DagBag from /opt/airflow/dags/logistics_incremental_load.py
[2026-08-14T00:51:00.870+0000] {processor.py:925} INFO - DAG(s) 'logistics_orders_incremental_load' retrieved from /opt/airflow/dags/logistics_incremental_load.py
[2026-08-14T00:51:00.915+0000] {logging_mixin.py:190} INFO - [2026-08-14T00:51:00.915+0000] {dag.py:3239} INFO - Sync 1 DAGs
[2026-08-14T00:51:00.942+0000] {logging_mixin.py:190} INFO - [2026-08-14T00:51:00.942+0000] {dag.py:4180} INFO - Setting next_dagrun for logistics_orders_incremental_load to 2026-08-13 00:00:00+00:00, run_after=2026-08-14 00:00:00+00:00
[2026-08-14T00:51:00.965+0000] {processor.py:208} INFO - Processing /opt/airflow/dags/logistics_incremental_load.py took 1.182 seconds
[2026-08-14T00:51:31.675+0000] {processor.py:186} INFO - Started process (PID=262) to work on /opt/airflow/dags/logistics_incremental_load.py
[2026-08-14T00:51:31.676+0000] {processor.py:914} INFO - Processing file /opt/airflow/dags/logistics_incremental_load.py for tasks to queue
[2026-08-14T00:51:31.681+0000] {logging_mixin.py:190} INFO - [2026-08-14T00:51:31.680+0000] {dagbag.py:588} INFO - Filling up the DagBag from /opt/airflow/dags/logistics_incremental_load.py
[2026-08-14T00:51:32.080+0000] {processor.py:925} INFO - DAG(s) 'logistics_orders_incremental_load' retrieved from /opt/airflow/dags/logistics_incremental_load.py
[2026-08-14T00:51:32.117+0000] {logging_mixin.py:190} INFO - [2026-08-14T00:51:32.117+0000] {dag.py:3239} INFO - Sync 1 DAGs
[2026-08-14T00:51:32.152+0000] {logging_mixin.py:190} INFO - [2026-08-14T00:51:32.152+0000] {dag.py:4180} INFO - Setting next_dagrun for logistics_orders_incremental_load to 2026-08-13 00:00:00+00:00, run_after=2026-08-14 00:00:00+00:00
[2026-08-14T00:51:32.178+0000] {processor.py:208} INFO - Processing /opt/airflow/dags/logistics_incremental_load.py took 0.521 seconds
[2026-08-14T00:52:02.691+0000] {processor.py:186} INFO - Started process (PID=347) to work on /opt/airflow/dags/logistics_incremental_load.py
[2026-08-14T00:52:02.692+0000] {processor.py:914} INFO - Processing file /opt/airflow/dags/logistics_incremental_load.py for tasks to queue
[2026-08-14T00:52:02.695+0000] {logging_mixin.py:190} INFO - [2026-08-14T00:52:02.694+0000] {dagbag.py:588} INFO - Filling up the DagBag from /opt/airflow/dags/logistics_incremental_load.py
[2026-08-14T00:52:03.033+0000] {processor.py:925} INFO - DAG(s) 'logistics_orders_incremental_load' retrieved from /opt/airflow/dags/logistics_incremental_load.py
[2026-08-14T00:52:03.060+0000] {logging_mixin.py:190} INFO - [2026-08-14T00:52:03.060+0000] {dag.py:3239} INFO - Sync 1 DAGs
[2026-08-14T00:52:03.088+0000] {logging_mixin.py:190} INFO - [2026-08-14T00:52:03.088+0000] {dag.py:4180} INFO - Setting next_dagrun for logistics_orders_incremental_load to 2026-08-13 00:00:00+00:00, run_after=2026-08-14 00:00:00+00:00
[2026-08-14T00:52:03.109+0000] {processor.py:208} INFO - Processing /opt/airflow/dags/logistics_incremental_load.py took 0.427 seconds
[2026-08-14T00:52:33.223+0000] {processor.py:186} INFO - Started process (PID=437) to work on /opt/airflow/dags/logistics_incremental_load.py
[2026-08-14T00:52:33.224+0000] {processor.py:914} INFO - Processing file /opt/airflow/dags/logistics_incremental_load.py for tasks to queue
[2026-08-14T00:52:33.227+0000] {logging_mixin.py:190} INFO - [2026-08-14T00:52:33.227+0000] {dagbag.py:588} INFO - Filling up the DagBag from /opt/airflow/dags/logistics_incremental_load.py
[2026-08-14T00:52:33.567+0000] {processor.py:925} INFO - DAG(s) 'logistics_orders_incremental_load' retrieved from /opt/airflow/dags/logistics_incremental_load.py
[2026-08-14T00:52:33.595+0000] {logging_mixin.py:190} INFO - [2026-08-14T00:52:33.595+0000] {dag.py:3239} INFO - Sync 1 DAGs
[2026-08-14T00:52:33.625+0000] {logging_mixin.py:190} INFO - [2026-08-14T00:52:33.625+0000] {dag.py:4180} INFO - Setting next_dagrun for logistics_orders_incremental_load to 2026-08-13 00:00:00+00:00, run_after=2026-08-14 00:00:00+00:00
[2026-08-14T00:52:33.654+0000] {processor.py:208} INFO - Processing /opt/airflow/dags/logistics_incremental_load.py took 0.437 seconds
[2026-08-14T00:53:03.871+0000] {processor.py:186} INFO - Started process (PID=523) to work on /opt/airflow/dags/logistics_incremental_load.py
[2026-08-14T00:53:03.872+0000] {processor.py:914} INFO - Processing file /opt/airflow/dags/logistics_incremental_load.py for tasks to queue
[2026-08-14T00:53:03.875+0000] {logging_mixin.py:190} INFO - [2026-08-14T00:53:03.874+0000] {dagbag.py:588} INFO - Filling up the DagBag from /opt/airflow/dags/logistics_incremental_load.py
[2026-08-14T00:53:04.185+0000] {processor.py:925} INFO - DAG(s) 'logistics_orders_incremental_load' retrieved from /opt/airflow/dags/logistics_incremental_load.py
[2026-08-14T00:53:04.213+0000] {logging_mixin.py:190} INFO - [2026-08-14T00:53:04.213+0000] {dag.py:3239} INFO - Sync 1 DAGs
[2026-08-14T00:53:04.239+0000] {logging_mixin.py:190} INFO - [2026-08-14T00:53:04.238+0000] {dag.py:4180} INFO - Setting next_dagrun for logistics_orders_incremental_load to 2026-08-13 00:00:00+00:00, run_after=2026-08-14 00:00:00+00:00
[2026-08-14T00:53:04.269+0000] {processor.py:208} INFO - Processing /opt/airflow/dags/logistics_incremental_load.py took 0.404 seconds
[2026-08-14T00:53:34.456+0000] {processor.py:186} INFO - Started process (PID=612) to work on /opt/airflow/dags/logistics_incremental_load.py
[2026-08-14T00:53:34.457+0000] {processor.py:914} INFO - Processing file /opt/airflow/dags/logistics_incremental_load.py for tasks to queue
[2026-08-14T00:53:34.459+0000] {logging_mixin.py:190} INFO - [2026-08-14T00:53:34.459+0000] {dagbag.py:588} INFO - Filling up the DagBag from /opt/airflow/dags/logistics_incremental_load.py
[2026-08-14T00:53:34.780+0000] {processor.py:925} INFO - DAG(s) 'logistics_orders_incremental_load' retrieved from /opt/airflow/dags/logistics_incremental_load.py
[2026-08-14T00:53:34.807+0000] {logging_mixin.py:190} INFO - [2026-08-14T00:53:34.807+0000] {dag.py:3239} INFO - Sync 1 DAGs
[2026-08-14T00:53:34.828+0000] {logging_mixin.py:190} INFO - [2026-08-14T00:53:34.828+0000] {dag.py:4180} INFO - Setting next_dagrun for logistics_orders_incremental_load to 2026-08-13 00:00:00+00:00, run_after=2026-08-14 00:00:00+00:00
[2026-08-14T00:53:34.848+0000] {processor.py:208} INFO - Processing /opt/airflow/dags/logistics_incremental_load.py took 0.396 seconds
[2026-08-14T00:54:04.978+0000] {processor.py:186} INFO - Started process (PID=702) to work on /opt/airflow/dags/logistics_incremental_load.py
[2026-08-14T00:54:04.979+0000] {processor.py:914} INFO - Processing file /opt/airflow/dags/logistics_incremental_load.py for tasks to queue
[2026-08-14T00:54:04.981+0000] {logging_mixin.py:190} INFO - [2026-08-14T00:54:04.981+0000] {dagbag.py:588} INFO - Filling up the DagBag from /opt/airflow/dags/logistics_incremental_load.py
[2026-08-14T00:54:05.251+0000] {processor.py:925} INFO - DAG(s) 'logistics_orders_incremental_load' retrieved from /opt/airflow/dags/logistics_incremental_load.py
[2026-08-14T00:54:05.275+0000] {logging_mixin.py:190} INFO - [2026-08-14T00:54:05.275+0000] {dag.py:3239} INFO - Sync 1 DAGs
[2026-08-14T00:54:05.427+0000] {logging_mixin.py:190} INFO - [2026-08-14T00:54:05.427+0000] {dag.py:4180} INFO - Setting next_dagrun for logistics_orders_incremental_load to 2026-08-13 00:00:00+00:00, run_after=2026-08-14 00:00:00+00:00
[2026-08-14T00:54:05.449+0000] {processor.py:208} INFO - Processing /opt/airflow/dags/logistics_incremental_load.py took 0.477 seconds
[2026-08-14T00:54:36.253+0000] {processor.py:186} INFO - Started process (PID=788) to work on /opt/airflow/dags/logistics_incremental_load.py
[2026-08-14T00:54:36.255+0000] {processor.py:914} INFO - Processing file /opt/airflow/dags/logistics_incremental_load.py for tasks to queue
[2026-08-14T00:54:36.257+0000] {logging_mixin.py:190} INFO - [2026-08-14T00:54:36.257+0000] {dagbag.py:588} INFO - Filling up the DagBag from /opt/airflow/dags/logistics_incremental_load.py
[2026-08-14T00:54:36.553+0000] {processor.py:925} INFO - DAG(s) 'logistics_orders_incremental_load' retrieved from /opt/airflow/dags/logistics_incremental_load.py
[2026-08-14T00:54:36.579+0000] {logging_mixin.py:190} INFO - [2026-08-14T00:54:36.579+0000] {dag.py:3239} INFO - Sync 1 DAGs
[2026-08-14T00:54:36.602+0000] {logging_mixin.py:190} INFO - [2026-08-14T00:54:36.602+0000] {dag.py:4180} INFO - Setting next_dagrun for logistics_orders_incremental_load to 2026-08-13 00:00:00+00:00, run_after=2026-08-14 00:00:00+00:00
[2026-08-14T00:54:36.623+0000] {processor.py:208} INFO - Processing /opt/airflow/dags/logistics_incremental_load.py took 0.376 seconds
[2026-08-14T00:55:06.722+0000] {processor.py:186} INFO - Started process (PID=882) to work on /opt/airflow/dags/logistics_incremental_load.py
[2026-08-14T00:55:06.723+0000] {processor.py:914} INFO - Processing file /opt/airflow/dags/logistics_incremental_load.py for tasks to queue
[2026-08-14T00:55:06.725+0000] {logging_mixin.py:190} INFO - [2026-08-14T00:55:06.725+0000] {dagbag.py:588} INFO - Filling up the DagBag from /opt/airflow/dags/logistics_incremental_load.py
[2026-08-14T00:55:07.002+0000] {processor.py:925} INFO - DAG(s) 'logistics_orders_incremental_load' retrieved from /opt/airflow/dags/logistics_incremental_load.py
[2026-08-14T00:55:07.026+0000] {logging_mixin.py:190} INFO - [2026-08-14T00:55:07.026+0000] {dag.py:3239} INFO - Sync 1 DAGs
[2026-08-14T00:55:07.046+0000] {logging_mixin.py:190} INFO - [2026-08-14T00:55:07.046+0000] {dag.py:4180} INFO - Setting next_dagrun for logistics_orders_incremental_load to 2026-08-13 00:00:00+00:00, run_after=2026-08-14 00:00:00+00:00
[2026-08-14T00:55:07.065+0000] {processor.py:208} INFO - Processing /opt/airflow/dags/logistics_incremental_load.py took 0.348 seconds
[2026-08-14T00:55:37.404+0000] {processor.py:186} INFO - Started process (PID=969) to work on /opt/airflow/dags/logistics_incremental_load.py
[2026-08-14T00:55:37.405+0000] {processor.py:914} INFO - Processing file /opt/airflow/dags/logistics_incremental_load.py for tasks to queue
[2026-08-14T00:55:37.408+0000] {logging_mixin.py:190} INFO - [2026-08-14T00:55:37.408+0000] {dagbag.py:588} INFO - Filling up the DagBag from /opt/airflow/dags/logistics_incremental_load.py
[2026-08-14T00:55:37.695+0000] {processor.py:925} INFO - DAG(s) 'logistics_orders_incremental_load' retrieved from /opt/airflow/dags/logistics_incremental_load.py
[2026-08-14T00:55:37.718+0000] {logging_mixin.py:190} INFO - [2026-08-14T00:55:37.718+0000] {dag.py:3239} INFO - Sync 1 DAGs
[2026-08-14T00:55:37.877+0000] {logging_mixin.py:190} INFO - [2026-08-14T00:55:37.877+0000] {dag.py:4180} INFO - Setting next_dagrun for logistics_orders_incremental_load to 2026-08-13 00:00:00+00:00, run_after=2026-08-14 00:00:00+00:00
[2026-08-14T00:55:37.895+0000] {processor.py:208} INFO - Processing /opt/airflow/dags/logistics_incremental_load.py took 0.496 seconds
[2026-08-14T00:56:08.557+0000] {processor.py:186} INFO - Started process (PID=1063) to work on /opt/airflow/dags/logistics_incremental_load.py
[2026-08-14T00:56:08.558+0000] {processor.py:914} INFO - Processing file /opt/airflow/dags/logistics_incremental_load.py for tasks to queue
[2026-08-14T00:56:08.561+0000] {logging_mixin.py:190} INFO - [2026-08-14T00:56:08.560+0000] {dagbag.py:588} INFO - Filling up the DagBag from /opt/airflow/dags/logistics_incremental_load.py
[2026-08-14T00:56:08.974+0000] {processor.py:925} INFO - DAG(s) 'logistics_orders_incremental_load' retrieved from /opt/airflow/dags/logistics_incremental_load.py
[2026-08-14T00:56:08.997+0000] {logging_mixin.py:190} INFO - [2026-08-14T00:56:08.997+0000] {dag.py:3239} INFO - Sync 1 DAGs
[2026-08-14T00:56:09.017+0000] {logging_mixin.py:190} INFO - [2026-08-14T00:56:09.017+0000] {dag.py:4180} INFO - Setting next_dagrun for logistics_orders_incremental_load to 2026-08-13 00:00:00+00:00, run_after=2026-08-14 00:00:00+00:00
[2026-08-14T00:56:09.035+0000] {processor.py:208} INFO - Processing /opt/airflow/dags/logistics_incremental_load.py took 0.484 seconds
[2026-08-14T00:56:39.107+0000] {processor.py:186} INFO - Started process (PID=1149) to work on /opt/airflow/dags/logistics_incremental_load.py
[2026-08-14T00:56:39.108+0000] {processor.py:914} INFO - Processing file /opt/airflow/dags/logistics_incremental_load.py for tasks to queue
[2026-08-14T00:56:39.110+0000] {logging_mixin.py:190} INFO - [2026-08-14T00:56:39.110+0000] {dagbag.py:588} INFO - Filling up the DagBag from /opt/airflow/dags/logistics_incremental_load.py
[2026-08-14T00:56:39.508+0000] {processor.py:925} INFO - DAG(s) 'logistics_orders_incremental_load' retrieved from /opt/airflow/dags/logistics_incremental_load.py
[2026-08-14T00:56:39.529+0000] {logging_mixin.py:190} INFO - [2026-08-14T00:56:39.529+0000] {dag.py:3239} INFO - Sync 1 DAGs
[2026-08-14T00:56:39.549+0000] {logging_mixin.py:190} INFO - [2026-08-14T00:56:39.549+0000] {dag.py:4180} INFO - Setting next_dagrun for logistics_orders_incremental_load to 2026-08-13 00:00:00+00:00, run_after=2026-08-14 00:00:00+00:00
[2026-08-14T00:56:39.568+0000] {processor.py:208} INFO - Processing /opt/airflow/dags/logistics_incremental_load.py took 0.467 seconds
[2026-08-14T00:57:09.840+0000] {processor.py:186} INFO - Started process (PID=1238) to work on /opt/airflow/dags/logistics_incremental_load.py
[2026-08-14T00:57:09.843+0000] {processor.py:914} INFO - Processing file /opt/airflow/dags/logistics_incremental_load.py for tasks to queue
[2026-08-14T00:57:09.847+0000] {logging_mixin.py:190} INFO - [2026-08-14T00:57:09.847+0000] {dagbag.py:588} INFO - Filling up the DagBag from /opt/airflow/dags/logistics_incremental_load.py
[2026-08-14T00:57:10.417+0000] {processor.py:925} INFO - DAG(s) 'logistics_orders_incremental_load' retrieved from /opt/airflow/dags/logistics_incremental_load.py
[2026-08-14T00:57:10.445+0000] {logging_mixin.py:190} INFO - [2026-08-14T00:57:10.445+0000] {dag.py:3239} INFO - Sync 1 DAGs
[2026-08-14T00:57:10.466+0000] {logging_mixin.py:190} INFO - [2026-08-14T00:57:10.466+0000] {dag.py:4180} INFO - Setting next_dagrun for logistics_orders_incremental_load to 2026-08-13 00:00:00+00:00, run_after=2026-08-14 00:00:00+00:00
[2026-08-14T00:57:10.487+0000] {processor.py:208} INFO - Processing /opt/airflow/dags/logistics_incremental_load.py took 0.654 seconds
[2026-08-14T00:57:41.141+0000] {processor.py:186} INFO - Started process (PID=1325) to work on /opt/airflow/dags/logistics_incremental_load.py
[2026-08-14T00:57:41.142+0000] {processor.py:914} INFO - Processing file /opt/airflow/dags/logistics_incremental_load.py for tasks to queue
[2026-08-14T00:57:41.145+0000] {logging_mixin.py:190} INFO - [2026-08-14T00:57:41.144+0000] {dagbag.py:588} INFO - Filling up the DagBag from /opt/airflow/dags/logistics_incremental_load.py
[2026-08-14T00:57:41.543+0000] {processor.py:925} INFO - DAG(s) 'logistics_orders_incremental_load' retrieved from /opt/airflow/dags/logistics_incremental_load.py
[2026-08-14T00:57:41.565+0000] {logging_mixin.py:190} INFO - [2026-08-14T00:57:41.565+0000] {dag.py:3239} INFO - Sync 1 DAGs
[2026-08-14T00:57:41.586+0000] {logging_mixin.py:190} INFO - [2026-08-14T00:57:41.585+0000] {dag.py:4180} INFO - Setting next_dagrun for logistics_orders_incremental_load to 2026-08-13 00:00:00+00:00, run_after=2026-08-14 00:00:00+00:00
[2026-08-14T00:57:41.604+0000] {processor.py:208} INFO - Processing /opt/airflow/dags/logistics_incremental_load.py took 0.469 seconds
[2026-08-14T00:58:11.857+0000] {processor.py:186} INFO - Started process (PID=1405) to work on /opt/airflow/dags/logistics_incremental_load.py
[2026-08-14T00:58:11.858+0000] {processor.py:914} INFO - Processing file /opt/airflow/dags/logistics_incremental_load.py for tasks to queue
[2026-08-14T00:58:11.860+0000] {logging_mixin.py:190} INFO - [2026-08-14T00:58:11.860+0000] {dagbag.py:588} INFO - Filling up the DagBag from /opt/airflow/dags/logistics_incremental_load.py
[2026-08-14T00:58:12.250+0000] {processor.py:925} INFO - DAG(s) 'logistics_orders_incremental_load' retrieved from /opt/airflow/dags/logistics_incremental_load.py
[2026-08-14T00:58:12.270+0000] {logging_mixin.py:190} INFO - [2026-08-14T00:58:12.270+0000] {dag.py:3239} INFO - Sync 1 DAGs
[2026-08-14T00:58:12.289+0000] {logging_mixin.py:190} INFO - [2026-08-14T00:58:12.289+0000] {dag.py:4180} INFO - Setting next_dagrun for logistics_orders_incremental_load to 2026-08-13 00:00:00+00:00, run_after=2026-08-14 00:00:00+00:00
[2026-08-14T00:58:12.308+0000] {processor.py:208} INFO - Processing /opt/airflow/dags/logistics_incremental_load.py took 0.456 seconds
[2026-08-14T00:58:42.570+0000] {processor.py:186} INFO - Started process (PID=1494) to work on /opt/airflow/dags/logistics_incremental_load.py
[2026-08-14T00:58:42.571+0000] {processor.py:914} INFO - Processing file /opt/airflow/dags/logistics_incremental_load.py for tasks to queue
[2026-08-14T00:58:42.573+0000] {logging_mixin.py:190} INFO - [2026-08-14T00:58:42.573+0000] {dagbag.py:588} INFO - Filling up the DagBag from /opt/airflow/dags/logistics_incremental_load.py
[2026-08-14T00:58:42.995+0000] {processor.py:925} INFO - DAG(s) 'logistics_orders_incremental_load' retrieved from /opt/airflow/dags/logistics_incremental_load.py
[2026-08-14T00:58:43.019+0000] {logging_mixin.py:190} INFO - [2026-08-14T00:58:43.019+0000] {dag.py:3239} INFO - Sync 1 DAGs
[2026-08-14T00:58:43.038+0000] {logging_mixin.py:190} INFO - [2026-08-14T00:58:43.038+0000] {dag.py:4180} INFO - Setting next_dagrun for logistics_orders_incremental_load to 2026-08-13 00:00:00+00:00, run_after=2026-08-14 00:00:00+00:00
[2026-08-14T00:58:43.058+0000] {processor.py:208} INFO - Processing /opt/airflow/dags/logistics_incremental_load.py took 0.492 seconds
[2026-08-14T00:59:13.721+0000] {processor.py:186} INFO - Started process (PID=1587) to work on /opt/airflow/dags/logistics_incremental_load.py
[2026-08-14T00:59:13.722+0000] {processor.py:914} INFO - Processing file /opt/airflow/dags/logistics_incremental_load.py for tasks to queue
[2026-08-14T00:59:13.731+0000] {logging_mixin.py:190} INFO - [2026-08-14T00:59:13.730+0000] {dagbag.py:588} INFO - Filling up the DagBag from /opt/airflow/dags/logistics_incremental_load.py
[2026-08-14T00:59:14.160+0000] {processor.py:925} INFO - DAG(s) 'logistics_orders_incremental_load' retrieved from /opt/airflow/dags/logistics_incremental_load.py
[2026-08-14T00:59:14.182+0000] {logging_mixin.py:190} INFO - [2026-08-14T00:59:14.182+0000] {dag.py:3239} INFO - Sync 1 DAGs
[2026-08-14T00:59:14.201+0000] {logging_mixin.py:190} INFO - [2026-08-14T00:59:14.201+0000] {dag.py:4180} INFO - Setting next_dagrun for logistics_orders_incremental_load to 2026-08-13 00:00:00+00:00, run_after=2026-08-14 00:00:00+00:00
[2026-08-14T00:59:14.219+0000] {processor.py:208} INFO - Processing /opt/airflow/dags/logistics_incremental_load.py took 0.504 seconds
[2026-08-14T00:59:44.805+0000] {processor.py:186} INFO - Started process (PID=1673) to work on /opt/airflow/dags/logistics_incremental_load.py
[2026-08-14T00:59:44.806+0000] {processor.py:914} INFO - Processing file /opt/airflow/dags/logistics_incremental_load.py for tasks to queue
[2026-08-14T00:59:44.808+0000] {logging_mixin.py:190} INFO - [2026-08-14T00:59:44.808+0000] {dagbag.py:588} INFO - Filling up the DagBag from /opt/airflow/dags/logistics_incremental_load.py
[2026-08-14T00:59:45.204+0000] {processor.py:925} INFO - DAG(s) 'logistics_orders_incremental_load' retrieved from /opt/airflow/dags/logistics_incremental_load.py
[2026-08-14T00:59:45.223+0000] {logging_mixin.py:190} INFO - [2026-08-14T00:59:45.223+0000] {dag.py:3239} INFO - Sync 1 DAGs
[2026-08-14T00:59:45.243+0000] {logging_mixin.py:190} INFO - [2026-08-14T00:59:45.243+0000] {dag.py:4180} INFO - Setting next_dagrun for logistics_orders_incremental_load to 2026-08-13 00:00:00+00:00, run_after=2026-08-14 00:00:00+00:00
[2026-08-14T00:59:45.258+0000] {processor.py:208} INFO - Processing /opt/airflow/dags/logistics_incremental_load.py took 0.457 seconds
[2026-08-14T01:06:11.260+0000] {processor.py:186} INFO - Started process (PID=168) to work on /opt/airflow/dags/logistics_incremental_load.py
[2026-08-14T01:06:11.262+0000] {processor.py:914} INFO - Processing file /opt/airflow/dags/logistics_incremental_load.py for tasks to queue
[2026-08-14T01:06:11.268+0000] {logging_mixin.py:190} INFO - [2026-08-14T01:06:11.268+0000] {dagbag.py:588} INFO - Filling up the DagBag from /opt/airflow/dags/logistics_incremental_load.py
[2026-08-14T01:06:11.936+0000] {processor.py:925} INFO - DAG(s) 'logistics_orders_incremental_load' retrieved from /opt/airflow/dags/logistics_incremental_load.py
[2026-08-14T01:06:11.996+0000] {logging_mixin.py:190} INFO - [2026-08-14T01:06:11.995+0000] {dag.py:3239} INFO - Sync 1 DAGs
[2026-08-14T01:06:12.032+0000] {logging_mixin.py:190} INFO - [2026-08-14T01:06:12.032+0000] {dag.py:4180} INFO - Setting next_dagrun for logistics_orders_incremental_load to 2026-08-13 00:00:00+00:00, run_after=2026-08-14 00:00:00+00:00
[2026-08-14T01:06:12.112+0000] {processor.py:208} INFO - Processing /opt/airflow/dags/logistics_incremental_load.py took 0.859 seconds
[2026-08-14T01:06:42.603+0000] {processor.py:186} INFO - Started process (PID=257) to work on /opt/airflow/dags/logistics_incremental_load.py
[2026-08-14T01:06:42.605+0000] {processor.py:914} INFO - Processing file /opt/airflow/dags/logistics_incremental_load.py for tasks to queue
[2026-08-14T01:06:42.608+0000] {logging_mixin.py:190} INFO - [2026-08-14T01:06:42.607+0000] {dagbag.py:588} INFO - Filling up the DagBag from /opt/airflow/dags/logistics_incremental_load.py
[2026-08-14T01:06:43.156+0000] {processor.py:925} INFO - DAG(s) 'logistics_orders_incremental_load' retrieved from /opt/airflow/dags/logistics_incremental_load.py
[2026-08-14T01:06:43.201+0000] {logging_mixin.py:190} INFO - [2026-08-14T01:06:43.200+0000] {dag.py:3239} INFO - Sync 1 DAGs
[2026-08-14T01:06:43.251+0000] {logging_mixin.py:190} INFO - [2026-08-14T01:06:43.251+0000] {dag.py:4180} INFO - Setting next_dagrun for logistics_orders_incremental_load to 2026-08-13 00:00:00+00:00, run_after=2026-08-14 00:00:00+00:00
[2026-08-14T01:06:43.287+0000] {processor.py:208} INFO - Processing /opt/airflow/dags/logistics_incremental_load.py took 0.690 seconds
[2026-08-14T01:07:13.852+0000] {processor.py:186} INFO - Started process (PID=353) to work on /opt/airflow/dags/logistics_incremental_load.py
[2026-08-14T01:07:13.853+0000] {processor.py:914} INFO - Processing file /opt/airflow/dags/logistics_incremental_load.py for tasks to queue
[2026-08-14T01:07:13.856+0000] {logging_mixin.py:190} INFO - [2026-08-14T01:07:13.856+0000] {dagbag.py:588} INFO - Filling up the DagBag from /opt/airflow/dags/logistics_incremental_load.py
[2026-08-14T01:07:14.232+0000] {processor.py:925} INFO - DAG(s) 'logistics_orders_incremental_load' retrieved from /opt/airflow/dags/logistics_incremental_load.py
[2026-08-14T01:07:14.274+0000] {logging_mixin.py:190} INFO - [2026-08-14T01:07:14.274+0000] {dag.py:3239} INFO - Sync 1 DAGs
[2026-08-14T01:07:14.310+0000] {logging_mixin.py:190} INFO - [2026-08-14T01:07:14.310+0000] {dag.py:4180} INFO - Setting next_dagrun for logistics_orders_incremental_load to 2026-08-13 00:00:00+00:00, run_after=2026-08-14 00:00:00+00:00
[2026-08-14T01:07:14.340+0000] {processor.py:208} INFO - Processing /opt/airflow/dags/logistics_incremental_load.py took 0.498 seconds
[2026-08-14T01:07:44.428+0000] {processor.py:186} INFO - Started process (PID=434) to work on /opt/airflow/dags/logistics_incremental_load.py
[2026-08-14T01:07:44.429+0000] {processor.py:914} INFO - Processing file /opt/airflow/dags/logistics_incremental_load.py for tasks to queue
[2026-08-14T01:07:44.432+0000] {logging_mixin.py:190} INFO - [2026-08-14T01:07:44.432+0000] {dagbag.py:588} INFO - Filling up the DagBag from /opt/airflow/dags/logistics_incremental_load.py
[2026-08-14T01:07:44.724+0000] {processor.py:925} INFO - DAG(s) 'logistics_orders_incremental_load' retrieved from /opt/airflow/dags/logistics_incremental_load.py
[2026-08-14T01:07:44.751+0000] {logging_mixin.py:190} INFO - [2026-08-14T01:07:44.751+0000] {dag.py:3239} INFO - Sync 1 DAGs
[2026-08-14T01:07:44.775+0000] {logging_mixin.py:190} INFO - [2026-08-14T01:07:44.775+0000] {dag.py:4180} INFO - Setting next_dagrun for logistics_orders_incremental_load to 2026-08-13 00:00:00+00:00, run_after=2026-08-14 00:00:00+00:00
[2026-08-14T01:07:44.797+0000] {processor.py:208} INFO - Processing /opt/airflow/dags/logistics_incremental_load.py took 0.374 seconds
[2026-08-14T01:08:14.938+0000] {processor.py:186} INFO - Started process (PID=525) to work on /opt/airflow/dags/logistics_incremental_load.py
[2026-08-14T01:08:14.939+0000] {processor.py:914} INFO - Processing file /opt/airflow/dags/logistics_incremental_load.py for tasks to queue
[2026-08-14T01:08:14.941+0000] {logging_mixin.py:190} INFO - [2026-08-14T01:08:14.941+0000] {dagbag.py:588} INFO - Filling up the DagBag from /opt/airflow/dags/logistics_incremental_load.py
[2026-08-14T01:08:15.243+0000] {processor.py:925} INFO - DAG(s) 'logistics_orders_incremental_load' retrieved from /opt/airflow/dags/logistics_incremental_load.py
[2026-08-14T01:08:15.278+0000] {logging_mixin.py:190} INFO - [2026-08-14T01:08:15.278+0000] {dag.py:3239} INFO - Sync 1 DAGs
[2026-08-14T01:08:15.305+0000] {logging_mixin.py:190} INFO - [2026-08-14T01:08:15.304+0000] {dag.py:4180} INFO - Setting next_dagrun for logistics_orders_incremental_load to 2026-08-13 00:00:00+00:00, run_after=2026-08-14 00:00:00+00:00
[2026-08-14T01:08:15.327+0000] {processor.py:208} INFO - Processing /opt/airflow/dags/logistics_incremental_load.py took 0.395 seconds
[2026-08-14T01:08:46.643+0000] {processor.py:186} INFO - Started process (PID=618) to work on /opt/airflow/dags/logistics_incremental_load.py
[2026-08-14T01:08:46.644+0000] {processor.py:914} INFO - Processing file /opt/airflow/dags/logistics_incremental_load.py for tasks to queue
[2026-08-14T01:08:46.647+0000] {logging_mixin.py:190} INFO - [2026-08-14T01:08:46.646+0000] {dagbag.py:588} INFO - Filling up the DagBag from /opt/airflow/dags/logistics_incremental_load.py
[2026-08-14T01:08:46.930+0000] {processor.py:925} INFO - DAG(s) 'logistics_orders_incremental_load' retrieved from /opt/airflow/dags/logistics_incremental_load.py
[2026-08-14T01:08:46.952+0000] {logging_mixin.py:190} INFO - [2026-08-14T01:08:46.952+0000] {dag.py:3239} INFO - Sync 1 DAGs
[2026-08-14T01:08:46.976+0000] {logging_mixin.py:190} INFO - [2026-08-14T01:08:46.976+0000] {dag.py:4180} INFO - Setting next_dagrun for logistics_orders_incremental_load to 2026-08-13 00:00:00+00:00, run_after=2026-08-14 00:00:00+00:00
[2026-08-14T01:08:46.995+0000] {processor.py:208} INFO - Processing /opt/airflow/dags/logistics_incremental_load.py took 0.358 seconds
[2026-08-14T01:09:17.135+0000] {processor.py:186} INFO - Started process (PID=704) to work on /opt/airflow/dags/logistics_incremental_load.py
[2026-08-14T01:09:17.136+0000] {processor.py:914} INFO - Processing file /opt/airflow/dags/logistics_incremental_load.py for tasks to queue
[2026-08-14T01:09:17.139+0000] {logging_mixin.py:190} INFO - [2026-08-14T01:09:17.138+0000] {dagbag.py:588} INFO - Filling up the DagBag from /opt/airflow/dags/logistics_incremental_load.py
[2026-08-14T01:09:17.408+0000] {processor.py:925} INFO - DAG(s) 'logistics_orders_incremental_load' retrieved from /opt/airflow/dags/logistics_incremental_load.py
[2026-08-14T01:09:17.431+0000] {logging_mixin.py:190} INFO - [2026-08-14T01:09:17.430+0000] {dag.py:3239} INFO - Sync 1 DAGs
[2026-08-14T01:09:17.453+0000] {logging_mixin.py:190} INFO - [2026-08-14T01:09:17.453+0000] {dag.py:4180} INFO - Setting next_dagrun for logistics_orders_incremental_load to 2026-08-13 00:00:00+00:00, run_after=2026-08-14 00:00:00+00:00
[2026-08-14T01:09:17.474+0000] {processor.py:208} INFO - Processing /opt/airflow/dags/logistics_incremental_load.py took 0.344 seconds
[2026-08-14T01:09:47.854+0000] {processor.py:186} INFO - Started process (PID=793) to work on /opt/airflow/dags/logistics_incremental_load.py
[2026-08-14T01:09:47.855+0000] {processor.py:914} INFO - Processing file /opt/airflow/dags/logistics_incremental_load.py for tasks to queue
[2026-08-14T01:09:47.858+0000] {logging_mixin.py:190} INFO - [2026-08-14T01:09:47.857+0000] {dagbag.py:588} INFO - Filling up the DagBag from /opt/airflow/dags/logistics_incremental_load.py
[2026-08-14T01:09:48.140+0000] {processor.py:925} INFO - DAG(s) 'logistics_orders_incremental_load' retrieved from /opt/airflow/dags/logistics_incremental_load.py
[2026-08-14T01:09:48.164+0000] {logging_mixin.py:190} INFO - [2026-08-14T01:09:48.163+0000] {dag.py:3239} INFO - Sync 1 DAGs
[2026-08-14T01:09:48.185+0000] {logging_mixin.py:190} INFO - [2026-08-14T01:09:48.185+0000] {dag.py:4180} INFO - Setting next_dagrun for logistics_orders_incremental_load to 2026-08-13 00:00:00+00:00, run_after=2026-08-14 00:00:00+00:00
[2026-08-14T01:09:48.205+0000] {processor.py:208} INFO - Processing /opt/airflow/dags/logistics_incremental_load.py took 0.355 seconds
[2026-08-14T01:10:18.478+0000] {processor.py:186} INFO - Started process (PID=880) to work on /opt/airflow/dags/logistics_incremental_load.py
[2026-08-14T01:10:18.479+0000] {processor.py:914} INFO - Processing file /opt/airflow/dags/logistics_incremental_load.py for tasks to queue
[2026-08-14T01:10:18.481+0000] {logging_mixin.py:190} INFO - [2026-08-14T01:10:18.481+0000] {dagbag.py:588} INFO - Filling up the DagBag from /opt/airflow/dags/logistics_incremental_load.py
[2026-08-14T01:10:18.739+0000] {processor.py:925} INFO - DAG(s) 'logistics_orders_incremental_load' retrieved from /opt/airflow/dags/logistics_incremental_load.py
[2026-08-14T01:10:18.889+0000] {logging_mixin.py:190} INFO - [2026-08-14T01:10:18.888+0000] {dag.py:3239} INFO - Sync 1 DAGs
[2026-08-14T01:10:18.907+0000] {logging_mixin.py:190} INFO - [2026-08-14T01:10:18.907+0000] {dag.py:4180} INFO - Setting next_dagrun for logistics_orders_incremental_load to 2026-08-13 00:00:00+00:00, run_after=2026-08-14 00:00:00+00:00
[2026-08-14T01:10:18.924+0000] {processor.py:208} INFO - Processing /opt/airflow/dags/logistics_incremental_load.py took 0.452 seconds
[2026-08-14T01:10:49.096+0000] {processor.py:186} INFO - Started process (PID=966) to work on /opt/airflow/dags/logistics_incremental_load.py
[2026-08-14T01:10:49.097+0000] {processor.py:914} INFO - Processing file /opt/airflow/dags/logistics_incremental_load.py for tasks to queue
[2026-08-14T01:10:49.099+0000] {logging_mixin.py:190} INFO - [2026-08-14T01:10:49.099+0000] {dagbag.py:588} INFO - Filling up the DagBag from /opt/airflow/dags/logistics_incremental_load.py
[2026-08-14T01:10:49.385+0000] {processor.py:925} INFO - DAG(s) 'logistics_orders_incremental_load' retrieved from /opt/airflow/dags/logistics_incremental_load.py
[2026-08-14T01:10:49.408+0000] {logging_mixin.py:190} INFO - [2026-08-14T01:10:49.408+0000] {dag.py:3239} INFO - Sync 1 DAGs
[2026-08-14T01:10:49.544+0000] {logging_mixin.py:190} INFO - [2026-08-14T01:10:49.544+0000] {dag.py:4180} INFO - Setting next_dagrun for logistics_orders_incremental_load to 2026-08-13 00:00:00+00:00, run_after=2026-08-14 00:00:00+00:00
[2026-08-14T01:10:49.563+0000] {processor.py:208} INFO - Processing /opt/airflow/dags/logistics_incremental_load.py took 0.473 seconds
[2026-08-14T01:11:19.644+0000] {processor.py:186} INFO - Started process (PID=1049) to work on /opt/airflow/dags/logistics_incremental_load.py
[2026-08-14T01:11:19.645+0000] {processor.py:914} INFO - Processing file /opt/airflow/dags/logistics_incremental_load.py for tasks to queue
[2026-08-14T01:11:19.648+0000] {logging_mixin.py:190} INFO - [2026-08-14T01:11:19.647+0000] {dagbag.py:588} INFO - Filling up the DagBag from /opt/airflow/dags/logistics_incremental_load.py
[2026-08-14T01:11:20.060+0000] {processor.py:925} INFO - DAG(s) 'logistics_orders_incremental_load' retrieved from /opt/airflow/dags/logistics_incremental_load.py
[2026-08-14T01:11:20.082+0000] {logging_mixin.py:190} INFO - [2026-08-14T01:11:20.082+0000] {dag.py:3239} INFO - Sync 1 DAGs
[2026-08-14T01:11:20.103+0000] {logging_mixin.py:190} INFO - [2026-08-14T01:11:20.103+0000] {dag.py:4180} INFO - Setting next_dagrun for logistics_orders_incremental_load to 2026-08-13 00:00:00+00:00, run_after=2026-08-14 00:00:00+00:00
[2026-08-14T01:11:20.124+0000] {processor.py:208} INFO - Processing /opt/airflow/dags/logistics_incremental_load.py took 0.486 seconds
[2026-08-14T01:11:50.839+0000] {processor.py:186} INFO - Started process (PID=1138) to work on /opt/airflow/dags/logistics_incremental_load.py
[2026-08-14T01:11:50.840+0000] {processor.py:914} INFO - Processing file /opt/airflow/dags/logistics_incremental_load.py for tasks to queue
[2026-08-14T01:11:50.842+0000] {logging_mixin.py:190} INFO - [2026-08-14T01:11:50.841+0000] {dagbag.py:588} INFO - Filling up the DagBag from /opt/airflow/dags/logistics_incremental_load.py
[2026-08-14T01:11:51.221+0000] {processor.py:925} INFO - DAG(s) 'logistics_orders_incremental_load' retrieved from /opt/airflow/dags/logistics_incremental_load.py
[2026-08-14T01:11:51.243+0000] {logging_mixin.py:190} INFO - [2026-08-14T01:11:51.243+0000] {dag.py:3239} INFO - Sync 1 DAGs
[2026-08-14T01:11:51.264+0000] {logging_mixin.py:190} INFO - [2026-08-14T01:11:51.264+0000] {dag.py:4180} INFO - Setting next_dagrun for logistics_orders_incremental_load to 2026-08-13 00:00:00+00:00, run_after=2026-08-14 00:00:00+00:00
[2026-08-14T01:11:51.284+0000] {processor.py:208} INFO - Processing /opt/airflow/dags/logistics_incremental_load.py took 0.452 seconds
[2026-08-14T01:12:22.768+0000] {processor.py:186} INFO - Started process (PID=1231) to work on /opt/airflow/dags/logistics_incremental_load.py
[2026-08-14T01:12:22.769+0000] {processor.py:914} INFO - Processing file /opt/airflow/dags/logistics_incremental_load.py for tasks to queue
[2026-08-14T01:12:22.773+0000] {logging_mixin.py:190} INFO - [2026-08-14T01:12:22.773+0000] {dagbag.py:588} INFO - Filling up the DagBag from /opt/airflow/dags/logistics_incremental_load.py
[2026-08-14T01:12:23.197+0000] {processor.py:925} INFO - DAG(s) 'logistics_orders_incremental_load' retrieved from /opt/airflow/dags/logistics_incremental_load.py
[2026-08-14T01:12:23.220+0000] {logging_mixin.py:190} INFO - [2026-08-14T01:12:23.219+0000] {dag.py:3239} INFO - Sync 1 DAGs
[2026-08-14T01:12:23.240+0000] {logging_mixin.py:190} INFO - [2026-08-14T01:12:23.240+0000] {dag.py:4180} INFO - Setting next_dagrun for logistics_orders_incremental_load to 2026-08-13 00:00:00+00:00, run_after=2026-08-14 00:00:00+00:00
[2026-08-14T01:12:23.258+0000] {processor.py:208} INFO - Processing /opt/airflow/dags/logistics_incremental_load.py took 0.496 seconds
[2026-08-14T01:12:53.559+0000] {processor.py:186} INFO - Started process (PID=1311) to work on /opt/airflow/dags/logistics_incremental_load.py
[2026-08-14T01:12:53.561+0000] {processor.py:914} INFO - Processing file /opt/airflow/dags/logistics_incremental_load.py for tasks to queue
[2026-08-14T01:12:53.563+0000] {logging_mixin.py:190} INFO - [2026-08-14T01:12:53.563+0000] {dagbag.py:588} INFO - Filling up the DagBag from /opt/airflow/dags/logistics_incremental_load.py
[2026-08-14T01:12:53.988+0000] {processor.py:925} INFO - DAG(s) 'logistics_orders_incremental_load' retrieved from /opt/airflow/dags/logistics_incremental_load.py
[2026-08-14T01:12:54.013+0000] {logging_mixin.py:190} INFO - [2026-08-14T01:12:54.013+0000] {dag.py:3239} INFO - Sync 1 DAGs
[2026-08-14T01:12:54.036+0000] {logging_mixin.py:190} INFO - [2026-08-14T01:12:54.035+0000] {dag.py:4180} INFO - Setting next_dagrun for logistics_orders_incremental_load to 2026-08-13 00:00:00+00:00, run_after=2026-08-14 00:00:00+00:00
[2026-08-14T01:12:54.056+0000] {processor.py:208} INFO - Processing /opt/airflow/dags/logistics_incremental_load.py took 0.502 seconds
[2026-08-14T01:13:24.876+0000] {processor.py:186} INFO - Started process (PID=1400) to work on /opt/airflow/dags/logistics_incremental_load.py
[2026-08-14T01:13:24.877+0000] {processor.py:914} INFO - Processing file /opt/airflow/dags/logistics_incremental_load.py for tasks to queue
[2026-08-14T01:13:24.879+0000] {logging_mixin.py:190} INFO - [2026-08-14T01:13:24.879+0000] {dagbag.py:588} INFO - Filling up the DagBag from /opt/airflow/dags/logistics_incremental_load.py
[2026-08-14T01:13:25.301+0000] {processor.py:925} INFO - DAG(s) 'logistics_orders_incremental_load' retrieved from /opt/airflow/dags/logistics_incremental_load.py
[2026-08-14T01:13:25.327+0000] {logging_mixin.py:190} INFO - [2026-08-14T01:13:25.327+0000] {dag.py:3239} INFO - Sync 1 DAGs
[2026-08-14T01:13:25.350+0000] {logging_mixin.py:190} INFO - [2026-08-14T01:13:25.350+0000] {dag.py:4180} INFO - Setting next_dagrun for logistics_orders_incremental_load to 2026-08-13 00:00:00+00:00, run_after=2026-08-14 00:00:00+00:00
[2026-08-14T01:13:25.372+0000] {processor.py:208} INFO - Processing /opt/airflow/dags/logistics_incremental_load.py took 0.502 seconds
[2026-08-14T01:13:56.404+0000] {processor.py:186} INFO - Started process (PID=1493) to work on /opt/airflow/dags/logistics_incremental_load.py
[2026-08-14T01:13:56.405+0000] {processor.py:914} INFO - Processing file /opt/airflow/dags/logistics_incremental_load.py for tasks to queue
[2026-08-14T01:13:56.407+0000] {logging_mixin.py:190} INFO - [2026-08-14T01:13:56.407+0000] {dagbag.py:588} INFO - Filling up the DagBag from /opt/airflow/dags/logistics_incremental_load.py
[2026-08-14T01:13:56.834+0000] {processor.py:925} INFO - DAG(s) 'logistics_orders_incremental_load' retrieved from /opt/airflow/dags/logistics_incremental_load.py
[2026-08-14T01:13:56.855+0000] {logging_mixin.py:190} INFO - [2026-08-14T01:13:56.854+0000] {dag.py:3239} INFO - Sync 1 DAGs
[2026-08-14T01:13:56.873+0000] {logging_mixin.py:190} INFO - [2026-08-14T01:13:56.873+0000] {dag.py:4180} INFO - Setting next_dagrun for logistics_orders_incremental_load to 2026-08-13 00:00:00+00:00, run_after=2026-08-14 00:00:00+00:00
[2026-08-14T01:13:56.894+0000] {processor.py:208} INFO - Processing /opt/airflow/dags/logistics_incremental_load.py took 0.495 seconds
[2026-08-14T01:14:27.052+0000] {processor.py:186} INFO - Started process (PID=1579) to work on /opt/airflow/dags/logistics_incremental_load.py
[2026-08-14T01:14:27.053+0000] {processor.py:914} INFO - Processing file /opt/airflow/dags/logistics_incremental_load.py for tasks to queue
[2026-08-14T01:14:27.056+0000] {logging_mixin.py:190} INFO - [2026-08-14T01:14:27.056+0000] {dagbag.py:588} INFO - Filling up the DagBag from /opt/airflow/dags/logistics_incremental_load.py
[2026-08-14T01:14:27.504+0000] {processor.py:925} INFO - DAG(s) 'logistics_orders_incremental_load' retrieved from /opt/airflow/dags/logistics_incremental_load.py
[2026-08-14T01:14:27.526+0000] {logging_mixin.py:190} INFO - [2026-08-14T01:14:27.526+0000] {dag.py:3239} INFO - Sync 1 DAGs
[2026-08-14T01:14:27.551+0000] {logging_mixin.py:190} INFO - [2026-08-14T01:14:27.550+0000] {dag.py:4180} INFO - Setting next_dagrun for logistics_orders_incremental_load to 2026-08-13 00:00:00+00:00, run_after=2026-08-14 00:00:00+00:00
[2026-08-14T01:14:27.583+0000] {processor.py:208} INFO - Processing /opt/airflow/dags/logistics_incremental_load.py took 0.536 seconds
[2026-08-14T01:14:58.181+0000] {processor.py:186} INFO - Started process (PID=1668) to work on /opt/airflow/dags/logistics_incremental_load.py
[2026-08-14T01:14:58.182+0000] {processor.py:914} INFO - Processing file /opt/airflow/dags/logistics_incremental_load.py for tasks to queue
[2026-08-14T01:14:58.184+0000] {logging_mixin.py:190} INFO - [2026-08-14T01:14:58.184+0000] {dagbag.py:588} INFO - Filling up the DagBag from /opt/airflow/dags/logistics_incremental_load.py
[2026-08-14T01:14:58.594+0000] {processor.py:925} INFO - DAG(s) 'logistics_orders_incremental_load' retrieved from /opt/airflow/dags/logistics_incremental_load.py
[2026-08-14T01:14:58.621+0000] {logging_mixin.py:190} INFO - [2026-08-14T01:14:58.620+0000] {dag.py:3239} INFO - Sync 1 DAGs
[2026-08-14T01:14:58.643+0000] {logging_mixin.py:190} INFO - [2026-08-14T01:14:58.643+0000] {dag.py:4180} INFO - Setting next_dagrun for logistics_orders_incremental_load to 2026-08-13 00:00:00+00:00, run_after=2026-08-14 00:00:00+00:00
[2026-08-14T01:14:58.663+0000] {processor.py:208} INFO - Processing /opt/airflow/dags/logistics_incremental_load.py took 0.489 seconds
[2026-08-14T01:15:28.772+0000] {processor.py:186} INFO - Started process (PID=1767) to work on /opt/airflow/dags/logistics_incremental_load.py
[2026-08-14T01:15:28.773+0000] {processor.py:914} INFO - Processing file /opt/airflow/dags/logistics_incremental_load.py for tasks to queue
[2026-08-14T01:15:28.776+0000] {logging_mixin.py:190} INFO - [2026-08-14T01:15:28.775+0000] {dagbag.py:588} INFO - Filling up the DagBag from /opt/airflow/dags/logistics_incremental_load.py
[2026-08-14T01:15:29.236+0000] {processor.py:925} INFO - DAG(s) 'logistics_orders_incremental_load' retrieved from /opt/airflow/dags/logistics_incremental_load.py
[2026-08-14T01:15:29.268+0000] {logging_mixin.py:190} INFO - [2026-08-14T01:15:29.268+0000] {dag.py:3239} INFO - Sync 1 DAGs
[2026-08-14T01:15:29.297+0000] {logging_mixin.py:190} INFO - [2026-08-14T01:15:29.297+0000] {dag.py:4180} INFO - Setting next_dagrun for logistics_orders_incremental_load to 2026-08-13 00:00:00+00:00, run_after=2026-08-14 00:00:00+00:00
[2026-08-14T01:15:29.324+0000] {processor.py:208} INFO - Processing /opt/airflow/dags/logistics_incremental_load.py took 0.559 seconds
[2026-08-14T01:15:59.487+0000] {processor.py:186} INFO - Started process (PID=1864) to work on /opt/airflow/dags/logistics_incremental_load.py
[2026-08-14T01:15:59.488+0000] {processor.py:914} INFO - Processing file /opt/airflow/dags/logistics_incremental_load.py for tasks to queue
[2026-08-14T01:15:59.491+0000] {logging_mixin.py:190} INFO - [2026-08-14T01:15:59.490+0000] {dagbag.py:588} INFO - Filling up the DagBag from /opt/airflow/dags/logistics_incremental_load.py
[2026-08-14T01:15:59.867+0000] {processor.py:925} INFO - DAG(s) 'logistics_orders_incremental_load' retrieved from /opt/airflow/dags/logistics_incremental_load.py
[2026-08-14T01:15:59.886+0000] {logging_mixin.py:190} INFO - [2026-08-14T01:15:59.886+0000] {dag.py:3239} INFO - Sync 1 DAGs
[2026-08-14T01:15:59.906+0000] {logging_mixin.py:190} INFO - [2026-08-14T01:15:59.906+0000] {dag.py:4180} INFO - Setting next_dagrun for logistics_orders_incremental_load to 2026-08-13 00:00:00+00:00, run_after=2026-08-14 00:00:00+00:00
[2026-08-14T01:15:59.921+0000] {processor.py:208} INFO - Processing /opt/airflow/dags/logistics_incremental_load.py took 0.439 seconds
[2026-08-14T01:16:30.759+0000] {processor.py:186} INFO - Started process (PID=1950) to work on /opt/airflow/dags/logistics_incremental_load.py
[2026-08-14T01:16:30.760+0000] {processor.py:914} INFO - Processing file /opt/airflow/dags/logistics_incremental_load.py for tasks to queue
[2026-08-14T01:16:30.762+0000] {logging_mixin.py:190} INFO - [2026-08-14T01:16:30.762+0000] {dagbag.py:588} INFO - Filling up the DagBag from /opt/airflow/dags/logistics_incremental_load.py
[2026-08-14T01:16:31.135+0000] {processor.py:925} INFO - DAG(s) 'logistics_orders_incremental_load' retrieved from /opt/airflow/dags/logistics_incremental_load.py
[2026-08-14T01:16:31.155+0000] {logging_mixin.py:190} INFO - [2026-08-14T01:16:31.155+0000] {dag.py:3239} INFO - Sync 1 DAGs
[2026-08-14T01:16:31.173+0000] {logging_mixin.py:190} INFO - [2026-08-14T01:16:31.173+0000] {dag.py:4180} INFO - Setting next_dagrun for logistics_orders_incremental_load to 2026-08-13 00:00:00+00:00, run_after=2026-08-14 00:00:00+00:00
[2026-08-14T01:16:31.193+0000] {processor.py:208} INFO - Processing /opt/airflow/dags/logistics_incremental_load.py took 0.440 seconds
[2026-08-14T01:17:01.355+0000] {processor.py:186} INFO - Started process (PID=2039) to work on /opt/airflow/dags/logistics_incremental_load.py
[2026-08-14T01:17:01.357+0000] {processor.py:914} INFO - Processing file /opt/airflow/dags/logistics_incremental_load.py for tasks to queue
[2026-08-14T01:17:01.360+0000] {logging_mixin.py:190} INFO - [2026-08-14T01:17:01.360+0000] {dagbag.py:588} INFO - Filling up the DagBag from /opt/airflow/dags/logistics_incremental_load.py
[2026-08-14T01:17:01.755+0000] {processor.py:925} INFO - DAG(s) 'logistics_orders_incremental_load' retrieved from /opt/airflow/dags/logistics_incremental_load.py
[2026-08-14T01:17:01.773+0000] {logging_mixin.py:190} INFO - [2026-08-14T01:17:01.773+0000] {dag.py:3239} INFO - Sync 1 DAGs
[2026-08-14T01:17:01.791+0000] {logging_mixin.py:190} INFO - [2026-08-14T01:17:01.791+0000] {dag.py:4180} INFO - Setting next_dagrun for logistics_orders_incremental_load to 2026-08-13 00:00:00+00:00, run_after=2026-08-14 00:00:00+00:00
[2026-08-14T01:17:01.809+0000] {processor.py:208} INFO - Processing /opt/airflow/dags/logistics_incremental_load.py took 0.459 seconds
[2026-08-14T01:17:31.976+0000] {processor.py:186} INFO - Started process (PID=2126) to work on /opt/airflow/dags/logistics_incremental_load.py
[2026-08-14T01:17:31.977+0000] {processor.py:914} INFO - Processing file /opt/airflow/dags/logistics_incremental_load.py for tasks to queue
[2026-08-14T01:17:31.980+0000] {logging_mixin.py:190} INFO - [2026-08-14T01:17:31.979+0000] {dagbag.py:588} INFO - Filling up the DagBag from /opt/airflow/dags/logistics_incremental_load.py
[2026-08-14T01:17:32.379+0000] {processor.py:925} INFO - DAG(s) 'logistics_orders_incremental_load' retrieved from /opt/airflow/dags/logistics_incremental_load.py
[2026-08-14T01:17:32.399+0000] {logging_mixin.py:190} INFO - [2026-08-14T01:17:32.399+0000] {dag.py:3239} INFO - Sync 1 DAGs
[2026-08-14T01:17:32.420+0000] {logging_mixin.py:190} INFO - [2026-08-14T01:17:32.419+0000] {dag.py:4180} INFO - Setting next_dagrun for logistics_orders_incremental_load to 2026-08-13 00:00:00+00:00, run_after=2026-08-14 00:00:00+00:00
[2026-08-14T01:17:32.436+0000] {processor.py:208} INFO - Processing /opt/airflow/dags/logistics_incremental_load.py took 0.465 seconds
[2026-08-14T01:18:02.846+0000] {processor.py:186} INFO - Started process (PID=2210) to work on /opt/airflow/dags/logistics_incremental_load.py
[2026-08-14T01:18:02.848+0000] {processor.py:914} INFO - Processing file /opt/airflow/dags/logistics_incremental_load.py for tasks to queue
[2026-08-14T01:18:02.851+0000] {logging_mixin.py:190} INFO - [2026-08-14T01:18:02.851+0000] {dagbag.py:588} INFO - Filling up the DagBag from /opt/airflow/dags/logistics_incremental_load.py
[2026-08-14T01:18:03.270+0000] {processor.py:925} INFO - DAG(s) 'logistics_orders_incremental_load' retrieved from /opt/airflow/dags/logistics_incremental_load.py
[2026-08-14T01:18:03.288+0000] {logging_mixin.py:190} INFO - [2026-08-14T01:18:03.288+0000] {dag.py:3239} INFO - Sync 1 DAGs
[2026-08-14T01:18:03.308+0000] {logging_mixin.py:190} INFO - [2026-08-14T01:18:03.307+0000] {dag.py:4180} INFO - Setting next_dagrun for logistics_orders_incremental_load to 2026-08-13 00:00:00+00:00, run_after=2026-08-14 00:00:00+00:00
[2026-08-14T01:18:03.324+0000] {processor.py:208} INFO - Processing /opt/airflow/dags/logistics_incremental_load.py took 0.484 seconds
[2026-08-14T01:18:33.489+0000] {processor.py:186} INFO - Started process (PID=2285) to work on /opt/airflow/dags/logistics_incremental_load.py
[2026-08-14T01:18:33.490+0000] {processor.py:914} INFO - Processing file /opt/airflow/dags/logistics_incremental_load.py for tasks to queue
[2026-08-14T01:18:33.493+0000] {logging_mixin.py:190} INFO - [2026-08-14T01:18:33.492+0000] {dagbag.py:588} INFO - Filling up the DagBag from /opt/airflow/dags/logistics_incremental_load.py
[2026-08-14T01:18:33.942+0000] {processor.py:925} INFO - DAG(s) 'logistics_orders_incremental_load' retrieved from /opt/airflow/dags/logistics_incremental_load.py
[2026-08-14T01:18:33.963+0000] {logging_mixin.py:190} INFO - [2026-08-14T01:18:33.963+0000] {dag.py:3239} INFO - Sync 1 DAGs
[2026-08-14T01:18:33.984+0000] {logging_mixin.py:190} INFO - [2026-08-14T01:18:33.984+0000] {dag.py:4180} INFO - Setting next_dagrun for logistics_orders_incremental_load to 2026-08-13 00:00:00+00:00, run_after=2026-08-14 00:00:00+00:00
[2026-08-14T01:18:34.008+0000] {processor.py:208} INFO - Processing /opt/airflow/dags/logistics_incremental_load.py took 0.524 seconds
[2026-08-14T01:19:04.877+0000] {processor.py:186} INFO - Started process (PID=2378) to work on /opt/airflow/dags/logistics_incremental_load.py
[2026-08-14T01:19:04.878+0000] {processor.py:914} INFO - Processing file /opt/airflow/dags/logistics_incremental_load.py for tasks to queue
[2026-08-14T01:19:04.880+0000] {logging_mixin.py:190} INFO - [2026-08-14T01:19:04.880+0000] {dagbag.py:588} INFO - Filling up the DagBag from /opt/airflow/dags/logistics_incremental_load.py
[2026-08-14T01:19:05.308+0000] {processor.py:925} INFO - DAG(s) 'logistics_orders_incremental_load' retrieved from /opt/airflow/dags/logistics_incremental_load.py
[2026-08-14T01:19:05.331+0000] {logging_mixin.py:190} INFO - [2026-08-14T01:19:05.330+0000] {dag.py:3239} INFO - Sync 1 DAGs
[2026-08-14T01:19:05.356+0000] {logging_mixin.py:190} INFO - [2026-08-14T01:19:05.356+0000] {dag.py:4180} INFO - Setting next_dagrun for logistics_orders_incremental_load to 2026-08-13 00:00:00+00:00, run_after=2026-08-14 00:00:00+00:00
[2026-08-14T01:19:05.378+0000] {processor.py:208} INFO - Processing /opt/airflow/dags/logistics_incremental_load.py took 0.507 seconds
[2026-08-14T01:19:35.604+0000] {processor.py:186} INFO - Started process (PID=2461) to work on /opt/airflow/dags/logistics_incremental_load.py
[2026-08-14T01:19:35.605+0000] {processor.py:914} INFO - Processing file /opt/airflow/dags/logistics_incremental_load.py for tasks to queue
[2026-08-14T01:19:35.608+0000] {logging_mixin.py:190} INFO - [2026-08-14T01:19:35.607+0000] {dagbag.py:588} INFO - Filling up the DagBag from /opt/airflow/dags/logistics_incremental_load.py
[2026-08-14T01:19:36.023+0000] {processor.py:925} INFO - DAG(s) 'logistics_orders_incremental_load' retrieved from /opt/airflow/dags/logistics_incremental_load.py
[2026-08-14T01:19:36.043+0000] {logging_mixin.py:190} INFO - [2026-08-14T01:19:36.043+0000] {dag.py:3239} INFO - Sync 1 DAGs
[2026-08-14T01:19:36.063+0000] {logging_mixin.py:190} INFO - [2026-08-14T01:19:36.063+0000] {dag.py:4180} INFO - Setting next_dagrun for logistics_orders_incremental_load to 2026-08-13 00:00:00+00:00, run_after=2026-08-14 00:00:00+00:00
[2026-08-14T01:19:36.084+0000] {processor.py:208} INFO - Processing /opt/airflow/dags/logistics_incremental_load.py took 0.486 seconds
[2026-08-14T01:20:06.359+0000] {processor.py:186} INFO - Started process (PID=2554) to work on /opt/airflow/dags/logistics_incremental_load.py
[2026-08-14T01:20:06.363+0000] {processor.py:914} INFO - Processing file /opt/airflow/dags/logistics_incremental_load.py for tasks to queue
[2026-08-14T01:20:06.368+0000] {logging_mixin.py:190} INFO - [2026-08-14T01:20:06.367+0000] {dagbag.py:588} INFO - Filling up the DagBag from /opt/airflow/dags/logistics_incremental_load.py
[2026-08-14T01:20:06.679+0000] {processor.py:925} INFO - DAG(s) 'logistics_orders_incremental_load' retrieved from /opt/airflow/dags/logistics_incremental_load.py
[2026-08-14T01:20:06.709+0000] {logging_mixin.py:190} INFO - [2026-08-14T01:20:06.709+0000] {dag.py:3239} INFO - Sync 1 DAGs
[2026-08-14T01:20:06.741+0000] {logging_mixin.py:190} INFO - [2026-08-14T01:20:06.740+0000] {dag.py:4180} INFO - Setting next_dagrun for logistics_orders_incremental_load to 2026-08-13 00:00:00+00:00, run_after=2026-08-14 00:00:00+00:00
[2026-08-14T01:20:06.770+0000] {processor.py:208} INFO - Processing /opt/airflow/dags/logistics_incremental_load.py took 0.419 seconds
[2026-08-14T01:20:37.667+0000] {processor.py:186} INFO - Started process (PID=2646) to work on /opt/airflow/dags/logistics_incremental_load.py
[2026-08-14T01:20:37.673+0000] {processor.py:914} INFO - Processing file /opt/airflow/dags/logistics_incremental_load.py for tasks to queue
[2026-08-14T01:20:37.708+0000] {logging_mixin.py:190} INFO - [2026-08-14T01:20:37.707+0000] {dagbag.py:588} INFO - Filling up the DagBag from /opt/airflow/dags/logistics_incremental_load.py
[2026-08-14T01:20:38.102+0000] {processor.py:925} INFO - DAG(s) 'logistics_orders_incremental_load' retrieved from /opt/airflow/dags/logistics_incremental_load.py
[2026-08-14T01:20:38.144+0000] {logging_mixin.py:190} INFO - [2026-08-14T01:20:38.143+0000] {dag.py:3239} INFO - Sync 1 DAGs
[2026-08-14T01:20:38.173+0000] {logging_mixin.py:190} INFO - [2026-08-14T01:20:38.173+0000] {dag.py:4180} INFO - Setting next_dagrun for logistics_orders_incremental_load to 2026-08-13 00:00:00+00:00, run_after=2026-08-14 00:00:00+00:00
[2026-08-14T01:20:38.203+0000] {processor.py:208} INFO - Processing /opt/airflow/dags/logistics_incremental_load.py took 0.544 seconds
[2026-08-14T01:21:08.482+0000] {processor.py:186} INFO - Started process (PID=2726) to work on /opt/airflow/dags/logistics_incremental_load.py
[2026-08-14T01:21:08.483+0000] {processor.py:914} INFO - Processing file /opt/airflow/dags/logistics_incremental_load.py for tasks to queue
[2026-08-14T01:21:08.485+0000] {logging_mixin.py:190} INFO - [2026-08-14T01:21:08.485+0000] {dagbag.py:588} INFO - Filling up the DagBag from /opt/airflow/dags/logistics_incremental_load.py
[2026-08-14T01:21:08.762+0000] {processor.py:925} INFO - DAG(s) 'logistics_orders_incremental_load' retrieved from /opt/airflow/dags/logistics_incremental_load.py
[2026-08-14T01:21:08.794+0000] {logging_mixin.py:190} INFO - [2026-08-14T01:21:08.794+0000] {dag.py:3239} INFO - Sync 1 DAGs
[2026-08-14T01:21:08.822+0000] {logging_mixin.py:190} INFO - [2026-08-14T01:21:08.822+0000] {dag.py:4180} INFO - Setting next_dagrun for logistics_orders_incremental_load to 2026-08-13 00:00:00+00:00, run_after=2026-08-14 00:00:00+00:00
[2026-08-14T01:21:08.853+0000] {processor.py:208} INFO - Processing /opt/airflow/dags/logistics_incremental_load.py took 0.377 seconds
[2026-08-14T01:21:39.165+0000] {processor.py:186} INFO - Started process (PID=2815) to work on /opt/airflow/dags/logistics_incremental_load.py
[2026-08-14T01:21:39.166+0000] {processor.py:914} INFO - Processing file /opt/airflow/dags/logistics_incremental_load.py for tasks to queue
[2026-08-14T01:21:39.168+0000] {logging_mixin.py:190} INFO - [2026-08-14T01:21:39.168+0000] {dagbag.py:588} INFO - Filling up the DagBag from /opt/airflow/dags/logistics_incremental_load.py
[2026-08-14T01:21:39.428+0000] {processor.py:925} INFO - DAG(s) 'logistics_orders_incremental_load' retrieved from /opt/airflow/dags/logistics_incremental_load.py
[2026-08-14T01:21:39.452+0000] {logging_mixin.py:190} INFO - [2026-08-14T01:21:39.452+0000] {dag.py:3239} INFO - Sync 1 DAGs
[2026-08-14T01:21:39.475+0000] {logging_mixin.py:190} INFO - [2026-08-14T01:21:39.475+0000] {dag.py:4180} INFO - Setting next_dagrun for logistics_orders_incremental_load to 2026-08-13 00:00:00+00:00, run_after=2026-08-14 00:00:00+00:00
[2026-08-14T01:21:39.497+0000] {processor.py:208} INFO - Processing /opt/airflow/dags/logistics_incremental_load.py took 0.336 seconds
[2026-08-14T01:29:20.224+0000] {processor.py:186} INFO - Started process (PID=169) to work on /opt/airflow/dags/logistics_incremental_load.py
[2026-08-14T01:29:20.225+0000] {processor.py:914} INFO - Processing file /opt/airflow/dags/logistics_incremental_load.py for tasks to queue
[2026-08-14T01:29:20.228+0000] {logging_mixin.py:190} INFO - [2026-08-14T01:29:20.228+0000] {dagbag.py:588} INFO - Filling up the DagBag from /opt/airflow/dags/logistics_incremental_load.py
[2026-08-14T01:29:21.031+0000] {processor.py:925} INFO - DAG(s) 'logistics_orders_incremental_load' retrieved from /opt/airflow/dags/logistics_incremental_load.py
[2026-08-14T01:29:21.179+0000] {logging_mixin.py:190} INFO - [2026-08-14T01:29:21.179+0000] {dag.py:3239} INFO - Sync 1 DAGs
[2026-08-14T01:29:21.278+0000] {logging_mixin.py:190} INFO - [2026-08-14T01:29:21.278+0000] {dag.py:4180} INFO - Setting next_dagrun for logistics_orders_incremental_load to 2026-08-13 00:00:00+00:00, run_after=2026-08-14 00:00:00+00:00
[2026-08-14T01:29:21.323+0000] {processor.py:208} INFO - Processing /opt/airflow/dags/logistics_incremental_load.py took 1.116 seconds
[2026-08-14T01:29:51.509+0000] {processor.py:186} INFO - Started process (PID=258) to work on /opt/airflow/dags/logistics_incremental_load.py
[2026-08-14T01:29:51.510+0000] {processor.py:914} INFO - Processing file /opt/airflow/dags/logistics_incremental_load.py for tasks to queue
[2026-08-14T01:29:51.513+0000] {logging_mixin.py:190} INFO - [2026-08-14T01:29:51.513+0000] {dagbag.py:588} INFO - Filling up the DagBag from /opt/airflow/dags/logistics_incremental_load.py
[2026-08-14T01:29:51.831+0000] {processor.py:925} INFO - DAG(s) 'logistics_orders_incremental_load' retrieved from /opt/airflow/dags/logistics_incremental_load.py
[2026-08-14T01:29:51.863+0000] {logging_mixin.py:190} INFO - [2026-08-14T01:29:51.862+0000] {dag.py:3239} INFO - Sync 1 DAGs
[2026-08-14T01:29:51.895+0000] {logging_mixin.py:190} INFO - [2026-08-14T01:29:51.895+0000] {dag.py:4180} INFO - Setting next_dagrun for logistics_orders_incremental_load to 2026-08-13 00:00:00+00:00, run_after=2026-08-14 00:00:00+00:00
[2026-08-14T01:29:51.933+0000] {processor.py:208} INFO - Processing /opt/airflow/dags/logistics_incremental_load.py took 0.430 seconds
[2026-08-14T01:30:22.882+0000] {processor.py:186} INFO - Started process (PID=354) to work on /opt/airflow/dags/logistics_incremental_load.py
[2026-08-14T01:30:22.883+0000] {processor.py:914} INFO - Processing file /opt/airflow/dags/logistics_incremental_load.py for tasks to queue
[2026-08-14T01:30:22.886+0000] {logging_mixin.py:190} INFO - [2026-08-14T01:30:22.885+0000] {dagbag.py:588} INFO - Filling up the DagBag from /opt/airflow/dags/logistics_incremental_load.py
[2026-08-14T01:30:23.291+0000] {processor.py:925} INFO - DAG(s) 'logistics_orders_incremental_load' retrieved from /opt/airflow/dags/logistics_incremental_load.py
[2026-08-14T01:30:23.317+0000] {logging_mixin.py:190} INFO - [2026-08-14T01:30:23.317+0000] {dag.py:3239} INFO - Sync 1 DAGs
[2026-08-14T01:30:23.341+0000] {logging_mixin.py:190} INFO - [2026-08-14T01:30:23.341+0000] {dag.py:4180} INFO - Setting next_dagrun for logistics_orders_incremental_load to 2026-08-13 00:00:00+00:00, run_after=2026-08-14 00:00:00+00:00
[2026-08-14T01:30:23.363+0000] {processor.py:208} INFO - Processing /opt/airflow/dags/logistics_incremental_load.py took 0.487 seconds
[2026-08-14T01:30:53.606+0000] {processor.py:186} INFO - Started process (PID=440) to work on /opt/airflow/dags/logistics_incremental_load.py
[2026-08-14T01:30:53.608+0000] {processor.py:914} INFO - Processing file /opt/airflow/dags/logistics_incremental_load.py for tasks to queue
[2026-08-14T01:30:53.610+0000] {logging_mixin.py:190} INFO - [2026-08-14T01:30:53.610+0000] {dagbag.py:588} INFO - Filling up the DagBag from /opt/airflow/dags/logistics_incremental_load.py
[2026-08-14T01:30:53.878+0000] {processor.py:925} INFO - DAG(s) 'logistics_orders_incremental_load' retrieved from /opt/airflow/dags/logistics_incremental_load.py
[2026-08-14T01:30:53.902+0000] {logging_mixin.py:190} INFO - [2026-08-14T01:30:53.902+0000] {dag.py:3239} INFO - Sync 1 DAGs
[2026-08-14T01:30:53.925+0000] {logging_mixin.py:190} INFO - [2026-08-14T01:30:53.924+0000] {dag.py:4180} INFO - Setting next_dagrun for logistics_orders_incremental_load to 2026-08-13 00:00:00+00:00, run_after=2026-08-14 00:00:00+00:00
[2026-08-14T01:30:53.946+0000] {processor.py:208} INFO - Processing /opt/airflow/dags/logistics_incremental_load.py took 0.345 seconds
[2026-08-14T01:31:24.300+0000] {processor.py:186} INFO - Started process (PID=532) to work on /opt/airflow/dags/logistics_incremental_load.py
[2026-08-14T01:31:24.301+0000] {processor.py:914} INFO - Processing file /opt/airflow/dags/logistics_incremental_load.py for tasks to queue
[2026-08-14T01:31:24.305+0000] {logging_mixin.py:190} INFO - [2026-08-14T01:31:24.305+0000] {dagbag.py:588} INFO - Filling up the DagBag from /opt/airflow/dags/logistics_incremental_load.py
[2026-08-14T01:31:24.752+0000] {processor.py:925} INFO - DAG(s) 'logistics_orders_incremental_load' retrieved from /opt/airflow/dags/logistics_incremental_load.py
[2026-08-14T01:31:24.779+0000] {logging_mixin.py:190} INFO - [2026-08-14T01:31:24.778+0000] {dag.py:3239} INFO - Sync 1 DAGs
[2026-08-14T01:31:24.802+0000] {logging_mixin.py:190} INFO - [2026-08-14T01:31:24.802+0000] {dag.py:4180} INFO - Setting next_dagrun for logistics_orders_incremental_load to 2026-08-13 00:00:00+00:00, run_after=2026-08-14 00:00:00+00:00
[2026-08-14T01:31:24.830+0000] {processor.py:208} INFO - Processing /opt/airflow/dags/logistics_incremental_load.py took 0.536 seconds
[2026-08-14T01:31:54.914+0000] {processor.py:186} INFO - Started process (PID=631) to work on /opt/airflow/dags/logistics_incremental_load.py
[2026-08-14T01:31:54.916+0000] {processor.py:914} INFO - Processing file /opt/airflow/dags/logistics_incremental_load.py for tasks to queue
[2026-08-14T01:31:54.919+0000] {logging_mixin.py:190} INFO - [2026-08-14T01:31:54.918+0000] {dagbag.py:588} INFO - Filling up the DagBag from /opt/airflow/dags/logistics_incremental_load.py
[2026-08-14T01:31:55.180+0000] {processor.py:925} INFO - DAG(s) 'logistics_orders_incremental_load' retrieved from /opt/airflow/dags/logistics_incremental_load.py
[2026-08-14T01:31:55.203+0000] {logging_mixin.py:190} INFO - [2026-08-14T01:31:55.202+0000] {dag.py:3239} INFO - Sync 1 DAGs
[2026-08-14T01:31:55.223+0000] {logging_mixin.py:190} INFO - [2026-08-14T01:31:55.223+0000] {dag.py:4180} INFO - Setting next_dagrun for logistics_orders_incremental_load to 2026-08-13 00:00:00+00:00, run_after=2026-08-14 00:00:00+00:00
[2026-08-14T01:31:55.245+0000] {processor.py:208} INFO - Processing /opt/airflow/dags/logistics_incremental_load.py took 0.336 seconds
[2026-08-14T01:32:25.873+0000] {processor.py:186} INFO - Started process (PID=708) to work on /opt/airflow/dags/logistics_incremental_load.py
[2026-08-14T01:32:25.874+0000] {processor.py:914} INFO - Processing file /opt/airflow/dags/logistics_incremental_load.py for tasks to queue
[2026-08-14T01:32:25.877+0000] {logging_mixin.py:190} INFO - [2026-08-14T01:32:25.876+0000] {dagbag.py:588} INFO - Filling up the DagBag from /opt/airflow/dags/logistics_incremental_load.py
[2026-08-14T01:32:26.162+0000] {processor.py:925} INFO - DAG(s) 'logistics_orders_incremental_load' retrieved from /opt/airflow/dags/logistics_incremental_load.py
[2026-08-14T01:32:26.188+0000] {logging_mixin.py:190} INFO - [2026-08-14T01:32:26.188+0000] {dag.py:3239} INFO - Sync 1 DAGs
[2026-08-14T01:32:26.352+0000] {logging_mixin.py:190} INFO - [2026-08-14T01:32:26.352+0000] {dag.py:4180} INFO - Setting next_dagrun for logistics_orders_incremental_load to 2026-08-13 00:00:00+00:00, run_after=2026-08-14 00:00:00+00:00
[2026-08-14T01:32:26.369+0000] {processor.py:208} INFO - Processing /opt/airflow/dags/logistics_incremental_load.py took 0.502 seconds
[2026-08-14T01:32:57.079+0000] {processor.py:186} INFO - Started process (PID=794) to work on /opt/airflow/dags/logistics_incremental_load.py
[2026-08-14T01:32:57.080+0000] {processor.py:914} INFO - Processing file /opt/airflow/dags/logistics_incremental_load.py for tasks to queue
[2026-08-14T01:32:57.084+0000] {logging_mixin.py:190} INFO - [2026-08-14T01:32:57.083+0000] {dagbag.py:588} INFO - Filling up the DagBag from /opt/airflow/dags/logistics_incremental_load.py
[2026-08-14T01:32:57.367+0000] {processor.py:925} INFO - DAG(s) 'logistics_orders_incremental_load' retrieved from /opt/airflow/dags/logistics_incremental_load.py
[2026-08-14T01:32:57.390+0000] {logging_mixin.py:190} INFO - [2026-08-14T01:32:57.390+0000] {dag.py:3239} INFO - Sync 1 DAGs
[2026-08-14T01:32:57.410+0000] {logging_mixin.py:190} INFO - [2026-08-14T01:32:57.410+0000] {dag.py:4180} INFO - Setting next_dagrun for logistics_orders_incremental_load to 2026-08-13 00:00:00+00:00, run_after=2026-08-14 00:00:00+00:00
[2026-08-14T01:32:57.432+0000] {processor.py:208} INFO - Processing /opt/airflow/dags/logistics_incremental_load.py took 0.357 seconds
[2026-08-14T01:33:27.719+0000] {processor.py:186} INFO - Started process (PID=883) to work on /opt/airflow/dags/logistics_incremental_load.py
[2026-08-14T01:33:27.720+0000] {processor.py:914} INFO - Processing file /opt/airflow/dags/logistics_incremental_load.py for tasks to queue
[2026-08-14T01:33:27.722+0000] {logging_mixin.py:190} INFO - [2026-08-14T01:33:27.722+0000] {dagbag.py:588} INFO - Filling up the DagBag from /opt/airflow/dags/logistics_incremental_load.py
[2026-08-14T01:33:28.013+0000] {processor.py:925} INFO - DAG(s) 'logistics_orders_incremental_load' retrieved from /opt/airflow/dags/logistics_incremental_load.py
[2026-08-14T01:33:28.173+0000] {logging_mixin.py:190} INFO - [2026-08-14T01:33:28.173+0000] {dag.py:3239} INFO - Sync 1 DAGs
[2026-08-14T01:33:28.195+0000] {logging_mixin.py:190} INFO - [2026-08-14T01:33:28.194+0000] {dag.py:4180} INFO - Setting next_dagrun for logistics_orders_incremental_load to 2026-08-13 00:00:00+00:00, run_after=2026-08-14 00:00:00+00:00
[2026-08-14T01:33:28.213+0000] {processor.py:208} INFO - Processing /opt/airflow/dags/logistics_incremental_load.py took 0.499 seconds
[2026-08-14T01:33:58.393+0000] {processor.py:186} INFO - Started process (PID=980) to work on /opt/airflow/dags/logistics_incremental_load.py
[2026-08-14T01:33:58.394+0000] {processor.py:914} INFO - Processing file /opt/airflow/dags/logistics_incremental_load.py for tasks to queue
[2026-08-14T01:33:58.397+0000] {logging_mixin.py:190} INFO - [2026-08-14T01:33:58.396+0000] {dagbag.py:588} INFO - Filling up the DagBag from /opt/airflow/dags/logistics_incremental_load.py
[2026-08-14T01:33:58.674+0000] {processor.py:925} INFO - DAG(s) 'logistics_orders_incremental_load' retrieved from /opt/airflow/dags/logistics_incremental_load.py
[2026-08-14T01:33:58.705+0000] {logging_mixin.py:190} INFO - [2026-08-14T01:33:58.705+0000] {dag.py:3239} INFO - Sync 1 DAGs
[2026-08-14T01:33:58.873+0000] {logging_mixin.py:190} INFO - [2026-08-14T01:33:58.873+0000] {dag.py:4180} INFO - Setting next_dagrun for logistics_orders_incremental_load to 2026-08-13 00:00:00+00:00, run_after=2026-08-14 00:00:00+00:00
[2026-08-14T01:33:58.893+0000] {processor.py:208} INFO - Processing /opt/airflow/dags/logistics_incremental_load.py took 0.505 seconds
[2026-08-14T01:34:29.630+0000] {processor.py:186} INFO - Started process (PID=1066) to work on /opt/airflow/dags/logistics_incremental_load.py
[2026-08-14T01:34:29.631+0000] {processor.py:914} INFO - Processing file /opt/airflow/dags/logistics_incremental_load.py for tasks to queue
[2026-08-14T01:34:29.633+0000] {logging_mixin.py:190} INFO - [2026-08-14T01:34:29.633+0000] {dagbag.py:588} INFO - Filling up the DagBag from /opt/airflow/dags/logistics_incremental_load.py
[2026-08-14T01:34:30.028+0000] {processor.py:925} INFO - DAG(s) 'logistics_orders_incremental_load' retrieved from /opt/airflow/dags/logistics_incremental_load.py
[2026-08-14T01:34:30.050+0000] {logging_mixin.py:190} INFO - [2026-08-14T01:34:30.050+0000] {dag.py:3239} INFO - Sync 1 DAGs
[2026-08-14T01:34:30.071+0000] {logging_mixin.py:190} INFO - [2026-08-14T01:34:30.070+0000] {dag.py:4180} INFO - Setting next_dagrun for logistics_orders_incremental_load to 2026-08-13 00:00:00+00:00, run_after=2026-08-14 00:00:00+00:00
[2026-08-14T01:34:30.090+0000] {processor.py:208} INFO - Processing /opt/airflow/dags/logistics_incremental_load.py took 0.465 seconds
[2026-08-14T01:35:00.239+0000] {processor.py:186} INFO - Started process (PID=1170) to work on /opt/airflow/dags/logistics_incremental_load.py
[2026-08-14T01:35:00.241+0000] {processor.py:914} INFO - Processing file /opt/airflow/dags/logistics_incremental_load.py for tasks to queue
[2026-08-14T01:35:00.243+0000] {logging_mixin.py:190} INFO - [2026-08-14T01:35:00.243+0000] {dagbag.py:588} INFO - Filling up the DagBag from /opt/airflow/dags/logistics_incremental_load.py
[2026-08-14T01:35:00.610+0000] {processor.py:925} INFO - DAG(s) 'logistics_orders_incremental_load' retrieved from /opt/airflow/dags/logistics_incremental_load.py
[2026-08-14T01:35:00.630+0000] {logging_mixin.py:190} INFO - [2026-08-14T01:35:00.630+0000] {dag.py:3239} INFO - Sync 1 DAGs
[2026-08-14T01:35:00.648+0000] {logging_mixin.py:190} INFO - [2026-08-14T01:35:00.648+0000] {dag.py:4180} INFO - Setting next_dagrun for logistics_orders_incremental_load to 2026-08-13 00:00:00+00:00, run_after=2026-08-14 00:00:00+00:00
[2026-08-14T01:35:00.665+0000] {processor.py:208} INFO - Processing /opt/airflow/dags/logistics_incremental_load.py took 0.430 seconds
[2026-08-14T01:37:47.264+0000] {processor.py:186} INFO - Started process (PID=168) to work on /opt/airflow/dags/logistics_incremental_load.py
[2026-08-14T01:37:47.268+0000] {processor.py:914} INFO - Processing file /opt/airflow/dags/logistics_incremental_load.py for tasks to queue
[2026-08-14T01:37:47.291+0000] {logging_mixin.py:190} INFO - [2026-08-14T01:37:47.282+0000] {dagbag.py:588} INFO - Filling up the DagBag from /opt/airflow/dags/logistics_incremental_load.py
[2026-08-14T01:37:48.082+0000] {processor.py:925} INFO - DAG(s) 'logistics_orders_incremental_load' retrieved from /opt/airflow/dags/logistics_incremental_load.py
[2026-08-14T01:37:48.210+0000] {logging_mixin.py:190} INFO - [2026-08-14T01:37:48.210+0000] {dag.py:3239} INFO - Sync 1 DAGs
[2026-08-14T01:37:48.327+0000] {logging_mixin.py:190} INFO - [2026-08-14T01:37:48.326+0000] {dag.py:4180} INFO - Setting next_dagrun for logistics_orders_incremental_load to 2026-08-13 00:00:00+00:00, run_after=2026-08-14 00:00:00+00:00
[2026-08-14T01:37:48.419+0000] {processor.py:208} INFO - Processing /opt/airflow/dags/logistics_incremental_load.py took 1.174 seconds
[2026-08-14T01:38:18.599+0000] {processor.py:186} INFO - Started process (PID=254) to work on /opt/airflow/dags/logistics_incremental_load.py
[2026-08-14T01:38:18.601+0000] {processor.py:914} INFO - Processing file /opt/airflow/dags/logistics_incremental_load.py for tasks to queue
[2026-08-14T01:38:18.603+0000] {logging_mixin.py:190} INFO - [2026-08-14T01:38:18.603+0000] {dagbag.py:588} INFO - Filling up the DagBag from /opt/airflow/dags/logistics_incremental_load.py
[2026-08-14T01:38:19.009+0000] {processor.py:925} INFO - DAG(s) 'logistics_orders_incremental_load' retrieved from /opt/airflow/dags/logistics_incremental_load.py
[2026-08-14T01:38:19.046+0000] {logging_mixin.py:190} INFO - [2026-08-14T01:38:19.046+0000] {dag.py:3239} INFO - Sync 1 DAGs
[2026-08-14T01:38:19.082+0000] {logging_mixin.py:190} INFO - [2026-08-14T01:38:19.082+0000] {dag.py:4180} INFO - Setting next_dagrun for logistics_orders_incremental_load to 2026-08-13 00:00:00+00:00, run_after=2026-08-14 00:00:00+00:00
[2026-08-14T01:38:19.113+0000] {processor.py:208} INFO - Processing /opt/airflow/dags/logistics_incremental_load.py took 0.522 seconds
[2026-08-14T01:38:50.583+0000] {processor.py:186} INFO - Started process (PID=353) to work on /opt/airflow/dags/logistics_incremental_load.py
[2026-08-14T01:38:50.584+0000] {processor.py:914} INFO - Processing file /opt/airflow/dags/logistics_incremental_load.py for tasks to queue
[2026-08-14T01:38:50.586+0000] {logging_mixin.py:190} INFO - [2026-08-14T01:38:50.586+0000] {dagbag.py:588} INFO - Filling up the DagBag from /opt/airflow/dags/logistics_incremental_load.py
[2026-08-14T01:38:51.038+0000] {processor.py:925} INFO - DAG(s) 'logistics_orders_incremental_load' retrieved from /opt/airflow/dags/logistics_incremental_load.py
[2026-08-14T01:38:51.082+0000] {logging_mixin.py:190} INFO - [2026-08-14T01:38:51.082+0000] {dag.py:3239} INFO - Sync 1 DAGs
[2026-08-14T01:38:51.150+0000] {logging_mixin.py:190} INFO - [2026-08-14T01:38:51.150+0000] {dag.py:4180} INFO - Setting next_dagrun for logistics_orders_incremental_load to 2026-08-13 00:00:00+00:00, run_after=2026-08-14 00:00:00+00:00
[2026-08-14T01:38:51.183+0000] {processor.py:208} INFO - Processing /opt/airflow/dags/logistics_incremental_load.py took 0.607 seconds
[2026-08-14T01:39:21.298+0000] {processor.py:186} INFO - Started process (PID=437) to work on /opt/airflow/dags/logistics_incremental_load.py
[2026-08-14T01:39:21.300+0000] {processor.py:914} INFO - Processing file /opt/airflow/dags/logistics_incremental_load.py for tasks to queue
[2026-08-14T01:39:21.301+0000] {logging_mixin.py:190} INFO - [2026-08-14T01:39:21.301+0000] {dagbag.py:588} INFO - Filling up the DagBag from /opt/airflow/dags/logistics_incremental_load.py
[2026-08-14T01:39:21.655+0000] {processor.py:925} INFO - DAG(s) 'logistics_orders_incremental_load' retrieved from /opt/airflow/dags/logistics_incremental_load.py
[2026-08-14T01:39:21.681+0000] {logging_mixin.py:190} INFO - [2026-08-14T01:39:21.681+0000] {dag.py:3239} INFO - Sync 1 DAGs
[2026-08-14T01:39:21.703+0000] {logging_mixin.py:190} INFO - [2026-08-14T01:39:21.703+0000] {dag.py:4180} INFO - Setting next_dagrun for logistics_orders_incremental_load to 2026-08-13 00:00:00+00:00, run_after=2026-08-14 00:00:00+00:00
[2026-08-14T01:39:21.724+0000] {processor.py:208} INFO - Processing /opt/airflow/dags/logistics_incremental_load.py took 0.438 seconds
[2026-08-14T01:39:52.143+0000] {processor.py:186} INFO - Started process (PID=526) to work on /opt/airflow/dags/logistics_incremental_load.py
[2026-08-14T01:39:52.145+0000] {processor.py:914} INFO - Processing file /opt/airflow/dags/logistics_incremental_load.py for tasks to queue
[2026-08-14T01:39:52.146+0000] {logging_mixin.py:190} INFO - [2026-08-14T01:39:52.146+0000] {dagbag.py:588} INFO - Filling up the DagBag from /opt/airflow/dags/logistics_incremental_load.py
[2026-08-14T01:39:52.497+0000] {processor.py:925} INFO - DAG(s) 'logistics_orders_incremental_load' retrieved from /opt/airflow/dags/logistics_incremental_load.py
[2026-08-14T01:39:52.523+0000] {logging_mixin.py:190} INFO - [2026-08-14T01:39:52.523+0000] {dag.py:3239} INFO - Sync 1 DAGs
[2026-08-14T01:39:52.546+0000] {logging_mixin.py:190} INFO - [2026-08-14T01:39:52.546+0000] {dag.py:4180} INFO - Setting next_dagrun for logistics_orders_incremental_load to 2026-08-13 00:00:00+00:00, run_after=2026-08-14 00:00:00+00:00
[2026-08-14T01:39:52.564+0000] {processor.py:208} INFO - Processing /opt/airflow/dags/logistics_incremental_load.py took 0.427 seconds
[2026-08-14T01:40:23.297+0000] {processor.py:186} INFO - Started process (PID=615) to work on /opt/airflow/dags/logistics_incremental_load.py
[2026-08-14T01:40:23.299+0000] {processor.py:914} INFO - Processing file /opt/airflow/dags/logistics_incremental_load.py for tasks to queue
[2026-08-14T01:40:23.300+0000] {logging_mixin.py:190} INFO - [2026-08-14T01:40:23.300+0000] {dagbag.py:588} INFO - Filling up the DagBag from /opt/airflow/dags/logistics_incremental_load.py
[2026-08-14T01:40:23.599+0000] {processor.py:925} INFO - DAG(s) 'logistics_orders_incremental_load' retrieved from /opt/airflow/dags/logistics_incremental_load.py
[2026-08-14T01:40:23.626+0000] {logging_mixin.py:190} INFO - [2026-08-14T01:40:23.626+0000] {dag.py:3239} INFO - Sync 1 DAGs
[2026-08-14T01:40:23.651+0000] {logging_mixin.py:190} INFO - [2026-08-14T01:40:23.651+0000] {dag.py:4180} INFO - Setting next_dagrun for logistics_orders_incremental_load to 2026-08-13 00:00:00+00:00, run_after=2026-08-14 00:00:00+00:00
[2026-08-14T01:40:23.670+0000] {processor.py:208} INFO - Processing /opt/airflow/dags/logistics_incremental_load.py took 0.378 seconds
[2026-08-14T01:40:54.473+0000] {processor.py:186} INFO - Started process (PID=701) to work on /opt/airflow/dags/logistics_incremental_load.py
[2026-08-14T01:40:54.474+0000] {processor.py:914} INFO - Processing file /opt/airflow/dags/logistics_incremental_load.py for tasks to queue
[2026-08-14T01:40:54.476+0000] {logging_mixin.py:190} INFO - [2026-08-14T01:40:54.476+0000] {dagbag.py:588} INFO - Filling up the DagBag from /opt/airflow/dags/logistics_incremental_load.py
[2026-08-14T01:40:54.751+0000] {processor.py:925} INFO - DAG(s) 'logistics_orders_incremental_load' retrieved from /opt/airflow/dags/logistics_incremental_load.py
[2026-08-14T01:40:54.773+0000] {logging_mixin.py:190} INFO - [2026-08-14T01:40:54.773+0000] {dag.py:3239} INFO - Sync 1 DAGs
[2026-08-14T01:40:54.795+0000] {logging_mixin.py:190} INFO - [2026-08-14T01:40:54.795+0000] {dag.py:4180} INFO - Setting next_dagrun for logistics_orders_incremental_load to 2026-08-13 00:00:00+00:00, run_after=2026-08-14 00:00:00+00:00
[2026-08-14T01:40:54.814+0000] {processor.py:208} INFO - Processing /opt/airflow/dags/logistics_incremental_load.py took 0.346 seconds
[2026-08-14T01:41:25.198+0000] {processor.py:186} INFO - Started process (PID=790) to work on /opt/airflow/dags/logistics_incremental_load.py
[2026-08-14T01:41:25.199+0000] {processor.py:914} INFO - Processing file /opt/airflow/dags/logistics_incremental_load.py for tasks to queue
[2026-08-14T01:41:25.201+0000] {logging_mixin.py:190} INFO - [2026-08-14T01:41:25.200+0000] {dagbag.py:588} INFO - Filling up the DagBag from /opt/airflow/dags/logistics_incremental_load.py
[2026-08-14T01:41:25.486+0000] {processor.py:925} INFO - DAG(s) 'logistics_orders_incremental_load' retrieved from /opt/airflow/dags/logistics_incremental_load.py
[2026-08-14T01:41:25.509+0000] {logging_mixin.py:190} INFO - [2026-08-14T01:41:25.509+0000] {dag.py:3239} INFO - Sync 1 DAGs
[2026-08-14T01:41:25.531+0000] {logging_mixin.py:190} INFO - [2026-08-14T01:41:25.531+0000] {dag.py:4180} INFO - Setting next_dagrun for logistics_orders_incremental_load to 2026-08-13 00:00:00+00:00, run_after=2026-08-14 00:00:00+00:00
[2026-08-14T01:41:25.553+0000] {processor.py:208} INFO - Processing /opt/airflow/dags/logistics_incremental_load.py took 0.360 seconds
[2026-08-14T01:41:55.680+0000] {processor.py:186} INFO - Started process (PID=877) to work on /opt/airflow/dags/logistics_incremental_load.py
[2026-08-14T01:41:55.681+0000] {processor.py:914} INFO - Processing file /opt/airflow/dags/logistics_incremental_load.py for tasks to queue
[2026-08-14T01:41:55.683+0000] {logging_mixin.py:190} INFO - [2026-08-14T01:41:55.683+0000] {dagbag.py:588} INFO - Filling up the DagBag from /opt/airflow/dags/logistics_incremental_load.py
[2026-08-14T01:41:55.969+0000] {processor.py:925} INFO - DAG(s) 'logistics_orders_incremental_load' retrieved from /opt/airflow/dags/logistics_incremental_load.py
[2026-08-14T01:41:56.001+0000] {logging_mixin.py:190} INFO - [2026-08-14T01:41:56.001+0000] {dag.py:3239} INFO - Sync 1 DAGs
[2026-08-14T01:41:56.027+0000] {logging_mixin.py:190} INFO - [2026-08-14T01:41:56.026+0000] {dag.py:4180} INFO - Setting next_dagrun for logistics_orders_incremental_load to 2026-08-13 00:00:00+00:00, run_after=2026-08-14 00:00:00+00:00
[2026-08-14T01:41:56.047+0000] {processor.py:208} INFO - Processing /opt/airflow/dags/logistics_incremental_load.py took 0.374 seconds
[2026-08-14T01:42:26.307+0000] {processor.py:186} INFO - Started process (PID=963) to work on /opt/airflow/dags/logistics_incremental_load.py
[2026-08-14T01:42:26.310+0000] {processor.py:914} INFO - Processing file /opt/airflow/dags/logistics_incremental_load.py for tasks to queue
[2026-08-14T01:42:26.311+0000] {logging_mixin.py:190} INFO - [2026-08-14T01:42:26.311+0000] {dagbag.py:588} INFO - Filling up the DagBag from /opt/airflow/dags/logistics_incremental_load.py
[2026-08-14T01:42:26.612+0000] {processor.py:925} INFO - DAG(s) 'logistics_orders_incremental_load' retrieved from /opt/airflow/dags/logistics_incremental_load.py
[2026-08-14T01:42:26.639+0000] {logging_mixin.py:190} INFO - [2026-08-14T01:42:26.638+0000] {dag.py:3239} INFO - Sync 1 DAGs
[2026-08-14T01:42:26.795+0000] {logging_mixin.py:190} INFO - [2026-08-14T01:42:26.795+0000] {dag.py:4180} INFO - Setting next_dagrun for logistics_orders_incremental_load to 2026-08-13 00:00:00+00:00, run_after=2026-08-14 00:00:00+00:00
[2026-08-14T01:42:26.815+0000] {processor.py:208} INFO - Processing /opt/airflow/dags/logistics_incremental_load.py took 0.513 seconds
[2026-08-14T01:42:56.947+0000] {processor.py:186} INFO - Started process (PID=1067) to work on /opt/airflow/dags/logistics_incremental_load.py
[2026-08-14T01:42:56.948+0000] {processor.py:914} INFO - Processing file /opt/airflow/dags/logistics_incremental_load.py for tasks to queue
[2026-08-14T01:42:56.949+0000] {logging_mixin.py:190} INFO - [2026-08-14T01:42:56.949+0000] {dagbag.py:588} INFO - Filling up the DagBag from /opt/airflow/dags/logistics_incremental_load.py
[2026-08-14T01:42:57.228+0000] {processor.py:925} INFO - DAG(s) 'logistics_orders_incremental_load' retrieved from /opt/airflow/dags/logistics_incremental_load.py
[2026-08-14T01:42:57.255+0000] {logging_mixin.py:190} INFO - [2026-08-14T01:42:57.255+0000] {dag.py:3239} INFO - Sync 1 DAGs
[2026-08-14T01:42:57.395+0000] {logging_mixin.py:190} INFO - [2026-08-14T01:42:57.395+0000] {dag.py:4180} INFO - Setting next_dagrun for logistics_orders_incremental_load to 2026-08-13 00:00:00+00:00, run_after=2026-08-14 00:00:00+00:00
[2026-08-14T01:42:57.413+0000] {processor.py:208} INFO - Processing /opt/airflow/dags/logistics_incremental_load.py took 0.472 seconds
[2026-08-14T01:43:27.494+0000] {processor.py:186} INFO - Started process (PID=1154) to work on /opt/airflow/dags/logistics_incremental_load.py
[2026-08-14T01:43:27.496+0000] {processor.py:914} INFO - Processing file /opt/airflow/dags/logistics_incremental_load.py for tasks to queue
[2026-08-14T01:43:27.497+0000] {logging_mixin.py:190} INFO - [2026-08-14T01:43:27.497+0000] {dagbag.py:588} INFO - Filling up the DagBag from /opt/airflow/dags/logistics_incremental_load.py
[2026-08-14T01:43:27.900+0000] {processor.py:925} INFO - DAG(s) 'logistics_orders_incremental_load' retrieved from /opt/airflow/dags/logistics_incremental_load.py
[2026-08-14T01:43:27.921+0000] {logging_mixin.py:190} INFO - [2026-08-14T01:43:27.921+0000] {dag.py:3239} INFO - Sync 1 DAGs
[2026-08-14T01:43:27.943+0000] {logging_mixin.py:190} INFO - [2026-08-14T01:43:27.943+0000] {dag.py:4180} INFO - Setting next_dagrun for logistics_orders_incremental_load to 2026-08-13 00:00:00+00:00, run_after=2026-08-14 00:00:00+00:00
[2026-08-14T01:43:27.963+0000] {processor.py:208} INFO - Processing /opt/airflow/dags/logistics_incremental_load.py took 0.475 seconds
[2026-08-14T01:43:58.974+0000] {processor.py:186} INFO - Started process (PID=1251) to work on /opt/airflow/dags/logistics_incremental_load.py
[2026-08-14T01:43:58.975+0000] {processor.py:914} INFO - Processing file /opt/airflow/dags/logistics_incremental_load.py for tasks to queue
[2026-08-14T01:43:58.977+0000] {logging_mixin.py:190} INFO - [2026-08-14T01:43:58.977+0000] {dagbag.py:588} INFO - Filling up the DagBag from /opt/airflow/dags/logistics_incremental_load.py
[2026-08-14T01:43:59.376+0000] {processor.py:925} INFO - DAG(s) 'logistics_orders_incremental_load' retrieved from /opt/airflow/dags/logistics_incremental_load.py
[2026-08-14T01:43:59.401+0000] {logging_mixin.py:190} INFO - [2026-08-14T01:43:59.400+0000] {dag.py:3239} INFO - Sync 1 DAGs
[2026-08-14T01:43:59.422+0000] {logging_mixin.py:190} INFO - [2026-08-14T01:43:59.422+0000] {dag.py:4180} INFO - Setting next_dagrun for logistics_orders_incremental_load to 2026-08-13 00:00:00+00:00, run_after=2026-08-14 00:00:00+00:00
[2026-08-14T01:43:59.442+0000] {processor.py:208} INFO - Processing /opt/airflow/dags/logistics_incremental_load.py took 0.473 seconds
[2026-08-14T01:44:29.744+0000] {processor.py:186} INFO - Started process (PID=1335) to work on /opt/airflow/dags/logistics_incremental_load.py
[2026-08-14T01:44:29.745+0000] {processor.py:914} INFO - Processing file /opt/airflow/dags/logistics_incremental_load.py for tasks to queue
[2026-08-14T01:44:29.747+0000] {logging_mixin.py:190} INFO - [2026-08-14T01:44:29.746+0000] {dagbag.py:588} INFO - Filling up the DagBag from /opt/airflow/dags/logistics_incremental_load.py
[2026-08-14T01:44:30.165+0000] {processor.py:925} INFO - DAG(s) 'logistics_orders_incremental_load' retrieved from /opt/airflow/dags/logistics_incremental_load.py
[2026-08-14T01:44:30.187+0000] {logging_mixin.py:190} INFO - [2026-08-14T01:44:30.187+0000] {dag.py:3239} INFO - Sync 1 DAGs
[2026-08-14T01:44:30.212+0000] {logging_mixin.py:190} INFO - [2026-08-14T01:44:30.212+0000] {dag.py:4180} INFO - Setting next_dagrun for logistics_orders_incremental_load to 2026-08-13 00:00:00+00:00, run_after=2026-08-14 00:00:00+00:00
[2026-08-14T01:44:30.233+0000] {processor.py:208} INFO - Processing /opt/airflow/dags/logistics_incremental_load.py took 0.496 seconds
[2026-08-14T01:45:00.321+0000] {processor.py:186} INFO - Started process (PID=1434) to work on /opt/airflow/dags/logistics_incremental_load.py
[2026-08-14T01:45:00.322+0000] {processor.py:914} INFO - Processing file /opt/airflow/dags/logistics_incremental_load.py for tasks to queue
[2026-08-14T01:45:00.323+0000] {logging_mixin.py:190} INFO - [2026-08-14T01:45:00.323+0000] {dagbag.py:588} INFO - Filling up the DagBag from /opt/airflow/dags/logistics_incremental_load.py
[2026-08-14T01:45:00.746+0000] {processor.py:925} INFO - DAG(s) 'logistics_orders_incremental_load' retrieved from /opt/airflow/dags/logistics_incremental_load.py
[2026-08-14T01:45:00.776+0000] {logging_mixin.py:190} INFO - [2026-08-14T01:45:00.776+0000] {dag.py:3239} INFO - Sync 1 DAGs
[2026-08-14T01:45:00.797+0000] {logging_mixin.py:190} INFO - [2026-08-14T01:45:00.796+0000] {dag.py:4180} INFO - Setting next_dagrun for logistics_orders_incremental_load to 2026-08-13 00:00:00+00:00, run_after=2026-08-14 00:00:00+00:00
[2026-08-14T01:45:00.820+0000] {processor.py:208} INFO - Processing /opt/airflow/dags/logistics_incremental_load.py took 0.504 seconds
[2026-08-14T01:45:31.355+0000] {processor.py:186} INFO - Started process (PID=1523) to work on /opt/airflow/dags/logistics_incremental_load.py
[2026-08-14T01:45:31.356+0000] {processor.py:914} INFO - Processing file /opt/airflow/dags/logistics_incremental_load.py for tasks to queue
[2026-08-14T01:45:31.358+0000] {logging_mixin.py:190} INFO - [2026-08-14T01:45:31.357+0000] {dagbag.py:588} INFO - Filling up the DagBag from /opt/airflow/dags/logistics_incremental_load.py
[2026-08-14T01:45:31.777+0000] {processor.py:925} INFO - DAG(s) 'logistics_orders_incremental_load' retrieved from /opt/airflow/dags/logistics_incremental_load.py
[2026-08-14T01:45:31.799+0000] {logging_mixin.py:190} INFO - [2026-08-14T01:45:31.798+0000] {dag.py:3239} INFO - Sync 1 DAGs
[2026-08-14T01:45:31.822+0000] {logging_mixin.py:190} INFO - [2026-08-14T01:45:31.821+0000] {dag.py:4180} INFO - Setting next_dagrun for logistics_orders_incremental_load to 2026-08-13 00:00:00+00:00, run_after=2026-08-14 00:00:00+00:00
[2026-08-14T01:45:31.847+0000] {processor.py:208} INFO - Processing /opt/airflow/dags/logistics_incremental_load.py took 0.498 seconds
[2026-08-14T01:46:02.218+0000] {processor.py:186} INFO - Started process (PID=1607) to work on /opt/airflow/dags/logistics_incremental_load.py
[2026-08-14T01:46:02.220+0000] {processor.py:914} INFO - Processing file /opt/airflow/dags/logistics_incremental_load.py for tasks to queue
[2026-08-14T01:46:02.221+0000] {logging_mixin.py:190} INFO - [2026-08-14T01:46:02.221+0000] {dagbag.py:588} INFO - Filling up the DagBag from /opt/airflow/dags/logistics_incremental_load.py
[2026-08-14T01:46:02.623+0000] {processor.py:925} INFO - DAG(s) 'logistics_orders_incremental_load' retrieved from /opt/airflow/dags/logistics_incremental_load.py
[2026-08-14T01:46:02.641+0000] {logging_mixin.py:190} INFO - [2026-08-14T01:46:02.641+0000] {dag.py:3239} INFO - Sync 1 DAGs
[2026-08-14T01:46:02.658+0000] {logging_mixin.py:190} INFO - [2026-08-14T01:46:02.658+0000] {dag.py:4180} INFO - Setting next_dagrun for logistics_orders_incremental_load to 2026-08-13 00:00:00+00:00, run_after=2026-08-14 00:00:00+00:00
[2026-08-14T01:46:02.677+0000] {processor.py:208} INFO - Processing /opt/airflow/dags/logistics_incremental_load.py took 0.464 seconds
[2026-08-14T01:46:33.422+0000] {processor.py:186} INFO - Started process (PID=1692) to work on /opt/airflow/dags/logistics_incremental_load.py
[2026-08-14T01:46:33.424+0000] {processor.py:914} INFO - Processing file /opt/airflow/dags/logistics_incremental_load.py for tasks to queue
[2026-08-14T01:46:33.425+0000] {logging_mixin.py:190} INFO - [2026-08-14T01:46:33.425+0000] {dagbag.py:588} INFO - Filling up the DagBag from /opt/airflow/dags/logistics_incremental_load.py
[2026-08-14T01:46:33.866+0000] {processor.py:925} INFO - DAG(s) 'logistics_orders_incremental_load' retrieved from /opt/airflow/dags/logistics_incremental_load.py
[2026-08-14T01:46:33.894+0000] {logging_mixin.py:190} INFO - [2026-08-14T01:46:33.893+0000] {dag.py:3239} INFO - Sync 1 DAGs
[2026-08-14T01:46:33.918+0000] {logging_mixin.py:190} INFO - [2026-08-14T01:46:33.917+0000] {dag.py:4180} INFO - Setting next_dagrun for logistics_orders_incremental_load to 2026-08-13 00:00:00+00:00, run_after=2026-08-14 00:00:00+00:00
[2026-08-14T01:46:33.946+0000] {processor.py:208} INFO - Processing /opt/airflow/dags/logistics_incremental_load.py took 0.529 seconds
[2026-08-14T01:47:05.128+0000] {processor.py:186} INFO - Started process (PID=1785) to work on /opt/airflow/dags/logistics_incremental_load.py
[2026-08-14T01:47:05.129+0000] {processor.py:914} INFO - Processing file /opt/airflow/dags/logistics_incremental_load.py for tasks to queue
[2026-08-14T01:47:05.130+0000] {logging_mixin.py:190} INFO - [2026-08-14T01:47:05.130+0000] {dagbag.py:588} INFO - Filling up the DagBag from /opt/airflow/dags/logistics_incremental_load.py
[2026-08-14T01:47:05.527+0000] {processor.py:925} INFO - DAG(s) 'logistics_orders_incremental_load' retrieved from /opt/airflow/dags/logistics_incremental_load.py
[2026-08-14T01:47:05.555+0000] {logging_mixin.py:190} INFO - [2026-08-14T01:47:05.555+0000] {dag.py:3239} INFO - Sync 1 DAGs
[2026-08-14T01:47:05.578+0000] {logging_mixin.py:190} INFO - [2026-08-14T01:47:05.578+0000] {dag.py:4180} INFO - Setting next_dagrun for logistics_orders_incremental_load to 2026-08-13 00:00:00+00:00, run_after=2026-08-14 00:00:00+00:00
[2026-08-14T01:47:05.599+0000] {processor.py:208} INFO - Processing /opt/airflow/dags/logistics_incremental_load.py took 0.477 seconds
[2026-08-14T01:47:35.715+0000] {processor.py:186} INFO - Started process (PID=1871) to work on /opt/airflow/dags/logistics_incremental_load.py
[2026-08-14T01:47:35.716+0000] {processor.py:914} INFO - Processing file /opt/airflow/dags/logistics_incremental_load.py for tasks to queue
[2026-08-14T01:47:35.717+0000] {logging_mixin.py:190} INFO - [2026-08-14T01:47:35.717+0000] {dagbag.py:588} INFO - Filling up the DagBag from /opt/airflow/dags/logistics_incremental_load.py
[2026-08-14T01:47:36.122+0000] {processor.py:925} INFO - DAG(s) 'logistics_orders_incremental_load' retrieved from /opt/airflow/dags/logistics_incremental_load.py
[2026-08-14T01:47:36.143+0000] {logging_mixin.py:190} INFO - [2026-08-14T01:47:36.143+0000] {dag.py:3239} INFO - Sync 1 DAGs
[2026-08-14T01:47:36.161+0000] {logging_mixin.py:190} INFO - [2026-08-14T01:47:36.161+0000] {dag.py:4180} INFO - Setting next_dagrun for logistics_orders_incremental_load to 2026-08-13 00:00:00+00:00, run_after=2026-08-14 00:00:00+00:00
[2026-08-14T01:47:36.182+0000] {processor.py:208} INFO - Processing /opt/airflow/dags/logistics_incremental_load.py took 0.472 seconds
[2026-08-14T01:48:06.476+0000] {processor.py:186} INFO - Started process (PID=1959) to work on /opt/airflow/dags/logistics_incremental_load.py
[2026-08-14T01:48:06.477+0000] {processor.py:914} INFO - Processing file /opt/airflow/dags/logistics_incremental_load.py for tasks to queue
[2026-08-14T01:48:06.479+0000] {logging_mixin.py:190} INFO - [2026-08-14T01:48:06.479+0000] {dagbag.py:588} INFO - Filling up the DagBag from /opt/airflow/dags/logistics_incremental_load.py
[2026-08-14T01:48:06.904+0000] {processor.py:925} INFO - DAG(s) 'logistics_orders_incremental_load' retrieved from /opt/airflow/dags/logistics_incremental_load.py
[2026-08-14T01:48:06.926+0000] {logging_mixin.py:190} INFO - [2026-08-14T01:48:06.926+0000] {dag.py:3239} INFO - Sync 1 DAGs
[2026-08-14T01:48:06.948+0000] {logging_mixin.py:190} INFO - [2026-08-14T01:48:06.948+0000] {dag.py:4180} INFO - Setting next_dagrun for logistics_orders_incremental_load to 2026-08-13 00:00:00+00:00, run_after=2026-08-14 00:00:00+00:00
[2026-08-14T01:48:06.968+0000] {processor.py:208} INFO - Processing /opt/airflow/dags/logistics_incremental_load.py took 0.497 seconds
[2026-08-14T01:48:37.398+0000] {processor.py:186} INFO - Started process (PID=2051) to work on /opt/airflow/dags/logistics_incremental_load.py
[2026-08-14T01:48:37.400+0000] {processor.py:914} INFO - Processing file /opt/airflow/dags/logistics_incremental_load.py for tasks to queue
[2026-08-14T01:48:37.402+0000] {logging_mixin.py:190} INFO - [2026-08-14T01:48:37.401+0000] {dagbag.py:588} INFO - Filling up the DagBag from /opt/airflow/dags/logistics_incremental_load.py
[2026-08-14T01:48:38.313+0000] {processor.py:925} INFO - DAG(s) 'logistics_orders_incremental_load' retrieved from /opt/airflow/dags/logistics_incremental_load.py
[2026-08-14T01:48:38.363+0000] {logging_mixin.py:190} INFO - [2026-08-14T01:48:38.362+0000] {dag.py:3239} INFO - Sync 1 DAGs
[2026-08-14T01:48:38.413+0000] {logging_mixin.py:190} INFO - [2026-08-14T01:48:38.413+0000] {dag.py:4180} INFO - Setting next_dagrun for logistics_orders_incremental_load to 2026-08-13 00:00:00+00:00, run_after=2026-08-14 00:00:00+00:00
[2026-08-14T01:48:38.449+0000] {processor.py:208} INFO - Processing /opt/airflow/dags/logistics_incremental_load.py took 1.062 seconds
[2026-08-14T01:49:08.868+0000] {processor.py:186} INFO - Started process (PID=2144) to work on /opt/airflow/dags/logistics_incremental_load.py
[2026-08-14T01:49:08.869+0000] {processor.py:914} INFO - Processing file /opt/airflow/dags/logistics_incremental_load.py for tasks to queue
[2026-08-14T01:49:08.871+0000] {logging_mixin.py:190} INFO - [2026-08-14T01:49:08.870+0000] {dagbag.py:588} INFO - Filling up the DagBag from /opt/airflow/dags/logistics_incremental_load.py
[2026-08-14T01:49:09.262+0000] {processor.py:925} INFO - DAG(s) 'logistics_orders_incremental_load' retrieved from /opt/airflow/dags/logistics_incremental_load.py
[2026-08-14T01:49:09.284+0000] {logging_mixin.py:190} INFO - [2026-08-14T01:49:09.284+0000] {dag.py:3239} INFO - Sync 1 DAGs
[2026-08-14T01:49:09.304+0000] {logging_mixin.py:190} INFO - [2026-08-14T01:49:09.304+0000] {dag.py:4180} INFO - Setting next_dagrun for logistics_orders_incremental_load to 2026-08-13 00:00:00+00:00, run_after=2026-08-14 00:00:00+00:00
[2026-08-14T01:49:09.323+0000] {processor.py:208} INFO - Processing /opt/airflow/dags/logistics_incremental_load.py took 0.460 seconds
[2026-08-14T01:55:05.693+0000] {processor.py:186} INFO - Started process (PID=168) to work on /opt/airflow/dags/logistics_incremental_load.py
[2026-08-14T01:55:05.694+0000] {processor.py:914} INFO - Processing file /opt/airflow/dags/logistics_incremental_load.py for tasks to queue
[2026-08-14T01:55:05.697+0000] {logging_mixin.py:190} INFO - [2026-08-14T01:55:05.696+0000] {dagbag.py:588} INFO - Filling up the DagBag from /opt/airflow/dags/logistics_incremental_load.py
[2026-08-14T01:55:06.966+0000] {processor.py:925} INFO - DAG(s) 'logistics_orders_incremental_load' retrieved from /opt/airflow/dags/logistics_incremental_load.py
[2026-08-14T01:55:07.056+0000] {logging_mixin.py:190} INFO - [2026-08-14T01:55:07.055+0000] {dag.py:3239} INFO - Sync 1 DAGs
[2026-08-14T01:55:07.113+0000] {logging_mixin.py:190} INFO - [2026-08-14T01:55:07.112+0000] {dag.py:4180} INFO - Setting next_dagrun for logistics_orders_incremental_load to 2026-08-13 00:00:00+00:00, run_after=2026-08-14 00:00:00+00:00
[2026-08-14T01:55:07.161+0000] {processor.py:208} INFO - Processing /opt/airflow/dags/logistics_incremental_load.py took 1.490 seconds
[2026-08-14T01:55:37.696+0000] {processor.py:186} INFO - Started process (PID=257) to work on /opt/airflow/dags/logistics_incremental_load.py
[2026-08-14T01:55:37.698+0000] {processor.py:914} INFO - Processing file /opt/airflow/dags/logistics_incremental_load.py for tasks to queue
[2026-08-14T01:55:37.705+0000] {logging_mixin.py:190} INFO - [2026-08-14T01:55:37.704+0000] {dagbag.py:588} INFO - Filling up the DagBag from /opt/airflow/dags/logistics_incremental_load.py
[2026-08-14T01:55:38.290+0000] {processor.py:925} INFO - DAG(s) 'logistics_orders_incremental_load' retrieved from /opt/airflow/dags/logistics_incremental_load.py
[2026-08-14T01:55:38.356+0000] {logging_mixin.py:190} INFO - [2026-08-14T01:55:38.356+0000] {dag.py:3239} INFO - Sync 1 DAGs
[2026-08-14T01:55:38.404+0000] {logging_mixin.py:190} INFO - [2026-08-14T01:55:38.403+0000] {dag.py:4180} INFO - Setting next_dagrun for logistics_orders_incremental_load to 2026-08-13 00:00:00+00:00, run_after=2026-08-14 00:00:00+00:00
[2026-08-14T01:55:38.439+0000] {processor.py:208} INFO - Processing /opt/airflow/dags/logistics_incremental_load.py took 0.754 seconds
[2026-08-14T01:56:10.084+0000] {processor.py:186} INFO - Started process (PID=353) to work on /opt/airflow/dags/logistics_incremental_load.py
[2026-08-14T01:56:10.086+0000] {processor.py:914} INFO - Processing file /opt/airflow/dags/logistics_incremental_load.py for tasks to queue
[2026-08-14T01:56:10.089+0000] {logging_mixin.py:190} INFO - [2026-08-14T01:56:10.089+0000] {dagbag.py:588} INFO - Filling up the DagBag from /opt/airflow/dags/logistics_incremental_load.py
[2026-08-14T01:56:10.602+0000] {processor.py:925} INFO - DAG(s) 'logistics_orders_incremental_load' retrieved from /opt/airflow/dags/logistics_incremental_load.py
[2026-08-14T01:56:10.665+0000] {logging_mixin.py:190} INFO - [2026-08-14T01:56:10.665+0000] {dag.py:3239} INFO - Sync 1 DAGs
[2026-08-14T01:56:10.710+0000] {logging_mixin.py:190} INFO - [2026-08-14T01:56:10.710+0000] {dag.py:4180} INFO - Setting next_dagrun for logistics_orders_incremental_load to 2026-08-13 00:00:00+00:00, run_after=2026-08-14 00:00:00+00:00
[2026-08-14T01:56:10.757+0000] {processor.py:208} INFO - Processing /opt/airflow/dags/logistics_incremental_load.py took 0.694 seconds
[2026-08-14T01:56:40.875+0000] {processor.py:186} INFO - Started process (PID=445) to work on /opt/airflow/dags/logistics_incremental_load.py
[2026-08-14T01:56:40.877+0000] {processor.py:914} INFO - Processing file /opt/airflow/dags/logistics_incremental_load.py for tasks to queue
[2026-08-14T01:56:40.881+0000] {logging_mixin.py:190} INFO - [2026-08-14T01:56:40.880+0000] {dagbag.py:588} INFO - Filling up the DagBag from /opt/airflow/dags/logistics_incremental_load.py
[2026-08-14T01:56:41.271+0000] {processor.py:925} INFO - DAG(s) 'logistics_orders_incremental_load' retrieved from /opt/airflow/dags/logistics_incremental_load.py
[2026-08-14T01:56:41.311+0000] {logging_mixin.py:190} INFO - [2026-08-14T01:56:41.311+0000] {dag.py:3239} INFO - Sync 1 DAGs
[2026-08-14T01:56:41.349+0000] {logging_mixin.py:190} INFO - [2026-08-14T01:56:41.349+0000] {dag.py:4180} INFO - Setting next_dagrun for logistics_orders_incremental_load to 2026-08-13 00:00:00+00:00, run_after=2026-08-14 00:00:00+00:00
[2026-08-14T01:56:41.379+0000] {processor.py:208} INFO - Processing /opt/airflow/dags/logistics_incremental_load.py took 0.512 seconds
[2026-08-14T01:57:11.952+0000] {processor.py:186} INFO - Started process (PID=534) to work on /opt/airflow/dags/logistics_incremental_load.py
[2026-08-14T01:57:11.954+0000] {processor.py:914} INFO - Processing file /opt/airflow/dags/logistics_incremental_load.py for tasks to queue
[2026-08-14T01:57:11.957+0000] {logging_mixin.py:190} INFO - [2026-08-14T01:57:11.957+0000] {dagbag.py:588} INFO - Filling up the DagBag from /opt/airflow/dags/logistics_incremental_load.py
[2026-08-14T01:57:12.431+0000] {processor.py:925} INFO - DAG(s) 'logistics_orders_incremental_load' retrieved from /opt/airflow/dags/logistics_incremental_load.py
[2026-08-14T01:57:12.468+0000] {logging_mixin.py:190} INFO - [2026-08-14T01:57:12.468+0000] {dag.py:3239} INFO - Sync 1 DAGs
[2026-08-14T01:57:12.496+0000] {logging_mixin.py:190} INFO - [2026-08-14T01:57:12.496+0000] {dag.py:4180} INFO - Setting next_dagrun for logistics_orders_incremental_load to 2026-08-13 00:00:00+00:00, run_after=2026-08-14 00:00:00+00:00
[2026-08-14T01:57:12.527+0000] {processor.py:208} INFO - Processing /opt/airflow/dags/logistics_incremental_load.py took 0.582 seconds
[2026-08-14T01:57:42.758+0000] {processor.py:186} INFO - Started process (PID=626) to work on /opt/airflow/dags/logistics_incremental_load.py
[2026-08-14T01:57:42.759+0000] {processor.py:914} INFO - Processing file /opt/airflow/dags/logistics_incremental_load.py for tasks to queue
[2026-08-14T01:57:42.762+0000] {logging_mixin.py:190} INFO - [2026-08-14T01:57:42.761+0000] {dagbag.py:588} INFO - Filling up the DagBag from /opt/airflow/dags/logistics_incremental_load.py
[2026-08-14T01:57:43.016+0000] {processor.py:925} INFO - DAG(s) 'logistics_orders_incremental_load' retrieved from /opt/airflow/dags/logistics_incremental_load.py
[2026-08-14T01:57:43.039+0000] {logging_mixin.py:190} INFO - [2026-08-14T01:57:43.038+0000] {dag.py:3239} INFO - Sync 1 DAGs
[2026-08-14T01:57:43.058+0000] {logging_mixin.py:190} INFO - [2026-08-14T01:57:43.058+0000] {dag.py:4180} INFO - Setting next_dagrun for logistics_orders_incremental_load to 2026-08-13 00:00:00+00:00, run_after=2026-08-14 00:00:00+00:00
[2026-08-14T01:57:43.074+0000] {processor.py:208} INFO - Processing /opt/airflow/dags/logistics_incremental_load.py took 0.321 seconds
[2026-08-14T02:32:34.010+0000] {processor.py:186} INFO - Started process (PID=168) to work on /opt/airflow/dags/logistics_incremental_load.py
[2026-08-14T02:32:34.011+0000] {processor.py:914} INFO - Processing file /opt/airflow/dags/logistics_incremental_load.py for tasks to queue
[2026-08-14T02:32:34.016+0000] {logging_mixin.py:190} INFO - [2026-08-14T02:32:34.015+0000] {dagbag.py:588} INFO - Filling up the DagBag from /opt/airflow/dags/logistics_incremental_load.py
[2026-08-14T02:32:34.845+0000] {processor.py:925} INFO - DAG(s) 'logistics_orders_incremental_load' retrieved from /opt/airflow/dags/logistics_incremental_load.py
[2026-08-14T02:32:34.882+0000] {logging_mixin.py:190} INFO - [2026-08-14T02:32:34.882+0000] {dag.py:3239} INFO - Sync 1 DAGs
[2026-08-14T02:32:34.912+0000] {logging_mixin.py:190} INFO - [2026-08-14T02:32:34.912+0000] {dag.py:4180} INFO - Setting next_dagrun for logistics_orders_incremental_load to 2026-08-13 00:00:00+00:00, run_after=2026-08-14 00:00:00+00:00
[2026-08-14T02:32:34.938+0000] {processor.py:208} INFO - Processing /opt/airflow/dags/logistics_incremental_load.py took 0.935 seconds
[2026-08-14T02:33:05.376+0000] {processor.py:186} INFO - Started process (PID=257) to work on /opt/airflow/dags/logistics_incremental_load.py
[2026-08-14T02:33:05.377+0000] {processor.py:914} INFO - Processing file /opt/airflow/dags/logistics_incremental_load.py for tasks to queue
[2026-08-14T02:33:05.380+0000] {logging_mixin.py:190} INFO - [2026-08-14T02:33:05.379+0000] {dagbag.py:588} INFO - Filling up the DagBag from /opt/airflow/dags/logistics_incremental_load.py
[2026-08-14T02:33:05.802+0000] {processor.py:925} INFO - DAG(s) 'logistics_orders_incremental_load' retrieved from /opt/airflow/dags/logistics_incremental_load.py
[2026-08-14T02:33:05.840+0000] {logging_mixin.py:190} INFO - [2026-08-14T02:33:05.840+0000] {dag.py:3239} INFO - Sync 1 DAGs
[2026-08-14T02:33:05.899+0000] {logging_mixin.py:190} INFO - [2026-08-14T02:33:05.898+0000] {dag.py:4180} INFO - Setting next_dagrun for logistics_orders_incremental_load to 2026-08-13 00:00:00+00:00, run_after=2026-08-14 00:00:00+00:00
[2026-08-14T02:33:05.947+0000] {processor.py:208} INFO - Processing /opt/airflow/dags/logistics_incremental_load.py took 0.576 seconds
[2026-08-14T02:33:37.234+0000] {processor.py:186} INFO - Started process (PID=350) to work on /opt/airflow/dags/logistics_incremental_load.py
[2026-08-14T02:33:37.235+0000] {processor.py:914} INFO - Processing file /opt/airflow/dags/logistics_incremental_load.py for tasks to queue
[2026-08-14T02:33:37.237+0000] {logging_mixin.py:190} INFO - [2026-08-14T02:33:37.237+0000] {dagbag.py:588} INFO - Filling up the DagBag from /opt/airflow/dags/logistics_incremental_load.py
[2026-08-14T02:33:37.609+0000] {processor.py:925} INFO - DAG(s) 'logistics_orders_incremental_load' retrieved from /opt/airflow/dags/logistics_incremental_load.py
[2026-08-14T02:33:37.640+0000] {logging_mixin.py:190} INFO - [2026-08-14T02:33:37.640+0000] {dag.py:3239} INFO - Sync 1 DAGs
[2026-08-14T02:33:37.667+0000] {logging_mixin.py:190} INFO - [2026-08-14T02:33:37.667+0000] {dag.py:4180} INFO - Setting next_dagrun for logistics_orders_incremental_load to 2026-08-13 00:00:00+00:00, run_after=2026-08-14 00:00:00+00:00
[2026-08-14T02:33:37.699+0000] {processor.py:208} INFO - Processing /opt/airflow/dags/logistics_incremental_load.py took 0.471 seconds
[2026-08-14T02:34:07.826+0000] {processor.py:186} INFO - Started process (PID=436) to work on /opt/airflow/dags/logistics_incremental_load.py
[2026-08-14T02:34:07.827+0000] {processor.py:914} INFO - Processing file /opt/airflow/dags/logistics_incremental_load.py for tasks to queue
[2026-08-14T02:34:07.831+0000] {logging_mixin.py:190} INFO - [2026-08-14T02:34:07.831+0000] {dagbag.py:588} INFO - Filling up the DagBag from /opt/airflow/dags/logistics_incremental_load.py
[2026-08-14T02:34:08.111+0000] {processor.py:925} INFO - DAG(s) 'logistics_orders_incremental_load' retrieved from /opt/airflow/dags/logistics_incremental_load.py
[2026-08-14T02:34:08.135+0000] {logging_mixin.py:190} INFO - [2026-08-14T02:34:08.135+0000] {dag.py:3239} INFO - Sync 1 DAGs
[2026-08-14T02:34:08.158+0000] {logging_mixin.py:190} INFO - [2026-08-14T02:34:08.157+0000] {dag.py:4180} INFO - Setting next_dagrun for logistics_orders_incremental_load to 2026-08-13 00:00:00+00:00, run_after=2026-08-14 00:00:00+00:00
[2026-08-14T02:34:08.181+0000] {processor.py:208} INFO - Processing /opt/airflow/dags/logistics_incremental_load.py took 0.361 seconds
[2026-08-14T02:34:38.577+0000] {processor.py:186} INFO - Started process (PID=525) to work on /opt/airflow/dags/logistics_incremental_load.py
[2026-08-14T02:34:38.579+0000] {processor.py:914} INFO - Processing file /opt/airflow/dags/logistics_incremental_load.py for tasks to queue
[2026-08-14T02:34:38.582+0000] {logging_mixin.py:190} INFO - [2026-08-14T02:34:38.582+0000] {dagbag.py:588} INFO - Filling up the DagBag from /opt/airflow/dags/logistics_incremental_load.py
[2026-08-14T02:34:38.923+0000] {processor.py:925} INFO - DAG(s) 'logistics_orders_incremental_load' retrieved from /opt/airflow/dags/logistics_incremental_load.py
[2026-08-14T02:34:38.954+0000] {logging_mixin.py:190} INFO - [2026-08-14T02:34:38.954+0000] {dag.py:3239} INFO - Sync 1 DAGs
[2026-08-14T02:34:38.980+0000] {logging_mixin.py:190} INFO - [2026-08-14T02:34:38.979+0000] {dag.py:4180} INFO - Setting next_dagrun for logistics_orders_incremental_load to 2026-08-13 00:00:00+00:00, run_after=2026-08-14 00:00:00+00:00
[2026-08-14T02:34:39.000+0000] {processor.py:208} INFO - Processing /opt/airflow/dags/logistics_incremental_load.py took 0.430 seconds
[2026-08-14T02:35:09.673+0000] {processor.py:186} INFO - Started process (PID=617) to work on /opt/airflow/dags/logistics_incremental_load.py
[2026-08-14T02:35:09.675+0000] {processor.py:914} INFO - Processing file /opt/airflow/dags/logistics_incremental_load.py for tasks to queue
[2026-08-14T02:35:09.678+0000] {logging_mixin.py:190} INFO - [2026-08-14T02:35:09.678+0000] {dagbag.py:588} INFO - Filling up the DagBag from /opt/airflow/dags/logistics_incremental_load.py
[2026-08-14T02:35:10.030+0000] {processor.py:925} INFO - DAG(s) 'logistics_orders_incremental_load' retrieved from /opt/airflow/dags/logistics_incremental_load.py
[2026-08-14T02:35:10.056+0000] {logging_mixin.py:190} INFO - [2026-08-14T02:35:10.056+0000] {dag.py:3239} INFO - Sync 1 DAGs
[2026-08-14T02:35:10.079+0000] {logging_mixin.py:190} INFO - [2026-08-14T02:35:10.079+0000] {dag.py:4180} INFO - Setting next_dagrun for logistics_orders_incremental_load to 2026-08-13 00:00:00+00:00, run_after=2026-08-14 00:00:00+00:00
[2026-08-14T02:35:10.099+0000] {processor.py:208} INFO - Processing /opt/airflow/dags/logistics_incremental_load.py took 0.432 seconds
[2026-08-14T02:35:40.232+0000] {processor.py:186} INFO - Started process (PID=703) to work on /opt/airflow/dags/logistics_incremental_load.py
[2026-08-14T02:35:40.233+0000] {processor.py:914} INFO - Processing file /opt/airflow/dags/logistics_incremental_load.py for tasks to queue
[2026-08-14T02:35:40.236+0000] {logging_mixin.py:190} INFO - [2026-08-14T02:35:40.235+0000] {dagbag.py:588} INFO - Filling up the DagBag from /opt/airflow/dags/logistics_incremental_load.py
[2026-08-14T02:35:40.533+0000] {processor.py:925} INFO - DAG(s) 'logistics_orders_incremental_load' retrieved from /opt/airflow/dags/logistics_incremental_load.py
[2026-08-14T02:35:40.555+0000] {logging_mixin.py:190} INFO - [2026-08-14T02:35:40.555+0000] {dag.py:3239} INFO - Sync 1 DAGs
[2026-08-14T02:35:40.591+0000] {logging_mixin.py:190} INFO - [2026-08-14T02:35:40.591+0000] {dag.py:4180} INFO - Setting next_dagrun for logistics_orders_incremental_load to 2026-08-13 00:00:00+00:00, run_after=2026-08-14 00:00:00+00:00
[2026-08-14T02:35:40.615+0000] {processor.py:208} INFO - Processing /opt/airflow/dags/logistics_incremental_load.py took 0.389 seconds
[2026-08-14T02:36:11.433+0000] {processor.py:186} INFO - Started process (PID=792) to work on /opt/airflow/dags/logistics_incremental_load.py
[2026-08-14T02:36:11.434+0000] {processor.py:914} INFO - Processing file /opt/airflow/dags/logistics_incremental_load.py for tasks to queue
[2026-08-14T02:36:11.436+0000] {logging_mixin.py:190} INFO - [2026-08-14T02:36:11.436+0000] {dagbag.py:588} INFO - Filling up the DagBag from /opt/airflow/dags/logistics_incremental_load.py
[2026-08-14T02:36:11.747+0000] {processor.py:925} INFO - DAG(s) 'logistics_orders_incremental_load' retrieved from /opt/airflow/dags/logistics_incremental_load.py
[2026-08-14T02:36:11.773+0000] {logging_mixin.py:190} INFO - [2026-08-14T02:36:11.772+0000] {dag.py:3239} INFO - Sync 1 DAGs
[2026-08-14T02:36:11.798+0000] {logging_mixin.py:190} INFO - [2026-08-14T02:36:11.798+0000] {dag.py:4180} INFO - Setting next_dagrun for logistics_orders_incremental_load to 2026-08-13 00:00:00+00:00, run_after=2026-08-14 00:00:00+00:00
[2026-08-14T02:36:11.978+0000] {processor.py:208} INFO - Processing /opt/airflow/dags/logistics_incremental_load.py took 0.551 seconds
[2026-08-14T02:36:42.085+0000] {processor.py:186} INFO - Started process (PID=889) to work on /opt/airflow/dags/logistics_incremental_load.py
[2026-08-14T02:36:42.087+0000] {processor.py:914} INFO - Processing file /opt/airflow/dags/logistics_incremental_load.py for tasks to queue
[2026-08-14T02:36:42.089+0000] {logging_mixin.py:190} INFO - [2026-08-14T02:36:42.089+0000] {dagbag.py:588} INFO - Filling up the DagBag from /opt/airflow/dags/logistics_incremental_load.py
[2026-08-14T02:36:42.373+0000] {processor.py:925} INFO - DAG(s) 'logistics_orders_incremental_load' retrieved from /opt/airflow/dags/logistics_incremental_load.py
[2026-08-14T02:36:42.399+0000] {logging_mixin.py:190} INFO - [2026-08-14T02:36:42.399+0000] {dag.py:3239} INFO - Sync 1 DAGs
[2026-08-14T02:36:42.427+0000] {logging_mixin.py:190} INFO - [2026-08-14T02:36:42.427+0000] {dag.py:4180} INFO - Setting next_dagrun for logistics_orders_incremental_load to 2026-08-13 00:00:00+00:00, run_after=2026-08-14 00:00:00+00:00
[2026-08-14T02:36:42.452+0000] {processor.py:208} INFO - Processing /opt/airflow/dags/logistics_incremental_load.py took 0.374 seconds
[2026-08-14T02:37:12.628+0000] {processor.py:186} INFO - Started process (PID=973) to work on /opt/airflow/dags/logistics_incremental_load.py
[2026-08-14T02:37:12.629+0000] {processor.py:914} INFO - Processing file /opt/airflow/dags/logistics_incremental_load.py for tasks to queue
[2026-08-14T02:37:12.632+0000] {logging_mixin.py:190} INFO - [2026-08-14T02:37:12.631+0000] {dagbag.py:588} INFO - Filling up the DagBag from /opt/airflow/dags/logistics_incremental_load.py
[2026-08-14T02:37:12.934+0000] {processor.py:925} INFO - DAG(s) 'logistics_orders_incremental_load' retrieved from /opt/airflow/dags/logistics_incremental_load.py
[2026-08-14T02:37:12.958+0000] {logging_mixin.py:190} INFO - [2026-08-14T02:37:12.957+0000] {dag.py:3239} INFO - Sync 1 DAGs
[2026-08-14T02:37:13.100+0000] {logging_mixin.py:190} INFO - [2026-08-14T02:37:13.100+0000] {dag.py:4180} INFO - Setting next_dagrun for logistics_orders_incremental_load to 2026-08-13 00:00:00+00:00, run_after=2026-08-14 00:00:00+00:00
[2026-08-14T02:37:13.121+0000] {processor.py:208} INFO - Processing /opt/airflow/dags/logistics_incremental_load.py took 0.499 seconds
[2026-08-14T02:37:43.724+0000] {processor.py:186} INFO - Started process (PID=1067) to work on /opt/airflow/dags/logistics_incremental_load.py
[2026-08-14T02:37:43.725+0000] {processor.py:914} INFO - Processing file /opt/airflow/dags/logistics_incremental_load.py for tasks to queue
[2026-08-14T02:37:43.728+0000] {logging_mixin.py:190} INFO - [2026-08-14T02:37:43.727+0000] {dagbag.py:588} INFO - Filling up the DagBag from /opt/airflow/dags/logistics_incremental_load.py
[2026-08-14T02:37:44.220+0000] {processor.py:925} INFO - DAG(s) 'logistics_orders_incremental_load' retrieved from /opt/airflow/dags/logistics_incremental_load.py
[2026-08-14T02:37:44.244+0000] {logging_mixin.py:190} INFO - [2026-08-14T02:37:44.244+0000] {dag.py:3239} INFO - Sync 1 DAGs
[2026-08-14T02:37:44.266+0000] {logging_mixin.py:190} INFO - [2026-08-14T02:37:44.266+0000] {dag.py:4180} INFO - Setting next_dagrun for logistics_orders_incremental_load to 2026-08-13 00:00:00+00:00, run_after=2026-08-14 00:00:00+00:00
[2026-08-14T02:37:44.290+0000] {processor.py:208} INFO - Processing /opt/airflow/dags/logistics_incremental_load.py took 0.572 seconds
[2026-08-14T02:38:14.376+0000] {processor.py:186} INFO - Started process (PID=1158) to work on /opt/airflow/dags/logistics_incremental_load.py
[2026-08-14T02:38:14.377+0000] {processor.py:914} INFO - Processing file /opt/airflow/dags/logistics_incremental_load.py for tasks to queue
[2026-08-14T02:38:14.380+0000] {logging_mixin.py:190} INFO - [2026-08-14T02:38:14.380+0000] {dagbag.py:588} INFO - Filling up the DagBag from /opt/airflow/dags/logistics_incremental_load.py
[2026-08-14T02:38:14.791+0000] {processor.py:925} INFO - DAG(s) 'logistics_orders_incremental_load' retrieved from /opt/airflow/dags/logistics_incremental_load.py
[2026-08-14T02:38:14.815+0000] {logging_mixin.py:190} INFO - [2026-08-14T02:38:14.815+0000] {dag.py:3239} INFO - Sync 1 DAGs
[2026-08-14T02:38:14.836+0000] {logging_mixin.py:190} INFO - [2026-08-14T02:38:14.836+0000] {dag.py:4180} INFO - Setting next_dagrun for logistics_orders_incremental_load to 2026-08-13 00:00:00+00:00, run_after=2026-08-14 00:00:00+00:00
[2026-08-14T02:38:14.864+0000] {processor.py:208} INFO - Processing /opt/airflow/dags/logistics_incremental_load.py took 0.493 seconds
[2026-08-14T02:38:45.563+0000] {processor.py:186} INFO - Started process (PID=1245) to work on /opt/airflow/dags/logistics_incremental_load.py
[2026-08-14T02:38:45.564+0000] {processor.py:914} INFO - Processing file /opt/airflow/dags/logistics_incremental_load.py for tasks to queue
[2026-08-14T02:38:45.566+0000] {logging_mixin.py:190} INFO - [2026-08-14T02:38:45.566+0000] {dagbag.py:588} INFO - Filling up the DagBag from /opt/airflow/dags/logistics_incremental_load.py
[2026-08-14T02:38:45.986+0000] {processor.py:925} INFO - DAG(s) 'logistics_orders_incremental_load' retrieved from /opt/airflow/dags/logistics_incremental_load.py
[2026-08-14T02:38:46.010+0000] {logging_mixin.py:190} INFO - [2026-08-14T02:38:46.009+0000] {dag.py:3239} INFO - Sync 1 DAGs
[2026-08-14T02:38:46.035+0000] {logging_mixin.py:190} INFO - [2026-08-14T02:38:46.035+0000] {dag.py:4180} INFO - Setting next_dagrun for logistics_orders_incremental_load to 2026-08-13 00:00:00+00:00, run_after=2026-08-14 00:00:00+00:00
[2026-08-14T02:38:46.058+0000] {processor.py:208} INFO - Processing /opt/airflow/dags/logistics_incremental_load.py took 0.501 seconds
[2026-08-14T02:39:16.241+0000] {processor.py:186} INFO - Started process (PID=1331) to work on /opt/airflow/dags/logistics_incremental_load.py
[2026-08-14T02:39:16.242+0000] {processor.py:914} INFO - Processing file /opt/airflow/dags/logistics_incremental_load.py for tasks to queue
[2026-08-14T02:39:16.244+0000] {logging_mixin.py:190} INFO - [2026-08-14T02:39:16.244+0000] {dagbag.py:588} INFO - Filling up the DagBag from /opt/airflow/dags/logistics_incremental_load.py
[2026-08-14T02:39:16.615+0000] {processor.py:925} INFO - DAG(s) 'logistics_orders_incremental_load' retrieved from /opt/airflow/dags/logistics_incremental_load.py
[2026-08-14T02:39:16.637+0000] {logging_mixin.py:190} INFO - [2026-08-14T02:39:16.637+0000] {dag.py:3239} INFO - Sync 1 DAGs
[2026-08-14T02:39:16.659+0000] {logging_mixin.py:190} INFO - [2026-08-14T02:39:16.659+0000] {dag.py:4180} INFO - Setting next_dagrun for logistics_orders_incremental_load to 2026-08-13 00:00:00+00:00, run_after=2026-08-14 00:00:00+00:00
[2026-08-14T02:39:16.682+0000] {processor.py:208} INFO - Processing /opt/airflow/dags/logistics_incremental_load.py took 0.446 seconds
[2026-08-14T02:39:47.025+0000] {processor.py:186} INFO - Started process (PID=1414) to work on /opt/airflow/dags/logistics_incremental_load.py
[2026-08-14T02:39:47.026+0000] {processor.py:914} INFO - Processing file /opt/airflow/dags/logistics_incremental_load.py for tasks to queue
[2026-08-14T02:39:47.028+0000] {logging_mixin.py:190} INFO - [2026-08-14T02:39:47.028+0000] {dagbag.py:588} INFO - Filling up the DagBag from /opt/airflow/dags/logistics_incremental_load.py
[2026-08-14T02:39:47.485+0000] {processor.py:925} INFO - DAG(s) 'logistics_orders_incremental_load' retrieved from /opt/airflow/dags/logistics_incremental_load.py
[2026-08-14T02:39:47.516+0000] {logging_mixin.py:190} INFO - [2026-08-14T02:39:47.516+0000] {dag.py:3239} INFO - Sync 1 DAGs
[2026-08-14T02:39:47.545+0000] {logging_mixin.py:190} INFO - [2026-08-14T02:39:47.545+0000] {dag.py:4180} INFO - Setting next_dagrun for logistics_orders_incremental_load to 2026-08-13 00:00:00+00:00, run_after=2026-08-14 00:00:00+00:00
[2026-08-14T02:39:47.572+0000] {processor.py:208} INFO - Processing /opt/airflow/dags/logistics_incremental_load.py took 0.553 seconds
[2026-08-14T02:40:18.605+0000] {processor.py:186} INFO - Started process (PID=1507) to work on /opt/airflow/dags/logistics_incremental_load.py
[2026-08-14T02:40:18.607+0000] {processor.py:914} INFO - Processing file /opt/airflow/dags/logistics_incremental_load.py for tasks to queue
[2026-08-14T02:40:18.609+0000] {logging_mixin.py:190} INFO - [2026-08-14T02:40:18.609+0000] {dagbag.py:588} INFO - Filling up the DagBag from /opt/airflow/dags/logistics_incremental_load.py
[2026-08-14T02:40:18.974+0000] {processor.py:925} INFO - DAG(s) 'logistics_orders_incremental_load' retrieved from /opt/airflow/dags/logistics_incremental_load.py
[2026-08-14T02:40:18.993+0000] {logging_mixin.py:190} INFO - [2026-08-14T02:40:18.993+0000] {dag.py:3239} INFO - Sync 1 DAGs
[2026-08-14T02:40:19.014+0000] {logging_mixin.py:190} INFO - [2026-08-14T02:40:19.014+0000] {dag.py:4180} INFO - Setting next_dagrun for logistics_orders_incremental_load to 2026-08-13 00:00:00+00:00, run_after=2026-08-14 00:00:00+00:00
[2026-08-14T02:40:19.034+0000] {processor.py:208} INFO - Processing /opt/airflow/dags/logistics_incremental_load.py took 0.434 seconds
[2026-08-14T02:40:49.396+0000] {processor.py:186} INFO - Started process (PID=1593) to work on /opt/airflow/dags/logistics_incremental_load.py
[2026-08-14T02:40:49.397+0000] {processor.py:914} INFO - Processing file /opt/airflow/dags/logistics_incremental_load.py for tasks to queue
[2026-08-14T02:40:49.399+0000] {logging_mixin.py:190} INFO - [2026-08-14T02:40:49.399+0000] {dagbag.py:588} INFO - Filling up the DagBag from /opt/airflow/dags/logistics_incremental_load.py
[2026-08-14T02:40:49.778+0000] {processor.py:925} INFO - DAG(s) 'logistics_orders_incremental_load' retrieved from /opt/airflow/dags/logistics_incremental_load.py
[2026-08-14T02:40:49.801+0000] {logging_mixin.py:190} INFO - [2026-08-14T02:40:49.801+0000] {dag.py:3239} INFO - Sync 1 DAGs
[2026-08-14T02:40:49.823+0000] {logging_mixin.py:190} INFO - [2026-08-14T02:40:49.823+0000] {dag.py:4180} INFO - Setting next_dagrun for logistics_orders_incremental_load to 2026-08-13 00:00:00+00:00, run_after=2026-08-14 00:00:00+00:00
[2026-08-14T02:40:49.843+0000] {processor.py:208} INFO - Processing /opt/airflow/dags/logistics_incremental_load.py took 0.451 seconds
[2026-08-14T02:41:20.215+0000] {processor.py:186} INFO - Started process (PID=1687) to work on /opt/airflow/dags/logistics_incremental_load.py
[2026-08-14T02:41:20.216+0000] {processor.py:914} INFO - Processing file /opt/airflow/dags/logistics_incremental_load.py for tasks to queue
[2026-08-14T02:41:20.219+0000] {logging_mixin.py:190} INFO - [2026-08-14T02:41:20.218+0000] {dagbag.py:588} INFO - Filling up the DagBag from /opt/airflow/dags/logistics_incremental_load.py
[2026-08-14T02:41:20.626+0000] {processor.py:925} INFO - DAG(s) 'logistics_orders_incremental_load' retrieved from /opt/airflow/dags/logistics_incremental_load.py
[2026-08-14T02:41:20.647+0000] {logging_mixin.py:190} INFO - [2026-08-14T02:41:20.647+0000] {dag.py:3239} INFO - Sync 1 DAGs
[2026-08-14T02:41:20.668+0000] {logging_mixin.py:190} INFO - [2026-08-14T02:41:20.668+0000] {dag.py:4180} INFO - Setting next_dagrun for logistics_orders_incremental_load to 2026-08-13 00:00:00+00:00, run_after=2026-08-14 00:00:00+00:00
[2026-08-14T02:41:20.692+0000] {processor.py:208} INFO - Processing /opt/airflow/dags/logistics_incremental_load.py took 0.482 seconds
[2026-08-14T02:41:50.824+0000] {processor.py:186} INFO - Started process (PID=1774) to work on /opt/airflow/dags/logistics_incremental_load.py
[2026-08-14T02:41:50.825+0000] {processor.py:914} INFO - Processing file /opt/airflow/dags/logistics_incremental_load.py for tasks to queue
[2026-08-14T02:41:50.827+0000] {logging_mixin.py:190} INFO - [2026-08-14T02:41:50.827+0000] {dagbag.py:588} INFO - Filling up the DagBag from /opt/airflow/dags/logistics_incremental_load.py
[2026-08-14T02:41:51.203+0000] {processor.py:925} INFO - DAG(s) 'logistics_orders_incremental_load' retrieved from /opt/airflow/dags/logistics_incremental_load.py
[2026-08-14T02:41:51.224+0000] {logging_mixin.py:190} INFO - [2026-08-14T02:41:51.223+0000] {dag.py:3239} INFO - Sync 1 DAGs
[2026-08-14T02:41:51.242+0000] {logging_mixin.py:190} INFO - [2026-08-14T02:41:51.241+0000] {dag.py:4180} INFO - Setting next_dagrun for logistics_orders_incremental_load to 2026-08-13 00:00:00+00:00, run_after=2026-08-14 00:00:00+00:00
[2026-08-14T02:41:51.259+0000] {processor.py:208} INFO - Processing /opt/airflow/dags/logistics_incremental_load.py took 0.440 seconds
[2026-08-14T02:42:21.425+0000] {processor.py:186} INFO - Started process (PID=1860) to work on /opt/airflow/dags/logistics_incremental_load.py
[2026-08-14T02:42:21.426+0000] {processor.py:914} INFO - Processing file /opt/airflow/dags/logistics_incremental_load.py for tasks to queue
[2026-08-14T02:42:21.429+0000] {logging_mixin.py:190} INFO - [2026-08-14T02:42:21.429+0000] {dagbag.py:588} INFO - Filling up the DagBag from /opt/airflow/dags/logistics_incremental_load.py
[2026-08-14T02:42:21.791+0000] {processor.py:925} INFO - DAG(s) 'logistics_orders_incremental_load' retrieved from /opt/airflow/dags/logistics_incremental_load.py
[2026-08-14T02:42:21.811+0000] {logging_mixin.py:190} INFO - [2026-08-14T02:42:21.811+0000] {dag.py:3239} INFO - Sync 1 DAGs
[2026-08-14T02:42:21.830+0000] {logging_mixin.py:190} INFO - [2026-08-14T02:42:21.829+0000] {dag.py:4180} INFO - Setting next_dagrun for logistics_orders_incremental_load to 2026-08-13 00:00:00+00:00, run_after=2026-08-14 00:00:00+00:00
[2026-08-14T02:42:21.849+0000] {processor.py:208} INFO - Processing /opt/airflow/dags/logistics_incremental_load.py took 0.429 seconds
[2026-08-14T02:42:52.081+0000] {processor.py:186} INFO - Started process (PID=1949) to work on /opt/airflow/dags/logistics_incremental_load.py
[2026-08-14T02:42:52.083+0000] {processor.py:914} INFO - Processing file /opt/airflow/dags/logistics_incremental_load.py for tasks to queue
[2026-08-14T02:42:52.087+0000] {logging_mixin.py:190} INFO - [2026-08-14T02:42:52.087+0000] {dagbag.py:588} INFO - Filling up the DagBag from /opt/airflow/dags/logistics_incremental_load.py
[2026-08-14T02:42:52.569+0000] {processor.py:925} INFO - DAG(s) 'logistics_orders_incremental_load' retrieved from /opt/airflow/dags/logistics_incremental_load.py
[2026-08-14T02:42:52.613+0000] {logging_mixin.py:190} INFO - [2026-08-14T02:42:52.613+0000] {dag.py:3239} INFO - Sync 1 DAGs
[2026-08-14T02:42:52.657+0000] {logging_mixin.py:190} INFO - [2026-08-14T02:42:52.657+0000] {dag.py:4180} INFO - Setting next_dagrun for logistics_orders_incremental_load to 2026-08-13 00:00:00+00:00, run_after=2026-08-14 00:00:00+00:00
[2026-08-14T02:42:52.685+0000] {processor.py:208} INFO - Processing /opt/airflow/dags/logistics_incremental_load.py took 0.609 seconds
[2026-08-14T02:43:23.249+0000] {processor.py:186} INFO - Started process (PID=2038) to work on /opt/airflow/dags/logistics_incremental_load.py
[2026-08-14T02:43:23.250+0000] {processor.py:914} INFO - Processing file /opt/airflow/dags/logistics_incremental_load.py for tasks to queue
[2026-08-14T02:43:23.253+0000] {logging_mixin.py:190} INFO - [2026-08-14T02:43:23.253+0000] {dagbag.py:588} INFO - Filling up the DagBag from /opt/airflow/dags/logistics_incremental_load.py
[2026-08-14T02:43:23.670+0000] {processor.py:925} INFO - DAG(s) 'logistics_orders_incremental_load' retrieved from /opt/airflow/dags/logistics_incremental_load.py
[2026-08-14T02:43:23.696+0000] {logging_mixin.py:190} INFO - [2026-08-14T02:43:23.696+0000] {dag.py:3239} INFO - Sync 1 DAGs
[2026-08-14T02:43:23.715+0000] {logging_mixin.py:190} INFO - [2026-08-14T02:43:23.715+0000] {dag.py:4180} INFO - Setting next_dagrun for logistics_orders_incremental_load to 2026-08-13 00:00:00+00:00, run_after=2026-08-14 00:00:00+00:00
[2026-08-14T02:43:23.732+0000] {processor.py:208} INFO - Processing /opt/airflow/dags/logistics_incremental_load.py took 0.490 seconds
[2026-08-14T02:43:53.969+0000] {processor.py:186} INFO - Started process (PID=2125) to work on /opt/airflow/dags/logistics_incremental_load.py
[2026-08-14T02:43:53.970+0000] {processor.py:914} INFO - Processing file /opt/airflow/dags/logistics_incremental_load.py for tasks to queue
[2026-08-14T02:43:53.972+0000] {logging_mixin.py:190} INFO - [2026-08-14T02:43:53.972+0000] {dagbag.py:588} INFO - Filling up the DagBag from /opt/airflow/dags/logistics_incremental_load.py
[2026-08-14T02:43:54.372+0000] {processor.py:925} INFO - DAG(s) 'logistics_orders_incremental_load' retrieved from /opt/airflow/dags/logistics_incremental_load.py
[2026-08-14T02:43:54.394+0000] {logging_mixin.py:190} INFO - [2026-08-14T02:43:54.394+0000] {dag.py:3239} INFO - Sync 1 DAGs
[2026-08-14T02:43:54.414+0000] {logging_mixin.py:190} INFO - [2026-08-14T02:43:54.413+0000] {dag.py:4180} INFO - Setting next_dagrun for logistics_orders_incremental_load to 2026-08-13 00:00:00+00:00, run_after=2026-08-14 00:00:00+00:00
[2026-08-14T02:43:54.433+0000] {processor.py:208} INFO - Processing /opt/airflow/dags/logistics_incremental_load.py took 0.470 seconds
[2026-08-14T02:44:24.749+0000] {processor.py:186} INFO - Started process (PID=2211) to work on /opt/airflow/dags/logistics_incremental_load.py
[2026-08-14T02:44:24.750+0000] {processor.py:914} INFO - Processing file /opt/airflow/dags/logistics_incremental_load.py for tasks to queue
[2026-08-14T02:44:24.752+0000] {logging_mixin.py:190} INFO - [2026-08-14T02:44:24.752+0000] {dagbag.py:588} INFO - Filling up the DagBag from /opt/airflow/dags/logistics_incremental_load.py
[2026-08-14T02:44:25.147+0000] {processor.py:925} INFO - DAG(s) 'logistics_orders_incremental_load' retrieved from /opt/airflow/dags/logistics_incremental_load.py
[2026-08-14T02:44:25.168+0000] {logging_mixin.py:190} INFO - [2026-08-14T02:44:25.168+0000] {dag.py:3239} INFO - Sync 1 DAGs
[2026-08-14T02:44:25.191+0000] {logging_mixin.py:190} INFO - [2026-08-14T02:44:25.190+0000] {dag.py:4180} INFO - Setting next_dagrun for logistics_orders_incremental_load to 2026-08-13 00:00:00+00:00, run_after=2026-08-14 00:00:00+00:00
[2026-08-14T02:44:25.214+0000] {processor.py:208} INFO - Processing /opt/airflow/dags/logistics_incremental_load.py took 0.470 seconds
[2026-08-14T02:44:55.316+0000] {processor.py:186} INFO - Started process (PID=2300) to work on /opt/airflow/dags/logistics_incremental_load.py
[2026-08-14T02:44:55.318+0000] {processor.py:914} INFO - Processing file /opt/airflow/dags/logistics_incremental_load.py for tasks to queue
[2026-08-14T02:44:55.320+0000] {logging_mixin.py:190} INFO - [2026-08-14T02:44:55.320+0000] {dagbag.py:588} INFO - Filling up the DagBag from /opt/airflow/dags/logistics_incremental_load.py
[2026-08-14T02:44:55.728+0000] {processor.py:925} INFO - DAG(s) 'logistics_orders_incremental_load' retrieved from /opt/airflow/dags/logistics_incremental_load.py
[2026-08-14T02:44:55.749+0000] {logging_mixin.py:190} INFO - [2026-08-14T02:44:55.749+0000] {dag.py:3239} INFO - Sync 1 DAGs
[2026-08-14T02:44:55.768+0000] {logging_mixin.py:190} INFO - [2026-08-14T02:44:55.768+0000] {dag.py:4180} INFO - Setting next_dagrun for logistics_orders_incremental_load to 2026-08-13 00:00:00+00:00, run_after=2026-08-14 00:00:00+00:00
[2026-08-14T02:44:55.791+0000] {processor.py:208} INFO - Processing /opt/airflow/dags/logistics_incremental_load.py took 0.480 seconds
[2026-08-14T02:45:26.614+0000] {processor.py:186} INFO - Started process (PID=2387) to work on /opt/airflow/dags/logistics_incremental_load.py
[2026-08-14T02:45:26.614+0000] {processor.py:914} INFO - Processing file /opt/airflow/dags/logistics_incremental_load.py for tasks to queue
[2026-08-14T02:45:26.617+0000] {logging_mixin.py:190} INFO - [2026-08-14T02:45:26.616+0000] {dagbag.py:588} INFO - Filling up the DagBag from /opt/airflow/dags/logistics_incremental_load.py
[2026-08-14T02:45:26.987+0000] {processor.py:925} INFO - DAG(s) 'logistics_orders_incremental_load' retrieved from /opt/airflow/dags/logistics_incremental_load.py
[2026-08-14T02:45:27.006+0000] {logging_mixin.py:190} INFO - [2026-08-14T02:45:27.006+0000] {dag.py:3239} INFO - Sync 1 DAGs
[2026-08-14T02:45:27.024+0000] {logging_mixin.py:190} INFO - [2026-08-14T02:45:27.024+0000] {dag.py:4180} INFO - Setting next_dagrun for logistics_orders_incremental_load to 2026-08-13 00:00:00+00:00, run_after=2026-08-14 00:00:00+00:00
[2026-08-14T02:45:27.042+0000] {processor.py:208} INFO - Processing /opt/airflow/dags/logistics_incremental_load.py took 0.434 seconds
[2026-08-14T02:45:57.427+0000] {processor.py:186} INFO - Started process (PID=2473) to work on /opt/airflow/dags/logistics_incremental_load.py
[2026-08-14T02:45:57.428+0000] {processor.py:914} INFO - Processing file /opt/airflow/dags/logistics_incremental_load.py for tasks to queue
[2026-08-14T02:45:57.430+0000] {logging_mixin.py:190} INFO - [2026-08-14T02:45:57.430+0000] {dagbag.py:588} INFO - Filling up the DagBag from /opt/airflow/dags/logistics_incremental_load.py
[2026-08-14T02:45:57.687+0000] {processor.py:925} INFO - DAG(s) 'logistics_orders_incremental_load' retrieved from /opt/airflow/dags/logistics_incremental_load.py
[2026-08-14T02:45:57.712+0000] {logging_mixin.py:190} INFO - [2026-08-14T02:45:57.712+0000] {dag.py:3239} INFO - Sync 1 DAGs
[2026-08-14T02:45:57.738+0000] {logging_mixin.py:190} INFO - [2026-08-14T02:45:57.738+0000] {dag.py:4180} INFO - Setting next_dagrun for logistics_orders_incremental_load to 2026-08-13 00:00:00+00:00, run_after=2026-08-14 00:00:00+00:00
[2026-08-14T02:45:57.758+0000] {processor.py:208} INFO - Processing /opt/airflow/dags/logistics_incremental_load.py took 0.336 seconds
[2026-08-14T02:46:27.934+0000] {processor.py:186} INFO - Started process (PID=2562) to work on /opt/airflow/dags/logistics_incremental_load.py
[2026-08-14T02:46:27.935+0000] {processor.py:914} INFO - Processing file /opt/airflow/dags/logistics_incremental_load.py for tasks to queue
[2026-08-14T02:46:27.938+0000] {logging_mixin.py:190} INFO - [2026-08-14T02:46:27.938+0000] {dagbag.py:588} INFO - Filling up the DagBag from /opt/airflow/dags/logistics_incremental_load.py
[2026-08-14T02:46:28.202+0000] {processor.py:925} INFO - DAG(s) 'logistics_orders_incremental_load' retrieved from /opt/airflow/dags/logistics_incremental_load.py
[2026-08-14T02:46:28.229+0000] {logging_mixin.py:190} INFO - [2026-08-14T02:46:28.229+0000] {dag.py:3239} INFO - Sync 1 DAGs
[2026-08-14T02:46:28.252+0000] {logging_mixin.py:190} INFO - [2026-08-14T02:46:28.252+0000] {dag.py:4180} INFO - Setting next_dagrun for logistics_orders_incremental_load to 2026-08-13 00:00:00+00:00, run_after=2026-08-14 00:00:00+00:00
[2026-08-14T02:46:28.273+0000] {processor.py:208} INFO - Processing /opt/airflow/dags/logistics_incremental_load.py took 0.344 seconds
[2026-08-14T02:46:59.017+0000] {processor.py:186} INFO - Started process (PID=2649) to work on /opt/airflow/dags/logistics_incremental_load.py
[2026-08-14T02:46:59.018+0000] {processor.py:914} INFO - Processing file /opt/airflow/dags/logistics_incremental_load.py for tasks to queue
[2026-08-14T02:46:59.020+0000] {logging_mixin.py:190} INFO - [2026-08-14T02:46:59.020+0000] {dagbag.py:588} INFO - Filling up the DagBag from /opt/airflow/dags/logistics_incremental_load.py
[2026-08-14T02:46:59.307+0000] {processor.py:925} INFO - DAG(s) 'logistics_orders_incremental_load' retrieved from /opt/airflow/dags/logistics_incremental_load.py
[2026-08-14T02:46:59.334+0000] {logging_mixin.py:190} INFO - [2026-08-14T02:46:59.334+0000] {dag.py:3239} INFO - Sync 1 DAGs
[2026-08-14T02:46:59.357+0000] {logging_mixin.py:190} INFO - [2026-08-14T02:46:59.357+0000] {dag.py:4180} INFO - Setting next_dagrun for logistics_orders_incremental_load to 2026-08-13 00:00:00+00:00, run_after=2026-08-14 00:00:00+00:00
[2026-08-14T02:46:59.378+0000] {processor.py:208} INFO - Processing /opt/airflow/dags/logistics_incremental_load.py took 0.367 seconds
[2026-08-14T02:47:29.633+0000] {processor.py:186} INFO - Started process (PID=2729) to work on /opt/airflow/dags/logistics_incremental_load.py
[2026-08-14T02:47:29.634+0000] {processor.py:914} INFO - Processing file /opt/airflow/dags/logistics_incremental_load.py for tasks to queue
[2026-08-14T02:47:29.637+0000] {logging_mixin.py:190} INFO - [2026-08-14T02:47:29.636+0000] {dagbag.py:588} INFO - Filling up the DagBag from /opt/airflow/dags/logistics_incremental_load.py
[2026-08-14T02:47:29.906+0000] {processor.py:925} INFO - DAG(s) 'logistics_orders_incremental_load' retrieved from /opt/airflow/dags/logistics_incremental_load.py
[2026-08-14T02:47:29.939+0000] {logging_mixin.py:190} INFO - [2026-08-14T02:47:29.938+0000] {dag.py:3239} INFO - Sync 1 DAGs
[2026-08-14T02:47:29.963+0000] {logging_mixin.py:190} INFO - [2026-08-14T02:47:29.963+0000] {dag.py:4180} INFO - Setting next_dagrun for logistics_orders_incremental_load to 2026-08-13 00:00:00+00:00, run_after=2026-08-14 00:00:00+00:00
[2026-08-14T02:47:29.984+0000] {processor.py:208} INFO - Processing /opt/airflow/dags/logistics_incremental_load.py took 0.357 seconds
[2026-08-14T02:48:00.228+0000] {processor.py:186} INFO - Started process (PID=2818) to work on /opt/airflow/dags/logistics_incremental_load.py
[2026-08-14T02:48:00.229+0000] {processor.py:914} INFO - Processing file /opt/airflow/dags/logistics_incremental_load.py for tasks to queue
[2026-08-14T02:48:00.231+0000] {logging_mixin.py:190} INFO - [2026-08-14T02:48:00.231+0000] {dagbag.py:588} INFO - Filling up the DagBag from /opt/airflow/dags/logistics_incremental_load.py
[2026-08-14T02:48:00.523+0000] {processor.py:925} INFO - DAG(s) 'logistics_orders_incremental_load' retrieved from /opt/airflow/dags/logistics_incremental_load.py
[2026-08-14T02:48:00.550+0000] {logging_mixin.py:190} INFO - [2026-08-14T02:48:00.550+0000] {dag.py:3239} INFO - Sync 1 DAGs
[2026-08-14T02:48:00.577+0000] {logging_mixin.py:190} INFO - [2026-08-14T02:48:00.577+0000] {dag.py:4180} INFO - Setting next_dagrun for logistics_orders_incremental_load to 2026-08-13 00:00:00+00:00, run_after=2026-08-14 00:00:00+00:00
[2026-08-14T02:48:00.602+0000] {processor.py:208} INFO - Processing /opt/airflow/dags/logistics_incremental_load.py took 0.380 seconds
[2026-08-14T02:48:31.163+0000] {processor.py:186} INFO - Started process (PID=2911) to work on /opt/airflow/dags/logistics_incremental_load.py
[2026-08-14T02:48:31.164+0000] {processor.py:914} INFO - Processing file /opt/airflow/dags/logistics_incremental_load.py for tasks to queue
[2026-08-14T02:48:31.166+0000] {logging_mixin.py:190} INFO - [2026-08-14T02:48:31.166+0000] {dagbag.py:588} INFO - Filling up the DagBag from /opt/airflow/dags/logistics_incremental_load.py
[2026-08-14T02:48:31.445+0000] {processor.py:925} INFO - DAG(s) 'logistics_orders_incremental_load' retrieved from /opt/airflow/dags/logistics_incremental_load.py
[2026-08-14T02:48:31.467+0000] {logging_mixin.py:190} INFO - [2026-08-14T02:48:31.467+0000] {dag.py:3239} INFO - Sync 1 DAGs
[2026-08-14T02:48:31.487+0000] {logging_mixin.py:190} INFO - [2026-08-14T02:48:31.486+0000] {dag.py:4180} INFO - Setting next_dagrun for logistics_orders_incremental_load to 2026-08-13 00:00:00+00:00, run_after=2026-08-14 00:00:00+00:00
[2026-08-14T02:48:31.505+0000] {processor.py:208} INFO - Processing /opt/airflow/dags/logistics_incremental_load.py took 0.348 seconds
[2026-08-14T02:49:01.752+0000] {processor.py:186} INFO - Started process (PID=2997) to work on /opt/airflow/dags/logistics_incremental_load.py
[2026-08-14T02:49:01.753+0000] {processor.py:914} INFO - Processing file /opt/airflow/dags/logistics_incremental_load.py for tasks to queue
[2026-08-14T02:49:01.756+0000] {logging_mixin.py:190} INFO - [2026-08-14T02:49:01.756+0000] {dagbag.py:588} INFO - Filling up the DagBag from /opt/airflow/dags/logistics_incremental_load.py
[2026-08-14T02:49:02.052+0000] {processor.py:925} INFO - DAG(s) 'logistics_orders_incremental_load' retrieved from /opt/airflow/dags/logistics_incremental_load.py
[2026-08-14T02:49:02.077+0000] {logging_mixin.py:190} INFO - [2026-08-14T02:49:02.077+0000] {dag.py:3239} INFO - Sync 1 DAGs
[2026-08-14T02:49:02.100+0000] {logging_mixin.py:190} INFO - [2026-08-14T02:49:02.099+0000] {dag.py:4180} INFO - Setting next_dagrun for logistics_orders_incremental_load to 2026-08-13 00:00:00+00:00, run_after=2026-08-14 00:00:00+00:00
[2026-08-14T02:49:02.120+0000] {processor.py:208} INFO - Processing /opt/airflow/dags/logistics_incremental_load.py took 0.373 seconds
[2026-08-14T02:49:32.348+0000] {processor.py:186} INFO - Started process (PID=3086) to work on /opt/airflow/dags/logistics_incremental_load.py
[2026-08-14T02:49:32.349+0000] {processor.py:914} INFO - Processing file /opt/airflow/dags/logistics_incremental_load.py for tasks to queue
[2026-08-14T02:49:32.353+0000] {logging_mixin.py:190} INFO - [2026-08-14T02:49:32.352+0000] {dagbag.py:588} INFO - Filling up the DagBag from /opt/airflow/dags/logistics_incremental_load.py
[2026-08-14T02:49:32.689+0000] {processor.py:925} INFO - DAG(s) 'logistics_orders_incremental_load' retrieved from /opt/airflow/dags/logistics_incremental_load.py
[2026-08-14T02:49:32.726+0000] {logging_mixin.py:190} INFO - [2026-08-14T02:49:32.726+0000] {dag.py:3239} INFO - Sync 1 DAGs
[2026-08-14T02:49:32.754+0000] {logging_mixin.py:190} INFO - [2026-08-14T02:49:32.754+0000] {dag.py:4180} INFO - Setting next_dagrun for logistics_orders_incremental_load to 2026-08-13 00:00:00+00:00, run_after=2026-08-14 00:00:00+00:00
[2026-08-14T02:49:32.793+0000] {processor.py:208} INFO - Processing /opt/airflow/dags/logistics_incremental_load.py took 0.451 seconds
[2026-08-14T02:50:03.284+0000] {processor.py:186} INFO - Started process (PID=3170) to work on /opt/airflow/dags/logistics_incremental_load.py
[2026-08-14T02:50:03.285+0000] {processor.py:914} INFO - Processing file /opt/airflow/dags/logistics_incremental_load.py for tasks to queue
[2026-08-14T02:50:03.289+0000] {logging_mixin.py:190} INFO - [2026-08-14T02:50:03.288+0000] {dagbag.py:588} INFO - Filling up the DagBag from /opt/airflow/dags/logistics_incremental_load.py
[2026-08-14T02:50:03.638+0000] {processor.py:925} INFO - DAG(s) 'logistics_orders_incremental_load' retrieved from /opt/airflow/dags/logistics_incremental_load.py
[2026-08-14T02:50:03.661+0000] {logging_mixin.py:190} INFO - [2026-08-14T02:50:03.661+0000] {dag.py:3239} INFO - Sync 1 DAGs
[2026-08-14T02:50:03.684+0000] {logging_mixin.py:190} INFO - [2026-08-14T02:50:03.684+0000] {dag.py:4180} INFO - Setting next_dagrun for logistics_orders_incremental_load to 2026-08-13 00:00:00+00:00, run_after=2026-08-14 00:00:00+00:00
[2026-08-14T02:50:03.706+0000] {processor.py:208} INFO - Processing /opt/airflow/dags/logistics_incremental_load.py took 0.427 seconds
[2026-08-14T02:50:34.152+0000] {processor.py:186} INFO - Started process (PID=3262) to work on /opt/airflow/dags/logistics_incremental_load.py
[2026-08-14T02:50:34.153+0000] {processor.py:914} INFO - Processing file /opt/airflow/dags/logistics_incremental_load.py for tasks to queue
[2026-08-14T02:50:34.155+0000] {logging_mixin.py:190} INFO - [2026-08-14T02:50:34.155+0000] {dagbag.py:588} INFO - Filling up the DagBag from /opt/airflow/dags/logistics_incremental_load.py
[2026-08-14T02:50:34.399+0000] {processor.py:925} INFO - DAG(s) 'logistics_orders_incremental_load' retrieved from /opt/airflow/dags/logistics_incremental_load.py
[2026-08-14T02:50:34.423+0000] {logging_mixin.py:190} INFO - [2026-08-14T02:50:34.423+0000] {dag.py:3239} INFO - Sync 1 DAGs
[2026-08-14T02:50:34.444+0000] {logging_mixin.py:190} INFO - [2026-08-14T02:50:34.443+0000] {dag.py:4180} INFO - Setting next_dagrun for logistics_orders_incremental_load to 2026-08-13 00:00:00+00:00, run_after=2026-08-14 00:00:00+00:00
[2026-08-14T02:50:34.461+0000] {processor.py:208} INFO - Processing /opt/airflow/dags/logistics_incremental_load.py took 0.316 seconds
[2026-08-14T02:51:04.888+0000] {processor.py:186} INFO - Started process (PID=3342) to work on /opt/airflow/dags/logistics_incremental_load.py
[2026-08-14T02:51:04.889+0000] {processor.py:914} INFO - Processing file /opt/airflow/dags/logistics_incremental_load.py for tasks to queue
[2026-08-14T02:51:04.891+0000] {logging_mixin.py:190} INFO - [2026-08-14T02:51:04.891+0000] {dagbag.py:588} INFO - Filling up the DagBag from /opt/airflow/dags/logistics_incremental_load.py
[2026-08-14T02:51:05.174+0000] {processor.py:925} INFO - DAG(s) 'logistics_orders_incremental_load' retrieved from /opt/airflow/dags/logistics_incremental_load.py
[2026-08-14T02:51:05.197+0000] {logging_mixin.py:190} INFO - [2026-08-14T02:51:05.197+0000] {dag.py:3239} INFO - Sync 1 DAGs
[2026-08-14T02:51:05.229+0000] {logging_mixin.py:190} INFO - [2026-08-14T02:51:05.228+0000] {dag.py:4180} INFO - Setting next_dagrun for logistics_orders_incremental_load to 2026-08-13 00:00:00+00:00, run_after=2026-08-14 00:00:00+00:00
[2026-08-14T02:51:05.280+0000] {processor.py:208} INFO - Processing /opt/airflow/dags/logistics_incremental_load.py took 0.399 seconds
[2026-08-14T02:51:36.240+0000] {processor.py:186} INFO - Started process (PID=3431) to work on /opt/airflow/dags/logistics_incremental_load.py
[2026-08-14T02:51:36.242+0000] {processor.py:914} INFO - Processing file /opt/airflow/dags/logistics_incremental_load.py for tasks to queue
[2026-08-14T02:51:36.246+0000] {logging_mixin.py:190} INFO - [2026-08-14T02:51:36.245+0000] {dagbag.py:588} INFO - Filling up the DagBag from /opt/airflow/dags/logistics_incremental_load.py
[2026-08-14T02:51:36.529+0000] {processor.py:925} INFO - DAG(s) 'logistics_orders_incremental_load' retrieved from /opt/airflow/dags/logistics_incremental_load.py
[2026-08-14T02:51:36.556+0000] {logging_mixin.py:190} INFO - [2026-08-14T02:51:36.556+0000] {dag.py:3239} INFO - Sync 1 DAGs
[2026-08-14T02:51:36.578+0000] {logging_mixin.py:190} INFO - [2026-08-14T02:51:36.578+0000] {dag.py:4180} INFO - Setting next_dagrun for logistics_orders_incremental_load to 2026-08-13 00:00:00+00:00, run_after=2026-08-14 00:00:00+00:00
[2026-08-14T02:51:36.599+0000] {processor.py:208} INFO - Processing /opt/airflow/dags/logistics_incremental_load.py took 0.364 seconds
[2026-08-14T03:01:28.803+0000] {processor.py:186} INFO - Started process (PID=168) to work on /opt/airflow/dags/logistics_incremental_load.py
[2026-08-14T03:01:28.804+0000] {processor.py:914} INFO - Processing file /opt/airflow/dags/logistics_incremental_load.py for tasks to queue
[2026-08-14T03:01:28.807+0000] {logging_mixin.py:190} INFO - [2026-08-14T03:01:28.806+0000] {dagbag.py:588} INFO - Filling up the DagBag from /opt/airflow/dags/logistics_incremental_load.py
[2026-08-14T03:01:29.522+0000] {processor.py:925} INFO - DAG(s) 'logistics_orders_incremental_load' retrieved from /opt/airflow/dags/logistics_incremental_load.py
[2026-08-14T03:01:29.579+0000] {logging_mixin.py:190} INFO - [2026-08-14T03:01:29.578+0000] {dag.py:3239} INFO - Sync 1 DAGs
[2026-08-14T03:01:29.650+0000] {logging_mixin.py:190} INFO - [2026-08-14T03:01:29.650+0000] {dag.py:4180} INFO - Setting next_dagrun for logistics_orders_incremental_load to 2026-08-13 00:00:00+00:00, run_after=2026-08-14 00:00:00+00:00
[2026-08-14T03:01:29.708+0000] {processor.py:208} INFO - Processing /opt/airflow/dags/logistics_incremental_load.py took 0.912 seconds
[2026-08-14T03:02:00.595+0000] {processor.py:186} INFO - Started process (PID=263) to work on /opt/airflow/dags/logistics_incremental_load.py
[2026-08-14T03:02:00.596+0000] {processor.py:914} INFO - Processing file /opt/airflow/dags/logistics_incremental_load.py for tasks to queue
[2026-08-14T03:02:00.599+0000] {logging_mixin.py:190} INFO - [2026-08-14T03:02:00.599+0000] {dagbag.py:588} INFO - Filling up the DagBag from /opt/airflow/dags/logistics_incremental_load.py
[2026-08-14T03:02:00.915+0000] {processor.py:925} INFO - DAG(s) 'logistics_orders_incremental_load' retrieved from /opt/airflow/dags/logistics_incremental_load.py
[2026-08-14T03:02:00.942+0000] {logging_mixin.py:190} INFO - [2026-08-14T03:02:00.941+0000] {dag.py:3239} INFO - Sync 1 DAGs
[2026-08-14T03:02:00.965+0000] {logging_mixin.py:190} INFO - [2026-08-14T03:02:00.965+0000] {dag.py:4180} INFO - Setting next_dagrun for logistics_orders_incremental_load to 2026-08-13 00:00:00+00:00, run_after=2026-08-14 00:00:00+00:00
[2026-08-14T03:02:00.988+0000] {processor.py:208} INFO - Processing /opt/airflow/dags/logistics_incremental_load.py took 0.399 seconds
[2026-08-14T03:02:31.508+0000] {processor.py:186} INFO - Started process (PID=341) to work on /opt/airflow/dags/logistics_incremental_load.py
[2026-08-14T03:02:31.509+0000] {processor.py:914} INFO - Processing file /opt/airflow/dags/logistics_incremental_load.py for tasks to queue
[2026-08-14T03:02:31.510+0000] {logging_mixin.py:190} INFO - [2026-08-14T03:02:31.510+0000] {dagbag.py:588} INFO - Filling up the DagBag from /opt/airflow/dags/logistics_incremental_load.py
[2026-08-14T03:02:31.854+0000] {processor.py:925} INFO - DAG(s) 'logistics_orders_incremental_load' retrieved from /opt/airflow/dags/logistics_incremental_load.py
[2026-08-14T03:02:31.889+0000] {logging_mixin.py:190} INFO - [2026-08-14T03:02:31.888+0000] {dag.py:3239} INFO - Sync 1 DAGs
[2026-08-14T03:02:31.924+0000] {logging_mixin.py:190} INFO - [2026-08-14T03:02:31.923+0000] {dag.py:4180} INFO - Setting next_dagrun for logistics_orders_incremental_load to 2026-08-13 00:00:00+00:00, run_after=2026-08-14 00:00:00+00:00
[2026-08-14T03:02:31.952+0000] {processor.py:208} INFO - Processing /opt/airflow/dags/logistics_incremental_load.py took 0.450 seconds
[2026-08-14T03:03:02.494+0000] {processor.py:186} INFO - Started process (PID=434) to work on /opt/airflow/dags/logistics_incremental_load.py
[2026-08-14T03:03:02.495+0000] {processor.py:914} INFO - Processing file /opt/airflow/dags/logistics_incremental_load.py for tasks to queue
[2026-08-14T03:03:02.497+0000] {logging_mixin.py:190} INFO - [2026-08-14T03:03:02.496+0000] {dagbag.py:588} INFO - Filling up the DagBag from /opt/airflow/dags/logistics_incremental_load.py
[2026-08-14T03:03:02.798+0000] {processor.py:925} INFO - DAG(s) 'logistics_orders_incremental_load' retrieved from /opt/airflow/dags/logistics_incremental_load.py
[2026-08-14T03:03:02.826+0000] {logging_mixin.py:190} INFO - [2026-08-14T03:03:02.826+0000] {dag.py:3239} INFO - Sync 1 DAGs
[2026-08-14T03:03:02.849+0000] {logging_mixin.py:190} INFO - [2026-08-14T03:03:02.849+0000] {dag.py:4180} INFO - Setting next_dagrun for logistics_orders_incremental_load to 2026-08-13 00:00:00+00:00, run_after=2026-08-14 00:00:00+00:00
[2026-08-14T03:03:02.878+0000] {processor.py:208} INFO - Processing /opt/airflow/dags/logistics_incremental_load.py took 0.389 seconds
[2026-08-14T03:03:33.075+0000] {processor.py:186} INFO - Started process (PID=520) to work on /opt/airflow/dags/logistics_incremental_load.py
[2026-08-14T03:03:33.076+0000] {processor.py:914} INFO - Processing file /opt/airflow/dags/logistics_incremental_load.py for tasks to queue
[2026-08-14T03:03:33.077+0000] {logging_mixin.py:190} INFO - [2026-08-14T03:03:33.077+0000] {dagbag.py:588} INFO - Filling up the DagBag from /opt/airflow/dags/logistics_incremental_load.py
[2026-08-14T03:03:33.436+0000] {processor.py:925} INFO - DAG(s) 'logistics_orders_incremental_load' retrieved from /opt/airflow/dags/logistics_incremental_load.py
[2026-08-14T03:03:33.466+0000] {logging_mixin.py:190} INFO - [2026-08-14T03:03:33.466+0000] {dag.py:3239} INFO - Sync 1 DAGs
[2026-08-14T03:03:33.489+0000] {logging_mixin.py:190} INFO - [2026-08-14T03:03:33.489+0000] {dag.py:4180} INFO - Setting next_dagrun for logistics_orders_incremental_load to 2026-08-13 00:00:00+00:00, run_after=2026-08-14 00:00:00+00:00
[2026-08-14T03:03:33.510+0000] {processor.py:208} INFO - Processing /opt/airflow/dags/logistics_incremental_load.py took 0.441 seconds
[2026-08-14T03:04:03.864+0000] {processor.py:186} INFO - Started process (PID=598) to work on /opt/airflow/dags/logistics_incremental_load.py
[2026-08-14T03:04:03.865+0000] {processor.py:914} INFO - Processing file /opt/airflow/dags/logistics_incremental_load.py for tasks to queue
[2026-08-14T03:04:03.866+0000] {logging_mixin.py:190} INFO - [2026-08-14T03:04:03.866+0000] {dagbag.py:588} INFO - Filling up the DagBag from /opt/airflow/dags/logistics_incremental_load.py
[2026-08-14T03:04:04.123+0000] {processor.py:925} INFO - DAG(s) 'logistics_orders_incremental_load' retrieved from /opt/airflow/dags/logistics_incremental_load.py
[2026-08-14T03:04:04.155+0000] {logging_mixin.py:190} INFO - [2026-08-14T03:04:04.154+0000] {dag.py:3239} INFO - Sync 1 DAGs
[2026-08-14T03:04:04.181+0000] {logging_mixin.py:190} INFO - [2026-08-14T03:04:04.181+0000] {dag.py:4180} INFO - Setting next_dagrun for logistics_orders_incremental_load to 2026-08-13 00:00:00+00:00, run_after=2026-08-14 00:00:00+00:00
[2026-08-14T03:04:04.204+0000] {processor.py:208} INFO - Processing /opt/airflow/dags/logistics_incremental_load.py took 0.345 seconds
[2026-08-14T03:04:34.373+0000] {processor.py:186} INFO - Started process (PID=688) to work on /opt/airflow/dags/logistics_incremental_load.py
[2026-08-14T03:04:34.374+0000] {processor.py:914} INFO - Processing file /opt/airflow/dags/logistics_incremental_load.py for tasks to queue
[2026-08-14T03:04:34.375+0000] {logging_mixin.py:190} INFO - [2026-08-14T03:04:34.375+0000] {dagbag.py:588} INFO - Filling up the DagBag from /opt/airflow/dags/logistics_incremental_load.py
[2026-08-14T03:04:34.683+0000] {processor.py:925} INFO - DAG(s) 'logistics_orders_incremental_load' retrieved from /opt/airflow/dags/logistics_incremental_load.py
[2026-08-14T03:04:34.713+0000] {logging_mixin.py:190} INFO - [2026-08-14T03:04:34.712+0000] {dag.py:3239} INFO - Sync 1 DAGs
[2026-08-14T03:04:34.975+0000] {logging_mixin.py:190} INFO - [2026-08-14T03:04:34.975+0000] {dag.py:4180} INFO - Setting next_dagrun for logistics_orders_incremental_load to 2026-08-13 00:00:00+00:00, run_after=2026-08-14 00:00:00+00:00
[2026-08-14T03:04:35.012+0000] {processor.py:208} INFO - Processing /opt/airflow/dags/logistics_incremental_load.py took 0.643 seconds
[2026-08-14T03:05:05.202+0000] {processor.py:186} INFO - Started process (PID=780) to work on /opt/airflow/dags/logistics_incremental_load.py
[2026-08-14T03:05:05.204+0000] {processor.py:914} INFO - Processing file /opt/airflow/dags/logistics_incremental_load.py for tasks to queue
[2026-08-14T03:05:05.205+0000] {logging_mixin.py:190} INFO - [2026-08-14T03:05:05.205+0000] {dagbag.py:588} INFO - Filling up the DagBag from /opt/airflow/dags/logistics_incremental_load.py
[2026-08-14T03:05:05.485+0000] {processor.py:925} INFO - DAG(s) 'logistics_orders_incremental_load' retrieved from /opt/airflow/dags/logistics_incremental_load.py
[2026-08-14T03:05:05.511+0000] {logging_mixin.py:190} INFO - [2026-08-14T03:05:05.511+0000] {dag.py:3239} INFO - Sync 1 DAGs
[2026-08-14T03:05:05.534+0000] {logging_mixin.py:190} INFO - [2026-08-14T03:05:05.534+0000] {dag.py:4180} INFO - Setting next_dagrun for logistics_orders_incremental_load to 2026-08-13 00:00:00+00:00, run_after=2026-08-14 00:00:00+00:00
[2026-08-14T03:05:05.557+0000] {processor.py:208} INFO - Processing /opt/airflow/dags/logistics_incremental_load.py took 0.361 seconds
[2026-08-14T03:05:35.835+0000] {processor.py:186} INFO - Started process (PID=866) to work on /opt/airflow/dags/logistics_incremental_load.py
[2026-08-14T03:05:35.836+0000] {processor.py:914} INFO - Processing file /opt/airflow/dags/logistics_incremental_load.py for tasks to queue
[2026-08-14T03:05:35.837+0000] {logging_mixin.py:190} INFO - [2026-08-14T03:05:35.837+0000] {dagbag.py:588} INFO - Filling up the DagBag from /opt/airflow/dags/logistics_incremental_load.py
[2026-08-14T03:05:36.128+0000] {processor.py:925} INFO - DAG(s) 'logistics_orders_incremental_load' retrieved from /opt/airflow/dags/logistics_incremental_load.py
[2026-08-14T03:05:36.297+0000] {logging_mixin.py:190} INFO - [2026-08-14T03:05:36.296+0000] {dag.py:3239} INFO - Sync 1 DAGs
[2026-08-14T03:05:36.319+0000] {logging_mixin.py:190} INFO - [2026-08-14T03:05:36.318+0000] {dag.py:4180} INFO - Setting next_dagrun for logistics_orders_incremental_load to 2026-08-13 00:00:00+00:00, run_after=2026-08-14 00:00:00+00:00
[2026-08-14T03:05:36.339+0000] {processor.py:208} INFO - Processing /opt/airflow/dags/logistics_incremental_load.py took 0.509 seconds
[2026-08-14T03:06:06.572+0000] {processor.py:186} INFO - Started process (PID=963) to work on /opt/airflow/dags/logistics_incremental_load.py
[2026-08-14T03:06:06.574+0000] {processor.py:914} INFO - Processing file /opt/airflow/dags/logistics_incremental_load.py for tasks to queue
[2026-08-14T03:06:06.575+0000] {logging_mixin.py:190} INFO - [2026-08-14T03:06:06.575+0000] {dagbag.py:588} INFO - Filling up the DagBag from /opt/airflow/dags/logistics_incremental_load.py
[2026-08-14T03:06:06.904+0000] {processor.py:925} INFO - DAG(s) 'logistics_orders_incremental_load' retrieved from /opt/airflow/dags/logistics_incremental_load.py
[2026-08-14T03:06:06.930+0000] {logging_mixin.py:190} INFO - [2026-08-14T03:06:06.930+0000] {dag.py:3239} INFO - Sync 1 DAGs
[2026-08-14T03:06:07.098+0000] {logging_mixin.py:190} INFO - [2026-08-14T03:06:07.098+0000] {dag.py:4180} INFO - Setting next_dagrun for logistics_orders_incremental_load to 2026-08-13 00:00:00+00:00, run_after=2026-08-14 00:00:00+00:00
[2026-08-14T03:06:07.126+0000] {processor.py:208} INFO - Processing /opt/airflow/dags/logistics_incremental_load.py took 0.561 seconds
[2026-08-14T03:06:37.963+0000] {processor.py:186} INFO - Started process (PID=1057) to work on /opt/airflow/dags/logistics_incremental_load.py
[2026-08-14T03:06:37.964+0000] {processor.py:914} INFO - Processing file /opt/airflow/dags/logistics_incremental_load.py for tasks to queue
[2026-08-14T03:06:37.965+0000] {logging_mixin.py:190} INFO - [2026-08-14T03:06:37.965+0000] {dagbag.py:588} INFO - Filling up the DagBag from /opt/airflow/dags/logistics_incremental_load.py
[2026-08-14T03:06:38.355+0000] {processor.py:925} INFO - DAG(s) 'logistics_orders_incremental_load' retrieved from /opt/airflow/dags/logistics_incremental_load.py
[2026-08-14T03:06:38.374+0000] {logging_mixin.py:190} INFO - [2026-08-14T03:06:38.373+0000] {dag.py:3239} INFO - Sync 1 DAGs
[2026-08-14T03:06:38.394+0000] {logging_mixin.py:190} INFO - [2026-08-14T03:06:38.394+0000] {dag.py:4180} INFO - Setting next_dagrun for logistics_orders_incremental_load to 2026-08-13 00:00:00+00:00, run_after=2026-08-14 00:00:00+00:00
[2026-08-14T03:06:38.411+0000] {processor.py:208} INFO - Processing /opt/airflow/dags/logistics_incremental_load.py took 0.453 seconds
[2026-08-14T03:07:08.529+0000] {processor.py:186} INFO - Started process (PID=1143) to work on /opt/airflow/dags/logistics_incremental_load.py
[2026-08-14T03:07:08.530+0000] {processor.py:914} INFO - Processing file /opt/airflow/dags/logistics_incremental_load.py for tasks to queue
[2026-08-14T03:07:08.532+0000] {logging_mixin.py:190} INFO - [2026-08-14T03:07:08.532+0000] {dagbag.py:588} INFO - Filling up the DagBag from /opt/airflow/dags/logistics_incremental_load.py
[2026-08-14T03:07:08.955+0000] {processor.py:925} INFO - DAG(s) 'logistics_orders_incremental_load' retrieved from /opt/airflow/dags/logistics_incremental_load.py
[2026-08-14T03:07:08.974+0000] {logging_mixin.py:190} INFO - [2026-08-14T03:07:08.974+0000] {dag.py:3239} INFO - Sync 1 DAGs
[2026-08-14T03:07:08.991+0000] {logging_mixin.py:190} INFO - [2026-08-14T03:07:08.991+0000] {dag.py:4180} INFO - Setting next_dagrun for logistics_orders_incremental_load to 2026-08-13 00:00:00+00:00, run_after=2026-08-14 00:00:00+00:00
[2026-08-14T03:07:09.012+0000] {processor.py:208} INFO - Processing /opt/airflow/dags/logistics_incremental_load.py took 0.488 seconds
[2026-08-14T03:56:32.778+0000] {processor.py:186} INFO - Started process (PID=168) to work on /opt/airflow/dags/logistics_incremental_load.py
[2026-08-14T03:56:32.783+0000] {processor.py:914} INFO - Processing file /opt/airflow/dags/logistics_incremental_load.py for tasks to queue
[2026-08-14T03:56:32.789+0000] {logging_mixin.py:190} INFO - [2026-08-14T03:56:32.789+0000] {dagbag.py:588} INFO - Filling up the DagBag from /opt/airflow/dags/logistics_incremental_load.py
[2026-08-14T03:56:34.258+0000] {processor.py:925} INFO - DAG(s) 'logistics_orders_incremental_load' retrieved from /opt/airflow/dags/logistics_incremental_load.py
[2026-08-14T03:56:34.299+0000] {logging_mixin.py:190} INFO - [2026-08-14T03:56:34.299+0000] {dag.py:3239} INFO - Sync 1 DAGs
[2026-08-14T03:56:34.332+0000] {logging_mixin.py:190} INFO - [2026-08-14T03:56:34.332+0000] {dag.py:4180} INFO - Setting next_dagrun for logistics_orders_incremental_load to 2026-08-13 00:00:00+00:00, run_after=2026-08-14 00:00:00+00:00
[2026-08-14T03:56:34.371+0000] {processor.py:208} INFO - Processing /opt/airflow/dags/logistics_incremental_load.py took 1.609 seconds
[2026-08-14T03:57:04.801+0000] {processor.py:186} INFO - Started process (PID=257) to work on /opt/airflow/dags/logistics_incremental_load.py
[2026-08-14T03:57:04.802+0000] {processor.py:914} INFO - Processing file /opt/airflow/dags/logistics_incremental_load.py for tasks to queue
[2026-08-14T03:57:04.804+0000] {logging_mixin.py:190} INFO - [2026-08-14T03:57:04.804+0000] {dagbag.py:588} INFO - Filling up the DagBag from /opt/airflow/dags/logistics_incremental_load.py
[2026-08-14T03:57:05.123+0000] {processor.py:925} INFO - DAG(s) 'logistics_orders_incremental_load' retrieved from /opt/airflow/dags/logistics_incremental_load.py
[2026-08-14T03:57:05.151+0000] {logging_mixin.py:190} INFO - [2026-08-14T03:57:05.151+0000] {dag.py:3239} INFO - Sync 1 DAGs
[2026-08-14T03:57:05.176+0000] {logging_mixin.py:190} INFO - [2026-08-14T03:57:05.176+0000] {dag.py:4180} INFO - Setting next_dagrun for logistics_orders_incremental_load to 2026-08-13 00:00:00+00:00, run_after=2026-08-14 00:00:00+00:00
[2026-08-14T03:57:05.195+0000] {processor.py:208} INFO - Processing /opt/airflow/dags/logistics_incremental_load.py took 0.400 seconds
[2026-08-14T03:57:35.854+0000] {processor.py:186} INFO - Started process (PID=350) to work on /opt/airflow/dags/logistics_incremental_load.py
[2026-08-14T03:57:35.855+0000] {processor.py:914} INFO - Processing file /opt/airflow/dags/logistics_incremental_load.py for tasks to queue
[2026-08-14T03:57:35.858+0000] {logging_mixin.py:190} INFO - [2026-08-14T03:57:35.858+0000] {dagbag.py:588} INFO - Filling up the DagBag from /opt/airflow/dags/logistics_incremental_load.py
[2026-08-14T03:57:36.119+0000] {processor.py:925} INFO - DAG(s) 'logistics_orders_incremental_load' retrieved from /opt/airflow/dags/logistics_incremental_load.py
[2026-08-14T03:57:36.140+0000] {logging_mixin.py:190} INFO - [2026-08-14T03:57:36.140+0000] {dag.py:3239} INFO - Sync 1 DAGs
[2026-08-14T03:57:36.162+0000] {logging_mixin.py:190} INFO - [2026-08-14T03:57:36.162+0000] {dag.py:4180} INFO - Setting next_dagrun for logistics_orders_incremental_load to 2026-08-13 00:00:00+00:00, run_after=2026-08-14 00:00:00+00:00
[2026-08-14T03:57:36.181+0000] {processor.py:208} INFO - Processing /opt/airflow/dags/logistics_incremental_load.py took 0.332 seconds
[2026-08-14T03:58:06.270+0000] {processor.py:186} INFO - Started process (PID=436) to work on /opt/airflow/dags/logistics_incremental_load.py
[2026-08-14T03:58:06.272+0000] {processor.py:914} INFO - Processing file /opt/airflow/dags/logistics_incremental_load.py for tasks to queue
[2026-08-14T03:58:06.274+0000] {logging_mixin.py:190} INFO - [2026-08-14T03:58:06.274+0000] {dagbag.py:588} INFO - Filling up the DagBag from /opt/airflow/dags/logistics_incremental_load.py
[2026-08-14T03:58:06.544+0000] {processor.py:925} INFO - DAG(s) 'logistics_orders_incremental_load' retrieved from /opt/airflow/dags/logistics_incremental_load.py
[2026-08-14T03:58:06.567+0000] {logging_mixin.py:190} INFO - [2026-08-14T03:58:06.567+0000] {dag.py:3239} INFO - Sync 1 DAGs
[2026-08-14T03:58:06.587+0000] {logging_mixin.py:190} INFO - [2026-08-14T03:58:06.587+0000] {dag.py:4180} INFO - Setting next_dagrun for logistics_orders_incremental_load to 2026-08-13 00:00:00+00:00, run_after=2026-08-14 00:00:00+00:00
[2026-08-14T03:58:06.606+0000] {processor.py:208} INFO - Processing /opt/airflow/dags/logistics_incremental_load.py took 0.341 seconds
[2026-08-14T03:58:36.756+0000] {processor.py:186} INFO - Started process (PID=520) to work on /opt/airflow/dags/logistics_incremental_load.py
[2026-08-14T03:58:36.757+0000] {processor.py:914} INFO - Processing file /opt/airflow/dags/logistics_incremental_load.py for tasks to queue
[2026-08-14T03:58:36.760+0000] {logging_mixin.py:190} INFO - [2026-08-14T03:58:36.760+0000] {dagbag.py:588} INFO - Filling up the DagBag from /opt/airflow/dags/logistics_incremental_load.py
[2026-08-14T03:58:37.068+0000] {processor.py:925} INFO - DAG(s) 'logistics_orders_incremental_load' retrieved from /opt/airflow/dags/logistics_incremental_load.py
[2026-08-14T03:58:37.093+0000] {logging_mixin.py:190} INFO - [2026-08-14T03:58:37.092+0000] {dag.py:3239} INFO - Sync 1 DAGs
[2026-08-14T03:58:37.116+0000] {logging_mixin.py:190} INFO - [2026-08-14T03:58:37.116+0000] {dag.py:4180} INFO - Setting next_dagrun for logistics_orders_incremental_load to 2026-08-13 00:00:00+00:00, run_after=2026-08-14 00:00:00+00:00
[2026-08-14T03:58:37.138+0000] {processor.py:208} INFO - Processing /opt/airflow/dags/logistics_incremental_load.py took 0.389 seconds
[2026-08-14T03:59:07.419+0000] {processor.py:186} INFO - Started process (PID=612) to work on /opt/airflow/dags/logistics_incremental_load.py
[2026-08-14T03:59:07.420+0000] {processor.py:914} INFO - Processing file /opt/airflow/dags/logistics_incremental_load.py for tasks to queue
[2026-08-14T03:59:07.422+0000] {logging_mixin.py:190} INFO - [2026-08-14T03:59:07.422+0000] {dagbag.py:588} INFO - Filling up the DagBag from /opt/airflow/dags/logistics_incremental_load.py
[2026-08-14T03:59:07.678+0000] {processor.py:925} INFO - DAG(s) 'logistics_orders_incremental_load' retrieved from /opt/airflow/dags/logistics_incremental_load.py
[2026-08-14T03:59:07.702+0000] {logging_mixin.py:190} INFO - [2026-08-14T03:59:07.702+0000] {dag.py:3239} INFO - Sync 1 DAGs
[2026-08-14T03:59:07.725+0000] {logging_mixin.py:190} INFO - [2026-08-14T03:59:07.725+0000] {dag.py:4180} INFO - Setting next_dagrun for logistics_orders_incremental_load to 2026-08-13 00:00:00+00:00, run_after=2026-08-14 00:00:00+00:00
[2026-08-14T03:59:07.743+0000] {processor.py:208} INFO - Processing /opt/airflow/dags/logistics_incremental_load.py took 0.329 seconds
[2026-08-14T03:59:37.877+0000] {processor.py:186} INFO - Started process (PID=698) to work on /opt/airflow/dags/logistics_incremental_load.py
[2026-08-14T03:59:37.878+0000] {processor.py:914} INFO - Processing file /opt/airflow/dags/logistics_incremental_load.py for tasks to queue
[2026-08-14T03:59:37.881+0000] {logging_mixin.py:190} INFO - [2026-08-14T03:59:37.881+0000] {dagbag.py:588} INFO - Filling up the DagBag from /opt/airflow/dags/logistics_incremental_load.py
[2026-08-14T03:59:38.141+0000] {processor.py:925} INFO - DAG(s) 'logistics_orders_incremental_load' retrieved from /opt/airflow/dags/logistics_incremental_load.py
[2026-08-14T03:59:38.163+0000] {logging_mixin.py:190} INFO - [2026-08-14T03:59:38.163+0000] {dag.py:3239} INFO - Sync 1 DAGs
[2026-08-14T03:59:38.307+0000] {logging_mixin.py:190} INFO - [2026-08-14T03:59:38.307+0000] {dag.py:4180} INFO - Setting next_dagrun for logistics_orders_incremental_load to 2026-08-13 00:00:00+00:00, run_after=2026-08-14 00:00:00+00:00
[2026-08-14T03:59:38.331+0000] {processor.py:208} INFO - Processing /opt/airflow/dags/logistics_incremental_load.py took 0.458 seconds
[2026-08-14T04:00:08.427+0000] {processor.py:186} INFO - Started process (PID=785) to work on /opt/airflow/dags/logistics_incremental_load.py
[2026-08-14T04:00:08.428+0000] {processor.py:914} INFO - Processing file /opt/airflow/dags/logistics_incremental_load.py for tasks to queue
[2026-08-14T04:00:08.432+0000] {logging_mixin.py:190} INFO - [2026-08-14T04:00:08.432+0000] {dagbag.py:588} INFO - Filling up the DagBag from /opt/airflow/dags/logistics_incremental_load.py
[2026-08-14T04:00:08.729+0000] {processor.py:925} INFO - DAG(s) 'logistics_orders_incremental_load' retrieved from /opt/airflow/dags/logistics_incremental_load.py
[2026-08-14T04:00:08.751+0000] {logging_mixin.py:190} INFO - [2026-08-14T04:00:08.751+0000] {dag.py:3239} INFO - Sync 1 DAGs
[2026-08-14T04:00:08.775+0000] {logging_mixin.py:190} INFO - [2026-08-14T04:00:08.775+0000] {dag.py:4180} INFO - Setting next_dagrun for logistics_orders_incremental_load to 2026-08-13 00:00:00+00:00, run_after=2026-08-14 00:00:00+00:00
[2026-08-14T04:00:08.795+0000] {processor.py:208} INFO - Processing /opt/airflow/dags/logistics_incremental_load.py took 0.373 seconds
[2026-08-14T04:00:38.886+0000] {processor.py:186} INFO - Started process (PID=874) to work on /opt/airflow/dags/logistics_incremental_load.py
[2026-08-14T04:00:38.888+0000] {processor.py:914} INFO - Processing file /opt/airflow/dags/logistics_incremental_load.py for tasks to queue
[2026-08-14T04:00:38.891+0000] {logging_mixin.py:190} INFO - [2026-08-14T04:00:38.891+0000] {dagbag.py:588} INFO - Filling up the DagBag from /opt/airflow/dags/logistics_incremental_load.py
[2026-08-14T04:00:39.174+0000] {processor.py:925} INFO - DAG(s) 'logistics_orders_incremental_load' retrieved from /opt/airflow/dags/logistics_incremental_load.py
[2026-08-14T04:00:39.328+0000] {logging_mixin.py:190} INFO - [2026-08-14T04:00:39.328+0000] {dag.py:3239} INFO - Sync 1 DAGs
[2026-08-14T04:00:39.348+0000] {logging_mixin.py:190} INFO - [2026-08-14T04:00:39.348+0000] {dag.py:4180} INFO - Setting next_dagrun for logistics_orders_incremental_load to 2026-08-13 00:00:00+00:00, run_after=2026-08-14 00:00:00+00:00
[2026-08-14T04:00:39.368+0000] {processor.py:208} INFO - Processing /opt/airflow/dags/logistics_incremental_load.py took 0.486 seconds
[2026-08-14T04:01:10.302+0000] {processor.py:186} INFO - Started process (PID=963) to work on /opt/airflow/dags/logistics_incremental_load.py
[2026-08-14T04:01:10.303+0000] {processor.py:914} INFO - Processing file /opt/airflow/dags/logistics_incremental_load.py for tasks to queue
[2026-08-14T04:01:10.305+0000] {logging_mixin.py:190} INFO - [2026-08-14T04:01:10.305+0000] {dagbag.py:588} INFO - Filling up the DagBag from /opt/airflow/dags/logistics_incremental_load.py
[2026-08-14T04:01:10.565+0000] {processor.py:925} INFO - DAG(s) 'logistics_orders_incremental_load' retrieved from /opt/airflow/dags/logistics_incremental_load.py
[2026-08-14T04:01:10.589+0000] {logging_mixin.py:190} INFO - [2026-08-14T04:01:10.589+0000] {dag.py:3239} INFO - Sync 1 DAGs
[2026-08-14T04:01:10.737+0000] {logging_mixin.py:190} INFO - [2026-08-14T04:01:10.736+0000] {dag.py:4180} INFO - Setting next_dagrun for logistics_orders_incremental_load to 2026-08-13 00:00:00+00:00, run_after=2026-08-14 00:00:00+00:00
[2026-08-14T04:01:10.756+0000] {processor.py:208} INFO - Processing /opt/airflow/dags/logistics_incremental_load.py took 0.459 seconds
[2026-08-14T04:01:40.898+0000] {processor.py:186} INFO - Started process (PID=1049) to work on /opt/airflow/dags/logistics_incremental_load.py
[2026-08-14T04:01:40.899+0000] {processor.py:914} INFO - Processing file /opt/airflow/dags/logistics_incremental_load.py for tasks to queue
[2026-08-14T04:01:40.902+0000] {logging_mixin.py:190} INFO - [2026-08-14T04:01:40.901+0000] {dagbag.py:588} INFO - Filling up the DagBag from /opt/airflow/dags/logistics_incremental_load.py
[2026-08-14T04:01:41.269+0000] {processor.py:925} INFO - DAG(s) 'logistics_orders_incremental_load' retrieved from /opt/airflow/dags/logistics_incremental_load.py
[2026-08-14T04:01:41.290+0000] {logging_mixin.py:190} INFO - [2026-08-14T04:01:41.289+0000] {dag.py:3239} INFO - Sync 1 DAGs
[2026-08-14T04:01:41.308+0000] {logging_mixin.py:190} INFO - [2026-08-14T04:01:41.308+0000] {dag.py:4180} INFO - Setting next_dagrun for logistics_orders_incremental_load to 2026-08-13 00:00:00+00:00, run_after=2026-08-14 00:00:00+00:00
[2026-08-14T04:01:41.326+0000] {processor.py:208} INFO - Processing /opt/airflow/dags/logistics_incremental_load.py took 0.432 seconds
[2026-08-14T04:02:11.454+0000] {processor.py:186} INFO - Started process (PID=1138) to work on /opt/airflow/dags/logistics_incremental_load.py
[2026-08-14T04:02:11.455+0000] {processor.py:914} INFO - Processing file /opt/airflow/dags/logistics_incremental_load.py for tasks to queue
[2026-08-14T04:02:11.458+0000] {logging_mixin.py:190} INFO - [2026-08-14T04:02:11.457+0000] {dagbag.py:588} INFO - Filling up the DagBag from /opt/airflow/dags/logistics_incremental_load.py
[2026-08-14T04:02:11.819+0000] {processor.py:925} INFO - DAG(s) 'logistics_orders_incremental_load' retrieved from /opt/airflow/dags/logistics_incremental_load.py
[2026-08-14T04:02:11.838+0000] {logging_mixin.py:190} INFO - [2026-08-14T04:02:11.838+0000] {dag.py:3239} INFO - Sync 1 DAGs
[2026-08-14T04:02:11.855+0000] {logging_mixin.py:190} INFO - [2026-08-14T04:02:11.855+0000] {dag.py:4180} INFO - Setting next_dagrun for logistics_orders_incremental_load to 2026-08-13 00:00:00+00:00, run_after=2026-08-14 00:00:00+00:00
[2026-08-14T04:02:11.876+0000] {processor.py:208} INFO - Processing /opt/airflow/dags/logistics_incremental_load.py took 0.427 seconds
[2026-08-14T04:02:42.029+0000] {processor.py:186} INFO - Started process (PID=1225) to work on /opt/airflow/dags/logistics_incremental_load.py
[2026-08-14T04:02:42.030+0000] {processor.py:914} INFO - Processing file /opt/airflow/dags/logistics_incremental_load.py for tasks to queue
[2026-08-14T04:02:42.032+0000] {logging_mixin.py:190} INFO - [2026-08-14T04:02:42.032+0000] {dagbag.py:588} INFO - Filling up the DagBag from /opt/airflow/dags/logistics_incremental_load.py
[2026-08-14T04:02:42.409+0000] {processor.py:925} INFO - DAG(s) 'logistics_orders_incremental_load' retrieved from /opt/airflow/dags/logistics_incremental_load.py
[2026-08-14T04:02:42.430+0000] {logging_mixin.py:190} INFO - [2026-08-14T04:02:42.430+0000] {dag.py:3239} INFO - Sync 1 DAGs
[2026-08-14T04:02:42.451+0000] {logging_mixin.py:190} INFO - [2026-08-14T04:02:42.451+0000] {dag.py:4180} INFO - Setting next_dagrun for logistics_orders_incremental_load to 2026-08-13 00:00:00+00:00, run_after=2026-08-14 00:00:00+00:00
[2026-08-14T04:02:42.468+0000] {processor.py:208} INFO - Processing /opt/airflow/dags/logistics_incremental_load.py took 0.444 seconds
[2026-08-14T04:03:12.769+0000] {processor.py:186} INFO - Started process (PID=1311) to work on /opt/airflow/dags/logistics_incremental_load.py
[2026-08-14T04:03:12.770+0000] {processor.py:914} INFO - Processing file /opt/airflow/dags/logistics_incremental_load.py for tasks to queue
[2026-08-14T04:03:12.773+0000] {logging_mixin.py:190} INFO - [2026-08-14T04:03:12.773+0000] {dagbag.py:588} INFO - Filling up the DagBag from /opt/airflow/dags/logistics_incremental_load.py
[2026-08-14T04:03:13.168+0000] {processor.py:925} INFO - DAG(s) 'logistics_orders_incremental_load' retrieved from /opt/airflow/dags/logistics_incremental_load.py
[2026-08-14T04:03:13.191+0000] {logging_mixin.py:190} INFO - [2026-08-14T04:03:13.191+0000] {dag.py:3239} INFO - Sync 1 DAGs
[2026-08-14T04:03:13.211+0000] {logging_mixin.py:190} INFO - [2026-08-14T04:03:13.210+0000] {dag.py:4180} INFO - Setting next_dagrun for logistics_orders_incremental_load to 2026-08-13 00:00:00+00:00, run_after=2026-08-14 00:00:00+00:00
[2026-08-14T04:03:13.228+0000] {processor.py:208} INFO - Processing /opt/airflow/dags/logistics_incremental_load.py took 0.465 seconds
[2026-08-14T04:03:43.439+0000] {processor.py:186} INFO - Started process (PID=1400) to work on /opt/airflow/dags/logistics_incremental_load.py
[2026-08-14T04:03:43.440+0000] {processor.py:914} INFO - Processing file /opt/airflow/dags/logistics_incremental_load.py for tasks to queue
[2026-08-14T04:03:43.444+0000] {logging_mixin.py:190} INFO - [2026-08-14T04:03:43.444+0000] {dagbag.py:588} INFO - Filling up the DagBag from /opt/airflow/dags/logistics_incremental_load.py
[2026-08-14T04:03:43.856+0000] {processor.py:925} INFO - DAG(s) 'logistics_orders_incremental_load' retrieved from /opt/airflow/dags/logistics_incremental_load.py
[2026-08-14T04:03:43.889+0000] {logging_mixin.py:190} INFO - [2026-08-14T04:03:43.889+0000] {dag.py:3239} INFO - Sync 1 DAGs
[2026-08-14T04:03:43.911+0000] {logging_mixin.py:190} INFO - [2026-08-14T04:03:43.910+0000] {dag.py:4180} INFO - Setting next_dagrun for logistics_orders_incremental_load to 2026-08-13 00:00:00+00:00, run_after=2026-08-14 00:00:00+00:00
[2026-08-14T04:03:43.935+0000] {processor.py:208} INFO - Processing /opt/airflow/dags/logistics_incremental_load.py took 0.502 seconds
[2026-08-14T04:04:14.704+0000] {processor.py:186} INFO - Started process (PID=1489) to work on /opt/airflow/dags/logistics_incremental_load.py
[2026-08-14T04:04:14.705+0000] {processor.py:914} INFO - Processing file /opt/airflow/dags/logistics_incremental_load.py for tasks to queue
[2026-08-14T04:04:14.707+0000] {logging_mixin.py:190} INFO - [2026-08-14T04:04:14.707+0000] {dagbag.py:588} INFO - Filling up the DagBag from /opt/airflow/dags/logistics_incremental_load.py
[2026-08-14T04:04:15.093+0000] {processor.py:925} INFO - DAG(s) 'logistics_orders_incremental_load' retrieved from /opt/airflow/dags/logistics_incremental_load.py
[2026-08-14T04:04:15.114+0000] {logging_mixin.py:190} INFO - [2026-08-14T04:04:15.114+0000] {dag.py:3239} INFO - Sync 1 DAGs
[2026-08-14T04:04:15.133+0000] {logging_mixin.py:190} INFO - [2026-08-14T04:04:15.133+0000] {dag.py:4180} INFO - Setting next_dagrun for logistics_orders_incremental_load to 2026-08-13 00:00:00+00:00, run_after=2026-08-14 00:00:00+00:00
[2026-08-14T04:04:15.151+0000] {processor.py:208} INFO - Processing /opt/airflow/dags/logistics_incremental_load.py took 0.451 seconds
[2026-08-14T04:05:20.887+0000] {processor.py:186} INFO - Started process (PID=1568) to work on /opt/airflow/dags/logistics_incremental_load.py
[2026-08-14T04:05:20.888+0000] {processor.py:914} INFO - Processing file /opt/airflow/dags/logistics_incremental_load.py for tasks to queue
[2026-08-14T04:05:20.893+0000] {logging_mixin.py:190} INFO - [2026-08-14T04:05:20.892+0000] {dagbag.py:588} INFO - Filling up the DagBag from /opt/airflow/dags/logistics_incremental_load.py
[2026-08-14T04:05:21.432+0000] {processor.py:925} INFO - DAG(s) 'logistics_orders_incremental_load' retrieved from /opt/airflow/dags/logistics_incremental_load.py
[2026-08-14T04:05:21.455+0000] {logging_mixin.py:190} INFO - [2026-08-14T04:05:21.454+0000] {dag.py:3239} INFO - Sync 1 DAGs
[2026-08-14T04:05:21.476+0000] {logging_mixin.py:190} INFO - [2026-08-14T04:05:21.476+0000] {dag.py:4180} INFO - Setting next_dagrun for logistics_orders_incremental_load to 2026-08-13 00:00:00+00:00, run_after=2026-08-14 00:00:00+00:00
[2026-08-14T04:05:21.500+0000] {processor.py:208} INFO - Processing /opt/airflow/dags/logistics_incremental_load.py took 0.620 seconds
[2026-08-14T04:05:51.956+0000] {processor.py:186} INFO - Started process (PID=1656) to work on /opt/airflow/dags/logistics_incremental_load.py
[2026-08-14T04:05:51.957+0000] {processor.py:914} INFO - Processing file /opt/airflow/dags/logistics_incremental_load.py for tasks to queue
[2026-08-14T04:05:51.960+0000] {logging_mixin.py:190} INFO - [2026-08-14T04:05:51.959+0000] {dagbag.py:588} INFO - Filling up the DagBag from /opt/airflow/dags/logistics_incremental_load.py
[2026-08-14T04:05:52.422+0000] {processor.py:925} INFO - DAG(s) 'logistics_orders_incremental_load' retrieved from /opt/airflow/dags/logistics_incremental_load.py
[2026-08-14T04:05:52.451+0000] {logging_mixin.py:190} INFO - [2026-08-14T04:05:52.451+0000] {dag.py:3239} INFO - Sync 1 DAGs
[2026-08-14T04:05:52.480+0000] {logging_mixin.py:190} INFO - [2026-08-14T04:05:52.480+0000] {dag.py:4180} INFO - Setting next_dagrun for logistics_orders_incremental_load to 2026-08-13 00:00:00+00:00, run_after=2026-08-14 00:00:00+00:00
[2026-08-14T04:05:52.506+0000] {processor.py:208} INFO - Processing /opt/airflow/dags/logistics_incremental_load.py took 0.557 seconds
[2026-08-14T04:06:23.440+0000] {processor.py:186} INFO - Started process (PID=1749) to work on /opt/airflow/dags/logistics_incremental_load.py
[2026-08-14T04:06:23.441+0000] {processor.py:914} INFO - Processing file /opt/airflow/dags/logistics_incremental_load.py for tasks to queue
[2026-08-14T04:06:23.443+0000] {logging_mixin.py:190} INFO - [2026-08-14T04:06:23.443+0000] {dagbag.py:588} INFO - Filling up the DagBag from /opt/airflow/dags/logistics_incremental_load.py
[2026-08-14T04:06:23.880+0000] {processor.py:925} INFO - DAG(s) 'logistics_orders_incremental_load' retrieved from /opt/airflow/dags/logistics_incremental_load.py
[2026-08-14T04:06:23.903+0000] {logging_mixin.py:190} INFO - [2026-08-14T04:06:23.903+0000] {dag.py:3239} INFO - Sync 1 DAGs
[2026-08-14T04:06:23.925+0000] {logging_mixin.py:190} INFO - [2026-08-14T04:06:23.924+0000] {dag.py:4180} INFO - Setting next_dagrun for logistics_orders_incremental_load to 2026-08-13 00:00:00+00:00, run_after=2026-08-14 00:00:00+00:00
[2026-08-14T04:06:23.950+0000] {processor.py:208} INFO - Processing /opt/airflow/dags/logistics_incremental_load.py took 0.516 seconds
[2026-08-14T04:06:54.411+0000] {processor.py:186} INFO - Started process (PID=1838) to work on /opt/airflow/dags/logistics_incremental_load.py
[2026-08-14T04:06:54.413+0000] {processor.py:914} INFO - Processing file /opt/airflow/dags/logistics_incremental_load.py for tasks to queue
[2026-08-14T04:06:54.415+0000] {logging_mixin.py:190} INFO - [2026-08-14T04:06:54.415+0000] {dagbag.py:588} INFO - Filling up the DagBag from /opt/airflow/dags/logistics_incremental_load.py
[2026-08-14T04:06:54.805+0000] {processor.py:925} INFO - DAG(s) 'logistics_orders_incremental_load' retrieved from /opt/airflow/dags/logistics_incremental_load.py
[2026-08-14T04:06:54.825+0000] {logging_mixin.py:190} INFO - [2026-08-14T04:06:54.825+0000] {dag.py:3239} INFO - Sync 1 DAGs
[2026-08-14T04:06:54.843+0000] {logging_mixin.py:190} INFO - [2026-08-14T04:06:54.843+0000] {dag.py:4180} INFO - Setting next_dagrun for logistics_orders_incremental_load to 2026-08-13 00:00:00+00:00, run_after=2026-08-14 00:00:00+00:00
[2026-08-14T04:06:54.869+0000] {processor.py:208} INFO - Processing /opt/airflow/dags/logistics_incremental_load.py took 0.462 seconds
[2026-08-14T04:07:24.947+0000] {processor.py:186} INFO - Started process (PID=1922) to work on /opt/airflow/dags/logistics_incremental_load.py
[2026-08-14T04:07:24.950+0000] {processor.py:914} INFO - Processing file /opt/airflow/dags/logistics_incremental_load.py for tasks to queue
[2026-08-14T04:07:24.953+0000] {logging_mixin.py:190} INFO - [2026-08-14T04:07:24.953+0000] {dagbag.py:588} INFO - Filling up the DagBag from /opt/airflow/dags/logistics_incremental_load.py
[2026-08-14T04:07:25.402+0000] {processor.py:925} INFO - DAG(s) 'logistics_orders_incremental_load' retrieved from /opt/airflow/dags/logistics_incremental_load.py
[2026-08-14T04:07:25.424+0000] {logging_mixin.py:190} INFO - [2026-08-14T04:07:25.424+0000] {dag.py:3239} INFO - Sync 1 DAGs
[2026-08-14T04:07:25.450+0000] {logging_mixin.py:190} INFO - [2026-08-14T04:07:25.449+0000] {dag.py:4180} INFO - Setting next_dagrun for logistics_orders_incremental_load to 2026-08-13 00:00:00+00:00, run_after=2026-08-14 00:00:00+00:00
[2026-08-14T04:07:25.472+0000] {processor.py:208} INFO - Processing /opt/airflow/dags/logistics_incremental_load.py took 0.530 seconds
[2026-08-14T04:07:55.688+0000] {processor.py:186} INFO - Started process (PID=2011) to work on /opt/airflow/dags/logistics_incremental_load.py
[2026-08-14T04:07:55.689+0000] {processor.py:914} INFO - Processing file /opt/airflow/dags/logistics_incremental_load.py for tasks to queue
[2026-08-14T04:07:55.694+0000] {logging_mixin.py:190} INFO - [2026-08-14T04:07:55.693+0000] {dagbag.py:588} INFO - Filling up the DagBag from /opt/airflow/dags/logistics_incremental_load.py
[2026-08-14T04:07:56.193+0000] {processor.py:925} INFO - DAG(s) 'logistics_orders_incremental_load' retrieved from /opt/airflow/dags/logistics_incremental_load.py
[2026-08-14T04:07:56.225+0000] {logging_mixin.py:190} INFO - [2026-08-14T04:07:56.224+0000] {dag.py:3239} INFO - Sync 1 DAGs
[2026-08-14T04:07:56.252+0000] {logging_mixin.py:190} INFO - [2026-08-14T04:07:56.252+0000] {dag.py:4180} INFO - Setting next_dagrun for logistics_orders_incremental_load to 2026-08-13 00:00:00+00:00, run_after=2026-08-14 00:00:00+00:00
[2026-08-14T04:07:56.276+0000] {processor.py:208} INFO - Processing /opt/airflow/dags/logistics_incremental_load.py took 0.598 seconds
[2026-08-14T04:08:27.439+0000] {processor.py:186} INFO - Started process (PID=2100) to work on /opt/airflow/dags/logistics_incremental_load.py
[2026-08-14T04:08:27.440+0000] {processor.py:914} INFO - Processing file /opt/airflow/dags/logistics_incremental_load.py for tasks to queue
[2026-08-14T04:08:27.442+0000] {logging_mixin.py:190} INFO - [2026-08-14T04:08:27.442+0000] {dagbag.py:588} INFO - Filling up the DagBag from /opt/airflow/dags/logistics_incremental_load.py
[2026-08-14T04:08:27.840+0000] {processor.py:925} INFO - DAG(s) 'logistics_orders_incremental_load' retrieved from /opt/airflow/dags/logistics_incremental_load.py
[2026-08-14T04:08:27.862+0000] {logging_mixin.py:190} INFO - [2026-08-14T04:08:27.861+0000] {dag.py:3239} INFO - Sync 1 DAGs
[2026-08-14T04:08:27.881+0000] {logging_mixin.py:190} INFO - [2026-08-14T04:08:27.881+0000] {dag.py:4180} INFO - Setting next_dagrun for logistics_orders_incremental_load to 2026-08-13 00:00:00+00:00, run_after=2026-08-14 00:00:00+00:00
[2026-08-14T04:08:27.899+0000] {processor.py:208} INFO - Processing /opt/airflow/dags/logistics_incremental_load.py took 0.465 seconds
[2026-08-14T04:08:58.311+0000] {processor.py:186} INFO - Started process (PID=2180) to work on /opt/airflow/dags/logistics_incremental_load.py
[2026-08-14T04:08:58.312+0000] {processor.py:914} INFO - Processing file /opt/airflow/dags/logistics_incremental_load.py for tasks to queue
[2026-08-14T04:08:58.314+0000] {logging_mixin.py:190} INFO - [2026-08-14T04:08:58.314+0000] {dagbag.py:588} INFO - Filling up the DagBag from /opt/airflow/dags/logistics_incremental_load.py
[2026-08-14T04:08:58.861+0000] {processor.py:925} INFO - DAG(s) 'logistics_orders_incremental_load' retrieved from /opt/airflow/dags/logistics_incremental_load.py
[2026-08-14T04:08:58.890+0000] {logging_mixin.py:190} INFO - [2026-08-14T04:08:58.889+0000] {dag.py:3239} INFO - Sync 1 DAGs
[2026-08-14T04:08:58.917+0000] {logging_mixin.py:190} INFO - [2026-08-14T04:08:58.916+0000] {dag.py:4180} INFO - Setting next_dagrun for logistics_orders_incremental_load to 2026-08-13 00:00:00+00:00, run_after=2026-08-14 00:00:00+00:00
[2026-08-14T04:08:58.943+0000] {processor.py:208} INFO - Processing /opt/airflow/dags/logistics_incremental_load.py took 0.640 seconds
[2026-08-14T04:09:29.728+0000] {processor.py:186} INFO - Started process (PID=2269) to work on /opt/airflow/dags/logistics_incremental_load.py
[2026-08-14T04:09:29.729+0000] {processor.py:914} INFO - Processing file /opt/airflow/dags/logistics_incremental_load.py for tasks to queue
[2026-08-14T04:09:29.731+0000] {logging_mixin.py:190} INFO - [2026-08-14T04:09:29.731+0000] {dagbag.py:588} INFO - Filling up the DagBag from /opt/airflow/dags/logistics_incremental_load.py
[2026-08-14T04:09:30.101+0000] {processor.py:925} INFO - DAG(s) 'logistics_orders_incremental_load' retrieved from /opt/airflow/dags/logistics_incremental_load.py
[2026-08-14T04:09:30.123+0000] {logging_mixin.py:190} INFO - [2026-08-14T04:09:30.123+0000] {dag.py:3239} INFO - Sync 1 DAGs
[2026-08-14T04:09:30.143+0000] {logging_mixin.py:190} INFO - [2026-08-14T04:09:30.143+0000] {dag.py:4180} INFO - Setting next_dagrun for logistics_orders_incremental_load to 2026-08-13 00:00:00+00:00, run_after=2026-08-14 00:00:00+00:00
[2026-08-14T04:09:30.162+0000] {processor.py:208} INFO - Processing /opt/airflow/dags/logistics_incremental_load.py took 0.439 seconds
[2026-08-14T04:10:01.475+0000] {processor.py:186} INFO - Started process (PID=2362) to work on /opt/airflow/dags/logistics_incremental_load.py
[2026-08-14T04:10:01.476+0000] {processor.py:914} INFO - Processing file /opt/airflow/dags/logistics_incremental_load.py for tasks to queue
[2026-08-14T04:10:01.478+0000] {logging_mixin.py:190} INFO - [2026-08-14T04:10:01.478+0000] {dagbag.py:588} INFO - Filling up the DagBag from /opt/airflow/dags/logistics_incremental_load.py
[2026-08-14T04:10:01.760+0000] {processor.py:925} INFO - DAG(s) 'logistics_orders_incremental_load' retrieved from /opt/airflow/dags/logistics_incremental_load.py
[2026-08-14T04:10:01.785+0000] {logging_mixin.py:190} INFO - [2026-08-14T04:10:01.785+0000] {dag.py:3239} INFO - Sync 1 DAGs
[2026-08-14T04:10:01.809+0000] {logging_mixin.py:190} INFO - [2026-08-14T04:10:01.809+0000] {dag.py:4180} INFO - Setting next_dagrun for logistics_orders_incremental_load to 2026-08-13 00:00:00+00:00, run_after=2026-08-14 00:00:00+00:00
[2026-08-14T04:10:01.830+0000] {processor.py:208} INFO - Processing /opt/airflow/dags/logistics_incremental_load.py took 0.360 seconds
[2026-08-14T04:10:31.984+0000] {processor.py:186} INFO - Started process (PID=2448) to work on /opt/airflow/dags/logistics_incremental_load.py
[2026-08-14T04:10:31.985+0000] {processor.py:914} INFO - Processing file /opt/airflow/dags/logistics_incremental_load.py for tasks to queue
[2026-08-14T04:10:31.988+0000] {logging_mixin.py:190} INFO - [2026-08-14T04:10:31.987+0000] {dagbag.py:588} INFO - Filling up the DagBag from /opt/airflow/dags/logistics_incremental_load.py
[2026-08-14T04:10:32.238+0000] {processor.py:925} INFO - DAG(s) 'logistics_orders_incremental_load' retrieved from /opt/airflow/dags/logistics_incremental_load.py
[2026-08-14T04:10:32.260+0000] {logging_mixin.py:190} INFO - [2026-08-14T04:10:32.260+0000] {dag.py:3239} INFO - Sync 1 DAGs
[2026-08-14T04:10:32.283+0000] {logging_mixin.py:190} INFO - [2026-08-14T04:10:32.283+0000] {dag.py:4180} INFO - Setting next_dagrun for logistics_orders_incremental_load to 2026-08-13 00:00:00+00:00, run_after=2026-08-14 00:00:00+00:00
[2026-08-14T04:10:32.306+0000] {processor.py:208} INFO - Processing /opt/airflow/dags/logistics_incremental_load.py took 0.327 seconds
[2026-08-14T09:13:39.636+0000] {processor.py:186} INFO - Started process (PID=168) to work on /opt/airflow/dags/logistics_incremental_load.py
[2026-08-14T09:13:39.637+0000] {processor.py:914} INFO - Processing file /opt/airflow/dags/logistics_incremental_load.py for tasks to queue
[2026-08-14T09:13:39.642+0000] {logging_mixin.py:190} INFO - [2026-08-14T09:13:39.642+0000] {dagbag.py:588} INFO - Filling up the DagBag from /opt/airflow/dags/logistics_incremental_load.py
[2026-08-14T09:13:40.411+0000] {processor.py:925} INFO - DAG(s) 'logistics_orders_incremental_load' retrieved from /opt/airflow/dags/logistics_incremental_load.py
[2026-08-14T09:13:40.481+0000] {logging_mixin.py:190} INFO - [2026-08-14T09:13:40.480+0000] {dag.py:3239} INFO - Sync 1 DAGs
[2026-08-14T09:13:40.522+0000] {logging_mixin.py:190} INFO - [2026-08-14T09:13:40.521+0000] {dag.py:4180} INFO - Setting next_dagrun for logistics_orders_incremental_load to 2026-08-13 00:00:00+00:00, run_after=2026-08-14 00:00:00+00:00
[2026-08-14T09:13:40.575+0000] {processor.py:208} INFO - Processing /opt/airflow/dags/logistics_incremental_load.py took 0.946 seconds
[2026-08-14T09:14:11.541+0000] {processor.py:186} INFO - Started process (PID=263) to work on /opt/airflow/dags/logistics_incremental_load.py
[2026-08-14T09:14:11.542+0000] {processor.py:914} INFO - Processing file /opt/airflow/dags/logistics_incremental_load.py for tasks to queue
[2026-08-14T09:14:11.545+0000] {logging_mixin.py:190} INFO - [2026-08-14T09:14:11.545+0000] {dagbag.py:588} INFO - Filling up the DagBag from /opt/airflow/dags/logistics_incremental_load.py
[2026-08-14T09:14:11.906+0000] {processor.py:925} INFO - DAG(s) 'logistics_orders_incremental_load' retrieved from /opt/airflow/dags/logistics_incremental_load.py
[2026-08-14T09:14:11.933+0000] {logging_mixin.py:190} INFO - [2026-08-14T09:14:11.933+0000] {dag.py:3239} INFO - Sync 1 DAGs
[2026-08-14T09:14:11.964+0000] {logging_mixin.py:190} INFO - [2026-08-14T09:14:11.964+0000] {dag.py:4180} INFO - Setting next_dagrun for logistics_orders_incremental_load to 2026-08-13 00:00:00+00:00, run_after=2026-08-14 00:00:00+00:00
[2026-08-14T09:14:11.997+0000] {processor.py:208} INFO - Processing /opt/airflow/dags/logistics_incremental_load.py took 0.463 seconds
[2026-08-14T09:14:42.248+0000] {processor.py:186} INFO - Started process (PID=341) to work on /opt/airflow/dags/logistics_incremental_load.py
[2026-08-14T09:14:42.249+0000] {processor.py:914} INFO - Processing file /opt/airflow/dags/logistics_incremental_load.py for tasks to queue
[2026-08-14T09:14:42.251+0000] {logging_mixin.py:190} INFO - [2026-08-14T09:14:42.251+0000] {dagbag.py:588} INFO - Filling up the DagBag from /opt/airflow/dags/logistics_incremental_load.py
[2026-08-14T09:14:42.703+0000] {processor.py:925} INFO - DAG(s) 'logistics_orders_incremental_load' retrieved from /opt/airflow/dags/logistics_incremental_load.py
[2026-08-14T09:14:42.746+0000] {logging_mixin.py:190} INFO - [2026-08-14T09:14:42.745+0000] {dag.py:3239} INFO - Sync 1 DAGs
[2026-08-14T09:14:42.775+0000] {logging_mixin.py:190} INFO - [2026-08-14T09:14:42.775+0000] {dag.py:4180} INFO - Setting next_dagrun for logistics_orders_incremental_load to 2026-08-13 00:00:00+00:00, run_after=2026-08-14 00:00:00+00:00
[2026-08-14T09:14:42.809+0000] {processor.py:208} INFO - Processing /opt/airflow/dags/logistics_incremental_load.py took 0.569 seconds
[2026-08-14T09:15:13.736+0000] {processor.py:186} INFO - Started process (PID=435) to work on /opt/airflow/dags/logistics_incremental_load.py
[2026-08-14T09:15:13.737+0000] {processor.py:914} INFO - Processing file /opt/airflow/dags/logistics_incremental_load.py for tasks to queue
[2026-08-14T09:15:13.738+0000] {logging_mixin.py:190} INFO - [2026-08-14T09:15:13.738+0000] {dagbag.py:588} INFO - Filling up the DagBag from /opt/airflow/dags/logistics_incremental_load.py
[2026-08-14T09:15:13.999+0000] {processor.py:925} INFO - DAG(s) 'logistics_orders_incremental_load' retrieved from /opt/airflow/dags/logistics_incremental_load.py
[2026-08-14T09:15:14.021+0000] {logging_mixin.py:190} INFO - [2026-08-14T09:15:14.021+0000] {dag.py:3239} INFO - Sync 1 DAGs
[2026-08-14T09:15:14.041+0000] {logging_mixin.py:190} INFO - [2026-08-14T09:15:14.041+0000] {dag.py:4180} INFO - Setting next_dagrun for logistics_orders_incremental_load to 2026-08-13 00:00:00+00:00, run_after=2026-08-14 00:00:00+00:00
[2026-08-14T09:15:14.060+0000] {processor.py:208} INFO - Processing /opt/airflow/dags/logistics_incremental_load.py took 0.329 seconds
[2026-08-14T09:15:44.184+0000] {processor.py:186} INFO - Started process (PID=520) to work on /opt/airflow/dags/logistics_incremental_load.py
[2026-08-14T09:15:44.185+0000] {processor.py:914} INFO - Processing file /opt/airflow/dags/logistics_incremental_load.py for tasks to queue
[2026-08-14T09:15:44.186+0000] {logging_mixin.py:190} INFO - [2026-08-14T09:15:44.186+0000] {dagbag.py:588} INFO - Filling up the DagBag from /opt/airflow/dags/logistics_incremental_load.py
[2026-08-14T09:15:44.454+0000] {processor.py:925} INFO - DAG(s) 'logistics_orders_incremental_load' retrieved from /opt/airflow/dags/logistics_incremental_load.py
[2026-08-14T09:15:44.479+0000] {logging_mixin.py:190} INFO - [2026-08-14T09:15:44.479+0000] {dag.py:3239} INFO - Sync 1 DAGs
[2026-08-14T09:15:44.499+0000] {logging_mixin.py:190} INFO - [2026-08-14T09:15:44.499+0000] {dag.py:4180} INFO - Setting next_dagrun for logistics_orders_incremental_load to 2026-08-13 00:00:00+00:00, run_after=2026-08-14 00:00:00+00:00
[2026-08-14T09:15:44.517+0000] {processor.py:208} INFO - Processing /opt/airflow/dags/logistics_incremental_load.py took 0.338 seconds
[2026-08-14T09:16:14.767+0000] {processor.py:186} INFO - Started process (PID=604) to work on /opt/airflow/dags/logistics_incremental_load.py
[2026-08-14T09:16:14.769+0000] {processor.py:914} INFO - Processing file /opt/airflow/dags/logistics_incremental_load.py for tasks to queue
[2026-08-14T09:16:14.771+0000] {logging_mixin.py:190} INFO - [2026-08-14T09:16:14.770+0000] {dagbag.py:588} INFO - Filling up the DagBag from /opt/airflow/dags/logistics_incremental_load.py
[2026-08-14T09:16:15.149+0000] {processor.py:925} INFO - DAG(s) 'logistics_orders_incremental_load' retrieved from /opt/airflow/dags/logistics_incremental_load.py
[2026-08-14T09:16:15.183+0000] {logging_mixin.py:190} INFO - [2026-08-14T09:16:15.183+0000] {dag.py:3239} INFO - Sync 1 DAGs
[2026-08-14T09:16:15.214+0000] {logging_mixin.py:190} INFO - [2026-08-14T09:16:15.214+0000] {dag.py:4180} INFO - Setting next_dagrun for logistics_orders_incremental_load to 2026-08-13 00:00:00+00:00, run_after=2026-08-14 00:00:00+00:00
[2026-08-14T09:16:15.245+0000] {processor.py:208} INFO - Processing /opt/airflow/dags/logistics_incremental_load.py took 0.487 seconds
[2026-08-14T09:16:45.924+0000] {processor.py:186} INFO - Started process (PID=692) to work on /opt/airflow/dags/logistics_incremental_load.py
[2026-08-14T09:16:45.925+0000] {processor.py:914} INFO - Processing file /opt/airflow/dags/logistics_incremental_load.py for tasks to queue
[2026-08-14T09:16:45.927+0000] {logging_mixin.py:190} INFO - [2026-08-14T09:16:45.926+0000] {dagbag.py:588} INFO - Filling up the DagBag from /opt/airflow/dags/logistics_incremental_load.py
[2026-08-14T09:16:46.207+0000] {processor.py:925} INFO - DAG(s) 'logistics_orders_incremental_load' retrieved from /opt/airflow/dags/logistics_incremental_load.py
[2026-08-14T09:16:46.233+0000] {logging_mixin.py:190} INFO - [2026-08-14T09:16:46.233+0000] {dag.py:3239} INFO - Sync 1 DAGs
[2026-08-14T09:16:46.404+0000] {logging_mixin.py:190} INFO - [2026-08-14T09:16:46.404+0000] {dag.py:4180} INFO - Setting next_dagrun for logistics_orders_incremental_load to 2026-08-13 00:00:00+00:00, run_after=2026-08-14 00:00:00+00:00
[2026-08-14T09:16:46.421+0000] {processor.py:208} INFO - Processing /opt/airflow/dags/logistics_incremental_load.py took 0.504 seconds
[2026-08-14T09:17:16.780+0000] {processor.py:186} INFO - Started process (PID=777) to work on /opt/airflow/dags/logistics_incremental_load.py
[2026-08-14T09:17:16.781+0000] {processor.py:914} INFO - Processing file /opt/airflow/dags/logistics_incremental_load.py for tasks to queue
[2026-08-14T09:17:16.782+0000] {logging_mixin.py:190} INFO - [2026-08-14T09:17:16.782+0000] {dagbag.py:588} INFO - Filling up the DagBag from /opt/airflow/dags/logistics_incremental_load.py
[2026-08-14T09:17:17.060+0000] {processor.py:925} INFO - DAG(s) 'logistics_orders_incremental_load' retrieved from /opt/airflow/dags/logistics_incremental_load.py
[2026-08-14T09:17:17.081+0000] {logging_mixin.py:190} INFO - [2026-08-14T09:17:17.081+0000] {dag.py:3239} INFO - Sync 1 DAGs
[2026-08-14T09:17:17.101+0000] {logging_mixin.py:190} INFO - [2026-08-14T09:17:17.101+0000] {dag.py:4180} INFO - Setting next_dagrun for logistics_orders_incremental_load to 2026-08-13 00:00:00+00:00, run_after=2026-08-14 00:00:00+00:00
[2026-08-14T09:17:17.120+0000] {processor.py:208} INFO - Processing /opt/airflow/dags/logistics_incremental_load.py took 0.345 seconds
[2026-08-14T09:17:47.267+0000] {processor.py:186} INFO - Started process (PID=874) to work on /opt/airflow/dags/logistics_incremental_load.py
[2026-08-14T09:17:47.268+0000] {processor.py:914} INFO - Processing file /opt/airflow/dags/logistics_incremental_load.py for tasks to queue
[2026-08-14T09:17:47.270+0000] {logging_mixin.py:190} INFO - [2026-08-14T09:17:47.269+0000] {dagbag.py:588} INFO - Filling up the DagBag from /opt/airflow/dags/logistics_incremental_load.py
[2026-08-14T09:17:47.584+0000] {processor.py:925} INFO - DAG(s) 'logistics_orders_incremental_load' retrieved from /opt/airflow/dags/logistics_incremental_load.py
[2026-08-14T09:17:47.729+0000] {logging_mixin.py:190} INFO - [2026-08-14T09:17:47.729+0000] {dag.py:3239} INFO - Sync 1 DAGs
[2026-08-14T09:17:47.746+0000] {logging_mixin.py:190} INFO - [2026-08-14T09:17:47.746+0000] {dag.py:4180} INFO - Setting next_dagrun for logistics_orders_incremental_load to 2026-08-13 00:00:00+00:00, run_after=2026-08-14 00:00:00+00:00
[2026-08-14T09:17:47.764+0000] {processor.py:208} INFO - Processing /opt/airflow/dags/logistics_incremental_load.py took 0.501 seconds
[2026-08-14T09:18:18.528+0000] {processor.py:186} INFO - Started process (PID=960) to work on /opt/airflow/dags/logistics_incremental_load.py
[2026-08-14T09:18:18.530+0000] {processor.py:914} INFO - Processing file /opt/airflow/dags/logistics_incremental_load.py for tasks to queue
[2026-08-14T09:18:18.531+0000] {logging_mixin.py:190} INFO - [2026-08-14T09:18:18.531+0000] {dagbag.py:588} INFO - Filling up the DagBag from /opt/airflow/dags/logistics_incremental_load.py
[2026-08-14T09:18:18.850+0000] {processor.py:925} INFO - DAG(s) 'logistics_orders_incremental_load' retrieved from /opt/airflow/dags/logistics_incremental_load.py
[2026-08-14T09:18:18.875+0000] {logging_mixin.py:190} INFO - [2026-08-14T09:18:18.875+0000] {dag.py:3239} INFO - Sync 1 DAGs
[2026-08-14T09:18:19.063+0000] {logging_mixin.py:190} INFO - [2026-08-14T09:18:19.062+0000] {dag.py:4180} INFO - Setting next_dagrun for logistics_orders_incremental_load to 2026-08-13 00:00:00+00:00, run_after=2026-08-14 00:00:00+00:00
[2026-08-14T09:18:19.087+0000] {processor.py:208} INFO - Processing /opt/airflow/dags/logistics_incremental_load.py took 0.564 seconds
[2026-08-14T09:18:49.208+0000] {processor.py:186} INFO - Started process (PID=1049) to work on /opt/airflow/dags/logistics_incremental_load.py
[2026-08-14T09:18:49.209+0000] {processor.py:914} INFO - Processing file /opt/airflow/dags/logistics_incremental_load.py for tasks to queue
[2026-08-14T09:18:49.210+0000] {logging_mixin.py:190} INFO - [2026-08-14T09:18:49.210+0000] {dagbag.py:588} INFO - Filling up the DagBag from /opt/airflow/dags/logistics_incremental_load.py
[2026-08-14T09:18:49.658+0000] {processor.py:925} INFO - DAG(s) 'logistics_orders_incremental_load' retrieved from /opt/airflow/dags/logistics_incremental_load.py
[2026-08-14T09:18:49.685+0000] {logging_mixin.py:190} INFO - [2026-08-14T09:18:49.684+0000] {dag.py:3239} INFO - Sync 1 DAGs
[2026-08-14T09:18:49.710+0000] {logging_mixin.py:190} INFO - [2026-08-14T09:18:49.710+0000] {dag.py:4180} INFO - Setting next_dagrun for logistics_orders_incremental_load to 2026-08-13 00:00:00+00:00, run_after=2026-08-14 00:00:00+00:00
[2026-08-14T09:18:49.729+0000] {processor.py:208} INFO - Processing /opt/airflow/dags/logistics_incremental_load.py took 0.526 seconds
[2026-08-14T09:19:19.925+0000] {processor.py:186} INFO - Started process (PID=1146) to work on /opt/airflow/dags/logistics_incremental_load.py
[2026-08-14T09:19:19.926+0000] {processor.py:914} INFO - Processing file /opt/airflow/dags/logistics_incremental_load.py for tasks to queue
[2026-08-14T09:19:19.927+0000] {logging_mixin.py:190} INFO - [2026-08-14T09:19:19.927+0000] {dagbag.py:588} INFO - Filling up the DagBag from /opt/airflow/dags/logistics_incremental_load.py
[2026-08-14T09:19:20.370+0000] {processor.py:925} INFO - DAG(s) 'logistics_orders_incremental_load' retrieved from /opt/airflow/dags/logistics_incremental_load.py
[2026-08-14T09:19:20.391+0000] {logging_mixin.py:190} INFO - [2026-08-14T09:19:20.390+0000] {dag.py:3239} INFO - Sync 1 DAGs
[2026-08-14T09:19:20.411+0000] {logging_mixin.py:190} INFO - [2026-08-14T09:19:20.411+0000] {dag.py:4180} INFO - Setting next_dagrun for logistics_orders_incremental_load to 2026-08-13 00:00:00+00:00, run_after=2026-08-14 00:00:00+00:00
[2026-08-14T09:19:20.428+0000] {processor.py:208} INFO - Processing /opt/airflow/dags/logistics_incremental_load.py took 0.508 seconds
[2026-08-14T09:19:50.584+0000] {processor.py:186} INFO - Started process (PID=1230) to work on /opt/airflow/dags/logistics_incremental_load.py
[2026-08-14T09:19:50.586+0000] {processor.py:914} INFO - Processing file /opt/airflow/dags/logistics_incremental_load.py for tasks to queue
[2026-08-14T09:19:50.588+0000] {logging_mixin.py:190} INFO - [2026-08-14T09:19:50.588+0000] {dagbag.py:588} INFO - Filling up the DagBag from /opt/airflow/dags/logistics_incremental_load.py
[2026-08-14T09:19:51.003+0000] {processor.py:925} INFO - DAG(s) 'logistics_orders_incremental_load' retrieved from /opt/airflow/dags/logistics_incremental_load.py
[2026-08-14T09:19:51.024+0000] {logging_mixin.py:190} INFO - [2026-08-14T09:19:51.024+0000] {dag.py:3239} INFO - Sync 1 DAGs
[2026-08-14T09:19:51.044+0000] {logging_mixin.py:190} INFO - [2026-08-14T09:19:51.044+0000] {dag.py:4180} INFO - Setting next_dagrun for logistics_orders_incremental_load to 2026-08-13 00:00:00+00:00, run_after=2026-08-14 00:00:00+00:00
[2026-08-14T09:19:51.065+0000] {processor.py:208} INFO - Processing /opt/airflow/dags/logistics_incremental_load.py took 0.486 seconds
[2026-08-14T09:20:21.255+0000] {processor.py:186} INFO - Started process (PID=1321) to work on /opt/airflow/dags/logistics_incremental_load.py
[2026-08-14T09:20:21.256+0000] {processor.py:914} INFO - Processing file /opt/airflow/dags/logistics_incremental_load.py for tasks to queue
[2026-08-14T09:20:21.258+0000] {logging_mixin.py:190} INFO - [2026-08-14T09:20:21.257+0000] {dagbag.py:588} INFO - Filling up the DagBag from /opt/airflow/dags/logistics_incremental_load.py
[2026-08-14T09:20:21.698+0000] {processor.py:925} INFO - DAG(s) 'logistics_orders_incremental_load' retrieved from /opt/airflow/dags/logistics_incremental_load.py
[2026-08-14T09:20:21.722+0000] {logging_mixin.py:190} INFO - [2026-08-14T09:20:21.722+0000] {dag.py:3239} INFO - Sync 1 DAGs
[2026-08-14T09:20:21.740+0000] {logging_mixin.py:190} INFO - [2026-08-14T09:20:21.740+0000] {dag.py:4180} INFO - Setting next_dagrun for logistics_orders_incremental_load to 2026-08-13 00:00:00+00:00, run_after=2026-08-14 00:00:00+00:00
[2026-08-14T09:20:21.760+0000] {processor.py:208} INFO - Processing /opt/airflow/dags/logistics_incremental_load.py took 0.510 seconds
[2026-08-14T09:20:52.251+0000] {processor.py:186} INFO - Started process (PID=1413) to work on /opt/airflow/dags/logistics_incremental_load.py
[2026-08-14T09:20:52.252+0000] {processor.py:914} INFO - Processing file /opt/airflow/dags/logistics_incremental_load.py for tasks to queue
[2026-08-14T09:20:52.253+0000] {logging_mixin.py:190} INFO - [2026-08-14T09:20:52.252+0000] {dagbag.py:588} INFO - Filling up the DagBag from /opt/airflow/dags/logistics_incremental_load.py
[2026-08-14T09:20:52.638+0000] {processor.py:925} INFO - DAG(s) 'logistics_orders_incremental_load' retrieved from /opt/airflow/dags/logistics_incremental_load.py
[2026-08-14T09:20:52.660+0000] {logging_mixin.py:190} INFO - [2026-08-14T09:20:52.660+0000] {dag.py:3239} INFO - Sync 1 DAGs
[2026-08-14T09:20:52.681+0000] {logging_mixin.py:190} INFO - [2026-08-14T09:20:52.681+0000] {dag.py:4180} INFO - Setting next_dagrun for logistics_orders_incremental_load to 2026-08-13 00:00:00+00:00, run_after=2026-08-14 00:00:00+00:00
[2026-08-14T09:20:52.699+0000] {processor.py:208} INFO - Processing /opt/airflow/dags/logistics_incremental_load.py took 0.454 seconds
[2026-08-14T09:21:22.988+0000] {processor.py:186} INFO - Started process (PID=1488) to work on /opt/airflow/dags/logistics_incremental_load.py
[2026-08-14T09:21:22.990+0000] {processor.py:914} INFO - Processing file /opt/airflow/dags/logistics_incremental_load.py for tasks to queue
[2026-08-14T09:21:22.991+0000] {logging_mixin.py:190} INFO - [2026-08-14T09:21:22.991+0000] {dagbag.py:588} INFO - Filling up the DagBag from /opt/airflow/dags/logistics_incremental_load.py
[2026-08-14T09:21:23.405+0000] {processor.py:925} INFO - DAG(s) 'logistics_orders_incremental_load' retrieved from /opt/airflow/dags/logistics_incremental_load.py
[2026-08-14T09:21:23.428+0000] {logging_mixin.py:190} INFO - [2026-08-14T09:21:23.427+0000] {dag.py:3239} INFO - Sync 1 DAGs
[2026-08-14T09:21:23.448+0000] {logging_mixin.py:190} INFO - [2026-08-14T09:21:23.448+0000] {dag.py:4180} INFO - Setting next_dagrun for logistics_orders_incremental_load to 2026-08-13 00:00:00+00:00, run_after=2026-08-14 00:00:00+00:00
[2026-08-14T09:21:23.470+0000] {processor.py:208} INFO - Processing /opt/airflow/dags/logistics_incremental_load.py took 0.488 seconds
[2026-08-14T09:21:53.974+0000] {processor.py:186} INFO - Started process (PID=1577) to work on /opt/airflow/dags/logistics_incremental_load.py
[2026-08-14T09:21:53.975+0000] {processor.py:914} INFO - Processing file /opt/airflow/dags/logistics_incremental_load.py for tasks to queue
[2026-08-14T09:21:53.976+0000] {logging_mixin.py:190} INFO - [2026-08-14T09:21:53.976+0000] {dagbag.py:588} INFO - Filling up the DagBag from /opt/airflow/dags/logistics_incremental_load.py
[2026-08-14T09:21:54.446+0000] {processor.py:925} INFO - DAG(s) 'logistics_orders_incremental_load' retrieved from /opt/airflow/dags/logistics_incremental_load.py
[2026-08-14T09:21:54.476+0000] {logging_mixin.py:190} INFO - [2026-08-14T09:21:54.476+0000] {dag.py:3239} INFO - Sync 1 DAGs
[2026-08-14T09:21:54.501+0000] {logging_mixin.py:190} INFO - [2026-08-14T09:21:54.501+0000] {dag.py:4180} INFO - Setting next_dagrun for logistics_orders_incremental_load to 2026-08-13 00:00:00+00:00, run_after=2026-08-14 00:00:00+00:00
[2026-08-14T09:21:54.526+0000] {processor.py:208} INFO - Processing /opt/airflow/dags/logistics_incremental_load.py took 0.559 seconds
[2026-08-14T09:22:25.086+0000] {processor.py:186} INFO - Started process (PID=1670) to work on /opt/airflow/dags/logistics_incremental_load.py
[2026-08-14T09:22:25.087+0000] {processor.py:914} INFO - Processing file /opt/airflow/dags/logistics_incremental_load.py for tasks to queue
[2026-08-14T09:22:25.089+0000] {logging_mixin.py:190} INFO - [2026-08-14T09:22:25.088+0000] {dagbag.py:588} INFO - Filling up the DagBag from /opt/airflow/dags/logistics_incremental_load.py
[2026-08-14T09:22:25.489+0000] {processor.py:925} INFO - DAG(s) 'logistics_orders_incremental_load' retrieved from /opt/airflow/dags/logistics_incremental_load.py
[2026-08-14T09:22:25.512+0000] {logging_mixin.py:190} INFO - [2026-08-14T09:22:25.512+0000] {dag.py:3239} INFO - Sync 1 DAGs
[2026-08-14T09:22:25.539+0000] {logging_mixin.py:190} INFO - [2026-08-14T09:22:25.538+0000] {dag.py:4180} INFO - Setting next_dagrun for logistics_orders_incremental_load to 2026-08-13 00:00:00+00:00, run_after=2026-08-14 00:00:00+00:00
[2026-08-14T09:22:25.560+0000] {processor.py:208} INFO - Processing /opt/airflow/dags/logistics_incremental_load.py took 0.479 seconds
[2026-08-14T09:22:55.997+0000] {processor.py:186} INFO - Started process (PID=1750) to work on /opt/airflow/dags/logistics_incremental_load.py
[2026-08-14T09:22:55.998+0000] {processor.py:914} INFO - Processing file /opt/airflow/dags/logistics_incremental_load.py for tasks to queue
[2026-08-14T09:22:56.000+0000] {logging_mixin.py:190} INFO - [2026-08-14T09:22:56.000+0000] {dagbag.py:588} INFO - Filling up the DagBag from /opt/airflow/dags/logistics_incremental_load.py
[2026-08-14T09:22:56.813+0000] {processor.py:925} INFO - DAG(s) 'logistics_orders_incremental_load' retrieved from /opt/airflow/dags/logistics_incremental_load.py
[2026-08-14T09:22:56.839+0000] {logging_mixin.py:190} INFO - [2026-08-14T09:22:56.839+0000] {dag.py:3239} INFO - Sync 1 DAGs
[2026-08-14T09:22:56.868+0000] {logging_mixin.py:190} INFO - [2026-08-14T09:22:56.868+0000] {dag.py:4180} INFO - Setting next_dagrun for logistics_orders_incremental_load to 2026-08-13 00:00:00+00:00, run_after=2026-08-14 00:00:00+00:00
[2026-08-14T09:22:56.910+0000] {processor.py:208} INFO - Processing /opt/airflow/dags/logistics_incremental_load.py took 0.920 seconds
[2026-08-14T09:23:27.434+0000] {processor.py:186} INFO - Started process (PID=1839) to work on /opt/airflow/dags/logistics_incremental_load.py
[2026-08-14T09:23:27.435+0000] {processor.py:914} INFO - Processing file /opt/airflow/dags/logistics_incremental_load.py for tasks to queue
[2026-08-14T09:23:27.436+0000] {logging_mixin.py:190} INFO - [2026-08-14T09:23:27.436+0000] {dagbag.py:588} INFO - Filling up the DagBag from /opt/airflow/dags/logistics_incremental_load.py
[2026-08-14T09:23:27.844+0000] {processor.py:925} INFO - DAG(s) 'logistics_orders_incremental_load' retrieved from /opt/airflow/dags/logistics_incremental_load.py
[2026-08-14T09:23:27.871+0000] {logging_mixin.py:190} INFO - [2026-08-14T09:23:27.871+0000] {dag.py:3239} INFO - Sync 1 DAGs
[2026-08-14T09:23:27.892+0000] {logging_mixin.py:190} INFO - [2026-08-14T09:23:27.892+0000] {dag.py:4180} INFO - Setting next_dagrun for logistics_orders_incremental_load to 2026-08-13 00:00:00+00:00, run_after=2026-08-14 00:00:00+00:00
[2026-08-14T09:23:27.913+0000] {processor.py:208} INFO - Processing /opt/airflow/dags/logistics_incremental_load.py took 0.484 seconds
[2026-08-14T09:23:58.336+0000] {processor.py:186} INFO - Started process (PID=1928) to work on /opt/airflow/dags/logistics_incremental_load.py
[2026-08-14T09:23:58.337+0000] {processor.py:914} INFO - Processing file /opt/airflow/dags/logistics_incremental_load.py for tasks to queue
[2026-08-14T09:23:58.338+0000] {logging_mixin.py:190} INFO - [2026-08-14T09:23:58.338+0000] {dagbag.py:588} INFO - Filling up the DagBag from /opt/airflow/dags/logistics_incremental_load.py
[2026-08-14T09:23:58.744+0000] {processor.py:925} INFO - DAG(s) 'logistics_orders_incremental_load' retrieved from /opt/airflow/dags/logistics_incremental_load.py
[2026-08-14T09:23:58.768+0000] {logging_mixin.py:190} INFO - [2026-08-14T09:23:58.768+0000] {dag.py:3239} INFO - Sync 1 DAGs
[2026-08-14T09:23:58.792+0000] {logging_mixin.py:190} INFO - [2026-08-14T09:23:58.792+0000] {dag.py:4180} INFO - Setting next_dagrun for logistics_orders_incremental_load to 2026-08-13 00:00:00+00:00, run_after=2026-08-14 00:00:00+00:00
[2026-08-14T09:23:58.812+0000] {processor.py:208} INFO - Processing /opt/airflow/dags/logistics_incremental_load.py took 0.480 seconds
[2026-08-14T09:24:29.681+0000] {processor.py:186} INFO - Started process (PID=2021) to work on /opt/airflow/dags/logistics_incremental_load.py
[2026-08-14T09:24:29.682+0000] {processor.py:914} INFO - Processing file /opt/airflow/dags/logistics_incremental_load.py for tasks to queue
[2026-08-14T09:24:29.683+0000] {logging_mixin.py:190} INFO - [2026-08-14T09:24:29.683+0000] {dagbag.py:588} INFO - Filling up the DagBag from /opt/airflow/dags/logistics_incremental_load.py
[2026-08-14T09:24:30.079+0000] {processor.py:925} INFO - DAG(s) 'logistics_orders_incremental_load' retrieved from /opt/airflow/dags/logistics_incremental_load.py
[2026-08-14T09:24:30.100+0000] {logging_mixin.py:190} INFO - [2026-08-14T09:24:30.100+0000] {dag.py:3239} INFO - Sync 1 DAGs
[2026-08-14T09:24:30.120+0000] {logging_mixin.py:190} INFO - [2026-08-14T09:24:30.120+0000] {dag.py:4180} INFO - Setting next_dagrun for logistics_orders_incremental_load to 2026-08-13 00:00:00+00:00, run_after=2026-08-14 00:00:00+00:00
[2026-08-14T09:24:30.138+0000] {processor.py:208} INFO - Processing /opt/airflow/dags/logistics_incremental_load.py took 0.464 seconds
[2026-08-14T09:25:00.576+0000] {processor.py:186} INFO - Started process (PID=2101) to work on /opt/airflow/dags/logistics_incremental_load.py
[2026-08-14T09:25:00.578+0000] {processor.py:914} INFO - Processing file /opt/airflow/dags/logistics_incremental_load.py for tasks to queue
[2026-08-14T09:25:00.579+0000] {logging_mixin.py:190} INFO - [2026-08-14T09:25:00.579+0000] {dagbag.py:588} INFO - Filling up the DagBag from /opt/airflow/dags/logistics_incremental_load.py
[2026-08-14T09:25:01.013+0000] {processor.py:925} INFO - DAG(s) 'logistics_orders_incremental_load' retrieved from /opt/airflow/dags/logistics_incremental_load.py
[2026-08-14T09:25:01.040+0000] {logging_mixin.py:190} INFO - [2026-08-14T09:25:01.039+0000] {dag.py:3239} INFO - Sync 1 DAGs
[2026-08-14T09:25:01.062+0000] {logging_mixin.py:190} INFO - [2026-08-14T09:25:01.062+0000] {dag.py:4180} INFO - Setting next_dagrun for logistics_orders_incremental_load to 2026-08-13 00:00:00+00:00, run_after=2026-08-14 00:00:00+00:00
[2026-08-14T09:25:01.087+0000] {processor.py:208} INFO - Processing /opt/airflow/dags/logistics_incremental_load.py took 0.519 seconds
[2026-08-14T09:25:31.864+0000] {processor.py:186} INFO - Started process (PID=2190) to work on /opt/airflow/dags/logistics_incremental_load.py
[2026-08-14T09:25:31.865+0000] {processor.py:914} INFO - Processing file /opt/airflow/dags/logistics_incremental_load.py for tasks to queue
[2026-08-14T09:25:31.866+0000] {logging_mixin.py:190} INFO - [2026-08-14T09:25:31.866+0000] {dagbag.py:588} INFO - Filling up the DagBag from /opt/airflow/dags/logistics_incremental_load.py
[2026-08-14T09:25:32.260+0000] {processor.py:925} INFO - DAG(s) 'logistics_orders_incremental_load' retrieved from /opt/airflow/dags/logistics_incremental_load.py
[2026-08-14T09:25:32.284+0000] {logging_mixin.py:190} INFO - [2026-08-14T09:25:32.284+0000] {dag.py:3239} INFO - Sync 1 DAGs
[2026-08-14T09:25:32.303+0000] {logging_mixin.py:190} INFO - [2026-08-14T09:25:32.303+0000] {dag.py:4180} INFO - Setting next_dagrun for logistics_orders_incremental_load to 2026-08-13 00:00:00+00:00, run_after=2026-08-14 00:00:00+00:00
[2026-08-14T09:25:32.321+0000] {processor.py:208} INFO - Processing /opt/airflow/dags/logistics_incremental_load.py took 0.462 seconds
[2026-08-14T09:26:02.900+0000] {processor.py:186} INFO - Started process (PID=2283) to work on /opt/airflow/dags/logistics_incremental_load.py
[2026-08-14T09:26:02.901+0000] {processor.py:914} INFO - Processing file /opt/airflow/dags/logistics_incremental_load.py for tasks to queue
[2026-08-14T09:26:02.902+0000] {logging_mixin.py:190} INFO - [2026-08-14T09:26:02.902+0000] {dagbag.py:588} INFO - Filling up the DagBag from /opt/airflow/dags/logistics_incremental_load.py
[2026-08-14T09:26:03.314+0000] {processor.py:925} INFO - DAG(s) 'logistics_orders_incremental_load' retrieved from /opt/airflow/dags/logistics_incremental_load.py
[2026-08-14T09:26:03.336+0000] {logging_mixin.py:190} INFO - [2026-08-14T09:26:03.335+0000] {dag.py:3239} INFO - Sync 1 DAGs
[2026-08-14T09:26:03.357+0000] {logging_mixin.py:190} INFO - [2026-08-14T09:26:03.357+0000] {dag.py:4180} INFO - Setting next_dagrun for logistics_orders_incremental_load to 2026-08-13 00:00:00+00:00, run_after=2026-08-14 00:00:00+00:00
[2026-08-14T09:26:03.375+0000] {processor.py:208} INFO - Processing /opt/airflow/dags/logistics_incremental_load.py took 0.480 seconds
[2026-08-14T09:26:33.787+0000] {processor.py:186} INFO - Started process (PID=2363) to work on /opt/airflow/dags/logistics_incremental_load.py
[2026-08-14T09:26:33.788+0000] {processor.py:914} INFO - Processing file /opt/airflow/dags/logistics_incremental_load.py for tasks to queue
[2026-08-14T09:26:33.790+0000] {logging_mixin.py:190} INFO - [2026-08-14T09:26:33.789+0000] {dagbag.py:588} INFO - Filling up the DagBag from /opt/airflow/dags/logistics_incremental_load.py
[2026-08-14T09:26:34.248+0000] {processor.py:925} INFO - DAG(s) 'logistics_orders_incremental_load' retrieved from /opt/airflow/dags/logistics_incremental_load.py
[2026-08-14T09:26:34.275+0000] {logging_mixin.py:190} INFO - [2026-08-14T09:26:34.275+0000] {dag.py:3239} INFO - Sync 1 DAGs
[2026-08-14T09:26:34.297+0000] {logging_mixin.py:190} INFO - [2026-08-14T09:26:34.296+0000] {dag.py:4180} INFO - Setting next_dagrun for logistics_orders_incremental_load to 2026-08-13 00:00:00+00:00, run_after=2026-08-14 00:00:00+00:00
[2026-08-14T09:26:34.317+0000] {processor.py:208} INFO - Processing /opt/airflow/dags/logistics_incremental_load.py took 0.535 seconds
[2026-08-14T09:27:04.750+0000] {processor.py:186} INFO - Started process (PID=2452) to work on /opt/airflow/dags/logistics_incremental_load.py
[2026-08-14T09:27:04.752+0000] {processor.py:914} INFO - Processing file /opt/airflow/dags/logistics_incremental_load.py for tasks to queue
[2026-08-14T09:27:04.753+0000] {logging_mixin.py:190} INFO - [2026-08-14T09:27:04.753+0000] {dagbag.py:588} INFO - Filling up the DagBag from /opt/airflow/dags/logistics_incremental_load.py
[2026-08-14T09:27:05.214+0000] {processor.py:925} INFO - DAG(s) 'logistics_orders_incremental_load' retrieved from /opt/airflow/dags/logistics_incremental_load.py
[2026-08-14T09:27:05.239+0000] {logging_mixin.py:190} INFO - [2026-08-14T09:27:05.239+0000] {dag.py:3239} INFO - Sync 1 DAGs
[2026-08-14T09:27:05.259+0000] {logging_mixin.py:190} INFO - [2026-08-14T09:27:05.259+0000] {dag.py:4180} INFO - Setting next_dagrun for logistics_orders_incremental_load to 2026-08-13 00:00:00+00:00, run_after=2026-08-14 00:00:00+00:00
[2026-08-14T09:27:05.280+0000] {processor.py:208} INFO - Processing /opt/airflow/dags/logistics_incremental_load.py took 0.535 seconds
[2026-08-14T09:27:36.357+0000] {processor.py:186} INFO - Started process (PID=2545) to work on /opt/airflow/dags/logistics_incremental_load.py
[2026-08-14T09:27:36.358+0000] {processor.py:914} INFO - Processing file /opt/airflow/dags/logistics_incremental_load.py for tasks to queue
[2026-08-14T09:27:36.359+0000] {logging_mixin.py:190} INFO - [2026-08-14T09:27:36.359+0000] {dagbag.py:588} INFO - Filling up the DagBag from /opt/airflow/dags/logistics_incremental_load.py
[2026-08-14T09:27:36.751+0000] {processor.py:925} INFO - DAG(s) 'logistics_orders_incremental_load' retrieved from /opt/airflow/dags/logistics_incremental_load.py
[2026-08-14T09:27:36.772+0000] {logging_mixin.py:190} INFO - [2026-08-14T09:27:36.772+0000] {dag.py:3239} INFO - Sync 1 DAGs
[2026-08-14T09:27:36.791+0000] {logging_mixin.py:190} INFO - [2026-08-14T09:27:36.791+0000] {dag.py:4180} INFO - Setting next_dagrun for logistics_orders_incremental_load to 2026-08-13 00:00:00+00:00, run_after=2026-08-14 00:00:00+00:00
[2026-08-14T09:27:36.811+0000] {processor.py:208} INFO - Processing /opt/airflow/dags/logistics_incremental_load.py took 0.460 seconds
[2026-08-14T09:28:07.205+0000] {processor.py:186} INFO - Started process (PID=2625) to work on /opt/airflow/dags/logistics_incremental_load.py
[2026-08-14T09:28:07.206+0000] {processor.py:914} INFO - Processing file /opt/airflow/dags/logistics_incremental_load.py for tasks to queue
[2026-08-14T09:28:07.208+0000] {logging_mixin.py:190} INFO - [2026-08-14T09:28:07.207+0000] {dagbag.py:588} INFO - Filling up the DagBag from /opt/airflow/dags/logistics_incremental_load.py
[2026-08-14T09:28:07.506+0000] {processor.py:925} INFO - DAG(s) 'logistics_orders_incremental_load' retrieved from /opt/airflow/dags/logistics_incremental_load.py
[2026-08-14T09:28:07.532+0000] {logging_mixin.py:190} INFO - [2026-08-14T09:28:07.532+0000] {dag.py:3239} INFO - Sync 1 DAGs
[2026-08-14T09:28:07.558+0000] {logging_mixin.py:190} INFO - [2026-08-14T09:28:07.558+0000] {dag.py:4180} INFO - Setting next_dagrun for logistics_orders_incremental_load to 2026-08-13 00:00:00+00:00, run_after=2026-08-14 00:00:00+00:00
[2026-08-14T09:28:07.579+0000] {processor.py:208} INFO - Processing /opt/airflow/dags/logistics_incremental_load.py took 0.381 seconds
[2026-08-14T09:28:38.872+0000] {processor.py:186} INFO - Started process (PID=2714) to work on /opt/airflow/dags/logistics_incremental_load.py
[2026-08-14T09:28:38.873+0000] {processor.py:914} INFO - Processing file /opt/airflow/dags/logistics_incremental_load.py for tasks to queue
[2026-08-14T09:28:38.875+0000] {logging_mixin.py:190} INFO - [2026-08-14T09:28:38.874+0000] {dagbag.py:588} INFO - Filling up the DagBag from /opt/airflow/dags/logistics_incremental_load.py
[2026-08-14T09:28:39.157+0000] {processor.py:925} INFO - DAG(s) 'logistics_orders_incremental_load' retrieved from /opt/airflow/dags/logistics_incremental_load.py
[2026-08-14T09:28:39.185+0000] {logging_mixin.py:190} INFO - [2026-08-14T09:28:39.185+0000] {dag.py:3239} INFO - Sync 1 DAGs
[2026-08-14T09:28:39.210+0000] {logging_mixin.py:190} INFO - [2026-08-14T09:28:39.210+0000] {dag.py:4180} INFO - Setting next_dagrun for logistics_orders_incremental_load to 2026-08-13 00:00:00+00:00, run_after=2026-08-14 00:00:00+00:00
[2026-08-14T09:28:39.235+0000] {processor.py:208} INFO - Processing /opt/airflow/dags/logistics_incremental_load.py took 0.367 seconds
[2026-08-14T09:29:09.755+0000] {processor.py:186} INFO - Started process (PID=2803) to work on /opt/airflow/dags/logistics_incremental_load.py
[2026-08-14T09:29:09.756+0000] {processor.py:914} INFO - Processing file /opt/airflow/dags/logistics_incremental_load.py for tasks to queue
[2026-08-14T09:29:09.757+0000] {logging_mixin.py:190} INFO - [2026-08-14T09:29:09.757+0000] {dagbag.py:588} INFO - Filling up the DagBag from /opt/airflow/dags/logistics_incremental_load.py
[2026-08-14T09:29:10.042+0000] {processor.py:925} INFO - DAG(s) 'logistics_orders_incremental_load' retrieved from /opt/airflow/dags/logistics_incremental_load.py
[2026-08-14T09:29:10.069+0000] {logging_mixin.py:190} INFO - [2026-08-14T09:29:10.069+0000] {dag.py:3239} INFO - Sync 1 DAGs
[2026-08-14T09:29:10.092+0000] {logging_mixin.py:190} INFO - [2026-08-14T09:29:10.092+0000] {dag.py:4180} INFO - Setting next_dagrun for logistics_orders_incremental_load to 2026-08-13 00:00:00+00:00, run_after=2026-08-14 00:00:00+00:00
[2026-08-14T09:29:10.115+0000] {processor.py:208} INFO - Processing /opt/airflow/dags/logistics_incremental_load.py took 0.365 seconds
[2026-08-14T09:29:40.676+0000] {processor.py:186} INFO - Started process (PID=2896) to work on /opt/airflow/dags/logistics_incremental_load.py
[2026-08-14T09:29:40.677+0000] {processor.py:914} INFO - Processing file /opt/airflow/dags/logistics_incremental_load.py for tasks to queue
[2026-08-14T09:29:40.678+0000] {logging_mixin.py:190} INFO - [2026-08-14T09:29:40.678+0000] {dagbag.py:588} INFO - Filling up the DagBag from /opt/airflow/dags/logistics_incremental_load.py
[2026-08-14T09:29:40.987+0000] {processor.py:925} INFO - DAG(s) 'logistics_orders_incremental_load' retrieved from /opt/airflow/dags/logistics_incremental_load.py
[2026-08-14T09:29:41.012+0000] {logging_mixin.py:190} INFO - [2026-08-14T09:29:41.011+0000] {dag.py:3239} INFO - Sync 1 DAGs
[2026-08-14T09:29:41.035+0000] {logging_mixin.py:190} INFO - [2026-08-14T09:29:41.035+0000] {dag.py:4180} INFO - Setting next_dagrun for logistics_orders_incremental_load to 2026-08-13 00:00:00+00:00, run_after=2026-08-14 00:00:00+00:00
[2026-08-14T09:29:41.055+0000] {processor.py:208} INFO - Processing /opt/airflow/dags/logistics_incremental_load.py took 0.384 seconds
[2026-08-14T09:30:11.133+0000] {processor.py:186} INFO - Started process (PID=2982) to work on /opt/airflow/dags/logistics_incremental_load.py
[2026-08-14T09:30:11.134+0000] {processor.py:914} INFO - Processing file /opt/airflow/dags/logistics_incremental_load.py for tasks to queue
[2026-08-14T09:30:11.135+0000] {logging_mixin.py:190} INFO - [2026-08-14T09:30:11.135+0000] {dagbag.py:588} INFO - Filling up the DagBag from /opt/airflow/dags/logistics_incremental_load.py
[2026-08-14T09:30:11.380+0000] {processor.py:925} INFO - DAG(s) 'logistics_orders_incremental_load' retrieved from /opt/airflow/dags/logistics_incremental_load.py
[2026-08-14T09:30:11.402+0000] {logging_mixin.py:190} INFO - [2026-08-14T09:30:11.402+0000] {dag.py:3239} INFO - Sync 1 DAGs
[2026-08-14T09:30:11.422+0000] {logging_mixin.py:190} INFO - [2026-08-14T09:30:11.422+0000] {dag.py:4180} INFO - Setting next_dagrun for logistics_orders_incremental_load to 2026-08-13 00:00:00+00:00, run_after=2026-08-14 00:00:00+00:00
[2026-08-14T09:30:11.443+0000] {processor.py:208} INFO - Processing /opt/airflow/dags/logistics_incremental_load.py took 0.315 seconds
[2026-08-14T09:30:41.551+0000] {processor.py:186} INFO - Started process (PID=3065) to work on /opt/airflow/dags/logistics_incremental_load.py
[2026-08-14T09:30:41.552+0000] {processor.py:914} INFO - Processing file /opt/airflow/dags/logistics_incremental_load.py for tasks to queue
[2026-08-14T09:30:41.553+0000] {logging_mixin.py:190} INFO - [2026-08-14T09:30:41.553+0000] {dagbag.py:588} INFO - Filling up the DagBag from /opt/airflow/dags/logistics_incremental_load.py
[2026-08-14T09:30:41.827+0000] {processor.py:925} INFO - DAG(s) 'logistics_orders_incremental_load' retrieved from /opt/airflow/dags/logistics_incremental_load.py
[2026-08-14T09:30:41.858+0000] {logging_mixin.py:190} INFO - [2026-08-14T09:30:41.858+0000] {dag.py:3239} INFO - Sync 1 DAGs
[2026-08-14T09:30:41.886+0000] {logging_mixin.py:190} INFO - [2026-08-14T09:30:41.886+0000] {dag.py:4180} INFO - Setting next_dagrun for logistics_orders_incremental_load to 2026-08-13 00:00:00+00:00, run_after=2026-08-14 00:00:00+00:00
[2026-08-14T09:30:41.913+0000] {processor.py:208} INFO - Processing /opt/airflow/dags/logistics_incremental_load.py took 0.367 seconds
[2026-08-14T09:31:12.988+0000] {processor.py:186} INFO - Started process (PID=3158) to work on /opt/airflow/dags/logistics_incremental_load.py
[2026-08-14T09:31:12.989+0000] {processor.py:914} INFO - Processing file /opt/airflow/dags/logistics_incremental_load.py for tasks to queue
[2026-08-14T09:31:12.990+0000] {logging_mixin.py:190} INFO - [2026-08-14T09:31:12.990+0000] {dagbag.py:588} INFO - Filling up the DagBag from /opt/airflow/dags/logistics_incremental_load.py
[2026-08-14T09:31:13.261+0000] {processor.py:925} INFO - DAG(s) 'logistics_orders_incremental_load' retrieved from /opt/airflow/dags/logistics_incremental_load.py
[2026-08-14T09:31:13.286+0000] {logging_mixin.py:190} INFO - [2026-08-14T09:31:13.286+0000] {dag.py:3239} INFO - Sync 1 DAGs
[2026-08-14T09:31:13.310+0000] {logging_mixin.py:190} INFO - [2026-08-14T09:31:13.310+0000] {dag.py:4180} INFO - Setting next_dagrun for logistics_orders_incremental_load to 2026-08-13 00:00:00+00:00, run_after=2026-08-14 00:00:00+00:00
[2026-08-14T09:31:13.332+0000] {processor.py:208} INFO - Processing /opt/airflow/dags/logistics_incremental_load.py took 0.349 seconds
[2026-08-14T09:31:43.529+0000] {processor.py:186} INFO - Started process (PID=3238) to work on /opt/airflow/dags/logistics_incremental_load.py
[2026-08-14T09:31:43.530+0000] {processor.py:914} INFO - Processing file /opt/airflow/dags/logistics_incremental_load.py for tasks to queue
[2026-08-14T09:31:43.531+0000] {logging_mixin.py:190} INFO - [2026-08-14T09:31:43.531+0000] {dagbag.py:588} INFO - Filling up the DagBag from /opt/airflow/dags/logistics_incremental_load.py
[2026-08-14T09:31:43.787+0000] {processor.py:925} INFO - DAG(s) 'logistics_orders_incremental_load' retrieved from /opt/airflow/dags/logistics_incremental_load.py
[2026-08-14T09:31:43.815+0000] {logging_mixin.py:190} INFO - [2026-08-14T09:31:43.814+0000] {dag.py:3239} INFO - Sync 1 DAGs
[2026-08-14T09:31:43.839+0000] {logging_mixin.py:190} INFO - [2026-08-14T09:31:43.839+0000] {dag.py:4180} INFO - Setting next_dagrun for logistics_orders_incremental_load to 2026-08-13 00:00:00+00:00, run_after=2026-08-14 00:00:00+00:00
[2026-08-14T09:31:43.861+0000] {processor.py:208} INFO - Processing /opt/airflow/dags/logistics_incremental_load.py took 0.337 seconds
[2026-08-14T09:32:14.219+0000] {processor.py:186} INFO - Started process (PID=3327) to work on /opt/airflow/dags/logistics_incremental_load.py
[2026-08-14T09:32:14.220+0000] {processor.py:914} INFO - Processing file /opt/airflow/dags/logistics_incremental_load.py for tasks to queue
[2026-08-14T09:32:14.223+0000] {logging_mixin.py:190} INFO - [2026-08-14T09:32:14.222+0000] {dagbag.py:588} INFO - Filling up the DagBag from /opt/airflow/dags/logistics_incremental_load.py
[2026-08-14T09:32:14.526+0000] {processor.py:925} INFO - DAG(s) 'logistics_orders_incremental_load' retrieved from /opt/airflow/dags/logistics_incremental_load.py
[2026-08-14T09:32:14.558+0000] {logging_mixin.py:190} INFO - [2026-08-14T09:32:14.557+0000] {dag.py:3239} INFO - Sync 1 DAGs
[2026-08-14T09:32:14.584+0000] {logging_mixin.py:190} INFO - [2026-08-14T09:32:14.584+0000] {dag.py:4180} INFO - Setting next_dagrun for logistics_orders_incremental_load to 2026-08-13 00:00:00+00:00, run_after=2026-08-14 00:00:00+00:00
[2026-08-14T09:32:14.610+0000] {processor.py:208} INFO - Processing /opt/airflow/dags/logistics_incremental_load.py took 0.397 seconds
[2026-08-14T09:32:45.167+0000] {processor.py:186} INFO - Started process (PID=3420) to work on /opt/airflow/dags/logistics_incremental_load.py
[2026-08-14T09:32:45.168+0000] {processor.py:914} INFO - Processing file /opt/airflow/dags/logistics_incremental_load.py for tasks to queue
[2026-08-14T09:32:45.169+0000] {logging_mixin.py:190} INFO - [2026-08-14T09:32:45.169+0000] {dagbag.py:588} INFO - Filling up the DagBag from /opt/airflow/dags/logistics_incremental_load.py
[2026-08-14T09:32:45.497+0000] {processor.py:925} INFO - DAG(s) 'logistics_orders_incremental_load' retrieved from /opt/airflow/dags/logistics_incremental_load.py
[2026-08-14T09:32:45.526+0000] {logging_mixin.py:190} INFO - [2026-08-14T09:32:45.525+0000] {dag.py:3239} INFO - Sync 1 DAGs
[2026-08-14T09:32:45.559+0000] {logging_mixin.py:190} INFO - [2026-08-14T09:32:45.559+0000] {dag.py:4180} INFO - Setting next_dagrun for logistics_orders_incremental_load to 2026-08-13 00:00:00+00:00, run_after=2026-08-14 00:00:00+00:00
[2026-08-14T09:32:45.582+0000] {processor.py:208} INFO - Processing /opt/airflow/dags/logistics_incremental_load.py took 0.420 seconds
[2026-08-14T09:33:16.079+0000] {processor.py:186} INFO - Started process (PID=3500) to work on /opt/airflow/dags/logistics_incremental_load.py
[2026-08-14T09:33:16.080+0000] {processor.py:914} INFO - Processing file /opt/airflow/dags/logistics_incremental_load.py for tasks to queue
[2026-08-14T09:33:16.081+0000] {logging_mixin.py:190} INFO - [2026-08-14T09:33:16.081+0000] {dagbag.py:588} INFO - Filling up the DagBag from /opt/airflow/dags/logistics_incremental_load.py
[2026-08-14T09:33:16.369+0000] {processor.py:925} INFO - DAG(s) 'logistics_orders_incremental_load' retrieved from /opt/airflow/dags/logistics_incremental_load.py
[2026-08-14T09:33:16.395+0000] {logging_mixin.py:190} INFO - [2026-08-14T09:33:16.395+0000] {dag.py:3239} INFO - Sync 1 DAGs
[2026-08-14T09:33:16.419+0000] {logging_mixin.py:190} INFO - [2026-08-14T09:33:16.419+0000] {dag.py:4180} INFO - Setting next_dagrun for logistics_orders_incremental_load to 2026-08-13 00:00:00+00:00, run_after=2026-08-14 00:00:00+00:00
[2026-08-14T09:33:16.443+0000] {processor.py:208} INFO - Processing /opt/airflow/dags/logistics_incremental_load.py took 0.369 seconds
[2026-08-14T09:33:47.167+0000] {processor.py:186} INFO - Started process (PID=3589) to work on /opt/airflow/dags/logistics_incremental_load.py
[2026-08-14T09:33:47.169+0000] {processor.py:914} INFO - Processing file /opt/airflow/dags/logistics_incremental_load.py for tasks to queue
[2026-08-14T09:33:47.170+0000] {logging_mixin.py:190} INFO - [2026-08-14T09:33:47.170+0000] {dagbag.py:588} INFO - Filling up the DagBag from /opt/airflow/dags/logistics_incremental_load.py
[2026-08-14T09:33:47.477+0000] {processor.py:925} INFO - DAG(s) 'logistics_orders_incremental_load' retrieved from /opt/airflow/dags/logistics_incremental_load.py
[2026-08-14T09:33:47.515+0000] {logging_mixin.py:190} INFO - [2026-08-14T09:33:47.514+0000] {dag.py:3239} INFO - Sync 1 DAGs
[2026-08-14T09:33:47.541+0000] {logging_mixin.py:190} INFO - [2026-08-14T09:33:47.541+0000] {dag.py:4180} INFO - Setting next_dagrun for logistics_orders_incremental_load to 2026-08-13 00:00:00+00:00, run_after=2026-08-14 00:00:00+00:00
[2026-08-14T09:33:47.566+0000] {processor.py:208} INFO - Processing /opt/airflow/dags/logistics_incremental_load.py took 0.404 seconds
[2026-08-14T09:34:18.053+0000] {processor.py:186} INFO - Started process (PID=3684) to work on /opt/airflow/dags/logistics_incremental_load.py
[2026-08-14T09:34:18.054+0000] {processor.py:914} INFO - Processing file /opt/airflow/dags/logistics_incremental_load.py for tasks to queue
[2026-08-14T09:34:18.055+0000] {logging_mixin.py:190} INFO - [2026-08-14T09:34:18.055+0000] {dagbag.py:588} INFO - Filling up the DagBag from /opt/airflow/dags/logistics_incremental_load.py
[2026-08-14T09:34:18.303+0000] {processor.py:925} INFO - DAG(s) 'logistics_orders_incremental_load' retrieved from /opt/airflow/dags/logistics_incremental_load.py
[2026-08-14T09:34:18.327+0000] {logging_mixin.py:190} INFO - [2026-08-14T09:34:18.327+0000] {dag.py:3239} INFO - Sync 1 DAGs
[2026-08-14T09:34:18.469+0000] {logging_mixin.py:190} INFO - [2026-08-14T09:34:18.469+0000] {dag.py:4180} INFO - Setting next_dagrun for logistics_orders_incremental_load to 2026-08-13 00:00:00+00:00, run_after=2026-08-14 00:00:00+00:00
[2026-08-14T09:34:18.490+0000] {processor.py:208} INFO - Processing /opt/airflow/dags/logistics_incremental_load.py took 0.442 seconds
[2026-08-14T09:34:48.854+0000] {processor.py:186} INFO - Started process (PID=3771) to work on /opt/airflow/dags/logistics_incremental_load.py
[2026-08-14T09:34:48.855+0000] {processor.py:914} INFO - Processing file /opt/airflow/dags/logistics_incremental_load.py for tasks to queue
[2026-08-14T09:34:48.856+0000] {logging_mixin.py:190} INFO - [2026-08-14T09:34:48.856+0000] {dagbag.py:588} INFO - Filling up the DagBag from /opt/airflow/dags/logistics_incremental_load.py
[2026-08-14T09:34:49.154+0000] {processor.py:925} INFO - DAG(s) 'logistics_orders_incremental_load' retrieved from /opt/airflow/dags/logistics_incremental_load.py
[2026-08-14T09:34:49.181+0000] {logging_mixin.py:190} INFO - [2026-08-14T09:34:49.181+0000] {dag.py:3239} INFO - Sync 1 DAGs
[2026-08-14T09:34:49.360+0000] {logging_mixin.py:190} INFO - [2026-08-14T09:34:49.359+0000] {dag.py:4180} INFO - Setting next_dagrun for logistics_orders_incremental_load to 2026-08-13 00:00:00+00:00, run_after=2026-08-14 00:00:00+00:00
[2026-08-14T09:34:49.380+0000] {processor.py:208} INFO - Processing /opt/airflow/dags/logistics_incremental_load.py took 0.531 seconds
[2026-08-14T09:35:19.589+0000] {processor.py:186} INFO - Started process (PID=3851) to work on /opt/airflow/dags/logistics_incremental_load.py
[2026-08-14T09:35:19.591+0000] {processor.py:914} INFO - Processing file /opt/airflow/dags/logistics_incremental_load.py for tasks to queue
[2026-08-14T09:35:19.593+0000] {logging_mixin.py:190} INFO - [2026-08-14T09:35:19.592+0000] {dagbag.py:588} INFO - Filling up the DagBag from /opt/airflow/dags/logistics_incremental_load.py
[2026-08-14T09:35:20.035+0000] {processor.py:925} INFO - DAG(s) 'logistics_orders_incremental_load' retrieved from /opt/airflow/dags/logistics_incremental_load.py
[2026-08-14T09:35:20.063+0000] {logging_mixin.py:190} INFO - [2026-08-14T09:35:20.063+0000] {dag.py:3239} INFO - Sync 1 DAGs
[2026-08-14T09:35:20.086+0000] {logging_mixin.py:190} INFO - [2026-08-14T09:35:20.086+0000] {dag.py:4180} INFO - Setting next_dagrun for logistics_orders_incremental_load to 2026-08-13 00:00:00+00:00, run_after=2026-08-14 00:00:00+00:00
[2026-08-14T09:35:20.108+0000] {processor.py:208} INFO - Processing /opt/airflow/dags/logistics_incremental_load.py took 0.523 seconds
[2026-08-14T09:35:50.282+0000] {processor.py:186} INFO - Started process (PID=3940) to work on /opt/airflow/dags/logistics_incremental_load.py
[2026-08-14T09:35:50.283+0000] {processor.py:914} INFO - Processing file /opt/airflow/dags/logistics_incremental_load.py for tasks to queue
[2026-08-14T09:35:50.284+0000] {logging_mixin.py:190} INFO - [2026-08-14T09:35:50.284+0000] {dagbag.py:588} INFO - Filling up the DagBag from /opt/airflow/dags/logistics_incremental_load.py
[2026-08-14T09:35:50.719+0000] {processor.py:925} INFO - DAG(s) 'logistics_orders_incremental_load' retrieved from /opt/airflow/dags/logistics_incremental_load.py
[2026-08-14T09:35:50.744+0000] {logging_mixin.py:190} INFO - [2026-08-14T09:35:50.744+0000] {dag.py:3239} INFO - Sync 1 DAGs
[2026-08-14T09:35:50.765+0000] {logging_mixin.py:190} INFO - [2026-08-14T09:35:50.765+0000] {dag.py:4180} INFO - Setting next_dagrun for logistics_orders_incremental_load to 2026-08-13 00:00:00+00:00, run_after=2026-08-14 00:00:00+00:00
[2026-08-14T09:35:50.788+0000] {processor.py:208} INFO - Processing /opt/airflow/dags/logistics_incremental_load.py took 0.511 seconds
[2026-08-14T09:36:22.239+0000] {processor.py:186} INFO - Started process (PID=4033) to work on /opt/airflow/dags/logistics_incremental_load.py
[2026-08-14T09:36:22.240+0000] {processor.py:914} INFO - Processing file /opt/airflow/dags/logistics_incremental_load.py for tasks to queue
[2026-08-14T09:36:22.241+0000] {logging_mixin.py:190} INFO - [2026-08-14T09:36:22.241+0000] {dagbag.py:588} INFO - Filling up the DagBag from /opt/airflow/dags/logistics_incremental_load.py
[2026-08-14T09:36:22.714+0000] {processor.py:925} INFO - DAG(s) 'logistics_orders_incremental_load' retrieved from /opt/airflow/dags/logistics_incremental_load.py
[2026-08-14T09:36:22.743+0000] {logging_mixin.py:190} INFO - [2026-08-14T09:36:22.743+0000] {dag.py:3239} INFO - Sync 1 DAGs
[2026-08-14T09:36:22.767+0000] {logging_mixin.py:190} INFO - [2026-08-14T09:36:22.767+0000] {dag.py:4180} INFO - Setting next_dagrun for logistics_orders_incremental_load to 2026-08-13 00:00:00+00:00, run_after=2026-08-14 00:00:00+00:00
[2026-08-14T09:36:22.792+0000] {processor.py:208} INFO - Processing /opt/airflow/dags/logistics_incremental_load.py took 0.559 seconds
[2026-08-14T09:36:53.022+0000] {processor.py:186} INFO - Started process (PID=4119) to work on /opt/airflow/dags/logistics_incremental_load.py
[2026-08-14T09:36:53.023+0000] {processor.py:914} INFO - Processing file /opt/airflow/dags/logistics_incremental_load.py for tasks to queue
[2026-08-14T09:36:53.025+0000] {logging_mixin.py:190} INFO - [2026-08-14T09:36:53.025+0000] {dagbag.py:588} INFO - Filling up the DagBag from /opt/airflow/dags/logistics_incremental_load.py
[2026-08-14T09:36:53.419+0000] {processor.py:925} INFO - DAG(s) 'logistics_orders_incremental_load' retrieved from /opt/airflow/dags/logistics_incremental_load.py
[2026-08-14T09:36:53.439+0000] {logging_mixin.py:190} INFO - [2026-08-14T09:36:53.438+0000] {dag.py:3239} INFO - Sync 1 DAGs
[2026-08-14T09:36:53.458+0000] {logging_mixin.py:190} INFO - [2026-08-14T09:36:53.458+0000] {dag.py:4180} INFO - Setting next_dagrun for logistics_orders_incremental_load to 2026-08-13 00:00:00+00:00, run_after=2026-08-14 00:00:00+00:00
[2026-08-14T09:36:53.479+0000] {processor.py:208} INFO - Processing /opt/airflow/dags/logistics_incremental_load.py took 0.466 seconds
[2026-08-14T09:37:23.610+0000] {processor.py:186} INFO - Started process (PID=4208) to work on /opt/airflow/dags/logistics_incremental_load.py
[2026-08-14T09:37:23.611+0000] {processor.py:914} INFO - Processing file /opt/airflow/dags/logistics_incremental_load.py for tasks to queue
[2026-08-14T09:37:23.612+0000] {logging_mixin.py:190} INFO - [2026-08-14T09:37:23.612+0000] {dagbag.py:588} INFO - Filling up the DagBag from /opt/airflow/dags/logistics_incremental_load.py
[2026-08-14T09:37:24.004+0000] {processor.py:925} INFO - DAG(s) 'logistics_orders_incremental_load' retrieved from /opt/airflow/dags/logistics_incremental_load.py
[2026-08-14T09:37:24.024+0000] {logging_mixin.py:190} INFO - [2026-08-14T09:37:24.024+0000] {dag.py:3239} INFO - Sync 1 DAGs
[2026-08-14T09:37:24.042+0000] {logging_mixin.py:190} INFO - [2026-08-14T09:37:24.042+0000] {dag.py:4180} INFO - Setting next_dagrun for logistics_orders_incremental_load to 2026-08-13 00:00:00+00:00, run_after=2026-08-14 00:00:00+00:00
[2026-08-14T09:37:24.060+0000] {processor.py:208} INFO - Processing /opt/airflow/dags/logistics_incremental_load.py took 0.455 seconds
[2026-08-14T09:37:54.935+0000] {processor.py:186} INFO - Started process (PID=4295) to work on /opt/airflow/dags/logistics_incremental_load.py
[2026-08-14T09:37:54.936+0000] {processor.py:914} INFO - Processing file /opt/airflow/dags/logistics_incremental_load.py for tasks to queue
[2026-08-14T09:37:54.938+0000] {logging_mixin.py:190} INFO - [2026-08-14T09:37:54.938+0000] {dagbag.py:588} INFO - Filling up the DagBag from /opt/airflow/dags/logistics_incremental_load.py
[2026-08-14T09:37:55.317+0000] {processor.py:925} INFO - DAG(s) 'logistics_orders_incremental_load' retrieved from /opt/airflow/dags/logistics_incremental_load.py
[2026-08-14T09:37:55.336+0000] {logging_mixin.py:190} INFO - [2026-08-14T09:37:55.336+0000] {dag.py:3239} INFO - Sync 1 DAGs
[2026-08-14T09:37:55.354+0000] {logging_mixin.py:190} INFO - [2026-08-14T09:37:55.354+0000] {dag.py:4180} INFO - Setting next_dagrun for logistics_orders_incremental_load to 2026-08-13 00:00:00+00:00, run_after=2026-08-14 00:00:00+00:00
[2026-08-14T09:37:55.369+0000] {processor.py:208} INFO - Processing /opt/airflow/dags/logistics_incremental_load.py took 0.439 seconds
[2026-08-14T09:38:25.943+0000] {processor.py:186} INFO - Started process (PID=4375) to work on /opt/airflow/dags/logistics_incremental_load.py
[2026-08-14T09:38:25.945+0000] {processor.py:914} INFO - Processing file /opt/airflow/dags/logistics_incremental_load.py for tasks to queue
[2026-08-14T09:38:25.946+0000] {logging_mixin.py:190} INFO - [2026-08-14T09:38:25.946+0000] {dagbag.py:588} INFO - Filling up the DagBag from /opt/airflow/dags/logistics_incremental_load.py
[2026-08-14T09:38:26.373+0000] {processor.py:925} INFO - DAG(s) 'logistics_orders_incremental_load' retrieved from /opt/airflow/dags/logistics_incremental_load.py
[2026-08-14T09:38:26.397+0000] {logging_mixin.py:190} INFO - [2026-08-14T09:38:26.397+0000] {dag.py:3239} INFO - Sync 1 DAGs
[2026-08-14T09:38:26.417+0000] {logging_mixin.py:190} INFO - [2026-08-14T09:38:26.417+0000] {dag.py:4180} INFO - Setting next_dagrun for logistics_orders_incremental_load to 2026-08-13 00:00:00+00:00, run_after=2026-08-14 00:00:00+00:00
[2026-08-14T09:38:26.437+0000] {processor.py:208} INFO - Processing /opt/airflow/dags/logistics_incremental_load.py took 0.501 seconds
[2026-08-14T09:38:56.613+0000] {processor.py:186} INFO - Started process (PID=4464) to work on /opt/airflow/dags/logistics_incremental_load.py
[2026-08-14T09:38:56.614+0000] {processor.py:914} INFO - Processing file /opt/airflow/dags/logistics_incremental_load.py for tasks to queue
[2026-08-14T09:38:56.615+0000] {logging_mixin.py:190} INFO - [2026-08-14T09:38:56.615+0000] {dagbag.py:588} INFO - Filling up the DagBag from /opt/airflow/dags/logistics_incremental_load.py
[2026-08-14T09:38:57.039+0000] {processor.py:925} INFO - DAG(s) 'logistics_orders_incremental_load' retrieved from /opt/airflow/dags/logistics_incremental_load.py
[2026-08-14T09:38:57.061+0000] {logging_mixin.py:190} INFO - [2026-08-14T09:38:57.061+0000] {dag.py:3239} INFO - Sync 1 DAGs
[2026-08-14T09:38:57.080+0000] {logging_mixin.py:190} INFO - [2026-08-14T09:38:57.080+0000] {dag.py:4180} INFO - Setting next_dagrun for logistics_orders_incremental_load to 2026-08-13 00:00:00+00:00, run_after=2026-08-14 00:00:00+00:00
[2026-08-14T09:38:57.101+0000] {processor.py:208} INFO - Processing /opt/airflow/dags/logistics_incremental_load.py took 0.495 seconds
[2026-08-14T09:39:27.864+0000] {processor.py:186} INFO - Started process (PID=4557) to work on /opt/airflow/dags/logistics_incremental_load.py
[2026-08-14T09:39:27.865+0000] {processor.py:914} INFO - Processing file /opt/airflow/dags/logistics_incremental_load.py for tasks to queue
[2026-08-14T09:39:27.867+0000] {logging_mixin.py:190} INFO - [2026-08-14T09:39:27.866+0000] {dagbag.py:588} INFO - Filling up the DagBag from /opt/airflow/dags/logistics_incremental_load.py
[2026-08-14T09:39:28.245+0000] {processor.py:925} INFO - DAG(s) 'logistics_orders_incremental_load' retrieved from /opt/airflow/dags/logistics_incremental_load.py
[2026-08-14T09:39:28.267+0000] {logging_mixin.py:190} INFO - [2026-08-14T09:39:28.267+0000] {dag.py:3239} INFO - Sync 1 DAGs
[2026-08-14T09:39:28.288+0000] {logging_mixin.py:190} INFO - [2026-08-14T09:39:28.288+0000] {dag.py:4180} INFO - Setting next_dagrun for logistics_orders_incremental_load to 2026-08-13 00:00:00+00:00, run_after=2026-08-14 00:00:00+00:00
[2026-08-14T09:39:28.307+0000] {processor.py:208} INFO - Processing /opt/airflow/dags/logistics_incremental_load.py took 0.449 seconds
[2026-08-14T09:39:58.383+0000] {processor.py:186} INFO - Started process (PID=4638) to work on /opt/airflow/dags/logistics_incremental_load.py
[2026-08-14T09:39:58.384+0000] {processor.py:914} INFO - Processing file /opt/airflow/dags/logistics_incremental_load.py for tasks to queue
[2026-08-14T09:39:58.385+0000] {logging_mixin.py:190} INFO - [2026-08-14T09:39:58.385+0000] {dagbag.py:588} INFO - Filling up the DagBag from /opt/airflow/dags/logistics_incremental_load.py
[2026-08-14T09:39:58.814+0000] {processor.py:925} INFO - DAG(s) 'logistics_orders_incremental_load' retrieved from /opt/airflow/dags/logistics_incremental_load.py
[2026-08-14T09:39:58.835+0000] {logging_mixin.py:190} INFO - [2026-08-14T09:39:58.835+0000] {dag.py:3239} INFO - Sync 1 DAGs
[2026-08-14T09:39:58.856+0000] {logging_mixin.py:190} INFO - [2026-08-14T09:39:58.856+0000] {dag.py:4180} INFO - Setting next_dagrun for logistics_orders_incremental_load to 2026-08-13 00:00:00+00:00, run_after=2026-08-14 00:00:00+00:00
[2026-08-14T09:39:58.875+0000] {processor.py:208} INFO - Processing /opt/airflow/dags/logistics_incremental_load.py took 0.497 seconds
[2026-08-14T09:40:29.048+0000] {processor.py:186} INFO - Started process (PID=4726) to work on /opt/airflow/dags/logistics_incremental_load.py
[2026-08-14T09:40:29.049+0000] {processor.py:914} INFO - Processing file /opt/airflow/dags/logistics_incremental_load.py for tasks to queue
[2026-08-14T09:40:29.050+0000] {logging_mixin.py:190} INFO - [2026-08-14T09:40:29.050+0000] {dagbag.py:588} INFO - Filling up the DagBag from /opt/airflow/dags/logistics_incremental_load.py
[2026-08-14T09:40:29.462+0000] {processor.py:925} INFO - DAG(s) 'logistics_orders_incremental_load' retrieved from /opt/airflow/dags/logistics_incremental_load.py
[2026-08-14T09:40:29.485+0000] {logging_mixin.py:190} INFO - [2026-08-14T09:40:29.485+0000] {dag.py:3239} INFO - Sync 1 DAGs
[2026-08-14T09:40:29.507+0000] {logging_mixin.py:190} INFO - [2026-08-14T09:40:29.507+0000] {dag.py:4180} INFO - Setting next_dagrun for logistics_orders_incremental_load to 2026-08-13 00:00:00+00:00, run_after=2026-08-14 00:00:00+00:00
[2026-08-14T09:40:29.527+0000] {processor.py:208} INFO - Processing /opt/airflow/dags/logistics_incremental_load.py took 0.483 seconds
[2026-08-14T09:40:59.963+0000] {processor.py:186} INFO - Started process (PID=4815) to work on /opt/airflow/dags/logistics_incremental_load.py
[2026-08-14T09:40:59.965+0000] {processor.py:914} INFO - Processing file /opt/airflow/dags/logistics_incremental_load.py for tasks to queue
[2026-08-14T09:40:59.968+0000] {logging_mixin.py:190} INFO - [2026-08-14T09:40:59.967+0000] {dagbag.py:588} INFO - Filling up the DagBag from /opt/airflow/dags/logistics_incremental_load.py
[2026-08-14T09:41:00.556+0000] {processor.py:925} INFO - DAG(s) 'logistics_orders_incremental_load' retrieved from /opt/airflow/dags/logistics_incremental_load.py
[2026-08-14T09:41:00.580+0000] {logging_mixin.py:190} INFO - [2026-08-14T09:41:00.580+0000] {dag.py:3239} INFO - Sync 1 DAGs
[2026-08-14T09:41:00.601+0000] {logging_mixin.py:190} INFO - [2026-08-14T09:41:00.601+0000] {dag.py:4180} INFO - Setting next_dagrun for logistics_orders_incremental_load to 2026-08-13 00:00:00+00:00, run_after=2026-08-14 00:00:00+00:00
[2026-08-14T09:41:00.623+0000] {processor.py:208} INFO - Processing /opt/airflow/dags/logistics_incremental_load.py took 0.666 seconds
[2026-08-14T10:04:53.277+0000] {processor.py:186} INFO - Started process (PID=168) to work on /opt/airflow/dags/logistics_incremental_load.py
[2026-08-14T10:04:53.284+0000] {processor.py:914} INFO - Processing file /opt/airflow/dags/logistics_incremental_load.py for tasks to queue
[2026-08-14T10:04:53.298+0000] {logging_mixin.py:190} INFO - [2026-08-14T10:04:53.294+0000] {dagbag.py:588} INFO - Filling up the DagBag from /opt/airflow/dags/logistics_incremental_load.py
[2026-08-14T10:04:54.378+0000] {processor.py:925} INFO - DAG(s) 'logistics_orders_incremental_load' retrieved from /opt/airflow/dags/logistics_incremental_load.py
[2026-08-14T10:04:54.412+0000] {logging_mixin.py:190} INFO - [2026-08-14T10:04:54.412+0000] {dag.py:3239} INFO - Sync 1 DAGs
[2026-08-14T10:04:54.496+0000] {logging_mixin.py:190} INFO - [2026-08-14T10:04:54.496+0000] {dag.py:4180} INFO - Setting next_dagrun for logistics_orders_incremental_load to 2026-08-13 00:00:00+00:00, run_after=2026-08-14 00:00:00+00:00
[2026-08-14T10:04:54.526+0000] {processor.py:208} INFO - Processing /opt/airflow/dags/logistics_incremental_load.py took 1.285 seconds
[2026-08-14T10:05:24.829+0000] {processor.py:186} INFO - Started process (PID=257) to work on /opt/airflow/dags/logistics_incremental_load.py
[2026-08-14T10:05:24.831+0000] {processor.py:914} INFO - Processing file /opt/airflow/dags/logistics_incremental_load.py for tasks to queue
[2026-08-14T10:05:24.838+0000] {logging_mixin.py:190} INFO - [2026-08-14T10:05:24.838+0000] {dagbag.py:588} INFO - Filling up the DagBag from /opt/airflow/dags/logistics_incremental_load.py
[2026-08-14T10:05:25.570+0000] {processor.py:925} INFO - DAG(s) 'logistics_orders_incremental_load' retrieved from /opt/airflow/dags/logistics_incremental_load.py
[2026-08-14T10:05:25.612+0000] {logging_mixin.py:190} INFO - [2026-08-14T10:05:25.612+0000] {dag.py:3239} INFO - Sync 1 DAGs
[2026-08-14T10:05:25.657+0000] {logging_mixin.py:190} INFO - [2026-08-14T10:05:25.657+0000] {dag.py:4180} INFO - Setting next_dagrun for logistics_orders_incremental_load to 2026-08-13 00:00:00+00:00, run_after=2026-08-14 00:00:00+00:00
[2026-08-14T10:05:25.688+0000] {processor.py:208} INFO - Processing /opt/airflow/dags/logistics_incremental_load.py took 0.866 seconds
[2026-08-14T10:05:56.534+0000] {processor.py:186} INFO - Started process (PID=364) to work on /opt/airflow/dags/logistics_incremental_load.py
[2026-08-14T10:05:56.541+0000] {processor.py:914} INFO - Processing file /opt/airflow/dags/logistics_incremental_load.py for tasks to queue
[2026-08-14T10:05:56.551+0000] {logging_mixin.py:190} INFO - [2026-08-14T10:05:56.550+0000] {dagbag.py:588} INFO - Filling up the DagBag from /opt/airflow/dags/logistics_incremental_load.py
[2026-08-14T10:05:57.131+0000] {processor.py:925} INFO - DAG(s) 'logistics_orders_incremental_load' retrieved from /opt/airflow/dags/logistics_incremental_load.py
[2026-08-14T10:05:57.183+0000] {logging_mixin.py:190} INFO - [2026-08-14T10:05:57.183+0000] {dag.py:3239} INFO - Sync 1 DAGs
[2026-08-14T10:05:57.223+0000] {logging_mixin.py:190} INFO - [2026-08-14T10:05:57.223+0000] {dag.py:4180} INFO - Setting next_dagrun for logistics_orders_incremental_load to 2026-08-13 00:00:00+00:00, run_after=2026-08-14 00:00:00+00:00
[2026-08-14T10:05:57.278+0000] {processor.py:208} INFO - Processing /opt/airflow/dags/logistics_incremental_load.py took 0.759 seconds
[2026-08-14T10:06:27.922+0000] {processor.py:186} INFO - Started process (PID=472) to work on /opt/airflow/dags/logistics_incremental_load.py
[2026-08-14T10:06:27.924+0000] {processor.py:914} INFO - Processing file /opt/airflow/dags/logistics_incremental_load.py for tasks to queue
[2026-08-14T10:06:27.926+0000] {logging_mixin.py:190} INFO - [2026-08-14T10:06:27.926+0000] {dagbag.py:588} INFO - Filling up the DagBag from /opt/airflow/dags/logistics_incremental_load.py
[2026-08-14T10:06:28.215+0000] {processor.py:925} INFO - DAG(s) 'logistics_orders_incremental_load' retrieved from /opt/airflow/dags/logistics_incremental_load.py
[2026-08-14T10:06:28.239+0000] {logging_mixin.py:190} INFO - [2026-08-14T10:06:28.239+0000] {dag.py:3239} INFO - Sync 1 DAGs
[2026-08-14T10:06:28.260+0000] {logging_mixin.py:190} INFO - [2026-08-14T10:06:28.260+0000] {dag.py:4180} INFO - Setting next_dagrun for logistics_orders_incremental_load to 2026-08-13 00:00:00+00:00, run_after=2026-08-14 00:00:00+00:00
[2026-08-14T10:06:28.278+0000] {processor.py:208} INFO - Processing /opt/airflow/dags/logistics_incremental_load.py took 0.360 seconds
[2026-08-14T10:06:58.433+0000] {processor.py:186} INFO - Started process (PID=553) to work on /opt/airflow/dags/logistics_incremental_load.py
[2026-08-14T10:06:58.434+0000] {processor.py:914} INFO - Processing file /opt/airflow/dags/logistics_incremental_load.py for tasks to queue
[2026-08-14T10:06:58.437+0000] {logging_mixin.py:190} INFO - [2026-08-14T10:06:58.437+0000] {dagbag.py:588} INFO - Filling up the DagBag from /opt/airflow/dags/logistics_incremental_load.py
[2026-08-14T10:06:58.729+0000] {processor.py:925} INFO - DAG(s) 'logistics_orders_incremental_load' retrieved from /opt/airflow/dags/logistics_incremental_load.py
[2026-08-14T10:06:58.754+0000] {logging_mixin.py:190} INFO - [2026-08-14T10:06:58.753+0000] {dag.py:3239} INFO - Sync 1 DAGs
[2026-08-14T10:06:58.776+0000] {logging_mixin.py:190} INFO - [2026-08-14T10:06:58.775+0000] {dag.py:4180} INFO - Setting next_dagrun for logistics_orders_incremental_load to 2026-08-13 00:00:00+00:00, run_after=2026-08-14 00:00:00+00:00
[2026-08-14T10:06:58.797+0000] {processor.py:208} INFO - Processing /opt/airflow/dags/logistics_incremental_load.py took 0.369 seconds
[2026-08-14T10:07:29.601+0000] {processor.py:186} INFO - Started process (PID=641) to work on /opt/airflow/dags/logistics_incremental_load.py
[2026-08-14T10:07:29.602+0000] {processor.py:914} INFO - Processing file /opt/airflow/dags/logistics_incremental_load.py for tasks to queue
[2026-08-14T10:07:29.605+0000] {logging_mixin.py:190} INFO - [2026-08-14T10:07:29.604+0000] {dagbag.py:588} INFO - Filling up the DagBag from /opt/airflow/dags/logistics_incremental_load.py
[2026-08-14T10:07:29.877+0000] {processor.py:925} INFO - DAG(s) 'logistics_orders_incremental_load' retrieved from /opt/airflow/dags/logistics_incremental_load.py
[2026-08-14T10:07:29.903+0000] {logging_mixin.py:190} INFO - [2026-08-14T10:07:29.903+0000] {dag.py:3239} INFO - Sync 1 DAGs
[2026-08-14T10:07:29.928+0000] {logging_mixin.py:190} INFO - [2026-08-14T10:07:29.928+0000] {dag.py:4180} INFO - Setting next_dagrun for logistics_orders_incremental_load to 2026-08-13 00:00:00+00:00, run_after=2026-08-14 00:00:00+00:00
[2026-08-14T10:07:29.951+0000] {processor.py:208} INFO - Processing /opt/airflow/dags/logistics_incremental_load.py took 0.355 seconds
[2026-08-14T10:17:58.171+0000] {processor.py:186} INFO - Started process (PID=167) to work on /opt/airflow/dags/logistics_incremental_load.py
[2026-08-14T10:17:58.175+0000] {processor.py:914} INFO - Processing file /opt/airflow/dags/logistics_incremental_load.py for tasks to queue
[2026-08-14T10:17:58.183+0000] {logging_mixin.py:190} INFO - [2026-08-14T10:17:58.182+0000] {dagbag.py:588} INFO - Filling up the DagBag from /opt/airflow/dags/logistics_incremental_load.py
[2026-08-14T10:17:59.114+0000] {processor.py:925} INFO - DAG(s) 'logistics_orders_incremental_load' retrieved from /opt/airflow/dags/logistics_incremental_load.py
[2026-08-14T10:17:59.209+0000] {logging_mixin.py:190} INFO - [2026-08-14T10:17:59.209+0000] {dag.py:3239} INFO - Sync 1 DAGs
[2026-08-14T10:17:59.283+0000] {logging_mixin.py:190} INFO - [2026-08-14T10:17:59.283+0000] {dag.py:4180} INFO - Setting next_dagrun for logistics_orders_incremental_load to 2026-08-13 00:00:00+00:00, run_after=2026-08-14 00:00:00+00:00
[2026-08-14T10:17:59.337+0000] {processor.py:208} INFO - Processing /opt/airflow/dags/logistics_incremental_load.py took 1.200 seconds
[2026-08-14T10:18:29.941+0000] {processor.py:186} INFO - Started process (PID=262) to work on /opt/airflow/dags/logistics_incremental_load.py
[2026-08-14T10:18:29.943+0000] {processor.py:914} INFO - Processing file /opt/airflow/dags/logistics_incremental_load.py for tasks to queue
[2026-08-14T10:18:29.946+0000] {logging_mixin.py:190} INFO - [2026-08-14T10:18:29.946+0000] {dagbag.py:588} INFO - Filling up the DagBag from /opt/airflow/dags/logistics_incremental_load.py
[2026-08-14T10:18:30.276+0000] {processor.py:925} INFO - DAG(s) 'logistics_orders_incremental_load' retrieved from /opt/airflow/dags/logistics_incremental_load.py
[2026-08-14T10:18:30.304+0000] {logging_mixin.py:190} INFO - [2026-08-14T10:18:30.304+0000] {dag.py:3239} INFO - Sync 1 DAGs
[2026-08-14T10:18:30.328+0000] {logging_mixin.py:190} INFO - [2026-08-14T10:18:30.327+0000] {dag.py:4180} INFO - Setting next_dagrun for logistics_orders_incremental_load to 2026-08-13 00:00:00+00:00, run_after=2026-08-14 00:00:00+00:00
[2026-08-14T10:18:30.349+0000] {processor.py:208} INFO - Processing /opt/airflow/dags/logistics_incremental_load.py took 0.413 seconds
[2026-08-14T10:19:01.275+0000] {processor.py:186} INFO - Started process (PID=349) to work on /opt/airflow/dags/logistics_incremental_load.py
[2026-08-14T10:19:01.277+0000] {processor.py:914} INFO - Processing file /opt/airflow/dags/logistics_incremental_load.py for tasks to queue
[2026-08-14T10:19:01.279+0000] {logging_mixin.py:190} INFO - [2026-08-14T10:19:01.279+0000] {dagbag.py:588} INFO - Filling up the DagBag from /opt/airflow/dags/logistics_incremental_load.py
[2026-08-14T10:19:01.722+0000] {processor.py:925} INFO - DAG(s) 'logistics_orders_incremental_load' retrieved from /opt/airflow/dags/logistics_incremental_load.py
[2026-08-14T10:19:01.749+0000] {logging_mixin.py:190} INFO - [2026-08-14T10:19:01.749+0000] {dag.py:3239} INFO - Sync 1 DAGs
[2026-08-14T10:19:01.778+0000] {logging_mixin.py:190} INFO - [2026-08-14T10:19:01.778+0000] {dag.py:4180} INFO - Setting next_dagrun for logistics_orders_incremental_load to 2026-08-13 00:00:00+00:00, run_after=2026-08-14 00:00:00+00:00
[2026-08-14T10:19:01.811+0000] {processor.py:208} INFO - Processing /opt/airflow/dags/logistics_incremental_load.py took 0.542 seconds
[2026-08-14T10:19:31.899+0000] {processor.py:186} INFO - Started process (PID=435) to work on /opt/airflow/dags/logistics_incremental_load.py
[2026-08-14T10:19:31.900+0000] {processor.py:914} INFO - Processing file /opt/airflow/dags/logistics_incremental_load.py for tasks to queue
[2026-08-14T10:19:31.902+0000] {logging_mixin.py:190} INFO - [2026-08-14T10:19:31.902+0000] {dagbag.py:588} INFO - Filling up the DagBag from /opt/airflow/dags/logistics_incremental_load.py
[2026-08-14T10:19:32.227+0000] {processor.py:925} INFO - DAG(s) 'logistics_orders_incremental_load' retrieved from /opt/airflow/dags/logistics_incremental_load.py
[2026-08-14T10:19:32.265+0000] {logging_mixin.py:190} INFO - [2026-08-14T10:19:32.265+0000] {dag.py:3239} INFO - Sync 1 DAGs
[2026-08-14T10:19:32.290+0000] {logging_mixin.py:190} INFO - [2026-08-14T10:19:32.290+0000] {dag.py:4180} INFO - Setting next_dagrun for logistics_orders_incremental_load to 2026-08-13 00:00:00+00:00, run_after=2026-08-14 00:00:00+00:00
[2026-08-14T10:19:32.312+0000] {processor.py:208} INFO - Processing /opt/airflow/dags/logistics_incremental_load.py took 0.418 seconds
[2026-08-14T10:20:02.682+0000] {processor.py:186} INFO - Started process (PID=524) to work on /opt/airflow/dags/logistics_incremental_load.py
[2026-08-14T10:20:02.684+0000] {processor.py:914} INFO - Processing file /opt/airflow/dags/logistics_incremental_load.py for tasks to queue
[2026-08-14T10:20:02.687+0000] {logging_mixin.py:190} INFO - [2026-08-14T10:20:02.687+0000] {dagbag.py:588} INFO - Filling up the DagBag from /opt/airflow/dags/logistics_incremental_load.py
[2026-08-14T10:20:03.087+0000] {processor.py:925} INFO - DAG(s) 'logistics_orders_incremental_load' retrieved from /opt/airflow/dags/logistics_incremental_load.py
[2026-08-14T10:20:03.120+0000] {logging_mixin.py:190} INFO - [2026-08-14T10:20:03.120+0000] {dag.py:3239} INFO - Sync 1 DAGs
[2026-08-14T10:20:03.153+0000] {logging_mixin.py:190} INFO - [2026-08-14T10:20:03.153+0000] {dag.py:4180} INFO - Setting next_dagrun for logistics_orders_incremental_load to 2026-08-13 00:00:00+00:00, run_after=2026-08-14 00:00:00+00:00
[2026-08-14T10:20:03.179+0000] {processor.py:208} INFO - Processing /opt/airflow/dags/logistics_incremental_load.py took 0.505 seconds
[2026-08-14T10:20:33.801+0000] {processor.py:186} INFO - Started process (PID=608) to work on /opt/airflow/dags/logistics_incremental_load.py
[2026-08-14T10:20:33.802+0000] {processor.py:914} INFO - Processing file /opt/airflow/dags/logistics_incremental_load.py for tasks to queue
[2026-08-14T10:20:33.805+0000] {logging_mixin.py:190} INFO - [2026-08-14T10:20:33.804+0000] {dagbag.py:588} INFO - Filling up the DagBag from /opt/airflow/dags/logistics_incremental_load.py
[2026-08-14T10:20:34.084+0000] {processor.py:925} INFO - DAG(s) 'logistics_orders_incremental_load' retrieved from /opt/airflow/dags/logistics_incremental_load.py
[2026-08-14T10:20:34.121+0000] {logging_mixin.py:190} INFO - [2026-08-14T10:20:34.121+0000] {dag.py:3239} INFO - Sync 1 DAGs
[2026-08-14T10:20:34.145+0000] {logging_mixin.py:190} INFO - [2026-08-14T10:20:34.145+0000] {dag.py:4180} INFO - Setting next_dagrun for logistics_orders_incremental_load to 2026-08-13 00:00:00+00:00, run_after=2026-08-14 00:00:00+00:00
[2026-08-14T10:20:34.163+0000] {processor.py:208} INFO - Processing /opt/airflow/dags/logistics_incremental_load.py took 0.367 seconds
[2026-08-14T10:21:04.625+0000] {processor.py:186} INFO - Started process (PID=695) to work on /opt/airflow/dags/logistics_incremental_load.py
[2026-08-14T10:21:04.626+0000] {processor.py:914} INFO - Processing file /opt/airflow/dags/logistics_incremental_load.py for tasks to queue
[2026-08-14T10:21:04.628+0000] {logging_mixin.py:190} INFO - [2026-08-14T10:21:04.627+0000] {dagbag.py:588} INFO - Filling up the DagBag from /opt/airflow/dags/logistics_incremental_load.py
[2026-08-14T10:21:04.903+0000] {processor.py:925} INFO - DAG(s) 'logistics_orders_incremental_load' retrieved from /opt/airflow/dags/logistics_incremental_load.py
[2026-08-14T10:21:04.928+0000] {logging_mixin.py:190} INFO - [2026-08-14T10:21:04.928+0000] {dag.py:3239} INFO - Sync 1 DAGs
[2026-08-14T10:21:04.952+0000] {logging_mixin.py:190} INFO - [2026-08-14T10:21:04.951+0000] {dag.py:4180} INFO - Setting next_dagrun for logistics_orders_incremental_load to 2026-08-13 00:00:00+00:00, run_after=2026-08-14 00:00:00+00:00
[2026-08-14T10:21:04.976+0000] {processor.py:208} INFO - Processing /opt/airflow/dags/logistics_incremental_load.py took 0.356 seconds
[2026-08-14T10:21:35.426+0000] {processor.py:186} INFO - Started process (PID=781) to work on /opt/airflow/dags/logistics_incremental_load.py
[2026-08-14T10:21:35.427+0000] {processor.py:914} INFO - Processing file /opt/airflow/dags/logistics_incremental_load.py for tasks to queue
[2026-08-14T10:21:35.428+0000] {logging_mixin.py:190} INFO - [2026-08-14T10:21:35.428+0000] {dagbag.py:588} INFO - Filling up the DagBag from /opt/airflow/dags/logistics_incremental_load.py
[2026-08-14T10:21:35.875+0000] {processor.py:925} INFO - DAG(s) 'logistics_orders_incremental_load' retrieved from /opt/airflow/dags/logistics_incremental_load.py
[2026-08-14T10:21:35.910+0000] {logging_mixin.py:190} INFO - [2026-08-14T10:21:35.910+0000] {dag.py:3239} INFO - Sync 1 DAGs
[2026-08-14T10:21:35.947+0000] {logging_mixin.py:190} INFO - [2026-08-14T10:21:35.947+0000] {dag.py:4180} INFO - Setting next_dagrun for logistics_orders_incremental_load to 2026-08-13 00:00:00+00:00, run_after=2026-08-14 00:00:00+00:00
[2026-08-14T10:21:36.174+0000] {processor.py:208} INFO - Processing /opt/airflow/dags/logistics_incremental_load.py took 0.755 seconds
[2026-08-14T10:22:06.607+0000] {processor.py:186} INFO - Started process (PID=865) to work on /opt/airflow/dags/logistics_incremental_load.py
[2026-08-14T10:22:06.608+0000] {processor.py:914} INFO - Processing file /opt/airflow/dags/logistics_incremental_load.py for tasks to queue
[2026-08-14T10:22:06.609+0000] {logging_mixin.py:190} INFO - [2026-08-14T10:22:06.609+0000] {dagbag.py:588} INFO - Filling up the DagBag from /opt/airflow/dags/logistics_incremental_load.py
[2026-08-14T10:22:06.882+0000] {processor.py:925} INFO - DAG(s) 'logistics_orders_incremental_load' retrieved from /opt/airflow/dags/logistics_incremental_load.py
[2026-08-14T10:22:06.907+0000] {logging_mixin.py:190} INFO - [2026-08-14T10:22:06.906+0000] {dag.py:3239} INFO - Sync 1 DAGs
[2026-08-14T10:22:06.930+0000] {logging_mixin.py:190} INFO - [2026-08-14T10:22:06.930+0000] {dag.py:4180} INFO - Setting next_dagrun for logistics_orders_incremental_load to 2026-08-13 00:00:00+00:00, run_after=2026-08-14 00:00:00+00:00
[2026-08-14T10:22:06.950+0000] {processor.py:208} INFO - Processing /opt/airflow/dags/logistics_incremental_load.py took 0.348 seconds
[2026-08-14T10:22:37.173+0000] {processor.py:186} INFO - Started process (PID=953) to work on /opt/airflow/dags/logistics_incremental_load.py
[2026-08-14T10:22:37.175+0000] {processor.py:914} INFO - Processing file /opt/airflow/dags/logistics_incremental_load.py for tasks to queue
[2026-08-14T10:22:37.176+0000] {logging_mixin.py:190} INFO - [2026-08-14T10:22:37.176+0000] {dagbag.py:588} INFO - Filling up the DagBag from /opt/airflow/dags/logistics_incremental_load.py
[2026-08-14T10:22:37.485+0000] {processor.py:925} INFO - DAG(s) 'logistics_orders_incremental_load' retrieved from /opt/airflow/dags/logistics_incremental_load.py
[2026-08-14T10:22:37.506+0000] {logging_mixin.py:190} INFO - [2026-08-14T10:22:37.506+0000] {dag.py:3239} INFO - Sync 1 DAGs
[2026-08-14T10:22:37.663+0000] {logging_mixin.py:190} INFO - [2026-08-14T10:22:37.663+0000] {dag.py:4180} INFO - Setting next_dagrun for logistics_orders_incremental_load to 2026-08-13 00:00:00+00:00, run_after=2026-08-14 00:00:00+00:00
[2026-08-14T10:22:37.687+0000] {processor.py:208} INFO - Processing /opt/airflow/dags/logistics_incremental_load.py took 0.518 seconds
[2026-08-14T10:23:08.268+0000] {processor.py:186} INFO - Started process (PID=1038) to work on /opt/airflow/dags/logistics_incremental_load.py
[2026-08-14T10:23:08.269+0000] {processor.py:914} INFO - Processing file /opt/airflow/dags/logistics_incremental_load.py for tasks to queue
[2026-08-14T10:23:08.270+0000] {logging_mixin.py:190} INFO - [2026-08-14T10:23:08.270+0000] {dagbag.py:588} INFO - Filling up the DagBag from /opt/airflow/dags/logistics_incremental_load.py
[2026-08-14T10:23:08.535+0000] {processor.py:925} INFO - DAG(s) 'logistics_orders_incremental_load' retrieved from /opt/airflow/dags/logistics_incremental_load.py
[2026-08-14T10:23:08.556+0000] {logging_mixin.py:190} INFO - [2026-08-14T10:23:08.556+0000] {dag.py:3239} INFO - Sync 1 DAGs
[2026-08-14T10:23:08.725+0000] {logging_mixin.py:190} INFO - [2026-08-14T10:23:08.724+0000] {dag.py:4180} INFO - Setting next_dagrun for logistics_orders_incremental_load to 2026-08-13 00:00:00+00:00, run_after=2026-08-14 00:00:00+00:00
[2026-08-14T10:23:08.742+0000] {processor.py:208} INFO - Processing /opt/airflow/dags/logistics_incremental_load.py took 0.479 seconds
[2026-08-14T10:23:39.182+0000] {processor.py:186} INFO - Started process (PID=1122) to work on /opt/airflow/dags/logistics_incremental_load.py
[2026-08-14T10:23:39.183+0000] {processor.py:914} INFO - Processing file /opt/airflow/dags/logistics_incremental_load.py for tasks to queue
[2026-08-14T10:23:39.184+0000] {logging_mixin.py:190} INFO - [2026-08-14T10:23:39.184+0000] {dagbag.py:588} INFO - Filling up the DagBag from /opt/airflow/dags/logistics_incremental_load.py
[2026-08-14T10:23:39.456+0000] {processor.py:925} INFO - DAG(s) 'logistics_orders_incremental_load' retrieved from /opt/airflow/dags/logistics_incremental_load.py
[2026-08-14T10:23:39.482+0000] {logging_mixin.py:190} INFO - [2026-08-14T10:23:39.482+0000] {dag.py:3239} INFO - Sync 1 DAGs
[2026-08-14T10:23:39.502+0000] {logging_mixin.py:190} INFO - [2026-08-14T10:23:39.502+0000] {dag.py:4180} INFO - Setting next_dagrun for logistics_orders_incremental_load to 2026-08-13 00:00:00+00:00, run_after=2026-08-14 00:00:00+00:00
[2026-08-14T10:23:39.647+0000] {processor.py:208} INFO - Processing /opt/airflow/dags/logistics_incremental_load.py took 0.470 seconds
[2026-08-14T10:24:09.774+0000] {processor.py:186} INFO - Started process (PID=1220) to work on /opt/airflow/dags/logistics_incremental_load.py
[2026-08-14T10:24:09.775+0000] {processor.py:914} INFO - Processing file /opt/airflow/dags/logistics_incremental_load.py for tasks to queue
[2026-08-14T10:24:09.777+0000] {logging_mixin.py:190} INFO - [2026-08-14T10:24:09.777+0000] {dagbag.py:588} INFO - Filling up the DagBag from /opt/airflow/dags/logistics_incremental_load.py
[2026-08-14T10:24:10.150+0000] {processor.py:925} INFO - DAG(s) 'logistics_orders_incremental_load' retrieved from /opt/airflow/dags/logistics_incremental_load.py
[2026-08-14T10:24:10.175+0000] {logging_mixin.py:190} INFO - [2026-08-14T10:24:10.175+0000] {dag.py:3239} INFO - Sync 1 DAGs
[2026-08-14T10:24:10.193+0000] {logging_mixin.py:190} INFO - [2026-08-14T10:24:10.193+0000] {dag.py:4180} INFO - Setting next_dagrun for logistics_orders_incremental_load to 2026-08-13 00:00:00+00:00, run_after=2026-08-14 00:00:00+00:00
[2026-08-14T10:24:10.210+0000] {processor.py:208} INFO - Processing /opt/airflow/dags/logistics_incremental_load.py took 0.441 seconds
[2026-08-14T10:29:31.383+0000] {processor.py:186} INFO - Started process (PID=168) to work on /opt/airflow/dags/logistics_incremental_load.py
[2026-08-14T10:29:31.385+0000] {processor.py:914} INFO - Processing file /opt/airflow/dags/logistics_incremental_load.py for tasks to queue
[2026-08-14T10:29:31.389+0000] {logging_mixin.py:190} INFO - [2026-08-14T10:29:31.388+0000] {dagbag.py:588} INFO - Filling up the DagBag from /opt/airflow/dags/logistics_incremental_load.py
[2026-08-14T10:29:32.299+0000] {processor.py:925} INFO - DAG(s) 'logistics_orders_incremental_load' retrieved from /opt/airflow/dags/logistics_incremental_load.py
[2026-08-14T10:29:32.353+0000] {logging_mixin.py:190} INFO - [2026-08-14T10:29:32.353+0000] {dag.py:3239} INFO - Sync 1 DAGs
[2026-08-14T10:29:32.402+0000] {logging_mixin.py:190} INFO - [2026-08-14T10:29:32.401+0000] {dag.py:4180} INFO - Setting next_dagrun for logistics_orders_incremental_load to 2026-08-13 00:00:00+00:00, run_after=2026-08-14 00:00:00+00:00
[2026-08-14T10:29:32.439+0000] {processor.py:208} INFO - Processing /opt/airflow/dags/logistics_incremental_load.py took 1.066 seconds
[2026-08-14T10:30:03.015+0000] {processor.py:186} INFO - Started process (PID=263) to work on /opt/airflow/dags/logistics_incremental_load.py
[2026-08-14T10:30:03.016+0000] {processor.py:914} INFO - Processing file /opt/airflow/dags/logistics_incremental_load.py for tasks to queue
[2026-08-14T10:30:03.018+0000] {logging_mixin.py:190} INFO - [2026-08-14T10:30:03.018+0000] {dagbag.py:588} INFO - Filling up the DagBag from /opt/airflow/dags/logistics_incremental_load.py
[2026-08-14T10:30:03.324+0000] {processor.py:925} INFO - DAG(s) 'logistics_orders_incremental_load' retrieved from /opt/airflow/dags/logistics_incremental_load.py
[2026-08-14T10:30:03.352+0000] {logging_mixin.py:190} INFO - [2026-08-14T10:30:03.352+0000] {dag.py:3239} INFO - Sync 1 DAGs
[2026-08-14T10:30:03.382+0000] {logging_mixin.py:190} INFO - [2026-08-14T10:30:03.382+0000] {dag.py:4180} INFO - Setting next_dagrun for logistics_orders_incremental_load to 2026-08-13 00:00:00+00:00, run_after=2026-08-14 00:00:00+00:00
[2026-08-14T10:30:03.410+0000] {processor.py:208} INFO - Processing /opt/airflow/dags/logistics_incremental_load.py took 0.405 seconds
[2026-08-14T10:30:33.683+0000] {processor.py:186} INFO - Started process (PID=347) to work on /opt/airflow/dags/logistics_incremental_load.py
[2026-08-14T10:30:33.685+0000] {processor.py:914} INFO - Processing file /opt/airflow/dags/logistics_incremental_load.py for tasks to queue
[2026-08-14T10:30:33.690+0000] {logging_mixin.py:190} INFO - [2026-08-14T10:30:33.690+0000] {dagbag.py:588} INFO - Filling up the DagBag from /opt/airflow/dags/logistics_incremental_load.py
[2026-08-14T10:30:34.019+0000] {processor.py:925} INFO - DAG(s) 'logistics_orders_incremental_load' retrieved from /opt/airflow/dags/logistics_incremental_load.py
[2026-08-14T10:30:34.049+0000] {logging_mixin.py:190} INFO - [2026-08-14T10:30:34.048+0000] {dag.py:3239} INFO - Sync 1 DAGs
[2026-08-14T10:30:34.072+0000] {logging_mixin.py:190} INFO - [2026-08-14T10:30:34.072+0000] {dag.py:4180} INFO - Setting next_dagrun for logistics_orders_incremental_load to 2026-08-13 00:00:00+00:00, run_after=2026-08-14 00:00:00+00:00
[2026-08-14T10:30:34.097+0000] {processor.py:208} INFO - Processing /opt/airflow/dags/logistics_incremental_load.py took 0.420 seconds
[2026-08-14T10:31:04.348+0000] {processor.py:186} INFO - Started process (PID=434) to work on /opt/airflow/dags/logistics_incremental_load.py
[2026-08-14T10:31:04.349+0000] {processor.py:914} INFO - Processing file /opt/airflow/dags/logistics_incremental_load.py for tasks to queue
[2026-08-14T10:31:04.352+0000] {logging_mixin.py:190} INFO - [2026-08-14T10:31:04.351+0000] {dagbag.py:588} INFO - Filling up the DagBag from /opt/airflow/dags/logistics_incremental_load.py
[2026-08-14T10:31:04.663+0000] {processor.py:925} INFO - DAG(s) 'logistics_orders_incremental_load' retrieved from /opt/airflow/dags/logistics_incremental_load.py
[2026-08-14T10:31:04.692+0000] {logging_mixin.py:190} INFO - [2026-08-14T10:31:04.692+0000] {dag.py:3239} INFO - Sync 1 DAGs
[2026-08-14T10:31:04.719+0000] {logging_mixin.py:190} INFO - [2026-08-14T10:31:04.719+0000] {dag.py:4180} INFO - Setting next_dagrun for logistics_orders_incremental_load to 2026-08-13 00:00:00+00:00, run_after=2026-08-14 00:00:00+00:00
[2026-08-14T10:31:04.748+0000] {processor.py:208} INFO - Processing /opt/airflow/dags/logistics_incremental_load.py took 0.409 seconds
[2026-08-14T10:31:35.752+0000] {processor.py:186} INFO - Started process (PID=520) to work on /opt/airflow/dags/logistics_incremental_load.py
[2026-08-14T10:31:35.753+0000] {processor.py:914} INFO - Processing file /opt/airflow/dags/logistics_incremental_load.py for tasks to queue
[2026-08-14T10:31:35.756+0000] {logging_mixin.py:190} INFO - [2026-08-14T10:31:35.756+0000] {dagbag.py:588} INFO - Filling up the DagBag from /opt/airflow/dags/logistics_incremental_load.py
[2026-08-14T10:31:36.116+0000] {processor.py:925} INFO - DAG(s) 'logistics_orders_incremental_load' retrieved from /opt/airflow/dags/logistics_incremental_load.py
[2026-08-14T10:31:36.148+0000] {logging_mixin.py:190} INFO - [2026-08-14T10:31:36.147+0000] {dag.py:3239} INFO - Sync 1 DAGs
[2026-08-14T10:31:36.172+0000] {logging_mixin.py:190} INFO - [2026-08-14T10:31:36.172+0000] {dag.py:4180} INFO - Setting next_dagrun for logistics_orders_incremental_load to 2026-08-13 00:00:00+00:00, run_after=2026-08-14 00:00:00+00:00
[2026-08-14T10:31:36.197+0000] {processor.py:208} INFO - Processing /opt/airflow/dags/logistics_incremental_load.py took 0.451 seconds
[2026-08-14T10:32:06.441+0000] {processor.py:186} INFO - Started process (PID=598) to work on /opt/airflow/dags/logistics_incremental_load.py
[2026-08-14T10:32:06.442+0000] {processor.py:914} INFO - Processing file /opt/airflow/dags/logistics_incremental_load.py for tasks to queue
[2026-08-14T10:32:06.444+0000] {logging_mixin.py:190} INFO - [2026-08-14T10:32:06.444+0000] {dagbag.py:588} INFO - Filling up the DagBag from /opt/airflow/dags/logistics_incremental_load.py
[2026-08-14T10:32:06.718+0000] {processor.py:925} INFO - DAG(s) 'logistics_orders_incremental_load' retrieved from /opt/airflow/dags/logistics_incremental_load.py
[2026-08-14T10:32:06.744+0000] {logging_mixin.py:190} INFO - [2026-08-14T10:32:06.743+0000] {dag.py:3239} INFO - Sync 1 DAGs
[2026-08-14T10:32:06.767+0000] {logging_mixin.py:190} INFO - [2026-08-14T10:32:06.767+0000] {dag.py:4180} INFO - Setting next_dagrun for logistics_orders_incremental_load to 2026-08-13 00:00:00+00:00, run_after=2026-08-14 00:00:00+00:00
[2026-08-14T10:32:06.790+0000] {processor.py:208} INFO - Processing /opt/airflow/dags/logistics_incremental_load.py took 0.355 seconds
[2026-08-14T10:32:37.751+0000] {processor.py:186} INFO - Started process (PID=692) to work on /opt/airflow/dags/logistics_incremental_load.py
[2026-08-14T10:32:37.752+0000] {processor.py:914} INFO - Processing file /opt/airflow/dags/logistics_incremental_load.py for tasks to queue
[2026-08-14T10:32:37.754+0000] {logging_mixin.py:190} INFO - [2026-08-14T10:32:37.754+0000] {dagbag.py:588} INFO - Filling up the DagBag from /opt/airflow/dags/logistics_incremental_load.py
[2026-08-14T10:32:38.047+0000] {processor.py:925} INFO - DAG(s) 'logistics_orders_incremental_load' retrieved from /opt/airflow/dags/logistics_incremental_load.py
[2026-08-14T10:32:38.074+0000] {logging_mixin.py:190} INFO - [2026-08-14T10:32:38.074+0000] {dag.py:3239} INFO - Sync 1 DAGs
[2026-08-14T10:32:38.231+0000] {logging_mixin.py:190} INFO - [2026-08-14T10:32:38.231+0000] {dag.py:4180} INFO - Setting next_dagrun for logistics_orders_incremental_load to 2026-08-13 00:00:00+00:00, run_after=2026-08-14 00:00:00+00:00
[2026-08-14T10:32:38.251+0000] {processor.py:208} INFO - Processing /opt/airflow/dags/logistics_incremental_load.py took 0.509 seconds
[2026-08-14T10:33:08.975+0000] {processor.py:186} INFO - Started process (PID=777) to work on /opt/airflow/dags/logistics_incremental_load.py
[2026-08-14T10:33:08.976+0000] {processor.py:914} INFO - Processing file /opt/airflow/dags/logistics_incremental_load.py for tasks to queue
[2026-08-14T10:33:08.979+0000] {logging_mixin.py:190} INFO - [2026-08-14T10:33:08.979+0000] {dagbag.py:588} INFO - Filling up the DagBag from /opt/airflow/dags/logistics_incremental_load.py
[2026-08-14T10:33:09.284+0000] {processor.py:925} INFO - DAG(s) 'logistics_orders_incremental_load' retrieved from /opt/airflow/dags/logistics_incremental_load.py
[2026-08-14T10:33:09.309+0000] {logging_mixin.py:190} INFO - [2026-08-14T10:33:09.309+0000] {dag.py:3239} INFO - Sync 1 DAGs
[2026-08-14T10:33:09.334+0000] {logging_mixin.py:190} INFO - [2026-08-14T10:33:09.334+0000] {dag.py:4180} INFO - Setting next_dagrun for logistics_orders_incremental_load to 2026-08-13 00:00:00+00:00, run_after=2026-08-14 00:00:00+00:00
[2026-08-14T10:33:09.367+0000] {processor.py:208} INFO - Processing /opt/airflow/dags/logistics_incremental_load.py took 0.397 seconds
[2026-08-14T10:33:39.476+0000] {processor.py:186} INFO - Started process (PID=874) to work on /opt/airflow/dags/logistics_incremental_load.py
[2026-08-14T10:33:39.477+0000] {processor.py:914} INFO - Processing file /opt/airflow/dags/logistics_incremental_load.py for tasks to queue
[2026-08-14T10:33:39.479+0000] {logging_mixin.py:190} INFO - [2026-08-14T10:33:39.479+0000] {dagbag.py:588} INFO - Filling up the DagBag from /opt/airflow/dags/logistics_incremental_load.py
[2026-08-14T10:33:39.795+0000] {processor.py:925} INFO - DAG(s) 'logistics_orders_incremental_load' retrieved from /opt/airflow/dags/logistics_incremental_load.py
[2026-08-14T10:33:39.820+0000] {logging_mixin.py:190} INFO - [2026-08-14T10:33:39.820+0000] {dag.py:3239} INFO - Sync 1 DAGs
[2026-08-14T10:33:39.845+0000] {logging_mixin.py:190} INFO - [2026-08-14T10:33:39.845+0000] {dag.py:4180} INFO - Setting next_dagrun for logistics_orders_incremental_load to 2026-08-13 00:00:00+00:00, run_after=2026-08-14 00:00:00+00:00
[2026-08-14T10:33:39.866+0000] {processor.py:208} INFO - Processing /opt/airflow/dags/logistics_incremental_load.py took 0.396 seconds
[2026-08-14T10:34:10.705+0000] {processor.py:186} INFO - Started process (PID=960) to work on /opt/airflow/dags/logistics_incremental_load.py
[2026-08-14T10:34:10.706+0000] {processor.py:914} INFO - Processing file /opt/airflow/dags/logistics_incremental_load.py for tasks to queue
[2026-08-14T10:34:10.709+0000] {logging_mixin.py:190} INFO - [2026-08-14T10:34:10.708+0000] {dagbag.py:588} INFO - Filling up the DagBag from /opt/airflow/dags/logistics_incremental_load.py
[2026-08-14T10:34:11.009+0000] {processor.py:925} INFO - DAG(s) 'logistics_orders_incremental_load' retrieved from /opt/airflow/dags/logistics_incremental_load.py
[2026-08-14T10:34:11.041+0000] {logging_mixin.py:190} INFO - [2026-08-14T10:34:11.041+0000] {dag.py:3239} INFO - Sync 1 DAGs
[2026-08-14T10:34:11.199+0000] {logging_mixin.py:190} INFO - [2026-08-14T10:34:11.199+0000] {dag.py:4180} INFO - Setting next_dagrun for logistics_orders_incremental_load to 2026-08-13 00:00:00+00:00, run_after=2026-08-14 00:00:00+00:00
[2026-08-14T10:34:11.219+0000] {processor.py:208} INFO - Processing /opt/airflow/dags/logistics_incremental_load.py took 0.520 seconds
[2026-08-14T10:34:41.345+0000] {processor.py:186} INFO - Started process (PID=1046) to work on /opt/airflow/dags/logistics_incremental_load.py
[2026-08-14T10:34:41.346+0000] {processor.py:914} INFO - Processing file /opt/airflow/dags/logistics_incremental_load.py for tasks to queue
[2026-08-14T10:34:41.349+0000] {logging_mixin.py:190} INFO - [2026-08-14T10:34:41.349+0000] {dagbag.py:588} INFO - Filling up the DagBag from /opt/airflow/dags/logistics_incremental_load.py
[2026-08-14T10:34:41.872+0000] {processor.py:925} INFO - DAG(s) 'logistics_orders_incremental_load' retrieved from /opt/airflow/dags/logistics_incremental_load.py
[2026-08-14T10:34:41.902+0000] {logging_mixin.py:190} INFO - [2026-08-14T10:34:41.902+0000] {dag.py:3239} INFO - Sync 1 DAGs
[2026-08-14T10:34:41.936+0000] {logging_mixin.py:190} INFO - [2026-08-14T10:34:41.936+0000] {dag.py:4180} INFO - Setting next_dagrun for logistics_orders_incremental_load to 2026-08-13 00:00:00+00:00, run_after=2026-08-14 00:00:00+00:00
[2026-08-14T10:34:41.969+0000] {processor.py:208} INFO - Processing /opt/airflow/dags/logistics_incremental_load.py took 0.630 seconds
[2026-08-14T10:35:12.188+0000] {processor.py:186} INFO - Started process (PID=1161) to work on /opt/airflow/dags/logistics_incremental_load.py
[2026-08-14T10:35:12.190+0000] {processor.py:914} INFO - Processing file /opt/airflow/dags/logistics_incremental_load.py for tasks to queue
[2026-08-14T10:35:12.194+0000] {logging_mixin.py:190} INFO - [2026-08-14T10:35:12.194+0000] {dagbag.py:588} INFO - Filling up the DagBag from /opt/airflow/dags/logistics_incremental_load.py
[2026-08-14T10:35:12.795+0000] {processor.py:925} INFO - DAG(s) 'logistics_orders_incremental_load' retrieved from /opt/airflow/dags/logistics_incremental_load.py
[2026-08-14T10:35:12.837+0000] {logging_mixin.py:190} INFO - [2026-08-14T10:35:12.837+0000] {dag.py:3239} INFO - Sync 1 DAGs
[2026-08-14T10:35:12.883+0000] {logging_mixin.py:190} INFO - [2026-08-14T10:35:12.882+0000] {dag.py:4180} INFO - Setting next_dagrun for logistics_orders_incremental_load to 2026-08-13 00:00:00+00:00, run_after=2026-08-14 00:00:00+00:00
[2026-08-14T10:35:12.919+0000] {processor.py:208} INFO - Processing /opt/airflow/dags/logistics_incremental_load.py took 0.740 seconds
[2026-08-14T10:35:43.988+0000] {processor.py:186} INFO - Started process (PID=1270) to work on /opt/airflow/dags/logistics_incremental_load.py
[2026-08-14T10:35:43.989+0000] {processor.py:914} INFO - Processing file /opt/airflow/dags/logistics_incremental_load.py for tasks to queue
[2026-08-14T10:35:43.991+0000] {logging_mixin.py:190} INFO - [2026-08-14T10:35:43.991+0000] {dagbag.py:588} INFO - Filling up the DagBag from /opt/airflow/dags/logistics_incremental_load.py
[2026-08-14T10:35:44.401+0000] {processor.py:925} INFO - DAG(s) 'logistics_orders_incremental_load' retrieved from /opt/airflow/dags/logistics_incremental_load.py
[2026-08-14T10:35:44.424+0000] {logging_mixin.py:190} INFO - [2026-08-14T10:35:44.424+0000] {dag.py:3239} INFO - Sync 1 DAGs
[2026-08-14T10:35:44.445+0000] {logging_mixin.py:190} INFO - [2026-08-14T10:35:44.445+0000] {dag.py:4180} INFO - Setting next_dagrun for logistics_orders_incremental_load to 2026-08-13 00:00:00+00:00, run_after=2026-08-14 00:00:00+00:00
[2026-08-14T10:35:44.464+0000] {processor.py:208} INFO - Processing /opt/airflow/dags/logistics_incremental_load.py took 0.481 seconds
[2026-08-14T10:36:14.717+0000] {processor.py:186} INFO - Started process (PID=1356) to work on /opt/airflow/dags/logistics_incremental_load.py
[2026-08-14T10:36:14.718+0000] {processor.py:914} INFO - Processing file /opt/airflow/dags/logistics_incremental_load.py for tasks to queue
[2026-08-14T10:36:14.721+0000] {logging_mixin.py:190} INFO - [2026-08-14T10:36:14.721+0000] {dagbag.py:588} INFO - Filling up the DagBag from /opt/airflow/dags/logistics_incremental_load.py
[2026-08-14T10:36:15.128+0000] {processor.py:925} INFO - DAG(s) 'logistics_orders_incremental_load' retrieved from /opt/airflow/dags/logistics_incremental_load.py
[2026-08-14T10:36:15.149+0000] {logging_mixin.py:190} INFO - [2026-08-14T10:36:15.149+0000] {dag.py:3239} INFO - Sync 1 DAGs
[2026-08-14T10:36:15.169+0000] {logging_mixin.py:190} INFO - [2026-08-14T10:36:15.169+0000] {dag.py:4180} INFO - Setting next_dagrun for logistics_orders_incremental_load to 2026-08-13 00:00:00+00:00, run_after=2026-08-14 00:00:00+00:00
[2026-08-14T10:36:15.194+0000] {processor.py:208} INFO - Processing /opt/airflow/dags/logistics_incremental_load.py took 0.482 seconds
[2026-08-14T10:36:45.431+0000] {processor.py:186} INFO - Started process (PID=1445) to work on /opt/airflow/dags/logistics_incremental_load.py
[2026-08-14T10:36:45.432+0000] {processor.py:914} INFO - Processing file /opt/airflow/dags/logistics_incremental_load.py for tasks to queue
[2026-08-14T10:36:45.435+0000] {logging_mixin.py:190} INFO - [2026-08-14T10:36:45.435+0000] {dagbag.py:588} INFO - Filling up the DagBag from /opt/airflow/dags/logistics_incremental_load.py
[2026-08-14T10:36:45.864+0000] {processor.py:925} INFO - DAG(s) 'logistics_orders_incremental_load' retrieved from /opt/airflow/dags/logistics_incremental_load.py
[2026-08-14T10:36:45.889+0000] {logging_mixin.py:190} INFO - [2026-08-14T10:36:45.888+0000] {dag.py:3239} INFO - Sync 1 DAGs
[2026-08-14T10:36:45.910+0000] {logging_mixin.py:190} INFO - [2026-08-14T10:36:45.910+0000] {dag.py:4180} INFO - Setting next_dagrun for logistics_orders_incremental_load to 2026-08-13 00:00:00+00:00, run_after=2026-08-14 00:00:00+00:00
[2026-08-14T10:36:45.931+0000] {processor.py:208} INFO - Processing /opt/airflow/dags/logistics_incremental_load.py took 0.505 seconds
[2026-08-14T10:54:54.744+0000] {processor.py:186} INFO - Started process (PID=169) to work on /opt/airflow/dags/logistics_incremental_load.py
[2026-08-14T10:54:54.746+0000] {processor.py:914} INFO - Processing file /opt/airflow/dags/logistics_incremental_load.py for tasks to queue
[2026-08-14T10:54:54.750+0000] {logging_mixin.py:190} INFO - [2026-08-14T10:54:54.749+0000] {dagbag.py:588} INFO - Filling up the DagBag from /opt/airflow/dags/logistics_incremental_load.py
[2026-08-14T10:54:55.714+0000] {processor.py:925} INFO - DAG(s) 'logistics_orders_incremental_load' retrieved from /opt/airflow/dags/logistics_incremental_load.py
[2026-08-14T10:54:55.800+0000] {logging_mixin.py:190} INFO - [2026-08-14T10:54:55.799+0000] {dag.py:3239} INFO - Sync 1 DAGs
[2026-08-14T10:54:55.858+0000] {logging_mixin.py:190} INFO - [2026-08-14T10:54:55.858+0000] {dag.py:4180} INFO - Setting next_dagrun for logistics_orders_incremental_load to 2026-08-13 00:00:00+00:00, run_after=2026-08-14 00:00:00+00:00
[2026-08-14T10:54:55.917+0000] {processor.py:208} INFO - Processing /opt/airflow/dags/logistics_incremental_load.py took 1.179 seconds
[2026-08-14T10:55:27.164+0000] {processor.py:186} INFO - Started process (PID=264) to work on /opt/airflow/dags/logistics_incremental_load.py
[2026-08-14T10:55:27.166+0000] {processor.py:914} INFO - Processing file /opt/airflow/dags/logistics_incremental_load.py for tasks to queue
[2026-08-14T10:55:27.169+0000] {logging_mixin.py:190} INFO - [2026-08-14T10:55:27.169+0000] {dagbag.py:588} INFO - Filling up the DagBag from /opt/airflow/dags/logistics_incremental_load.py
[2026-08-14T10:55:27.604+0000] {processor.py:925} INFO - DAG(s) 'logistics_orders_incremental_load' retrieved from /opt/airflow/dags/logistics_incremental_load.py
[2026-08-14T10:55:27.676+0000] {logging_mixin.py:190} INFO - [2026-08-14T10:55:27.676+0000] {dag.py:3239} INFO - Sync 1 DAGs
[2026-08-14T10:55:27.713+0000] {logging_mixin.py:190} INFO - [2026-08-14T10:55:27.712+0000] {dag.py:4180} INFO - Setting next_dagrun for logistics_orders_incremental_load to 2026-08-13 00:00:00+00:00, run_after=2026-08-14 00:00:00+00:00
[2026-08-14T10:55:27.743+0000] {processor.py:208} INFO - Processing /opt/airflow/dags/logistics_incremental_load.py took 0.585 seconds
[2026-08-14T10:55:58.065+0000] {processor.py:186} INFO - Started process (PID=348) to work on /opt/airflow/dags/logistics_incremental_load.py
[2026-08-14T10:55:58.067+0000] {processor.py:914} INFO - Processing file /opt/airflow/dags/logistics_incremental_load.py for tasks to queue
[2026-08-14T10:55:58.069+0000] {logging_mixin.py:190} INFO - [2026-08-14T10:55:58.069+0000] {dagbag.py:588} INFO - Filling up the DagBag from /opt/airflow/dags/logistics_incremental_load.py
[2026-08-14T10:55:58.470+0000] {processor.py:925} INFO - DAG(s) 'logistics_orders_incremental_load' retrieved from /opt/airflow/dags/logistics_incremental_load.py
[2026-08-14T10:55:58.551+0000] {logging_mixin.py:190} INFO - [2026-08-14T10:55:58.551+0000] {dag.py:3239} INFO - Sync 1 DAGs
[2026-08-14T10:55:58.584+0000] {logging_mixin.py:190} INFO - [2026-08-14T10:55:58.584+0000] {dag.py:4180} INFO - Setting next_dagrun for logistics_orders_incremental_load to 2026-08-13 00:00:00+00:00, run_after=2026-08-14 00:00:00+00:00
[2026-08-14T10:55:58.611+0000] {processor.py:208} INFO - Processing /opt/airflow/dags/logistics_incremental_load.py took 0.553 seconds
[2026-08-14T10:56:28.989+0000] {processor.py:186} INFO - Started process (PID=435) to work on /opt/airflow/dags/logistics_incremental_load.py
[2026-08-14T10:56:28.990+0000] {processor.py:914} INFO - Processing file /opt/airflow/dags/logistics_incremental_load.py for tasks to queue
[2026-08-14T10:56:28.992+0000] {logging_mixin.py:190} INFO - [2026-08-14T10:56:28.992+0000] {dagbag.py:588} INFO - Filling up the DagBag from /opt/airflow/dags/logistics_incremental_load.py
[2026-08-14T10:56:29.463+0000] {processor.py:925} INFO - DAG(s) 'logistics_orders_incremental_load' retrieved from /opt/airflow/dags/logistics_incremental_load.py
[2026-08-14T10:56:29.540+0000] {logging_mixin.py:190} INFO - [2026-08-14T10:56:29.539+0000] {dag.py:3239} INFO - Sync 1 DAGs
[2026-08-14T10:56:29.643+0000] {logging_mixin.py:190} INFO - [2026-08-14T10:56:29.642+0000] {dag.py:4180} INFO - Setting next_dagrun for logistics_orders_incremental_load to 2026-08-13 00:00:00+00:00, run_after=2026-08-14 00:00:00+00:00
[2026-08-14T10:56:29.687+0000] {processor.py:208} INFO - Processing /opt/airflow/dags/logistics_incremental_load.py took 0.703 seconds
[2026-08-14T10:57:00.105+0000] {processor.py:186} INFO - Started process (PID=521) to work on /opt/airflow/dags/logistics_incremental_load.py
[2026-08-14T10:57:00.111+0000] {processor.py:914} INFO - Processing file /opt/airflow/dags/logistics_incremental_load.py for tasks to queue
[2026-08-14T10:57:00.113+0000] {logging_mixin.py:190} INFO - [2026-08-14T10:57:00.113+0000] {dagbag.py:588} INFO - Filling up the DagBag from /opt/airflow/dags/logistics_incremental_load.py
[2026-08-14T10:57:00.575+0000] {processor.py:925} INFO - DAG(s) 'logistics_orders_incremental_load' retrieved from /opt/airflow/dags/logistics_incremental_load.py
[2026-08-14T10:57:00.613+0000] {logging_mixin.py:190} INFO - [2026-08-14T10:57:00.613+0000] {dag.py:3239} INFO - Sync 1 DAGs
[2026-08-14T10:57:00.650+0000] {logging_mixin.py:190} INFO - [2026-08-14T10:57:00.650+0000] {dag.py:4180} INFO - Setting next_dagrun for logistics_orders_incremental_load to 2026-08-13 00:00:00+00:00, run_after=2026-08-14 00:00:00+00:00
[2026-08-14T10:57:00.685+0000] {processor.py:208} INFO - Processing /opt/airflow/dags/logistics_incremental_load.py took 0.588 seconds
[2026-08-14T10:57:31.266+0000] {processor.py:186} INFO - Started process (PID=605) to work on /opt/airflow/dags/logistics_incremental_load.py
[2026-08-14T10:57:31.267+0000] {processor.py:914} INFO - Processing file /opt/airflow/dags/logistics_incremental_load.py for tasks to queue
[2026-08-14T10:57:31.271+0000] {logging_mixin.py:190} INFO - [2026-08-14T10:57:31.270+0000] {dagbag.py:588} INFO - Filling up the DagBag from /opt/airflow/dags/logistics_incremental_load.py
[2026-08-14T10:57:31.746+0000] {processor.py:925} INFO - DAG(s) 'logistics_orders_incremental_load' retrieved from /opt/airflow/dags/logistics_incremental_load.py
[2026-08-14T10:57:31.792+0000] {logging_mixin.py:190} INFO - [2026-08-14T10:57:31.791+0000] {dag.py:3239} INFO - Sync 1 DAGs
[2026-08-14T10:57:31.840+0000] {logging_mixin.py:190} INFO - [2026-08-14T10:57:31.839+0000] {dag.py:4180} INFO - Setting next_dagrun for logistics_orders_incremental_load to 2026-08-13 00:00:00+00:00, run_after=2026-08-14 00:00:00+00:00
[2026-08-14T10:57:31.877+0000] {processor.py:208} INFO - Processing /opt/airflow/dags/logistics_incremental_load.py took 0.618 seconds
[2026-08-14T10:58:02.130+0000] {processor.py:186} INFO - Started process (PID=703) to work on /opt/airflow/dags/logistics_incremental_load.py
[2026-08-14T10:58:02.131+0000] {processor.py:914} INFO - Processing file /opt/airflow/dags/logistics_incremental_load.py for tasks to queue
[2026-08-14T10:58:02.132+0000] {logging_mixin.py:190} INFO - [2026-08-14T10:58:02.132+0000] {dagbag.py:588} INFO - Filling up the DagBag from /opt/airflow/dags/logistics_incremental_load.py
[2026-08-14T10:58:02.398+0000] {processor.py:925} INFO - DAG(s) 'logistics_orders_incremental_load' retrieved from /opt/airflow/dags/logistics_incremental_load.py
[2026-08-14T10:58:02.420+0000] {logging_mixin.py:190} INFO - [2026-08-14T10:58:02.420+0000] {dag.py:3239} INFO - Sync 1 DAGs
[2026-08-14T10:58:02.443+0000] {logging_mixin.py:190} INFO - [2026-08-14T10:58:02.443+0000] {dag.py:4180} INFO - Setting next_dagrun for logistics_orders_incremental_load to 2026-08-13 00:00:00+00:00, run_after=2026-08-14 00:00:00+00:00
[2026-08-14T10:58:02.460+0000] {processor.py:208} INFO - Processing /opt/airflow/dags/logistics_incremental_load.py took 0.335 seconds
[2026-08-14T10:58:32.690+0000] {processor.py:186} INFO - Started process (PID=790) to work on /opt/airflow/dags/logistics_incremental_load.py
[2026-08-14T10:58:32.692+0000] {processor.py:914} INFO - Processing file /opt/airflow/dags/logistics_incremental_load.py for tasks to queue
[2026-08-14T10:58:32.695+0000] {logging_mixin.py:190} INFO - [2026-08-14T10:58:32.694+0000] {dagbag.py:588} INFO - Filling up the DagBag from /opt/airflow/dags/logistics_incremental_load.py
[2026-08-14T10:58:33.125+0000] {processor.py:925} INFO - DAG(s) 'logistics_orders_incremental_load' retrieved from /opt/airflow/dags/logistics_incremental_load.py
[2026-08-14T10:58:33.174+0000] {logging_mixin.py:190} INFO - [2026-08-14T10:58:33.174+0000] {dag.py:3239} INFO - Sync 1 DAGs
[2026-08-14T10:58:33.214+0000] {logging_mixin.py:190} INFO - [2026-08-14T10:58:33.214+0000] {dag.py:4180} INFO - Setting next_dagrun for logistics_orders_incremental_load to 2026-08-13 00:00:00+00:00, run_after=2026-08-14 00:00:00+00:00
[2026-08-14T10:58:33.418+0000] {processor.py:208} INFO - Processing /opt/airflow/dags/logistics_incremental_load.py took 0.738 seconds
[2026-08-14T10:59:03.541+0000] {processor.py:186} INFO - Started process (PID=880) to work on /opt/airflow/dags/logistics_incremental_load.py
[2026-08-14T10:59:03.542+0000] {processor.py:914} INFO - Processing file /opt/airflow/dags/logistics_incremental_load.py for tasks to queue
[2026-08-14T10:59:03.543+0000] {logging_mixin.py:190} INFO - [2026-08-14T10:59:03.543+0000] {dagbag.py:588} INFO - Filling up the DagBag from /opt/airflow/dags/logistics_incremental_load.py
[2026-08-14T10:59:03.839+0000] {processor.py:925} INFO - DAG(s) 'logistics_orders_incremental_load' retrieved from /opt/airflow/dags/logistics_incremental_load.py
[2026-08-14T10:59:04.008+0000] {logging_mixin.py:190} INFO - [2026-08-14T10:59:04.007+0000] {dag.py:3239} INFO - Sync 1 DAGs
[2026-08-14T10:59:04.027+0000] {logging_mixin.py:190} INFO - [2026-08-14T10:59:04.027+0000] {dag.py:4180} INFO - Setting next_dagrun for logistics_orders_incremental_load to 2026-08-13 00:00:00+00:00, run_after=2026-08-14 00:00:00+00:00
[2026-08-14T10:59:04.049+0000] {processor.py:208} INFO - Processing /opt/airflow/dags/logistics_incremental_load.py took 0.515 seconds
[2026-08-14T10:59:34.162+0000] {processor.py:186} INFO - Started process (PID=978) to work on /opt/airflow/dags/logistics_incremental_load.py
[2026-08-14T10:59:34.164+0000] {processor.py:914} INFO - Processing file /opt/airflow/dags/logistics_incremental_load.py for tasks to queue
[2026-08-14T10:59:34.166+0000] {logging_mixin.py:190} INFO - [2026-08-14T10:59:34.166+0000] {dagbag.py:588} INFO - Filling up the DagBag from /opt/airflow/dags/logistics_incremental_load.py
[2026-08-14T10:59:34.474+0000] {processor.py:925} INFO - DAG(s) 'logistics_orders_incremental_load' retrieved from /opt/airflow/dags/logistics_incremental_load.py
[2026-08-14T10:59:34.501+0000] {logging_mixin.py:190} INFO - [2026-08-14T10:59:34.500+0000] {dag.py:3239} INFO - Sync 1 DAGs
[2026-08-14T10:59:34.647+0000] {logging_mixin.py:190} INFO - [2026-08-14T10:59:34.647+0000] {dag.py:4180} INFO - Setting next_dagrun for logistics_orders_incremental_load to 2026-08-13 00:00:00+00:00, run_after=2026-08-14 00:00:00+00:00
[2026-08-14T10:59:34.671+0000] {processor.py:208} INFO - Processing /opt/airflow/dags/logistics_incremental_load.py took 0.513 seconds
[2026-08-14T11:00:05.328+0000] {processor.py:186} INFO - Started process (PID=1064) to work on /opt/airflow/dags/logistics_incremental_load.py
[2026-08-14T11:00:05.329+0000] {processor.py:914} INFO - Processing file /opt/airflow/dags/logistics_incremental_load.py for tasks to queue
[2026-08-14T11:00:05.331+0000] {logging_mixin.py:190} INFO - [2026-08-14T11:00:05.330+0000] {dagbag.py:588} INFO - Filling up the DagBag from /opt/airflow/dags/logistics_incremental_load.py
[2026-08-14T11:00:05.726+0000] {processor.py:925} INFO - DAG(s) 'logistics_orders_incremental_load' retrieved from /opt/airflow/dags/logistics_incremental_load.py
[2026-08-14T11:00:05.746+0000] {logging_mixin.py:190} INFO - [2026-08-14T11:00:05.746+0000] {dag.py:3239} INFO - Sync 1 DAGs
[2026-08-14T11:00:05.768+0000] {logging_mixin.py:190} INFO - [2026-08-14T11:00:05.768+0000] {dag.py:4180} INFO - Setting next_dagrun for logistics_orders_incremental_load to 2026-08-13 00:00:00+00:00, run_after=2026-08-14 00:00:00+00:00
[2026-08-14T11:00:05.791+0000] {processor.py:208} INFO - Processing /opt/airflow/dags/logistics_incremental_load.py took 0.467 seconds
[2026-08-14T11:00:36.448+0000] {processor.py:186} INFO - Started process (PID=1157) to work on /opt/airflow/dags/logistics_incremental_load.py
[2026-08-14T11:00:36.450+0000] {processor.py:914} INFO - Processing file /opt/airflow/dags/logistics_incremental_load.py for tasks to queue
[2026-08-14T11:00:36.451+0000] {logging_mixin.py:190} INFO - [2026-08-14T11:00:36.451+0000] {dagbag.py:588} INFO - Filling up the DagBag from /opt/airflow/dags/logistics_incremental_load.py
[2026-08-14T11:00:36.903+0000] {processor.py:925} INFO - DAG(s) 'logistics_orders_incremental_load' retrieved from /opt/airflow/dags/logistics_incremental_load.py
[2026-08-14T11:00:36.924+0000] {logging_mixin.py:190} INFO - [2026-08-14T11:00:36.923+0000] {dag.py:3239} INFO - Sync 1 DAGs
[2026-08-14T11:00:36.944+0000] {logging_mixin.py:190} INFO - [2026-08-14T11:00:36.944+0000] {dag.py:4180} INFO - Setting next_dagrun for logistics_orders_incremental_load to 2026-08-13 00:00:00+00:00, run_after=2026-08-14 00:00:00+00:00
[2026-08-14T11:00:36.966+0000] {processor.py:208} INFO - Processing /opt/airflow/dags/logistics_incremental_load.py took 0.524 seconds
[2026-08-14T11:01:07.181+0000] {processor.py:186} INFO - Started process (PID=1243) to work on /opt/airflow/dags/logistics_incremental_load.py
[2026-08-14T11:01:07.182+0000] {processor.py:914} INFO - Processing file /opt/airflow/dags/logistics_incremental_load.py for tasks to queue
[2026-08-14T11:01:07.185+0000] {logging_mixin.py:190} INFO - [2026-08-14T11:01:07.185+0000] {dagbag.py:588} INFO - Filling up the DagBag from /opt/airflow/dags/logistics_incremental_load.py
[2026-08-14T11:01:07.650+0000] {processor.py:925} INFO - DAG(s) 'logistics_orders_incremental_load' retrieved from /opt/airflow/dags/logistics_incremental_load.py
[2026-08-14T11:01:07.675+0000] {logging_mixin.py:190} INFO - [2026-08-14T11:01:07.675+0000] {dag.py:3239} INFO - Sync 1 DAGs
[2026-08-14T11:01:07.695+0000] {logging_mixin.py:190} INFO - [2026-08-14T11:01:07.695+0000] {dag.py:4180} INFO - Setting next_dagrun for logistics_orders_incremental_load to 2026-08-13 00:00:00+00:00, run_after=2026-08-14 00:00:00+00:00
[2026-08-14T11:01:07.719+0000] {processor.py:208} INFO - Processing /opt/airflow/dags/logistics_incremental_load.py took 0.543 seconds
[2026-08-14T11:01:37.840+0000] {processor.py:186} INFO - Started process (PID=1326) to work on /opt/airflow/dags/logistics_incremental_load.py
[2026-08-14T11:01:37.841+0000] {processor.py:914} INFO - Processing file /opt/airflow/dags/logistics_incremental_load.py for tasks to queue
[2026-08-14T11:01:37.842+0000] {logging_mixin.py:190} INFO - [2026-08-14T11:01:37.842+0000] {dagbag.py:588} INFO - Filling up the DagBag from /opt/airflow/dags/logistics_incremental_load.py
[2026-08-14T11:01:38.241+0000] {processor.py:925} INFO - DAG(s) 'logistics_orders_incremental_load' retrieved from /opt/airflow/dags/logistics_incremental_load.py
[2026-08-14T11:01:38.263+0000] {logging_mixin.py:190} INFO - [2026-08-14T11:01:38.263+0000] {dag.py:3239} INFO - Sync 1 DAGs
[2026-08-14T11:01:38.288+0000] {logging_mixin.py:190} INFO - [2026-08-14T11:01:38.288+0000] {dag.py:4180} INFO - Setting next_dagrun for logistics_orders_incremental_load to 2026-08-13 00:00:00+00:00, run_after=2026-08-14 00:00:00+00:00
[2026-08-14T11:01:38.317+0000] {processor.py:208} INFO - Processing /opt/airflow/dags/logistics_incremental_load.py took 0.483 seconds
[2026-08-14T11:03:52.583+0000] {processor.py:186} INFO - Started process (PID=171) to work on /opt/airflow/dags/logistics_incremental_load.py
[2026-08-14T11:03:52.584+0000] {processor.py:914} INFO - Processing file /opt/airflow/dags/logistics_incremental_load.py for tasks to queue
[2026-08-14T11:03:52.591+0000] {logging_mixin.py:190} INFO - [2026-08-14T11:03:52.591+0000] {dagbag.py:588} INFO - Filling up the DagBag from /opt/airflow/dags/logistics_incremental_load.py
[2026-08-14T11:03:54.336+0000] {processor.py:925} INFO - DAG(s) 'logistics_orders_incremental_load' retrieved from /opt/airflow/dags/logistics_incremental_load.py
[2026-08-14T11:03:54.412+0000] {logging_mixin.py:190} INFO - [2026-08-14T11:03:54.412+0000] {dag.py:3239} INFO - Sync 1 DAGs
[2026-08-14T11:03:54.454+0000] {logging_mixin.py:190} INFO - [2026-08-14T11:03:54.453+0000] {dag.py:4180} INFO - Setting next_dagrun for logistics_orders_incremental_load to 2026-08-13 00:00:00+00:00, run_after=2026-08-14 00:00:00+00:00
[2026-08-14T11:03:54.507+0000] {processor.py:208} INFO - Processing /opt/airflow/dags/logistics_incremental_load.py took 1.939 seconds
[2026-08-14T11:04:25.401+0000] {processor.py:186} INFO - Started process (PID=269) to work on /opt/airflow/dags/logistics_incremental_load.py
[2026-08-14T11:04:25.402+0000] {processor.py:914} INFO - Processing file /opt/airflow/dags/logistics_incremental_load.py for tasks to queue
[2026-08-14T11:04:25.406+0000] {logging_mixin.py:190} INFO - [2026-08-14T11:04:25.405+0000] {dagbag.py:588} INFO - Filling up the DagBag from /opt/airflow/dags/logistics_incremental_load.py
[2026-08-14T11:04:25.880+0000] {processor.py:925} INFO - DAG(s) 'logistics_orders_incremental_load' retrieved from /opt/airflow/dags/logistics_incremental_load.py
[2026-08-14T11:04:25.918+0000] {logging_mixin.py:190} INFO - [2026-08-14T11:04:25.918+0000] {dag.py:3239} INFO - Sync 1 DAGs
[2026-08-14T11:04:25.959+0000] {logging_mixin.py:190} INFO - [2026-08-14T11:04:25.958+0000] {dag.py:4180} INFO - Setting next_dagrun for logistics_orders_incremental_load to 2026-08-13 00:00:00+00:00, run_after=2026-08-14 00:00:00+00:00
[2026-08-14T11:04:26.001+0000] {processor.py:208} INFO - Processing /opt/airflow/dags/logistics_incremental_load.py took 0.605 seconds
[2026-08-14T11:04:56.729+0000] {processor.py:186} INFO - Started process (PID=368) to work on /opt/airflow/dags/logistics_incremental_load.py
[2026-08-14T11:04:56.730+0000] {processor.py:914} INFO - Processing file /opt/airflow/dags/logistics_incremental_load.py for tasks to queue
[2026-08-14T11:04:56.732+0000] {logging_mixin.py:190} INFO - [2026-08-14T11:04:56.732+0000] {dagbag.py:588} INFO - Filling up the DagBag from /opt/airflow/dags/logistics_incremental_load.py
[2026-08-14T11:04:57.248+0000] {processor.py:925} INFO - DAG(s) 'logistics_orders_incremental_load' retrieved from /opt/airflow/dags/logistics_incremental_load.py
[2026-08-14T11:04:57.308+0000] {logging_mixin.py:190} INFO - [2026-08-14T11:04:57.308+0000] {dag.py:3239} INFO - Sync 1 DAGs
[2026-08-14T11:04:57.361+0000] {logging_mixin.py:190} INFO - [2026-08-14T11:04:57.361+0000] {dag.py:4180} INFO - Setting next_dagrun for logistics_orders_incremental_load to 2026-08-13 00:00:00+00:00, run_after=2026-08-14 00:00:00+00:00
[2026-08-14T11:04:57.407+0000] {processor.py:208} INFO - Processing /opt/airflow/dags/logistics_incremental_load.py took 0.684 seconds
[2026-08-14T11:05:27.512+0000] {processor.py:186} INFO - Started process (PID=448) to work on /opt/airflow/dags/logistics_incremental_load.py
[2026-08-14T11:05:27.514+0000] {processor.py:914} INFO - Processing file /opt/airflow/dags/logistics_incremental_load.py for tasks to queue
[2026-08-14T11:05:27.518+0000] {logging_mixin.py:190} INFO - [2026-08-14T11:05:27.518+0000] {dagbag.py:588} INFO - Filling up the DagBag from /opt/airflow/dags/logistics_incremental_load.py
[2026-08-14T11:05:27.886+0000] {processor.py:925} INFO - DAG(s) 'logistics_orders_incremental_load' retrieved from /opt/airflow/dags/logistics_incremental_load.py
[2026-08-14T11:05:27.921+0000] {logging_mixin.py:190} INFO - [2026-08-14T11:05:27.921+0000] {dag.py:3239} INFO - Sync 1 DAGs
[2026-08-14T11:05:27.946+0000] {logging_mixin.py:190} INFO - [2026-08-14T11:05:27.946+0000] {dag.py:4180} INFO - Setting next_dagrun for logistics_orders_incremental_load to 2026-08-13 00:00:00+00:00, run_after=2026-08-14 00:00:00+00:00
[2026-08-14T11:05:27.985+0000] {processor.py:208} INFO - Processing /opt/airflow/dags/logistics_incremental_load.py took 0.479 seconds
[2026-08-14T11:05:58.117+0000] {processor.py:186} INFO - Started process (PID=541) to work on /opt/airflow/dags/logistics_incremental_load.py
[2026-08-14T11:05:58.119+0000] {processor.py:914} INFO - Processing file /opt/airflow/dags/logistics_incremental_load.py for tasks to queue
[2026-08-14T11:05:58.121+0000] {logging_mixin.py:190} INFO - [2026-08-14T11:05:58.121+0000] {dagbag.py:588} INFO - Filling up the DagBag from /opt/airflow/dags/logistics_incremental_load.py
[2026-08-14T11:05:58.404+0000] {processor.py:925} INFO - DAG(s) 'logistics_orders_incremental_load' retrieved from /opt/airflow/dags/logistics_incremental_load.py
[2026-08-14T11:05:58.427+0000] {logging_mixin.py:190} INFO - [2026-08-14T11:05:58.426+0000] {dag.py:3239} INFO - Sync 1 DAGs
[2026-08-14T11:05:58.450+0000] {logging_mixin.py:190} INFO - [2026-08-14T11:05:58.450+0000] {dag.py:4180} INFO - Setting next_dagrun for logistics_orders_incremental_load to 2026-08-13 00:00:00+00:00, run_after=2026-08-14 00:00:00+00:00
[2026-08-14T11:05:58.476+0000] {processor.py:208} INFO - Processing /opt/airflow/dags/logistics_incremental_load.py took 0.364 seconds
[2026-08-14T11:06:29.030+0000] {processor.py:186} INFO - Started process (PID=630) to work on /opt/airflow/dags/logistics_incremental_load.py
[2026-08-14T11:06:29.031+0000] {processor.py:914} INFO - Processing file /opt/airflow/dags/logistics_incremental_load.py for tasks to queue
[2026-08-14T11:06:29.033+0000] {logging_mixin.py:190} INFO - [2026-08-14T11:06:29.033+0000] {dagbag.py:588} INFO - Filling up the DagBag from /opt/airflow/dags/logistics_incremental_load.py
[2026-08-14T11:06:29.310+0000] {processor.py:925} INFO - DAG(s) 'logistics_orders_incremental_load' retrieved from /opt/airflow/dags/logistics_incremental_load.py
[2026-08-14T11:06:29.337+0000] {logging_mixin.py:190} INFO - [2026-08-14T11:06:29.337+0000] {dag.py:3239} INFO - Sync 1 DAGs
[2026-08-14T11:06:29.367+0000] {logging_mixin.py:190} INFO - [2026-08-14T11:06:29.367+0000] {dag.py:4180} INFO - Setting next_dagrun for logistics_orders_incremental_load to 2026-08-13 00:00:00+00:00, run_after=2026-08-14 00:00:00+00:00
[2026-08-14T11:06:29.398+0000] {processor.py:208} INFO - Processing /opt/airflow/dags/logistics_incremental_load.py took 0.374 seconds
[2026-08-14T11:06:59.858+0000] {processor.py:186} INFO - Started process (PID=710) to work on /opt/airflow/dags/logistics_incremental_load.py
[2026-08-14T11:06:59.859+0000] {processor.py:914} INFO - Processing file /opt/airflow/dags/logistics_incremental_load.py for tasks to queue
[2026-08-14T11:06:59.861+0000] {logging_mixin.py:190} INFO - [2026-08-14T11:06:59.861+0000] {dagbag.py:588} INFO - Filling up the DagBag from /opt/airflow/dags/logistics_incremental_load.py
[2026-08-14T11:07:00.136+0000] {processor.py:925} INFO - DAG(s) 'logistics_orders_incremental_load' retrieved from /opt/airflow/dags/logistics_incremental_load.py
[2026-08-14T11:07:00.168+0000] {logging_mixin.py:190} INFO - [2026-08-14T11:07:00.168+0000] {dag.py:3239} INFO - Sync 1 DAGs
[2026-08-14T11:07:00.199+0000] {logging_mixin.py:190} INFO - [2026-08-14T11:07:00.199+0000] {dag.py:4180} INFO - Setting next_dagrun for logistics_orders_incremental_load to 2026-08-13 00:00:00+00:00, run_after=2026-08-14 00:00:00+00:00
[2026-08-14T11:07:00.368+0000] {processor.py:208} INFO - Processing /opt/airflow/dags/logistics_incremental_load.py took 0.515 seconds
[2026-08-14T11:07:30.825+0000] {processor.py:186} INFO - Started process (PID=805) to work on /opt/airflow/dags/logistics_incremental_load.py
[2026-08-14T11:07:30.826+0000] {processor.py:914} INFO - Processing file /opt/airflow/dags/logistics_incremental_load.py for tasks to queue
[2026-08-14T11:07:30.829+0000] {logging_mixin.py:190} INFO - [2026-08-14T11:07:30.828+0000] {dagbag.py:588} INFO - Filling up the DagBag from /opt/airflow/dags/logistics_incremental_load.py
[2026-08-14T11:07:31.170+0000] {processor.py:925} INFO - DAG(s) 'logistics_orders_incremental_load' retrieved from /opt/airflow/dags/logistics_incremental_load.py
[2026-08-14T11:07:31.197+0000] {logging_mixin.py:190} INFO - [2026-08-14T11:07:31.197+0000] {dag.py:3239} INFO - Sync 1 DAGs
[2026-08-14T11:07:31.222+0000] {logging_mixin.py:190} INFO - [2026-08-14T11:07:31.222+0000] {dag.py:4180} INFO - Setting next_dagrun for logistics_orders_incremental_load to 2026-08-13 00:00:00+00:00, run_after=2026-08-14 00:00:00+00:00
[2026-08-14T11:07:31.244+0000] {processor.py:208} INFO - Processing /opt/airflow/dags/logistics_incremental_load.py took 0.424 seconds
[2026-08-14T11:08:01.443+0000] {processor.py:186} INFO - Started process (PID=892) to work on /opt/airflow/dags/logistics_incremental_load.py
[2026-08-14T11:08:01.444+0000] {processor.py:914} INFO - Processing file /opt/airflow/dags/logistics_incremental_load.py for tasks to queue
[2026-08-14T11:08:01.447+0000] {logging_mixin.py:190} INFO - [2026-08-14T11:08:01.447+0000] {dagbag.py:588} INFO - Filling up the DagBag from /opt/airflow/dags/logistics_incremental_load.py
[2026-08-14T11:08:01.717+0000] {processor.py:925} INFO - DAG(s) 'logistics_orders_incremental_load' retrieved from /opt/airflow/dags/logistics_incremental_load.py
[2026-08-14T11:08:01.744+0000] {logging_mixin.py:190} INFO - [2026-08-14T11:08:01.743+0000] {dag.py:3239} INFO - Sync 1 DAGs
[2026-08-14T11:08:01.901+0000] {logging_mixin.py:190} INFO - [2026-08-14T11:08:01.901+0000] {dag.py:4180} INFO - Setting next_dagrun for logistics_orders_incremental_load to 2026-08-13 00:00:00+00:00, run_after=2026-08-14 00:00:00+00:00
[2026-08-14T11:08:01.922+0000] {processor.py:208} INFO - Processing /opt/airflow/dags/logistics_incremental_load.py took 0.485 seconds
[2026-08-14T11:08:32.055+0000] {processor.py:186} INFO - Started process (PID=972) to work on /opt/airflow/dags/logistics_incremental_load.py
[2026-08-14T11:08:32.057+0000] {processor.py:914} INFO - Processing file /opt/airflow/dags/logistics_incremental_load.py for tasks to queue
[2026-08-14T11:08:32.061+0000] {logging_mixin.py:190} INFO - [2026-08-14T11:08:32.060+0000] {dagbag.py:588} INFO - Filling up the DagBag from /opt/airflow/dags/logistics_incremental_load.py
[2026-08-14T11:08:32.322+0000] {processor.py:925} INFO - DAG(s) 'logistics_orders_incremental_load' retrieved from /opt/airflow/dags/logistics_incremental_load.py
[2026-08-14T11:08:32.350+0000] {logging_mixin.py:190} INFO - [2026-08-14T11:08:32.350+0000] {dag.py:3239} INFO - Sync 1 DAGs
[2026-08-14T11:08:32.509+0000] {logging_mixin.py:190} INFO - [2026-08-14T11:08:32.508+0000] {dag.py:4180} INFO - Setting next_dagrun for logistics_orders_incremental_load to 2026-08-13 00:00:00+00:00, run_after=2026-08-14 00:00:00+00:00
[2026-08-14T11:08:32.528+0000] {processor.py:208} INFO - Processing /opt/airflow/dags/logistics_incremental_load.py took 0.479 seconds
[2026-08-14T11:09:02.756+0000] {processor.py:186} INFO - Started process (PID=1061) to work on /opt/airflow/dags/logistics_incremental_load.py
[2026-08-14T11:09:02.757+0000] {processor.py:914} INFO - Processing file /opt/airflow/dags/logistics_incremental_load.py for tasks to queue
[2026-08-14T11:09:02.760+0000] {logging_mixin.py:190} INFO - [2026-08-14T11:09:02.759+0000] {dagbag.py:588} INFO - Filling up the DagBag from /opt/airflow/dags/logistics_incremental_load.py
[2026-08-14T11:09:03.240+0000] {processor.py:925} INFO - DAG(s) 'logistics_orders_incremental_load' retrieved from /opt/airflow/dags/logistics_incremental_load.py
[2026-08-14T11:09:03.262+0000] {logging_mixin.py:190} INFO - [2026-08-14T11:09:03.262+0000] {dag.py:3239} INFO - Sync 1 DAGs
[2026-08-14T11:09:03.284+0000] {logging_mixin.py:190} INFO - [2026-08-14T11:09:03.283+0000] {dag.py:4180} INFO - Setting next_dagrun for logistics_orders_incremental_load to 2026-08-13 00:00:00+00:00, run_after=2026-08-14 00:00:00+00:00
[2026-08-14T11:09:03.305+0000] {processor.py:208} INFO - Processing /opt/airflow/dags/logistics_incremental_load.py took 0.554 seconds
[2026-08-14T11:11:27.020+0000] {processor.py:186} INFO - Started process (PID=167) to work on /opt/airflow/dags/logistics_incremental_load.py
[2026-08-14T11:11:27.022+0000] {processor.py:914} INFO - Processing file /opt/airflow/dags/logistics_incremental_load.py for tasks to queue
[2026-08-14T11:11:27.025+0000] {logging_mixin.py:190} INFO - [2026-08-14T11:11:27.025+0000] {dagbag.py:588} INFO - Filling up the DagBag from /opt/airflow/dags/logistics_incremental_load.py
[2026-08-14T11:11:27.804+0000] {processor.py:925} INFO - DAG(s) 'logistics_orders_incremental_load' retrieved from /opt/airflow/dags/logistics_incremental_load.py
[2026-08-14T11:11:27.883+0000] {logging_mixin.py:190} INFO - [2026-08-14T11:11:27.883+0000] {dag.py:3239} INFO - Sync 1 DAGs
[2026-08-14T11:11:27.925+0000] {logging_mixin.py:190} INFO - [2026-08-14T11:11:27.925+0000] {dag.py:4180} INFO - Setting next_dagrun for logistics_orders_incremental_load to 2026-08-13 00:00:00+00:00, run_after=2026-08-14 00:00:00+00:00
[2026-08-14T11:11:27.965+0000] {processor.py:208} INFO - Processing /opt/airflow/dags/logistics_incremental_load.py took 0.953 seconds
[2026-08-14T11:11:58.306+0000] {processor.py:186} INFO - Started process (PID=256) to work on /opt/airflow/dags/logistics_incremental_load.py
[2026-08-14T11:11:58.308+0000] {processor.py:914} INFO - Processing file /opt/airflow/dags/logistics_incremental_load.py for tasks to queue
[2026-08-14T11:11:58.311+0000] {logging_mixin.py:190} INFO - [2026-08-14T11:11:58.310+0000] {dagbag.py:588} INFO - Filling up the DagBag from /opt/airflow/dags/logistics_incremental_load.py
[2026-08-14T11:11:58.604+0000] {processor.py:925} INFO - DAG(s) 'logistics_orders_incremental_load' retrieved from /opt/airflow/dags/logistics_incremental_load.py
[2026-08-14T11:11:58.635+0000] {logging_mixin.py:190} INFO - [2026-08-14T11:11:58.635+0000] {dag.py:3239} INFO - Sync 1 DAGs
[2026-08-14T11:11:58.662+0000] {logging_mixin.py:190} INFO - [2026-08-14T11:11:58.662+0000] {dag.py:4180} INFO - Setting next_dagrun for logistics_orders_incremental_load to 2026-08-13 00:00:00+00:00, run_after=2026-08-14 00:00:00+00:00
[2026-08-14T11:11:58.686+0000] {processor.py:208} INFO - Processing /opt/airflow/dags/logistics_incremental_load.py took 0.386 seconds
[2026-08-14T11:12:28.766+0000] {processor.py:186} INFO - Started process (PID=357) to work on /opt/airflow/dags/logistics_incremental_load.py
[2026-08-14T11:12:28.767+0000] {processor.py:914} INFO - Processing file /opt/airflow/dags/logistics_incremental_load.py for tasks to queue
[2026-08-14T11:12:28.770+0000] {logging_mixin.py:190} INFO - [2026-08-14T11:12:28.769+0000] {dagbag.py:588} INFO - Filling up the DagBag from /opt/airflow/dags/logistics_incremental_load.py
[2026-08-14T11:12:29.069+0000] {processor.py:925} INFO - DAG(s) 'logistics_orders_incremental_load' retrieved from /opt/airflow/dags/logistics_incremental_load.py
[2026-08-14T11:12:29.096+0000] {logging_mixin.py:190} INFO - [2026-08-14T11:12:29.096+0000] {dag.py:3239} INFO - Sync 1 DAGs
[2026-08-14T11:12:29.119+0000] {logging_mixin.py:190} INFO - [2026-08-14T11:12:29.119+0000] {dag.py:4180} INFO - Setting next_dagrun for logistics_orders_incremental_load to 2026-08-13 00:00:00+00:00, run_after=2026-08-14 00:00:00+00:00
[2026-08-14T11:12:29.139+0000] {processor.py:208} INFO - Processing /opt/airflow/dags/logistics_incremental_load.py took 0.381 seconds
[2026-08-14T11:12:59.625+0000] {processor.py:186} INFO - Started process (PID=456) to work on /opt/airflow/dags/logistics_incremental_load.py
[2026-08-14T11:12:59.626+0000] {processor.py:914} INFO - Processing file /opt/airflow/dags/logistics_incremental_load.py for tasks to queue
[2026-08-14T11:12:59.628+0000] {logging_mixin.py:190} INFO - [2026-08-14T11:12:59.628+0000] {dagbag.py:588} INFO - Filling up the DagBag from /opt/airflow/dags/logistics_incremental_load.py
[2026-08-14T11:12:59.883+0000] {processor.py:925} INFO - DAG(s) 'logistics_orders_incremental_load' retrieved from /opt/airflow/dags/logistics_incremental_load.py
[2026-08-14T11:12:59.905+0000] {logging_mixin.py:190} INFO - [2026-08-14T11:12:59.904+0000] {dag.py:3239} INFO - Sync 1 DAGs
[2026-08-14T11:12:59.925+0000] {logging_mixin.py:190} INFO - [2026-08-14T11:12:59.925+0000] {dag.py:4180} INFO - Setting next_dagrun for logistics_orders_incremental_load to 2026-08-13 00:00:00+00:00, run_after=2026-08-14 00:00:00+00:00
[2026-08-14T11:12:59.943+0000] {processor.py:208} INFO - Processing /opt/airflow/dags/logistics_incremental_load.py took 0.323 seconds
[2026-08-14T11:13:30.115+0000] {processor.py:186} INFO - Started process (PID=542) to work on /opt/airflow/dags/logistics_incremental_load.py
[2026-08-14T11:13:30.116+0000] {processor.py:914} INFO - Processing file /opt/airflow/dags/logistics_incremental_load.py for tasks to queue
[2026-08-14T11:13:30.118+0000] {logging_mixin.py:190} INFO - [2026-08-14T11:13:30.118+0000] {dagbag.py:588} INFO - Filling up the DagBag from /opt/airflow/dags/logistics_incremental_load.py
[2026-08-14T11:13:30.367+0000] {processor.py:925} INFO - DAG(s) 'logistics_orders_incremental_load' retrieved from /opt/airflow/dags/logistics_incremental_load.py
[2026-08-14T11:13:30.391+0000] {logging_mixin.py:190} INFO - [2026-08-14T11:13:30.391+0000] {dag.py:3239} INFO - Sync 1 DAGs
[2026-08-14T11:13:30.414+0000] {logging_mixin.py:190} INFO - [2026-08-14T11:13:30.413+0000] {dag.py:4180} INFO - Setting next_dagrun for logistics_orders_incremental_load to 2026-08-13 00:00:00+00:00, run_after=2026-08-14 00:00:00+00:00
[2026-08-14T11:13:30.439+0000] {processor.py:208} INFO - Processing /opt/airflow/dags/logistics_incremental_load.py took 0.328 seconds
[2026-08-14T14:07:04.764+0000] {processor.py:186} INFO - Started process (PID=180) to work on /opt/airflow/dags/logistics_incremental_load.py
[2026-08-14T14:07:04.767+0000] {processor.py:914} INFO - Processing file /opt/airflow/dags/logistics_incremental_load.py for tasks to queue
[2026-08-14T14:07:04.775+0000] {logging_mixin.py:190} INFO - [2026-08-14T14:07:04.774+0000] {dagbag.py:588} INFO - Filling up the DagBag from /opt/airflow/dags/logistics_incremental_load.py
[2026-08-14T14:07:05.805+0000] {processor.py:925} INFO - DAG(s) 'logistics_orders_incremental_load' retrieved from /opt/airflow/dags/logistics_incremental_load.py
[2026-08-14T14:07:05.884+0000] {logging_mixin.py:190} INFO - [2026-08-14T14:07:05.883+0000] {dag.py:3239} INFO - Sync 1 DAGs
[2026-08-14T14:07:05.960+0000] {logging_mixin.py:190} INFO - [2026-08-14T14:07:05.959+0000] {dag.py:4180} INFO - Setting next_dagrun for logistics_orders_incremental_load to 2026-08-13 00:00:00+00:00, run_after=2026-08-14 00:00:00+00:00
[2026-08-14T14:07:06.017+0000] {processor.py:208} INFO - Processing /opt/airflow/dags/logistics_incremental_load.py took 1.272 seconds
[2026-08-14T14:07:36.497+0000] {processor.py:186} INFO - Started process (PID=279) to work on /opt/airflow/dags/logistics_incremental_load.py
[2026-08-14T14:07:36.500+0000] {processor.py:914} INFO - Processing file /opt/airflow/dags/logistics_incremental_load.py for tasks to queue
[2026-08-14T14:07:36.504+0000] {logging_mixin.py:190} INFO - [2026-08-14T14:07:36.504+0000] {dagbag.py:588} INFO - Filling up the DagBag from /opt/airflow/dags/logistics_incremental_load.py
[2026-08-14T14:07:37.216+0000] {processor.py:925} INFO - DAG(s) 'logistics_orders_incremental_load' retrieved from /opt/airflow/dags/logistics_incremental_load.py
[2026-08-14T14:07:37.260+0000] {logging_mixin.py:190} INFO - [2026-08-14T14:07:37.260+0000] {dag.py:3239} INFO - Sync 1 DAGs
[2026-08-14T14:07:37.301+0000] {logging_mixin.py:190} INFO - [2026-08-14T14:07:37.301+0000] {dag.py:4180} INFO - Setting next_dagrun for logistics_orders_incremental_load to 2026-08-13 00:00:00+00:00, run_after=2026-08-14 00:00:00+00:00
[2026-08-14T14:07:37.337+0000] {processor.py:208} INFO - Processing /opt/airflow/dags/logistics_incremental_load.py took 0.853 seconds
[2026-08-14T14:08:07.585+0000] {processor.py:186} INFO - Started process (PID=369) to work on /opt/airflow/dags/logistics_incremental_load.py
[2026-08-14T14:08:07.586+0000] {processor.py:914} INFO - Processing file /opt/airflow/dags/logistics_incremental_load.py for tasks to queue
[2026-08-14T14:08:07.588+0000] {logging_mixin.py:190} INFO - [2026-08-14T14:08:07.588+0000] {dagbag.py:588} INFO - Filling up the DagBag from /opt/airflow/dags/logistics_incremental_load.py
[2026-08-14T14:08:08.088+0000] {processor.py:925} INFO - DAG(s) 'logistics_orders_incremental_load' retrieved from /opt/airflow/dags/logistics_incremental_load.py
[2026-08-14T14:08:08.125+0000] {logging_mixin.py:190} INFO - [2026-08-14T14:08:08.125+0000] {dag.py:3239} INFO - Sync 1 DAGs
[2026-08-14T14:08:08.160+0000] {logging_mixin.py:190} INFO - [2026-08-14T14:08:08.160+0000] {dag.py:4180} INFO - Setting next_dagrun for logistics_orders_incremental_load to 2026-08-13 00:00:00+00:00, run_after=2026-08-14 00:00:00+00:00
[2026-08-14T14:08:08.193+0000] {processor.py:208} INFO - Processing /opt/airflow/dags/logistics_incremental_load.py took 0.618 seconds
[2026-08-14T14:08:38.374+0000] {processor.py:186} INFO - Started process (PID=463) to work on /opt/airflow/dags/logistics_incremental_load.py
[2026-08-14T14:08:38.378+0000] {processor.py:914} INFO - Processing file /opt/airflow/dags/logistics_incremental_load.py for tasks to queue
[2026-08-14T14:08:38.381+0000] {logging_mixin.py:190} INFO - [2026-08-14T14:08:38.381+0000] {dagbag.py:588} INFO - Filling up the DagBag from /opt/airflow/dags/logistics_incremental_load.py
[2026-08-14T14:08:38.770+0000] {processor.py:925} INFO - DAG(s) 'logistics_orders_incremental_load' retrieved from /opt/airflow/dags/logistics_incremental_load.py
[2026-08-14T14:08:38.799+0000] {logging_mixin.py:190} INFO - [2026-08-14T14:08:38.799+0000] {dag.py:3239} INFO - Sync 1 DAGs
[2026-08-14T14:08:38.826+0000] {logging_mixin.py:190} INFO - [2026-08-14T14:08:38.825+0000] {dag.py:4180} INFO - Setting next_dagrun for logistics_orders_incremental_load to 2026-08-13 00:00:00+00:00, run_after=2026-08-14 00:00:00+00:00
[2026-08-14T14:08:38.858+0000] {processor.py:208} INFO - Processing /opt/airflow/dags/logistics_incremental_load.py took 0.491 seconds
[2026-08-14T14:09:10.335+0000] {processor.py:186} INFO - Started process (PID=557) to work on /opt/airflow/dags/logistics_incremental_load.py
[2026-08-14T14:09:10.336+0000] {processor.py:914} INFO - Processing file /opt/airflow/dags/logistics_incremental_load.py for tasks to queue
[2026-08-14T14:09:10.337+0000] {logging_mixin.py:190} INFO - [2026-08-14T14:09:10.337+0000] {dagbag.py:588} INFO - Filling up the DagBag from /opt/airflow/dags/logistics_incremental_load.py
[2026-08-14T14:09:10.688+0000] {processor.py:925} INFO - DAG(s) 'logistics_orders_incremental_load' retrieved from /opt/airflow/dags/logistics_incremental_load.py
[2026-08-14T14:09:10.719+0000] {logging_mixin.py:190} INFO - [2026-08-14T14:09:10.719+0000] {dag.py:3239} INFO - Sync 1 DAGs
[2026-08-14T14:09:10.746+0000] {logging_mixin.py:190} INFO - [2026-08-14T14:09:10.746+0000] {dag.py:4180} INFO - Setting next_dagrun for logistics_orders_incremental_load to 2026-08-13 00:00:00+00:00, run_after=2026-08-14 00:00:00+00:00
[2026-08-14T14:09:10.768+0000] {processor.py:208} INFO - Processing /opt/airflow/dags/logistics_incremental_load.py took 0.439 seconds
[2026-08-14T14:09:41.229+0000] {processor.py:186} INFO - Started process (PID=648) to work on /opt/airflow/dags/logistics_incremental_load.py
[2026-08-14T14:09:41.230+0000] {processor.py:914} INFO - Processing file /opt/airflow/dags/logistics_incremental_load.py for tasks to queue
[2026-08-14T14:09:41.232+0000] {logging_mixin.py:190} INFO - [2026-08-14T14:09:41.232+0000] {dagbag.py:588} INFO - Filling up the DagBag from /opt/airflow/dags/logistics_incremental_load.py
[2026-08-14T14:09:41.589+0000] {processor.py:925} INFO - DAG(s) 'logistics_orders_incremental_load' retrieved from /opt/airflow/dags/logistics_incremental_load.py
[2026-08-14T14:09:41.623+0000] {logging_mixin.py:190} INFO - [2026-08-14T14:09:41.622+0000] {dag.py:3239} INFO - Sync 1 DAGs
[2026-08-14T14:09:41.654+0000] {logging_mixin.py:190} INFO - [2026-08-14T14:09:41.654+0000] {dag.py:4180} INFO - Setting next_dagrun for logistics_orders_incremental_load to 2026-08-13 00:00:00+00:00, run_after=2026-08-14 00:00:00+00:00
[2026-08-14T14:09:41.685+0000] {processor.py:208} INFO - Processing /opt/airflow/dags/logistics_incremental_load.py took 0.463 seconds
[2026-08-14T14:10:32.136+0000] {processor.py:186} INFO - Started process (PID=721) to work on /opt/airflow/dags/logistics_incremental_load.py
[2026-08-14T14:10:32.137+0000] {processor.py:914} INFO - Processing file /opt/airflow/dags/logistics_incremental_load.py for tasks to queue
[2026-08-14T14:10:32.138+0000] {logging_mixin.py:190} INFO - [2026-08-14T14:10:32.138+0000] {dagbag.py:588} INFO - Filling up the DagBag from /opt/airflow/dags/logistics_incremental_load.py
[2026-08-14T14:10:32.458+0000] {processor.py:925} INFO - DAG(s) 'logistics_orders_incremental_load' retrieved from /opt/airflow/dags/logistics_incremental_load.py
[2026-08-14T14:10:32.485+0000] {logging_mixin.py:190} INFO - [2026-08-14T14:10:32.485+0000] {dag.py:3239} INFO - Sync 1 DAGs
[2026-08-14T14:10:32.515+0000] {logging_mixin.py:190} INFO - [2026-08-14T14:10:32.514+0000] {dag.py:4180} INFO - Setting next_dagrun for logistics_orders_incremental_load to 2026-08-13 00:00:00+00:00, run_after=2026-08-14 00:00:00+00:00
[2026-08-14T14:10:32.540+0000] {processor.py:208} INFO - Processing /opt/airflow/dags/logistics_incremental_load.py took 0.410 seconds
[2026-08-14T14:12:42.492+0000] {processor.py:186} INFO - Started process (PID=178) to work on /opt/airflow/dags/logistics_incremental_load.py
[2026-08-14T14:12:42.502+0000] {processor.py:914} INFO - Processing file /opt/airflow/dags/logistics_incremental_load.py for tasks to queue
[2026-08-14T14:12:42.505+0000] {logging_mixin.py:190} INFO - [2026-08-14T14:12:42.505+0000] {dagbag.py:588} INFO - Filling up the DagBag from /opt/airflow/dags/logistics_incremental_load.py
[2026-08-14T14:12:43.036+0000] {processor.py:925} INFO - DAG(s) 'logistics_orders_incremental_load' retrieved from /opt/airflow/dags/logistics_incremental_load.py
[2026-08-14T14:12:43.078+0000] {logging_mixin.py:190} INFO - [2026-08-14T14:12:43.077+0000] {dag.py:3239} INFO - Sync 1 DAGs
[2026-08-14T14:12:43.118+0000] {logging_mixin.py:190} INFO - [2026-08-14T14:12:43.118+0000] {dag.py:4180} INFO - Setting next_dagrun for logistics_orders_incremental_load to 2026-08-13 00:00:00+00:00, run_after=2026-08-14 00:00:00+00:00
[2026-08-14T14:12:43.147+0000] {processor.py:208} INFO - Processing /opt/airflow/dags/logistics_incremental_load.py took 0.680 seconds
[2026-08-14T14:13:13.632+0000] {processor.py:186} INFO - Started process (PID=269) to work on /opt/airflow/dags/logistics_incremental_load.py
[2026-08-14T14:13:13.633+0000] {processor.py:914} INFO - Processing file /opt/airflow/dags/logistics_incremental_load.py for tasks to queue
[2026-08-14T14:13:13.637+0000] {logging_mixin.py:190} INFO - [2026-08-14T14:13:13.637+0000] {dagbag.py:588} INFO - Filling up the DagBag from /opt/airflow/dags/logistics_incremental_load.py
[2026-08-14T14:13:13.890+0000] {processor.py:925} INFO - DAG(s) 'logistics_orders_incremental_load' retrieved from /opt/airflow/dags/logistics_incremental_load.py
[2026-08-14T14:13:13.913+0000] {logging_mixin.py:190} INFO - [2026-08-14T14:13:13.913+0000] {dag.py:3239} INFO - Sync 1 DAGs
[2026-08-14T14:13:13.933+0000] {logging_mixin.py:190} INFO - [2026-08-14T14:13:13.933+0000] {dag.py:4180} INFO - Setting next_dagrun for logistics_orders_incremental_load to 2026-08-13 00:00:00+00:00, run_after=2026-08-14 00:00:00+00:00
[2026-08-14T14:13:13.953+0000] {processor.py:208} INFO - Processing /opt/airflow/dags/logistics_incremental_load.py took 0.326 seconds
[2026-08-14T14:13:44.235+0000] {processor.py:186} INFO - Started process (PID=360) to work on /opt/airflow/dags/logistics_incremental_load.py
[2026-08-14T14:13:44.236+0000] {processor.py:914} INFO - Processing file /opt/airflow/dags/logistics_incremental_load.py for tasks to queue
[2026-08-14T14:13:44.239+0000] {logging_mixin.py:190} INFO - [2026-08-14T14:13:44.238+0000] {dagbag.py:588} INFO - Filling up the DagBag from /opt/airflow/dags/logistics_incremental_load.py
[2026-08-14T14:13:44.510+0000] {processor.py:925} INFO - DAG(s) 'logistics_orders_incremental_load' retrieved from /opt/airflow/dags/logistics_incremental_load.py
[2026-08-14T14:13:44.532+0000] {logging_mixin.py:190} INFO - [2026-08-14T14:13:44.532+0000] {dag.py:3239} INFO - Sync 1 DAGs
[2026-08-14T14:13:44.553+0000] {logging_mixin.py:190} INFO - [2026-08-14T14:13:44.553+0000] {dag.py:4180} INFO - Setting next_dagrun for logistics_orders_incremental_load to 2026-08-13 00:00:00+00:00, run_after=2026-08-14 00:00:00+00:00
[2026-08-14T14:13:44.575+0000] {processor.py:208} INFO - Processing /opt/airflow/dags/logistics_incremental_load.py took 0.345 seconds
[2026-08-14T14:14:14.976+0000] {processor.py:186} INFO - Started process (PID=452) to work on /opt/airflow/dags/logistics_incremental_load.py
[2026-08-14T14:14:14.977+0000] {processor.py:914} INFO - Processing file /opt/airflow/dags/logistics_incremental_load.py for tasks to queue
[2026-08-14T14:14:14.979+0000] {logging_mixin.py:190} INFO - [2026-08-14T14:14:14.978+0000] {dagbag.py:588} INFO - Filling up the DagBag from /opt/airflow/dags/logistics_incremental_load.py
[2026-08-14T14:14:15.244+0000] {processor.py:925} INFO - DAG(s) 'logistics_orders_incremental_load' retrieved from /opt/airflow/dags/logistics_incremental_load.py
[2026-08-14T14:14:15.267+0000] {logging_mixin.py:190} INFO - [2026-08-14T14:14:15.267+0000] {dag.py:3239} INFO - Sync 1 DAGs
[2026-08-14T14:14:15.288+0000] {logging_mixin.py:190} INFO - [2026-08-14T14:14:15.288+0000] {dag.py:4180} INFO - Setting next_dagrun for logistics_orders_incremental_load to 2026-08-13 00:00:00+00:00, run_after=2026-08-14 00:00:00+00:00
[2026-08-14T14:14:15.309+0000] {processor.py:208} INFO - Processing /opt/airflow/dags/logistics_incremental_load.py took 0.338 seconds
[2026-08-14T14:14:46.231+0000] {processor.py:186} INFO - Started process (PID=543) to work on /opt/airflow/dags/logistics_incremental_load.py
[2026-08-14T14:14:46.233+0000] {processor.py:914} INFO - Processing file /opt/airflow/dags/logistics_incremental_load.py for tasks to queue
[2026-08-14T14:14:46.235+0000] {logging_mixin.py:190} INFO - [2026-08-14T14:14:46.235+0000] {dagbag.py:588} INFO - Filling up the DagBag from /opt/airflow/dags/logistics_incremental_load.py
[2026-08-14T14:14:46.543+0000] {processor.py:925} INFO - DAG(s) 'logistics_orders_incremental_load' retrieved from /opt/airflow/dags/logistics_incremental_load.py
[2026-08-14T14:14:46.571+0000] {logging_mixin.py:190} INFO - [2026-08-14T14:14:46.570+0000] {dag.py:3239} INFO - Sync 1 DAGs
[2026-08-14T14:14:46.598+0000] {logging_mixin.py:190} INFO - [2026-08-14T14:14:46.597+0000] {dag.py:4180} INFO - Setting next_dagrun for logistics_orders_incremental_load to 2026-08-13 00:00:00+00:00, run_after=2026-08-14 00:00:00+00:00
[2026-08-14T14:14:46.621+0000] {processor.py:208} INFO - Processing /opt/airflow/dags/logistics_incremental_load.py took 0.396 seconds
[2026-08-14T14:15:17.478+0000] {processor.py:186} INFO - Started process (PID=640) to work on /opt/airflow/dags/logistics_incremental_load.py
[2026-08-14T14:15:17.479+0000] {processor.py:914} INFO - Processing file /opt/airflow/dags/logistics_incremental_load.py for tasks to queue
[2026-08-14T14:15:17.481+0000] {logging_mixin.py:190} INFO - [2026-08-14T14:15:17.481+0000] {dagbag.py:588} INFO - Filling up the DagBag from /opt/airflow/dags/logistics_incremental_load.py
[2026-08-14T14:15:17.753+0000] {processor.py:925} INFO - DAG(s) 'logistics_orders_incremental_load' retrieved from /opt/airflow/dags/logistics_incremental_load.py
[2026-08-14T14:15:17.778+0000] {logging_mixin.py:190} INFO - [2026-08-14T14:15:17.778+0000] {dag.py:3239} INFO - Sync 1 DAGs
[2026-08-14T14:15:17.802+0000] {logging_mixin.py:190} INFO - [2026-08-14T14:15:17.802+0000] {dag.py:4180} INFO - Setting next_dagrun for logistics_orders_incremental_load to 2026-08-13 00:00:00+00:00, run_after=2026-08-14 00:00:00+00:00
[2026-08-14T14:15:17.822+0000] {processor.py:208} INFO - Processing /opt/airflow/dags/logistics_incremental_load.py took 0.349 seconds
[2026-08-14T14:15:48.280+0000] {processor.py:186} INFO - Started process (PID=746) to work on /opt/airflow/dags/logistics_incremental_load.py
[2026-08-14T14:15:48.287+0000] {processor.py:914} INFO - Processing file /opt/airflow/dags/logistics_incremental_load.py for tasks to queue
[2026-08-14T14:15:48.294+0000] {logging_mixin.py:190} INFO - [2026-08-14T14:15:48.293+0000] {dagbag.py:588} INFO - Filling up the DagBag from /opt/airflow/dags/logistics_incremental_load.py
[2026-08-14T14:15:49.155+0000] {processor.py:925} INFO - DAG(s) 'logistics_orders_incremental_load' retrieved from /opt/airflow/dags/logistics_incremental_load.py
[2026-08-14T14:15:49.235+0000] {logging_mixin.py:190} INFO - [2026-08-14T14:15:49.234+0000] {dag.py:3239} INFO - Sync 1 DAGs
[2026-08-14T14:15:49.364+0000] {logging_mixin.py:190} INFO - [2026-08-14T14:15:49.364+0000] {dag.py:4180} INFO - Setting next_dagrun for logistics_orders_incremental_load to 2026-08-13 00:00:00+00:00, run_after=2026-08-14 00:00:00+00:00
[2026-08-14T14:15:49.444+0000] {processor.py:208} INFO - Processing /opt/airflow/dags/logistics_incremental_load.py took 1.181 seconds
[2026-08-14T14:16:19.978+0000] {processor.py:186} INFO - Started process (PID=855) to work on /opt/airflow/dags/logistics_incremental_load.py
[2026-08-14T14:16:19.983+0000] {processor.py:914} INFO - Processing file /opt/airflow/dags/logistics_incremental_load.py for tasks to queue
[2026-08-14T14:16:19.990+0000] {logging_mixin.py:190} INFO - [2026-08-14T14:16:19.990+0000] {dagbag.py:588} INFO - Filling up the DagBag from /opt/airflow/dags/logistics_incremental_load.py
[2026-08-14T14:16:20.742+0000] {processor.py:925} INFO - DAG(s) 'logistics_orders_incremental_load' retrieved from /opt/airflow/dags/logistics_incremental_load.py
[2026-08-14T14:16:20.845+0000] {logging_mixin.py:190} INFO - [2026-08-14T14:16:20.845+0000] {dag.py:3239} INFO - Sync 1 DAGs
[2026-08-14T14:16:20.905+0000] {logging_mixin.py:190} INFO - [2026-08-14T14:16:20.905+0000] {dag.py:4180} INFO - Setting next_dagrun for logistics_orders_incremental_load to 2026-08-13 00:00:00+00:00, run_after=2026-08-14 00:00:00+00:00
[2026-08-14T14:16:20.951+0000] {processor.py:208} INFO - Processing /opt/airflow/dags/logistics_incremental_load.py took 0.994 seconds
[2026-08-14T14:55:10.271+0000] {processor.py:186} INFO - Started process (PID=177) to work on /opt/airflow/dags/logistics_incremental_load.py
[2026-08-14T14:55:10.273+0000] {processor.py:914} INFO - Processing file /opt/airflow/dags/logistics_incremental_load.py for tasks to queue
[2026-08-14T14:55:10.277+0000] {logging_mixin.py:190} INFO - [2026-08-14T14:55:10.276+0000] {dagbag.py:588} INFO - Filling up the DagBag from /opt/airflow/dags/logistics_incremental_load.py
[2026-08-14T14:55:10.671+0000] {processor.py:925} INFO - DAG(s) 'logistics_orders_incremental_load' retrieved from /opt/airflow/dags/logistics_incremental_load.py
[2026-08-14T14:55:10.705+0000] {logging_mixin.py:190} INFO - [2026-08-14T14:55:10.705+0000] {dag.py:3239} INFO - Sync 1 DAGs
[2026-08-14T14:55:10.738+0000] {logging_mixin.py:190} INFO - [2026-08-14T14:55:10.738+0000] {dag.py:4180} INFO - Setting next_dagrun for logistics_orders_incremental_load to 2026-08-13 00:00:00+00:00, run_after=2026-08-14 00:00:00+00:00
[2026-08-14T14:55:10.782+0000] {processor.py:208} INFO - Processing /opt/airflow/dags/logistics_incremental_load.py took 0.523 seconds
[2026-08-14T14:55:59.598+0000] {processor.py:186} INFO - Started process (PID=268) to work on /opt/airflow/dags/logistics_incremental_load.py
[2026-08-14T14:55:59.599+0000] {processor.py:914} INFO - Processing file /opt/airflow/dags/logistics_incremental_load.py for tasks to queue
[2026-08-14T14:55:59.601+0000] {logging_mixin.py:190} INFO - [2026-08-14T14:55:59.600+0000] {dagbag.py:588} INFO - Filling up the DagBag from /opt/airflow/dags/logistics_incremental_load.py
[2026-08-14T14:55:59.869+0000] {processor.py:925} INFO - DAG(s) 'logistics_orders_incremental_load' retrieved from /opt/airflow/dags/logistics_incremental_load.py
[2026-08-14T14:55:59.892+0000] {logging_mixin.py:190} INFO - [2026-08-14T14:55:59.892+0000] {dag.py:3239} INFO - Sync 1 DAGs
[2026-08-14T14:55:59.916+0000] {logging_mixin.py:190} INFO - [2026-08-14T14:55:59.916+0000] {dag.py:4180} INFO - Setting next_dagrun for logistics_orders_incremental_load to 2026-08-13 00:00:00+00:00, run_after=2026-08-14 00:00:00+00:00
[2026-08-14T14:55:59.940+0000] {processor.py:208} INFO - Processing /opt/airflow/dags/logistics_incremental_load.py took 0.348 seconds
[2026-08-14T14:56:31.113+0000] {processor.py:186} INFO - Started process (PID=372) to work on /opt/airflow/dags/logistics_incremental_load.py
[2026-08-14T14:56:31.114+0000] {processor.py:914} INFO - Processing file /opt/airflow/dags/logistics_incremental_load.py for tasks to queue
[2026-08-14T14:56:31.115+0000] {logging_mixin.py:190} INFO - [2026-08-14T14:56:31.115+0000] {dagbag.py:588} INFO - Filling up the DagBag from /opt/airflow/dags/logistics_incremental_load.py
[2026-08-14T14:56:31.593+0000] {processor.py:925} INFO - DAG(s) 'logistics_orders_incremental_load' retrieved from /opt/airflow/dags/logistics_incremental_load.py
[2026-08-14T14:56:31.663+0000] {logging_mixin.py:190} INFO - [2026-08-14T14:56:31.663+0000] {dag.py:3239} INFO - Sync 1 DAGs
[2026-08-14T14:56:31.717+0000] {logging_mixin.py:190} INFO - [2026-08-14T14:56:31.717+0000] {dag.py:4180} INFO - Setting next_dagrun for logistics_orders_incremental_load to 2026-08-13 00:00:00+00:00, run_after=2026-08-14 00:00:00+00:00
[2026-08-14T14:56:31.767+0000] {processor.py:208} INFO - Processing /opt/airflow/dags/logistics_incremental_load.py took 0.660 seconds
[2026-08-14T14:57:01.950+0000] {processor.py:186} INFO - Started process (PID=467) to work on /opt/airflow/dags/logistics_incremental_load.py
[2026-08-14T14:57:01.952+0000] {processor.py:914} INFO - Processing file /opt/airflow/dags/logistics_incremental_load.py for tasks to queue
[2026-08-14T14:57:01.955+0000] {logging_mixin.py:190} INFO - [2026-08-14T14:57:01.954+0000] {dagbag.py:588} INFO - Filling up the DagBag from /opt/airflow/dags/logistics_incremental_load.py
[2026-08-14T14:57:02.278+0000] {processor.py:925} INFO - DAG(s) 'logistics_orders_incremental_load' retrieved from /opt/airflow/dags/logistics_incremental_load.py
[2026-08-14T14:57:02.305+0000] {logging_mixin.py:190} INFO - [2026-08-14T14:57:02.305+0000] {dag.py:3239} INFO - Sync 1 DAGs
[2026-08-14T14:57:02.330+0000] {logging_mixin.py:190} INFO - [2026-08-14T14:57:02.330+0000] {dag.py:4180} INFO - Setting next_dagrun for logistics_orders_incremental_load to 2026-08-13 00:00:00+00:00, run_after=2026-08-14 00:00:00+00:00
[2026-08-14T14:57:02.354+0000] {processor.py:208} INFO - Processing /opt/airflow/dags/logistics_incremental_load.py took 0.410 seconds
[2026-08-14T14:57:32.850+0000] {processor.py:186} INFO - Started process (PID=575) to work on /opt/airflow/dags/logistics_incremental_load.py
[2026-08-14T14:57:32.851+0000] {processor.py:914} INFO - Processing file /opt/airflow/dags/logistics_incremental_load.py for tasks to queue
[2026-08-14T14:57:32.852+0000] {logging_mixin.py:190} INFO - [2026-08-14T14:57:32.852+0000] {dagbag.py:588} INFO - Filling up the DagBag from /opt/airflow/dags/logistics_incremental_load.py
[2026-08-14T14:57:33.112+0000] {processor.py:925} INFO - DAG(s) 'logistics_orders_incremental_load' retrieved from /opt/airflow/dags/logistics_incremental_load.py
[2026-08-14T14:57:33.135+0000] {logging_mixin.py:190} INFO - [2026-08-14T14:57:33.135+0000] {dag.py:3239} INFO - Sync 1 DAGs
[2026-08-14T14:57:33.157+0000] {logging_mixin.py:190} INFO - [2026-08-14T14:57:33.157+0000] {dag.py:4180} INFO - Setting next_dagrun for logistics_orders_incremental_load to 2026-08-13 00:00:00+00:00, run_after=2026-08-14 00:00:00+00:00
[2026-08-14T14:57:33.175+0000] {processor.py:208} INFO - Processing /opt/airflow/dags/logistics_incremental_load.py took 0.330 seconds
[2026-08-14T14:58:03.387+0000] {processor.py:186} INFO - Started process (PID=666) to work on /opt/airflow/dags/logistics_incremental_load.py
[2026-08-14T14:58:03.388+0000] {processor.py:914} INFO - Processing file /opt/airflow/dags/logistics_incremental_load.py for tasks to queue
[2026-08-14T14:58:03.389+0000] {logging_mixin.py:190} INFO - [2026-08-14T14:58:03.389+0000] {dagbag.py:588} INFO - Filling up the DagBag from /opt/airflow/dags/logistics_incremental_load.py
[2026-08-14T14:58:03.646+0000] {processor.py:925} INFO - DAG(s) 'logistics_orders_incremental_load' retrieved from /opt/airflow/dags/logistics_incremental_load.py
[2026-08-14T14:58:03.669+0000] {logging_mixin.py:190} INFO - [2026-08-14T14:58:03.669+0000] {dag.py:3239} INFO - Sync 1 DAGs
[2026-08-14T14:58:03.688+0000] {logging_mixin.py:190} INFO - [2026-08-14T14:58:03.688+0000] {dag.py:4180} INFO - Setting next_dagrun for logistics_orders_incremental_load to 2026-08-13 00:00:00+00:00, run_after=2026-08-14 00:00:00+00:00
[2026-08-14T14:58:03.707+0000] {processor.py:208} INFO - Processing /opt/airflow/dags/logistics_incremental_load.py took 0.325 seconds
[2026-08-14T14:58:34.055+0000] {processor.py:186} INFO - Started process (PID=760) to work on /opt/airflow/dags/logistics_incremental_load.py
[2026-08-14T14:58:34.057+0000] {processor.py:914} INFO - Processing file /opt/airflow/dags/logistics_incremental_load.py for tasks to queue
[2026-08-14T14:58:34.058+0000] {logging_mixin.py:190} INFO - [2026-08-14T14:58:34.058+0000] {dagbag.py:588} INFO - Filling up the DagBag from /opt/airflow/dags/logistics_incremental_load.py
[2026-08-14T14:58:34.333+0000] {processor.py:925} INFO - DAG(s) 'logistics_orders_incremental_load' retrieved from /opt/airflow/dags/logistics_incremental_load.py
[2026-08-14T14:58:34.366+0000] {logging_mixin.py:190} INFO - [2026-08-14T14:58:34.366+0000] {dag.py:3239} INFO - Sync 1 DAGs
[2026-08-14T14:58:34.541+0000] {logging_mixin.py:190} INFO - [2026-08-14T14:58:34.540+0000] {dag.py:4180} INFO - Setting next_dagrun for logistics_orders_incremental_load to 2026-08-13 00:00:00+00:00, run_after=2026-08-14 00:00:00+00:00
[2026-08-14T14:58:34.562+0000] {processor.py:208} INFO - Processing /opt/airflow/dags/logistics_incremental_load.py took 0.514 seconds
[2026-08-14T14:59:05.016+0000] {processor.py:186} INFO - Started process (PID=852) to work on /opt/airflow/dags/logistics_incremental_load.py
[2026-08-14T14:59:05.017+0000] {processor.py:914} INFO - Processing file /opt/airflow/dags/logistics_incremental_load.py for tasks to queue
[2026-08-14T14:59:05.018+0000] {logging_mixin.py:190} INFO - [2026-08-14T14:59:05.018+0000] {dagbag.py:588} INFO - Filling up the DagBag from /opt/airflow/dags/logistics_incremental_load.py
[2026-08-14T14:59:05.406+0000] {processor.py:925} INFO - DAG(s) 'logistics_orders_incremental_load' retrieved from /opt/airflow/dags/logistics_incremental_load.py
[2026-08-14T14:59:05.424+0000] {logging_mixin.py:190} INFO - [2026-08-14T14:59:05.424+0000] {dag.py:3239} INFO - Sync 1 DAGs
[2026-08-14T14:59:05.443+0000] {logging_mixin.py:190} INFO - [2026-08-14T14:59:05.443+0000] {dag.py:4180} INFO - Setting next_dagrun for logistics_orders_incremental_load to 2026-08-13 00:00:00+00:00, run_after=2026-08-14 00:00:00+00:00
[2026-08-14T14:59:05.461+0000] {processor.py:208} INFO - Processing /opt/airflow/dags/logistics_incremental_load.py took 0.450 seconds
[2026-08-14T14:59:35.747+0000] {processor.py:186} INFO - Started process (PID=941) to work on /opt/airflow/dags/logistics_incremental_load.py
[2026-08-14T14:59:35.749+0000] {processor.py:914} INFO - Processing file /opt/airflow/dags/logistics_incremental_load.py for tasks to queue
[2026-08-14T14:59:35.750+0000] {logging_mixin.py:190} INFO - [2026-08-14T14:59:35.750+0000] {dagbag.py:588} INFO - Filling up the DagBag from /opt/airflow/dags/logistics_incremental_load.py
[2026-08-14T14:59:36.175+0000] {processor.py:925} INFO - DAG(s) 'logistics_orders_incremental_load' retrieved from /opt/airflow/dags/logistics_incremental_load.py
[2026-08-14T14:59:36.195+0000] {logging_mixin.py:190} INFO - [2026-08-14T14:59:36.195+0000] {dag.py:3239} INFO - Sync 1 DAGs
[2026-08-14T14:59:36.214+0000] {logging_mixin.py:190} INFO - [2026-08-14T14:59:36.214+0000] {dag.py:4180} INFO - Setting next_dagrun for logistics_orders_incremental_load to 2026-08-13 00:00:00+00:00, run_after=2026-08-14 00:00:00+00:00
[2026-08-14T14:59:36.233+0000] {processor.py:208} INFO - Processing /opt/airflow/dags/logistics_incremental_load.py took 0.492 seconds
[2026-08-14T15:00:06.522+0000] {processor.py:186} INFO - Started process (PID=1032) to work on /opt/airflow/dags/logistics_incremental_load.py
[2026-08-14T15:00:06.523+0000] {processor.py:914} INFO - Processing file /opt/airflow/dags/logistics_incremental_load.py for tasks to queue
[2026-08-14T15:00:06.525+0000] {logging_mixin.py:190} INFO - [2026-08-14T15:00:06.525+0000] {dagbag.py:588} INFO - Filling up the DagBag from /opt/airflow/dags/logistics_incremental_load.py
[2026-08-14T15:00:06.897+0000] {processor.py:925} INFO - DAG(s) 'logistics_orders_incremental_load' retrieved from /opt/airflow/dags/logistics_incremental_load.py
[2026-08-14T15:00:06.920+0000] {logging_mixin.py:190} INFO - [2026-08-14T15:00:06.920+0000] {dag.py:3239} INFO - Sync 1 DAGs
[2026-08-14T15:00:06.941+0000] {logging_mixin.py:190} INFO - [2026-08-14T15:00:06.941+0000] {dag.py:4180} INFO - Setting next_dagrun for logistics_orders_incremental_load to 2026-08-13 00:00:00+00:00, run_after=2026-08-14 00:00:00+00:00
[2026-08-14T15:00:06.974+0000] {processor.py:208} INFO - Processing /opt/airflow/dags/logistics_incremental_load.py took 0.457 seconds
[2026-08-14T15:00:37.623+0000] {processor.py:186} INFO - Started process (PID=1152) to work on /opt/airflow/dags/logistics_incremental_load.py
[2026-08-14T15:00:37.625+0000] {processor.py:914} INFO - Processing file /opt/airflow/dags/logistics_incremental_load.py for tasks to queue
[2026-08-14T15:00:37.627+0000] {logging_mixin.py:190} INFO - [2026-08-14T15:00:37.626+0000] {dagbag.py:588} INFO - Filling up the DagBag from /opt/airflow/dags/logistics_incremental_load.py
[2026-08-14T15:00:38.136+0000] {processor.py:925} INFO - DAG(s) 'logistics_orders_incremental_load' retrieved from /opt/airflow/dags/logistics_incremental_load.py
[2026-08-14T15:00:38.161+0000] {logging_mixin.py:190} INFO - [2026-08-14T15:00:38.161+0000] {dag.py:3239} INFO - Sync 1 DAGs
[2026-08-14T15:00:38.184+0000] {logging_mixin.py:190} INFO - [2026-08-14T15:00:38.183+0000] {dag.py:4180} INFO - Setting next_dagrun for logistics_orders_incremental_load to 2026-08-13 00:00:00+00:00, run_after=2026-08-14 00:00:00+00:00
[2026-08-14T15:00:38.206+0000] {processor.py:208} INFO - Processing /opt/airflow/dags/logistics_incremental_load.py took 0.589 seconds
[2026-08-14T15:01:08.685+0000] {processor.py:186} INFO - Started process (PID=1260) to work on /opt/airflow/dags/logistics_incremental_load.py
[2026-08-14T15:01:08.686+0000] {processor.py:914} INFO - Processing file /opt/airflow/dags/logistics_incremental_load.py for tasks to queue
[2026-08-14T15:01:08.688+0000] {logging_mixin.py:190} INFO - [2026-08-14T15:01:08.687+0000] {dagbag.py:588} INFO - Filling up the DagBag from /opt/airflow/dags/logistics_incremental_load.py
[2026-08-14T15:01:09.094+0000] {processor.py:925} INFO - DAG(s) 'logistics_orders_incremental_load' retrieved from /opt/airflow/dags/logistics_incremental_load.py
[2026-08-14T15:01:09.114+0000] {logging_mixin.py:190} INFO - [2026-08-14T15:01:09.114+0000] {dag.py:3239} INFO - Sync 1 DAGs
[2026-08-14T15:01:09.135+0000] {logging_mixin.py:190} INFO - [2026-08-14T15:01:09.135+0000] {dag.py:4180} INFO - Setting next_dagrun for logistics_orders_incremental_load to 2026-08-13 00:00:00+00:00, run_after=2026-08-14 00:00:00+00:00
[2026-08-14T15:01:09.159+0000] {processor.py:208} INFO - Processing /opt/airflow/dags/logistics_incremental_load.py took 0.479 seconds
[2026-08-14T15:03:02.124+0000] {processor.py:186} INFO - Started process (PID=178) to work on /opt/airflow/dags/logistics_incremental_load.py
[2026-08-14T15:03:02.128+0000] {processor.py:914} INFO - Processing file /opt/airflow/dags/logistics_incremental_load.py for tasks to queue
[2026-08-14T15:03:02.131+0000] {logging_mixin.py:190} INFO - [2026-08-14T15:03:02.130+0000] {dagbag.py:588} INFO - Filling up the DagBag from /opt/airflow/dags/logistics_incremental_load.py
[2026-08-14T15:03:02.592+0000] {processor.py:925} INFO - DAG(s) 'logistics_orders_incremental_load' retrieved from /opt/airflow/dags/logistics_incremental_load.py
[2026-08-14T15:03:02.633+0000] {logging_mixin.py:190} INFO - [2026-08-14T15:03:02.632+0000] {dag.py:3239} INFO - Sync 1 DAGs
[2026-08-14T15:03:02.664+0000] {logging_mixin.py:190} INFO - [2026-08-14T15:03:02.664+0000] {dag.py:4180} INFO - Setting next_dagrun for logistics_orders_incremental_load to 2026-08-13 00:00:00+00:00, run_after=2026-08-14 00:00:00+00:00
[2026-08-14T15:03:02.692+0000] {processor.py:208} INFO - Processing /opt/airflow/dags/logistics_incremental_load.py took 0.575 seconds
[2026-08-14T15:03:32.990+0000] {processor.py:186} INFO - Started process (PID=263) to work on /opt/airflow/dags/logistics_incremental_load.py
[2026-08-14T15:03:32.992+0000] {processor.py:914} INFO - Processing file /opt/airflow/dags/logistics_incremental_load.py for tasks to queue
[2026-08-14T15:03:32.994+0000] {logging_mixin.py:190} INFO - [2026-08-14T15:03:32.994+0000] {dagbag.py:588} INFO - Filling up the DagBag from /opt/airflow/dags/logistics_incremental_load.py
[2026-08-14T15:03:33.273+0000] {processor.py:925} INFO - DAG(s) 'logistics_orders_incremental_load' retrieved from /opt/airflow/dags/logistics_incremental_load.py
[2026-08-14T15:03:33.300+0000] {logging_mixin.py:190} INFO - [2026-08-14T15:03:33.299+0000] {dag.py:3239} INFO - Sync 1 DAGs
[2026-08-14T15:03:33.322+0000] {logging_mixin.py:190} INFO - [2026-08-14T15:03:33.321+0000] {dag.py:4180} INFO - Setting next_dagrun for logistics_orders_incremental_load to 2026-08-13 00:00:00+00:00, run_after=2026-08-14 00:00:00+00:00
[2026-08-14T15:03:33.341+0000] {processor.py:208} INFO - Processing /opt/airflow/dags/logistics_incremental_load.py took 0.356 seconds
[2026-08-14T15:04:03.586+0000] {processor.py:186} INFO - Started process (PID=357) to work on /opt/airflow/dags/logistics_incremental_load.py
[2026-08-14T15:04:03.587+0000] {processor.py:914} INFO - Processing file /opt/airflow/dags/logistics_incremental_load.py for tasks to queue
[2026-08-14T15:04:03.590+0000] {logging_mixin.py:190} INFO - [2026-08-14T15:04:03.589+0000] {dagbag.py:588} INFO - Filling up the DagBag from /opt/airflow/dags/logistics_incremental_load.py
[2026-08-14T15:04:03.849+0000] {processor.py:925} INFO - DAG(s) 'logistics_orders_incremental_load' retrieved from /opt/airflow/dags/logistics_incremental_load.py
[2026-08-14T15:04:03.877+0000] {logging_mixin.py:190} INFO - [2026-08-14T15:04:03.877+0000] {dag.py:3239} INFO - Sync 1 DAGs
[2026-08-14T15:04:03.900+0000] {logging_mixin.py:190} INFO - [2026-08-14T15:04:03.900+0000] {dag.py:4180} INFO - Setting next_dagrun for logistics_orders_incremental_load to 2026-08-13 00:00:00+00:00, run_after=2026-08-14 00:00:00+00:00
[2026-08-14T15:04:03.919+0000] {processor.py:208} INFO - Processing /opt/airflow/dags/logistics_incremental_load.py took 0.338 seconds
[2026-08-14T15:04:34.932+0000] {processor.py:186} INFO - Started process (PID=455) to work on /opt/airflow/dags/logistics_incremental_load.py
[2026-08-14T15:04:34.933+0000] {processor.py:914} INFO - Processing file /opt/airflow/dags/logistics_incremental_load.py for tasks to queue
[2026-08-14T15:04:34.935+0000] {logging_mixin.py:190} INFO - [2026-08-14T15:04:34.935+0000] {dagbag.py:588} INFO - Filling up the DagBag from /opt/airflow/dags/logistics_incremental_load.py
[2026-08-14T15:04:35.191+0000] {processor.py:925} INFO - DAG(s) 'logistics_orders_incremental_load' retrieved from /opt/airflow/dags/logistics_incremental_load.py
[2026-08-14T15:04:35.213+0000] {logging_mixin.py:190} INFO - [2026-08-14T15:04:35.213+0000] {dag.py:3239} INFO - Sync 1 DAGs
[2026-08-14T15:04:35.234+0000] {logging_mixin.py:190} INFO - [2026-08-14T15:04:35.234+0000] {dag.py:4180} INFO - Setting next_dagrun for logistics_orders_incremental_load to 2026-08-13 00:00:00+00:00, run_after=2026-08-14 00:00:00+00:00
[2026-08-14T15:04:35.255+0000] {processor.py:208} INFO - Processing /opt/airflow/dags/logistics_incremental_load.py took 0.328 seconds
[2026-08-14T15:05:05.420+0000] {processor.py:186} INFO - Started process (PID=544) to work on /opt/airflow/dags/logistics_incremental_load.py
[2026-08-14T15:05:05.422+0000] {processor.py:914} INFO - Processing file /opt/airflow/dags/logistics_incremental_load.py for tasks to queue
[2026-08-14T15:05:05.425+0000] {logging_mixin.py:190} INFO - [2026-08-14T15:05:05.425+0000] {dagbag.py:588} INFO - Filling up the DagBag from /opt/airflow/dags/logistics_incremental_load.py
[2026-08-14T15:05:05.694+0000] {processor.py:925} INFO - DAG(s) 'logistics_orders_incremental_load' retrieved from /opt/airflow/dags/logistics_incremental_load.py
[2026-08-14T15:05:05.718+0000] {logging_mixin.py:190} INFO - [2026-08-14T15:05:05.718+0000] {dag.py:3239} INFO - Sync 1 DAGs
[2026-08-14T15:05:05.738+0000] {logging_mixin.py:190} INFO - [2026-08-14T15:05:05.738+0000] {dag.py:4180} INFO - Setting next_dagrun for logistics_orders_incremental_load to 2026-08-13 00:00:00+00:00, run_after=2026-08-14 00:00:00+00:00
[2026-08-14T15:05:05.759+0000] {processor.py:208} INFO - Processing /opt/airflow/dags/logistics_incremental_load.py took 0.343 seconds
[2026-08-14T15:05:36.152+0000] {processor.py:186} INFO - Started process (PID=640) to work on /opt/airflow/dags/logistics_incremental_load.py
[2026-08-14T15:05:36.153+0000] {processor.py:914} INFO - Processing file /opt/airflow/dags/logistics_incremental_load.py for tasks to queue
[2026-08-14T15:05:36.156+0000] {logging_mixin.py:190} INFO - [2026-08-14T15:05:36.156+0000] {dagbag.py:588} INFO - Filling up the DagBag from /opt/airflow/dags/logistics_incremental_load.py
[2026-08-14T15:05:36.424+0000] {processor.py:925} INFO - DAG(s) 'logistics_orders_incremental_load' retrieved from /opt/airflow/dags/logistics_incremental_load.py
[2026-08-14T15:05:36.446+0000] {logging_mixin.py:190} INFO - [2026-08-14T15:05:36.445+0000] {dag.py:3239} INFO - Sync 1 DAGs
[2026-08-14T15:05:36.467+0000] {logging_mixin.py:190} INFO - [2026-08-14T15:05:36.467+0000] {dag.py:4180} INFO - Setting next_dagrun for logistics_orders_incremental_load to 2026-08-13 00:00:00+00:00, run_after=2026-08-14 00:00:00+00:00
[2026-08-14T15:05:36.484+0000] {processor.py:208} INFO - Processing /opt/airflow/dags/logistics_incremental_load.py took 0.337 seconds
[2026-08-14T15:06:06.793+0000] {processor.py:186} INFO - Started process (PID=728) to work on /opt/airflow/dags/logistics_incremental_load.py
[2026-08-14T15:06:06.794+0000] {processor.py:914} INFO - Processing file /opt/airflow/dags/logistics_incremental_load.py for tasks to queue
[2026-08-14T15:06:06.796+0000] {logging_mixin.py:190} INFO - [2026-08-14T15:06:06.796+0000] {dagbag.py:588} INFO - Filling up the DagBag from /opt/airflow/dags/logistics_incremental_load.py
[2026-08-14T15:06:07.045+0000] {processor.py:925} INFO - DAG(s) 'logistics_orders_incremental_load' retrieved from /opt/airflow/dags/logistics_incremental_load.py
[2026-08-14T15:06:07.071+0000] {logging_mixin.py:190} INFO - [2026-08-14T15:06:07.070+0000] {dag.py:3239} INFO - Sync 1 DAGs
[2026-08-14T15:06:07.219+0000] {logging_mixin.py:190} INFO - [2026-08-14T15:06:07.219+0000] {dag.py:4180} INFO - Setting next_dagrun for logistics_orders_incremental_load to 2026-08-13 00:00:00+00:00, run_after=2026-08-14 00:00:00+00:00
[2026-08-14T15:06:07.240+0000] {processor.py:208} INFO - Processing /opt/airflow/dags/logistics_incremental_load.py took 0.451 seconds
[2026-08-14T15:06:43.923+0000] {processor.py:186} INFO - Started process (PID=826) to work on /opt/airflow/dags/logistics_incremental_load.py
[2026-08-14T15:06:43.924+0000] {processor.py:914} INFO - Processing file /opt/airflow/dags/logistics_incremental_load.py for tasks to queue
[2026-08-14T15:06:43.926+0000] {logging_mixin.py:190} INFO - [2026-08-14T15:06:43.926+0000] {dagbag.py:588} INFO - Filling up the DagBag from /opt/airflow/dags/logistics_incremental_load.py
[2026-08-14T15:06:44.182+0000] {processor.py:925} INFO - DAG(s) 'logistics_orders_incremental_load' retrieved from /opt/airflow/dags/logistics_incremental_load.py
[2026-08-14T15:06:44.205+0000] {logging_mixin.py:190} INFO - [2026-08-14T15:06:44.204+0000] {dag.py:3239} INFO - Sync 1 DAGs
[2026-08-14T15:06:44.224+0000] {logging_mixin.py:190} INFO - [2026-08-14T15:06:44.224+0000] {dag.py:4180} INFO - Setting next_dagrun for logistics_orders_incremental_load to 2026-08-13 00:00:00+00:00, run_after=2026-08-14 00:00:00+00:00
[2026-08-14T15:06:44.370+0000] {processor.py:208} INFO - Processing /opt/airflow/dags/logistics_incremental_load.py took 0.452 seconds
[2026-08-14T15:07:14.748+0000] {processor.py:186} INFO - Started process (PID=943) to work on /opt/airflow/dags/logistics_incremental_load.py
[2026-08-14T15:07:14.749+0000] {processor.py:914} INFO - Processing file /opt/airflow/dags/logistics_incremental_load.py for tasks to queue
[2026-08-14T15:07:14.752+0000] {logging_mixin.py:190} INFO - [2026-08-14T15:07:14.751+0000] {dagbag.py:588} INFO - Filling up the DagBag from /opt/airflow/dags/logistics_incremental_load.py
[2026-08-14T15:07:15.176+0000] {processor.py:925} INFO - DAG(s) 'logistics_orders_incremental_load' retrieved from /opt/airflow/dags/logistics_incremental_load.py
[2026-08-14T15:07:15.203+0000] {logging_mixin.py:190} INFO - [2026-08-14T15:07:15.203+0000] {dag.py:3239} INFO - Sync 1 DAGs
[2026-08-14T15:07:15.229+0000] {logging_mixin.py:190} INFO - [2026-08-14T15:07:15.229+0000] {dag.py:4180} INFO - Setting next_dagrun for logistics_orders_incremental_load to 2026-08-13 00:00:00+00:00, run_after=2026-08-14 00:00:00+00:00
[2026-08-14T15:07:15.253+0000] {processor.py:208} INFO - Processing /opt/airflow/dags/logistics_incremental_load.py took 0.510 seconds
[2026-08-14T15:07:45.447+0000] {processor.py:186} INFO - Started process (PID=1048) to work on /opt/airflow/dags/logistics_incremental_load.py
[2026-08-14T15:07:45.448+0000] {processor.py:914} INFO - Processing file /opt/airflow/dags/logistics_incremental_load.py for tasks to queue
[2026-08-14T15:07:45.452+0000] {logging_mixin.py:190} INFO - [2026-08-14T15:07:45.452+0000] {dagbag.py:588} INFO - Filling up the DagBag from /opt/airflow/dags/logistics_incremental_load.py
[2026-08-14T15:07:45.770+0000] {processor.py:925} INFO - DAG(s) 'logistics_orders_incremental_load' retrieved from /opt/airflow/dags/logistics_incremental_load.py
[2026-08-14T15:07:45.801+0000] {logging_mixin.py:190} INFO - [2026-08-14T15:07:45.800+0000] {dag.py:3239} INFO - Sync 1 DAGs
[2026-08-14T15:07:45.968+0000] {logging_mixin.py:190} INFO - [2026-08-14T15:07:45.967+0000] {dag.py:4180} INFO - Setting next_dagrun for logistics_orders_incremental_load to 2026-08-13 00:00:00+00:00, run_after=2026-08-14 00:00:00+00:00
[2026-08-14T15:07:46.014+0000] {processor.py:208} INFO - Processing /opt/airflow/dags/logistics_incremental_load.py took 0.573 seconds
[2026-08-14T15:08:16.444+0000] {processor.py:186} INFO - Started process (PID=1140) to work on /opt/airflow/dags/logistics_incremental_load.py
[2026-08-14T15:08:16.445+0000] {processor.py:914} INFO - Processing file /opt/airflow/dags/logistics_incremental_load.py for tasks to queue
[2026-08-14T15:08:16.447+0000] {logging_mixin.py:190} INFO - [2026-08-14T15:08:16.447+0000] {dagbag.py:588} INFO - Filling up the DagBag from /opt/airflow/dags/logistics_incremental_load.py
[2026-08-14T15:08:16.837+0000] {processor.py:925} INFO - DAG(s) 'logistics_orders_incremental_load' retrieved from /opt/airflow/dags/logistics_incremental_load.py
[2026-08-14T15:08:16.856+0000] {logging_mixin.py:190} INFO - [2026-08-14T15:08:16.856+0000] {dag.py:3239} INFO - Sync 1 DAGs
[2026-08-14T15:08:16.875+0000] {logging_mixin.py:190} INFO - [2026-08-14T15:08:16.875+0000] {dag.py:4180} INFO - Setting next_dagrun for logistics_orders_incremental_load to 2026-08-13 00:00:00+00:00, run_after=2026-08-14 00:00:00+00:00
[2026-08-14T15:08:16.892+0000] {processor.py:208} INFO - Processing /opt/airflow/dags/logistics_incremental_load.py took 0.453 seconds
[2026-08-14T15:08:47.281+0000] {processor.py:186} INFO - Started process (PID=1231) to work on /opt/airflow/dags/logistics_incremental_load.py
[2026-08-14T15:08:47.283+0000] {processor.py:914} INFO - Processing file /opt/airflow/dags/logistics_incremental_load.py for tasks to queue
[2026-08-14T15:08:47.286+0000] {logging_mixin.py:190} INFO - [2026-08-14T15:08:47.286+0000] {dagbag.py:588} INFO - Filling up the DagBag from /opt/airflow/dags/logistics_incremental_load.py
[2026-08-14T15:08:47.699+0000] {processor.py:925} INFO - DAG(s) 'logistics_orders_incremental_load' retrieved from /opt/airflow/dags/logistics_incremental_load.py
[2026-08-14T15:08:47.721+0000] {logging_mixin.py:190} INFO - [2026-08-14T15:08:47.721+0000] {dag.py:3239} INFO - Sync 1 DAGs
[2026-08-14T15:08:47.742+0000] {logging_mixin.py:190} INFO - [2026-08-14T15:08:47.742+0000] {dag.py:4180} INFO - Setting next_dagrun for logistics_orders_incremental_load to 2026-08-13 00:00:00+00:00, run_after=2026-08-14 00:00:00+00:00
[2026-08-14T15:08:47.764+0000] {processor.py:208} INFO - Processing /opt/airflow/dags/logistics_incremental_load.py took 0.488 seconds
[2026-08-14T15:09:17.971+0000] {processor.py:186} INFO - Started process (PID=1340) to work on /opt/airflow/dags/logistics_incremental_load.py
[2026-08-14T15:09:17.972+0000] {processor.py:914} INFO - Processing file /opt/airflow/dags/logistics_incremental_load.py for tasks to queue
[2026-08-14T15:09:17.974+0000] {logging_mixin.py:190} INFO - [2026-08-14T15:09:17.974+0000] {dagbag.py:588} INFO - Filling up the DagBag from /opt/airflow/dags/logistics_incremental_load.py
[2026-08-14T15:09:18.491+0000] {processor.py:925} INFO - DAG(s) 'logistics_orders_incremental_load' retrieved from /opt/airflow/dags/logistics_incremental_load.py
[2026-08-14T15:09:18.529+0000] {logging_mixin.py:190} INFO - [2026-08-14T15:09:18.528+0000] {dag.py:3239} INFO - Sync 1 DAGs
[2026-08-14T15:09:18.561+0000] {logging_mixin.py:190} INFO - [2026-08-14T15:09:18.561+0000] {dag.py:4180} INFO - Setting next_dagrun for logistics_orders_incremental_load to 2026-08-13 00:00:00+00:00, run_after=2026-08-14 00:00:00+00:00
[2026-08-14T15:09:18.591+0000] {processor.py:208} INFO - Processing /opt/airflow/dags/logistics_incremental_load.py took 0.625 seconds
[2026-08-14T15:09:48.752+0000] {processor.py:186} INFO - Started process (PID=1427) to work on /opt/airflow/dags/logistics_incremental_load.py
[2026-08-14T15:09:48.754+0000] {processor.py:914} INFO - Processing file /opt/airflow/dags/logistics_incremental_load.py for tasks to queue
[2026-08-14T15:09:48.756+0000] {logging_mixin.py:190} INFO - [2026-08-14T15:09:48.756+0000] {dagbag.py:588} INFO - Filling up the DagBag from /opt/airflow/dags/logistics_incremental_load.py
[2026-08-14T15:09:49.169+0000] {processor.py:925} INFO - DAG(s) 'logistics_orders_incremental_load' retrieved from /opt/airflow/dags/logistics_incremental_load.py
[2026-08-14T15:09:49.189+0000] {logging_mixin.py:190} INFO - [2026-08-14T15:09:49.189+0000] {dag.py:3239} INFO - Sync 1 DAGs
[2026-08-14T15:09:49.207+0000] {logging_mixin.py:190} INFO - [2026-08-14T15:09:49.207+0000] {dag.py:4180} INFO - Setting next_dagrun for logistics_orders_incremental_load to 2026-08-13 00:00:00+00:00, run_after=2026-08-14 00:00:00+00:00
[2026-08-14T15:09:49.224+0000] {processor.py:208} INFO - Processing /opt/airflow/dags/logistics_incremental_load.py took 0.476 seconds
[2026-08-14T15:10:19.720+0000] {processor.py:186} INFO - Started process (PID=1516) to work on /opt/airflow/dags/logistics_incremental_load.py
[2026-08-14T15:10:19.722+0000] {processor.py:914} INFO - Processing file /opt/airflow/dags/logistics_incremental_load.py for tasks to queue
[2026-08-14T15:10:19.725+0000] {logging_mixin.py:190} INFO - [2026-08-14T15:10:19.724+0000] {dagbag.py:588} INFO - Filling up the DagBag from /opt/airflow/dags/logistics_incremental_load.py
[2026-08-14T15:10:20.137+0000] {processor.py:925} INFO - DAG(s) 'logistics_orders_incremental_load' retrieved from /opt/airflow/dags/logistics_incremental_load.py
[2026-08-14T15:10:20.159+0000] {logging_mixin.py:190} INFO - [2026-08-14T15:10:20.158+0000] {dag.py:3239} INFO - Sync 1 DAGs
[2026-08-14T15:10:20.179+0000] {logging_mixin.py:190} INFO - [2026-08-14T15:10:20.179+0000] {dag.py:4180} INFO - Setting next_dagrun for logistics_orders_incremental_load to 2026-08-13 00:00:00+00:00, run_after=2026-08-14 00:00:00+00:00
[2026-08-14T15:10:20.197+0000] {processor.py:208} INFO - Processing /opt/airflow/dags/logistics_incremental_load.py took 0.482 seconds
[2026-08-14T15:10:50.951+0000] {processor.py:186} INFO - Started process (PID=1607) to work on /opt/airflow/dags/logistics_incremental_load.py
[2026-08-14T15:10:50.952+0000] {processor.py:914} INFO - Processing file /opt/airflow/dags/logistics_incremental_load.py for tasks to queue
[2026-08-14T15:10:50.955+0000] {logging_mixin.py:190} INFO - [2026-08-14T15:10:50.955+0000] {dagbag.py:588} INFO - Filling up the DagBag from /opt/airflow/dags/logistics_incremental_load.py
[2026-08-14T15:10:51.372+0000] {processor.py:925} INFO - DAG(s) 'logistics_orders_incremental_load' retrieved from /opt/airflow/dags/logistics_incremental_load.py
[2026-08-14T15:10:51.393+0000] {logging_mixin.py:190} INFO - [2026-08-14T15:10:51.393+0000] {dag.py:3239} INFO - Sync 1 DAGs
[2026-08-14T15:10:51.412+0000] {logging_mixin.py:190} INFO - [2026-08-14T15:10:51.412+0000] {dag.py:4180} INFO - Setting next_dagrun for logistics_orders_incremental_load to 2026-08-13 00:00:00+00:00, run_after=2026-08-14 00:00:00+00:00
[2026-08-14T15:10:51.430+0000] {processor.py:208} INFO - Processing /opt/airflow/dags/logistics_incremental_load.py took 0.485 seconds
[2026-08-14T15:11:21.682+0000] {processor.py:186} INFO - Started process (PID=1701) to work on /opt/airflow/dags/logistics_incremental_load.py
[2026-08-14T15:11:21.684+0000] {processor.py:914} INFO - Processing file /opt/airflow/dags/logistics_incremental_load.py for tasks to queue
[2026-08-14T15:11:21.686+0000] {logging_mixin.py:190} INFO - [2026-08-14T15:11:21.686+0000] {dagbag.py:588} INFO - Filling up the DagBag from /opt/airflow/dags/logistics_incremental_load.py
[2026-08-14T15:11:22.089+0000] {processor.py:925} INFO - DAG(s) 'logistics_orders_incremental_load' retrieved from /opt/airflow/dags/logistics_incremental_load.py
[2026-08-14T15:11:22.109+0000] {logging_mixin.py:190} INFO - [2026-08-14T15:11:22.109+0000] {dag.py:3239} INFO - Sync 1 DAGs
[2026-08-14T15:11:22.127+0000] {logging_mixin.py:190} INFO - [2026-08-14T15:11:22.127+0000] {dag.py:4180} INFO - Setting next_dagrun for logistics_orders_incremental_load to 2026-08-13 00:00:00+00:00, run_after=2026-08-14 00:00:00+00:00
[2026-08-14T15:11:22.146+0000] {processor.py:208} INFO - Processing /opt/airflow/dags/logistics_incremental_load.py took 0.471 seconds
[2026-08-14T15:11:52.417+0000] {processor.py:186} INFO - Started process (PID=1803) to work on /opt/airflow/dags/logistics_incremental_load.py
[2026-08-14T15:11:52.419+0000] {processor.py:914} INFO - Processing file /opt/airflow/dags/logistics_incremental_load.py for tasks to queue
[2026-08-14T15:11:52.421+0000] {logging_mixin.py:190} INFO - [2026-08-14T15:11:52.421+0000] {dagbag.py:588} INFO - Filling up the DagBag from /opt/airflow/dags/logistics_incremental_load.py
[2026-08-14T15:11:52.821+0000] {processor.py:925} INFO - DAG(s) 'logistics_orders_incremental_load' retrieved from /opt/airflow/dags/logistics_incremental_load.py
[2026-08-14T15:11:52.842+0000] {logging_mixin.py:190} INFO - [2026-08-14T15:11:52.841+0000] {dag.py:3239} INFO - Sync 1 DAGs
[2026-08-14T15:11:52.860+0000] {logging_mixin.py:190} INFO - [2026-08-14T15:11:52.860+0000] {dag.py:4180} INFO - Setting next_dagrun for logistics_orders_incremental_load to 2026-08-13 00:00:00+00:00, run_after=2026-08-14 00:00:00+00:00
[2026-08-14T15:11:52.879+0000] {processor.py:208} INFO - Processing /opt/airflow/dags/logistics_incremental_load.py took 0.467 seconds
[2026-08-14T15:12:22.950+0000] {processor.py:186} INFO - Started process (PID=1894) to work on /opt/airflow/dags/logistics_incremental_load.py
[2026-08-14T15:12:22.952+0000] {processor.py:914} INFO - Processing file /opt/airflow/dags/logistics_incremental_load.py for tasks to queue
[2026-08-14T15:12:22.954+0000] {logging_mixin.py:190} INFO - [2026-08-14T15:12:22.954+0000] {dagbag.py:588} INFO - Filling up the DagBag from /opt/airflow/dags/logistics_incremental_load.py
[2026-08-14T15:12:23.376+0000] {processor.py:925} INFO - DAG(s) 'logistics_orders_incremental_load' retrieved from /opt/airflow/dags/logistics_incremental_load.py
[2026-08-14T15:12:23.399+0000] {logging_mixin.py:190} INFO - [2026-08-14T15:12:23.399+0000] {dag.py:3239} INFO - Sync 1 DAGs
[2026-08-14T15:12:23.423+0000] {logging_mixin.py:190} INFO - [2026-08-14T15:12:23.423+0000] {dag.py:4180} INFO - Setting next_dagrun for logistics_orders_incremental_load to 2026-08-13 00:00:00+00:00, run_after=2026-08-14 00:00:00+00:00
[2026-08-14T15:12:23.442+0000] {processor.py:208} INFO - Processing /opt/airflow/dags/logistics_incremental_load.py took 0.498 seconds
[2026-08-14T15:12:53.679+0000] {processor.py:186} INFO - Started process (PID=1986) to work on /opt/airflow/dags/logistics_incremental_load.py
[2026-08-14T15:12:53.682+0000] {processor.py:914} INFO - Processing file /opt/airflow/dags/logistics_incremental_load.py for tasks to queue
[2026-08-14T15:12:53.688+0000] {logging_mixin.py:190} INFO - [2026-08-14T15:12:53.688+0000] {dagbag.py:588} INFO - Filling up the DagBag from /opt/airflow/dags/logistics_incremental_load.py
[2026-08-14T15:12:54.205+0000] {processor.py:925} INFO - DAG(s) 'logistics_orders_incremental_load' retrieved from /opt/airflow/dags/logistics_incremental_load.py
[2026-08-14T15:12:54.237+0000] {logging_mixin.py:190} INFO - [2026-08-14T15:12:54.237+0000] {dag.py:3239} INFO - Sync 1 DAGs
[2026-08-14T15:12:54.268+0000] {logging_mixin.py:190} INFO - [2026-08-14T15:12:54.268+0000] {dag.py:4180} INFO - Setting next_dagrun for logistics_orders_incremental_load to 2026-08-13 00:00:00+00:00, run_after=2026-08-14 00:00:00+00:00
[2026-08-14T15:12:54.294+0000] {processor.py:208} INFO - Processing /opt/airflow/dags/logistics_incremental_load.py took 0.624 seconds
[2026-08-14T15:13:25.168+0000] {processor.py:186} INFO - Started process (PID=2075) to work on /opt/airflow/dags/logistics_incremental_load.py
[2026-08-14T15:13:25.169+0000] {processor.py:914} INFO - Processing file /opt/airflow/dags/logistics_incremental_load.py for tasks to queue
[2026-08-14T15:13:25.172+0000] {logging_mixin.py:190} INFO - [2026-08-14T15:13:25.171+0000] {dagbag.py:588} INFO - Filling up the DagBag from /opt/airflow/dags/logistics_incremental_load.py
[2026-08-14T15:13:25.667+0000] {processor.py:925} INFO - DAG(s) 'logistics_orders_incremental_load' retrieved from /opt/airflow/dags/logistics_incremental_load.py
[2026-08-14T15:13:25.700+0000] {logging_mixin.py:190} INFO - [2026-08-14T15:13:25.700+0000] {dag.py:3239} INFO - Sync 1 DAGs
[2026-08-14T15:13:25.723+0000] {logging_mixin.py:190} INFO - [2026-08-14T15:13:25.723+0000] {dag.py:4180} INFO - Setting next_dagrun for logistics_orders_incremental_load to 2026-08-13 00:00:00+00:00, run_after=2026-08-14 00:00:00+00:00
[2026-08-14T15:13:25.758+0000] {processor.py:208} INFO - Processing /opt/airflow/dags/logistics_incremental_load.py took 0.597 seconds
[2026-08-14T15:21:21.298+0000] {processor.py:186} INFO - Started process (PID=178) to work on /opt/airflow/dags/logistics_incremental_load.py
[2026-08-14T15:21:21.299+0000] {processor.py:914} INFO - Processing file /opt/airflow/dags/logistics_incremental_load.py for tasks to queue
[2026-08-14T15:21:21.304+0000] {logging_mixin.py:190} INFO - [2026-08-14T15:21:21.304+0000] {dagbag.py:588} INFO - Filling up the DagBag from /opt/airflow/dags/logistics_incremental_load.py
[2026-08-14T15:21:21.766+0000] {processor.py:925} INFO - DAG(s) 'logistics_orders_incremental_load' retrieved from /opt/airflow/dags/logistics_incremental_load.py
[2026-08-14T15:21:21.802+0000] {logging_mixin.py:190} INFO - [2026-08-14T15:21:21.802+0000] {dag.py:3239} INFO - Sync 1 DAGs
[2026-08-14T15:21:21.843+0000] {logging_mixin.py:190} INFO - [2026-08-14T15:21:21.843+0000] {dag.py:4180} INFO - Setting next_dagrun for logistics_orders_incremental_load to 2026-08-13 00:00:00+00:00, run_after=2026-08-14 00:00:00+00:00
[2026-08-14T15:21:21.891+0000] {processor.py:208} INFO - Processing /opt/airflow/dags/logistics_incremental_load.py took 0.599 seconds
[2026-08-14T15:21:52.506+0000] {processor.py:186} INFO - Started process (PID=275) to work on /opt/airflow/dags/logistics_incremental_load.py
[2026-08-14T15:21:52.507+0000] {processor.py:914} INFO - Processing file /opt/airflow/dags/logistics_incremental_load.py for tasks to queue
[2026-08-14T15:21:52.509+0000] {logging_mixin.py:190} INFO - [2026-08-14T15:21:52.509+0000] {dagbag.py:588} INFO - Filling up the DagBag from /opt/airflow/dags/logistics_incremental_load.py
[2026-08-14T15:21:52.808+0000] {processor.py:925} INFO - DAG(s) 'logistics_orders_incremental_load' retrieved from /opt/airflow/dags/logistics_incremental_load.py
[2026-08-14T15:21:52.831+0000] {logging_mixin.py:190} INFO - [2026-08-14T15:21:52.831+0000] {dag.py:3239} INFO - Sync 1 DAGs
[2026-08-14T15:21:52.851+0000] {logging_mixin.py:190} INFO - [2026-08-14T15:21:52.851+0000] {dag.py:4180} INFO - Setting next_dagrun for logistics_orders_incremental_load to 2026-08-13 00:00:00+00:00, run_after=2026-08-14 00:00:00+00:00
[2026-08-14T15:21:52.870+0000] {processor.py:208} INFO - Processing /opt/airflow/dags/logistics_incremental_load.py took 0.369 seconds
[2026-08-14T15:22:23.055+0000] {processor.py:186} INFO - Started process (PID=381) to work on /opt/airflow/dags/logistics_incremental_load.py
[2026-08-14T15:22:23.056+0000] {processor.py:914} INFO - Processing file /opt/airflow/dags/logistics_incremental_load.py for tasks to queue
[2026-08-14T15:22:23.058+0000] {logging_mixin.py:190} INFO - [2026-08-14T15:22:23.058+0000] {dagbag.py:588} INFO - Filling up the DagBag from /opt/airflow/dags/logistics_incremental_load.py
[2026-08-14T15:22:23.290+0000] {processor.py:925} INFO - DAG(s) 'logistics_orders_incremental_load' retrieved from /opt/airflow/dags/logistics_incremental_load.py
[2026-08-14T15:22:23.311+0000] {logging_mixin.py:190} INFO - [2026-08-14T15:22:23.311+0000] {dag.py:3239} INFO - Sync 1 DAGs
[2026-08-14T15:22:23.331+0000] {logging_mixin.py:190} INFO - [2026-08-14T15:22:23.331+0000] {dag.py:4180} INFO - Setting next_dagrun for logistics_orders_incremental_load to 2026-08-13 00:00:00+00:00, run_after=2026-08-14 00:00:00+00:00
[2026-08-14T15:22:23.350+0000] {processor.py:208} INFO - Processing /opt/airflow/dags/logistics_incremental_load.py took 0.300 seconds
[2026-08-14T15:22:53.998+0000] {processor.py:186} INFO - Started process (PID=463) to work on /opt/airflow/dags/logistics_incremental_load.py
[2026-08-14T15:22:53.999+0000] {processor.py:914} INFO - Processing file /opt/airflow/dags/logistics_incremental_load.py for tasks to queue
[2026-08-14T15:22:54.003+0000] {logging_mixin.py:190} INFO - [2026-08-14T15:22:54.002+0000] {dagbag.py:588} INFO - Filling up the DagBag from /opt/airflow/dags/logistics_incremental_load.py
[2026-08-14T15:22:54.291+0000] {processor.py:925} INFO - DAG(s) 'logistics_orders_incremental_load' retrieved from /opt/airflow/dags/logistics_incremental_load.py
[2026-08-14T15:22:54.316+0000] {logging_mixin.py:190} INFO - [2026-08-14T15:22:54.316+0000] {dag.py:3239} INFO - Sync 1 DAGs
[2026-08-14T15:22:54.339+0000] {logging_mixin.py:190} INFO - [2026-08-14T15:22:54.338+0000] {dag.py:4180} INFO - Setting next_dagrun for logistics_orders_incremental_load to 2026-08-13 00:00:00+00:00, run_after=2026-08-14 00:00:00+00:00
[2026-08-14T15:22:54.358+0000] {processor.py:208} INFO - Processing /opt/airflow/dags/logistics_incremental_load.py took 0.366 seconds
[2026-08-14T15:23:24.574+0000] {processor.py:186} INFO - Started process (PID=554) to work on /opt/airflow/dags/logistics_incremental_load.py
[2026-08-14T15:23:24.575+0000] {processor.py:914} INFO - Processing file /opt/airflow/dags/logistics_incremental_load.py for tasks to queue
[2026-08-14T15:23:24.577+0000] {logging_mixin.py:190} INFO - [2026-08-14T15:23:24.577+0000] {dagbag.py:588} INFO - Filling up the DagBag from /opt/airflow/dags/logistics_incremental_load.py
[2026-08-14T15:23:24.889+0000] {processor.py:925} INFO - DAG(s) 'logistics_orders_incremental_load' retrieved from /opt/airflow/dags/logistics_incremental_load.py
[2026-08-14T15:23:24.911+0000] {logging_mixin.py:190} INFO - [2026-08-14T15:23:24.911+0000] {dag.py:3239} INFO - Sync 1 DAGs
[2026-08-14T15:23:24.936+0000] {logging_mixin.py:190} INFO - [2026-08-14T15:23:24.936+0000] {dag.py:4180} INFO - Setting next_dagrun for logistics_orders_incremental_load to 2026-08-13 00:00:00+00:00, run_after=2026-08-14 00:00:00+00:00
[2026-08-14T15:23:24.960+0000] {processor.py:208} INFO - Processing /opt/airflow/dags/logistics_incremental_load.py took 0.391 seconds
[2026-08-14T15:23:55.238+0000] {processor.py:186} INFO - Started process (PID=651) to work on /opt/airflow/dags/logistics_incremental_load.py
[2026-08-14T15:23:55.239+0000] {processor.py:914} INFO - Processing file /opt/airflow/dags/logistics_incremental_load.py for tasks to queue
[2026-08-14T15:23:55.241+0000] {logging_mixin.py:190} INFO - [2026-08-14T15:23:55.240+0000] {dagbag.py:588} INFO - Filling up the DagBag from /opt/airflow/dags/logistics_incremental_load.py
[2026-08-14T15:23:55.512+0000] {processor.py:925} INFO - DAG(s) 'logistics_orders_incremental_load' retrieved from /opt/airflow/dags/logistics_incremental_load.py
[2026-08-14T15:23:55.539+0000] {logging_mixin.py:190} INFO - [2026-08-14T15:23:55.539+0000] {dag.py:3239} INFO - Sync 1 DAGs
[2026-08-14T15:23:55.564+0000] {logging_mixin.py:190} INFO - [2026-08-14T15:23:55.564+0000] {dag.py:4180} INFO - Setting next_dagrun for logistics_orders_incremental_load to 2026-08-13 00:00:00+00:00, run_after=2026-08-14 00:00:00+00:00
[2026-08-14T15:23:55.588+0000] {processor.py:208} INFO - Processing /opt/airflow/dags/logistics_incremental_load.py took 0.356 seconds
[2026-08-14T15:24:26.303+0000] {processor.py:186} INFO - Started process (PID=735) to work on /opt/airflow/dags/logistics_incremental_load.py
[2026-08-14T15:24:26.304+0000] {processor.py:914} INFO - Processing file /opt/airflow/dags/logistics_incremental_load.py for tasks to queue
[2026-08-14T15:24:26.306+0000] {logging_mixin.py:190} INFO - [2026-08-14T15:24:26.306+0000] {dagbag.py:588} INFO - Filling up the DagBag from /opt/airflow/dags/logistics_incremental_load.py
[2026-08-14T15:24:26.568+0000] {processor.py:925} INFO - DAG(s) 'logistics_orders_incremental_load' retrieved from /opt/airflow/dags/logistics_incremental_load.py
[2026-08-14T15:24:26.592+0000] {logging_mixin.py:190} INFO - [2026-08-14T15:24:26.591+0000] {dag.py:3239} INFO - Sync 1 DAGs
[2026-08-14T15:24:26.613+0000] {logging_mixin.py:190} INFO - [2026-08-14T15:24:26.613+0000] {dag.py:4180} INFO - Setting next_dagrun for logistics_orders_incremental_load to 2026-08-13 00:00:00+00:00, run_after=2026-08-14 00:00:00+00:00
[2026-08-14T15:24:26.631+0000] {processor.py:208} INFO - Processing /opt/airflow/dags/logistics_incremental_load.py took 0.333 seconds
[2026-08-14T15:24:57.123+0000] {processor.py:186} INFO - Started process (PID=823) to work on /opt/airflow/dags/logistics_incremental_load.py
[2026-08-14T15:24:57.124+0000] {processor.py:914} INFO - Processing file /opt/airflow/dags/logistics_incremental_load.py for tasks to queue
[2026-08-14T15:24:57.127+0000] {logging_mixin.py:190} INFO - [2026-08-14T15:24:57.126+0000] {dagbag.py:588} INFO - Filling up the DagBag from /opt/airflow/dags/logistics_incremental_load.py
[2026-08-14T15:24:57.394+0000] {processor.py:925} INFO - DAG(s) 'logistics_orders_incremental_load' retrieved from /opt/airflow/dags/logistics_incremental_load.py
[2026-08-14T15:24:57.419+0000] {logging_mixin.py:190} INFO - [2026-08-14T15:24:57.419+0000] {dag.py:3239} INFO - Sync 1 DAGs
[2026-08-14T15:24:57.441+0000] {logging_mixin.py:190} INFO - [2026-08-14T15:24:57.441+0000] {dag.py:4180} INFO - Setting next_dagrun for logistics_orders_incremental_load to 2026-08-13 00:00:00+00:00, run_after=2026-08-14 00:00:00+00:00
[2026-08-14T15:24:57.462+0000] {processor.py:208} INFO - Processing /opt/airflow/dags/logistics_incremental_load.py took 0.345 seconds
[2026-08-14T15:25:54.121+0000] {processor.py:186} INFO - Started process (PID=913) to work on /opt/airflow/dags/logistics_incremental_load.py
[2026-08-14T15:25:54.123+0000] {processor.py:914} INFO - Processing file /opt/airflow/dags/logistics_incremental_load.py for tasks to queue
[2026-08-14T15:25:54.126+0000] {logging_mixin.py:190} INFO - [2026-08-14T15:25:54.125+0000] {dagbag.py:588} INFO - Filling up the DagBag from /opt/airflow/dags/logistics_incremental_load.py
[2026-08-14T15:25:54.423+0000] {processor.py:925} INFO - DAG(s) 'logistics_orders_incremental_load' retrieved from /opt/airflow/dags/logistics_incremental_load.py
[2026-08-14T15:25:54.451+0000] {logging_mixin.py:190} INFO - [2026-08-14T15:25:54.451+0000] {dag.py:3239} INFO - Sync 1 DAGs
[2026-08-14T15:25:54.477+0000] {logging_mixin.py:190} INFO - [2026-08-14T15:25:54.477+0000] {dag.py:4180} INFO - Setting next_dagrun for logistics_orders_incremental_load to 2026-08-13 00:00:00+00:00, run_after=2026-08-14 00:00:00+00:00
[2026-08-14T15:25:54.503+0000] {processor.py:208} INFO - Processing /opt/airflow/dags/logistics_incremental_load.py took 0.388 seconds
[2026-08-14T15:27:15.217+0000] {processor.py:186} INFO - Started process (PID=1008) to work on /opt/airflow/dags/logistics_incremental_load.py
[2026-08-14T15:27:15.218+0000] {processor.py:914} INFO - Processing file /opt/airflow/dags/logistics_incremental_load.py for tasks to queue
[2026-08-14T15:27:15.220+0000] {logging_mixin.py:190} INFO - [2026-08-14T15:27:15.220+0000] {dagbag.py:588} INFO - Filling up the DagBag from /opt/airflow/dags/logistics_incremental_load.py
[2026-08-14T15:27:15.552+0000] {processor.py:925} INFO - DAG(s) 'logistics_orders_incremental_load' retrieved from /opt/airflow/dags/logistics_incremental_load.py
[2026-08-14T15:27:15.581+0000] {logging_mixin.py:190} INFO - [2026-08-14T15:27:15.581+0000] {dag.py:3239} INFO - Sync 1 DAGs
[2026-08-14T15:27:15.604+0000] {logging_mixin.py:190} INFO - [2026-08-14T15:27:15.604+0000] {dag.py:4180} INFO - Setting next_dagrun for logistics_orders_incremental_load to 2026-08-13 00:00:00+00:00, run_after=2026-08-14 00:00:00+00:00
[2026-08-14T15:27:15.624+0000] {processor.py:208} INFO - Processing /opt/airflow/dags/logistics_incremental_load.py took 0.413 seconds
[2026-08-14T15:27:57.616+0000] {processor.py:186} INFO - Started process (PID=1094) to work on /opt/airflow/dags/logistics_incremental_load.py
[2026-08-14T15:27:57.617+0000] {processor.py:914} INFO - Processing file /opt/airflow/dags/logistics_incremental_load.py for tasks to queue
[2026-08-14T15:27:57.618+0000] {logging_mixin.py:190} INFO - [2026-08-14T15:27:57.618+0000] {dagbag.py:588} INFO - Filling up the DagBag from /opt/airflow/dags/logistics_incremental_load.py
[2026-08-14T15:27:57.902+0000] {processor.py:925} INFO - DAG(s) 'logistics_orders_incremental_load' retrieved from /opt/airflow/dags/logistics_incremental_load.py
[2026-08-14T15:27:57.926+0000] {logging_mixin.py:190} INFO - [2026-08-14T15:27:57.926+0000] {dag.py:3239} INFO - Sync 1 DAGs
[2026-08-14T15:27:58.067+0000] {logging_mixin.py:190} INFO - [2026-08-14T15:27:58.067+0000] {dag.py:4180} INFO - Setting next_dagrun for logistics_orders_incremental_load to 2026-08-13 00:00:00+00:00, run_after=2026-08-14 00:00:00+00:00
[2026-08-14T15:27:58.082+0000] {processor.py:208} INFO - Processing /opt/airflow/dags/logistics_incremental_load.py took 0.472 seconds
[2026-08-14T15:34:48.615+0000] {processor.py:186} INFO - Started process (PID=176) to work on /opt/airflow/dags/logistics_incremental_load.py
[2026-08-14T15:34:48.617+0000] {processor.py:914} INFO - Processing file /opt/airflow/dags/logistics_incremental_load.py for tasks to queue
[2026-08-14T15:34:48.623+0000] {logging_mixin.py:190} INFO - [2026-08-14T15:34:48.623+0000] {dagbag.py:588} INFO - Filling up the DagBag from /opt/airflow/dags/logistics_incremental_load.py
[2026-08-14T15:34:49.221+0000] {processor.py:925} INFO - DAG(s) 'logistics_orders_incremental_load' retrieved from /opt/airflow/dags/logistics_incremental_load.py
[2026-08-14T15:34:49.269+0000] {logging_mixin.py:190} INFO - [2026-08-14T15:34:49.269+0000] {dag.py:3239} INFO - Sync 1 DAGs
[2026-08-14T15:34:49.316+0000] {logging_mixin.py:190} INFO - [2026-08-14T15:34:49.316+0000] {dag.py:4180} INFO - Setting next_dagrun for logistics_orders_incremental_load to 2026-08-13 00:00:00+00:00, run_after=2026-08-14 00:00:00+00:00
[2026-08-14T15:34:49.367+0000] {processor.py:208} INFO - Processing /opt/airflow/dags/logistics_incremental_load.py took 0.764 seconds
[2026-08-14T15:35:37.831+0000] {processor.py:186} INFO - Started process (PID=267) to work on /opt/airflow/dags/logistics_incremental_load.py
[2026-08-14T15:35:37.832+0000] {processor.py:914} INFO - Processing file /opt/airflow/dags/logistics_incremental_load.py for tasks to queue
[2026-08-14T15:35:37.834+0000] {logging_mixin.py:190} INFO - [2026-08-14T15:35:37.834+0000] {dagbag.py:588} INFO - Filling up the DagBag from /opt/airflow/dags/logistics_incremental_load.py
[2026-08-14T15:35:38.098+0000] {processor.py:925} INFO - DAG(s) 'logistics_orders_incremental_load' retrieved from /opt/airflow/dags/logistics_incremental_load.py
[2026-08-14T15:35:38.126+0000] {logging_mixin.py:190} INFO - [2026-08-14T15:35:38.125+0000] {dag.py:3239} INFO - Sync 1 DAGs
[2026-08-14T15:35:38.148+0000] {logging_mixin.py:190} INFO - [2026-08-14T15:35:38.148+0000] {dag.py:4180} INFO - Setting next_dagrun for logistics_orders_incremental_load to 2026-08-13 00:00:00+00:00, run_after=2026-08-14 00:00:00+00:00
[2026-08-14T15:35:38.170+0000] {processor.py:208} INFO - Processing /opt/airflow/dags/logistics_incremental_load.py took 0.345 seconds
[2026-08-14T15:36:09.524+0000] {processor.py:186} INFO - Started process (PID=354) to work on /opt/airflow/dags/logistics_incremental_load.py
[2026-08-14T15:36:09.526+0000] {processor.py:914} INFO - Processing file /opt/airflow/dags/logistics_incremental_load.py for tasks to queue
[2026-08-14T15:36:09.527+0000] {logging_mixin.py:190} INFO - [2026-08-14T15:36:09.526+0000] {dagbag.py:588} INFO - Filling up the DagBag from /opt/airflow/dags/logistics_incremental_load.py
[2026-08-14T15:36:09.830+0000] {processor.py:925} INFO - DAG(s) 'logistics_orders_incremental_load' retrieved from /opt/airflow/dags/logistics_incremental_load.py
[2026-08-14T15:36:09.859+0000] {logging_mixin.py:190} INFO - [2026-08-14T15:36:09.858+0000] {dag.py:3239} INFO - Sync 1 DAGs
[2026-08-14T15:36:09.883+0000] {logging_mixin.py:190} INFO - [2026-08-14T15:36:09.883+0000] {dag.py:4180} INFO - Setting next_dagrun for logistics_orders_incremental_load to 2026-08-13 00:00:00+00:00, run_after=2026-08-14 00:00:00+00:00
[2026-08-14T15:36:09.903+0000] {processor.py:208} INFO - Processing /opt/airflow/dags/logistics_incremental_load.py took 0.388 seconds
[2026-08-14T15:36:58.110+0000] {processor.py:186} INFO - Started process (PID=442) to work on /opt/airflow/dags/logistics_incremental_load.py
[2026-08-14T15:36:58.111+0000] {processor.py:914} INFO - Processing file /opt/airflow/dags/logistics_incremental_load.py for tasks to queue
[2026-08-14T15:36:58.113+0000] {logging_mixin.py:190} INFO - [2026-08-14T15:36:58.112+0000] {dagbag.py:588} INFO - Filling up the DagBag from /opt/airflow/dags/logistics_incremental_load.py
[2026-08-14T15:36:58.408+0000] {processor.py:925} INFO - DAG(s) 'logistics_orders_incremental_load' retrieved from /opt/airflow/dags/logistics_incremental_load.py
[2026-08-14T15:36:58.433+0000] {logging_mixin.py:190} INFO - [2026-08-14T15:36:58.433+0000] {dag.py:3239} INFO - Sync 1 DAGs
[2026-08-14T15:36:58.457+0000] {logging_mixin.py:190} INFO - [2026-08-14T15:36:58.456+0000] {dag.py:4180} INFO - Setting next_dagrun for logistics_orders_incremental_load to 2026-08-13 00:00:00+00:00, run_after=2026-08-14 00:00:00+00:00
[2026-08-14T15:36:58.477+0000] {processor.py:208} INFO - Processing /opt/airflow/dags/logistics_incremental_load.py took 0.373 seconds
[2026-08-14T15:37:29.198+0000] {processor.py:186} INFO - Started process (PID=529) to work on /opt/airflow/dags/logistics_incremental_load.py
[2026-08-14T15:37:29.199+0000] {processor.py:914} INFO - Processing file /opt/airflow/dags/logistics_incremental_load.py for tasks to queue
[2026-08-14T15:37:29.200+0000] {logging_mixin.py:190} INFO - [2026-08-14T15:37:29.200+0000] {dagbag.py:588} INFO - Filling up the DagBag from /opt/airflow/dags/logistics_incremental_load.py
[2026-08-14T15:37:29.489+0000] {processor.py:925} INFO - DAG(s) 'logistics_orders_incremental_load' retrieved from /opt/airflow/dags/logistics_incremental_load.py
[2026-08-14T15:37:29.513+0000] {logging_mixin.py:190} INFO - [2026-08-14T15:37:29.513+0000] {dag.py:3239} INFO - Sync 1 DAGs
[2026-08-14T15:37:29.539+0000] {logging_mixin.py:190} INFO - [2026-08-14T15:37:29.539+0000] {dag.py:4180} INFO - Setting next_dagrun for logistics_orders_incremental_load to 2026-08-13 00:00:00+00:00, run_after=2026-08-14 00:00:00+00:00
[2026-08-14T15:37:29.559+0000] {processor.py:208} INFO - Processing /opt/airflow/dags/logistics_incremental_load.py took 0.367 seconds
[2026-08-14T15:37:59.705+0000] {processor.py:186} INFO - Started process (PID=620) to work on /opt/airflow/dags/logistics_incremental_load.py
[2026-08-14T15:37:59.707+0000] {processor.py:914} INFO - Processing file /opt/airflow/dags/logistics_incremental_load.py for tasks to queue
[2026-08-14T15:37:59.709+0000] {logging_mixin.py:190} INFO - [2026-08-14T15:37:59.708+0000] {dagbag.py:588} INFO - Filling up the DagBag from /opt/airflow/dags/logistics_incremental_load.py
[2026-08-14T15:37:59.999+0000] {processor.py:925} INFO - DAG(s) 'logistics_orders_incremental_load' retrieved from /opt/airflow/dags/logistics_incremental_load.py
[2026-08-14T15:38:00.023+0000] {logging_mixin.py:190} INFO - [2026-08-14T15:38:00.023+0000] {dag.py:3239} INFO - Sync 1 DAGs
[2026-08-14T15:38:00.048+0000] {logging_mixin.py:190} INFO - [2026-08-14T15:38:00.048+0000] {dag.py:4180} INFO - Setting next_dagrun for logistics_orders_incremental_load to 2026-08-13 00:00:00+00:00, run_after=2026-08-14 00:00:00+00:00
[2026-08-14T15:38:00.067+0000] {processor.py:208} INFO - Processing /opt/airflow/dags/logistics_incremental_load.py took 0.367 seconds
[2026-08-14T15:38:30.769+0000] {processor.py:186} INFO - Started process (PID=711) to work on /opt/airflow/dags/logistics_incremental_load.py
[2026-08-14T15:38:30.770+0000] {processor.py:914} INFO - Processing file /opt/airflow/dags/logistics_incremental_load.py for tasks to queue
[2026-08-14T15:38:30.772+0000] {logging_mixin.py:190} INFO - [2026-08-14T15:38:30.771+0000] {dagbag.py:588} INFO - Filling up the DagBag from /opt/airflow/dags/logistics_incremental_load.py
[2026-08-14T15:38:31.048+0000] {processor.py:925} INFO - DAG(s) 'logistics_orders_incremental_load' retrieved from /opt/airflow/dags/logistics_incremental_load.py
[2026-08-14T15:38:31.072+0000] {logging_mixin.py:190} INFO - [2026-08-14T15:38:31.072+0000] {dag.py:3239} INFO - Sync 1 DAGs
[2026-08-14T15:38:31.100+0000] {logging_mixin.py:190} INFO - [2026-08-14T15:38:31.100+0000] {dag.py:4180} INFO - Setting next_dagrun for logistics_orders_incremental_load to 2026-08-13 00:00:00+00:00, run_after=2026-08-14 00:00:00+00:00
[2026-08-14T15:38:31.122+0000] {processor.py:208} INFO - Processing /opt/airflow/dags/logistics_incremental_load.py took 0.358 seconds
[2026-08-14T15:39:01.336+0000] {processor.py:186} INFO - Started process (PID=800) to work on /opt/airflow/dags/logistics_incremental_load.py
[2026-08-14T15:39:01.337+0000] {processor.py:914} INFO - Processing file /opt/airflow/dags/logistics_incremental_load.py for tasks to queue
[2026-08-14T15:39:01.338+0000] {logging_mixin.py:190} INFO - [2026-08-14T15:39:01.337+0000] {dagbag.py:588} INFO - Filling up the DagBag from /opt/airflow/dags/logistics_incremental_load.py
[2026-08-14T15:39:01.633+0000] {processor.py:925} INFO - DAG(s) 'logistics_orders_incremental_load' retrieved from /opt/airflow/dags/logistics_incremental_load.py
[2026-08-14T15:39:01.661+0000] {logging_mixin.py:190} INFO - [2026-08-14T15:39:01.661+0000] {dag.py:3239} INFO - Sync 1 DAGs
[2026-08-14T15:39:01.685+0000] {logging_mixin.py:190} INFO - [2026-08-14T15:39:01.685+0000] {dag.py:4180} INFO - Setting next_dagrun for logistics_orders_incremental_load to 2026-08-13 00:00:00+00:00, run_after=2026-08-14 00:00:00+00:00
[2026-08-14T15:39:01.839+0000] {processor.py:208} INFO - Processing /opt/airflow/dags/logistics_incremental_load.py took 0.509 seconds
[2026-08-14T15:39:32.062+0000] {processor.py:186} INFO - Started process (PID=894) to work on /opt/airflow/dags/logistics_incremental_load.py
[2026-08-14T15:39:32.063+0000] {processor.py:914} INFO - Processing file /opt/airflow/dags/logistics_incremental_load.py for tasks to queue
[2026-08-14T15:39:32.066+0000] {logging_mixin.py:190} INFO - [2026-08-14T15:39:32.065+0000] {dagbag.py:588} INFO - Filling up the DagBag from /opt/airflow/dags/logistics_incremental_load.py
[2026-08-14T15:39:32.364+0000] {processor.py:925} INFO - DAG(s) 'logistics_orders_incremental_load' retrieved from /opt/airflow/dags/logistics_incremental_load.py
[2026-08-14T15:39:32.387+0000] {logging_mixin.py:190} INFO - [2026-08-14T15:39:32.387+0000] {dag.py:3239} INFO - Sync 1 DAGs
[2026-08-14T15:39:32.409+0000] {logging_mixin.py:190} INFO - [2026-08-14T15:39:32.409+0000] {dag.py:4180} INFO - Setting next_dagrun for logistics_orders_incremental_load to 2026-08-13 00:00:00+00:00, run_after=2026-08-14 00:00:00+00:00
[2026-08-14T15:39:32.427+0000] {processor.py:208} INFO - Processing /opt/airflow/dags/logistics_incremental_load.py took 0.376 seconds
[2026-08-14T15:40:02.630+0000] {processor.py:186} INFO - Started process (PID=989) to work on /opt/airflow/dags/logistics_incremental_load.py
[2026-08-14T15:40:02.631+0000] {processor.py:914} INFO - Processing file /opt/airflow/dags/logistics_incremental_load.py for tasks to queue
[2026-08-14T15:40:02.632+0000] {logging_mixin.py:190} INFO - [2026-08-14T15:40:02.631+0000] {dagbag.py:588} INFO - Filling up the DagBag from /opt/airflow/dags/logistics_incremental_load.py
[2026-08-14T15:40:02.894+0000] {processor.py:925} INFO - DAG(s) 'logistics_orders_incremental_load' retrieved from /opt/airflow/dags/logistics_incremental_load.py
[2026-08-14T15:40:02.919+0000] {logging_mixin.py:190} INFO - [2026-08-14T15:40:02.918+0000] {dag.py:3239} INFO - Sync 1 DAGs
[2026-08-14T15:40:03.074+0000] {logging_mixin.py:190} INFO - [2026-08-14T15:40:03.073+0000] {dag.py:4180} INFO - Setting next_dagrun for logistics_orders_incremental_load to 2026-08-13 00:00:00+00:00, run_after=2026-08-14 00:00:00+00:00
[2026-08-14T15:40:03.093+0000] {processor.py:208} INFO - Processing /opt/airflow/dags/logistics_incremental_load.py took 0.469 seconds
[2026-08-14T15:40:50.018+0000] {processor.py:186} INFO - Started process (PID=1071) to work on /opt/airflow/dags/logistics_incremental_load.py
[2026-08-14T15:40:50.019+0000] {processor.py:914} INFO - Processing file /opt/airflow/dags/logistics_incremental_load.py for tasks to queue
[2026-08-14T15:40:50.020+0000] {logging_mixin.py:190} INFO - [2026-08-14T15:40:50.020+0000] {dagbag.py:588} INFO - Filling up the DagBag from /opt/airflow/dags/logistics_incremental_load.py
[2026-08-14T15:40:50.280+0000] {processor.py:925} INFO - DAG(s) 'logistics_orders_incremental_load' retrieved from /opt/airflow/dags/logistics_incremental_load.py
[2026-08-14T15:40:50.304+0000] {logging_mixin.py:190} INFO - [2026-08-14T15:40:50.304+0000] {dag.py:3239} INFO - Sync 1 DAGs
[2026-08-14T15:40:50.457+0000] {logging_mixin.py:190} INFO - [2026-08-14T15:40:50.456+0000] {dag.py:4180} INFO - Setting next_dagrun for logistics_orders_incremental_load to 2026-08-13 00:00:00+00:00, run_after=2026-08-14 00:00:00+00:00
[2026-08-14T15:40:50.473+0000] {processor.py:208} INFO - Processing /opt/airflow/dags/logistics_incremental_load.py took 0.461 seconds
[2026-08-14T15:41:21.238+0000] {processor.py:186} INFO - Started process (PID=1159) to work on /opt/airflow/dags/logistics_incremental_load.py
[2026-08-14T15:41:21.239+0000] {processor.py:914} INFO - Processing file /opt/airflow/dags/logistics_incremental_load.py for tasks to queue
[2026-08-14T15:41:21.240+0000] {logging_mixin.py:190} INFO - [2026-08-14T15:41:21.240+0000] {dagbag.py:588} INFO - Filling up the DagBag from /opt/airflow/dags/logistics_incremental_load.py
[2026-08-14T15:41:21.495+0000] {processor.py:925} INFO - DAG(s) 'logistics_orders_incremental_load' retrieved from /opt/airflow/dags/logistics_incremental_load.py
[2026-08-14T15:41:21.518+0000] {logging_mixin.py:190} INFO - [2026-08-14T15:41:21.518+0000] {dag.py:3239} INFO - Sync 1 DAGs
[2026-08-14T15:41:21.540+0000] {logging_mixin.py:190} INFO - [2026-08-14T15:41:21.538+0000] {dag.py:4180} INFO - Setting next_dagrun for logistics_orders_incremental_load to 2026-08-13 00:00:00+00:00, run_after=2026-08-14 00:00:00+00:00
[2026-08-14T15:41:21.559+0000] {processor.py:208} INFO - Processing /opt/airflow/dags/logistics_incremental_load.py took 0.326 seconds
[2026-08-14T15:42:06.698+0000] {processor.py:186} INFO - Started process (PID=1250) to work on /opt/airflow/dags/logistics_incremental_load.py
[2026-08-14T15:42:06.699+0000] {processor.py:914} INFO - Processing file /opt/airflow/dags/logistics_incremental_load.py for tasks to queue
[2026-08-14T15:42:06.700+0000] {logging_mixin.py:190} INFO - [2026-08-14T15:42:06.700+0000] {dagbag.py:588} INFO - Filling up the DagBag from /opt/airflow/dags/logistics_incremental_load.py
[2026-08-14T15:42:07.118+0000] {processor.py:925} INFO - DAG(s) 'logistics_orders_incremental_load' retrieved from /opt/airflow/dags/logistics_incremental_load.py
[2026-08-14T15:42:07.141+0000] {logging_mixin.py:190} INFO - [2026-08-14T15:42:07.140+0000] {dag.py:3239} INFO - Sync 1 DAGs
[2026-08-14T15:42:07.160+0000] {logging_mixin.py:190} INFO - [2026-08-14T15:42:07.159+0000] {dag.py:4180} INFO - Setting next_dagrun for logistics_orders_incremental_load to 2026-08-13 00:00:00+00:00, run_after=2026-08-14 00:00:00+00:00
[2026-08-14T15:42:07.181+0000] {processor.py:208} INFO - Processing /opt/airflow/dags/logistics_incremental_load.py took 0.488 seconds
[2026-08-14T15:42:43.602+0000] {processor.py:186} INFO - Started process (PID=1344) to work on /opt/airflow/dags/logistics_incremental_load.py
[2026-08-14T15:42:43.603+0000] {processor.py:914} INFO - Processing file /opt/airflow/dags/logistics_incremental_load.py for tasks to queue
[2026-08-14T15:42:43.604+0000] {logging_mixin.py:190} INFO - [2026-08-14T15:42:43.604+0000] {dagbag.py:588} INFO - Filling up the DagBag from /opt/airflow/dags/logistics_incremental_load.py
[2026-08-14T15:42:43.999+0000] {processor.py:925} INFO - DAG(s) 'logistics_orders_incremental_load' retrieved from /opt/airflow/dags/logistics_incremental_load.py
[2026-08-14T15:42:44.020+0000] {logging_mixin.py:190} INFO - [2026-08-14T15:42:44.020+0000] {dag.py:3239} INFO - Sync 1 DAGs
[2026-08-14T15:42:44.038+0000] {logging_mixin.py:190} INFO - [2026-08-14T15:42:44.038+0000] {dag.py:4180} INFO - Setting next_dagrun for logistics_orders_incremental_load to 2026-08-13 00:00:00+00:00, run_after=2026-08-14 00:00:00+00:00
[2026-08-14T15:42:44.055+0000] {processor.py:208} INFO - Processing /opt/airflow/dags/logistics_incremental_load.py took 0.459 seconds
[2026-08-14T15:43:14.293+0000] {processor.py:186} INFO - Started process (PID=1433) to work on /opt/airflow/dags/logistics_incremental_load.py
[2026-08-14T15:43:14.294+0000] {processor.py:914} INFO - Processing file /opt/airflow/dags/logistics_incremental_load.py for tasks to queue
[2026-08-14T15:43:14.296+0000] {logging_mixin.py:190} INFO - [2026-08-14T15:43:14.295+0000] {dagbag.py:588} INFO - Filling up the DagBag from /opt/airflow/dags/logistics_incremental_load.py
[2026-08-14T15:43:14.675+0000] {processor.py:925} INFO - DAG(s) 'logistics_orders_incremental_load' retrieved from /opt/airflow/dags/logistics_incremental_load.py
[2026-08-14T15:43:14.696+0000] {logging_mixin.py:190} INFO - [2026-08-14T15:43:14.696+0000] {dag.py:3239} INFO - Sync 1 DAGs
[2026-08-14T15:43:14.717+0000] {logging_mixin.py:190} INFO - [2026-08-14T15:43:14.717+0000] {dag.py:4180} INFO - Setting next_dagrun for logistics_orders_incremental_load to 2026-08-13 00:00:00+00:00, run_after=2026-08-14 00:00:00+00:00
[2026-08-14T15:43:14.736+0000] {processor.py:208} INFO - Processing /opt/airflow/dags/logistics_incremental_load.py took 0.448 seconds
[2026-08-14T15:43:45.018+0000] {processor.py:186} INFO - Started process (PID=1518) to work on /opt/airflow/dags/logistics_incremental_load.py
[2026-08-14T15:43:45.019+0000] {processor.py:914} INFO - Processing file /opt/airflow/dags/logistics_incremental_load.py for tasks to queue
[2026-08-14T15:43:45.020+0000] {logging_mixin.py:190} INFO - [2026-08-14T15:43:45.020+0000] {dagbag.py:588} INFO - Filling up the DagBag from /opt/airflow/dags/logistics_incremental_load.py
[2026-08-14T15:43:45.426+0000] {processor.py:925} INFO - DAG(s) 'logistics_orders_incremental_load' retrieved from /opt/airflow/dags/logistics_incremental_load.py
[2026-08-14T15:43:45.451+0000] {logging_mixin.py:190} INFO - [2026-08-14T15:43:45.451+0000] {dag.py:3239} INFO - Sync 1 DAGs
[2026-08-14T15:43:45.477+0000] {logging_mixin.py:190} INFO - [2026-08-14T15:43:45.477+0000] {dag.py:4180} INFO - Setting next_dagrun for logistics_orders_incremental_load to 2026-08-13 00:00:00+00:00, run_after=2026-08-14 00:00:00+00:00
[2026-08-14T15:43:45.501+0000] {processor.py:208} INFO - Processing /opt/airflow/dags/logistics_incremental_load.py took 0.489 seconds
[2026-08-14T15:46:39.016+0000] {processor.py:186} INFO - Started process (PID=177) to work on /opt/airflow/dags/logistics_incremental_load.py
[2026-08-14T15:46:39.017+0000] {processor.py:914} INFO - Processing file /opt/airflow/dags/logistics_incremental_load.py for tasks to queue
[2026-08-14T15:46:39.019+0000] {logging_mixin.py:190} INFO - [2026-08-14T15:46:39.019+0000] {dagbag.py:588} INFO - Filling up the DagBag from /opt/airflow/dags/logistics_incremental_load.py
[2026-08-14T15:46:39.542+0000] {processor.py:925} INFO - DAG(s) 'logistics_orders_incremental_load' retrieved from /opt/airflow/dags/logistics_incremental_load.py
[2026-08-14T15:46:39.587+0000] {logging_mixin.py:190} INFO - [2026-08-14T15:46:39.587+0000] {dag.py:3239} INFO - Sync 1 DAGs
[2026-08-14T15:46:39.627+0000] {logging_mixin.py:190} INFO - [2026-08-14T15:46:39.626+0000] {dag.py:4180} INFO - Setting next_dagrun for logistics_orders_incremental_load to 2026-08-13 00:00:00+00:00, run_after=2026-08-14 00:00:00+00:00
[2026-08-14T15:46:39.660+0000] {processor.py:208} INFO - Processing /opt/airflow/dags/logistics_incremental_load.py took 0.650 seconds
[2026-08-14T15:47:28.794+0000] {processor.py:186} INFO - Started process (PID=282) to work on /opt/airflow/dags/logistics_incremental_load.py
[2026-08-14T15:47:28.797+0000] {processor.py:914} INFO - Processing file /opt/airflow/dags/logistics_incremental_load.py for tasks to queue
[2026-08-14T15:47:28.800+0000] {logging_mixin.py:190} INFO - [2026-08-14T15:47:28.799+0000] {dagbag.py:588} INFO - Filling up the DagBag from /opt/airflow/dags/logistics_incremental_load.py
[2026-08-14T15:47:29.169+0000] {processor.py:925} INFO - DAG(s) 'logistics_orders_incremental_load' retrieved from /opt/airflow/dags/logistics_incremental_load.py
[2026-08-14T15:47:29.194+0000] {logging_mixin.py:190} INFO - [2026-08-14T15:47:29.194+0000] {dag.py:3239} INFO - Sync 1 DAGs
[2026-08-14T15:47:29.224+0000] {logging_mixin.py:190} INFO - [2026-08-14T15:47:29.224+0000] {dag.py:4180} INFO - Setting next_dagrun for logistics_orders_incremental_load to 2026-08-13 00:00:00+00:00, run_after=2026-08-14 00:00:00+00:00
[2026-08-14T15:47:29.251+0000] {processor.py:208} INFO - Processing /opt/airflow/dags/logistics_incremental_load.py took 0.463 seconds
[2026-08-14T15:48:00.253+0000] {processor.py:186} INFO - Started process (PID=376) to work on /opt/airflow/dags/logistics_incremental_load.py
[2026-08-14T15:48:00.254+0000] {processor.py:914} INFO - Processing file /opt/airflow/dags/logistics_incremental_load.py for tasks to queue
[2026-08-14T15:48:00.255+0000] {logging_mixin.py:190} INFO - [2026-08-14T15:48:00.255+0000] {dagbag.py:588} INFO - Filling up the DagBag from /opt/airflow/dags/logistics_incremental_load.py
[2026-08-14T15:48:00.621+0000] {processor.py:925} INFO - DAG(s) 'logistics_orders_incremental_load' retrieved from /opt/airflow/dags/logistics_incremental_load.py
[2026-08-14T15:48:00.648+0000] {logging_mixin.py:190} INFO - [2026-08-14T15:48:00.647+0000] {dag.py:3239} INFO - Sync 1 DAGs
[2026-08-14T15:48:00.673+0000] {logging_mixin.py:190} INFO - [2026-08-14T15:48:00.672+0000] {dag.py:4180} INFO - Setting next_dagrun for logistics_orders_incremental_load to 2026-08-13 00:00:00+00:00, run_after=2026-08-14 00:00:00+00:00
[2026-08-14T15:48:00.694+0000] {processor.py:208} INFO - Processing /opt/airflow/dags/logistics_incremental_load.py took 0.446 seconds
[2026-08-14T15:48:31.290+0000] {processor.py:186} INFO - Started process (PID=471) to work on /opt/airflow/dags/logistics_incremental_load.py
[2026-08-14T15:48:31.292+0000] {processor.py:914} INFO - Processing file /opt/airflow/dags/logistics_incremental_load.py for tasks to queue
[2026-08-14T15:48:31.293+0000] {logging_mixin.py:190} INFO - [2026-08-14T15:48:31.293+0000] {dagbag.py:588} INFO - Filling up the DagBag from /opt/airflow/dags/logistics_incremental_load.py
[2026-08-14T15:48:31.793+0000] {processor.py:925} INFO - DAG(s) 'logistics_orders_incremental_load' retrieved from /opt/airflow/dags/logistics_incremental_load.py
[2026-08-14T15:48:31.828+0000] {logging_mixin.py:190} INFO - [2026-08-14T15:48:31.828+0000] {dag.py:3239} INFO - Sync 1 DAGs
[2026-08-14T15:48:31.859+0000] {logging_mixin.py:190} INFO - [2026-08-14T15:48:31.859+0000] {dag.py:4180} INFO - Setting next_dagrun for logistics_orders_incremental_load to 2026-08-13 00:00:00+00:00, run_after=2026-08-14 00:00:00+00:00
[2026-08-14T15:48:31.885+0000] {processor.py:208} INFO - Processing /opt/airflow/dags/logistics_incremental_load.py took 0.601 seconds
[2026-08-14T15:49:01.964+0000] {processor.py:186} INFO - Started process (PID=611) to work on /opt/airflow/dags/logistics_incremental_load.py
[2026-08-14T15:49:01.965+0000] {processor.py:914} INFO - Processing file /opt/airflow/dags/logistics_incremental_load.py for tasks to queue
[2026-08-14T15:49:01.966+0000] {logging_mixin.py:190} INFO - [2026-08-14T15:49:01.966+0000] {dagbag.py:588} INFO - Filling up the DagBag from /opt/airflow/dags/logistics_incremental_load.py
[2026-08-14T15:49:02.252+0000] {processor.py:925} INFO - DAG(s) 'logistics_orders_incremental_load' retrieved from /opt/airflow/dags/logistics_incremental_load.py
[2026-08-14T15:49:02.279+0000] {logging_mixin.py:190} INFO - [2026-08-14T15:49:02.278+0000] {dag.py:3239} INFO - Sync 1 DAGs
[2026-08-14T15:49:02.311+0000] {logging_mixin.py:190} INFO - [2026-08-14T15:49:02.311+0000] {dag.py:4180} INFO - Setting next_dagrun for logistics_orders_incremental_load to 2026-08-13 00:00:00+00:00, run_after=2026-08-14 00:00:00+00:00
[2026-08-14T15:49:02.337+0000] {processor.py:208} INFO - Processing /opt/airflow/dags/logistics_incremental_load.py took 0.379 seconds
[2026-08-14T15:49:32.838+0000] {processor.py:186} INFO - Started process (PID=700) to work on /opt/airflow/dags/logistics_incremental_load.py
[2026-08-14T15:49:32.839+0000] {processor.py:914} INFO - Processing file /opt/airflow/dags/logistics_incremental_load.py for tasks to queue
[2026-08-14T15:49:32.841+0000] {logging_mixin.py:190} INFO - [2026-08-14T15:49:32.841+0000] {dagbag.py:588} INFO - Filling up the DagBag from /opt/airflow/dags/logistics_incremental_load.py
[2026-08-14T15:49:33.088+0000] {processor.py:925} INFO - DAG(s) 'logistics_orders_incremental_load' retrieved from /opt/airflow/dags/logistics_incremental_load.py
[2026-08-14T15:49:33.115+0000] {logging_mixin.py:190} INFO - [2026-08-14T15:49:33.115+0000] {dag.py:3239} INFO - Sync 1 DAGs
[2026-08-14T15:49:33.138+0000] {logging_mixin.py:190} INFO - [2026-08-14T15:49:33.137+0000] {dag.py:4180} INFO - Setting next_dagrun for logistics_orders_incremental_load to 2026-08-13 00:00:00+00:00, run_after=2026-08-14 00:00:00+00:00
[2026-08-14T15:49:33.155+0000] {processor.py:208} INFO - Processing /opt/airflow/dags/logistics_incremental_load.py took 0.322 seconds
[2026-08-14T15:50:03.664+0000] {processor.py:186} INFO - Started process (PID=799) to work on /opt/airflow/dags/logistics_incremental_load.py
[2026-08-14T15:50:03.665+0000] {processor.py:914} INFO - Processing file /opt/airflow/dags/logistics_incremental_load.py for tasks to queue
[2026-08-14T15:50:03.666+0000] {logging_mixin.py:190} INFO - [2026-08-14T15:50:03.666+0000] {dagbag.py:588} INFO - Filling up the DagBag from /opt/airflow/dags/logistics_incremental_load.py
[2026-08-14T15:50:03.947+0000] {processor.py:925} INFO - DAG(s) 'logistics_orders_incremental_load' retrieved from /opt/airflow/dags/logistics_incremental_load.py
[2026-08-14T15:50:03.974+0000] {logging_mixin.py:190} INFO - [2026-08-14T15:50:03.974+0000] {dag.py:3239} INFO - Sync 1 DAGs
[2026-08-14T15:50:04.143+0000] {logging_mixin.py:190} INFO - [2026-08-14T15:50:04.142+0000] {dag.py:4180} INFO - Setting next_dagrun for logistics_orders_incremental_load to 2026-08-13 00:00:00+00:00, run_after=2026-08-14 00:00:00+00:00
[2026-08-14T15:50:04.164+0000] {processor.py:208} INFO - Processing /opt/airflow/dags/logistics_incremental_load.py took 0.506 seconds
[2026-08-14T15:50:35.004+0000] {processor.py:186} INFO - Started process (PID=879) to work on /opt/airflow/dags/logistics_incremental_load.py
[2026-08-14T15:50:35.005+0000] {processor.py:914} INFO - Processing file /opt/airflow/dags/logistics_incremental_load.py for tasks to queue
[2026-08-14T15:50:35.007+0000] {logging_mixin.py:190} INFO - [2026-08-14T15:50:35.006+0000] {dagbag.py:588} INFO - Filling up the DagBag from /opt/airflow/dags/logistics_incremental_load.py
[2026-08-14T15:50:35.272+0000] {processor.py:925} INFO - DAG(s) 'logistics_orders_incremental_load' retrieved from /opt/airflow/dags/logistics_incremental_load.py
[2026-08-14T15:50:35.421+0000] {logging_mixin.py:190} INFO - [2026-08-14T15:50:35.420+0000] {dag.py:3239} INFO - Sync 1 DAGs
[2026-08-14T15:50:35.442+0000] {logging_mixin.py:190} INFO - [2026-08-14T15:50:35.442+0000] {dag.py:4180} INFO - Setting next_dagrun for logistics_orders_incremental_load to 2026-08-13 00:00:00+00:00, run_after=2026-08-14 00:00:00+00:00
[2026-08-14T15:50:35.459+0000] {processor.py:208} INFO - Processing /opt/airflow/dags/logistics_incremental_load.py took 0.460 seconds
[2026-08-14T15:51:06.075+0000] {processor.py:186} INFO - Started process (PID=968) to work on /opt/airflow/dags/logistics_incremental_load.py
[2026-08-14T15:51:06.076+0000] {processor.py:914} INFO - Processing file /opt/airflow/dags/logistics_incremental_load.py for tasks to queue
[2026-08-14T15:51:06.078+0000] {logging_mixin.py:190} INFO - [2026-08-14T15:51:06.077+0000] {dagbag.py:588} INFO - Filling up the DagBag from /opt/airflow/dags/logistics_incremental_load.py
[2026-08-14T15:51:06.352+0000] {processor.py:925} INFO - DAG(s) 'logistics_orders_incremental_load' retrieved from /opt/airflow/dags/logistics_incremental_load.py
[2026-08-14T15:51:06.377+0000] {logging_mixin.py:190} INFO - [2026-08-14T15:51:06.376+0000] {dag.py:3239} INFO - Sync 1 DAGs
[2026-08-14T15:51:06.537+0000] {logging_mixin.py:190} INFO - [2026-08-14T15:51:06.537+0000] {dag.py:4180} INFO - Setting next_dagrun for logistics_orders_incremental_load to 2026-08-13 00:00:00+00:00, run_after=2026-08-14 00:00:00+00:00
[2026-08-14T15:51:06.557+0000] {processor.py:208} INFO - Processing /opt/airflow/dags/logistics_incremental_load.py took 0.488 seconds
[2026-08-14T15:51:36.917+0000] {processor.py:186} INFO - Started process (PID=1053) to work on /opt/airflow/dags/logistics_incremental_load.py
[2026-08-14T15:51:36.918+0000] {processor.py:914} INFO - Processing file /opt/airflow/dags/logistics_incremental_load.py for tasks to queue
[2026-08-14T15:51:36.919+0000] {logging_mixin.py:190} INFO - [2026-08-14T15:51:36.919+0000] {dagbag.py:588} INFO - Filling up the DagBag from /opt/airflow/dags/logistics_incremental_load.py
[2026-08-14T15:51:37.351+0000] {processor.py:925} INFO - DAG(s) 'logistics_orders_incremental_load' retrieved from /opt/airflow/dags/logistics_incremental_load.py
[2026-08-14T15:51:37.374+0000] {logging_mixin.py:190} INFO - [2026-08-14T15:51:37.374+0000] {dag.py:3239} INFO - Sync 1 DAGs
[2026-08-14T15:51:37.396+0000] {logging_mixin.py:190} INFO - [2026-08-14T15:51:37.396+0000] {dag.py:4180} INFO - Setting next_dagrun for logistics_orders_incremental_load to 2026-08-13 00:00:00+00:00, run_after=2026-08-14 00:00:00+00:00
[2026-08-14T15:51:37.415+0000] {processor.py:208} INFO - Processing /opt/airflow/dags/logistics_incremental_load.py took 0.503 seconds
[2026-08-14T15:52:07.618+0000] {processor.py:186} INFO - Started process (PID=1171) to work on /opt/airflow/dags/logistics_incremental_load.py
[2026-08-14T15:52:07.619+0000] {processor.py:914} INFO - Processing file /opt/airflow/dags/logistics_incremental_load.py for tasks to queue
[2026-08-14T15:52:07.620+0000] {logging_mixin.py:190} INFO - [2026-08-14T15:52:07.620+0000] {dagbag.py:588} INFO - Filling up the DagBag from /opt/airflow/dags/logistics_incremental_load.py
[2026-08-14T15:52:08.137+0000] {processor.py:925} INFO - DAG(s) 'logistics_orders_incremental_load' retrieved from /opt/airflow/dags/logistics_incremental_load.py
[2026-08-14T15:52:08.168+0000] {logging_mixin.py:190} INFO - [2026-08-14T15:52:08.168+0000] {dag.py:3239} INFO - Sync 1 DAGs
[2026-08-14T15:52:08.191+0000] {logging_mixin.py:190} INFO - [2026-08-14T15:52:08.191+0000] {dag.py:4180} INFO - Setting next_dagrun for logistics_orders_incremental_load to 2026-08-13 00:00:00+00:00, run_after=2026-08-14 00:00:00+00:00
[2026-08-14T15:52:08.219+0000] {processor.py:208} INFO - Processing /opt/airflow/dags/logistics_incremental_load.py took 0.606 seconds
[2026-08-14T15:52:38.766+0000] {processor.py:186} INFO - Started process (PID=1311) to work on /opt/airflow/dags/logistics_incremental_load.py
[2026-08-14T15:52:38.767+0000] {processor.py:914} INFO - Processing file /opt/airflow/dags/logistics_incremental_load.py for tasks to queue
[2026-08-14T15:52:38.768+0000] {logging_mixin.py:190} INFO - [2026-08-14T15:52:38.768+0000] {dagbag.py:588} INFO - Filling up the DagBag from /opt/airflow/dags/logistics_incremental_load.py
[2026-08-14T15:52:39.174+0000] {processor.py:925} INFO - DAG(s) 'logistics_orders_incremental_load' retrieved from /opt/airflow/dags/logistics_incremental_load.py
[2026-08-14T15:52:39.199+0000] {logging_mixin.py:190} INFO - [2026-08-14T15:52:39.198+0000] {dag.py:3239} INFO - Sync 1 DAGs
[2026-08-14T15:52:39.217+0000] {logging_mixin.py:190} INFO - [2026-08-14T15:52:39.216+0000] {dag.py:4180} INFO - Setting next_dagrun for logistics_orders_incremental_load to 2026-08-13 00:00:00+00:00, run_after=2026-08-14 00:00:00+00:00
[2026-08-14T15:52:39.236+0000] {processor.py:208} INFO - Processing /opt/airflow/dags/logistics_incremental_load.py took 0.477 seconds
[2026-08-14T16:51:41.596+0000] {processor.py:186} INFO - Started process (PID=176) to work on /opt/airflow/dags/logistics_incremental_load.py
[2026-08-14T16:51:41.598+0000] {processor.py:914} INFO - Processing file /opt/airflow/dags/logistics_incremental_load.py for tasks to queue
[2026-08-14T16:51:41.600+0000] {logging_mixin.py:190} INFO - [2026-08-14T16:51:41.600+0000] {dagbag.py:588} INFO - Filling up the DagBag from /opt/airflow/dags/logistics_incremental_load.py
[2026-08-14T16:51:41.989+0000] {processor.py:925} INFO - DAG(s) 'logistics_orders_incremental_load' retrieved from /opt/airflow/dags/logistics_incremental_load.py
[2026-08-14T16:51:42.025+0000] {logging_mixin.py:190} INFO - [2026-08-14T16:51:42.025+0000] {dag.py:3239} INFO - Sync 1 DAGs
[2026-08-14T16:51:42.057+0000] {logging_mixin.py:190} INFO - [2026-08-14T16:51:42.056+0000] {dag.py:4180} INFO - Setting next_dagrun for logistics_orders_incremental_load to 2026-08-13 00:00:00+00:00, run_after=2026-08-14 00:00:00+00:00
[2026-08-14T16:51:42.092+0000] {processor.py:208} INFO - Processing /opt/airflow/dags/logistics_incremental_load.py took 0.503 seconds
[2026-08-14T16:52:12.668+0000] {processor.py:186} INFO - Started process (PID=267) to work on /opt/airflow/dags/logistics_incremental_load.py
[2026-08-14T16:52:12.669+0000] {processor.py:914} INFO - Processing file /opt/airflow/dags/logistics_incremental_load.py for tasks to queue
[2026-08-14T16:52:12.671+0000] {logging_mixin.py:190} INFO - [2026-08-14T16:52:12.671+0000] {dagbag.py:588} INFO - Filling up the DagBag from /opt/airflow/dags/logistics_incremental_load.py
[2026-08-14T16:52:12.981+0000] {processor.py:925} INFO - DAG(s) 'logistics_orders_incremental_load' retrieved from /opt/airflow/dags/logistics_incremental_load.py
[2026-08-14T16:52:13.002+0000] {logging_mixin.py:190} INFO - [2026-08-14T16:52:13.001+0000] {dag.py:3239} INFO - Sync 1 DAGs
[2026-08-14T16:52:13.023+0000] {logging_mixin.py:190} INFO - [2026-08-14T16:52:13.022+0000] {dag.py:4180} INFO - Setting next_dagrun for logistics_orders_incremental_load to 2026-08-13 00:00:00+00:00, run_after=2026-08-14 00:00:00+00:00
[2026-08-14T16:52:13.040+0000] {processor.py:208} INFO - Processing /opt/airflow/dags/logistics_incremental_load.py took 0.378 seconds
[2026-08-14T16:52:43.224+0000] {processor.py:186} INFO - Started process (PID=371) to work on /opt/airflow/dags/logistics_incremental_load.py
[2026-08-14T16:52:43.226+0000] {processor.py:914} INFO - Processing file /opt/airflow/dags/logistics_incremental_load.py for tasks to queue
[2026-08-14T16:52:43.228+0000] {logging_mixin.py:190} INFO - [2026-08-14T16:52:43.228+0000] {dagbag.py:588} INFO - Filling up the DagBag from /opt/airflow/dags/logistics_incremental_load.py
[2026-08-14T16:52:43.479+0000] {processor.py:925} INFO - DAG(s) 'logistics_orders_incremental_load' retrieved from /opt/airflow/dags/logistics_incremental_load.py
[2026-08-14T16:52:43.502+0000] {logging_mixin.py:190} INFO - [2026-08-14T16:52:43.502+0000] {dag.py:3239} INFO - Sync 1 DAGs
[2026-08-14T16:52:43.522+0000] {logging_mixin.py:190} INFO - [2026-08-14T16:52:43.522+0000] {dag.py:4180} INFO - Setting next_dagrun for logistics_orders_incremental_load to 2026-08-13 00:00:00+00:00, run_after=2026-08-14 00:00:00+00:00
[2026-08-14T16:52:43.544+0000] {processor.py:208} INFO - Processing /opt/airflow/dags/logistics_incremental_load.py took 0.325 seconds
[2026-08-14T16:53:13.767+0000] {processor.py:186} INFO - Started process (PID=463) to work on /opt/airflow/dags/logistics_incremental_load.py
[2026-08-14T16:53:13.767+0000] {processor.py:914} INFO - Processing file /opt/airflow/dags/logistics_incremental_load.py for tasks to queue
[2026-08-14T16:53:13.771+0000] {logging_mixin.py:190} INFO - [2026-08-14T16:53:13.770+0000] {dagbag.py:588} INFO - Filling up the DagBag from /opt/airflow/dags/logistics_incremental_load.py
[2026-08-14T16:53:14.060+0000] {processor.py:925} INFO - DAG(s) 'logistics_orders_incremental_load' retrieved from /opt/airflow/dags/logistics_incremental_load.py
[2026-08-14T16:53:14.082+0000] {logging_mixin.py:190} INFO - [2026-08-14T16:53:14.082+0000] {dag.py:3239} INFO - Sync 1 DAGs
[2026-08-14T16:53:14.103+0000] {logging_mixin.py:190} INFO - [2026-08-14T16:53:14.103+0000] {dag.py:4180} INFO - Setting next_dagrun for logistics_orders_incremental_load to 2026-08-13 00:00:00+00:00, run_after=2026-08-14 00:00:00+00:00
[2026-08-14T16:53:14.122+0000] {processor.py:208} INFO - Processing /opt/airflow/dags/logistics_incremental_load.py took 0.362 seconds
[2026-08-14T16:53:44.416+0000] {processor.py:186} INFO - Started process (PID=552) to work on /opt/airflow/dags/logistics_incremental_load.py
[2026-08-14T16:53:44.418+0000] {processor.py:914} INFO - Processing file /opt/airflow/dags/logistics_incremental_load.py for tasks to queue
[2026-08-14T16:53:44.422+0000] {logging_mixin.py:190} INFO - [2026-08-14T16:53:44.422+0000] {dagbag.py:588} INFO - Filling up the DagBag from /opt/airflow/dags/logistics_incremental_load.py
[2026-08-14T16:53:44.707+0000] {processor.py:925} INFO - DAG(s) 'logistics_orders_incremental_load' retrieved from /opt/airflow/dags/logistics_incremental_load.py
[2026-08-14T16:53:44.730+0000] {logging_mixin.py:190} INFO - [2026-08-14T16:53:44.730+0000] {dag.py:3239} INFO - Sync 1 DAGs
[2026-08-14T16:53:44.757+0000] {logging_mixin.py:190} INFO - [2026-08-14T16:53:44.757+0000] {dag.py:4180} INFO - Setting next_dagrun for logistics_orders_incremental_load to 2026-08-13 00:00:00+00:00, run_after=2026-08-14 00:00:00+00:00
[2026-08-14T16:53:44.780+0000] {processor.py:208} INFO - Processing /opt/airflow/dags/logistics_incremental_load.py took 0.369 seconds
[2026-08-14T23:46:00.437+0000] {processor.py:186} INFO - Started process (PID=177) to work on /opt/airflow/dags/logistics_incremental_load.py
[2026-08-14T23:46:00.441+0000] {processor.py:914} INFO - Processing file /opt/airflow/dags/logistics_incremental_load.py for tasks to queue
[2026-08-14T23:46:00.453+0000] {logging_mixin.py:190} INFO - [2026-08-14T23:46:00.452+0000] {dagbag.py:588} INFO - Filling up the DagBag from /opt/airflow/dags/logistics_incremental_load.py
[2026-08-14T23:46:01.001+0000] {processor.py:925} INFO - DAG(s) 'logistics_orders_incremental_load' retrieved from /opt/airflow/dags/logistics_incremental_load.py
[2026-08-14T23:46:01.039+0000] {logging_mixin.py:190} INFO - [2026-08-14T23:46:01.039+0000] {dag.py:3239} INFO - Sync 1 DAGs
[2026-08-14T23:46:01.071+0000] {logging_mixin.py:190} INFO - [2026-08-14T23:46:01.071+0000] {dag.py:4180} INFO - Setting next_dagrun for logistics_orders_incremental_load to 2026-08-13 00:00:00+00:00, run_after=2026-08-14 00:00:00+00:00
[2026-08-14T23:46:01.140+0000] {processor.py:208} INFO - Processing /opt/airflow/dags/logistics_incremental_load.py took 0.728 seconds
[2026-08-14T23:46:50.035+0000] {processor.py:186} INFO - Started process (PID=268) to work on /opt/airflow/dags/logistics_incremental_load.py
[2026-08-14T23:46:50.036+0000] {processor.py:914} INFO - Processing file /opt/airflow/dags/logistics_incremental_load.py for tasks to queue
[2026-08-14T23:46:50.038+0000] {logging_mixin.py:190} INFO - [2026-08-14T23:46:50.038+0000] {dagbag.py:588} INFO - Filling up the DagBag from /opt/airflow/dags/logistics_incremental_load.py
[2026-08-14T23:46:50.335+0000] {processor.py:925} INFO - DAG(s) 'logistics_orders_incremental_load' retrieved from /opt/airflow/dags/logistics_incremental_load.py
[2026-08-14T23:46:50.363+0000] {logging_mixin.py:190} INFO - [2026-08-14T23:46:50.362+0000] {dag.py:3239} INFO - Sync 1 DAGs
[2026-08-14T23:46:50.394+0000] {logging_mixin.py:190} INFO - [2026-08-14T23:46:50.393+0000] {dag.py:4180} INFO - Setting next_dagrun for logistics_orders_incremental_load to 2026-08-13 00:00:00+00:00, run_after=2026-08-14 00:00:00+00:00
[2026-08-14T23:46:50.419+0000] {processor.py:208} INFO - Processing /opt/airflow/dags/logistics_incremental_load.py took 0.390 seconds
[2026-08-14T23:47:20.862+0000] {processor.py:186} INFO - Started process (PID=361) to work on /opt/airflow/dags/logistics_incremental_load.py
[2026-08-14T23:47:20.863+0000] {processor.py:914} INFO - Processing file /opt/airflow/dags/logistics_incremental_load.py for tasks to queue
[2026-08-14T23:47:20.864+0000] {logging_mixin.py:190} INFO - [2026-08-14T23:47:20.864+0000] {dagbag.py:588} INFO - Filling up the DagBag from /opt/airflow/dags/logistics_incremental_load.py
[2026-08-14T23:47:21.185+0000] {processor.py:925} INFO - DAG(s) 'logistics_orders_incremental_load' retrieved from /opt/airflow/dags/logistics_incremental_load.py
[2026-08-14T23:47:21.218+0000] {logging_mixin.py:190} INFO - [2026-08-14T23:47:21.218+0000] {dag.py:3239} INFO - Sync 1 DAGs
[2026-08-14T23:47:21.248+0000] {logging_mixin.py:190} INFO - [2026-08-14T23:47:21.248+0000] {dag.py:4180} INFO - Setting next_dagrun for logistics_orders_incremental_load to 2026-08-13 00:00:00+00:00, run_after=2026-08-14 00:00:00+00:00
[2026-08-14T23:47:21.270+0000] {processor.py:208} INFO - Processing /opt/airflow/dags/logistics_incremental_load.py took 0.414 seconds
[2026-08-14T23:48:10.020+0000] {processor.py:186} INFO - Started process (PID=443) to work on /opt/airflow/dags/logistics_incremental_load.py
[2026-08-14T23:48:10.021+0000] {processor.py:914} INFO - Processing file /opt/airflow/dags/logistics_incremental_load.py for tasks to queue
[2026-08-14T23:48:10.022+0000] {logging_mixin.py:190} INFO - [2026-08-14T23:48:10.022+0000] {dagbag.py:588} INFO - Filling up the DagBag from /opt/airflow/dags/logistics_incremental_load.py
[2026-08-14T23:48:10.270+0000] {processor.py:925} INFO - DAG(s) 'logistics_orders_incremental_load' retrieved from /opt/airflow/dags/logistics_incremental_load.py
[2026-08-14T23:48:10.290+0000] {logging_mixin.py:190} INFO - [2026-08-14T23:48:10.290+0000] {dag.py:3239} INFO - Sync 1 DAGs
[2026-08-14T23:48:10.309+0000] {logging_mixin.py:190} INFO - [2026-08-14T23:48:10.309+0000] {dag.py:4180} INFO - Setting next_dagrun for logistics_orders_incremental_load to 2026-08-13 00:00:00+00:00, run_after=2026-08-14 00:00:00+00:00
[2026-08-14T23:48:10.330+0000] {processor.py:208} INFO - Processing /opt/airflow/dags/logistics_incremental_load.py took 0.315 seconds
[2026-08-14T23:48:40.872+0000] {processor.py:186} INFO - Started process (PID=521) to work on /opt/airflow/dags/logistics_incremental_load.py
[2026-08-14T23:48:40.873+0000] {processor.py:914} INFO - Processing file /opt/airflow/dags/logistics_incremental_load.py for tasks to queue
[2026-08-14T23:48:40.875+0000] {logging_mixin.py:190} INFO - [2026-08-14T23:48:40.874+0000] {dagbag.py:588} INFO - Filling up the DagBag from /opt/airflow/dags/logistics_incremental_load.py
[2026-08-14T23:48:41.135+0000] {processor.py:925} INFO - DAG(s) 'logistics_orders_incremental_load' retrieved from /opt/airflow/dags/logistics_incremental_load.py
[2026-08-14T23:48:41.159+0000] {logging_mixin.py:190} INFO - [2026-08-14T23:48:41.159+0000] {dag.py:3239} INFO - Sync 1 DAGs
[2026-08-14T23:48:41.179+0000] {logging_mixin.py:190} INFO - [2026-08-14T23:48:41.179+0000] {dag.py:4180} INFO - Setting next_dagrun for logistics_orders_incremental_load to 2026-08-13 00:00:00+00:00, run_after=2026-08-14 00:00:00+00:00
[2026-08-14T23:48:41.197+0000] {processor.py:208} INFO - Processing /opt/airflow/dags/logistics_incremental_load.py took 0.329 seconds
[2026-08-14T23:49:30.186+0000] {processor.py:186} INFO - Started process (PID=612) to work on /opt/airflow/dags/logistics_incremental_load.py
[2026-08-14T23:49:30.187+0000] {processor.py:914} INFO - Processing file /opt/airflow/dags/logistics_incremental_load.py for tasks to queue
[2026-08-14T23:49:30.189+0000] {logging_mixin.py:190} INFO - [2026-08-14T23:49:30.188+0000] {dagbag.py:588} INFO - Filling up the DagBag from /opt/airflow/dags/logistics_incremental_load.py
[2026-08-14T23:49:30.449+0000] {processor.py:925} INFO - DAG(s) 'logistics_orders_incremental_load' retrieved from /opt/airflow/dags/logistics_incremental_load.py
[2026-08-14T23:49:30.470+0000] {logging_mixin.py:190} INFO - [2026-08-14T23:49:30.470+0000] {dag.py:3239} INFO - Sync 1 DAGs
[2026-08-14T23:49:30.490+0000] {logging_mixin.py:190} INFO - [2026-08-14T23:49:30.489+0000] {dag.py:4180} INFO - Setting next_dagrun for logistics_orders_incremental_load to 2026-08-13 00:00:00+00:00, run_after=2026-08-14 00:00:00+00:00
[2026-08-14T23:49:30.510+0000] {processor.py:208} INFO - Processing /opt/airflow/dags/logistics_incremental_load.py took 0.330 seconds
[2026-08-14T23:50:01.372+0000] {processor.py:186} INFO - Started process (PID=699) to work on /opt/airflow/dags/logistics_incremental_load.py
[2026-08-14T23:50:01.373+0000] {processor.py:914} INFO - Processing file /opt/airflow/dags/logistics_incremental_load.py for tasks to queue
[2026-08-14T23:50:01.374+0000] {logging_mixin.py:190} INFO - [2026-08-14T23:50:01.374+0000] {dagbag.py:588} INFO - Filling up the DagBag from /opt/airflow/dags/logistics_incremental_load.py
[2026-08-14T23:50:01.645+0000] {processor.py:925} INFO - DAG(s) 'logistics_orders_incremental_load' retrieved from /opt/airflow/dags/logistics_incremental_load.py
[2026-08-14T23:50:01.679+0000] {logging_mixin.py:190} INFO - [2026-08-14T23:50:01.679+0000] {dag.py:3239} INFO - Sync 1 DAGs
[2026-08-14T23:50:01.704+0000] {logging_mixin.py:190} INFO - [2026-08-14T23:50:01.703+0000] {dag.py:4180} INFO - Setting next_dagrun for logistics_orders_incremental_load to 2026-08-13 00:00:00+00:00, run_after=2026-08-14 00:00:00+00:00
[2026-08-14T23:50:01.723+0000] {processor.py:208} INFO - Processing /opt/airflow/dags/logistics_incremental_load.py took 0.356 seconds
[2026-08-14T23:50:50.920+0000] {processor.py:186} INFO - Started process (PID=790) to work on /opt/airflow/dags/logistics_incremental_load.py
[2026-08-14T23:50:50.921+0000] {processor.py:914} INFO - Processing file /opt/airflow/dags/logistics_incremental_load.py for tasks to queue
[2026-08-14T23:50:50.922+0000] {logging_mixin.py:190} INFO - [2026-08-14T23:50:50.922+0000] {dagbag.py:588} INFO - Filling up the DagBag from /opt/airflow/dags/logistics_incremental_load.py
[2026-08-14T23:50:51.182+0000] {processor.py:925} INFO - DAG(s) 'logistics_orders_incremental_load' retrieved from /opt/airflow/dags/logistics_incremental_load.py
[2026-08-14T23:50:51.204+0000] {logging_mixin.py:190} INFO - [2026-08-14T23:50:51.204+0000] {dag.py:3239} INFO - Sync 1 DAGs
[2026-08-14T23:50:51.370+0000] {logging_mixin.py:190} INFO - [2026-08-14T23:50:51.369+0000] {dag.py:4180} INFO - Setting next_dagrun for logistics_orders_incremental_load to 2026-08-13 00:00:00+00:00, run_after=2026-08-14 00:00:00+00:00
[2026-08-14T23:50:51.396+0000] {processor.py:208} INFO - Processing /opt/airflow/dags/logistics_incremental_load.py took 0.481 seconds
[2026-08-14T23:51:22.057+0000] {processor.py:186} INFO - Started process (PID=877) to work on /opt/airflow/dags/logistics_incremental_load.py
[2026-08-14T23:51:22.058+0000] {processor.py:914} INFO - Processing file /opt/airflow/dags/logistics_incremental_load.py for tasks to queue
[2026-08-14T23:51:22.060+0000] {logging_mixin.py:190} INFO - [2026-08-14T23:51:22.059+0000] {dagbag.py:588} INFO - Filling up the DagBag from /opt/airflow/dags/logistics_incremental_load.py
[2026-08-14T23:51:22.313+0000] {processor.py:925} INFO - DAG(s) 'logistics_orders_incremental_load' retrieved from /opt/airflow/dags/logistics_incremental_load.py
[2026-08-14T23:51:22.339+0000] {logging_mixin.py:190} INFO - [2026-08-14T23:51:22.339+0000] {dag.py:3239} INFO - Sync 1 DAGs
[2026-08-14T23:51:22.358+0000] {logging_mixin.py:190} INFO - [2026-08-14T23:51:22.358+0000] {dag.py:4180} INFO - Setting next_dagrun for logistics_orders_incremental_load to 2026-08-13 00:00:00+00:00, run_after=2026-08-14 00:00:00+00:00
[2026-08-14T23:51:22.499+0000] {processor.py:208} INFO - Processing /opt/airflow/dags/logistics_incremental_load.py took 0.448 seconds
[2026-08-14T23:51:53.559+0000] {processor.py:186} INFO - Started process (PID=968) to work on /opt/airflow/dags/logistics_incremental_load.py
[2026-08-14T23:51:53.560+0000] {processor.py:914} INFO - Processing file /opt/airflow/dags/logistics_incremental_load.py for tasks to queue
[2026-08-14T23:51:53.561+0000] {logging_mixin.py:190} INFO - [2026-08-14T23:51:53.561+0000] {dagbag.py:588} INFO - Filling up the DagBag from /opt/airflow/dags/logistics_incremental_load.py
[2026-08-14T23:51:53.828+0000] {processor.py:925} INFO - DAG(s) 'logistics_orders_incremental_load' retrieved from /opt/airflow/dags/logistics_incremental_load.py
[2026-08-14T23:51:53.850+0000] {logging_mixin.py:190} INFO - [2026-08-14T23:51:53.850+0000] {dag.py:3239} INFO - Sync 1 DAGs
[2026-08-14T23:51:53.870+0000] {logging_mixin.py:190} INFO - [2026-08-14T23:51:53.869+0000] {dag.py:4180} INFO - Setting next_dagrun for logistics_orders_incremental_load to 2026-08-13 00:00:00+00:00, run_after=2026-08-14 00:00:00+00:00
[2026-08-14T23:51:53.887+0000] {processor.py:208} INFO - Processing /opt/airflow/dags/logistics_incremental_load.py took 0.334 seconds
[2026-08-14T23:52:24.065+0000] {processor.py:186} INFO - Started process (PID=1055) to work on /opt/airflow/dags/logistics_incremental_load.py
[2026-08-14T23:52:24.067+0000] {processor.py:914} INFO - Processing file /opt/airflow/dags/logistics_incremental_load.py for tasks to queue
[2026-08-14T23:52:24.068+0000] {logging_mixin.py:190} INFO - [2026-08-14T23:52:24.068+0000] {dagbag.py:588} INFO - Filling up the DagBag from /opt/airflow/dags/logistics_incremental_load.py
[2026-08-14T23:52:24.342+0000] {processor.py:925} INFO - DAG(s) 'logistics_orders_incremental_load' retrieved from /opt/airflow/dags/logistics_incremental_load.py
[2026-08-14T23:52:24.364+0000] {logging_mixin.py:190} INFO - [2026-08-14T23:52:24.364+0000] {dag.py:3239} INFO - Sync 1 DAGs
[2026-08-14T23:52:24.514+0000] {logging_mixin.py:190} INFO - [2026-08-14T23:52:24.514+0000] {dag.py:4180} INFO - Setting next_dagrun for logistics_orders_incremental_load to 2026-08-13 00:00:00+00:00, run_after=2026-08-14 00:00:00+00:00
[2026-08-14T23:52:24.529+0000] {processor.py:208} INFO - Processing /opt/airflow/dags/logistics_incremental_load.py took 0.469 seconds
[2026-08-14T23:52:54.685+0000] {processor.py:186} INFO - Started process (PID=1145) to work on /opt/airflow/dags/logistics_incremental_load.py
[2026-08-14T23:52:54.686+0000] {processor.py:914} INFO - Processing file /opt/airflow/dags/logistics_incremental_load.py for tasks to queue
[2026-08-14T23:52:54.687+0000] {logging_mixin.py:190} INFO - [2026-08-14T23:52:54.687+0000] {dagbag.py:588} INFO - Filling up the DagBag from /opt/airflow/dags/logistics_incremental_load.py
[2026-08-14T23:52:54.960+0000] {processor.py:925} INFO - DAG(s) 'logistics_orders_incremental_load' retrieved from /opt/airflow/dags/logistics_incremental_load.py
[2026-08-14T23:52:54.986+0000] {logging_mixin.py:190} INFO - [2026-08-14T23:52:54.985+0000] {dag.py:3239} INFO - Sync 1 DAGs
[2026-08-14T23:52:55.163+0000] {logging_mixin.py:190} INFO - [2026-08-14T23:52:55.163+0000] {dag.py:4180} INFO - Setting next_dagrun for logistics_orders_incremental_load to 2026-08-13 00:00:00+00:00, run_after=2026-08-14 00:00:00+00:00
[2026-08-14T23:52:55.183+0000] {processor.py:208} INFO - Processing /opt/airflow/dags/logistics_incremental_load.py took 0.503 seconds
[2026-08-14T23:53:25.357+0000] {processor.py:186} INFO - Started process (PID=1235) to work on /opt/airflow/dags/logistics_incremental_load.py
[2026-08-14T23:53:25.358+0000] {processor.py:914} INFO - Processing file /opt/airflow/dags/logistics_incremental_load.py for tasks to queue
[2026-08-14T23:53:25.359+0000] {logging_mixin.py:190} INFO - [2026-08-14T23:53:25.359+0000] {dagbag.py:588} INFO - Filling up the DagBag from /opt/airflow/dags/logistics_incremental_load.py
[2026-08-14T23:53:25.823+0000] {processor.py:925} INFO - DAG(s) 'logistics_orders_incremental_load' retrieved from /opt/airflow/dags/logistics_incremental_load.py
[2026-08-14T23:53:25.849+0000] {logging_mixin.py:190} INFO - [2026-08-14T23:53:25.849+0000] {dag.py:3239} INFO - Sync 1 DAGs
[2026-08-14T23:53:25.872+0000] {logging_mixin.py:190} INFO - [2026-08-14T23:53:25.871+0000] {dag.py:4180} INFO - Setting next_dagrun for logistics_orders_incremental_load to 2026-08-13 00:00:00+00:00, run_after=2026-08-14 00:00:00+00:00
[2026-08-14T23:53:25.899+0000] {processor.py:208} INFO - Processing /opt/airflow/dags/logistics_incremental_load.py took 0.548 seconds
[2026-08-14T23:53:56.229+0000] {processor.py:186} INFO - Started process (PID=1318) to work on /opt/airflow/dags/logistics_incremental_load.py
[2026-08-14T23:53:56.230+0000] {processor.py:914} INFO - Processing file /opt/airflow/dags/logistics_incremental_load.py for tasks to queue
[2026-08-14T23:53:56.231+0000] {logging_mixin.py:190} INFO - [2026-08-14T23:53:56.231+0000] {dagbag.py:588} INFO - Filling up the DagBag from /opt/airflow/dags/logistics_incremental_load.py
[2026-08-14T23:53:56.680+0000] {processor.py:925} INFO - DAG(s) 'logistics_orders_incremental_load' retrieved from /opt/airflow/dags/logistics_incremental_load.py
[2026-08-14T23:53:56.706+0000] {logging_mixin.py:190} INFO - [2026-08-14T23:53:56.706+0000] {dag.py:3239} INFO - Sync 1 DAGs
[2026-08-14T23:53:56.726+0000] {logging_mixin.py:190} INFO - [2026-08-14T23:53:56.726+0000] {dag.py:4180} INFO - Setting next_dagrun for logistics_orders_incremental_load to 2026-08-13 00:00:00+00:00, run_after=2026-08-14 00:00:00+00:00
[2026-08-14T23:53:56.748+0000] {processor.py:208} INFO - Processing /opt/airflow/dags/logistics_incremental_load.py took 0.524 seconds
[2026-08-14T23:54:27.921+0000] {processor.py:186} INFO - Started process (PID=1444) to work on /opt/airflow/dags/logistics_incremental_load.py
[2026-08-14T23:54:27.925+0000] {processor.py:914} INFO - Processing file /opt/airflow/dags/logistics_incremental_load.py for tasks to queue
[2026-08-14T23:54:27.928+0000] {logging_mixin.py:190} INFO - [2026-08-14T23:54:27.927+0000] {dagbag.py:588} INFO - Filling up the DagBag from /opt/airflow/dags/logistics_incremental_load.py
[2026-08-14T23:54:28.416+0000] {processor.py:925} INFO - DAG(s) 'logistics_orders_incremental_load' retrieved from /opt/airflow/dags/logistics_incremental_load.py
[2026-08-14T23:54:28.439+0000] {logging_mixin.py:190} INFO - [2026-08-14T23:54:28.439+0000] {dag.py:3239} INFO - Sync 1 DAGs
[2026-08-14T23:54:28.462+0000] {logging_mixin.py:190} INFO - [2026-08-14T23:54:28.462+0000] {dag.py:4180} INFO - Setting next_dagrun for logistics_orders_incremental_load to 2026-08-13 00:00:00+00:00, run_after=2026-08-14 00:00:00+00:00
[2026-08-14T23:54:28.495+0000] {processor.py:208} INFO - Processing /opt/airflow/dags/logistics_incremental_load.py took 0.585 seconds
[2026-08-14T23:54:58.628+0000] {processor.py:186} INFO - Started process (PID=1536) to work on /opt/airflow/dags/logistics_incremental_load.py
[2026-08-14T23:54:58.633+0000] {processor.py:914} INFO - Processing file /opt/airflow/dags/logistics_incremental_load.py for tasks to queue
[2026-08-14T23:54:58.635+0000] {logging_mixin.py:190} INFO - [2026-08-14T23:54:58.634+0000] {dagbag.py:588} INFO - Filling up the DagBag from /opt/airflow/dags/logistics_incremental_load.py
[2026-08-14T23:54:59.776+0000] {processor.py:925} INFO - DAG(s) 'logistics_orders_incremental_load' retrieved from /opt/airflow/dags/logistics_incremental_load.py
[2026-08-14T23:54:59.821+0000] {logging_mixin.py:190} INFO - [2026-08-14T23:54:59.821+0000] {dag.py:3239} INFO - Sync 1 DAGs
[2026-08-14T23:54:59.869+0000] {logging_mixin.py:190} INFO - [2026-08-14T23:54:59.869+0000] {dag.py:4180} INFO - Setting next_dagrun for logistics_orders_incremental_load to 2026-08-13 00:00:00+00:00, run_after=2026-08-14 00:00:00+00:00
[2026-08-14T23:54:59.908+0000] {processor.py:208} INFO - Processing /opt/airflow/dags/logistics_incremental_load.py took 1.300 seconds
[2026-08-14T23:55:30.185+0000] {processor.py:186} INFO - Started process (PID=1672) to work on /opt/airflow/dags/logistics_incremental_load.py
[2026-08-14T23:55:30.187+0000] {processor.py:914} INFO - Processing file /opt/airflow/dags/logistics_incremental_load.py for tasks to queue
[2026-08-14T23:55:30.190+0000] {logging_mixin.py:190} INFO - [2026-08-14T23:55:30.189+0000] {dagbag.py:588} INFO - Filling up the DagBag from /opt/airflow/dags/logistics_incremental_load.py
[2026-08-14T23:55:31.264+0000] {processor.py:925} INFO - DAG(s) 'logistics_orders_incremental_load' retrieved from /opt/airflow/dags/logistics_incremental_load.py
[2026-08-14T23:55:31.364+0000] {logging_mixin.py:190} INFO - [2026-08-14T23:55:31.364+0000] {dag.py:3239} INFO - Sync 1 DAGs
[2026-08-14T23:55:31.463+0000] {logging_mixin.py:190} INFO - [2026-08-14T23:55:31.461+0000] {dag.py:4180} INFO - Setting next_dagrun for logistics_orders_incremental_load to 2026-08-13 00:00:00+00:00, run_after=2026-08-14 00:00:00+00:00
[2026-08-14T23:55:31.515+0000] {processor.py:208} INFO - Processing /opt/airflow/dags/logistics_incremental_load.py took 1.345 seconds
[2026-08-14T23:56:07.672+0000] {processor.py:186} INFO - Started process (PID=1798) to work on /opt/airflow/dags/logistics_incremental_load.py
[2026-08-14T23:56:07.673+0000] {processor.py:914} INFO - Processing file /opt/airflow/dags/logistics_incremental_load.py for tasks to queue
[2026-08-14T23:56:07.675+0000] {logging_mixin.py:190} INFO - [2026-08-14T23:56:07.674+0000] {dagbag.py:588} INFO - Filling up the DagBag from /opt/airflow/dags/logistics_incremental_load.py
[2026-08-14T23:56:08.211+0000] {processor.py:925} INFO - DAG(s) 'logistics_orders_incremental_load' retrieved from /opt/airflow/dags/logistics_incremental_load.py
[2026-08-14T23:56:08.236+0000] {logging_mixin.py:190} INFO - [2026-08-14T23:56:08.236+0000] {dag.py:3239} INFO - Sync 1 DAGs
[2026-08-14T23:56:08.264+0000] {logging_mixin.py:190} INFO - [2026-08-14T23:56:08.264+0000] {dag.py:4180} INFO - Setting next_dagrun for logistics_orders_incremental_load to 2026-08-13 00:00:00+00:00, run_after=2026-08-14 00:00:00+00:00
[2026-08-14T23:56:08.291+0000] {processor.py:208} INFO - Processing /opt/airflow/dags/logistics_incremental_load.py took 0.626 seconds
[2026-08-14T23:56:38.678+0000] {processor.py:186} INFO - Started process (PID=1929) to work on /opt/airflow/dags/logistics_incremental_load.py
[2026-08-14T23:56:38.680+0000] {processor.py:914} INFO - Processing file /opt/airflow/dags/logistics_incremental_load.py for tasks to queue
[2026-08-14T23:56:38.681+0000] {logging_mixin.py:190} INFO - [2026-08-14T23:56:38.681+0000] {dagbag.py:588} INFO - Filling up the DagBag from /opt/airflow/dags/logistics_incremental_load.py
[2026-08-14T23:56:39.778+0000] {processor.py:925} INFO - DAG(s) 'logistics_orders_incremental_load' retrieved from /opt/airflow/dags/logistics_incremental_load.py
[2026-08-14T23:56:39.819+0000] {logging_mixin.py:190} INFO - [2026-08-14T23:56:39.818+0000] {dag.py:3239} INFO - Sync 1 DAGs
[2026-08-14T23:56:39.861+0000] {logging_mixin.py:190} INFO - [2026-08-14T23:56:39.861+0000] {dag.py:4180} INFO - Setting next_dagrun for logistics_orders_incremental_load to 2026-08-13 00:00:00+00:00, run_after=2026-08-14 00:00:00+00:00
[2026-08-14T23:56:39.897+0000] {processor.py:208} INFO - Processing /opt/airflow/dags/logistics_incremental_load.py took 1.230 seconds
[2026-08-14T23:57:10.321+0000] {processor.py:186} INFO - Started process (PID=2020) to work on /opt/airflow/dags/logistics_incremental_load.py
[2026-08-14T23:57:10.322+0000] {processor.py:914} INFO - Processing file /opt/airflow/dags/logistics_incremental_load.py for tasks to queue
[2026-08-14T23:57:10.323+0000] {logging_mixin.py:190} INFO - [2026-08-14T23:57:10.323+0000] {dagbag.py:588} INFO - Filling up the DagBag from /opt/airflow/dags/logistics_incremental_load.py
[2026-08-14T23:57:10.697+0000] {processor.py:925} INFO - DAG(s) 'logistics_orders_incremental_load' retrieved from /opt/airflow/dags/logistics_incremental_load.py
[2026-08-14T23:57:10.717+0000] {logging_mixin.py:190} INFO - [2026-08-14T23:57:10.717+0000] {dag.py:3239} INFO - Sync 1 DAGs
[2026-08-14T23:57:10.735+0000] {logging_mixin.py:190} INFO - [2026-08-14T23:57:10.735+0000] {dag.py:4180} INFO - Setting next_dagrun for logistics_orders_incremental_load to 2026-08-13 00:00:00+00:00, run_after=2026-08-14 00:00:00+00:00
[2026-08-14T23:57:10.753+0000] {processor.py:208} INFO - Processing /opt/airflow/dags/logistics_incremental_load.py took 0.437 seconds
[2026-08-14T23:57:41.679+0000] {processor.py:186} INFO - Started process (PID=2119) to work on /opt/airflow/dags/logistics_incremental_load.py
[2026-08-14T23:57:41.680+0000] {processor.py:914} INFO - Processing file /opt/airflow/dags/logistics_incremental_load.py for tasks to queue
[2026-08-14T23:57:41.681+0000] {logging_mixin.py:190} INFO - [2026-08-14T23:57:41.681+0000] {dagbag.py:588} INFO - Filling up the DagBag from /opt/airflow/dags/logistics_incremental_load.py
[2026-08-14T23:57:42.069+0000] {processor.py:925} INFO - DAG(s) 'logistics_orders_incremental_load' retrieved from /opt/airflow/dags/logistics_incremental_load.py
[2026-08-14T23:57:42.087+0000] {logging_mixin.py:190} INFO - [2026-08-14T23:57:42.087+0000] {dag.py:3239} INFO - Sync 1 DAGs
[2026-08-14T23:57:42.106+0000] {logging_mixin.py:190} INFO - [2026-08-14T23:57:42.106+0000] {dag.py:4180} INFO - Setting next_dagrun for logistics_orders_incremental_load to 2026-08-13 00:00:00+00:00, run_after=2026-08-14 00:00:00+00:00
[2026-08-14T23:57:42.126+0000] {processor.py:208} INFO - Processing /opt/airflow/dags/logistics_incremental_load.py took 0.453 seconds
[2026-08-14T23:58:12.293+0000] {processor.py:186} INFO - Started process (PID=2211) to work on /opt/airflow/dags/logistics_incremental_load.py
[2026-08-14T23:58:12.294+0000] {processor.py:914} INFO - Processing file /opt/airflow/dags/logistics_incremental_load.py for tasks to queue
[2026-08-14T23:58:12.295+0000] {logging_mixin.py:190} INFO - [2026-08-14T23:58:12.295+0000] {dagbag.py:588} INFO - Filling up the DagBag from /opt/airflow/dags/logistics_incremental_load.py
[2026-08-14T23:58:12.675+0000] {processor.py:925} INFO - DAG(s) 'logistics_orders_incremental_load' retrieved from /opt/airflow/dags/logistics_incremental_load.py
[2026-08-14T23:58:12.694+0000] {logging_mixin.py:190} INFO - [2026-08-14T23:58:12.693+0000] {dag.py:3239} INFO - Sync 1 DAGs
[2026-08-14T23:58:12.713+0000] {logging_mixin.py:190} INFO - [2026-08-14T23:58:12.712+0000] {dag.py:4180} INFO - Setting next_dagrun for logistics_orders_incremental_load to 2026-08-13 00:00:00+00:00, run_after=2026-08-14 00:00:00+00:00
[2026-08-14T23:58:12.729+0000] {processor.py:208} INFO - Processing /opt/airflow/dags/logistics_incremental_load.py took 0.442 seconds
[2026-08-14T23:58:43.269+0000] {processor.py:186} INFO - Started process (PID=2302) to work on /opt/airflow/dags/logistics_incremental_load.py
[2026-08-14T23:58:43.271+0000] {processor.py:914} INFO - Processing file /opt/airflow/dags/logistics_incremental_load.py for tasks to queue
[2026-08-14T23:58:43.273+0000] {logging_mixin.py:190} INFO - [2026-08-14T23:58:43.272+0000] {dagbag.py:588} INFO - Filling up the DagBag from /opt/airflow/dags/logistics_incremental_load.py
[2026-08-14T23:58:43.689+0000] {processor.py:925} INFO - DAG(s) 'logistics_orders_incremental_load' retrieved from /opt/airflow/dags/logistics_incremental_load.py
[2026-08-14T23:58:43.709+0000] {logging_mixin.py:190} INFO - [2026-08-14T23:58:43.709+0000] {dag.py:3239} INFO - Sync 1 DAGs
[2026-08-14T23:58:43.728+0000] {logging_mixin.py:190} INFO - [2026-08-14T23:58:43.728+0000] {dag.py:4180} INFO - Setting next_dagrun for logistics_orders_incremental_load to 2026-08-13 00:00:00+00:00, run_after=2026-08-14 00:00:00+00:00
[2026-08-14T23:58:43.752+0000] {processor.py:208} INFO - Processing /opt/airflow/dags/logistics_incremental_load.py took 0.488 seconds
[2026-08-14T23:59:14.666+0000] {processor.py:186} INFO - Started process (PID=2406) to work on /opt/airflow/dags/logistics_incremental_load.py
[2026-08-14T23:59:14.667+0000] {processor.py:914} INFO - Processing file /opt/airflow/dags/logistics_incremental_load.py for tasks to queue
[2026-08-14T23:59:14.668+0000] {logging_mixin.py:190} INFO - [2026-08-14T23:59:14.668+0000] {dagbag.py:588} INFO - Filling up the DagBag from /opt/airflow/dags/logistics_incremental_load.py
[2026-08-14T23:59:15.071+0000] {processor.py:925} INFO - DAG(s) 'logistics_orders_incremental_load' retrieved from /opt/airflow/dags/logistics_incremental_load.py
[2026-08-14T23:59:15.091+0000] {logging_mixin.py:190} INFO - [2026-08-14T23:59:15.091+0000] {dag.py:3239} INFO - Sync 1 DAGs
[2026-08-14T23:59:15.114+0000] {logging_mixin.py:190} INFO - [2026-08-14T23:59:15.114+0000] {dag.py:4180} INFO - Setting next_dagrun for logistics_orders_incremental_load to 2026-08-13 00:00:00+00:00, run_after=2026-08-14 00:00:00+00:00
[2026-08-14T23:59:15.133+0000] {processor.py:208} INFO - Processing /opt/airflow/dags/logistics_incremental_load.py took 0.472 seconds
[2026-08-14T23:59:48.007+0000] {processor.py:186} INFO - Started process (PID=2488) to work on /opt/airflow/dags/logistics_incremental_load.py
[2026-08-14T23:59:48.008+0000] {processor.py:914} INFO - Processing file /opt/airflow/dags/logistics_incremental_load.py for tasks to queue
[2026-08-14T23:59:48.010+0000] {logging_mixin.py:190} INFO - [2026-08-14T23:59:48.010+0000] {dagbag.py:588} INFO - Filling up the DagBag from /opt/airflow/dags/logistics_incremental_load.py
[2026-08-14T23:59:48.426+0000] {processor.py:925} INFO - DAG(s) 'logistics_orders_incremental_load' retrieved from /opt/airflow/dags/logistics_incremental_load.py
[2026-08-14T23:59:48.447+0000] {logging_mixin.py:190} INFO - [2026-08-14T23:59:48.447+0000] {dag.py:3239} INFO - Sync 1 DAGs
[2026-08-14T23:59:48.468+0000] {logging_mixin.py:190} INFO - [2026-08-14T23:59:48.468+0000] {dag.py:4180} INFO - Setting next_dagrun for logistics_orders_incremental_load to 2026-08-13 00:00:00+00:00, run_after=2026-08-14 00:00:00+00:00
[2026-08-14T23:59:48.495+0000] {processor.py:208} INFO - Processing /opt/airflow/dags/logistics_incremental_load.py took 0.494 seconds
