[2026-07-18T01:24:13.860+0000] {processor.py:186} INFO - Started process (PID=228) to work on /opt/airflow/dags/consumer_complaints_incremental_dag.py
[2026-07-18T01:24:13.862+0000] {processor.py:914} INFO - Processing file /opt/airflow/dags/consumer_complaints_incremental_dag.py for tasks to queue
[2026-07-18T01:24:13.866+0000] {logging_mixin.py:190} INFO - [2026-07-18T01:24:13.865+0000] {dagbag.py:588} INFO - Filling up the DagBag from /opt/airflow/dags/consumer_complaints_incremental_dag.py
[2026-07-18T01:24:15.415+0000] {processor.py:925} INFO - DAG(s) 'consumer_complaints_incremental_load' retrieved from /opt/airflow/dags/consumer_complaints_incremental_dag.py
[2026-07-18T01:24:15.489+0000] {logging_mixin.py:190} INFO - [2026-07-18T01:24:15.488+0000] {override.py:1900} INFO - Created Permission View: can edit on DAG:consumer_complaints_incremental_load
[2026-07-18T01:24:15.501+0000] {logging_mixin.py:190} INFO - [2026-07-18T01:24:15.501+0000] {override.py:1900} INFO - Created Permission View: can read on DAG:consumer_complaints_incremental_load
[2026-07-18T01:24:15.515+0000] {logging_mixin.py:190} INFO - [2026-07-18T01:24:15.514+0000] {override.py:1900} INFO - Created Permission View: can delete on DAG:consumer_complaints_incremental_load
[2026-07-18T01:24:15.526+0000] {logging_mixin.py:190} INFO - [2026-07-18T01:24:15.525+0000] {override.py:1900} INFO - Created Permission View: can create on DAG Run:consumer_complaints_incremental_load
[2026-07-18T01:24:15.535+0000] {logging_mixin.py:190} INFO - [2026-07-18T01:24:15.535+0000] {override.py:1900} INFO - Created Permission View: can read on DAG Run:consumer_complaints_incremental_load
[2026-07-18T01:24:15.544+0000] {logging_mixin.py:190} INFO - [2026-07-18T01:24:15.544+0000] {override.py:1900} INFO - Created Permission View: menu access on DAG Run:consumer_complaints_incremental_load
[2026-07-18T01:24:15.554+0000] {logging_mixin.py:190} INFO - [2026-07-18T01:24:15.554+0000] {override.py:1900} INFO - Created Permission View: can delete on DAG Run:consumer_complaints_incremental_load
[2026-07-18T01:24:15.557+0000] {logging_mixin.py:190} INFO - [2026-07-18T01:24:15.555+0000] {dag.py:3239} INFO - Sync 1 DAGs
[2026-07-18T01:24:15.586+0000] {logging_mixin.py:190} INFO - [2026-07-18T01:24:15.586+0000] {dag.py:3262} INFO - Creating ORM DAG for consumer_complaints_incremental_load
[2026-07-18T01:24:15.598+0000] {logging_mixin.py:190} INFO - [2026-07-18T01:24:15.598+0000] {dag.py:4180} INFO - Setting next_dagrun for consumer_complaints_incremental_load to 2026-01-01 00:00:00+00:00, run_after=2026-01-02 00:00:00+00:00
[2026-07-18T01:24:15.629+0000] {processor.py:208} INFO - Processing /opt/airflow/dags/consumer_complaints_incremental_dag.py took 1.777 seconds
[2026-07-18T01:24:46.281+0000] {processor.py:186} INFO - Started process (PID=313) to work on /opt/airflow/dags/consumer_complaints_incremental_dag.py
[2026-07-18T01:24:46.282+0000] {processor.py:914} INFO - Processing file /opt/airflow/dags/consumer_complaints_incremental_dag.py for tasks to queue
[2026-07-18T01:24:46.284+0000] {logging_mixin.py:190} INFO - [2026-07-18T01:24:46.284+0000] {dagbag.py:588} INFO - Filling up the DagBag from /opt/airflow/dags/consumer_complaints_incremental_dag.py
[2026-07-18T01:24:46.541+0000] {processor.py:925} INFO - DAG(s) 'consumer_complaints_incremental_load' retrieved from /opt/airflow/dags/consumer_complaints_incremental_dag.py
[2026-07-18T01:24:46.565+0000] {logging_mixin.py:190} INFO - [2026-07-18T01:24:46.564+0000] {dag.py:3239} INFO - Sync 1 DAGs
[2026-07-18T01:24:46.586+0000] {logging_mixin.py:190} INFO - [2026-07-18T01:24:46.585+0000] {dag.py:4180} INFO - Setting next_dagrun for consumer_complaints_incremental_load to 2026-01-01 00:00:00+00:00, run_after=2026-01-02 00:00:00+00:00
[2026-07-18T01:24:46.603+0000] {processor.py:208} INFO - Processing /opt/airflow/dags/consumer_complaints_incremental_dag.py took 0.328 seconds
[2026-07-18T01:25:17.461+0000] {processor.py:186} INFO - Started process (PID=397) to work on /opt/airflow/dags/consumer_complaints_incremental_dag.py
[2026-07-18T01:25:17.462+0000] {processor.py:914} INFO - Processing file /opt/airflow/dags/consumer_complaints_incremental_dag.py for tasks to queue
[2026-07-18T01:25:17.465+0000] {logging_mixin.py:190} INFO - [2026-07-18T01:25:17.464+0000] {dagbag.py:588} INFO - Filling up the DagBag from /opt/airflow/dags/consumer_complaints_incremental_dag.py
[2026-07-18T01:25:17.699+0000] {processor.py:925} INFO - DAG(s) 'consumer_complaints_incremental_load' retrieved from /opt/airflow/dags/consumer_complaints_incremental_dag.py
[2026-07-18T01:25:17.729+0000] {logging_mixin.py:190} INFO - [2026-07-18T01:25:17.728+0000] {dag.py:3239} INFO - Sync 1 DAGs
[2026-07-18T01:25:17.754+0000] {logging_mixin.py:190} INFO - [2026-07-18T01:25:17.753+0000] {dag.py:4180} INFO - Setting next_dagrun for consumer_complaints_incremental_load to 2026-01-01 00:00:00+00:00, run_after=2026-01-02 00:00:00+00:00
[2026-07-18T01:25:17.773+0000] {processor.py:208} INFO - Processing /opt/airflow/dags/consumer_complaints_incremental_dag.py took 0.318 seconds
[2026-07-18T01:25:47.934+0000] {processor.py:186} INFO - Started process (PID=485) to work on /opt/airflow/dags/consumer_complaints_incremental_dag.py
[2026-07-18T01:25:47.935+0000] {processor.py:914} INFO - Processing file /opt/airflow/dags/consumer_complaints_incremental_dag.py for tasks to queue
[2026-07-18T01:25:47.937+0000] {logging_mixin.py:190} INFO - [2026-07-18T01:25:47.937+0000] {dagbag.py:588} INFO - Filling up the DagBag from /opt/airflow/dags/consumer_complaints_incremental_dag.py
[2026-07-18T01:25:48.197+0000] {processor.py:925} INFO - DAG(s) 'consumer_complaints_incremental_load' retrieved from /opt/airflow/dags/consumer_complaints_incremental_dag.py
[2026-07-18T01:25:48.221+0000] {logging_mixin.py:190} INFO - [2026-07-18T01:25:48.221+0000] {dag.py:3239} INFO - Sync 1 DAGs
[2026-07-18T01:25:48.244+0000] {logging_mixin.py:190} INFO - [2026-07-18T01:25:48.244+0000] {dag.py:4180} INFO - Setting next_dagrun for consumer_complaints_incremental_load to 2026-01-01 00:00:00+00:00, run_after=2026-01-02 00:00:00+00:00
[2026-07-18T01:25:48.263+0000] {processor.py:208} INFO - Processing /opt/airflow/dags/consumer_complaints_incremental_dag.py took 0.335 seconds
[2026-07-18T01:26:18.484+0000] {processor.py:186} INFO - Started process (PID=572) to work on /opt/airflow/dags/consumer_complaints_incremental_dag.py
[2026-07-18T01:26:18.486+0000] {processor.py:914} INFO - Processing file /opt/airflow/dags/consumer_complaints_incremental_dag.py for tasks to queue
[2026-07-18T01:26:18.488+0000] {logging_mixin.py:190} INFO - [2026-07-18T01:26:18.488+0000] {dagbag.py:588} INFO - Filling up the DagBag from /opt/airflow/dags/consumer_complaints_incremental_dag.py
[2026-07-18T01:26:18.752+0000] {processor.py:925} INFO - DAG(s) 'consumer_complaints_incremental_load' retrieved from /opt/airflow/dags/consumer_complaints_incremental_dag.py
[2026-07-18T01:26:18.780+0000] {logging_mixin.py:190} INFO - [2026-07-18T01:26:18.780+0000] {dag.py:3239} INFO - Sync 1 DAGs
[2026-07-18T01:26:18.802+0000] {logging_mixin.py:190} INFO - [2026-07-18T01:26:18.801+0000] {dag.py:4180} INFO - Setting next_dagrun for consumer_complaints_incremental_load to 2026-01-01 00:00:00+00:00, run_after=2026-01-02 00:00:00+00:00
[2026-07-18T01:26:18.824+0000] {processor.py:208} INFO - Processing /opt/airflow/dags/consumer_complaints_incremental_dag.py took 0.345 seconds
[2026-07-18T01:26:49.135+0000] {processor.py:186} INFO - Started process (PID=659) to work on /opt/airflow/dags/consumer_complaints_incremental_dag.py
[2026-07-18T01:26:49.136+0000] {processor.py:914} INFO - Processing file /opt/airflow/dags/consumer_complaints_incremental_dag.py for tasks to queue
[2026-07-18T01:26:49.138+0000] {logging_mixin.py:190} INFO - [2026-07-18T01:26:49.138+0000] {dagbag.py:588} INFO - Filling up the DagBag from /opt/airflow/dags/consumer_complaints_incremental_dag.py
[2026-07-18T01:26:49.401+0000] {processor.py:925} INFO - DAG(s) 'consumer_complaints_incremental_load' retrieved from /opt/airflow/dags/consumer_complaints_incremental_dag.py
[2026-07-18T01:26:49.427+0000] {logging_mixin.py:190} INFO - [2026-07-18T01:26:49.427+0000] {dag.py:3239} INFO - Sync 1 DAGs
[2026-07-18T01:26:49.449+0000] {logging_mixin.py:190} INFO - [2026-07-18T01:26:49.449+0000] {dag.py:4180} INFO - Setting next_dagrun for consumer_complaints_incremental_load to 2026-01-01 00:00:00+00:00, run_after=2026-01-02 00:00:00+00:00
[2026-07-18T01:26:49.467+0000] {processor.py:208} INFO - Processing /opt/airflow/dags/consumer_complaints_incremental_dag.py took 0.338 seconds
[2026-07-18T01:27:19.622+0000] {processor.py:186} INFO - Started process (PID=745) to work on /opt/airflow/dags/consumer_complaints_incremental_dag.py
[2026-07-18T01:27:19.623+0000] {processor.py:914} INFO - Processing file /opt/airflow/dags/consumer_complaints_incremental_dag.py for tasks to queue
[2026-07-18T01:27:19.625+0000] {logging_mixin.py:190} INFO - [2026-07-18T01:27:19.625+0000] {dagbag.py:588} INFO - Filling up the DagBag from /opt/airflow/dags/consumer_complaints_incremental_dag.py
[2026-07-18T01:27:19.883+0000] {processor.py:925} INFO - DAG(s) 'consumer_complaints_incremental_load' retrieved from /opt/airflow/dags/consumer_complaints_incremental_dag.py
[2026-07-18T01:27:19.905+0000] {logging_mixin.py:190} INFO - [2026-07-18T01:27:19.905+0000] {dag.py:3239} INFO - Sync 1 DAGs
[2026-07-18T01:27:19.927+0000] {logging_mixin.py:190} INFO - [2026-07-18T01:27:19.926+0000] {dag.py:4180} INFO - Setting next_dagrun for consumer_complaints_incremental_load to 2026-01-01 00:00:00+00:00, run_after=2026-01-02 00:00:00+00:00
[2026-07-18T01:27:19.946+0000] {processor.py:208} INFO - Processing /opt/airflow/dags/consumer_complaints_incremental_dag.py took 0.330 seconds
[2026-07-18T01:27:50.081+0000] {processor.py:186} INFO - Started process (PID=840) to work on /opt/airflow/dags/consumer_complaints_incremental_dag.py
[2026-07-18T01:27:50.082+0000] {processor.py:914} INFO - Processing file /opt/airflow/dags/consumer_complaints_incremental_dag.py for tasks to queue
[2026-07-18T01:27:50.085+0000] {logging_mixin.py:190} INFO - [2026-07-18T01:27:50.084+0000] {dagbag.py:588} INFO - Filling up the DagBag from /opt/airflow/dags/consumer_complaints_incremental_dag.py
[2026-07-18T01:27:50.335+0000] {processor.py:925} INFO - DAG(s) 'consumer_complaints_incremental_load' retrieved from /opt/airflow/dags/consumer_complaints_incremental_dag.py
[2026-07-18T01:27:50.357+0000] {logging_mixin.py:190} INFO - [2026-07-18T01:27:50.356+0000] {dag.py:3239} INFO - Sync 1 DAGs
[2026-07-18T01:27:50.380+0000] {logging_mixin.py:190} INFO - [2026-07-18T01:27:50.380+0000] {dag.py:4180} INFO - Setting next_dagrun for consumer_complaints_incremental_load to 2026-01-01 00:00:00+00:00, run_after=2026-01-02 00:00:00+00:00
[2026-07-18T01:27:50.399+0000] {processor.py:208} INFO - Processing /opt/airflow/dags/consumer_complaints_incremental_dag.py took 0.323 seconds
[2026-07-18T01:28:20.675+0000] {processor.py:186} INFO - Started process (PID=929) to work on /opt/airflow/dags/consumer_complaints_incremental_dag.py
[2026-07-18T01:28:20.676+0000] {processor.py:914} INFO - Processing file /opt/airflow/dags/consumer_complaints_incremental_dag.py for tasks to queue
[2026-07-18T01:28:20.678+0000] {logging_mixin.py:190} INFO - [2026-07-18T01:28:20.678+0000] {dagbag.py:588} INFO - Filling up the DagBag from /opt/airflow/dags/consumer_complaints_incremental_dag.py
[2026-07-18T01:28:20.953+0000] {processor.py:925} INFO - DAG(s) 'consumer_complaints_incremental_load' retrieved from /opt/airflow/dags/consumer_complaints_incremental_dag.py
[2026-07-18T01:28:20.987+0000] {logging_mixin.py:190} INFO - [2026-07-18T01:28:20.986+0000] {dag.py:3239} INFO - Sync 1 DAGs
[2026-07-18T01:28:21.013+0000] {logging_mixin.py:190} INFO - [2026-07-18T01:28:21.012+0000] {dag.py:4180} INFO - Setting next_dagrun for consumer_complaints_incremental_load to 2026-01-01 00:00:00+00:00, run_after=2026-01-02 00:00:00+00:00
[2026-07-18T01:28:21.038+0000] {processor.py:208} INFO - Processing /opt/airflow/dags/consumer_complaints_incremental_dag.py took 0.368 seconds
[2026-07-18T01:28:51.414+0000] {processor.py:186} INFO - Started process (PID=1205) to work on /opt/airflow/dags/consumer_complaints_incremental_dag.py
[2026-07-18T01:28:51.415+0000] {processor.py:914} INFO - Processing file /opt/airflow/dags/consumer_complaints_incremental_dag.py for tasks to queue
[2026-07-18T01:28:51.417+0000] {logging_mixin.py:190} INFO - [2026-07-18T01:28:51.417+0000] {dagbag.py:588} INFO - Filling up the DagBag from /opt/airflow/dags/consumer_complaints_incremental_dag.py
[2026-07-18T01:28:51.668+0000] {processor.py:925} INFO - DAG(s) 'consumer_complaints_incremental_load' retrieved from /opt/airflow/dags/consumer_complaints_incremental_dag.py
[2026-07-18T01:28:51.694+0000] {logging_mixin.py:190} INFO - [2026-07-18T01:28:51.693+0000] {dag.py:3239} INFO - Sync 1 DAGs
[2026-07-18T01:28:51.719+0000] {logging_mixin.py:190} INFO - [2026-07-18T01:28:51.719+0000] {dag.py:4180} INFO - Setting next_dagrun for consumer_complaints_incremental_load to 2026-01-01 00:00:00+00:00, run_after=2026-01-02 00:00:00+00:00
[2026-07-18T01:28:51.737+0000] {processor.py:208} INFO - Processing /opt/airflow/dags/consumer_complaints_incremental_dag.py took 0.329 seconds
[2026-07-18T01:29:22.121+0000] {processor.py:186} INFO - Started process (PID=1291) to work on /opt/airflow/dags/consumer_complaints_incremental_dag.py
[2026-07-18T01:29:22.121+0000] {processor.py:914} INFO - Processing file /opt/airflow/dags/consumer_complaints_incremental_dag.py for tasks to queue
[2026-07-18T01:29:22.124+0000] {logging_mixin.py:190} INFO - [2026-07-18T01:29:22.124+0000] {dagbag.py:588} INFO - Filling up the DagBag from /opt/airflow/dags/consumer_complaints_incremental_dag.py
[2026-07-18T01:29:22.346+0000] {processor.py:925} INFO - DAG(s) 'consumer_complaints_incremental_load' retrieved from /opt/airflow/dags/consumer_complaints_incremental_dag.py
[2026-07-18T01:29:22.374+0000] {logging_mixin.py:190} INFO - [2026-07-18T01:29:22.374+0000] {dag.py:3239} INFO - Sync 1 DAGs
[2026-07-18T01:29:22.397+0000] {logging_mixin.py:190} INFO - [2026-07-18T01:29:22.397+0000] {dag.py:4180} INFO - Setting next_dagrun for consumer_complaints_incremental_load to 2026-01-01 00:00:00+00:00, run_after=2026-01-02 00:00:00+00:00
[2026-07-18T01:29:22.420+0000] {processor.py:208} INFO - Processing /opt/airflow/dags/consumer_complaints_incremental_dag.py took 0.305 seconds
[2026-07-18T01:29:52.808+0000] {processor.py:186} INFO - Started process (PID=1380) to work on /opt/airflow/dags/consumer_complaints_incremental_dag.py
[2026-07-18T01:29:52.809+0000] {processor.py:914} INFO - Processing file /opt/airflow/dags/consumer_complaints_incremental_dag.py for tasks to queue
[2026-07-18T01:29:52.813+0000] {logging_mixin.py:190} INFO - [2026-07-18T01:29:52.813+0000] {dagbag.py:588} INFO - Filling up the DagBag from /opt/airflow/dags/consumer_complaints_incremental_dag.py
[2026-07-18T01:29:53.122+0000] {processor.py:925} INFO - DAG(s) 'consumer_complaints_incremental_load' retrieved from /opt/airflow/dags/consumer_complaints_incremental_dag.py
[2026-07-18T01:29:53.154+0000] {logging_mixin.py:190} INFO - [2026-07-18T01:29:53.154+0000] {dag.py:3239} INFO - Sync 1 DAGs
[2026-07-18T01:29:53.179+0000] {logging_mixin.py:190} INFO - [2026-07-18T01:29:53.179+0000] {dag.py:4180} INFO - Setting next_dagrun for consumer_complaints_incremental_load to 2026-01-01 00:00:00+00:00, run_after=2026-01-02 00:00:00+00:00
[2026-07-18T01:29:53.201+0000] {processor.py:208} INFO - Processing /opt/airflow/dags/consumer_complaints_incremental_dag.py took 0.401 seconds
[2026-07-18T01:30:23.544+0000] {processor.py:186} INFO - Started process (PID=1469) to work on /opt/airflow/dags/consumer_complaints_incremental_dag.py
[2026-07-18T01:30:23.545+0000] {processor.py:914} INFO - Processing file /opt/airflow/dags/consumer_complaints_incremental_dag.py for tasks to queue
[2026-07-18T01:30:23.547+0000] {logging_mixin.py:190} INFO - [2026-07-18T01:30:23.547+0000] {dagbag.py:588} INFO - Filling up the DagBag from /opt/airflow/dags/consumer_complaints_incremental_dag.py
[2026-07-18T01:30:23.796+0000] {processor.py:925} INFO - DAG(s) 'consumer_complaints_incremental_load' retrieved from /opt/airflow/dags/consumer_complaints_incremental_dag.py
[2026-07-18T01:30:23.827+0000] {logging_mixin.py:190} INFO - [2026-07-18T01:30:23.826+0000] {dag.py:3239} INFO - Sync 1 DAGs
[2026-07-18T01:30:23.850+0000] {logging_mixin.py:190} INFO - [2026-07-18T01:30:23.850+0000] {dag.py:4180} INFO - Setting next_dagrun for consumer_complaints_incremental_load to 2026-01-01 00:00:00+00:00, run_after=2026-01-02 00:00:00+00:00
[2026-07-18T01:30:23.872+0000] {processor.py:208} INFO - Processing /opt/airflow/dags/consumer_complaints_incremental_dag.py took 0.334 seconds
[2026-07-18T01:38:16.978+0000] {processor.py:186} INFO - Started process (PID=227) to work on /opt/airflow/dags/consumer_complaints_incremental_dag.py
[2026-07-18T01:38:16.979+0000] {processor.py:914} INFO - Processing file /opt/airflow/dags/consumer_complaints_incremental_dag.py for tasks to queue
[2026-07-18T01:38:16.982+0000] {logging_mixin.py:190} INFO - [2026-07-18T01:38:16.981+0000] {dagbag.py:588} INFO - Filling up the DagBag from /opt/airflow/dags/consumer_complaints_incremental_dag.py
[2026-07-18T01:38:17.894+0000] {processor.py:925} INFO - DAG(s) 'consumer_complaints_incremental_load' retrieved from /opt/airflow/dags/consumer_complaints_incremental_dag.py
[2026-07-18T01:38:17.967+0000] {logging_mixin.py:190} INFO - [2026-07-18T01:38:17.966+0000] {override.py:1900} INFO - Created Permission View: can read on DAG:consumer_complaints_incremental_load
[2026-07-18T01:38:17.980+0000] {logging_mixin.py:190} INFO - [2026-07-18T01:38:17.980+0000] {override.py:1900} INFO - Created Permission View: can edit on DAG:consumer_complaints_incremental_load
[2026-07-18T01:38:17.990+0000] {logging_mixin.py:190} INFO - [2026-07-18T01:38:17.990+0000] {override.py:1900} INFO - Created Permission View: can delete on DAG:consumer_complaints_incremental_load
[2026-07-18T01:38:18.002+0000] {logging_mixin.py:190} INFO - [2026-07-18T01:38:18.002+0000] {override.py:1900} INFO - Created Permission View: can create on DAG Run:consumer_complaints_incremental_load
[2026-07-18T01:38:18.011+0000] {logging_mixin.py:190} INFO - [2026-07-18T01:38:18.010+0000] {override.py:1900} INFO - Created Permission View: can read on DAG Run:consumer_complaints_incremental_load
[2026-07-18T01:38:18.020+0000] {logging_mixin.py:190} INFO - [2026-07-18T01:38:18.019+0000] {override.py:1900} INFO - Created Permission View: menu access on DAG Run:consumer_complaints_incremental_load
[2026-07-18T01:38:18.028+0000] {logging_mixin.py:190} INFO - [2026-07-18T01:38:18.028+0000] {override.py:1900} INFO - Created Permission View: can delete on DAG Run:consumer_complaints_incremental_load
[2026-07-18T01:38:18.029+0000] {logging_mixin.py:190} INFO - [2026-07-18T01:38:18.029+0000] {dag.py:3239} INFO - Sync 1 DAGs
[2026-07-18T01:38:18.050+0000] {logging_mixin.py:190} INFO - [2026-07-18T01:38:18.050+0000] {dag.py:3262} INFO - Creating ORM DAG for consumer_complaints_incremental_load
[2026-07-18T01:38:18.063+0000] {logging_mixin.py:190} INFO - [2026-07-18T01:38:18.063+0000] {dag.py:4180} INFO - Setting next_dagrun for consumer_complaints_incremental_load to 2026-01-01 00:00:00+00:00, run_after=2026-01-02 00:00:00+00:00
[2026-07-18T01:38:18.091+0000] {processor.py:208} INFO - Processing /opt/airflow/dags/consumer_complaints_incremental_dag.py took 1.118 seconds
[2026-07-18T01:38:48.363+0000] {processor.py:186} INFO - Started process (PID=312) to work on /opt/airflow/dags/consumer_complaints_incremental_dag.py
[2026-07-18T01:38:48.366+0000] {processor.py:914} INFO - Processing file /opt/airflow/dags/consumer_complaints_incremental_dag.py for tasks to queue
[2026-07-18T01:38:48.369+0000] {logging_mixin.py:190} INFO - [2026-07-18T01:38:48.369+0000] {dagbag.py:588} INFO - Filling up the DagBag from /opt/airflow/dags/consumer_complaints_incremental_dag.py
[2026-07-18T01:38:48.663+0000] {processor.py:925} INFO - DAG(s) 'consumer_complaints_incremental_load' retrieved from /opt/airflow/dags/consumer_complaints_incremental_dag.py
[2026-07-18T01:38:48.690+0000] {logging_mixin.py:190} INFO - [2026-07-18T01:38:48.690+0000] {dag.py:3239} INFO - Sync 1 DAGs
[2026-07-18T01:38:48.712+0000] {logging_mixin.py:190} INFO - [2026-07-18T01:38:48.712+0000] {dag.py:4180} INFO - Setting next_dagrun for consumer_complaints_incremental_load to 2026-01-01 00:00:00+00:00, run_after=2026-01-02 00:00:00+00:00
[2026-07-18T01:38:48.737+0000] {processor.py:208} INFO - Processing /opt/airflow/dags/consumer_complaints_incremental_dag.py took 0.381 seconds
[2026-07-18T01:39:18.846+0000] {processor.py:186} INFO - Started process (PID=402) to work on /opt/airflow/dags/consumer_complaints_incremental_dag.py
[2026-07-18T01:39:18.848+0000] {processor.py:914} INFO - Processing file /opt/airflow/dags/consumer_complaints_incremental_dag.py for tasks to queue
[2026-07-18T01:39:18.851+0000] {logging_mixin.py:190} INFO - [2026-07-18T01:39:18.851+0000] {dagbag.py:588} INFO - Filling up the DagBag from /opt/airflow/dags/consumer_complaints_incremental_dag.py
[2026-07-18T01:39:19.118+0000] {processor.py:925} INFO - DAG(s) 'consumer_complaints_incremental_load' retrieved from /opt/airflow/dags/consumer_complaints_incremental_dag.py
[2026-07-18T01:39:19.144+0000] {logging_mixin.py:190} INFO - [2026-07-18T01:39:19.144+0000] {dag.py:3239} INFO - Sync 1 DAGs
[2026-07-18T01:39:19.168+0000] {logging_mixin.py:190} INFO - [2026-07-18T01:39:19.167+0000] {dag.py:4180} INFO - Setting next_dagrun for consumer_complaints_incremental_load to 2026-01-01 00:00:00+00:00, run_after=2026-01-02 00:00:00+00:00
[2026-07-18T01:39:19.188+0000] {processor.py:208} INFO - Processing /opt/airflow/dags/consumer_complaints_incremental_dag.py took 0.348 seconds
[2026-07-18T01:39:49.339+0000] {processor.py:186} INFO - Started process (PID=680) to work on /opt/airflow/dags/consumer_complaints_incremental_dag.py
[2026-07-18T01:39:49.340+0000] {processor.py:914} INFO - Processing file /opt/airflow/dags/consumer_complaints_incremental_dag.py for tasks to queue
[2026-07-18T01:39:49.342+0000] {logging_mixin.py:190} INFO - [2026-07-18T01:39:49.342+0000] {dagbag.py:588} INFO - Filling up the DagBag from /opt/airflow/dags/consumer_complaints_incremental_dag.py
[2026-07-18T01:39:49.576+0000] {processor.py:925} INFO - DAG(s) 'consumer_complaints_incremental_load' retrieved from /opt/airflow/dags/consumer_complaints_incremental_dag.py
[2026-07-18T01:39:49.597+0000] {logging_mixin.py:190} INFO - [2026-07-18T01:39:49.597+0000] {dag.py:3239} INFO - Sync 1 DAGs
[2026-07-18T01:39:49.615+0000] {logging_mixin.py:190} INFO - [2026-07-18T01:39:49.615+0000] {dag.py:4180} INFO - Setting next_dagrun for consumer_complaints_incremental_load to 2026-01-01 00:00:00+00:00, run_after=2026-01-02 00:00:00+00:00
[2026-07-18T01:39:49.634+0000] {processor.py:208} INFO - Processing /opt/airflow/dags/consumer_complaints_incremental_dag.py took 0.301 seconds
[2026-07-18T01:40:19.980+0000] {processor.py:186} INFO - Started process (PID=767) to work on /opt/airflow/dags/consumer_complaints_incremental_dag.py
[2026-07-18T01:40:19.982+0000] {processor.py:914} INFO - Processing file /opt/airflow/dags/consumer_complaints_incremental_dag.py for tasks to queue
[2026-07-18T01:40:19.985+0000] {logging_mixin.py:190} INFO - [2026-07-18T01:40:19.985+0000] {dagbag.py:588} INFO - Filling up the DagBag from /opt/airflow/dags/consumer_complaints_incremental_dag.py
[2026-07-18T01:40:20.300+0000] {processor.py:925} INFO - DAG(s) 'consumer_complaints_incremental_load' retrieved from /opt/airflow/dags/consumer_complaints_incremental_dag.py
[2026-07-18T01:40:20.336+0000] {logging_mixin.py:190} INFO - [2026-07-18T01:40:20.335+0000] {dag.py:3239} INFO - Sync 1 DAGs
[2026-07-18T01:40:20.361+0000] {logging_mixin.py:190} INFO - [2026-07-18T01:40:20.361+0000] {dag.py:4180} INFO - Setting next_dagrun for consumer_complaints_incremental_load to 2026-01-01 00:00:00+00:00, run_after=2026-01-02 00:00:00+00:00
[2026-07-18T01:40:20.381+0000] {processor.py:208} INFO - Processing /opt/airflow/dags/consumer_complaints_incremental_dag.py took 0.406 seconds
[2026-07-18T01:49:43.113+0000] {processor.py:186} INFO - Started process (PID=227) to work on /opt/airflow/dags/consumer_complaints_incremental_dag.py
[2026-07-18T01:49:43.114+0000] {processor.py:914} INFO - Processing file /opt/airflow/dags/consumer_complaints_incremental_dag.py for tasks to queue
[2026-07-18T01:49:43.117+0000] {logging_mixin.py:190} INFO - [2026-07-18T01:49:43.116+0000] {dagbag.py:588} INFO - Filling up the DagBag from /opt/airflow/dags/consumer_complaints_incremental_dag.py
[2026-07-18T01:49:44.100+0000] {processor.py:925} INFO - DAG(s) 'consumer_complaints_incremental_load' retrieved from /opt/airflow/dags/consumer_complaints_incremental_dag.py
[2026-07-18T01:49:44.174+0000] {logging_mixin.py:190} INFO - [2026-07-18T01:49:44.173+0000] {override.py:1900} INFO - Created Permission View: can delete on DAG:consumer_complaints_incremental_load
[2026-07-18T01:49:44.191+0000] {logging_mixin.py:190} INFO - [2026-07-18T01:49:44.191+0000] {override.py:1900} INFO - Created Permission View: can edit on DAG:consumer_complaints_incremental_load
[2026-07-18T01:49:44.202+0000] {logging_mixin.py:190} INFO - [2026-07-18T01:49:44.201+0000] {override.py:1900} INFO - Created Permission View: can read on DAG:consumer_complaints_incremental_load
[2026-07-18T01:49:44.213+0000] {logging_mixin.py:190} INFO - [2026-07-18T01:49:44.213+0000] {override.py:1900} INFO - Created Permission View: can delete on DAG Run:consumer_complaints_incremental_load
[2026-07-18T01:49:44.223+0000] {logging_mixin.py:190} INFO - [2026-07-18T01:49:44.223+0000] {override.py:1900} INFO - Created Permission View: can create on DAG Run:consumer_complaints_incremental_load
[2026-07-18T01:49:44.235+0000] {logging_mixin.py:190} INFO - [2026-07-18T01:49:44.234+0000] {override.py:1900} INFO - Created Permission View: menu access on DAG Run:consumer_complaints_incremental_load
[2026-07-18T01:49:44.244+0000] {logging_mixin.py:190} INFO - [2026-07-18T01:49:44.243+0000] {override.py:1900} INFO - Created Permission View: can read on DAG Run:consumer_complaints_incremental_load
[2026-07-18T01:49:44.245+0000] {logging_mixin.py:190} INFO - [2026-07-18T01:49:44.245+0000] {dag.py:3239} INFO - Sync 1 DAGs
[2026-07-18T01:49:44.258+0000] {logging_mixin.py:190} INFO - [2026-07-18T01:49:44.258+0000] {dag.py:3262} INFO - Creating ORM DAG for consumer_complaints_incremental_load
[2026-07-18T01:49:44.270+0000] {logging_mixin.py:190} INFO - [2026-07-18T01:49:44.269+0000] {dag.py:4180} INFO - Setting next_dagrun for consumer_complaints_incremental_load to 2026-01-01 00:00:00+00:00, run_after=2026-01-02 00:00:00+00:00
[2026-07-18T01:49:44.297+0000] {processor.py:208} INFO - Processing /opt/airflow/dags/consumer_complaints_incremental_dag.py took 1.191 seconds
[2026-07-18T01:50:14.991+0000] {processor.py:186} INFO - Started process (PID=312) to work on /opt/airflow/dags/consumer_complaints_incremental_dag.py
[2026-07-18T01:50:14.993+0000] {processor.py:914} INFO - Processing file /opt/airflow/dags/consumer_complaints_incremental_dag.py for tasks to queue
[2026-07-18T01:50:14.995+0000] {logging_mixin.py:190} INFO - [2026-07-18T01:50:14.994+0000] {dagbag.py:588} INFO - Filling up the DagBag from /opt/airflow/dags/consumer_complaints_incremental_dag.py
[2026-07-18T01:50:15.286+0000] {processor.py:925} INFO - DAG(s) 'consumer_complaints_incremental_load' retrieved from /opt/airflow/dags/consumer_complaints_incremental_dag.py
[2026-07-18T01:50:15.317+0000] {logging_mixin.py:190} INFO - [2026-07-18T01:50:15.317+0000] {dag.py:3239} INFO - Sync 1 DAGs
[2026-07-18T01:50:15.343+0000] {logging_mixin.py:190} INFO - [2026-07-18T01:50:15.343+0000] {dag.py:4180} INFO - Setting next_dagrun for consumer_complaints_incremental_load to 2026-01-01 00:00:00+00:00, run_after=2026-01-02 00:00:00+00:00
[2026-07-18T01:50:15.373+0000] {processor.py:208} INFO - Processing /opt/airflow/dags/consumer_complaints_incremental_dag.py took 0.387 seconds
[2026-07-18T01:50:45.465+0000] {processor.py:186} INFO - Started process (PID=592) to work on /opt/airflow/dags/consumer_complaints_incremental_dag.py
[2026-07-18T01:50:45.467+0000] {processor.py:914} INFO - Processing file /opt/airflow/dags/consumer_complaints_incremental_dag.py for tasks to queue
[2026-07-18T01:50:45.471+0000] {logging_mixin.py:190} INFO - [2026-07-18T01:50:45.471+0000] {dagbag.py:588} INFO - Filling up the DagBag from /opt/airflow/dags/consumer_complaints_incremental_dag.py
[2026-07-18T01:50:45.837+0000] {processor.py:925} INFO - DAG(s) 'consumer_complaints_incremental_load' retrieved from /opt/airflow/dags/consumer_complaints_incremental_dag.py
[2026-07-18T01:50:45.868+0000] {logging_mixin.py:190} INFO - [2026-07-18T01:50:45.867+0000] {dag.py:3239} INFO - Sync 1 DAGs
[2026-07-18T01:50:45.893+0000] {logging_mixin.py:190} INFO - [2026-07-18T01:50:45.893+0000] {dag.py:4180} INFO - Setting next_dagrun for consumer_complaints_incremental_load to 2026-01-01 00:00:00+00:00, run_after=2026-01-02 00:00:00+00:00
[2026-07-18T01:50:45.916+0000] {processor.py:208} INFO - Processing /opt/airflow/dags/consumer_complaints_incremental_dag.py took 0.458 seconds
[2026-07-18T01:51:16.664+0000] {processor.py:186} INFO - Started process (PID=681) to work on /opt/airflow/dags/consumer_complaints_incremental_dag.py
[2026-07-18T01:51:16.665+0000] {processor.py:914} INFO - Processing file /opt/airflow/dags/consumer_complaints_incremental_dag.py for tasks to queue
[2026-07-18T01:51:16.668+0000] {logging_mixin.py:190} INFO - [2026-07-18T01:51:16.668+0000] {dagbag.py:588} INFO - Filling up the DagBag from /opt/airflow/dags/consumer_complaints_incremental_dag.py
[2026-07-18T01:51:16.958+0000] {processor.py:925} INFO - DAG(s) 'consumer_complaints_incremental_load' retrieved from /opt/airflow/dags/consumer_complaints_incremental_dag.py
[2026-07-18T01:51:16.984+0000] {logging_mixin.py:190} INFO - [2026-07-18T01:51:16.984+0000] {dag.py:3239} INFO - Sync 1 DAGs
[2026-07-18T01:51:17.009+0000] {logging_mixin.py:190} INFO - [2026-07-18T01:51:17.008+0000] {dag.py:4180} INFO - Setting next_dagrun for consumer_complaints_incremental_load to 2026-01-01 00:00:00+00:00, run_after=2026-01-02 00:00:00+00:00
[2026-07-18T01:51:17.029+0000] {processor.py:208} INFO - Processing /opt/airflow/dags/consumer_complaints_incremental_dag.py took 0.370 seconds
[2026-07-18T01:51:47.413+0000] {processor.py:186} INFO - Started process (PID=768) to work on /opt/airflow/dags/consumer_complaints_incremental_dag.py
[2026-07-18T01:51:47.414+0000] {processor.py:914} INFO - Processing file /opt/airflow/dags/consumer_complaints_incremental_dag.py for tasks to queue
[2026-07-18T01:51:47.417+0000] {logging_mixin.py:190} INFO - [2026-07-18T01:51:47.416+0000] {dagbag.py:588} INFO - Filling up the DagBag from /opt/airflow/dags/consumer_complaints_incremental_dag.py
[2026-07-18T01:51:47.734+0000] {processor.py:925} INFO - DAG(s) 'consumer_complaints_incremental_load' retrieved from /opt/airflow/dags/consumer_complaints_incremental_dag.py
[2026-07-18T01:51:47.765+0000] {logging_mixin.py:190} INFO - [2026-07-18T01:51:47.764+0000] {dag.py:3239} INFO - Sync 1 DAGs
[2026-07-18T01:51:47.791+0000] {logging_mixin.py:190} INFO - [2026-07-18T01:51:47.790+0000] {dag.py:4180} INFO - Setting next_dagrun for consumer_complaints_incremental_load to 2026-01-01 00:00:00+00:00, run_after=2026-01-02 00:00:00+00:00
[2026-07-18T01:51:47.815+0000] {processor.py:208} INFO - Processing /opt/airflow/dags/consumer_complaints_incremental_dag.py took 0.407 seconds
[2026-07-18T02:21:16.308+0000] {processor.py:186} INFO - Started process (PID=227) to work on /opt/airflow/dags/consumer_complaints_incremental_dag.py
[2026-07-18T02:21:16.309+0000] {processor.py:914} INFO - Processing file /opt/airflow/dags/consumer_complaints_incremental_dag.py for tasks to queue
[2026-07-18T02:21:16.312+0000] {logging_mixin.py:190} INFO - [2026-07-18T02:21:16.312+0000] {dagbag.py:588} INFO - Filling up the DagBag from /opt/airflow/dags/consumer_complaints_incremental_dag.py
[2026-07-18T02:21:17.526+0000] {processor.py:925} INFO - DAG(s) 'consumer_complaints_incremental_load' retrieved from /opt/airflow/dags/consumer_complaints_incremental_dag.py
[2026-07-18T02:21:17.621+0000] {logging_mixin.py:190} INFO - [2026-07-18T02:21:17.620+0000] {override.py:1900} INFO - Created Permission View: can delete on DAG:consumer_complaints_incremental_load
[2026-07-18T02:21:17.644+0000] {logging_mixin.py:190} INFO - [2026-07-18T02:21:17.643+0000] {override.py:1900} INFO - Created Permission View: can edit on DAG:consumer_complaints_incremental_load
[2026-07-18T02:21:17.658+0000] {logging_mixin.py:190} INFO - [2026-07-18T02:21:17.657+0000] {override.py:1900} INFO - Created Permission View: can read on DAG:consumer_complaints_incremental_load
[2026-07-18T02:21:17.670+0000] {logging_mixin.py:190} INFO - [2026-07-18T02:21:17.669+0000] {override.py:1900} INFO - Created Permission View: can delete on DAG Run:consumer_complaints_incremental_load
[2026-07-18T02:21:17.684+0000] {logging_mixin.py:190} INFO - [2026-07-18T02:21:17.683+0000] {override.py:1900} INFO - Created Permission View: can create on DAG Run:consumer_complaints_incremental_load
[2026-07-18T02:21:17.694+0000] {logging_mixin.py:190} INFO - [2026-07-18T02:21:17.694+0000] {override.py:1900} INFO - Created Permission View: menu access on DAG Run:consumer_complaints_incremental_load
[2026-07-18T02:21:17.703+0000] {logging_mixin.py:190} INFO - [2026-07-18T02:21:17.702+0000] {override.py:1900} INFO - Created Permission View: can read on DAG Run:consumer_complaints_incremental_load
[2026-07-18T02:21:17.704+0000] {logging_mixin.py:190} INFO - [2026-07-18T02:21:17.703+0000] {dag.py:3239} INFO - Sync 1 DAGs
[2026-07-18T02:21:17.719+0000] {logging_mixin.py:190} INFO - [2026-07-18T02:21:17.719+0000] {dag.py:3262} INFO - Creating ORM DAG for consumer_complaints_incremental_load
[2026-07-18T02:21:17.734+0000] {logging_mixin.py:190} INFO - [2026-07-18T02:21:17.733+0000] {dag.py:4180} INFO - Setting next_dagrun for consumer_complaints_incremental_load to 2026-01-01 00:00:00+00:00, run_after=2026-01-02 00:00:00+00:00
[2026-07-18T02:21:17.768+0000] {processor.py:208} INFO - Processing /opt/airflow/dags/consumer_complaints_incremental_dag.py took 1.466 seconds
[2026-07-18T02:21:48.057+0000] {processor.py:186} INFO - Started process (PID=312) to work on /opt/airflow/dags/consumer_complaints_incremental_dag.py
[2026-07-18T02:21:48.059+0000] {processor.py:914} INFO - Processing file /opt/airflow/dags/consumer_complaints_incremental_dag.py for tasks to queue
[2026-07-18T02:21:48.063+0000] {logging_mixin.py:190} INFO - [2026-07-18T02:21:48.063+0000] {dagbag.py:588} INFO - Filling up the DagBag from /opt/airflow/dags/consumer_complaints_incremental_dag.py
[2026-07-18T02:21:48.403+0000] {processor.py:925} INFO - DAG(s) 'consumer_complaints_incremental_load' retrieved from /opt/airflow/dags/consumer_complaints_incremental_dag.py
[2026-07-18T02:21:48.436+0000] {logging_mixin.py:190} INFO - [2026-07-18T02:21:48.436+0000] {dag.py:3239} INFO - Sync 1 DAGs
[2026-07-18T02:21:48.471+0000] {logging_mixin.py:190} INFO - [2026-07-18T02:21:48.471+0000] {dag.py:4180} INFO - Setting next_dagrun for consumer_complaints_incremental_load to 2026-01-01 00:00:00+00:00, run_after=2026-01-02 00:00:00+00:00
[2026-07-18T02:21:48.497+0000] {processor.py:208} INFO - Processing /opt/airflow/dags/consumer_complaints_incremental_dag.py took 0.448 seconds
[2026-07-18T02:22:18.940+0000] {processor.py:186} INFO - Started process (PID=452) to work on /opt/airflow/dags/consumer_complaints_incremental_dag.py
[2026-07-18T02:22:18.941+0000] {processor.py:914} INFO - Processing file /opt/airflow/dags/consumer_complaints_incremental_dag.py for tasks to queue
[2026-07-18T02:22:18.945+0000] {logging_mixin.py:190} INFO - [2026-07-18T02:22:18.945+0000] {dagbag.py:588} INFO - Filling up the DagBag from /opt/airflow/dags/consumer_complaints_incremental_dag.py
[2026-07-18T02:22:19.232+0000] {processor.py:925} INFO - DAG(s) 'consumer_complaints_incremental_load' retrieved from /opt/airflow/dags/consumer_complaints_incremental_dag.py
[2026-07-18T02:22:19.261+0000] {logging_mixin.py:190} INFO - [2026-07-18T02:22:19.260+0000] {dag.py:3239} INFO - Sync 1 DAGs
[2026-07-18T02:22:19.284+0000] {logging_mixin.py:190} INFO - [2026-07-18T02:22:19.283+0000] {dag.py:4180} INFO - Setting next_dagrun for consumer_complaints_incremental_load to 2026-01-01 00:00:00+00:00, run_after=2026-01-02 00:00:00+00:00
[2026-07-18T02:22:19.304+0000] {processor.py:208} INFO - Processing /opt/airflow/dags/consumer_complaints_incremental_dag.py took 0.371 seconds
[2026-07-18T02:22:49.542+0000] {processor.py:186} INFO - Started process (PID=680) to work on /opt/airflow/dags/consumer_complaints_incremental_dag.py
[2026-07-18T02:22:49.544+0000] {processor.py:914} INFO - Processing file /opt/airflow/dags/consumer_complaints_incremental_dag.py for tasks to queue
[2026-07-18T02:22:49.547+0000] {logging_mixin.py:190} INFO - [2026-07-18T02:22:49.547+0000] {dagbag.py:588} INFO - Filling up the DagBag from /opt/airflow/dags/consumer_complaints_incremental_dag.py
[2026-07-18T02:22:49.817+0000] {processor.py:925} INFO - DAG(s) 'consumer_complaints_incremental_load' retrieved from /opt/airflow/dags/consumer_complaints_incremental_dag.py
[2026-07-18T02:22:49.848+0000] {logging_mixin.py:190} INFO - [2026-07-18T02:22:49.848+0000] {dag.py:3239} INFO - Sync 1 DAGs
[2026-07-18T02:22:49.879+0000] {logging_mixin.py:190} INFO - [2026-07-18T02:22:49.878+0000] {dag.py:4180} INFO - Setting next_dagrun for consumer_complaints_incremental_load to 2026-01-01 00:00:00+00:00, run_after=2026-01-02 00:00:00+00:00
[2026-07-18T02:22:49.905+0000] {processor.py:208} INFO - Processing /opt/airflow/dags/consumer_complaints_incremental_dag.py took 0.369 seconds
[2026-07-18T02:23:20.377+0000] {processor.py:186} INFO - Started process (PID=767) to work on /opt/airflow/dags/consumer_complaints_incremental_dag.py
[2026-07-18T02:23:20.379+0000] {processor.py:914} INFO - Processing file /opt/airflow/dags/consumer_complaints_incremental_dag.py for tasks to queue
[2026-07-18T02:23:20.381+0000] {logging_mixin.py:190} INFO - [2026-07-18T02:23:20.381+0000] {dagbag.py:588} INFO - Filling up the DagBag from /opt/airflow/dags/consumer_complaints_incremental_dag.py
[2026-07-18T02:23:20.677+0000] {processor.py:925} INFO - DAG(s) 'consumer_complaints_incremental_load' retrieved from /opt/airflow/dags/consumer_complaints_incremental_dag.py
[2026-07-18T02:23:20.705+0000] {logging_mixin.py:190} INFO - [2026-07-18T02:23:20.704+0000] {dag.py:3239} INFO - Sync 1 DAGs
[2026-07-18T02:23:20.738+0000] {logging_mixin.py:190} INFO - [2026-07-18T02:23:20.738+0000] {dag.py:4180} INFO - Setting next_dagrun for consumer_complaints_incremental_load to 2026-01-01 00:00:00+00:00, run_after=2026-01-02 00:00:00+00:00
[2026-07-18T02:23:20.768+0000] {processor.py:208} INFO - Processing /opt/airflow/dags/consumer_complaints_incremental_dag.py took 0.399 seconds
[2026-07-18T02:23:50.975+0000] {processor.py:186} INFO - Started process (PID=853) to work on /opt/airflow/dags/consumer_complaints_incremental_dag.py
[2026-07-18T02:23:50.976+0000] {processor.py:914} INFO - Processing file /opt/airflow/dags/consumer_complaints_incremental_dag.py for tasks to queue
[2026-07-18T02:23:50.978+0000] {logging_mixin.py:190} INFO - [2026-07-18T02:23:50.978+0000] {dagbag.py:588} INFO - Filling up the DagBag from /opt/airflow/dags/consumer_complaints_incremental_dag.py
[2026-07-18T02:23:51.229+0000] {processor.py:925} INFO - DAG(s) 'consumer_complaints_incremental_load' retrieved from /opt/airflow/dags/consumer_complaints_incremental_dag.py
[2026-07-18T02:23:51.253+0000] {logging_mixin.py:190} INFO - [2026-07-18T02:23:51.252+0000] {dag.py:3239} INFO - Sync 1 DAGs
[2026-07-18T02:23:51.275+0000] {logging_mixin.py:190} INFO - [2026-07-18T02:23:51.275+0000] {dag.py:4180} INFO - Setting next_dagrun for consumer_complaints_incremental_load to 2026-01-01 00:00:00+00:00, run_after=2026-01-02 00:00:00+00:00
[2026-07-18T02:23:51.297+0000] {processor.py:208} INFO - Processing /opt/airflow/dags/consumer_complaints_incremental_dag.py took 0.329 seconds
[2026-07-18T02:24:21.473+0000] {processor.py:186} INFO - Started process (PID=942) to work on /opt/airflow/dags/consumer_complaints_incremental_dag.py
[2026-07-18T02:24:21.474+0000] {processor.py:914} INFO - Processing file /opt/airflow/dags/consumer_complaints_incremental_dag.py for tasks to queue
[2026-07-18T02:24:21.476+0000] {logging_mixin.py:190} INFO - [2026-07-18T02:24:21.476+0000] {dagbag.py:588} INFO - Filling up the DagBag from /opt/airflow/dags/consumer_complaints_incremental_dag.py
[2026-07-18T02:24:21.730+0000] {processor.py:925} INFO - DAG(s) 'consumer_complaints_incremental_load' retrieved from /opt/airflow/dags/consumer_complaints_incremental_dag.py
[2026-07-18T02:24:21.762+0000] {logging_mixin.py:190} INFO - [2026-07-18T02:24:21.762+0000] {dag.py:3239} INFO - Sync 1 DAGs
[2026-07-18T02:24:21.789+0000] {logging_mixin.py:190} INFO - [2026-07-18T02:24:21.788+0000] {dag.py:4180} INFO - Setting next_dagrun for consumer_complaints_incremental_load to 2026-01-01 00:00:00+00:00, run_after=2026-01-02 00:00:00+00:00
[2026-07-18T02:24:21.814+0000] {processor.py:208} INFO - Processing /opt/airflow/dags/consumer_complaints_incremental_dag.py took 0.347 seconds
[2026-07-18T02:24:51.902+0000] {processor.py:186} INFO - Started process (PID=1029) to work on /opt/airflow/dags/consumer_complaints_incremental_dag.py
[2026-07-18T02:24:51.903+0000] {processor.py:914} INFO - Processing file /opt/airflow/dags/consumer_complaints_incremental_dag.py for tasks to queue
[2026-07-18T02:24:51.905+0000] {logging_mixin.py:190} INFO - [2026-07-18T02:24:51.905+0000] {dagbag.py:588} INFO - Filling up the DagBag from /opt/airflow/dags/consumer_complaints_incremental_dag.py
[2026-07-18T02:24:52.168+0000] {processor.py:925} INFO - DAG(s) 'consumer_complaints_incremental_load' retrieved from /opt/airflow/dags/consumer_complaints_incremental_dag.py
[2026-07-18T02:24:52.194+0000] {logging_mixin.py:190} INFO - [2026-07-18T02:24:52.193+0000] {dag.py:3239} INFO - Sync 1 DAGs
[2026-07-18T02:24:52.218+0000] {logging_mixin.py:190} INFO - [2026-07-18T02:24:52.218+0000] {dag.py:4180} INFO - Setting next_dagrun for consumer_complaints_incremental_load to 2026-01-01 00:00:00+00:00, run_after=2026-01-02 00:00:00+00:00
[2026-07-18T02:24:52.237+0000] {processor.py:208} INFO - Processing /opt/airflow/dags/consumer_complaints_incremental_dag.py took 0.341 seconds
[2026-07-18T02:25:22.428+0000] {processor.py:186} INFO - Started process (PID=1115) to work on /opt/airflow/dags/consumer_complaints_incremental_dag.py
[2026-07-18T02:25:22.430+0000] {processor.py:914} INFO - Processing file /opt/airflow/dags/consumer_complaints_incremental_dag.py for tasks to queue
[2026-07-18T02:25:22.435+0000] {logging_mixin.py:190} INFO - [2026-07-18T02:25:22.434+0000] {dagbag.py:588} INFO - Filling up the DagBag from /opt/airflow/dags/consumer_complaints_incremental_dag.py
[2026-07-18T02:25:22.722+0000] {processor.py:925} INFO - DAG(s) 'consumer_complaints_incremental_load' retrieved from /opt/airflow/dags/consumer_complaints_incremental_dag.py
[2026-07-18T02:25:22.754+0000] {logging_mixin.py:190} INFO - [2026-07-18T02:25:22.753+0000] {dag.py:3239} INFO - Sync 1 DAGs
[2026-07-18T02:25:22.778+0000] {logging_mixin.py:190} INFO - [2026-07-18T02:25:22.778+0000] {dag.py:4180} INFO - Setting next_dagrun for consumer_complaints_incremental_load to 2026-01-01 00:00:00+00:00, run_after=2026-01-02 00:00:00+00:00
[2026-07-18T02:25:22.806+0000] {processor.py:208} INFO - Processing /opt/airflow/dags/consumer_complaints_incremental_dag.py took 0.384 seconds
[2026-07-18T02:25:53.600+0000] {processor.py:186} INFO - Started process (PID=1204) to work on /opt/airflow/dags/consumer_complaints_incremental_dag.py
[2026-07-18T02:25:53.601+0000] {processor.py:914} INFO - Processing file /opt/airflow/dags/consumer_complaints_incremental_dag.py for tasks to queue
[2026-07-18T02:25:53.604+0000] {logging_mixin.py:190} INFO - [2026-07-18T02:25:53.604+0000] {dagbag.py:588} INFO - Filling up the DagBag from /opt/airflow/dags/consumer_complaints_incremental_dag.py
[2026-07-18T02:25:53.850+0000] {processor.py:925} INFO - DAG(s) 'consumer_complaints_incremental_load' retrieved from /opt/airflow/dags/consumer_complaints_incremental_dag.py
[2026-07-18T02:25:53.876+0000] {logging_mixin.py:190} INFO - [2026-07-18T02:25:53.875+0000] {dag.py:3239} INFO - Sync 1 DAGs
[2026-07-18T02:25:53.901+0000] {logging_mixin.py:190} INFO - [2026-07-18T02:25:53.901+0000] {dag.py:4180} INFO - Setting next_dagrun for consumer_complaints_incremental_load to 2026-01-01 00:00:00+00:00, run_after=2026-01-02 00:00:00+00:00
[2026-07-18T02:25:53.924+0000] {processor.py:208} INFO - Processing /opt/airflow/dags/consumer_complaints_incremental_dag.py took 0.330 seconds
[2026-07-18T02:26:24.040+0000] {processor.py:186} INFO - Started process (PID=1293) to work on /opt/airflow/dags/consumer_complaints_incremental_dag.py
[2026-07-18T02:26:24.041+0000] {processor.py:914} INFO - Processing file /opt/airflow/dags/consumer_complaints_incremental_dag.py for tasks to queue
[2026-07-18T02:26:24.043+0000] {logging_mixin.py:190} INFO - [2026-07-18T02:26:24.043+0000] {dagbag.py:588} INFO - Filling up the DagBag from /opt/airflow/dags/consumer_complaints_incremental_dag.py
[2026-07-18T02:26:24.298+0000] {processor.py:925} INFO - DAG(s) 'consumer_complaints_incremental_load' retrieved from /opt/airflow/dags/consumer_complaints_incremental_dag.py
[2026-07-18T02:26:24.326+0000] {logging_mixin.py:190} INFO - [2026-07-18T02:26:24.326+0000] {dag.py:3239} INFO - Sync 1 DAGs
[2026-07-18T02:26:24.350+0000] {logging_mixin.py:190} INFO - [2026-07-18T02:26:24.350+0000] {dag.py:4180} INFO - Setting next_dagrun for consumer_complaints_incremental_load to 2026-01-01 00:00:00+00:00, run_after=2026-01-02 00:00:00+00:00
[2026-07-18T02:26:24.374+0000] {processor.py:208} INFO - Processing /opt/airflow/dags/consumer_complaints_incremental_dag.py took 0.339 seconds
[2026-07-18T02:26:54.994+0000] {processor.py:186} INFO - Started process (PID=1380) to work on /opt/airflow/dags/consumer_complaints_incremental_dag.py
[2026-07-18T02:26:54.995+0000] {processor.py:914} INFO - Processing file /opt/airflow/dags/consumer_complaints_incremental_dag.py for tasks to queue
[2026-07-18T02:26:54.997+0000] {logging_mixin.py:190} INFO - [2026-07-18T02:26:54.997+0000] {dagbag.py:588} INFO - Filling up the DagBag from /opt/airflow/dags/consumer_complaints_incremental_dag.py
[2026-07-18T02:26:55.240+0000] {processor.py:925} INFO - DAG(s) 'consumer_complaints_incremental_load' retrieved from /opt/airflow/dags/consumer_complaints_incremental_dag.py
[2026-07-18T02:26:55.262+0000] {logging_mixin.py:190} INFO - [2026-07-18T02:26:55.262+0000] {dag.py:3239} INFO - Sync 1 DAGs
[2026-07-18T02:26:55.284+0000] {logging_mixin.py:190} INFO - [2026-07-18T02:26:55.283+0000] {dag.py:4180} INFO - Setting next_dagrun for consumer_complaints_incremental_load to 2026-01-01 00:00:00+00:00, run_after=2026-01-02 00:00:00+00:00
[2026-07-18T02:26:55.303+0000] {processor.py:208} INFO - Processing /opt/airflow/dags/consumer_complaints_incremental_dag.py took 0.315 seconds
[2026-07-18T02:27:25.501+0000] {processor.py:186} INFO - Started process (PID=1466) to work on /opt/airflow/dags/consumer_complaints_incremental_dag.py
[2026-07-18T02:27:25.502+0000] {processor.py:914} INFO - Processing file /opt/airflow/dags/consumer_complaints_incremental_dag.py for tasks to queue
[2026-07-18T02:27:25.504+0000] {logging_mixin.py:190} INFO - [2026-07-18T02:27:25.504+0000] {dagbag.py:588} INFO - Filling up the DagBag from /opt/airflow/dags/consumer_complaints_incremental_dag.py
[2026-07-18T02:27:25.725+0000] {processor.py:925} INFO - DAG(s) 'consumer_complaints_incremental_load' retrieved from /opt/airflow/dags/consumer_complaints_incremental_dag.py
[2026-07-18T02:27:25.748+0000] {logging_mixin.py:190} INFO - [2026-07-18T02:27:25.748+0000] {dag.py:3239} INFO - Sync 1 DAGs
[2026-07-18T02:27:25.768+0000] {logging_mixin.py:190} INFO - [2026-07-18T02:27:25.768+0000] {dag.py:4180} INFO - Setting next_dagrun for consumer_complaints_incremental_load to 2026-01-01 00:00:00+00:00, run_after=2026-01-02 00:00:00+00:00
[2026-07-18T02:27:25.789+0000] {processor.py:208} INFO - Processing /opt/airflow/dags/consumer_complaints_incremental_dag.py took 0.293 seconds
[2026-07-18T02:27:56.154+0000] {processor.py:186} INFO - Started process (PID=1555) to work on /opt/airflow/dags/consumer_complaints_incremental_dag.py
[2026-07-18T02:27:56.155+0000] {processor.py:914} INFO - Processing file /opt/airflow/dags/consumer_complaints_incremental_dag.py for tasks to queue
[2026-07-18T02:27:56.157+0000] {logging_mixin.py:190} INFO - [2026-07-18T02:27:56.157+0000] {dagbag.py:588} INFO - Filling up the DagBag from /opt/airflow/dags/consumer_complaints_incremental_dag.py
[2026-07-18T02:27:56.493+0000] {processor.py:925} INFO - DAG(s) 'consumer_complaints_incremental_load' retrieved from /opt/airflow/dags/consumer_complaints_incremental_dag.py
[2026-07-18T02:27:56.526+0000] {logging_mixin.py:190} INFO - [2026-07-18T02:27:56.525+0000] {dag.py:3239} INFO - Sync 1 DAGs
[2026-07-18T02:27:56.553+0000] {logging_mixin.py:190} INFO - [2026-07-18T02:27:56.553+0000] {dag.py:4180} INFO - Setting next_dagrun for consumer_complaints_incremental_load to 2026-01-01 00:00:00+00:00, run_after=2026-01-02 00:00:00+00:00
[2026-07-18T02:27:56.580+0000] {processor.py:208} INFO - Processing /opt/airflow/dags/consumer_complaints_incremental_dag.py took 0.432 seconds
[2026-07-18T02:28:26.748+0000] {processor.py:186} INFO - Started process (PID=1642) to work on /opt/airflow/dags/consumer_complaints_incremental_dag.py
[2026-07-18T02:28:26.748+0000] {processor.py:914} INFO - Processing file /opt/airflow/dags/consumer_complaints_incremental_dag.py for tasks to queue
[2026-07-18T02:28:26.751+0000] {logging_mixin.py:190} INFO - [2026-07-18T02:28:26.750+0000] {dagbag.py:588} INFO - Filling up the DagBag from /opt/airflow/dags/consumer_complaints_incremental_dag.py
[2026-07-18T02:28:27.060+0000] {processor.py:925} INFO - DAG(s) 'consumer_complaints_incremental_load' retrieved from /opt/airflow/dags/consumer_complaints_incremental_dag.py
[2026-07-18T02:28:27.084+0000] {logging_mixin.py:190} INFO - [2026-07-18T02:28:27.084+0000] {dag.py:3239} INFO - Sync 1 DAGs
[2026-07-18T02:28:27.109+0000] {logging_mixin.py:190} INFO - [2026-07-18T02:28:27.109+0000] {dag.py:4180} INFO - Setting next_dagrun for consumer_complaints_incremental_load to 2026-01-01 00:00:00+00:00, run_after=2026-01-02 00:00:00+00:00
[2026-07-18T02:28:27.128+0000] {processor.py:208} INFO - Processing /opt/airflow/dags/consumer_complaints_incremental_dag.py took 0.387 seconds
[2026-07-18T02:28:57.287+0000] {processor.py:186} INFO - Started process (PID=1728) to work on /opt/airflow/dags/consumer_complaints_incremental_dag.py
[2026-07-18T02:28:57.290+0000] {processor.py:914} INFO - Processing file /opt/airflow/dags/consumer_complaints_incremental_dag.py for tasks to queue
[2026-07-18T02:28:57.293+0000] {logging_mixin.py:190} INFO - [2026-07-18T02:28:57.292+0000] {dagbag.py:588} INFO - Filling up the DagBag from /opt/airflow/dags/consumer_complaints_incremental_dag.py
[2026-07-18T02:28:57.592+0000] {processor.py:925} INFO - DAG(s) 'consumer_complaints_incremental_load' retrieved from /opt/airflow/dags/consumer_complaints_incremental_dag.py
[2026-07-18T02:28:57.617+0000] {logging_mixin.py:190} INFO - [2026-07-18T02:28:57.617+0000] {dag.py:3239} INFO - Sync 1 DAGs
[2026-07-18T02:28:57.640+0000] {logging_mixin.py:190} INFO - [2026-07-18T02:28:57.640+0000] {dag.py:4180} INFO - Setting next_dagrun for consumer_complaints_incremental_load to 2026-01-01 00:00:00+00:00, run_after=2026-01-02 00:00:00+00:00
[2026-07-18T02:28:57.667+0000] {processor.py:208} INFO - Processing /opt/airflow/dags/consumer_complaints_incremental_dag.py took 0.386 seconds
[2026-07-18T02:30:11.242+0000] {processor.py:186} INFO - Started process (PID=226) to work on /opt/airflow/dags/consumer_complaints_incremental_dag.py
[2026-07-18T02:30:11.244+0000] {processor.py:914} INFO - Processing file /opt/airflow/dags/consumer_complaints_incremental_dag.py for tasks to queue
[2026-07-18T02:30:11.248+0000] {logging_mixin.py:190} INFO - [2026-07-18T02:30:11.247+0000] {dagbag.py:588} INFO - Filling up the DagBag from /opt/airflow/dags/consumer_complaints_incremental_dag.py
[2026-07-18T02:30:12.333+0000] {processor.py:925} INFO - DAG(s) 'consumer_complaints_incremental_load' retrieved from /opt/airflow/dags/consumer_complaints_incremental_dag.py
[2026-07-18T02:30:12.427+0000] {logging_mixin.py:190} INFO - [2026-07-18T02:30:12.426+0000] {override.py:1900} INFO - Created Permission View: can edit on DAG:consumer_complaints_incremental_load
[2026-07-18T02:30:12.447+0000] {logging_mixin.py:190} INFO - [2026-07-18T02:30:12.446+0000] {override.py:1900} INFO - Created Permission View: can delete on DAG:consumer_complaints_incremental_load
[2026-07-18T02:30:12.459+0000] {logging_mixin.py:190} INFO - [2026-07-18T02:30:12.458+0000] {override.py:1900} INFO - Created Permission View: can read on DAG:consumer_complaints_incremental_load
[2026-07-18T02:30:12.470+0000] {logging_mixin.py:190} INFO - [2026-07-18T02:30:12.470+0000] {override.py:1900} INFO - Created Permission View: menu access on DAG Run:consumer_complaints_incremental_load
[2026-07-18T02:30:12.479+0000] {logging_mixin.py:190} INFO - [2026-07-18T02:30:12.478+0000] {override.py:1900} INFO - Created Permission View: can delete on DAG Run:consumer_complaints_incremental_load
[2026-07-18T02:30:12.491+0000] {logging_mixin.py:190} INFO - [2026-07-18T02:30:12.490+0000] {override.py:1900} INFO - Created Permission View: can read on DAG Run:consumer_complaints_incremental_load
[2026-07-18T02:30:12.505+0000] {logging_mixin.py:190} INFO - [2026-07-18T02:30:12.504+0000] {override.py:1900} INFO - Created Permission View: can create on DAG Run:consumer_complaints_incremental_load
[2026-07-18T02:30:12.506+0000] {logging_mixin.py:190} INFO - [2026-07-18T02:30:12.505+0000] {dag.py:3239} INFO - Sync 1 DAGs
[2026-07-18T02:30:12.525+0000] {logging_mixin.py:190} INFO - [2026-07-18T02:30:12.524+0000] {dag.py:3262} INFO - Creating ORM DAG for consumer_complaints_incremental_load
[2026-07-18T02:30:12.541+0000] {logging_mixin.py:190} INFO - [2026-07-18T02:30:12.541+0000] {dag.py:4180} INFO - Setting next_dagrun for consumer_complaints_incremental_load to 2026-01-01 00:00:00+00:00, run_after=2026-01-02 00:00:00+00:00
[2026-07-18T02:30:12.576+0000] {processor.py:208} INFO - Processing /opt/airflow/dags/consumer_complaints_incremental_dag.py took 1.342 seconds
[2026-07-18T02:30:42.860+0000] {processor.py:186} INFO - Started process (PID=311) to work on /opt/airflow/dags/consumer_complaints_incremental_dag.py
[2026-07-18T02:30:42.862+0000] {processor.py:914} INFO - Processing file /opt/airflow/dags/consumer_complaints_incremental_dag.py for tasks to queue
[2026-07-18T02:30:42.866+0000] {logging_mixin.py:190} INFO - [2026-07-18T02:30:42.865+0000] {dagbag.py:588} INFO - Filling up the DagBag from /opt/airflow/dags/consumer_complaints_incremental_dag.py
[2026-07-18T02:30:43.125+0000] {processor.py:925} INFO - DAG(s) 'consumer_complaints_incremental_load' retrieved from /opt/airflow/dags/consumer_complaints_incremental_dag.py
[2026-07-18T02:30:43.151+0000] {logging_mixin.py:190} INFO - [2026-07-18T02:30:43.150+0000] {dag.py:3239} INFO - Sync 1 DAGs
[2026-07-18T02:30:43.172+0000] {logging_mixin.py:190} INFO - [2026-07-18T02:30:43.172+0000] {dag.py:4180} INFO - Setting next_dagrun for consumer_complaints_incremental_load to 2026-01-01 00:00:00+00:00, run_after=2026-01-02 00:00:00+00:00
[2026-07-18T02:30:43.194+0000] {processor.py:208} INFO - Processing /opt/airflow/dags/consumer_complaints_incremental_dag.py took 0.340 seconds
[2026-07-18T02:31:13.302+0000] {processor.py:186} INFO - Started process (PID=396) to work on /opt/airflow/dags/consumer_complaints_incremental_dag.py
[2026-07-18T02:31:13.304+0000] {processor.py:914} INFO - Processing file /opt/airflow/dags/consumer_complaints_incremental_dag.py for tasks to queue
[2026-07-18T02:31:13.307+0000] {logging_mixin.py:190} INFO - [2026-07-18T02:31:13.306+0000] {dagbag.py:588} INFO - Filling up the DagBag from /opt/airflow/dags/consumer_complaints_incremental_dag.py
[2026-07-18T02:31:13.614+0000] {processor.py:925} INFO - DAG(s) 'consumer_complaints_incremental_load' retrieved from /opt/airflow/dags/consumer_complaints_incremental_dag.py
[2026-07-18T02:31:13.657+0000] {logging_mixin.py:190} INFO - [2026-07-18T02:31:13.657+0000] {dag.py:3239} INFO - Sync 1 DAGs
[2026-07-18T02:31:13.697+0000] {logging_mixin.py:190} INFO - [2026-07-18T02:31:13.697+0000] {dag.py:4180} INFO - Setting next_dagrun for consumer_complaints_incremental_load to 2026-01-01 00:00:00+00:00, run_after=2026-01-02 00:00:00+00:00
[2026-07-18T02:31:13.731+0000] {processor.py:208} INFO - Processing /opt/airflow/dags/consumer_complaints_incremental_dag.py took 0.435 seconds
[2026-07-18T02:31:44.169+0000] {processor.py:186} INFO - Started process (PID=539) to work on /opt/airflow/dags/consumer_complaints_incremental_dag.py
[2026-07-18T02:31:44.170+0000] {processor.py:914} INFO - Processing file /opt/airflow/dags/consumer_complaints_incremental_dag.py for tasks to queue
[2026-07-18T02:31:44.172+0000] {logging_mixin.py:190} INFO - [2026-07-18T02:31:44.172+0000] {dagbag.py:588} INFO - Filling up the DagBag from /opt/airflow/dags/consumer_complaints_incremental_dag.py
[2026-07-18T02:31:44.480+0000] {processor.py:925} INFO - DAG(s) 'consumer_complaints_incremental_load' retrieved from /opt/airflow/dags/consumer_complaints_incremental_dag.py
[2026-07-18T02:31:44.510+0000] {logging_mixin.py:190} INFO - [2026-07-18T02:31:44.509+0000] {dag.py:3239} INFO - Sync 1 DAGs
[2026-07-18T02:31:44.542+0000] {logging_mixin.py:190} INFO - [2026-07-18T02:31:44.542+0000] {dag.py:4180} INFO - Setting next_dagrun for consumer_complaints_incremental_load to 2026-01-01 00:00:00+00:00, run_after=2026-01-02 00:00:00+00:00
[2026-07-18T02:31:44.575+0000] {processor.py:208} INFO - Processing /opt/airflow/dags/consumer_complaints_incremental_dag.py took 0.412 seconds
[2026-07-18T02:32:15.180+0000] {processor.py:186} INFO - Started process (PID=911) to work on /opt/airflow/dags/consumer_complaints_incremental_dag.py
[2026-07-18T02:32:15.181+0000] {processor.py:914} INFO - Processing file /opt/airflow/dags/consumer_complaints_incremental_dag.py for tasks to queue
[2026-07-18T02:32:15.183+0000] {logging_mixin.py:190} INFO - [2026-07-18T02:32:15.183+0000] {dagbag.py:588} INFO - Filling up the DagBag from /opt/airflow/dags/consumer_complaints_incremental_dag.py
[2026-07-18T02:32:15.431+0000] {processor.py:925} INFO - DAG(s) 'consumer_complaints_incremental_load' retrieved from /opt/airflow/dags/consumer_complaints_incremental_dag.py
[2026-07-18T02:32:15.453+0000] {logging_mixin.py:190} INFO - [2026-07-18T02:32:15.453+0000] {dag.py:3239} INFO - Sync 1 DAGs
[2026-07-18T02:32:15.477+0000] {logging_mixin.py:190} INFO - [2026-07-18T02:32:15.477+0000] {dag.py:4180} INFO - Setting next_dagrun for consumer_complaints_incremental_load to 2026-01-01 00:00:00+00:00, run_after=2026-01-02 00:00:00+00:00
[2026-07-18T02:32:15.498+0000] {processor.py:208} INFO - Processing /opt/airflow/dags/consumer_complaints_incremental_dag.py took 0.324 seconds
[2026-07-18T02:32:45.771+0000] {processor.py:186} INFO - Started process (PID=997) to work on /opt/airflow/dags/consumer_complaints_incremental_dag.py
[2026-07-18T02:32:45.772+0000] {processor.py:914} INFO - Processing file /opt/airflow/dags/consumer_complaints_incremental_dag.py for tasks to queue
[2026-07-18T02:32:45.774+0000] {logging_mixin.py:190} INFO - [2026-07-18T02:32:45.774+0000] {dagbag.py:588} INFO - Filling up the DagBag from /opt/airflow/dags/consumer_complaints_incremental_dag.py
[2026-07-18T02:32:46.036+0000] {processor.py:925} INFO - DAG(s) 'consumer_complaints_incremental_load' retrieved from /opt/airflow/dags/consumer_complaints_incremental_dag.py
[2026-07-18T02:32:46.065+0000] {logging_mixin.py:190} INFO - [2026-07-18T02:32:46.065+0000] {dag.py:3239} INFO - Sync 1 DAGs
[2026-07-18T02:32:46.088+0000] {logging_mixin.py:190} INFO - [2026-07-18T02:32:46.088+0000] {dag.py:4180} INFO - Setting next_dagrun for consumer_complaints_incremental_load to 2026-01-01 00:00:00+00:00, run_after=2026-01-02 00:00:00+00:00
[2026-07-18T02:32:46.109+0000] {processor.py:208} INFO - Processing /opt/airflow/dags/consumer_complaints_incremental_dag.py took 0.344 seconds
[2026-07-18T02:33:16.448+0000] {processor.py:186} INFO - Started process (PID=1086) to work on /opt/airflow/dags/consumer_complaints_incremental_dag.py
[2026-07-18T02:33:16.449+0000] {processor.py:914} INFO - Processing file /opt/airflow/dags/consumer_complaints_incremental_dag.py for tasks to queue
[2026-07-18T02:33:16.451+0000] {logging_mixin.py:190} INFO - [2026-07-18T02:33:16.451+0000] {dagbag.py:588} INFO - Filling up the DagBag from /opt/airflow/dags/consumer_complaints_incremental_dag.py
[2026-07-18T02:33:16.742+0000] {processor.py:925} INFO - DAG(s) 'consumer_complaints_incremental_load' retrieved from /opt/airflow/dags/consumer_complaints_incremental_dag.py
[2026-07-18T02:33:16.763+0000] {logging_mixin.py:190} INFO - [2026-07-18T02:33:16.763+0000] {dag.py:3239} INFO - Sync 1 DAGs
[2026-07-18T02:33:16.786+0000] {logging_mixin.py:190} INFO - [2026-07-18T02:33:16.786+0000] {dag.py:4180} INFO - Setting next_dagrun for consumer_complaints_incremental_load to 2026-01-01 00:00:00+00:00, run_after=2026-01-02 00:00:00+00:00
[2026-07-18T02:33:16.809+0000] {processor.py:208} INFO - Processing /opt/airflow/dags/consumer_complaints_incremental_dag.py took 0.366 seconds
[2026-07-18T02:33:47.576+0000] {processor.py:186} INFO - Started process (PID=1173) to work on /opt/airflow/dags/consumer_complaints_incremental_dag.py
[2026-07-18T02:33:47.577+0000] {processor.py:914} INFO - Processing file /opt/airflow/dags/consumer_complaints_incremental_dag.py for tasks to queue
[2026-07-18T02:33:47.579+0000] {logging_mixin.py:190} INFO - [2026-07-18T02:33:47.579+0000] {dagbag.py:588} INFO - Filling up the DagBag from /opt/airflow/dags/consumer_complaints_incremental_dag.py
[2026-07-18T02:33:47.840+0000] {processor.py:925} INFO - DAG(s) 'consumer_complaints_incremental_load' retrieved from /opt/airflow/dags/consumer_complaints_incremental_dag.py
[2026-07-18T02:33:47.864+0000] {logging_mixin.py:190} INFO - [2026-07-18T02:33:47.864+0000] {dag.py:3239} INFO - Sync 1 DAGs
[2026-07-18T02:33:47.886+0000] {logging_mixin.py:190} INFO - [2026-07-18T02:33:47.885+0000] {dag.py:4180} INFO - Setting next_dagrun for consumer_complaints_incremental_load to 2026-01-01 00:00:00+00:00, run_after=2026-01-02 00:00:00+00:00
[2026-07-18T02:33:47.904+0000] {processor.py:208} INFO - Processing /opt/airflow/dags/consumer_complaints_incremental_dag.py took 0.333 seconds
[2026-07-18T02:34:18.136+0000] {processor.py:186} INFO - Started process (PID=1259) to work on /opt/airflow/dags/consumer_complaints_incremental_dag.py
[2026-07-18T02:34:18.138+0000] {processor.py:914} INFO - Processing file /opt/airflow/dags/consumer_complaints_incremental_dag.py for tasks to queue
[2026-07-18T02:34:18.140+0000] {logging_mixin.py:190} INFO - [2026-07-18T02:34:18.140+0000] {dagbag.py:588} INFO - Filling up the DagBag from /opt/airflow/dags/consumer_complaints_incremental_dag.py
[2026-07-18T02:34:18.412+0000] {processor.py:925} INFO - DAG(s) 'consumer_complaints_incremental_load' retrieved from /opt/airflow/dags/consumer_complaints_incremental_dag.py
[2026-07-18T02:34:18.438+0000] {logging_mixin.py:190} INFO - [2026-07-18T02:34:18.437+0000] {dag.py:3239} INFO - Sync 1 DAGs
[2026-07-18T02:34:18.458+0000] {logging_mixin.py:190} INFO - [2026-07-18T02:34:18.458+0000] {dag.py:4180} INFO - Setting next_dagrun for consumer_complaints_incremental_load to 2026-01-01 00:00:00+00:00, run_after=2026-01-02 00:00:00+00:00
[2026-07-18T02:34:18.478+0000] {processor.py:208} INFO - Processing /opt/airflow/dags/consumer_complaints_incremental_dag.py took 0.351 seconds
[2026-07-18T02:34:48.586+0000] {processor.py:186} INFO - Started process (PID=1348) to work on /opt/airflow/dags/consumer_complaints_incremental_dag.py
[2026-07-18T02:34:48.587+0000] {processor.py:914} INFO - Processing file /opt/airflow/dags/consumer_complaints_incremental_dag.py for tasks to queue
[2026-07-18T02:34:48.589+0000] {logging_mixin.py:190} INFO - [2026-07-18T02:34:48.589+0000] {dagbag.py:588} INFO - Filling up the DagBag from /opt/airflow/dags/consumer_complaints_incremental_dag.py
[2026-07-18T02:34:48.895+0000] {processor.py:925} INFO - DAG(s) 'consumer_complaints_incremental_load' retrieved from /opt/airflow/dags/consumer_complaints_incremental_dag.py
[2026-07-18T02:34:48.921+0000] {logging_mixin.py:190} INFO - [2026-07-18T02:34:48.920+0000] {dag.py:3239} INFO - Sync 1 DAGs
[2026-07-18T02:34:48.946+0000] {logging_mixin.py:190} INFO - [2026-07-18T02:34:48.946+0000] {dag.py:4180} INFO - Setting next_dagrun for consumer_complaints_incremental_load to 2026-01-01 00:00:00+00:00, run_after=2026-01-02 00:00:00+00:00
[2026-07-18T02:34:48.971+0000] {processor.py:208} INFO - Processing /opt/airflow/dags/consumer_complaints_incremental_dag.py took 0.392 seconds
[2026-07-18T02:35:19.269+0000] {processor.py:186} INFO - Started process (PID=1437) to work on /opt/airflow/dags/consumer_complaints_incremental_dag.py
[2026-07-18T02:35:19.270+0000] {processor.py:914} INFO - Processing file /opt/airflow/dags/consumer_complaints_incremental_dag.py for tasks to queue
[2026-07-18T02:35:19.273+0000] {logging_mixin.py:190} INFO - [2026-07-18T02:35:19.273+0000] {dagbag.py:588} INFO - Filling up the DagBag from /opt/airflow/dags/consumer_complaints_incremental_dag.py
[2026-07-18T02:35:19.511+0000] {processor.py:925} INFO - DAG(s) 'consumer_complaints_incremental_load' retrieved from /opt/airflow/dags/consumer_complaints_incremental_dag.py
[2026-07-18T02:35:19.534+0000] {logging_mixin.py:190} INFO - [2026-07-18T02:35:19.534+0000] {dag.py:3239} INFO - Sync 1 DAGs
[2026-07-18T02:35:19.555+0000] {logging_mixin.py:190} INFO - [2026-07-18T02:35:19.555+0000] {dag.py:4180} INFO - Setting next_dagrun for consumer_complaints_incremental_load to 2026-01-01 00:00:00+00:00, run_after=2026-01-02 00:00:00+00:00
[2026-07-18T02:35:19.576+0000] {processor.py:208} INFO - Processing /opt/airflow/dags/consumer_complaints_incremental_dag.py took 0.313 seconds
[2026-07-18T02:35:50.182+0000] {processor.py:186} INFO - Started process (PID=1524) to work on /opt/airflow/dags/consumer_complaints_incremental_dag.py
[2026-07-18T02:35:50.184+0000] {processor.py:914} INFO - Processing file /opt/airflow/dags/consumer_complaints_incremental_dag.py for tasks to queue
[2026-07-18T02:35:50.186+0000] {logging_mixin.py:190} INFO - [2026-07-18T02:35:50.186+0000] {dagbag.py:588} INFO - Filling up the DagBag from /opt/airflow/dags/consumer_complaints_incremental_dag.py
[2026-07-18T02:35:50.434+0000] {processor.py:925} INFO - DAG(s) 'consumer_complaints_incremental_load' retrieved from /opt/airflow/dags/consumer_complaints_incremental_dag.py
[2026-07-18T02:35:50.457+0000] {logging_mixin.py:190} INFO - [2026-07-18T02:35:50.457+0000] {dag.py:3239} INFO - Sync 1 DAGs
[2026-07-18T02:35:50.479+0000] {logging_mixin.py:190} INFO - [2026-07-18T02:35:50.479+0000] {dag.py:4180} INFO - Setting next_dagrun for consumer_complaints_incremental_load to 2026-01-01 00:00:00+00:00, run_after=2026-01-02 00:00:00+00:00
[2026-07-18T02:35:50.497+0000] {processor.py:208} INFO - Processing /opt/airflow/dags/consumer_complaints_incremental_dag.py took 0.321 seconds
[2026-07-18T02:36:20.574+0000] {processor.py:186} INFO - Started process (PID=1610) to work on /opt/airflow/dags/consumer_complaints_incremental_dag.py
[2026-07-18T02:36:20.575+0000] {processor.py:914} INFO - Processing file /opt/airflow/dags/consumer_complaints_incremental_dag.py for tasks to queue
[2026-07-18T02:36:20.579+0000] {logging_mixin.py:190} INFO - [2026-07-18T02:36:20.578+0000] {dagbag.py:588} INFO - Filling up the DagBag from /opt/airflow/dags/consumer_complaints_incremental_dag.py
[2026-07-18T02:36:20.836+0000] {processor.py:925} INFO - DAG(s) 'consumer_complaints_incremental_load' retrieved from /opt/airflow/dags/consumer_complaints_incremental_dag.py
[2026-07-18T02:36:20.858+0000] {logging_mixin.py:190} INFO - [2026-07-18T02:36:20.858+0000] {dag.py:3239} INFO - Sync 1 DAGs
[2026-07-18T02:36:20.881+0000] {logging_mixin.py:190} INFO - [2026-07-18T02:36:20.880+0000] {dag.py:4180} INFO - Setting next_dagrun for consumer_complaints_incremental_load to 2026-01-01 00:00:00+00:00, run_after=2026-01-02 00:00:00+00:00
[2026-07-18T02:36:20.898+0000] {processor.py:208} INFO - Processing /opt/airflow/dags/consumer_complaints_incremental_dag.py took 0.330 seconds
[2026-07-18T02:36:51.070+0000] {processor.py:186} INFO - Started process (PID=1699) to work on /opt/airflow/dags/consumer_complaints_incremental_dag.py
[2026-07-18T02:36:51.071+0000] {processor.py:914} INFO - Processing file /opt/airflow/dags/consumer_complaints_incremental_dag.py for tasks to queue
[2026-07-18T02:36:51.073+0000] {logging_mixin.py:190} INFO - [2026-07-18T02:36:51.073+0000] {dagbag.py:588} INFO - Filling up the DagBag from /opt/airflow/dags/consumer_complaints_incremental_dag.py
[2026-07-18T02:36:51.324+0000] {processor.py:925} INFO - DAG(s) 'consumer_complaints_incremental_load' retrieved from /opt/airflow/dags/consumer_complaints_incremental_dag.py
[2026-07-18T02:36:51.351+0000] {logging_mixin.py:190} INFO - [2026-07-18T02:36:51.351+0000] {dag.py:3239} INFO - Sync 1 DAGs
[2026-07-18T02:36:51.372+0000] {logging_mixin.py:190} INFO - [2026-07-18T02:36:51.372+0000] {dag.py:4180} INFO - Setting next_dagrun for consumer_complaints_incremental_load to 2026-01-01 00:00:00+00:00, run_after=2026-01-02 00:00:00+00:00
[2026-07-18T02:36:51.396+0000] {processor.py:208} INFO - Processing /opt/airflow/dags/consumer_complaints_incremental_dag.py took 0.331 seconds
[2026-07-18T02:37:22.214+0000] {processor.py:186} INFO - Started process (PID=1786) to work on /opt/airflow/dags/consumer_complaints_incremental_dag.py
[2026-07-18T02:37:22.216+0000] {processor.py:914} INFO - Processing file /opt/airflow/dags/consumer_complaints_incremental_dag.py for tasks to queue
[2026-07-18T02:37:22.218+0000] {logging_mixin.py:190} INFO - [2026-07-18T02:37:22.218+0000] {dagbag.py:588} INFO - Filling up the DagBag from /opt/airflow/dags/consumer_complaints_incremental_dag.py
[2026-07-18T02:37:22.454+0000] {processor.py:925} INFO - DAG(s) 'consumer_complaints_incremental_load' retrieved from /opt/airflow/dags/consumer_complaints_incremental_dag.py
[2026-07-18T02:37:22.476+0000] {logging_mixin.py:190} INFO - [2026-07-18T02:37:22.475+0000] {dag.py:3239} INFO - Sync 1 DAGs
[2026-07-18T02:37:22.497+0000] {logging_mixin.py:190} INFO - [2026-07-18T02:37:22.497+0000] {dag.py:4180} INFO - Setting next_dagrun for consumer_complaints_incremental_load to 2026-01-01 00:00:00+00:00, run_after=2026-01-02 00:00:00+00:00
[2026-07-18T02:37:22.514+0000] {processor.py:208} INFO - Processing /opt/airflow/dags/consumer_complaints_incremental_dag.py took 0.305 seconds
[2026-07-18T02:37:52.811+0000] {processor.py:186} INFO - Started process (PID=1872) to work on /opt/airflow/dags/consumer_complaints_incremental_dag.py
[2026-07-18T02:37:52.813+0000] {processor.py:914} INFO - Processing file /opt/airflow/dags/consumer_complaints_incremental_dag.py for tasks to queue
[2026-07-18T02:37:52.815+0000] {logging_mixin.py:190} INFO - [2026-07-18T02:37:52.815+0000] {dagbag.py:588} INFO - Filling up the DagBag from /opt/airflow/dags/consumer_complaints_incremental_dag.py
[2026-07-18T02:37:53.065+0000] {processor.py:925} INFO - DAG(s) 'consumer_complaints_incremental_load' retrieved from /opt/airflow/dags/consumer_complaints_incremental_dag.py
[2026-07-18T02:37:53.090+0000] {logging_mixin.py:190} INFO - [2026-07-18T02:37:53.090+0000] {dag.py:3239} INFO - Sync 1 DAGs
[2026-07-18T02:37:53.113+0000] {logging_mixin.py:190} INFO - [2026-07-18T02:37:53.113+0000] {dag.py:4180} INFO - Setting next_dagrun for consumer_complaints_incremental_load to 2026-01-01 00:00:00+00:00, run_after=2026-01-02 00:00:00+00:00
[2026-07-18T02:37:53.137+0000] {processor.py:208} INFO - Processing /opt/airflow/dags/consumer_complaints_incremental_dag.py took 0.331 seconds
[2026-07-18T02:38:23.777+0000] {processor.py:186} INFO - Started process (PID=1961) to work on /opt/airflow/dags/consumer_complaints_incremental_dag.py
[2026-07-18T02:38:23.778+0000] {processor.py:914} INFO - Processing file /opt/airflow/dags/consumer_complaints_incremental_dag.py for tasks to queue
[2026-07-18T02:38:23.781+0000] {logging_mixin.py:190} INFO - [2026-07-18T02:38:23.781+0000] {dagbag.py:588} INFO - Filling up the DagBag from /opt/airflow/dags/consumer_complaints_incremental_dag.py
[2026-07-18T02:38:24.029+0000] {processor.py:925} INFO - DAG(s) 'consumer_complaints_incremental_load' retrieved from /opt/airflow/dags/consumer_complaints_incremental_dag.py
[2026-07-18T02:38:24.053+0000] {logging_mixin.py:190} INFO - [2026-07-18T02:38:24.052+0000] {dag.py:3239} INFO - Sync 1 DAGs
[2026-07-18T02:38:24.075+0000] {logging_mixin.py:190} INFO - [2026-07-18T02:38:24.075+0000] {dag.py:4180} INFO - Setting next_dagrun for consumer_complaints_incremental_load to 2026-01-01 00:00:00+00:00, run_after=2026-01-02 00:00:00+00:00
[2026-07-18T02:38:24.098+0000] {processor.py:208} INFO - Processing /opt/airflow/dags/consumer_complaints_incremental_dag.py took 0.326 seconds
[2026-07-18T02:38:54.639+0000] {processor.py:186} INFO - Started process (PID=2050) to work on /opt/airflow/dags/consumer_complaints_incremental_dag.py
[2026-07-18T02:38:54.640+0000] {processor.py:914} INFO - Processing file /opt/airflow/dags/consumer_complaints_incremental_dag.py for tasks to queue
[2026-07-18T02:38:54.642+0000] {logging_mixin.py:190} INFO - [2026-07-18T02:38:54.642+0000] {dagbag.py:588} INFO - Filling up the DagBag from /opt/airflow/dags/consumer_complaints_incremental_dag.py
[2026-07-18T02:38:54.903+0000] {processor.py:925} INFO - DAG(s) 'consumer_complaints_incremental_load' retrieved from /opt/airflow/dags/consumer_complaints_incremental_dag.py
[2026-07-18T02:38:54.932+0000] {logging_mixin.py:190} INFO - [2026-07-18T02:38:54.932+0000] {dag.py:3239} INFO - Sync 1 DAGs
[2026-07-18T02:38:54.958+0000] {logging_mixin.py:190} INFO - [2026-07-18T02:38:54.958+0000] {dag.py:4180} INFO - Setting next_dagrun for consumer_complaints_incremental_load to 2026-01-01 00:00:00+00:00, run_after=2026-01-02 00:00:00+00:00
[2026-07-18T02:38:54.982+0000] {processor.py:208} INFO - Processing /opt/airflow/dags/consumer_complaints_incremental_dag.py took 0.349 seconds
[2026-07-18T02:39:25.532+0000] {processor.py:186} INFO - Started process (PID=2137) to work on /opt/airflow/dags/consumer_complaints_incremental_dag.py
[2026-07-18T02:39:25.533+0000] {processor.py:914} INFO - Processing file /opt/airflow/dags/consumer_complaints_incremental_dag.py for tasks to queue
[2026-07-18T02:39:25.539+0000] {logging_mixin.py:190} INFO - [2026-07-18T02:39:25.538+0000] {dagbag.py:588} INFO - Filling up the DagBag from /opt/airflow/dags/consumer_complaints_incremental_dag.py
[2026-07-18T02:39:25.843+0000] {processor.py:925} INFO - DAG(s) 'consumer_complaints_incremental_load' retrieved from /opt/airflow/dags/consumer_complaints_incremental_dag.py
[2026-07-18T02:39:25.883+0000] {logging_mixin.py:190} INFO - [2026-07-18T02:39:25.881+0000] {dag.py:3239} INFO - Sync 1 DAGs
[2026-07-18T02:39:25.932+0000] {logging_mixin.py:190} INFO - [2026-07-18T02:39:25.932+0000] {dag.py:4180} INFO - Setting next_dagrun for consumer_complaints_incremental_load to 2026-01-01 00:00:00+00:00, run_after=2026-01-02 00:00:00+00:00
[2026-07-18T02:39:25.967+0000] {processor.py:208} INFO - Processing /opt/airflow/dags/consumer_complaints_incremental_dag.py took 0.441 seconds
[2026-07-18T02:39:56.159+0000] {processor.py:186} INFO - Started process (PID=2223) to work on /opt/airflow/dags/consumer_complaints_incremental_dag.py
[2026-07-18T02:39:56.161+0000] {processor.py:914} INFO - Processing file /opt/airflow/dags/consumer_complaints_incremental_dag.py for tasks to queue
[2026-07-18T02:39:56.164+0000] {logging_mixin.py:190} INFO - [2026-07-18T02:39:56.164+0000] {dagbag.py:588} INFO - Filling up the DagBag from /opt/airflow/dags/consumer_complaints_incremental_dag.py
[2026-07-18T02:39:56.439+0000] {processor.py:925} INFO - DAG(s) 'consumer_complaints_incremental_load' retrieved from /opt/airflow/dags/consumer_complaints_incremental_dag.py
[2026-07-18T02:39:56.467+0000] {logging_mixin.py:190} INFO - [2026-07-18T02:39:56.466+0000] {dag.py:3239} INFO - Sync 1 DAGs
[2026-07-18T02:39:56.492+0000] {logging_mixin.py:190} INFO - [2026-07-18T02:39:56.491+0000] {dag.py:4180} INFO - Setting next_dagrun for consumer_complaints_incremental_load to 2026-01-01 00:00:00+00:00, run_after=2026-01-02 00:00:00+00:00
[2026-07-18T02:39:56.511+0000] {processor.py:208} INFO - Processing /opt/airflow/dags/consumer_complaints_incremental_dag.py took 0.359 seconds
[2026-07-18T02:40:26.825+0000] {processor.py:186} INFO - Started process (PID=2312) to work on /opt/airflow/dags/consumer_complaints_incremental_dag.py
[2026-07-18T02:40:26.826+0000] {processor.py:914} INFO - Processing file /opt/airflow/dags/consumer_complaints_incremental_dag.py for tasks to queue
[2026-07-18T02:40:26.829+0000] {logging_mixin.py:190} INFO - [2026-07-18T02:40:26.829+0000] {dagbag.py:588} INFO - Filling up the DagBag from /opt/airflow/dags/consumer_complaints_incremental_dag.py
[2026-07-18T02:40:27.082+0000] {processor.py:925} INFO - DAG(s) 'consumer_complaints_incremental_load' retrieved from /opt/airflow/dags/consumer_complaints_incremental_dag.py
[2026-07-18T02:40:27.111+0000] {logging_mixin.py:190} INFO - [2026-07-18T02:40:27.111+0000] {dag.py:3239} INFO - Sync 1 DAGs
[2026-07-18T02:40:27.134+0000] {logging_mixin.py:190} INFO - [2026-07-18T02:40:27.134+0000] {dag.py:4180} INFO - Setting next_dagrun for consumer_complaints_incremental_load to 2026-01-01 00:00:00+00:00, run_after=2026-01-02 00:00:00+00:00
[2026-07-18T02:40:27.156+0000] {processor.py:208} INFO - Processing /opt/airflow/dags/consumer_complaints_incremental_dag.py took 0.336 seconds
[2026-07-18T02:40:57.860+0000] {processor.py:186} INFO - Started process (PID=2401) to work on /opt/airflow/dags/consumer_complaints_incremental_dag.py
[2026-07-18T02:40:57.861+0000] {processor.py:914} INFO - Processing file /opt/airflow/dags/consumer_complaints_incremental_dag.py for tasks to queue
[2026-07-18T02:40:57.863+0000] {logging_mixin.py:190} INFO - [2026-07-18T02:40:57.863+0000] {dagbag.py:588} INFO - Filling up the DagBag from /opt/airflow/dags/consumer_complaints_incremental_dag.py
[2026-07-18T02:40:58.102+0000] {processor.py:925} INFO - DAG(s) 'consumer_complaints_incremental_load' retrieved from /opt/airflow/dags/consumer_complaints_incremental_dag.py
[2026-07-18T02:40:58.126+0000] {logging_mixin.py:190} INFO - [2026-07-18T02:40:58.125+0000] {dag.py:3239} INFO - Sync 1 DAGs
[2026-07-18T02:40:58.147+0000] {logging_mixin.py:190} INFO - [2026-07-18T02:40:58.147+0000] {dag.py:4180} INFO - Setting next_dagrun for consumer_complaints_incremental_load to 2026-01-01 00:00:00+00:00, run_after=2026-01-02 00:00:00+00:00
[2026-07-18T02:40:58.171+0000] {processor.py:208} INFO - Processing /opt/airflow/dags/consumer_complaints_incremental_dag.py took 0.318 seconds
[2026-07-18T02:41:28.454+0000] {processor.py:186} INFO - Started process (PID=2488) to work on /opt/airflow/dags/consumer_complaints_incremental_dag.py
[2026-07-18T02:41:28.454+0000] {processor.py:914} INFO - Processing file /opt/airflow/dags/consumer_complaints_incremental_dag.py for tasks to queue
[2026-07-18T02:41:28.456+0000] {logging_mixin.py:190} INFO - [2026-07-18T02:41:28.456+0000] {dagbag.py:588} INFO - Filling up the DagBag from /opt/airflow/dags/consumer_complaints_incremental_dag.py
[2026-07-18T02:41:28.690+0000] {processor.py:925} INFO - DAG(s) 'consumer_complaints_incremental_load' retrieved from /opt/airflow/dags/consumer_complaints_incremental_dag.py
[2026-07-18T02:41:28.711+0000] {logging_mixin.py:190} INFO - [2026-07-18T02:41:28.711+0000] {dag.py:3239} INFO - Sync 1 DAGs
[2026-07-18T02:41:28.865+0000] {logging_mixin.py:190} INFO - [2026-07-18T02:41:28.865+0000] {dag.py:4180} INFO - Setting next_dagrun for consumer_complaints_incremental_load to 2026-01-01 00:00:00+00:00, run_after=2026-01-02 00:00:00+00:00
[2026-07-18T02:41:28.881+0000] {processor.py:208} INFO - Processing /opt/airflow/dags/consumer_complaints_incremental_dag.py took 0.433 seconds
[2026-07-18T02:41:59.005+0000] {processor.py:186} INFO - Started process (PID=2574) to work on /opt/airflow/dags/consumer_complaints_incremental_dag.py
[2026-07-18T02:41:59.006+0000] {processor.py:914} INFO - Processing file /opt/airflow/dags/consumer_complaints_incremental_dag.py for tasks to queue
[2026-07-18T02:41:59.011+0000] {logging_mixin.py:190} INFO - [2026-07-18T02:41:59.010+0000] {dagbag.py:588} INFO - Filling up the DagBag from /opt/airflow/dags/consumer_complaints_incremental_dag.py
[2026-07-18T02:41:59.241+0000] {processor.py:925} INFO - DAG(s) 'consumer_complaints_incremental_load' retrieved from /opt/airflow/dags/consumer_complaints_incremental_dag.py
[2026-07-18T02:41:59.263+0000] {logging_mixin.py:190} INFO - [2026-07-18T02:41:59.263+0000] {dag.py:3239} INFO - Sync 1 DAGs
[2026-07-18T02:41:59.403+0000] {logging_mixin.py:190} INFO - [2026-07-18T02:41:59.403+0000] {dag.py:4180} INFO - Setting next_dagrun for consumer_complaints_incremental_load to 2026-01-01 00:00:00+00:00, run_after=2026-01-02 00:00:00+00:00
[2026-07-18T02:41:59.423+0000] {processor.py:208} INFO - Processing /opt/airflow/dags/consumer_complaints_incremental_dag.py took 0.423 seconds
[2026-07-18T02:42:29.691+0000] {processor.py:186} INFO - Started process (PID=2663) to work on /opt/airflow/dags/consumer_complaints_incremental_dag.py
[2026-07-18T02:42:29.693+0000] {processor.py:914} INFO - Processing file /opt/airflow/dags/consumer_complaints_incremental_dag.py for tasks to queue
[2026-07-18T02:42:29.695+0000] {logging_mixin.py:190} INFO - [2026-07-18T02:42:29.695+0000] {dagbag.py:588} INFO - Filling up the DagBag from /opt/airflow/dags/consumer_complaints_incremental_dag.py
[2026-07-18T02:42:29.941+0000] {processor.py:925} INFO - DAG(s) 'consumer_complaints_incremental_load' retrieved from /opt/airflow/dags/consumer_complaints_incremental_dag.py
[2026-07-18T02:42:30.081+0000] {logging_mixin.py:190} INFO - [2026-07-18T02:42:30.080+0000] {dag.py:3239} INFO - Sync 1 DAGs
[2026-07-18T02:42:30.099+0000] {logging_mixin.py:190} INFO - [2026-07-18T02:42:30.099+0000] {dag.py:4180} INFO - Setting next_dagrun for consumer_complaints_incremental_load to 2026-01-01 00:00:00+00:00, run_after=2026-01-02 00:00:00+00:00
[2026-07-18T02:42:30.118+0000] {processor.py:208} INFO - Processing /opt/airflow/dags/consumer_complaints_incremental_dag.py took 0.432 seconds
[2026-07-18T02:43:00.533+0000] {processor.py:186} INFO - Started process (PID=2752) to work on /opt/airflow/dags/consumer_complaints_incremental_dag.py
[2026-07-18T02:43:00.534+0000] {processor.py:914} INFO - Processing file /opt/airflow/dags/consumer_complaints_incremental_dag.py for tasks to queue
[2026-07-18T02:43:00.536+0000] {logging_mixin.py:190} INFO - [2026-07-18T02:43:00.536+0000] {dagbag.py:588} INFO - Filling up the DagBag from /opt/airflow/dags/consumer_complaints_incremental_dag.py
[2026-07-18T02:43:00.778+0000] {processor.py:925} INFO - DAG(s) 'consumer_complaints_incremental_load' retrieved from /opt/airflow/dags/consumer_complaints_incremental_dag.py
[2026-07-18T02:43:00.802+0000] {logging_mixin.py:190} INFO - [2026-07-18T02:43:00.802+0000] {dag.py:3239} INFO - Sync 1 DAGs
[2026-07-18T02:43:00.823+0000] {logging_mixin.py:190} INFO - [2026-07-18T02:43:00.823+0000] {dag.py:4180} INFO - Setting next_dagrun for consumer_complaints_incremental_load to 2026-01-01 00:00:00+00:00, run_after=2026-01-02 00:00:00+00:00
[2026-07-18T02:43:00.846+0000] {processor.py:208} INFO - Processing /opt/airflow/dags/consumer_complaints_incremental_dag.py took 0.318 seconds
[2026-07-18T02:43:31.557+0000] {processor.py:186} INFO - Started process (PID=2839) to work on /opt/airflow/dags/consumer_complaints_incremental_dag.py
[2026-07-18T02:43:31.558+0000] {processor.py:914} INFO - Processing file /opt/airflow/dags/consumer_complaints_incremental_dag.py for tasks to queue
[2026-07-18T02:43:31.560+0000] {logging_mixin.py:190} INFO - [2026-07-18T02:43:31.560+0000] {dagbag.py:588} INFO - Filling up the DagBag from /opt/airflow/dags/consumer_complaints_incremental_dag.py
[2026-07-18T02:43:31.790+0000] {processor.py:925} INFO - DAG(s) 'consumer_complaints_incremental_load' retrieved from /opt/airflow/dags/consumer_complaints_incremental_dag.py
[2026-07-18T02:43:31.811+0000] {logging_mixin.py:190} INFO - [2026-07-18T02:43:31.811+0000] {dag.py:3239} INFO - Sync 1 DAGs
[2026-07-18T02:43:31.831+0000] {logging_mixin.py:190} INFO - [2026-07-18T02:43:31.831+0000] {dag.py:4180} INFO - Setting next_dagrun for consumer_complaints_incremental_load to 2026-01-01 00:00:00+00:00, run_after=2026-01-02 00:00:00+00:00
[2026-07-18T02:43:31.967+0000] {processor.py:208} INFO - Processing /opt/airflow/dags/consumer_complaints_incremental_dag.py took 0.418 seconds
[2026-07-18T02:44:02.239+0000] {processor.py:186} INFO - Started process (PID=2925) to work on /opt/airflow/dags/consumer_complaints_incremental_dag.py
[2026-07-18T02:44:02.241+0000] {processor.py:914} INFO - Processing file /opt/airflow/dags/consumer_complaints_incremental_dag.py for tasks to queue
[2026-07-18T02:44:02.244+0000] {logging_mixin.py:190} INFO - [2026-07-18T02:44:02.244+0000] {dagbag.py:588} INFO - Filling up the DagBag from /opt/airflow/dags/consumer_complaints_incremental_dag.py
[2026-07-18T02:44:02.485+0000] {processor.py:925} INFO - DAG(s) 'consumer_complaints_incremental_load' retrieved from /opt/airflow/dags/consumer_complaints_incremental_dag.py
[2026-07-18T02:44:02.508+0000] {logging_mixin.py:190} INFO - [2026-07-18T02:44:02.508+0000] {dag.py:3239} INFO - Sync 1 DAGs
[2026-07-18T02:44:02.635+0000] {logging_mixin.py:190} INFO - [2026-07-18T02:44:02.635+0000] {dag.py:4180} INFO - Setting next_dagrun for consumer_complaints_incremental_load to 2026-01-01 00:00:00+00:00, run_after=2026-01-02 00:00:00+00:00
[2026-07-18T02:44:02.656+0000] {processor.py:208} INFO - Processing /opt/airflow/dags/consumer_complaints_incremental_dag.py took 0.423 seconds
[2026-07-18T02:44:32.843+0000] {processor.py:186} INFO - Started process (PID=3017) to work on /opt/airflow/dags/consumer_complaints_incremental_dag.py
[2026-07-18T02:44:32.844+0000] {processor.py:914} INFO - Processing file /opt/airflow/dags/consumer_complaints_incremental_dag.py for tasks to queue
[2026-07-18T02:44:32.847+0000] {logging_mixin.py:190} INFO - [2026-07-18T02:44:32.847+0000] {dagbag.py:588} INFO - Filling up the DagBag from /opt/airflow/dags/consumer_complaints_incremental_dag.py
[2026-07-18T02:44:33.312+0000] {processor.py:925} INFO - DAG(s) 'consumer_complaints_incremental_load' retrieved from /opt/airflow/dags/consumer_complaints_incremental_dag.py
[2026-07-18T02:44:33.334+0000] {logging_mixin.py:190} INFO - [2026-07-18T02:44:33.334+0000] {dag.py:3239} INFO - Sync 1 DAGs
[2026-07-18T02:44:33.355+0000] {logging_mixin.py:190} INFO - [2026-07-18T02:44:33.354+0000] {dag.py:4180} INFO - Setting next_dagrun for consumer_complaints_incremental_load to 2026-01-01 00:00:00+00:00, run_after=2026-01-02 00:00:00+00:00
[2026-07-18T02:44:33.383+0000] {processor.py:208} INFO - Processing /opt/airflow/dags/consumer_complaints_incremental_dag.py took 0.548 seconds
[2026-07-18T02:45:04.142+0000] {processor.py:186} INFO - Started process (PID=3106) to work on /opt/airflow/dags/consumer_complaints_incremental_dag.py
[2026-07-18T02:45:04.143+0000] {processor.py:914} INFO - Processing file /opt/airflow/dags/consumer_complaints_incremental_dag.py for tasks to queue
[2026-07-18T02:45:04.145+0000] {logging_mixin.py:190} INFO - [2026-07-18T02:45:04.144+0000] {dagbag.py:588} INFO - Filling up the DagBag from /opt/airflow/dags/consumer_complaints_incremental_dag.py
[2026-07-18T02:45:04.497+0000] {processor.py:925} INFO - DAG(s) 'consumer_complaints_incremental_load' retrieved from /opt/airflow/dags/consumer_complaints_incremental_dag.py
[2026-07-18T02:45:04.516+0000] {logging_mixin.py:190} INFO - [2026-07-18T02:45:04.515+0000] {dag.py:3239} INFO - Sync 1 DAGs
[2026-07-18T02:45:04.533+0000] {logging_mixin.py:190} INFO - [2026-07-18T02:45:04.533+0000] {dag.py:4180} INFO - Setting next_dagrun for consumer_complaints_incremental_load to 2026-01-01 00:00:00+00:00, run_after=2026-01-02 00:00:00+00:00
[2026-07-18T02:45:04.551+0000] {processor.py:208} INFO - Processing /opt/airflow/dags/consumer_complaints_incremental_dag.py took 0.414 seconds
[2026-07-18T02:45:34.779+0000] {processor.py:186} INFO - Started process (PID=3192) to work on /opt/airflow/dags/consumer_complaints_incremental_dag.py
[2026-07-18T02:45:34.780+0000] {processor.py:914} INFO - Processing file /opt/airflow/dags/consumer_complaints_incremental_dag.py for tasks to queue
[2026-07-18T02:45:34.783+0000] {logging_mixin.py:190} INFO - [2026-07-18T02:45:34.782+0000] {dagbag.py:588} INFO - Filling up the DagBag from /opt/airflow/dags/consumer_complaints_incremental_dag.py
[2026-07-18T02:45:35.135+0000] {processor.py:925} INFO - DAG(s) 'consumer_complaints_incremental_load' retrieved from /opt/airflow/dags/consumer_complaints_incremental_dag.py
[2026-07-18T02:45:35.156+0000] {logging_mixin.py:190} INFO - [2026-07-18T02:45:35.156+0000] {dag.py:3239} INFO - Sync 1 DAGs
[2026-07-18T02:45:35.175+0000] {logging_mixin.py:190} INFO - [2026-07-18T02:45:35.175+0000] {dag.py:4180} INFO - Setting next_dagrun for consumer_complaints_incremental_load to 2026-01-01 00:00:00+00:00, run_after=2026-01-02 00:00:00+00:00
[2026-07-18T02:45:35.193+0000] {processor.py:208} INFO - Processing /opt/airflow/dags/consumer_complaints_incremental_dag.py took 0.420 seconds
[2026-07-18T02:46:05.353+0000] {processor.py:186} INFO - Started process (PID=3284) to work on /opt/airflow/dags/consumer_complaints_incremental_dag.py
[2026-07-18T02:46:05.354+0000] {processor.py:914} INFO - Processing file /opt/airflow/dags/consumer_complaints_incremental_dag.py for tasks to queue
[2026-07-18T02:46:05.356+0000] {logging_mixin.py:190} INFO - [2026-07-18T02:46:05.356+0000] {dagbag.py:588} INFO - Filling up the DagBag from /opt/airflow/dags/consumer_complaints_incremental_dag.py
[2026-07-18T02:46:05.772+0000] {processor.py:925} INFO - DAG(s) 'consumer_complaints_incremental_load' retrieved from /opt/airflow/dags/consumer_complaints_incremental_dag.py
[2026-07-18T02:46:05.791+0000] {logging_mixin.py:190} INFO - [2026-07-18T02:46:05.790+0000] {dag.py:3239} INFO - Sync 1 DAGs
[2026-07-18T02:46:05.808+0000] {logging_mixin.py:190} INFO - [2026-07-18T02:46:05.808+0000] {dag.py:4180} INFO - Setting next_dagrun for consumer_complaints_incremental_load to 2026-01-01 00:00:00+00:00, run_after=2026-01-02 00:00:00+00:00
[2026-07-18T02:46:05.825+0000] {processor.py:208} INFO - Processing /opt/airflow/dags/consumer_complaints_incremental_dag.py took 0.477 seconds
[2026-07-18T02:46:37.000+0000] {processor.py:186} INFO - Started process (PID=3375) to work on /opt/airflow/dags/consumer_complaints_incremental_dag.py
[2026-07-18T02:46:37.001+0000] {processor.py:914} INFO - Processing file /opt/airflow/dags/consumer_complaints_incremental_dag.py for tasks to queue
[2026-07-18T02:46:37.003+0000] {logging_mixin.py:190} INFO - [2026-07-18T02:46:37.003+0000] {dagbag.py:588} INFO - Filling up the DagBag from /opt/airflow/dags/consumer_complaints_incremental_dag.py
[2026-07-18T02:46:37.386+0000] {processor.py:925} INFO - DAG(s) 'consumer_complaints_incremental_load' retrieved from /opt/airflow/dags/consumer_complaints_incremental_dag.py
[2026-07-18T02:46:37.410+0000] {logging_mixin.py:190} INFO - [2026-07-18T02:46:37.410+0000] {dag.py:3239} INFO - Sync 1 DAGs
[2026-07-18T02:46:37.430+0000] {logging_mixin.py:190} INFO - [2026-07-18T02:46:37.429+0000] {dag.py:4180} INFO - Setting next_dagrun for consumer_complaints_incremental_load to 2026-01-01 00:00:00+00:00, run_after=2026-01-02 00:00:00+00:00
[2026-07-18T02:46:37.451+0000] {processor.py:208} INFO - Processing /opt/airflow/dags/consumer_complaints_incremental_dag.py took 0.456 seconds
[2026-07-18T02:47:08.905+0000] {processor.py:186} INFO - Started process (PID=3462) to work on /opt/airflow/dags/consumer_complaints_incremental_dag.py
[2026-07-18T02:47:08.906+0000] {processor.py:914} INFO - Processing file /opt/airflow/dags/consumer_complaints_incremental_dag.py for tasks to queue
[2026-07-18T02:47:08.908+0000] {logging_mixin.py:190} INFO - [2026-07-18T02:47:08.908+0000] {dagbag.py:588} INFO - Filling up the DagBag from /opt/airflow/dags/consumer_complaints_incremental_dag.py
[2026-07-18T02:47:09.278+0000] {processor.py:925} INFO - DAG(s) 'consumer_complaints_incremental_load' retrieved from /opt/airflow/dags/consumer_complaints_incremental_dag.py
[2026-07-18T02:47:09.305+0000] {logging_mixin.py:190} INFO - [2026-07-18T02:47:09.304+0000] {dag.py:3239} INFO - Sync 1 DAGs
[2026-07-18T02:47:09.326+0000] {logging_mixin.py:190} INFO - [2026-07-18T02:47:09.326+0000] {dag.py:4180} INFO - Setting next_dagrun for consumer_complaints_incremental_load to 2026-01-01 00:00:00+00:00, run_after=2026-01-02 00:00:00+00:00
[2026-07-18T02:47:09.350+0000] {processor.py:208} INFO - Processing /opt/airflow/dags/consumer_complaints_incremental_dag.py took 0.451 seconds
[2026-07-18T02:47:40.432+0000] {processor.py:186} INFO - Started process (PID=3551) to work on /opt/airflow/dags/consumer_complaints_incremental_dag.py
[2026-07-18T02:47:40.433+0000] {processor.py:914} INFO - Processing file /opt/airflow/dags/consumer_complaints_incremental_dag.py for tasks to queue
[2026-07-18T02:47:40.435+0000] {logging_mixin.py:190} INFO - [2026-07-18T02:47:40.435+0000] {dagbag.py:588} INFO - Filling up the DagBag from /opt/airflow/dags/consumer_complaints_incremental_dag.py
[2026-07-18T02:47:40.818+0000] {processor.py:925} INFO - DAG(s) 'consumer_complaints_incremental_load' retrieved from /opt/airflow/dags/consumer_complaints_incremental_dag.py
[2026-07-18T02:47:40.847+0000] {logging_mixin.py:190} INFO - [2026-07-18T02:47:40.846+0000] {dag.py:3239} INFO - Sync 1 DAGs
[2026-07-18T02:47:40.869+0000] {logging_mixin.py:190} INFO - [2026-07-18T02:47:40.869+0000] {dag.py:4180} INFO - Setting next_dagrun for consumer_complaints_incremental_load to 2026-01-01 00:00:00+00:00, run_after=2026-01-02 00:00:00+00:00
[2026-07-18T02:47:40.892+0000] {processor.py:208} INFO - Processing /opt/airflow/dags/consumer_complaints_incremental_dag.py took 0.467 seconds
[2026-07-18T02:48:11.132+0000] {processor.py:186} INFO - Started process (PID=3637) to work on /opt/airflow/dags/consumer_complaints_incremental_dag.py
[2026-07-18T02:48:11.133+0000] {processor.py:914} INFO - Processing file /opt/airflow/dags/consumer_complaints_incremental_dag.py for tasks to queue
[2026-07-18T02:48:11.135+0000] {logging_mixin.py:190} INFO - [2026-07-18T02:48:11.135+0000] {dagbag.py:588} INFO - Filling up the DagBag from /opt/airflow/dags/consumer_complaints_incremental_dag.py
[2026-07-18T02:48:11.492+0000] {processor.py:925} INFO - DAG(s) 'consumer_complaints_incremental_load' retrieved from /opt/airflow/dags/consumer_complaints_incremental_dag.py
[2026-07-18T02:48:11.511+0000] {logging_mixin.py:190} INFO - [2026-07-18T02:48:11.511+0000] {dag.py:3239} INFO - Sync 1 DAGs
[2026-07-18T02:48:11.531+0000] {logging_mixin.py:190} INFO - [2026-07-18T02:48:11.531+0000] {dag.py:4180} INFO - Setting next_dagrun for consumer_complaints_incremental_load to 2026-01-01 00:00:00+00:00, run_after=2026-01-02 00:00:00+00:00
[2026-07-18T02:48:11.548+0000] {processor.py:208} INFO - Processing /opt/airflow/dags/consumer_complaints_incremental_dag.py took 0.422 seconds
[2026-07-18T02:48:41.674+0000] {processor.py:186} INFO - Started process (PID=3702) to work on /opt/airflow/dags/consumer_complaints_incremental_dag.py
[2026-07-18T02:48:41.675+0000] {processor.py:914} INFO - Processing file /opt/airflow/dags/consumer_complaints_incremental_dag.py for tasks to queue
[2026-07-18T02:48:41.677+0000] {logging_mixin.py:190} INFO - [2026-07-18T02:48:41.677+0000] {dagbag.py:588} INFO - Filling up the DagBag from /opt/airflow/dags/consumer_complaints_incremental_dag.py
[2026-07-18T02:48:42.062+0000] {processor.py:925} INFO - DAG(s) 'consumer_complaints_incremental_load' retrieved from /opt/airflow/dags/consumer_complaints_incremental_dag.py
[2026-07-18T02:48:42.083+0000] {logging_mixin.py:190} INFO - [2026-07-18T02:48:42.082+0000] {dag.py:3239} INFO - Sync 1 DAGs
[2026-07-18T02:48:42.101+0000] {logging_mixin.py:190} INFO - [2026-07-18T02:48:42.101+0000] {dag.py:4180} INFO - Setting next_dagrun for consumer_complaints_incremental_load to 2026-01-01 00:00:00+00:00, run_after=2026-01-02 00:00:00+00:00
[2026-07-18T02:48:42.120+0000] {processor.py:208} INFO - Processing /opt/airflow/dags/consumer_complaints_incremental_dag.py took 0.451 seconds
[2026-07-18T02:49:13.982+0000] {processor.py:186} INFO - Started process (PID=3803) to work on /opt/airflow/dags/consumer_complaints_incremental_dag.py
[2026-07-18T02:49:13.983+0000] {processor.py:914} INFO - Processing file /opt/airflow/dags/consumer_complaints_incremental_dag.py for tasks to queue
[2026-07-18T02:49:13.986+0000] {logging_mixin.py:190} INFO - [2026-07-18T02:49:13.985+0000] {dagbag.py:588} INFO - Filling up the DagBag from /opt/airflow/dags/consumer_complaints_incremental_dag.py
[2026-07-18T02:49:14.334+0000] {processor.py:925} INFO - DAG(s) 'consumer_complaints_incremental_load' retrieved from /opt/airflow/dags/consumer_complaints_incremental_dag.py
[2026-07-18T02:49:14.353+0000] {logging_mixin.py:190} INFO - [2026-07-18T02:49:14.353+0000] {dag.py:3239} INFO - Sync 1 DAGs
[2026-07-18T02:49:14.372+0000] {logging_mixin.py:190} INFO - [2026-07-18T02:49:14.372+0000] {dag.py:4180} INFO - Setting next_dagrun for consumer_complaints_incremental_load to 2026-01-01 00:00:00+00:00, run_after=2026-01-02 00:00:00+00:00
[2026-07-18T02:49:14.387+0000] {processor.py:208} INFO - Processing /opt/airflow/dags/consumer_complaints_incremental_dag.py took 0.412 seconds
[2026-07-18T02:49:45.445+0000] {processor.py:186} INFO - Started process (PID=3892) to work on /opt/airflow/dags/consumer_complaints_incremental_dag.py
[2026-07-18T02:49:45.446+0000] {processor.py:914} INFO - Processing file /opt/airflow/dags/consumer_complaints_incremental_dag.py for tasks to queue
[2026-07-18T02:49:45.449+0000] {logging_mixin.py:190} INFO - [2026-07-18T02:49:45.448+0000] {dagbag.py:588} INFO - Filling up the DagBag from /opt/airflow/dags/consumer_complaints_incremental_dag.py
[2026-07-18T02:49:45.826+0000] {processor.py:925} INFO - DAG(s) 'consumer_complaints_incremental_load' retrieved from /opt/airflow/dags/consumer_complaints_incremental_dag.py
[2026-07-18T02:49:45.849+0000] {logging_mixin.py:190} INFO - [2026-07-18T02:49:45.848+0000] {dag.py:3239} INFO - Sync 1 DAGs
[2026-07-18T02:49:45.869+0000] {logging_mixin.py:190} INFO - [2026-07-18T02:49:45.868+0000] {dag.py:4180} INFO - Setting next_dagrun for consumer_complaints_incremental_load to 2026-01-01 00:00:00+00:00, run_after=2026-01-02 00:00:00+00:00
[2026-07-18T02:49:45.887+0000] {processor.py:208} INFO - Processing /opt/airflow/dags/consumer_complaints_incremental_dag.py took 0.448 seconds
[2026-07-18T02:50:16.116+0000] {processor.py:186} INFO - Started process (PID=3978) to work on /opt/airflow/dags/consumer_complaints_incremental_dag.py
[2026-07-18T02:50:16.117+0000] {processor.py:914} INFO - Processing file /opt/airflow/dags/consumer_complaints_incremental_dag.py for tasks to queue
[2026-07-18T02:50:16.119+0000] {logging_mixin.py:190} INFO - [2026-07-18T02:50:16.119+0000] {dagbag.py:588} INFO - Filling up the DagBag from /opt/airflow/dags/consumer_complaints_incremental_dag.py
[2026-07-18T02:50:16.489+0000] {processor.py:925} INFO - DAG(s) 'consumer_complaints_incremental_load' retrieved from /opt/airflow/dags/consumer_complaints_incremental_dag.py
[2026-07-18T02:50:16.507+0000] {logging_mixin.py:190} INFO - [2026-07-18T02:50:16.507+0000] {dag.py:3239} INFO - Sync 1 DAGs
[2026-07-18T02:50:16.524+0000] {logging_mixin.py:190} INFO - [2026-07-18T02:50:16.524+0000] {dag.py:4180} INFO - Setting next_dagrun for consumer_complaints_incremental_load to 2026-01-01 00:00:00+00:00, run_after=2026-01-02 00:00:00+00:00
[2026-07-18T02:50:16.542+0000] {processor.py:208} INFO - Processing /opt/airflow/dags/consumer_complaints_incremental_dag.py took 0.432 seconds
[2026-07-18T02:50:46.749+0000] {processor.py:186} INFO - Started process (PID=4067) to work on /opt/airflow/dags/consumer_complaints_incremental_dag.py
[2026-07-18T02:50:46.750+0000] {processor.py:914} INFO - Processing file /opt/airflow/dags/consumer_complaints_incremental_dag.py for tasks to queue
[2026-07-18T02:50:46.753+0000] {logging_mixin.py:190} INFO - [2026-07-18T02:50:46.753+0000] {dagbag.py:588} INFO - Filling up the DagBag from /opt/airflow/dags/consumer_complaints_incremental_dag.py
[2026-07-18T02:50:47.108+0000] {processor.py:925} INFO - DAG(s) 'consumer_complaints_incremental_load' retrieved from /opt/airflow/dags/consumer_complaints_incremental_dag.py
[2026-07-18T02:50:47.126+0000] {logging_mixin.py:190} INFO - [2026-07-18T02:50:47.125+0000] {dag.py:3239} INFO - Sync 1 DAGs
[2026-07-18T02:50:47.148+0000] {logging_mixin.py:190} INFO - [2026-07-18T02:50:47.148+0000] {dag.py:4180} INFO - Setting next_dagrun for consumer_complaints_incremental_load to 2026-01-01 00:00:00+00:00, run_after=2026-01-02 00:00:00+00:00
[2026-07-18T02:50:47.170+0000] {processor.py:208} INFO - Processing /opt/airflow/dags/consumer_complaints_incremental_dag.py took 0.427 seconds
[2026-07-18T02:51:17.341+0000] {processor.py:186} INFO - Started process (PID=4154) to work on /opt/airflow/dags/consumer_complaints_incremental_dag.py
[2026-07-18T02:51:17.343+0000] {processor.py:914} INFO - Processing file /opt/airflow/dags/consumer_complaints_incremental_dag.py for tasks to queue
[2026-07-18T02:51:17.347+0000] {logging_mixin.py:190} INFO - [2026-07-18T02:51:17.347+0000] {dagbag.py:588} INFO - Filling up the DagBag from /opt/airflow/dags/consumer_complaints_incremental_dag.py
[2026-07-18T02:51:17.734+0000] {processor.py:925} INFO - DAG(s) 'consumer_complaints_incremental_load' retrieved from /opt/airflow/dags/consumer_complaints_incremental_dag.py
[2026-07-18T02:51:17.753+0000] {logging_mixin.py:190} INFO - [2026-07-18T02:51:17.753+0000] {dag.py:3239} INFO - Sync 1 DAGs
[2026-07-18T02:51:17.772+0000] {logging_mixin.py:190} INFO - [2026-07-18T02:51:17.771+0000] {dag.py:4180} INFO - Setting next_dagrun for consumer_complaints_incremental_load to 2026-01-01 00:00:00+00:00, run_after=2026-01-02 00:00:00+00:00
[2026-07-18T02:51:17.788+0000] {processor.py:208} INFO - Processing /opt/airflow/dags/consumer_complaints_incremental_dag.py took 0.453 seconds
[2026-07-18T02:51:48.285+0000] {processor.py:186} INFO - Started process (PID=4240) to work on /opt/airflow/dags/consumer_complaints_incremental_dag.py
[2026-07-18T02:51:48.286+0000] {processor.py:914} INFO - Processing file /opt/airflow/dags/consumer_complaints_incremental_dag.py for tasks to queue
[2026-07-18T02:51:48.289+0000] {logging_mixin.py:190} INFO - [2026-07-18T02:51:48.289+0000] {dagbag.py:588} INFO - Filling up the DagBag from /opt/airflow/dags/consumer_complaints_incremental_dag.py
[2026-07-18T02:51:48.641+0000] {processor.py:925} INFO - DAG(s) 'consumer_complaints_incremental_load' retrieved from /opt/airflow/dags/consumer_complaints_incremental_dag.py
[2026-07-18T02:51:48.662+0000] {logging_mixin.py:190} INFO - [2026-07-18T02:51:48.662+0000] {dag.py:3239} INFO - Sync 1 DAGs
[2026-07-18T02:51:48.683+0000] {logging_mixin.py:190} INFO - [2026-07-18T02:51:48.683+0000] {dag.py:4180} INFO - Setting next_dagrun for consumer_complaints_incremental_load to 2026-01-01 00:00:00+00:00, run_after=2026-01-02 00:00:00+00:00
[2026-07-18T02:51:48.701+0000] {processor.py:208} INFO - Processing /opt/airflow/dags/consumer_complaints_incremental_dag.py took 0.421 seconds
[2026-07-18T02:52:18.971+0000] {processor.py:186} INFO - Started process (PID=4329) to work on /opt/airflow/dags/consumer_complaints_incremental_dag.py
[2026-07-18T02:52:18.972+0000] {processor.py:914} INFO - Processing file /opt/airflow/dags/consumer_complaints_incremental_dag.py for tasks to queue
[2026-07-18T02:52:18.974+0000] {logging_mixin.py:190} INFO - [2026-07-18T02:52:18.974+0000] {dagbag.py:588} INFO - Filling up the DagBag from /opt/airflow/dags/consumer_complaints_incremental_dag.py
[2026-07-18T02:52:19.343+0000] {processor.py:925} INFO - DAG(s) 'consumer_complaints_incremental_load' retrieved from /opt/airflow/dags/consumer_complaints_incremental_dag.py
[2026-07-18T02:52:19.364+0000] {logging_mixin.py:190} INFO - [2026-07-18T02:52:19.364+0000] {dag.py:3239} INFO - Sync 1 DAGs
[2026-07-18T02:52:19.383+0000] {logging_mixin.py:190} INFO - [2026-07-18T02:52:19.383+0000] {dag.py:4180} INFO - Setting next_dagrun for consumer_complaints_incremental_load to 2026-01-01 00:00:00+00:00, run_after=2026-01-02 00:00:00+00:00
[2026-07-18T02:52:19.401+0000] {processor.py:208} INFO - Processing /opt/airflow/dags/consumer_complaints_incremental_dag.py took 0.436 seconds
[2026-07-18T02:52:49.631+0000] {processor.py:186} INFO - Started process (PID=4418) to work on /opt/airflow/dags/consumer_complaints_incremental_dag.py
[2026-07-18T02:52:49.632+0000] {processor.py:914} INFO - Processing file /opt/airflow/dags/consumer_complaints_incremental_dag.py for tasks to queue
[2026-07-18T02:52:49.634+0000] {logging_mixin.py:190} INFO - [2026-07-18T02:52:49.634+0000] {dagbag.py:588} INFO - Filling up the DagBag from /opt/airflow/dags/consumer_complaints_incremental_dag.py
[2026-07-18T02:52:50.013+0000] {processor.py:925} INFO - DAG(s) 'consumer_complaints_incremental_load' retrieved from /opt/airflow/dags/consumer_complaints_incremental_dag.py
[2026-07-18T02:52:50.032+0000] {logging_mixin.py:190} INFO - [2026-07-18T02:52:50.032+0000] {dag.py:3239} INFO - Sync 1 DAGs
[2026-07-18T02:52:50.050+0000] {logging_mixin.py:190} INFO - [2026-07-18T02:52:50.050+0000] {dag.py:4180} INFO - Setting next_dagrun for consumer_complaints_incremental_load to 2026-01-01 00:00:00+00:00, run_after=2026-01-02 00:00:00+00:00
[2026-07-18T02:52:50.065+0000] {processor.py:208} INFO - Processing /opt/airflow/dags/consumer_complaints_incremental_dag.py took 0.440 seconds
[2026-07-18T02:53:20.997+0000] {processor.py:186} INFO - Started process (PID=4505) to work on /opt/airflow/dags/consumer_complaints_incremental_dag.py
[2026-07-18T02:53:21.000+0000] {processor.py:914} INFO - Processing file /opt/airflow/dags/consumer_complaints_incremental_dag.py for tasks to queue
[2026-07-18T02:53:21.002+0000] {logging_mixin.py:190} INFO - [2026-07-18T02:53:21.002+0000] {dagbag.py:588} INFO - Filling up the DagBag from /opt/airflow/dags/consumer_complaints_incremental_dag.py
[2026-07-18T02:53:21.407+0000] {processor.py:925} INFO - DAG(s) 'consumer_complaints_incremental_load' retrieved from /opt/airflow/dags/consumer_complaints_incremental_dag.py
[2026-07-18T02:53:21.425+0000] {logging_mixin.py:190} INFO - [2026-07-18T02:53:21.425+0000] {dag.py:3239} INFO - Sync 1 DAGs
[2026-07-18T02:53:21.443+0000] {logging_mixin.py:190} INFO - [2026-07-18T02:53:21.443+0000] {dag.py:4180} INFO - Setting next_dagrun for consumer_complaints_incremental_load to 2026-01-01 00:00:00+00:00, run_after=2026-01-02 00:00:00+00:00
[2026-07-18T02:53:21.461+0000] {processor.py:208} INFO - Processing /opt/airflow/dags/consumer_complaints_incremental_dag.py took 0.470 seconds
[2026-07-18T02:53:51.852+0000] {processor.py:186} INFO - Started process (PID=4591) to work on /opt/airflow/dags/consumer_complaints_incremental_dag.py
[2026-07-18T02:53:51.853+0000] {processor.py:914} INFO - Processing file /opt/airflow/dags/consumer_complaints_incremental_dag.py for tasks to queue
[2026-07-18T02:53:51.856+0000] {logging_mixin.py:190} INFO - [2026-07-18T02:53:51.855+0000] {dagbag.py:588} INFO - Filling up the DagBag from /opt/airflow/dags/consumer_complaints_incremental_dag.py
[2026-07-18T02:53:52.242+0000] {processor.py:925} INFO - DAG(s) 'consumer_complaints_incremental_load' retrieved from /opt/airflow/dags/consumer_complaints_incremental_dag.py
[2026-07-18T02:53:52.264+0000] {logging_mixin.py:190} INFO - [2026-07-18T02:53:52.263+0000] {dag.py:3239} INFO - Sync 1 DAGs
[2026-07-18T02:53:52.281+0000] {logging_mixin.py:190} INFO - [2026-07-18T02:53:52.281+0000] {dag.py:4180} INFO - Setting next_dagrun for consumer_complaints_incremental_load to 2026-01-01 00:00:00+00:00, run_after=2026-01-02 00:00:00+00:00
[2026-07-18T02:53:52.298+0000] {processor.py:208} INFO - Processing /opt/airflow/dags/consumer_complaints_incremental_dag.py took 0.452 seconds
[2026-07-18T03:05:16.690+0000] {processor.py:186} INFO - Started process (PID=4676) to work on /opt/airflow/dags/consumer_complaints_incremental_dag.py
[2026-07-18T03:05:16.691+0000] {processor.py:914} INFO - Processing file /opt/airflow/dags/consumer_complaints_incremental_dag.py for tasks to queue
[2026-07-18T03:05:16.695+0000] {logging_mixin.py:190} INFO - [2026-07-18T03:05:16.695+0000] {dagbag.py:588} INFO - Filling up the DagBag from /opt/airflow/dags/consumer_complaints_incremental_dag.py
[2026-07-18T03:05:17.102+0000] {processor.py:925} INFO - DAG(s) 'consumer_complaints_incremental_load' retrieved from /opt/airflow/dags/consumer_complaints_incremental_dag.py
[2026-07-18T03:05:17.122+0000] {logging_mixin.py:190} INFO - [2026-07-18T03:05:17.122+0000] {dag.py:3239} INFO - Sync 1 DAGs
[2026-07-18T03:05:17.142+0000] {logging_mixin.py:190} INFO - [2026-07-18T03:05:17.142+0000] {dag.py:4180} INFO - Setting next_dagrun for consumer_complaints_incremental_load to 2026-01-01 00:00:00+00:00, run_after=2026-01-02 00:00:00+00:00
[2026-07-18T03:05:17.166+0000] {processor.py:208} INFO - Processing /opt/airflow/dags/consumer_complaints_incremental_dag.py took 0.482 seconds
[2026-07-18T03:05:49.128+0000] {processor.py:186} INFO - Started process (PID=4765) to work on /opt/airflow/dags/consumer_complaints_incremental_dag.py
[2026-07-18T03:05:49.129+0000] {processor.py:914} INFO - Processing file /opt/airflow/dags/consumer_complaints_incremental_dag.py for tasks to queue
[2026-07-18T03:05:49.132+0000] {logging_mixin.py:190} INFO - [2026-07-18T03:05:49.131+0000] {dagbag.py:588} INFO - Filling up the DagBag from /opt/airflow/dags/consumer_complaints_incremental_dag.py
[2026-07-18T03:05:49.501+0000] {processor.py:925} INFO - DAG(s) 'consumer_complaints_incremental_load' retrieved from /opt/airflow/dags/consumer_complaints_incremental_dag.py
[2026-07-18T03:05:49.523+0000] {logging_mixin.py:190} INFO - [2026-07-18T03:05:49.523+0000] {dag.py:3239} INFO - Sync 1 DAGs
[2026-07-18T03:05:49.564+0000] {logging_mixin.py:190} INFO - [2026-07-18T03:05:49.564+0000] {dag.py:4180} INFO - Setting next_dagrun for consumer_complaints_incremental_load to 2026-01-01 00:00:00+00:00, run_after=2026-01-02 00:00:00+00:00
[2026-07-18T03:05:49.601+0000] {processor.py:208} INFO - Processing /opt/airflow/dags/consumer_complaints_incremental_dag.py took 0.479 seconds
[2026-07-18T03:06:19.969+0000] {processor.py:186} INFO - Started process (PID=4851) to work on /opt/airflow/dags/consumer_complaints_incremental_dag.py
[2026-07-18T03:06:19.970+0000] {processor.py:914} INFO - Processing file /opt/airflow/dags/consumer_complaints_incremental_dag.py for tasks to queue
[2026-07-18T03:06:19.973+0000] {logging_mixin.py:190} INFO - [2026-07-18T03:06:19.973+0000] {dagbag.py:588} INFO - Filling up the DagBag from /opt/airflow/dags/consumer_complaints_incremental_dag.py
[2026-07-18T03:06:20.380+0000] {processor.py:925} INFO - DAG(s) 'consumer_complaints_incremental_load' retrieved from /opt/airflow/dags/consumer_complaints_incremental_dag.py
[2026-07-18T03:06:20.403+0000] {logging_mixin.py:190} INFO - [2026-07-18T03:06:20.402+0000] {dag.py:3239} INFO - Sync 1 DAGs
[2026-07-18T03:06:20.426+0000] {logging_mixin.py:190} INFO - [2026-07-18T03:06:20.425+0000] {dag.py:4180} INFO - Setting next_dagrun for consumer_complaints_incremental_load to 2026-01-01 00:00:00+00:00, run_after=2026-01-02 00:00:00+00:00
[2026-07-18T03:06:20.446+0000] {processor.py:208} INFO - Processing /opt/airflow/dags/consumer_complaints_incremental_dag.py took 0.482 seconds
[2026-07-18T03:06:50.688+0000] {processor.py:186} INFO - Started process (PID=4940) to work on /opt/airflow/dags/consumer_complaints_incremental_dag.py
[2026-07-18T03:06:50.689+0000] {processor.py:914} INFO - Processing file /opt/airflow/dags/consumer_complaints_incremental_dag.py for tasks to queue
[2026-07-18T03:06:50.691+0000] {logging_mixin.py:190} INFO - [2026-07-18T03:06:50.691+0000] {dagbag.py:588} INFO - Filling up the DagBag from /opt/airflow/dags/consumer_complaints_incremental_dag.py
[2026-07-18T03:06:51.047+0000] {processor.py:925} INFO - DAG(s) 'consumer_complaints_incremental_load' retrieved from /opt/airflow/dags/consumer_complaints_incremental_dag.py
[2026-07-18T03:06:51.067+0000] {logging_mixin.py:190} INFO - [2026-07-18T03:06:51.066+0000] {dag.py:3239} INFO - Sync 1 DAGs
[2026-07-18T03:06:51.085+0000] {logging_mixin.py:190} INFO - [2026-07-18T03:06:51.085+0000] {dag.py:4180} INFO - Setting next_dagrun for consumer_complaints_incremental_load to 2026-01-01 00:00:00+00:00, run_after=2026-01-02 00:00:00+00:00
[2026-07-18T03:06:51.106+0000] {processor.py:208} INFO - Processing /opt/airflow/dags/consumer_complaints_incremental_dag.py took 0.423 seconds
[2026-07-18T03:07:22.057+0000] {processor.py:186} INFO - Started process (PID=5027) to work on /opt/airflow/dags/consumer_complaints_incremental_dag.py
[2026-07-18T03:07:22.058+0000] {processor.py:914} INFO - Processing file /opt/airflow/dags/consumer_complaints_incremental_dag.py for tasks to queue
[2026-07-18T03:07:22.060+0000] {logging_mixin.py:190} INFO - [2026-07-18T03:07:22.060+0000] {dagbag.py:588} INFO - Filling up the DagBag from /opt/airflow/dags/consumer_complaints_incremental_dag.py
[2026-07-18T03:07:22.412+0000] {processor.py:925} INFO - DAG(s) 'consumer_complaints_incremental_load' retrieved from /opt/airflow/dags/consumer_complaints_incremental_dag.py
[2026-07-18T03:07:22.432+0000] {logging_mixin.py:190} INFO - [2026-07-18T03:07:22.431+0000] {dag.py:3239} INFO - Sync 1 DAGs
[2026-07-18T03:07:22.450+0000] {logging_mixin.py:190} INFO - [2026-07-18T03:07:22.450+0000] {dag.py:4180} INFO - Setting next_dagrun for consumer_complaints_incremental_load to 2026-01-01 00:00:00+00:00, run_after=2026-01-02 00:00:00+00:00
[2026-07-18T03:07:22.466+0000] {processor.py:208} INFO - Processing /opt/airflow/dags/consumer_complaints_incremental_dag.py took 0.415 seconds
[2026-07-18T03:07:52.627+0000] {processor.py:186} INFO - Started process (PID=5113) to work on /opt/airflow/dags/consumer_complaints_incremental_dag.py
[2026-07-18T03:07:52.628+0000] {processor.py:914} INFO - Processing file /opt/airflow/dags/consumer_complaints_incremental_dag.py for tasks to queue
[2026-07-18T03:07:52.631+0000] {logging_mixin.py:190} INFO - [2026-07-18T03:07:52.630+0000] {dagbag.py:588} INFO - Filling up the DagBag from /opt/airflow/dags/consumer_complaints_incremental_dag.py
[2026-07-18T03:07:52.962+0000] {processor.py:925} INFO - DAG(s) 'consumer_complaints_incremental_load' retrieved from /opt/airflow/dags/consumer_complaints_incremental_dag.py
[2026-07-18T03:07:52.983+0000] {logging_mixin.py:190} INFO - [2026-07-18T03:07:52.983+0000] {dag.py:3239} INFO - Sync 1 DAGs
[2026-07-18T03:07:53.000+0000] {logging_mixin.py:190} INFO - [2026-07-18T03:07:53.000+0000] {dag.py:4180} INFO - Setting next_dagrun for consumer_complaints_incremental_load to 2026-01-01 00:00:00+00:00, run_after=2026-01-02 00:00:00+00:00
[2026-07-18T03:07:53.017+0000] {processor.py:208} INFO - Processing /opt/airflow/dags/consumer_complaints_incremental_dag.py took 0.395 seconds
[2026-07-18T03:08:23.182+0000] {processor.py:186} INFO - Started process (PID=5202) to work on /opt/airflow/dags/consumer_complaints_incremental_dag.py
[2026-07-18T03:08:23.183+0000] {processor.py:914} INFO - Processing file /opt/airflow/dags/consumer_complaints_incremental_dag.py for tasks to queue
[2026-07-18T03:08:23.186+0000] {logging_mixin.py:190} INFO - [2026-07-18T03:08:23.185+0000] {dagbag.py:588} INFO - Filling up the DagBag from /opt/airflow/dags/consumer_complaints_incremental_dag.py
[2026-07-18T03:08:23.445+0000] {processor.py:925} INFO - DAG(s) 'consumer_complaints_incremental_load' retrieved from /opt/airflow/dags/consumer_complaints_incremental_dag.py
[2026-07-18T03:08:23.471+0000] {logging_mixin.py:190} INFO - [2026-07-18T03:08:23.470+0000] {dag.py:3239} INFO - Sync 1 DAGs
[2026-07-18T03:08:23.492+0000] {logging_mixin.py:190} INFO - [2026-07-18T03:08:23.491+0000] {dag.py:4180} INFO - Setting next_dagrun for consumer_complaints_incremental_load to 2026-01-01 00:00:00+00:00, run_after=2026-01-02 00:00:00+00:00
[2026-07-18T03:08:23.514+0000] {processor.py:208} INFO - Processing /opt/airflow/dags/consumer_complaints_incremental_dag.py took 0.337 seconds
[2026-07-18T03:08:53.618+0000] {processor.py:186} INFO - Started process (PID=5291) to work on /opt/airflow/dags/consumer_complaints_incremental_dag.py
[2026-07-18T03:08:53.619+0000] {processor.py:914} INFO - Processing file /opt/airflow/dags/consumer_complaints_incremental_dag.py for tasks to queue
[2026-07-18T03:08:53.621+0000] {logging_mixin.py:190} INFO - [2026-07-18T03:08:53.621+0000] {dagbag.py:588} INFO - Filling up the DagBag from /opt/airflow/dags/consumer_complaints_incremental_dag.py
[2026-07-18T03:08:53.857+0000] {processor.py:925} INFO - DAG(s) 'consumer_complaints_incremental_load' retrieved from /opt/airflow/dags/consumer_complaints_incremental_dag.py
[2026-07-18T03:08:53.879+0000] {logging_mixin.py:190} INFO - [2026-07-18T03:08:53.879+0000] {dag.py:3239} INFO - Sync 1 DAGs
[2026-07-18T03:08:53.899+0000] {logging_mixin.py:190} INFO - [2026-07-18T03:08:53.899+0000] {dag.py:4180} INFO - Setting next_dagrun for consumer_complaints_incremental_load to 2026-01-01 00:00:00+00:00, run_after=2026-01-02 00:00:00+00:00
[2026-07-18T03:08:53.918+0000] {processor.py:208} INFO - Processing /opt/airflow/dags/consumer_complaints_incremental_dag.py took 0.305 seconds
[2026-07-18T03:09:24.324+0000] {processor.py:186} INFO - Started process (PID=5378) to work on /opt/airflow/dags/consumer_complaints_incremental_dag.py
[2026-07-18T03:09:24.325+0000] {processor.py:914} INFO - Processing file /opt/airflow/dags/consumer_complaints_incremental_dag.py for tasks to queue
[2026-07-18T03:09:24.327+0000] {logging_mixin.py:190} INFO - [2026-07-18T03:09:24.327+0000] {dagbag.py:588} INFO - Filling up the DagBag from /opt/airflow/dags/consumer_complaints_incremental_dag.py
[2026-07-18T03:09:24.553+0000] {processor.py:925} INFO - DAG(s) 'consumer_complaints_incremental_load' retrieved from /opt/airflow/dags/consumer_complaints_incremental_dag.py
[2026-07-18T03:09:24.574+0000] {logging_mixin.py:190} INFO - [2026-07-18T03:09:24.574+0000] {dag.py:3239} INFO - Sync 1 DAGs
[2026-07-18T03:09:24.596+0000] {logging_mixin.py:190} INFO - [2026-07-18T03:09:24.595+0000] {dag.py:4180} INFO - Setting next_dagrun for consumer_complaints_incremental_load to 2026-01-01 00:00:00+00:00, run_after=2026-01-02 00:00:00+00:00
[2026-07-18T03:09:24.612+0000] {processor.py:208} INFO - Processing /opt/airflow/dags/consumer_complaints_incremental_dag.py took 0.294 seconds
[2026-07-18T03:09:54.803+0000] {processor.py:186} INFO - Started process (PID=5464) to work on /opt/airflow/dags/consumer_complaints_incremental_dag.py
[2026-07-18T03:09:54.804+0000] {processor.py:914} INFO - Processing file /opt/airflow/dags/consumer_complaints_incremental_dag.py for tasks to queue
[2026-07-18T03:09:54.807+0000] {logging_mixin.py:190} INFO - [2026-07-18T03:09:54.806+0000] {dagbag.py:588} INFO - Filling up the DagBag from /opt/airflow/dags/consumer_complaints_incremental_dag.py
[2026-07-18T03:09:55.041+0000] {processor.py:925} INFO - DAG(s) 'consumer_complaints_incremental_load' retrieved from /opt/airflow/dags/consumer_complaints_incremental_dag.py
[2026-07-18T03:09:55.063+0000] {logging_mixin.py:190} INFO - [2026-07-18T03:09:55.062+0000] {dag.py:3239} INFO - Sync 1 DAGs
[2026-07-18T03:09:55.082+0000] {logging_mixin.py:190} INFO - [2026-07-18T03:09:55.081+0000] {dag.py:4180} INFO - Setting next_dagrun for consumer_complaints_incremental_load to 2026-01-01 00:00:00+00:00, run_after=2026-01-02 00:00:00+00:00
[2026-07-18T03:09:55.100+0000] {processor.py:208} INFO - Processing /opt/airflow/dags/consumer_complaints_incremental_dag.py took 0.303 seconds
[2026-07-18T03:10:25.333+0000] {processor.py:186} INFO - Started process (PID=5539) to work on /opt/airflow/dags/consumer_complaints_incremental_dag.py
[2026-07-18T03:10:25.334+0000] {processor.py:914} INFO - Processing file /opt/airflow/dags/consumer_complaints_incremental_dag.py for tasks to queue
[2026-07-18T03:10:25.337+0000] {logging_mixin.py:190} INFO - [2026-07-18T03:10:25.336+0000] {dagbag.py:588} INFO - Filling up the DagBag from /opt/airflow/dags/consumer_complaints_incremental_dag.py
[2026-07-18T03:10:25.569+0000] {processor.py:925} INFO - DAG(s) 'consumer_complaints_incremental_load' retrieved from /opt/airflow/dags/consumer_complaints_incremental_dag.py
[2026-07-18T03:10:25.595+0000] {logging_mixin.py:190} INFO - [2026-07-18T03:10:25.595+0000] {dag.py:3239} INFO - Sync 1 DAGs
[2026-07-18T03:10:25.618+0000] {logging_mixin.py:190} INFO - [2026-07-18T03:10:25.618+0000] {dag.py:4180} INFO - Setting next_dagrun for consumer_complaints_incremental_load to 2026-01-01 00:00:00+00:00, run_after=2026-01-02 00:00:00+00:00
[2026-07-18T03:10:25.642+0000] {processor.py:208} INFO - Processing /opt/airflow/dags/consumer_complaints_incremental_dag.py took 0.314 seconds
[2026-07-18T03:10:56.303+0000] {processor.py:186} INFO - Started process (PID=5625) to work on /opt/airflow/dags/consumer_complaints_incremental_dag.py
[2026-07-18T03:10:56.304+0000] {processor.py:914} INFO - Processing file /opt/airflow/dags/consumer_complaints_incremental_dag.py for tasks to queue
[2026-07-18T03:10:56.306+0000] {logging_mixin.py:190} INFO - [2026-07-18T03:10:56.306+0000] {dagbag.py:588} INFO - Filling up the DagBag from /opt/airflow/dags/consumer_complaints_incremental_dag.py
[2026-07-18T03:10:56.546+0000] {processor.py:925} INFO - DAG(s) 'consumer_complaints_incremental_load' retrieved from /opt/airflow/dags/consumer_complaints_incremental_dag.py
[2026-07-18T03:10:56.571+0000] {logging_mixin.py:190} INFO - [2026-07-18T03:10:56.571+0000] {dag.py:3239} INFO - Sync 1 DAGs
[2026-07-18T03:10:56.590+0000] {logging_mixin.py:190} INFO - [2026-07-18T03:10:56.590+0000] {dag.py:4180} INFO - Setting next_dagrun for consumer_complaints_incremental_load to 2026-01-01 00:00:00+00:00, run_after=2026-01-02 00:00:00+00:00
[2026-07-18T03:10:56.611+0000] {processor.py:208} INFO - Processing /opt/airflow/dags/consumer_complaints_incremental_dag.py took 0.314 seconds
[2026-07-18T03:11:27.653+0000] {processor.py:186} INFO - Started process (PID=5712) to work on /opt/airflow/dags/consumer_complaints_incremental_dag.py
[2026-07-18T03:11:27.654+0000] {processor.py:914} INFO - Processing file /opt/airflow/dags/consumer_complaints_incremental_dag.py for tasks to queue
[2026-07-18T03:11:27.656+0000] {logging_mixin.py:190} INFO - [2026-07-18T03:11:27.655+0000] {dagbag.py:588} INFO - Filling up the DagBag from /opt/airflow/dags/consumer_complaints_incremental_dag.py
[2026-07-18T03:11:27.888+0000] {processor.py:925} INFO - DAG(s) 'consumer_complaints_incremental_load' retrieved from /opt/airflow/dags/consumer_complaints_incremental_dag.py
[2026-07-18T03:11:27.910+0000] {logging_mixin.py:190} INFO - [2026-07-18T03:11:27.910+0000] {dag.py:3239} INFO - Sync 1 DAGs
[2026-07-18T03:11:27.930+0000] {logging_mixin.py:190} INFO - [2026-07-18T03:11:27.930+0000] {dag.py:4180} INFO - Setting next_dagrun for consumer_complaints_incremental_load to 2026-01-01 00:00:00+00:00, run_after=2026-01-02 00:00:00+00:00
[2026-07-18T03:11:27.948+0000] {processor.py:208} INFO - Processing /opt/airflow/dags/consumer_complaints_incremental_dag.py took 0.301 seconds
[2026-07-18T03:11:58.220+0000] {processor.py:186} INFO - Started process (PID=5798) to work on /opt/airflow/dags/consumer_complaints_incremental_dag.py
[2026-07-18T03:11:58.221+0000] {processor.py:914} INFO - Processing file /opt/airflow/dags/consumer_complaints_incremental_dag.py for tasks to queue
[2026-07-18T03:11:58.224+0000] {logging_mixin.py:190} INFO - [2026-07-18T03:11:58.224+0000] {dagbag.py:588} INFO - Filling up the DagBag from /opt/airflow/dags/consumer_complaints_incremental_dag.py
[2026-07-18T03:11:58.456+0000] {processor.py:925} INFO - DAG(s) 'consumer_complaints_incremental_load' retrieved from /opt/airflow/dags/consumer_complaints_incremental_dag.py
[2026-07-18T03:11:58.479+0000] {logging_mixin.py:190} INFO - [2026-07-18T03:11:58.479+0000] {dag.py:3239} INFO - Sync 1 DAGs
[2026-07-18T03:11:58.499+0000] {logging_mixin.py:190} INFO - [2026-07-18T03:11:58.499+0000] {dag.py:4180} INFO - Setting next_dagrun for consumer_complaints_incremental_load to 2026-01-01 00:00:00+00:00, run_after=2026-01-02 00:00:00+00:00
[2026-07-18T03:11:58.519+0000] {processor.py:208} INFO - Processing /opt/airflow/dags/consumer_complaints_incremental_dag.py took 0.304 seconds
[2026-07-18T03:12:28.717+0000] {processor.py:186} INFO - Started process (PID=5887) to work on /opt/airflow/dags/consumer_complaints_incremental_dag.py
[2026-07-18T03:12:28.719+0000] {processor.py:914} INFO - Processing file /opt/airflow/dags/consumer_complaints_incremental_dag.py for tasks to queue
[2026-07-18T03:12:28.721+0000] {logging_mixin.py:190} INFO - [2026-07-18T03:12:28.721+0000] {dagbag.py:588} INFO - Filling up the DagBag from /opt/airflow/dags/consumer_complaints_incremental_dag.py
[2026-07-18T03:12:28.954+0000] {processor.py:925} INFO - DAG(s) 'consumer_complaints_incremental_load' retrieved from /opt/airflow/dags/consumer_complaints_incremental_dag.py
[2026-07-18T03:12:28.976+0000] {logging_mixin.py:190} INFO - [2026-07-18T03:12:28.976+0000] {dag.py:3239} INFO - Sync 1 DAGs
[2026-07-18T03:12:28.995+0000] {logging_mixin.py:190} INFO - [2026-07-18T03:12:28.995+0000] {dag.py:4180} INFO - Setting next_dagrun for consumer_complaints_incremental_load to 2026-01-01 00:00:00+00:00, run_after=2026-01-02 00:00:00+00:00
[2026-07-18T03:12:29.014+0000] {processor.py:208} INFO - Processing /opt/airflow/dags/consumer_complaints_incremental_dag.py took 0.302 seconds
[2026-07-18T03:12:59.216+0000] {processor.py:186} INFO - Started process (PID=5976) to work on /opt/airflow/dags/consumer_complaints_incremental_dag.py
[2026-07-18T03:12:59.217+0000] {processor.py:914} INFO - Processing file /opt/airflow/dags/consumer_complaints_incremental_dag.py for tasks to queue
[2026-07-18T03:12:59.220+0000] {logging_mixin.py:190} INFO - [2026-07-18T03:12:59.219+0000] {dagbag.py:588} INFO - Filling up the DagBag from /opt/airflow/dags/consumer_complaints_incremental_dag.py
[2026-07-18T03:12:59.452+0000] {processor.py:925} INFO - DAG(s) 'consumer_complaints_incremental_load' retrieved from /opt/airflow/dags/consumer_complaints_incremental_dag.py
[2026-07-18T03:12:59.475+0000] {logging_mixin.py:190} INFO - [2026-07-18T03:12:59.474+0000] {dag.py:3239} INFO - Sync 1 DAGs
[2026-07-18T03:12:59.495+0000] {logging_mixin.py:190} INFO - [2026-07-18T03:12:59.495+0000] {dag.py:4180} INFO - Setting next_dagrun for consumer_complaints_incremental_load to 2026-01-01 00:00:00+00:00, run_after=2026-01-02 00:00:00+00:00
[2026-07-18T03:12:59.516+0000] {processor.py:208} INFO - Processing /opt/airflow/dags/consumer_complaints_incremental_dag.py took 0.305 seconds
[2026-07-18T03:13:30.644+0000] {processor.py:186} INFO - Started process (PID=6080) to work on /opt/airflow/dags/consumer_complaints_incremental_dag.py
[2026-07-18T03:13:30.645+0000] {processor.py:914} INFO - Processing file /opt/airflow/dags/consumer_complaints_incremental_dag.py for tasks to queue
[2026-07-18T03:13:30.647+0000] {logging_mixin.py:190} INFO - [2026-07-18T03:13:30.647+0000] {dagbag.py:588} INFO - Filling up the DagBag from /opt/airflow/dags/consumer_complaints_incremental_dag.py
[2026-07-18T03:13:30.874+0000] {processor.py:925} INFO - DAG(s) 'consumer_complaints_incremental_load' retrieved from /opt/airflow/dags/consumer_complaints_incremental_dag.py
[2026-07-18T03:13:30.896+0000] {logging_mixin.py:190} INFO - [2026-07-18T03:13:30.896+0000] {dag.py:3239} INFO - Sync 1 DAGs
[2026-07-18T03:13:30.916+0000] {logging_mixin.py:190} INFO - [2026-07-18T03:13:30.916+0000] {dag.py:4180} INFO - Setting next_dagrun for consumer_complaints_incremental_load to 2026-01-01 00:00:00+00:00, run_after=2026-01-02 00:00:00+00:00
[2026-07-18T03:13:30.933+0000] {processor.py:208} INFO - Processing /opt/airflow/dags/consumer_complaints_incremental_dag.py took 0.294 seconds
[2026-07-18T03:14:01.114+0000] {processor.py:186} INFO - Started process (PID=6166) to work on /opt/airflow/dags/consumer_complaints_incremental_dag.py
[2026-07-18T03:14:01.115+0000] {processor.py:914} INFO - Processing file /opt/airflow/dags/consumer_complaints_incremental_dag.py for tasks to queue
[2026-07-18T03:14:01.118+0000] {logging_mixin.py:190} INFO - [2026-07-18T03:14:01.117+0000] {dagbag.py:588} INFO - Filling up the DagBag from /opt/airflow/dags/consumer_complaints_incremental_dag.py
[2026-07-18T03:14:01.345+0000] {processor.py:925} INFO - DAG(s) 'consumer_complaints_incremental_load' retrieved from /opt/airflow/dags/consumer_complaints_incremental_dag.py
[2026-07-18T03:14:01.368+0000] {logging_mixin.py:190} INFO - [2026-07-18T03:14:01.367+0000] {dag.py:3239} INFO - Sync 1 DAGs
[2026-07-18T03:14:01.386+0000] {logging_mixin.py:190} INFO - [2026-07-18T03:14:01.386+0000] {dag.py:4180} INFO - Setting next_dagrun for consumer_complaints_incremental_load to 2026-01-01 00:00:00+00:00, run_after=2026-01-02 00:00:00+00:00
[2026-07-18T03:14:01.405+0000] {processor.py:208} INFO - Processing /opt/airflow/dags/consumer_complaints_incremental_dag.py took 0.296 seconds
[2026-07-18T03:25:10.794+0000] {processor.py:186} INFO - Started process (PID=6253) to work on /opt/airflow/dags/consumer_complaints_incremental_dag.py
[2026-07-18T03:25:10.795+0000] {processor.py:914} INFO - Processing file /opt/airflow/dags/consumer_complaints_incremental_dag.py for tasks to queue
[2026-07-18T03:25:10.797+0000] {logging_mixin.py:190} INFO - [2026-07-18T03:25:10.796+0000] {dagbag.py:588} INFO - Filling up the DagBag from /opt/airflow/dags/consumer_complaints_incremental_dag.py
[2026-07-18T03:25:11.078+0000] {processor.py:925} INFO - DAG(s) 'consumer_complaints_incremental_load' retrieved from /opt/airflow/dags/consumer_complaints_incremental_dag.py
[2026-07-18T03:25:11.111+0000] {logging_mixin.py:190} INFO - [2026-07-18T03:25:11.110+0000] {dag.py:3239} INFO - Sync 1 DAGs
[2026-07-18T03:25:11.137+0000] {logging_mixin.py:190} INFO - [2026-07-18T03:25:11.137+0000] {dag.py:4180} INFO - Setting next_dagrun for consumer_complaints_incremental_load to 2026-01-01 00:00:00+00:00, run_after=2026-01-02 00:00:00+00:00
[2026-07-18T03:25:11.159+0000] {processor.py:208} INFO - Processing /opt/airflow/dags/consumer_complaints_incremental_dag.py took 0.371 seconds
[2026-07-18T03:25:42.519+0000] {processor.py:186} INFO - Started process (PID=6342) to work on /opt/airflow/dags/consumer_complaints_incremental_dag.py
[2026-07-18T03:25:42.520+0000] {processor.py:914} INFO - Processing file /opt/airflow/dags/consumer_complaints_incremental_dag.py for tasks to queue
[2026-07-18T03:25:42.521+0000] {logging_mixin.py:190} INFO - [2026-07-18T03:25:42.521+0000] {dagbag.py:588} INFO - Filling up the DagBag from /opt/airflow/dags/consumer_complaints_incremental_dag.py
[2026-07-18T03:25:42.755+0000] {processor.py:925} INFO - DAG(s) 'consumer_complaints_incremental_load' retrieved from /opt/airflow/dags/consumer_complaints_incremental_dag.py
[2026-07-18T03:25:42.778+0000] {logging_mixin.py:190} INFO - [2026-07-18T03:25:42.778+0000] {dag.py:3239} INFO - Sync 1 DAGs
[2026-07-18T03:25:42.799+0000] {logging_mixin.py:190} INFO - [2026-07-18T03:25:42.799+0000] {dag.py:4180} INFO - Setting next_dagrun for consumer_complaints_incremental_load to 2026-01-01 00:00:00+00:00, run_after=2026-01-02 00:00:00+00:00
[2026-07-18T03:25:42.817+0000] {processor.py:208} INFO - Processing /opt/airflow/dags/consumer_complaints_incremental_dag.py took 0.304 seconds
[2026-07-18T03:26:13.135+0000] {processor.py:186} INFO - Started process (PID=6428) to work on /opt/airflow/dags/consumer_complaints_incremental_dag.py
[2026-07-18T03:26:13.137+0000] {processor.py:914} INFO - Processing file /opt/airflow/dags/consumer_complaints_incremental_dag.py for tasks to queue
[2026-07-18T03:26:13.138+0000] {logging_mixin.py:190} INFO - [2026-07-18T03:26:13.138+0000] {dagbag.py:588} INFO - Filling up the DagBag from /opt/airflow/dags/consumer_complaints_incremental_dag.py
[2026-07-18T03:26:13.384+0000] {processor.py:925} INFO - DAG(s) 'consumer_complaints_incremental_load' retrieved from /opt/airflow/dags/consumer_complaints_incremental_dag.py
[2026-07-18T03:26:13.407+0000] {logging_mixin.py:190} INFO - [2026-07-18T03:26:13.406+0000] {dag.py:3239} INFO - Sync 1 DAGs
[2026-07-18T03:26:13.426+0000] {logging_mixin.py:190} INFO - [2026-07-18T03:26:13.426+0000] {dag.py:4180} INFO - Setting next_dagrun for consumer_complaints_incremental_load to 2026-01-01 00:00:00+00:00, run_after=2026-01-02 00:00:00+00:00
[2026-07-18T03:26:13.448+0000] {processor.py:208} INFO - Processing /opt/airflow/dags/consumer_complaints_incremental_dag.py took 0.317 seconds
[2026-07-18T03:26:44.144+0000] {processor.py:186} INFO - Started process (PID=6515) to work on /opt/airflow/dags/consumer_complaints_incremental_dag.py
[2026-07-18T03:26:44.146+0000] {processor.py:914} INFO - Processing file /opt/airflow/dags/consumer_complaints_incremental_dag.py for tasks to queue
[2026-07-18T03:26:44.148+0000] {logging_mixin.py:190} INFO - [2026-07-18T03:26:44.147+0000] {dagbag.py:588} INFO - Filling up the DagBag from /opt/airflow/dags/consumer_complaints_incremental_dag.py
[2026-07-18T03:26:44.413+0000] {processor.py:925} INFO - DAG(s) 'consumer_complaints_incremental_load' retrieved from /opt/airflow/dags/consumer_complaints_incremental_dag.py
[2026-07-18T03:26:44.438+0000] {logging_mixin.py:190} INFO - [2026-07-18T03:26:44.438+0000] {dag.py:3239} INFO - Sync 1 DAGs
[2026-07-18T03:26:44.460+0000] {logging_mixin.py:190} INFO - [2026-07-18T03:26:44.460+0000] {dag.py:4180} INFO - Setting next_dagrun for consumer_complaints_incremental_load to 2026-01-01 00:00:00+00:00, run_after=2026-01-02 00:00:00+00:00
[2026-07-18T03:26:44.482+0000] {processor.py:208} INFO - Processing /opt/airflow/dags/consumer_complaints_incremental_dag.py took 0.342 seconds
[2026-07-18T03:27:15.735+0000] {processor.py:186} INFO - Started process (PID=6606) to work on /opt/airflow/dags/consumer_complaints_incremental_dag.py
[2026-07-18T03:27:15.736+0000] {processor.py:914} INFO - Processing file /opt/airflow/dags/consumer_complaints_incremental_dag.py for tasks to queue
[2026-07-18T03:27:15.737+0000] {logging_mixin.py:190} INFO - [2026-07-18T03:27:15.737+0000] {dagbag.py:588} INFO - Filling up the DagBag from /opt/airflow/dags/consumer_complaints_incremental_dag.py
[2026-07-18T03:27:15.987+0000] {processor.py:925} INFO - DAG(s) 'consumer_complaints_incremental_load' retrieved from /opt/airflow/dags/consumer_complaints_incremental_dag.py
[2026-07-18T03:27:16.014+0000] {logging_mixin.py:190} INFO - [2026-07-18T03:27:16.014+0000] {dag.py:3239} INFO - Sync 1 DAGs
[2026-07-18T03:27:16.038+0000] {logging_mixin.py:190} INFO - [2026-07-18T03:27:16.038+0000] {dag.py:4180} INFO - Setting next_dagrun for consumer_complaints_incremental_load to 2026-01-01 00:00:00+00:00, run_after=2026-01-02 00:00:00+00:00
[2026-07-18T03:27:16.062+0000] {processor.py:208} INFO - Processing /opt/airflow/dags/consumer_complaints_incremental_dag.py took 0.332 seconds
[2026-07-18T03:27:46.313+0000] {processor.py:186} INFO - Started process (PID=6693) to work on /opt/airflow/dags/consumer_complaints_incremental_dag.py
[2026-07-18T03:27:46.314+0000] {processor.py:914} INFO - Processing file /opt/airflow/dags/consumer_complaints_incremental_dag.py for tasks to queue
[2026-07-18T03:27:46.315+0000] {logging_mixin.py:190} INFO - [2026-07-18T03:27:46.314+0000] {dagbag.py:588} INFO - Filling up the DagBag from /opt/airflow/dags/consumer_complaints_incremental_dag.py
[2026-07-18T03:27:46.544+0000] {processor.py:925} INFO - DAG(s) 'consumer_complaints_incremental_load' retrieved from /opt/airflow/dags/consumer_complaints_incremental_dag.py
[2026-07-18T03:27:46.567+0000] {logging_mixin.py:190} INFO - [2026-07-18T03:27:46.567+0000] {dag.py:3239} INFO - Sync 1 DAGs
[2026-07-18T03:27:46.589+0000] {logging_mixin.py:190} INFO - [2026-07-18T03:27:46.589+0000] {dag.py:4180} INFO - Setting next_dagrun for consumer_complaints_incremental_load to 2026-01-01 00:00:00+00:00, run_after=2026-01-02 00:00:00+00:00
[2026-07-18T03:27:46.608+0000] {processor.py:208} INFO - Processing /opt/airflow/dags/consumer_complaints_incremental_dag.py took 0.301 seconds
[2026-07-18T03:28:16.757+0000] {processor.py:186} INFO - Started process (PID=6779) to work on /opt/airflow/dags/consumer_complaints_incremental_dag.py
[2026-07-18T03:28:16.758+0000] {processor.py:914} INFO - Processing file /opt/airflow/dags/consumer_complaints_incremental_dag.py for tasks to queue
[2026-07-18T03:28:16.760+0000] {logging_mixin.py:190} INFO - [2026-07-18T03:28:16.760+0000] {dagbag.py:588} INFO - Filling up the DagBag from /opt/airflow/dags/consumer_complaints_incremental_dag.py
[2026-07-18T03:28:16.990+0000] {processor.py:925} INFO - DAG(s) 'consumer_complaints_incremental_load' retrieved from /opt/airflow/dags/consumer_complaints_incremental_dag.py
[2026-07-18T03:28:17.013+0000] {logging_mixin.py:190} INFO - [2026-07-18T03:28:17.013+0000] {dag.py:3239} INFO - Sync 1 DAGs
[2026-07-18T03:28:17.034+0000] {logging_mixin.py:190} INFO - [2026-07-18T03:28:17.033+0000] {dag.py:4180} INFO - Setting next_dagrun for consumer_complaints_incremental_load to 2026-01-01 00:00:00+00:00, run_after=2026-01-02 00:00:00+00:00
[2026-07-18T03:28:17.055+0000] {processor.py:208} INFO - Processing /opt/airflow/dags/consumer_complaints_incremental_dag.py took 0.303 seconds
[2026-07-18T03:28:47.292+0000] {processor.py:186} INFO - Started process (PID=6868) to work on /opt/airflow/dags/consumer_complaints_incremental_dag.py
[2026-07-18T03:28:47.293+0000] {processor.py:914} INFO - Processing file /opt/airflow/dags/consumer_complaints_incremental_dag.py for tasks to queue
[2026-07-18T03:28:47.294+0000] {logging_mixin.py:190} INFO - [2026-07-18T03:28:47.294+0000] {dagbag.py:588} INFO - Filling up the DagBag from /opt/airflow/dags/consumer_complaints_incremental_dag.py
[2026-07-18T03:28:47.522+0000] {processor.py:925} INFO - DAG(s) 'consumer_complaints_incremental_load' retrieved from /opt/airflow/dags/consumer_complaints_incremental_dag.py
[2026-07-18T03:28:47.549+0000] {logging_mixin.py:190} INFO - [2026-07-18T03:28:47.548+0000] {dag.py:3239} INFO - Sync 1 DAGs
[2026-07-18T03:28:47.568+0000] {logging_mixin.py:190} INFO - [2026-07-18T03:28:47.567+0000] {dag.py:4180} INFO - Setting next_dagrun for consumer_complaints_incremental_load to 2026-01-01 00:00:00+00:00, run_after=2026-01-02 00:00:00+00:00
[2026-07-18T03:28:47.587+0000] {processor.py:208} INFO - Processing /opt/airflow/dags/consumer_complaints_incremental_dag.py took 0.301 seconds
[2026-07-18T03:29:18.218+0000] {processor.py:186} INFO - Started process (PID=6955) to work on /opt/airflow/dags/consumer_complaints_incremental_dag.py
[2026-07-18T03:29:18.219+0000] {processor.py:914} INFO - Processing file /opt/airflow/dags/consumer_complaints_incremental_dag.py for tasks to queue
[2026-07-18T03:29:18.220+0000] {logging_mixin.py:190} INFO - [2026-07-18T03:29:18.220+0000] {dagbag.py:588} INFO - Filling up the DagBag from /opt/airflow/dags/consumer_complaints_incremental_dag.py
[2026-07-18T03:29:18.453+0000] {processor.py:925} INFO - DAG(s) 'consumer_complaints_incremental_load' retrieved from /opt/airflow/dags/consumer_complaints_incremental_dag.py
[2026-07-18T03:29:18.475+0000] {logging_mixin.py:190} INFO - [2026-07-18T03:29:18.474+0000] {dag.py:3239} INFO - Sync 1 DAGs
[2026-07-18T03:29:18.494+0000] {logging_mixin.py:190} INFO - [2026-07-18T03:29:18.493+0000] {dag.py:4180} INFO - Setting next_dagrun for consumer_complaints_incremental_load to 2026-01-01 00:00:00+00:00, run_after=2026-01-02 00:00:00+00:00
[2026-07-18T03:29:18.510+0000] {processor.py:208} INFO - Processing /opt/airflow/dags/consumer_complaints_incremental_dag.py took 0.297 seconds
[2026-07-18T03:29:48.879+0000] {processor.py:186} INFO - Started process (PID=7041) to work on /opt/airflow/dags/consumer_complaints_incremental_dag.py
[2026-07-18T03:29:48.880+0000] {processor.py:914} INFO - Processing file /opt/airflow/dags/consumer_complaints_incremental_dag.py for tasks to queue
[2026-07-18T03:29:48.881+0000] {logging_mixin.py:190} INFO - [2026-07-18T03:29:48.881+0000] {dagbag.py:588} INFO - Filling up the DagBag from /opt/airflow/dags/consumer_complaints_incremental_dag.py
[2026-07-18T03:29:49.115+0000] {processor.py:925} INFO - DAG(s) 'consumer_complaints_incremental_load' retrieved from /opt/airflow/dags/consumer_complaints_incremental_dag.py
[2026-07-18T03:29:49.139+0000] {logging_mixin.py:190} INFO - [2026-07-18T03:29:49.138+0000] {dag.py:3239} INFO - Sync 1 DAGs
[2026-07-18T03:29:49.165+0000] {logging_mixin.py:190} INFO - [2026-07-18T03:29:49.165+0000] {dag.py:4180} INFO - Setting next_dagrun for consumer_complaints_incremental_load to 2026-01-01 00:00:00+00:00, run_after=2026-01-02 00:00:00+00:00
[2026-07-18T03:29:49.184+0000] {processor.py:208} INFO - Processing /opt/airflow/dags/consumer_complaints_incremental_dag.py took 0.311 seconds
[2026-07-18T03:30:19.712+0000] {processor.py:186} INFO - Started process (PID=7130) to work on /opt/airflow/dags/consumer_complaints_incremental_dag.py
[2026-07-18T03:30:19.713+0000] {processor.py:914} INFO - Processing file /opt/airflow/dags/consumer_complaints_incremental_dag.py for tasks to queue
[2026-07-18T03:30:19.714+0000] {logging_mixin.py:190} INFO - [2026-07-18T03:30:19.713+0000] {dagbag.py:588} INFO - Filling up the DagBag from /opt/airflow/dags/consumer_complaints_incremental_dag.py
[2026-07-18T03:30:19.947+0000] {processor.py:925} INFO - DAG(s) 'consumer_complaints_incremental_load' retrieved from /opt/airflow/dags/consumer_complaints_incremental_dag.py
[2026-07-18T03:30:19.970+0000] {logging_mixin.py:190} INFO - [2026-07-18T03:30:19.970+0000] {dag.py:3239} INFO - Sync 1 DAGs
[2026-07-18T03:30:19.991+0000] {logging_mixin.py:190} INFO - [2026-07-18T03:30:19.991+0000] {dag.py:4180} INFO - Setting next_dagrun for consumer_complaints_incremental_load to 2026-01-01 00:00:00+00:00, run_after=2026-01-02 00:00:00+00:00
[2026-07-18T03:30:20.011+0000] {processor.py:208} INFO - Processing /opt/airflow/dags/consumer_complaints_incremental_dag.py took 0.305 seconds
[2026-07-18T03:30:50.565+0000] {processor.py:186} INFO - Started process (PID=7217) to work on /opt/airflow/dags/consumer_complaints_incremental_dag.py
[2026-07-18T03:30:50.567+0000] {processor.py:914} INFO - Processing file /opt/airflow/dags/consumer_complaints_incremental_dag.py for tasks to queue
[2026-07-18T03:30:50.568+0000] {logging_mixin.py:190} INFO - [2026-07-18T03:30:50.568+0000] {dagbag.py:588} INFO - Filling up the DagBag from /opt/airflow/dags/consumer_complaints_incremental_dag.py
[2026-07-18T03:30:50.830+0000] {processor.py:925} INFO - DAG(s) 'consumer_complaints_incremental_load' retrieved from /opt/airflow/dags/consumer_complaints_incremental_dag.py
[2026-07-18T03:30:50.856+0000] {logging_mixin.py:190} INFO - [2026-07-18T03:30:50.856+0000] {dag.py:3239} INFO - Sync 1 DAGs
[2026-07-18T03:30:50.882+0000] {logging_mixin.py:190} INFO - [2026-07-18T03:30:50.882+0000] {dag.py:4180} INFO - Setting next_dagrun for consumer_complaints_incremental_load to 2026-01-01 00:00:00+00:00, run_after=2026-01-02 00:00:00+00:00
[2026-07-18T03:30:50.905+0000] {processor.py:208} INFO - Processing /opt/airflow/dags/consumer_complaints_incremental_dag.py took 0.346 seconds
[2026-07-18T03:31:22.260+0000] {processor.py:186} INFO - Started process (PID=7306) to work on /opt/airflow/dags/consumer_complaints_incremental_dag.py
[2026-07-18T03:31:22.260+0000] {processor.py:914} INFO - Processing file /opt/airflow/dags/consumer_complaints_incremental_dag.py for tasks to queue
[2026-07-18T03:31:22.262+0000] {logging_mixin.py:190} INFO - [2026-07-18T03:31:22.261+0000] {dagbag.py:588} INFO - Filling up the DagBag from /opt/airflow/dags/consumer_complaints_incremental_dag.py
[2026-07-18T03:31:22.504+0000] {processor.py:925} INFO - DAG(s) 'consumer_complaints_incremental_load' retrieved from /opt/airflow/dags/consumer_complaints_incremental_dag.py
[2026-07-18T03:31:22.527+0000] {logging_mixin.py:190} INFO - [2026-07-18T03:31:22.526+0000] {dag.py:3239} INFO - Sync 1 DAGs
[2026-07-18T03:31:22.546+0000] {logging_mixin.py:190} INFO - [2026-07-18T03:31:22.546+0000] {dag.py:4180} INFO - Setting next_dagrun for consumer_complaints_incremental_load to 2026-01-01 00:00:00+00:00, run_after=2026-01-02 00:00:00+00:00
[2026-07-18T03:31:22.564+0000] {processor.py:208} INFO - Processing /opt/airflow/dags/consumer_complaints_incremental_dag.py took 0.311 seconds
[2026-07-18T03:31:53.039+0000] {processor.py:186} INFO - Started process (PID=7392) to work on /opt/airflow/dags/consumer_complaints_incremental_dag.py
[2026-07-18T03:31:53.040+0000] {processor.py:914} INFO - Processing file /opt/airflow/dags/consumer_complaints_incremental_dag.py for tasks to queue
[2026-07-18T03:31:53.041+0000] {logging_mixin.py:190} INFO - [2026-07-18T03:31:53.041+0000] {dagbag.py:588} INFO - Filling up the DagBag from /opt/airflow/dags/consumer_complaints_incremental_dag.py
[2026-07-18T03:31:53.272+0000] {processor.py:925} INFO - DAG(s) 'consumer_complaints_incremental_load' retrieved from /opt/airflow/dags/consumer_complaints_incremental_dag.py
[2026-07-18T03:31:53.296+0000] {logging_mixin.py:190} INFO - [2026-07-18T03:31:53.295+0000] {dag.py:3239} INFO - Sync 1 DAGs
[2026-07-18T03:31:53.317+0000] {logging_mixin.py:190} INFO - [2026-07-18T03:31:53.317+0000] {dag.py:4180} INFO - Setting next_dagrun for consumer_complaints_incremental_load to 2026-01-01 00:00:00+00:00, run_after=2026-01-02 00:00:00+00:00
[2026-07-18T03:31:53.339+0000] {processor.py:208} INFO - Processing /opt/airflow/dags/consumer_complaints_incremental_dag.py took 0.306 seconds
[2026-07-18T03:47:01.419+0000] {processor.py:186} INFO - Started process (PID=7477) to work on /opt/airflow/dags/consumer_complaints_incremental_dag.py
[2026-07-18T03:47:01.421+0000] {processor.py:914} INFO - Processing file /opt/airflow/dags/consumer_complaints_incremental_dag.py for tasks to queue
[2026-07-18T03:47:01.423+0000] {logging_mixin.py:190} INFO - [2026-07-18T03:47:01.423+0000] {dagbag.py:588} INFO - Filling up the DagBag from /opt/airflow/dags/consumer_complaints_incremental_dag.py
[2026-07-18T03:47:01.854+0000] {processor.py:925} INFO - DAG(s) 'consumer_complaints_incremental_load' retrieved from /opt/airflow/dags/consumer_complaints_incremental_dag.py
[2026-07-18T03:47:01.881+0000] {logging_mixin.py:190} INFO - [2026-07-18T03:47:01.880+0000] {dag.py:3239} INFO - Sync 1 DAGs
[2026-07-18T03:47:01.905+0000] {logging_mixin.py:190} INFO - [2026-07-18T03:47:01.904+0000] {dag.py:4180} INFO - Setting next_dagrun for consumer_complaints_incremental_load to 2026-01-01 00:00:00+00:00, run_after=2026-01-02 00:00:00+00:00
[2026-07-18T03:47:01.928+0000] {processor.py:208} INFO - Processing /opt/airflow/dags/consumer_complaints_incremental_dag.py took 0.518 seconds
[2026-07-18T03:47:32.554+0000] {processor.py:186} INFO - Started process (PID=7566) to work on /opt/airflow/dags/consumer_complaints_incremental_dag.py
[2026-07-18T03:47:32.555+0000] {processor.py:914} INFO - Processing file /opt/airflow/dags/consumer_complaints_incremental_dag.py for tasks to queue
[2026-07-18T03:47:32.556+0000] {logging_mixin.py:190} INFO - [2026-07-18T03:47:32.556+0000] {dagbag.py:588} INFO - Filling up the DagBag from /opt/airflow/dags/consumer_complaints_incremental_dag.py
[2026-07-18T03:47:32.782+0000] {processor.py:925} INFO - DAG(s) 'consumer_complaints_incremental_load' retrieved from /opt/airflow/dags/consumer_complaints_incremental_dag.py
[2026-07-18T03:47:32.805+0000] {logging_mixin.py:190} INFO - [2026-07-18T03:47:32.804+0000] {dag.py:3239} INFO - Sync 1 DAGs
[2026-07-18T03:47:32.825+0000] {logging_mixin.py:190} INFO - [2026-07-18T03:47:32.825+0000] {dag.py:4180} INFO - Setting next_dagrun for consumer_complaints_incremental_load to 2026-01-01 00:00:00+00:00, run_after=2026-01-02 00:00:00+00:00
[2026-07-18T03:47:32.844+0000] {processor.py:208} INFO - Processing /opt/airflow/dags/consumer_complaints_incremental_dag.py took 0.295 seconds
[2026-07-18T03:48:03.234+0000] {processor.py:186} INFO - Started process (PID=7652) to work on /opt/airflow/dags/consumer_complaints_incremental_dag.py
[2026-07-18T03:48:03.235+0000] {processor.py:914} INFO - Processing file /opt/airflow/dags/consumer_complaints_incremental_dag.py for tasks to queue
[2026-07-18T03:48:03.237+0000] {logging_mixin.py:190} INFO - [2026-07-18T03:48:03.236+0000] {dagbag.py:588} INFO - Filling up the DagBag from /opt/airflow/dags/consumer_complaints_incremental_dag.py
[2026-07-18T03:48:03.471+0000] {processor.py:925} INFO - DAG(s) 'consumer_complaints_incremental_load' retrieved from /opt/airflow/dags/consumer_complaints_incremental_dag.py
[2026-07-18T03:48:03.498+0000] {logging_mixin.py:190} INFO - [2026-07-18T03:48:03.497+0000] {dag.py:3239} INFO - Sync 1 DAGs
[2026-07-18T03:48:03.517+0000] {logging_mixin.py:190} INFO - [2026-07-18T03:48:03.517+0000] {dag.py:4180} INFO - Setting next_dagrun for consumer_complaints_incremental_load to 2026-01-01 00:00:00+00:00, run_after=2026-01-02 00:00:00+00:00
[2026-07-18T03:48:03.537+0000] {processor.py:208} INFO - Processing /opt/airflow/dags/consumer_complaints_incremental_dag.py took 0.309 seconds
[2026-07-18T03:48:34.671+0000] {processor.py:186} INFO - Started process (PID=7739) to work on /opt/airflow/dags/consumer_complaints_incremental_dag.py
[2026-07-18T03:48:34.672+0000] {processor.py:914} INFO - Processing file /opt/airflow/dags/consumer_complaints_incremental_dag.py for tasks to queue
[2026-07-18T03:48:34.674+0000] {logging_mixin.py:190} INFO - [2026-07-18T03:48:34.674+0000] {dagbag.py:588} INFO - Filling up the DagBag from /opt/airflow/dags/consumer_complaints_incremental_dag.py
[2026-07-18T03:48:34.920+0000] {processor.py:925} INFO - DAG(s) 'consumer_complaints_incremental_load' retrieved from /opt/airflow/dags/consumer_complaints_incremental_dag.py
[2026-07-18T03:48:34.947+0000] {logging_mixin.py:190} INFO - [2026-07-18T03:48:34.947+0000] {dag.py:3239} INFO - Sync 1 DAGs
[2026-07-18T03:48:34.969+0000] {logging_mixin.py:190} INFO - [2026-07-18T03:48:34.969+0000] {dag.py:4180} INFO - Setting next_dagrun for consumer_complaints_incremental_load to 2026-01-01 00:00:00+00:00, run_after=2026-01-02 00:00:00+00:00
[2026-07-18T03:48:34.992+0000] {processor.py:208} INFO - Processing /opt/airflow/dags/consumer_complaints_incremental_dag.py took 0.326 seconds
[2026-07-18T03:49:05.823+0000] {processor.py:186} INFO - Started process (PID=7828) to work on /opt/airflow/dags/consumer_complaints_incremental_dag.py
[2026-07-18T03:49:05.824+0000] {processor.py:914} INFO - Processing file /opt/airflow/dags/consumer_complaints_incremental_dag.py for tasks to queue
[2026-07-18T03:49:05.826+0000] {logging_mixin.py:190} INFO - [2026-07-18T03:49:05.825+0000] {dagbag.py:588} INFO - Filling up the DagBag from /opt/airflow/dags/consumer_complaints_incremental_dag.py
[2026-07-18T03:49:06.056+0000] {processor.py:925} INFO - DAG(s) 'consumer_complaints_incremental_load' retrieved from /opt/airflow/dags/consumer_complaints_incremental_dag.py
[2026-07-18T03:49:06.079+0000] {logging_mixin.py:190} INFO - [2026-07-18T03:49:06.079+0000] {dag.py:3239} INFO - Sync 1 DAGs
[2026-07-18T03:49:06.218+0000] {logging_mixin.py:190} INFO - [2026-07-18T03:49:06.218+0000] {dag.py:4180} INFO - Setting next_dagrun for consumer_complaints_incremental_load to 2026-01-01 00:00:00+00:00, run_after=2026-01-02 00:00:00+00:00
[2026-07-18T03:49:06.236+0000] {processor.py:208} INFO - Processing /opt/airflow/dags/consumer_complaints_incremental_dag.py took 0.418 seconds
[2026-07-18T03:49:36.698+0000] {processor.py:186} INFO - Started process (PID=7917) to work on /opt/airflow/dags/consumer_complaints_incremental_dag.py
[2026-07-18T03:49:36.699+0000] {processor.py:914} INFO - Processing file /opt/airflow/dags/consumer_complaints_incremental_dag.py for tasks to queue
[2026-07-18T03:49:36.700+0000] {logging_mixin.py:190} INFO - [2026-07-18T03:49:36.700+0000] {dagbag.py:588} INFO - Filling up the DagBag from /opt/airflow/dags/consumer_complaints_incremental_dag.py
[2026-07-18T03:49:36.943+0000] {processor.py:925} INFO - DAG(s) 'consumer_complaints_incremental_load' retrieved from /opt/airflow/dags/consumer_complaints_incremental_dag.py
[2026-07-18T03:49:36.968+0000] {logging_mixin.py:190} INFO - [2026-07-18T03:49:36.968+0000] {dag.py:3239} INFO - Sync 1 DAGs
[2026-07-18T03:49:37.109+0000] {logging_mixin.py:190} INFO - [2026-07-18T03:49:37.109+0000] {dag.py:4180} INFO - Setting next_dagrun for consumer_complaints_incremental_load to 2026-01-01 00:00:00+00:00, run_after=2026-01-02 00:00:00+00:00
[2026-07-18T03:49:37.129+0000] {processor.py:208} INFO - Processing /opt/airflow/dags/consumer_complaints_incremental_dag.py took 0.436 seconds
[2026-07-18T03:50:07.451+0000] {processor.py:186} INFO - Started process (PID=8003) to work on /opt/airflow/dags/consumer_complaints_incremental_dag.py
[2026-07-18T03:50:07.452+0000] {processor.py:914} INFO - Processing file /opt/airflow/dags/consumer_complaints_incremental_dag.py for tasks to queue
[2026-07-18T03:50:07.454+0000] {logging_mixin.py:190} INFO - [2026-07-18T03:50:07.453+0000] {dagbag.py:588} INFO - Filling up the DagBag from /opt/airflow/dags/consumer_complaints_incremental_dag.py
[2026-07-18T03:50:07.708+0000] {processor.py:925} INFO - DAG(s) 'consumer_complaints_incremental_load' retrieved from /opt/airflow/dags/consumer_complaints_incremental_dag.py
[2026-07-18T03:50:07.840+0000] {logging_mixin.py:190} INFO - [2026-07-18T03:50:07.840+0000] {dag.py:3239} INFO - Sync 1 DAGs
[2026-07-18T03:50:07.858+0000] {logging_mixin.py:190} INFO - [2026-07-18T03:50:07.857+0000] {dag.py:4180} INFO - Setting next_dagrun for consumer_complaints_incremental_load to 2026-01-01 00:00:00+00:00, run_after=2026-01-02 00:00:00+00:00
[2026-07-18T03:50:07.877+0000] {processor.py:208} INFO - Processing /opt/airflow/dags/consumer_complaints_incremental_dag.py took 0.431 seconds
[2026-07-18T03:50:38.107+0000] {processor.py:186} INFO - Started process (PID=8079) to work on /opt/airflow/dags/consumer_complaints_incremental_dag.py
[2026-07-18T03:50:38.109+0000] {processor.py:914} INFO - Processing file /opt/airflow/dags/consumer_complaints_incremental_dag.py for tasks to queue
[2026-07-18T03:50:38.110+0000] {logging_mixin.py:190} INFO - [2026-07-18T03:50:38.110+0000] {dagbag.py:588} INFO - Filling up the DagBag from /opt/airflow/dags/consumer_complaints_incremental_dag.py
[2026-07-18T03:50:38.525+0000] {processor.py:925} INFO - DAG(s) 'consumer_complaints_incremental_load' retrieved from /opt/airflow/dags/consumer_complaints_incremental_dag.py
[2026-07-18T03:50:38.545+0000] {logging_mixin.py:190} INFO - [2026-07-18T03:50:38.545+0000] {dag.py:3239} INFO - Sync 1 DAGs
[2026-07-18T03:50:38.563+0000] {logging_mixin.py:190} INFO - [2026-07-18T03:50:38.563+0000] {dag.py:4180} INFO - Setting next_dagrun for consumer_complaints_incremental_load to 2026-01-01 00:00:00+00:00, run_after=2026-01-02 00:00:00+00:00
[2026-07-18T03:50:38.581+0000] {processor.py:208} INFO - Processing /opt/airflow/dags/consumer_complaints_incremental_dag.py took 0.479 seconds
[2026-07-18T03:51:10.195+0000] {processor.py:186} INFO - Started process (PID=8179) to work on /opt/airflow/dags/consumer_complaints_incremental_dag.py
[2026-07-18T03:51:10.196+0000] {processor.py:914} INFO - Processing file /opt/airflow/dags/consumer_complaints_incremental_dag.py for tasks to queue
[2026-07-18T03:51:10.197+0000] {logging_mixin.py:190} INFO - [2026-07-18T03:51:10.197+0000] {dagbag.py:588} INFO - Filling up the DagBag from /opt/airflow/dags/consumer_complaints_incremental_dag.py
[2026-07-18T03:51:10.626+0000] {processor.py:925} INFO - DAG(s) 'consumer_complaints_incremental_load' retrieved from /opt/airflow/dags/consumer_complaints_incremental_dag.py
[2026-07-18T03:51:10.648+0000] {logging_mixin.py:190} INFO - [2026-07-18T03:51:10.647+0000] {dag.py:3239} INFO - Sync 1 DAGs
[2026-07-18T03:51:10.668+0000] {logging_mixin.py:190} INFO - [2026-07-18T03:51:10.668+0000] {dag.py:4180} INFO - Setting next_dagrun for consumer_complaints_incremental_load to 2026-01-01 00:00:00+00:00, run_after=2026-01-02 00:00:00+00:00
[2026-07-18T03:51:10.686+0000] {processor.py:208} INFO - Processing /opt/airflow/dags/consumer_complaints_incremental_dag.py took 0.497 seconds
[2026-07-18T03:51:40.860+0000] {processor.py:186} INFO - Started process (PID=8263) to work on /opt/airflow/dags/consumer_complaints_incremental_dag.py
[2026-07-18T03:51:40.861+0000] {processor.py:914} INFO - Processing file /opt/airflow/dags/consumer_complaints_incremental_dag.py for tasks to queue
[2026-07-18T03:51:40.864+0000] {logging_mixin.py:190} INFO - [2026-07-18T03:51:40.863+0000] {dagbag.py:588} INFO - Filling up the DagBag from /opt/airflow/dags/consumer_complaints_incremental_dag.py
[2026-07-18T03:51:41.247+0000] {processor.py:925} INFO - DAG(s) 'consumer_complaints_incremental_load' retrieved from /opt/airflow/dags/consumer_complaints_incremental_dag.py
[2026-07-18T03:51:41.267+0000] {logging_mixin.py:190} INFO - [2026-07-18T03:51:41.266+0000] {dag.py:3239} INFO - Sync 1 DAGs
[2026-07-18T03:51:41.286+0000] {logging_mixin.py:190} INFO - [2026-07-18T03:51:41.286+0000] {dag.py:4180} INFO - Setting next_dagrun for consumer_complaints_incremental_load to 2026-01-01 00:00:00+00:00, run_after=2026-01-02 00:00:00+00:00
[2026-07-18T03:51:41.307+0000] {processor.py:208} INFO - Processing /opt/airflow/dags/consumer_complaints_incremental_dag.py took 0.452 seconds
[2026-07-18T03:52:11.440+0000] {processor.py:186} INFO - Started process (PID=8352) to work on /opt/airflow/dags/consumer_complaints_incremental_dag.py
[2026-07-18T03:52:11.441+0000] {processor.py:914} INFO - Processing file /opt/airflow/dags/consumer_complaints_incremental_dag.py for tasks to queue
[2026-07-18T03:52:11.443+0000] {logging_mixin.py:190} INFO - [2026-07-18T03:52:11.443+0000] {dagbag.py:588} INFO - Filling up the DagBag from /opt/airflow/dags/consumer_complaints_incremental_dag.py
[2026-07-18T03:52:11.815+0000] {processor.py:925} INFO - DAG(s) 'consumer_complaints_incremental_load' retrieved from /opt/airflow/dags/consumer_complaints_incremental_dag.py
[2026-07-18T03:52:11.834+0000] {logging_mixin.py:190} INFO - [2026-07-18T03:52:11.834+0000] {dag.py:3239} INFO - Sync 1 DAGs
[2026-07-18T03:52:11.853+0000] {logging_mixin.py:190} INFO - [2026-07-18T03:52:11.853+0000] {dag.py:4180} INFO - Setting next_dagrun for consumer_complaints_incremental_load to 2026-01-01 00:00:00+00:00, run_after=2026-01-02 00:00:00+00:00
[2026-07-18T03:52:11.873+0000] {processor.py:208} INFO - Processing /opt/airflow/dags/consumer_complaints_incremental_dag.py took 0.442 seconds
[2026-07-18T04:33:14.423+0000] {processor.py:186} INFO - Started process (PID=8441) to work on /opt/airflow/dags/consumer_complaints_incremental_dag.py
[2026-07-18T04:33:14.424+0000] {processor.py:914} INFO - Processing file /opt/airflow/dags/consumer_complaints_incremental_dag.py for tasks to queue
[2026-07-18T04:33:14.425+0000] {logging_mixin.py:190} INFO - [2026-07-18T04:33:14.425+0000] {dagbag.py:588} INFO - Filling up the DagBag from /opt/airflow/dags/consumer_complaints_incremental_dag.py
[2026-07-18T04:33:14.804+0000] {processor.py:925} INFO - DAG(s) 'consumer_complaints_incremental_load' retrieved from /opt/airflow/dags/consumer_complaints_incremental_dag.py
[2026-07-18T04:33:14.824+0000] {logging_mixin.py:190} INFO - [2026-07-18T04:33:14.823+0000] {dag.py:3239} INFO - Sync 1 DAGs
[2026-07-18T04:33:14.841+0000] {logging_mixin.py:190} INFO - [2026-07-18T04:33:14.841+0000] {dag.py:4180} INFO - Setting next_dagrun for consumer_complaints_incremental_load to 2026-01-01 00:00:00+00:00, run_after=2026-01-02 00:00:00+00:00
[2026-07-18T04:33:14.857+0000] {processor.py:208} INFO - Processing /opt/airflow/dags/consumer_complaints_incremental_dag.py took 0.439 seconds
[2026-07-18T04:33:45.077+0000] {processor.py:186} INFO - Started process (PID=8527) to work on /opt/airflow/dags/consumer_complaints_incremental_dag.py
[2026-07-18T04:33:45.078+0000] {processor.py:914} INFO - Processing file /opt/airflow/dags/consumer_complaints_incremental_dag.py for tasks to queue
[2026-07-18T04:33:45.080+0000] {logging_mixin.py:190} INFO - [2026-07-18T04:33:45.079+0000] {dagbag.py:588} INFO - Filling up the DagBag from /opt/airflow/dags/consumer_complaints_incremental_dag.py
[2026-07-18T04:33:45.420+0000] {processor.py:925} INFO - DAG(s) 'consumer_complaints_incremental_load' retrieved from /opt/airflow/dags/consumer_complaints_incremental_dag.py
[2026-07-18T04:33:45.439+0000] {logging_mixin.py:190} INFO - [2026-07-18T04:33:45.439+0000] {dag.py:3239} INFO - Sync 1 DAGs
[2026-07-18T04:33:45.458+0000] {logging_mixin.py:190} INFO - [2026-07-18T04:33:45.457+0000] {dag.py:4180} INFO - Setting next_dagrun for consumer_complaints_incremental_load to 2026-01-01 00:00:00+00:00, run_after=2026-01-02 00:00:00+00:00
[2026-07-18T04:33:45.480+0000] {processor.py:208} INFO - Processing /opt/airflow/dags/consumer_complaints_incremental_dag.py took 0.408 seconds
[2026-07-18T04:34:15.840+0000] {processor.py:186} INFO - Started process (PID=8616) to work on /opt/airflow/dags/consumer_complaints_incremental_dag.py
[2026-07-18T04:34:15.841+0000] {processor.py:914} INFO - Processing file /opt/airflow/dags/consumer_complaints_incremental_dag.py for tasks to queue
[2026-07-18T04:34:15.843+0000] {logging_mixin.py:190} INFO - [2026-07-18T04:34:15.842+0000] {dagbag.py:588} INFO - Filling up the DagBag from /opt/airflow/dags/consumer_complaints_incremental_dag.py
[2026-07-18T04:34:16.216+0000] {processor.py:925} INFO - DAG(s) 'consumer_complaints_incremental_load' retrieved from /opt/airflow/dags/consumer_complaints_incremental_dag.py
[2026-07-18T04:34:16.241+0000] {logging_mixin.py:190} INFO - [2026-07-18T04:34:16.241+0000] {dag.py:3239} INFO - Sync 1 DAGs
[2026-07-18T04:34:16.265+0000] {logging_mixin.py:190} INFO - [2026-07-18T04:34:16.265+0000] {dag.py:4180} INFO - Setting next_dagrun for consumer_complaints_incremental_load to 2026-01-01 00:00:00+00:00, run_after=2026-01-02 00:00:00+00:00
[2026-07-18T04:34:16.288+0000] {processor.py:208} INFO - Processing /opt/airflow/dags/consumer_complaints_incremental_dag.py took 0.453 seconds
[2026-07-18T04:34:47.059+0000] {processor.py:186} INFO - Started process (PID=8703) to work on /opt/airflow/dags/consumer_complaints_incremental_dag.py
[2026-07-18T04:34:47.060+0000] {processor.py:914} INFO - Processing file /opt/airflow/dags/consumer_complaints_incremental_dag.py for tasks to queue
[2026-07-18T04:34:47.061+0000] {logging_mixin.py:190} INFO - [2026-07-18T04:34:47.061+0000] {dagbag.py:588} INFO - Filling up the DagBag from /opt/airflow/dags/consumer_complaints_incremental_dag.py
[2026-07-18T04:34:47.438+0000] {processor.py:925} INFO - DAG(s) 'consumer_complaints_incremental_load' retrieved from /opt/airflow/dags/consumer_complaints_incremental_dag.py
[2026-07-18T04:34:47.462+0000] {logging_mixin.py:190} INFO - [2026-07-18T04:34:47.462+0000] {dag.py:3239} INFO - Sync 1 DAGs
[2026-07-18T04:34:47.487+0000] {logging_mixin.py:190} INFO - [2026-07-18T04:34:47.487+0000] {dag.py:4180} INFO - Setting next_dagrun for consumer_complaints_incremental_load to 2026-01-01 00:00:00+00:00, run_after=2026-01-02 00:00:00+00:00
[2026-07-18T04:34:47.513+0000] {processor.py:208} INFO - Processing /opt/airflow/dags/consumer_complaints_incremental_dag.py took 0.460 seconds
[2026-07-18T04:35:17.790+0000] {processor.py:186} INFO - Started process (PID=8789) to work on /opt/airflow/dags/consumer_complaints_incremental_dag.py
[2026-07-18T04:35:17.791+0000] {processor.py:914} INFO - Processing file /opt/airflow/dags/consumer_complaints_incremental_dag.py for tasks to queue
[2026-07-18T04:35:17.793+0000] {logging_mixin.py:190} INFO - [2026-07-18T04:35:17.792+0000] {dagbag.py:588} INFO - Filling up the DagBag from /opt/airflow/dags/consumer_complaints_incremental_dag.py
[2026-07-18T04:35:18.143+0000] {processor.py:925} INFO - DAG(s) 'consumer_complaints_incremental_load' retrieved from /opt/airflow/dags/consumer_complaints_incremental_dag.py
[2026-07-18T04:35:18.161+0000] {logging_mixin.py:190} INFO - [2026-07-18T04:35:18.161+0000] {dag.py:3239} INFO - Sync 1 DAGs
[2026-07-18T04:35:18.179+0000] {logging_mixin.py:190} INFO - [2026-07-18T04:35:18.178+0000] {dag.py:4180} INFO - Setting next_dagrun for consumer_complaints_incremental_load to 2026-01-01 00:00:00+00:00, run_after=2026-01-02 00:00:00+00:00
[2026-07-18T04:35:18.197+0000] {processor.py:208} INFO - Processing /opt/airflow/dags/consumer_complaints_incremental_dag.py took 0.412 seconds
[2026-07-18T04:35:48.516+0000] {processor.py:186} INFO - Started process (PID=8878) to work on /opt/airflow/dags/consumer_complaints_incremental_dag.py
[2026-07-18T04:35:48.517+0000] {processor.py:914} INFO - Processing file /opt/airflow/dags/consumer_complaints_incremental_dag.py for tasks to queue
[2026-07-18T04:35:48.519+0000] {logging_mixin.py:190} INFO - [2026-07-18T04:35:48.519+0000] {dagbag.py:588} INFO - Filling up the DagBag from /opt/airflow/dags/consumer_complaints_incremental_dag.py
[2026-07-18T04:35:48.881+0000] {processor.py:925} INFO - DAG(s) 'consumer_complaints_incremental_load' retrieved from /opt/airflow/dags/consumer_complaints_incremental_dag.py
[2026-07-18T04:35:48.900+0000] {logging_mixin.py:190} INFO - [2026-07-18T04:35:48.899+0000] {dag.py:3239} INFO - Sync 1 DAGs
[2026-07-18T04:35:48.917+0000] {logging_mixin.py:190} INFO - [2026-07-18T04:35:48.917+0000] {dag.py:4180} INFO - Setting next_dagrun for consumer_complaints_incremental_load to 2026-01-01 00:00:00+00:00, run_after=2026-01-02 00:00:00+00:00
[2026-07-18T04:35:48.935+0000] {processor.py:208} INFO - Processing /opt/airflow/dags/consumer_complaints_incremental_dag.py took 0.425 seconds
[2026-07-18T04:36:19.127+0000] {processor.py:186} INFO - Started process (PID=8967) to work on /opt/airflow/dags/consumer_complaints_incremental_dag.py
[2026-07-18T04:36:19.128+0000] {processor.py:914} INFO - Processing file /opt/airflow/dags/consumer_complaints_incremental_dag.py for tasks to queue
[2026-07-18T04:36:19.129+0000] {logging_mixin.py:190} INFO - [2026-07-18T04:36:19.129+0000] {dagbag.py:588} INFO - Filling up the DagBag from /opt/airflow/dags/consumer_complaints_incremental_dag.py
[2026-07-18T04:36:19.478+0000] {processor.py:925} INFO - DAG(s) 'consumer_complaints_incremental_load' retrieved from /opt/airflow/dags/consumer_complaints_incremental_dag.py
[2026-07-18T04:36:19.502+0000] {logging_mixin.py:190} INFO - [2026-07-18T04:36:19.501+0000] {dag.py:3239} INFO - Sync 1 DAGs
[2026-07-18T04:36:19.521+0000] {logging_mixin.py:190} INFO - [2026-07-18T04:36:19.521+0000] {dag.py:4180} INFO - Setting next_dagrun for consumer_complaints_incremental_load to 2026-01-01 00:00:00+00:00, run_after=2026-01-02 00:00:00+00:00
[2026-07-18T04:36:19.542+0000] {processor.py:208} INFO - Processing /opt/airflow/dags/consumer_complaints_incremental_dag.py took 0.420 seconds
[2026-07-18T04:36:50.431+0000] {processor.py:186} INFO - Started process (PID=9054) to work on /opt/airflow/dags/consumer_complaints_incremental_dag.py
[2026-07-18T04:36:50.432+0000] {processor.py:914} INFO - Processing file /opt/airflow/dags/consumer_complaints_incremental_dag.py for tasks to queue
[2026-07-18T04:36:50.434+0000] {logging_mixin.py:190} INFO - [2026-07-18T04:36:50.433+0000] {dagbag.py:588} INFO - Filling up the DagBag from /opt/airflow/dags/consumer_complaints_incremental_dag.py
[2026-07-18T04:36:50.784+0000] {processor.py:925} INFO - DAG(s) 'consumer_complaints_incremental_load' retrieved from /opt/airflow/dags/consumer_complaints_incremental_dag.py
[2026-07-18T04:36:50.805+0000] {logging_mixin.py:190} INFO - [2026-07-18T04:36:50.805+0000] {dag.py:3239} INFO - Sync 1 DAGs
[2026-07-18T04:36:50.825+0000] {logging_mixin.py:190} INFO - [2026-07-18T04:36:50.825+0000] {dag.py:4180} INFO - Setting next_dagrun for consumer_complaints_incremental_load to 2026-01-01 00:00:00+00:00, run_after=2026-01-02 00:00:00+00:00
[2026-07-18T04:36:50.843+0000] {processor.py:208} INFO - Processing /opt/airflow/dags/consumer_complaints_incremental_dag.py took 0.417 seconds
[2026-07-18T04:37:21.072+0000] {processor.py:186} INFO - Started process (PID=9140) to work on /opt/airflow/dags/consumer_complaints_incremental_dag.py
[2026-07-18T04:37:21.073+0000] {processor.py:914} INFO - Processing file /opt/airflow/dags/consumer_complaints_incremental_dag.py for tasks to queue
[2026-07-18T04:37:21.074+0000] {logging_mixin.py:190} INFO - [2026-07-18T04:37:21.074+0000] {dagbag.py:588} INFO - Filling up the DagBag from /opt/airflow/dags/consumer_complaints_incremental_dag.py
[2026-07-18T04:37:21.413+0000] {processor.py:925} INFO - DAG(s) 'consumer_complaints_incremental_load' retrieved from /opt/airflow/dags/consumer_complaints_incremental_dag.py
[2026-07-18T04:37:21.433+0000] {logging_mixin.py:190} INFO - [2026-07-18T04:37:21.433+0000] {dag.py:3239} INFO - Sync 1 DAGs
[2026-07-18T04:37:21.456+0000] {logging_mixin.py:190} INFO - [2026-07-18T04:37:21.456+0000] {dag.py:4180} INFO - Setting next_dagrun for consumer_complaints_incremental_load to 2026-01-01 00:00:00+00:00, run_after=2026-01-02 00:00:00+00:00
[2026-07-18T04:37:21.480+0000] {processor.py:208} INFO - Processing /opt/airflow/dags/consumer_complaints_incremental_dag.py took 0.413 seconds
[2026-07-18T04:37:51.682+0000] {processor.py:186} INFO - Started process (PID=9229) to work on /opt/airflow/dags/consumer_complaints_incremental_dag.py
[2026-07-18T04:37:51.683+0000] {processor.py:914} INFO - Processing file /opt/airflow/dags/consumer_complaints_incremental_dag.py for tasks to queue
[2026-07-18T04:37:51.685+0000] {logging_mixin.py:190} INFO - [2026-07-18T04:37:51.684+0000] {dagbag.py:588} INFO - Filling up the DagBag from /opt/airflow/dags/consumer_complaints_incremental_dag.py
[2026-07-18T04:37:52.032+0000] {processor.py:925} INFO - DAG(s) 'consumer_complaints_incremental_load' retrieved from /opt/airflow/dags/consumer_complaints_incremental_dag.py
[2026-07-18T04:37:52.052+0000] {logging_mixin.py:190} INFO - [2026-07-18T04:37:52.052+0000] {dag.py:3239} INFO - Sync 1 DAGs
[2026-07-18T04:37:52.071+0000] {logging_mixin.py:190} INFO - [2026-07-18T04:37:52.070+0000] {dag.py:4180} INFO - Setting next_dagrun for consumer_complaints_incremental_load to 2026-01-01 00:00:00+00:00, run_after=2026-01-02 00:00:00+00:00
[2026-07-18T04:37:52.089+0000] {processor.py:208} INFO - Processing /opt/airflow/dags/consumer_complaints_incremental_dag.py took 0.412 seconds
[2026-07-18T04:38:22.611+0000] {processor.py:186} INFO - Started process (PID=9323) to work on /opt/airflow/dags/consumer_complaints_incremental_dag.py
[2026-07-18T04:38:22.612+0000] {processor.py:914} INFO - Processing file /opt/airflow/dags/consumer_complaints_incremental_dag.py for tasks to queue
[2026-07-18T04:38:22.613+0000] {logging_mixin.py:190} INFO - [2026-07-18T04:38:22.613+0000] {dagbag.py:588} INFO - Filling up the DagBag from /opt/airflow/dags/consumer_complaints_incremental_dag.py
[2026-07-18T04:38:22.978+0000] {processor.py:925} INFO - DAG(s) 'consumer_complaints_incremental_load' retrieved from /opt/airflow/dags/consumer_complaints_incremental_dag.py
[2026-07-18T04:38:22.998+0000] {logging_mixin.py:190} INFO - [2026-07-18T04:38:22.998+0000] {dag.py:3239} INFO - Sync 1 DAGs
[2026-07-18T04:38:23.016+0000] {logging_mixin.py:190} INFO - [2026-07-18T04:38:23.016+0000] {dag.py:4180} INFO - Setting next_dagrun for consumer_complaints_incremental_load to 2026-01-01 00:00:00+00:00, run_after=2026-01-02 00:00:00+00:00
[2026-07-18T04:38:23.034+0000] {processor.py:208} INFO - Processing /opt/airflow/dags/consumer_complaints_incremental_dag.py took 0.429 seconds
[2026-07-18T04:38:53.782+0000] {processor.py:186} INFO - Started process (PID=9405) to work on /opt/airflow/dags/consumer_complaints_incremental_dag.py
[2026-07-18T04:38:53.783+0000] {processor.py:914} INFO - Processing file /opt/airflow/dags/consumer_complaints_incremental_dag.py for tasks to queue
[2026-07-18T04:38:53.784+0000] {logging_mixin.py:190} INFO - [2026-07-18T04:38:53.784+0000] {dagbag.py:588} INFO - Filling up the DagBag from /opt/airflow/dags/consumer_complaints_incremental_dag.py
[2026-07-18T04:38:54.140+0000] {processor.py:925} INFO - DAG(s) 'consumer_complaints_incremental_load' retrieved from /opt/airflow/dags/consumer_complaints_incremental_dag.py
[2026-07-18T04:38:54.159+0000] {logging_mixin.py:190} INFO - [2026-07-18T04:38:54.159+0000] {dag.py:3239} INFO - Sync 1 DAGs
[2026-07-18T04:38:54.179+0000] {logging_mixin.py:190} INFO - [2026-07-18T04:38:54.179+0000] {dag.py:4180} INFO - Setting next_dagrun for consumer_complaints_incremental_load to 2026-01-01 00:00:00+00:00, run_after=2026-01-02 00:00:00+00:00
[2026-07-18T04:38:54.197+0000] {processor.py:208} INFO - Processing /opt/airflow/dags/consumer_complaints_incremental_dag.py took 0.420 seconds
[2026-07-18T04:39:24.559+0000] {processor.py:186} INFO - Started process (PID=9491) to work on /opt/airflow/dags/consumer_complaints_incremental_dag.py
[2026-07-18T04:39:24.560+0000] {processor.py:914} INFO - Processing file /opt/airflow/dags/consumer_complaints_incremental_dag.py for tasks to queue
[2026-07-18T04:39:24.562+0000] {logging_mixin.py:190} INFO - [2026-07-18T04:39:24.562+0000] {dagbag.py:588} INFO - Filling up the DagBag from /opt/airflow/dags/consumer_complaints_incremental_dag.py
[2026-07-18T04:39:24.929+0000] {processor.py:925} INFO - DAG(s) 'consumer_complaints_incremental_load' retrieved from /opt/airflow/dags/consumer_complaints_incremental_dag.py
[2026-07-18T04:39:24.950+0000] {logging_mixin.py:190} INFO - [2026-07-18T04:39:24.949+0000] {dag.py:3239} INFO - Sync 1 DAGs
[2026-07-18T04:39:24.969+0000] {logging_mixin.py:190} INFO - [2026-07-18T04:39:24.969+0000] {dag.py:4180} INFO - Setting next_dagrun for consumer_complaints_incremental_load to 2026-01-01 00:00:00+00:00, run_after=2026-01-02 00:00:00+00:00
[2026-07-18T04:39:24.989+0000] {processor.py:208} INFO - Processing /opt/airflow/dags/consumer_complaints_incremental_dag.py took 0.435 seconds
[2026-07-18T04:39:55.309+0000] {processor.py:186} INFO - Started process (PID=9580) to work on /opt/airflow/dags/consumer_complaints_incremental_dag.py
[2026-07-18T04:39:55.310+0000] {processor.py:914} INFO - Processing file /opt/airflow/dags/consumer_complaints_incremental_dag.py for tasks to queue
[2026-07-18T04:39:55.312+0000] {logging_mixin.py:190} INFO - [2026-07-18T04:39:55.311+0000] {dagbag.py:588} INFO - Filling up the DagBag from /opt/airflow/dags/consumer_complaints_incremental_dag.py
[2026-07-18T04:39:55.685+0000] {processor.py:925} INFO - DAG(s) 'consumer_complaints_incremental_load' retrieved from /opt/airflow/dags/consumer_complaints_incremental_dag.py
[2026-07-18T04:39:55.705+0000] {logging_mixin.py:190} INFO - [2026-07-18T04:39:55.705+0000] {dag.py:3239} INFO - Sync 1 DAGs
[2026-07-18T04:39:55.724+0000] {logging_mixin.py:190} INFO - [2026-07-18T04:39:55.724+0000] {dag.py:4180} INFO - Setting next_dagrun for consumer_complaints_incremental_load to 2026-01-01 00:00:00+00:00, run_after=2026-01-02 00:00:00+00:00
[2026-07-18T04:39:55.741+0000] {processor.py:208} INFO - Processing /opt/airflow/dags/consumer_complaints_incremental_dag.py took 0.438 seconds
[2026-07-18T04:40:25.925+0000] {processor.py:186} INFO - Started process (PID=9655) to work on /opt/airflow/dags/consumer_complaints_incremental_dag.py
[2026-07-18T04:40:25.926+0000] {processor.py:914} INFO - Processing file /opt/airflow/dags/consumer_complaints_incremental_dag.py for tasks to queue
[2026-07-18T04:40:25.927+0000] {logging_mixin.py:190} INFO - [2026-07-18T04:40:25.927+0000] {dagbag.py:588} INFO - Filling up the DagBag from /opt/airflow/dags/consumer_complaints_incremental_dag.py
[2026-07-18T04:40:26.336+0000] {processor.py:925} INFO - DAG(s) 'consumer_complaints_incremental_load' retrieved from /opt/airflow/dags/consumer_complaints_incremental_dag.py
[2026-07-18T04:40:26.362+0000] {logging_mixin.py:190} INFO - [2026-07-18T04:40:26.362+0000] {dag.py:3239} INFO - Sync 1 DAGs
[2026-07-18T04:40:26.388+0000] {logging_mixin.py:190} INFO - [2026-07-18T04:40:26.388+0000] {dag.py:4180} INFO - Setting next_dagrun for consumer_complaints_incremental_load to 2026-01-01 00:00:00+00:00, run_after=2026-01-02 00:00:00+00:00
[2026-07-18T04:40:26.412+0000] {processor.py:208} INFO - Processing /opt/airflow/dags/consumer_complaints_incremental_dag.py took 0.493 seconds
[2026-07-18T04:40:58.297+0000] {processor.py:186} INFO - Started process (PID=9756) to work on /opt/airflow/dags/consumer_complaints_incremental_dag.py
[2026-07-18T04:40:58.298+0000] {processor.py:914} INFO - Processing file /opt/airflow/dags/consumer_complaints_incremental_dag.py for tasks to queue
[2026-07-18T04:40:58.300+0000] {logging_mixin.py:190} INFO - [2026-07-18T04:40:58.299+0000] {dagbag.py:588} INFO - Filling up the DagBag from /opt/airflow/dags/consumer_complaints_incremental_dag.py
[2026-07-18T04:40:58.662+0000] {processor.py:925} INFO - DAG(s) 'consumer_complaints_incremental_load' retrieved from /opt/airflow/dags/consumer_complaints_incremental_dag.py
[2026-07-18T04:40:58.686+0000] {logging_mixin.py:190} INFO - [2026-07-18T04:40:58.685+0000] {dag.py:3239} INFO - Sync 1 DAGs
[2026-07-18T04:40:58.706+0000] {logging_mixin.py:190} INFO - [2026-07-18T04:40:58.706+0000] {dag.py:4180} INFO - Setting next_dagrun for consumer_complaints_incremental_load to 2026-01-01 00:00:00+00:00, run_after=2026-01-02 00:00:00+00:00
[2026-07-18T04:40:58.724+0000] {processor.py:208} INFO - Processing /opt/airflow/dags/consumer_complaints_incremental_dag.py took 0.432 seconds
[2026-07-18T04:41:29.195+0000] {processor.py:186} INFO - Started process (PID=9842) to work on /opt/airflow/dags/consumer_complaints_incremental_dag.py
[2026-07-18T04:41:29.196+0000] {processor.py:914} INFO - Processing file /opt/airflow/dags/consumer_complaints_incremental_dag.py for tasks to queue
[2026-07-18T04:41:29.197+0000] {logging_mixin.py:190} INFO - [2026-07-18T04:41:29.197+0000] {dagbag.py:588} INFO - Filling up the DagBag from /opt/airflow/dags/consumer_complaints_incremental_dag.py
[2026-07-18T04:41:29.551+0000] {processor.py:925} INFO - DAG(s) 'consumer_complaints_incremental_load' retrieved from /opt/airflow/dags/consumer_complaints_incremental_dag.py
[2026-07-18T04:41:29.571+0000] {logging_mixin.py:190} INFO - [2026-07-18T04:41:29.570+0000] {dag.py:3239} INFO - Sync 1 DAGs
[2026-07-18T04:41:29.589+0000] {logging_mixin.py:190} INFO - [2026-07-18T04:41:29.589+0000] {dag.py:4180} INFO - Setting next_dagrun for consumer_complaints_incremental_load to 2026-01-01 00:00:00+00:00, run_after=2026-01-02 00:00:00+00:00
[2026-07-18T04:41:29.608+0000] {processor.py:208} INFO - Processing /opt/airflow/dags/consumer_complaints_incremental_dag.py took 0.419 seconds
[2026-07-18T04:42:00.559+0000] {processor.py:186} INFO - Started process (PID=9931) to work on /opt/airflow/dags/consumer_complaints_incremental_dag.py
[2026-07-18T04:42:00.560+0000] {processor.py:914} INFO - Processing file /opt/airflow/dags/consumer_complaints_incremental_dag.py for tasks to queue
[2026-07-18T04:42:00.562+0000] {logging_mixin.py:190} INFO - [2026-07-18T04:42:00.561+0000] {dagbag.py:588} INFO - Filling up the DagBag from /opt/airflow/dags/consumer_complaints_incremental_dag.py
[2026-07-18T04:42:00.963+0000] {processor.py:925} INFO - DAG(s) 'consumer_complaints_incremental_load' retrieved from /opt/airflow/dags/consumer_complaints_incremental_dag.py
[2026-07-18T04:42:00.987+0000] {logging_mixin.py:190} INFO - [2026-07-18T04:42:00.986+0000] {dag.py:3239} INFO - Sync 1 DAGs
[2026-07-18T04:42:01.009+0000] {logging_mixin.py:190} INFO - [2026-07-18T04:42:01.009+0000] {dag.py:4180} INFO - Setting next_dagrun for consumer_complaints_incremental_load to 2026-01-01 00:00:00+00:00, run_after=2026-01-02 00:00:00+00:00
[2026-07-18T04:42:01.033+0000] {processor.py:208} INFO - Processing /opt/airflow/dags/consumer_complaints_incremental_dag.py took 0.479 seconds
[2026-07-18T04:42:31.516+0000] {processor.py:186} INFO - Started process (PID=10018) to work on /opt/airflow/dags/consumer_complaints_incremental_dag.py
[2026-07-18T04:42:31.517+0000] {processor.py:914} INFO - Processing file /opt/airflow/dags/consumer_complaints_incremental_dag.py for tasks to queue
[2026-07-18T04:42:31.518+0000] {logging_mixin.py:190} INFO - [2026-07-18T04:42:31.518+0000] {dagbag.py:588} INFO - Filling up the DagBag from /opt/airflow/dags/consumer_complaints_incremental_dag.py
[2026-07-18T04:42:31.771+0000] {processor.py:925} INFO - DAG(s) 'consumer_complaints_incremental_load' retrieved from /opt/airflow/dags/consumer_complaints_incremental_dag.py
[2026-07-18T04:42:31.797+0000] {logging_mixin.py:190} INFO - [2026-07-18T04:42:31.797+0000] {dag.py:3239} INFO - Sync 1 DAGs
[2026-07-18T04:42:31.820+0000] {logging_mixin.py:190} INFO - [2026-07-18T04:42:31.820+0000] {dag.py:4180} INFO - Setting next_dagrun for consumer_complaints_incremental_load to 2026-01-01 00:00:00+00:00, run_after=2026-01-02 00:00:00+00:00
[2026-07-18T04:42:31.840+0000] {processor.py:208} INFO - Processing /opt/airflow/dags/consumer_complaints_incremental_dag.py took 0.331 seconds
[2026-07-18T04:43:01.901+0000] {processor.py:186} INFO - Started process (PID=10090) to work on /opt/airflow/dags/consumer_complaints_incremental_dag.py
[2026-07-18T04:43:01.902+0000] {processor.py:914} INFO - Processing file /opt/airflow/dags/consumer_complaints_incremental_dag.py for tasks to queue
[2026-07-18T04:43:01.903+0000] {logging_mixin.py:190} INFO - [2026-07-18T04:43:01.903+0000] {dagbag.py:588} INFO - Filling up the DagBag from /opt/airflow/dags/consumer_complaints_incremental_dag.py
[2026-07-18T04:43:02.147+0000] {processor.py:925} INFO - DAG(s) 'consumer_complaints_incremental_load' retrieved from /opt/airflow/dags/consumer_complaints_incremental_dag.py
[2026-07-18T04:43:02.173+0000] {logging_mixin.py:190} INFO - [2026-07-18T04:43:02.172+0000] {dag.py:3239} INFO - Sync 1 DAGs
[2026-07-18T04:43:02.204+0000] {logging_mixin.py:190} INFO - [2026-07-18T04:43:02.204+0000] {dag.py:4180} INFO - Setting next_dagrun for consumer_complaints_incremental_load to 2026-01-01 00:00:00+00:00, run_after=2026-01-02 00:00:00+00:00
[2026-07-18T04:43:02.226+0000] {processor.py:208} INFO - Processing /opt/airflow/dags/consumer_complaints_incremental_dag.py took 0.330 seconds
[2026-07-18T04:43:32.306+0000] {processor.py:186} INFO - Started process (PID=10176) to work on /opt/airflow/dags/consumer_complaints_incremental_dag.py
[2026-07-18T04:43:32.308+0000] {processor.py:914} INFO - Processing file /opt/airflow/dags/consumer_complaints_incremental_dag.py for tasks to queue
[2026-07-18T04:43:32.310+0000] {logging_mixin.py:190} INFO - [2026-07-18T04:43:32.309+0000] {dagbag.py:588} INFO - Filling up the DagBag from /opt/airflow/dags/consumer_complaints_incremental_dag.py
[2026-07-18T04:43:32.567+0000] {processor.py:925} INFO - DAG(s) 'consumer_complaints_incremental_load' retrieved from /opt/airflow/dags/consumer_complaints_incremental_dag.py
[2026-07-18T04:43:32.592+0000] {logging_mixin.py:190} INFO - [2026-07-18T04:43:32.591+0000] {dag.py:3239} INFO - Sync 1 DAGs
[2026-07-18T04:43:32.613+0000] {logging_mixin.py:190} INFO - [2026-07-18T04:43:32.613+0000] {dag.py:4180} INFO - Setting next_dagrun for consumer_complaints_incremental_load to 2026-01-01 00:00:00+00:00, run_after=2026-01-02 00:00:00+00:00
[2026-07-18T04:43:32.632+0000] {processor.py:208} INFO - Processing /opt/airflow/dags/consumer_complaints_incremental_dag.py took 0.332 seconds
[2026-07-18T04:44:02.764+0000] {processor.py:186} INFO - Started process (PID=10265) to work on /opt/airflow/dags/consumer_complaints_incremental_dag.py
[2026-07-18T04:44:02.766+0000] {processor.py:914} INFO - Processing file /opt/airflow/dags/consumer_complaints_incremental_dag.py for tasks to queue
[2026-07-18T04:44:02.768+0000] {logging_mixin.py:190} INFO - [2026-07-18T04:44:02.768+0000] {dagbag.py:588} INFO - Filling up the DagBag from /opt/airflow/dags/consumer_complaints_incremental_dag.py
[2026-07-18T04:44:03.050+0000] {processor.py:925} INFO - DAG(s) 'consumer_complaints_incremental_load' retrieved from /opt/airflow/dags/consumer_complaints_incremental_dag.py
[2026-07-18T04:44:03.078+0000] {logging_mixin.py:190} INFO - [2026-07-18T04:44:03.077+0000] {dag.py:3239} INFO - Sync 1 DAGs
[2026-07-18T04:44:03.103+0000] {logging_mixin.py:190} INFO - [2026-07-18T04:44:03.103+0000] {dag.py:4180} INFO - Setting next_dagrun for consumer_complaints_incremental_load to 2026-01-01 00:00:00+00:00, run_after=2026-01-02 00:00:00+00:00
[2026-07-18T04:44:03.127+0000] {processor.py:208} INFO - Processing /opt/airflow/dags/consumer_complaints_incremental_dag.py took 0.369 seconds
[2026-07-18T04:44:33.244+0000] {processor.py:186} INFO - Started process (PID=10352) to work on /opt/airflow/dags/consumer_complaints_incremental_dag.py
[2026-07-18T04:44:33.245+0000] {processor.py:914} INFO - Processing file /opt/airflow/dags/consumer_complaints_incremental_dag.py for tasks to queue
[2026-07-18T04:44:33.246+0000] {logging_mixin.py:190} INFO - [2026-07-18T04:44:33.246+0000] {dagbag.py:588} INFO - Filling up the DagBag from /opt/airflow/dags/consumer_complaints_incremental_dag.py
[2026-07-18T04:44:33.496+0000] {processor.py:925} INFO - DAG(s) 'consumer_complaints_incremental_load' retrieved from /opt/airflow/dags/consumer_complaints_incremental_dag.py
[2026-07-18T04:44:33.522+0000] {logging_mixin.py:190} INFO - [2026-07-18T04:44:33.522+0000] {dag.py:3239} INFO - Sync 1 DAGs
[2026-07-18T04:44:33.545+0000] {logging_mixin.py:190} INFO - [2026-07-18T04:44:33.545+0000] {dag.py:4180} INFO - Setting next_dagrun for consumer_complaints_incremental_load to 2026-01-01 00:00:00+00:00, run_after=2026-01-02 00:00:00+00:00
[2026-07-18T04:44:33.564+0000] {processor.py:208} INFO - Processing /opt/airflow/dags/consumer_complaints_incremental_dag.py took 0.327 seconds
[2026-07-18T04:45:03.766+0000] {processor.py:186} INFO - Started process (PID=10438) to work on /opt/airflow/dags/consumer_complaints_incremental_dag.py
[2026-07-18T04:45:03.767+0000] {processor.py:914} INFO - Processing file /opt/airflow/dags/consumer_complaints_incremental_dag.py for tasks to queue
[2026-07-18T04:45:03.768+0000] {logging_mixin.py:190} INFO - [2026-07-18T04:45:03.768+0000] {dagbag.py:588} INFO - Filling up the DagBag from /opt/airflow/dags/consumer_complaints_incremental_dag.py
[2026-07-18T04:45:04.042+0000] {processor.py:925} INFO - DAG(s) 'consumer_complaints_incremental_load' retrieved from /opt/airflow/dags/consumer_complaints_incremental_dag.py
[2026-07-18T04:45:04.065+0000] {logging_mixin.py:190} INFO - [2026-07-18T04:45:04.065+0000] {dag.py:3239} INFO - Sync 1 DAGs
[2026-07-18T04:45:04.084+0000] {logging_mixin.py:190} INFO - [2026-07-18T04:45:04.084+0000] {dag.py:4180} INFO - Setting next_dagrun for consumer_complaints_incremental_load to 2026-01-01 00:00:00+00:00, run_after=2026-01-02 00:00:00+00:00
[2026-07-18T04:45:04.107+0000] {processor.py:208} INFO - Processing /opt/airflow/dags/consumer_complaints_incremental_dag.py took 0.347 seconds
[2026-07-18T04:45:34.531+0000] {processor.py:186} INFO - Started process (PID=10527) to work on /opt/airflow/dags/consumer_complaints_incremental_dag.py
[2026-07-18T04:45:34.532+0000] {processor.py:914} INFO - Processing file /opt/airflow/dags/consumer_complaints_incremental_dag.py for tasks to queue
[2026-07-18T04:45:34.534+0000] {logging_mixin.py:190} INFO - [2026-07-18T04:45:34.534+0000] {dagbag.py:588} INFO - Filling up the DagBag from /opt/airflow/dags/consumer_complaints_incremental_dag.py
[2026-07-18T04:45:34.802+0000] {processor.py:925} INFO - DAG(s) 'consumer_complaints_incremental_load' retrieved from /opt/airflow/dags/consumer_complaints_incremental_dag.py
[2026-07-18T04:45:34.824+0000] {logging_mixin.py:190} INFO - [2026-07-18T04:45:34.824+0000] {dag.py:3239} INFO - Sync 1 DAGs
[2026-07-18T04:45:34.846+0000] {logging_mixin.py:190} INFO - [2026-07-18T04:45:34.845+0000] {dag.py:4180} INFO - Setting next_dagrun for consumer_complaints_incremental_load to 2026-01-01 00:00:00+00:00, run_after=2026-01-02 00:00:00+00:00
[2026-07-18T04:45:34.869+0000] {processor.py:208} INFO - Processing /opt/airflow/dags/consumer_complaints_incremental_dag.py took 0.343 seconds
[2026-07-18T04:46:06.205+0000] {processor.py:186} INFO - Started process (PID=10614) to work on /opt/airflow/dags/consumer_complaints_incremental_dag.py
[2026-07-18T04:46:06.206+0000] {processor.py:914} INFO - Processing file /opt/airflow/dags/consumer_complaints_incremental_dag.py for tasks to queue
[2026-07-18T04:46:06.207+0000] {logging_mixin.py:190} INFO - [2026-07-18T04:46:06.207+0000] {dagbag.py:588} INFO - Filling up the DagBag from /opt/airflow/dags/consumer_complaints_incremental_dag.py
[2026-07-18T04:46:06.469+0000] {processor.py:925} INFO - DAG(s) 'consumer_complaints_incremental_load' retrieved from /opt/airflow/dags/consumer_complaints_incremental_dag.py
[2026-07-18T04:46:06.492+0000] {logging_mixin.py:190} INFO - [2026-07-18T04:46:06.492+0000] {dag.py:3239} INFO - Sync 1 DAGs
[2026-07-18T04:46:06.517+0000] {logging_mixin.py:190} INFO - [2026-07-18T04:46:06.517+0000] {dag.py:4180} INFO - Setting next_dagrun for consumer_complaints_incremental_load to 2026-01-01 00:00:00+00:00, run_after=2026-01-02 00:00:00+00:00
[2026-07-18T04:46:06.538+0000] {processor.py:208} INFO - Processing /opt/airflow/dags/consumer_complaints_incremental_dag.py took 0.339 seconds
[2026-07-18T04:46:37.006+0000] {processor.py:186} INFO - Started process (PID=10700) to work on /opt/airflow/dags/consumer_complaints_incremental_dag.py
[2026-07-18T04:46:37.007+0000] {processor.py:914} INFO - Processing file /opt/airflow/dags/consumer_complaints_incremental_dag.py for tasks to queue
[2026-07-18T04:46:37.008+0000] {logging_mixin.py:190} INFO - [2026-07-18T04:46:37.008+0000] {dagbag.py:588} INFO - Filling up the DagBag from /opt/airflow/dags/consumer_complaints_incremental_dag.py
[2026-07-18T04:46:37.265+0000] {processor.py:925} INFO - DAG(s) 'consumer_complaints_incremental_load' retrieved from /opt/airflow/dags/consumer_complaints_incremental_dag.py
[2026-07-18T04:46:37.288+0000] {logging_mixin.py:190} INFO - [2026-07-18T04:46:37.288+0000] {dag.py:3239} INFO - Sync 1 DAGs
[2026-07-18T04:46:37.310+0000] {logging_mixin.py:190} INFO - [2026-07-18T04:46:37.310+0000] {dag.py:4180} INFO - Setting next_dagrun for consumer_complaints_incremental_load to 2026-01-01 00:00:00+00:00, run_after=2026-01-02 00:00:00+00:00
[2026-07-18T04:46:37.331+0000] {processor.py:208} INFO - Processing /opt/airflow/dags/consumer_complaints_incremental_dag.py took 0.330 seconds
[2026-07-18T04:47:08.291+0000] {processor.py:186} INFO - Started process (PID=10789) to work on /opt/airflow/dags/consumer_complaints_incremental_dag.py
[2026-07-18T04:47:08.293+0000] {processor.py:914} INFO - Processing file /opt/airflow/dags/consumer_complaints_incremental_dag.py for tasks to queue
[2026-07-18T04:47:08.294+0000] {logging_mixin.py:190} INFO - [2026-07-18T04:47:08.294+0000] {dagbag.py:588} INFO - Filling up the DagBag from /opt/airflow/dags/consumer_complaints_incremental_dag.py
[2026-07-18T04:47:08.557+0000] {processor.py:925} INFO - DAG(s) 'consumer_complaints_incremental_load' retrieved from /opt/airflow/dags/consumer_complaints_incremental_dag.py
[2026-07-18T04:47:08.582+0000] {logging_mixin.py:190} INFO - [2026-07-18T04:47:08.582+0000] {dag.py:3239} INFO - Sync 1 DAGs
[2026-07-18T04:47:08.607+0000] {logging_mixin.py:190} INFO - [2026-07-18T04:47:08.607+0000] {dag.py:4180} INFO - Setting next_dagrun for consumer_complaints_incremental_load to 2026-01-01 00:00:00+00:00, run_after=2026-01-02 00:00:00+00:00
[2026-07-18T04:47:08.629+0000] {processor.py:208} INFO - Processing /opt/airflow/dags/consumer_complaints_incremental_dag.py took 0.343 seconds
[2026-07-18T04:47:39.558+0000] {processor.py:186} INFO - Started process (PID=10881) to work on /opt/airflow/dags/consumer_complaints_incremental_dag.py
[2026-07-18T04:47:39.560+0000] {processor.py:914} INFO - Processing file /opt/airflow/dags/consumer_complaints_incremental_dag.py for tasks to queue
[2026-07-18T04:47:39.561+0000] {logging_mixin.py:190} INFO - [2026-07-18T04:47:39.561+0000] {dagbag.py:588} INFO - Filling up the DagBag from /opt/airflow/dags/consumer_complaints_incremental_dag.py
[2026-07-18T04:47:39.822+0000] {processor.py:925} INFO - DAG(s) 'consumer_complaints_incremental_load' retrieved from /opt/airflow/dags/consumer_complaints_incremental_dag.py
[2026-07-18T04:47:39.849+0000] {logging_mixin.py:190} INFO - [2026-07-18T04:47:39.848+0000] {dag.py:3239} INFO - Sync 1 DAGs
[2026-07-18T04:47:39.871+0000] {logging_mixin.py:190} INFO - [2026-07-18T04:47:39.871+0000] {dag.py:4180} INFO - Setting next_dagrun for consumer_complaints_incremental_load to 2026-01-01 00:00:00+00:00, run_after=2026-01-02 00:00:00+00:00
[2026-07-18T04:47:39.899+0000] {processor.py:208} INFO - Processing /opt/airflow/dags/consumer_complaints_incremental_dag.py took 0.347 seconds
[2026-07-18T04:48:11.483+0000] {processor.py:186} INFO - Started process (PID=10982) to work on /opt/airflow/dags/consumer_complaints_incremental_dag.py
[2026-07-18T04:48:11.484+0000] {processor.py:914} INFO - Processing file /opt/airflow/dags/consumer_complaints_incremental_dag.py for tasks to queue
[2026-07-18T04:48:11.486+0000] {logging_mixin.py:190} INFO - [2026-07-18T04:48:11.485+0000] {dagbag.py:588} INFO - Filling up the DagBag from /opt/airflow/dags/consumer_complaints_incremental_dag.py
[2026-07-18T04:48:11.744+0000] {processor.py:925} INFO - DAG(s) 'consumer_complaints_incremental_load' retrieved from /opt/airflow/dags/consumer_complaints_incremental_dag.py
[2026-07-18T04:48:11.768+0000] {logging_mixin.py:190} INFO - [2026-07-18T04:48:11.768+0000] {dag.py:3239} INFO - Sync 1 DAGs
[2026-07-18T04:48:11.791+0000] {logging_mixin.py:190} INFO - [2026-07-18T04:48:11.791+0000] {dag.py:4180} INFO - Setting next_dagrun for consumer_complaints_incremental_load to 2026-01-01 00:00:00+00:00, run_after=2026-01-02 00:00:00+00:00
[2026-07-18T04:48:11.815+0000] {processor.py:208} INFO - Processing /opt/airflow/dags/consumer_complaints_incremental_dag.py took 0.337 seconds
[2026-07-18T04:48:42.257+0000] {processor.py:186} INFO - Started process (PID=11068) to work on /opt/airflow/dags/consumer_complaints_incremental_dag.py
[2026-07-18T04:48:42.258+0000] {processor.py:914} INFO - Processing file /opt/airflow/dags/consumer_complaints_incremental_dag.py for tasks to queue
[2026-07-18T04:48:42.260+0000] {logging_mixin.py:190} INFO - [2026-07-18T04:48:42.259+0000] {dagbag.py:588} INFO - Filling up the DagBag from /opt/airflow/dags/consumer_complaints_incremental_dag.py
[2026-07-18T04:48:42.525+0000] {processor.py:925} INFO - DAG(s) 'consumer_complaints_incremental_load' retrieved from /opt/airflow/dags/consumer_complaints_incremental_dag.py
[2026-07-18T04:48:42.549+0000] {logging_mixin.py:190} INFO - [2026-07-18T04:48:42.549+0000] {dag.py:3239} INFO - Sync 1 DAGs
[2026-07-18T04:48:42.572+0000] {logging_mixin.py:190} INFO - [2026-07-18T04:48:42.571+0000] {dag.py:4180} INFO - Setting next_dagrun for consumer_complaints_incremental_load to 2026-01-01 00:00:00+00:00, run_after=2026-01-02 00:00:00+00:00
[2026-07-18T04:48:42.599+0000] {processor.py:208} INFO - Processing /opt/airflow/dags/consumer_complaints_incremental_dag.py took 0.349 seconds
[2026-07-18T04:49:12.709+0000] {processor.py:186} INFO - Started process (PID=11143) to work on /opt/airflow/dags/consumer_complaints_incremental_dag.py
[2026-07-18T04:49:12.710+0000] {processor.py:914} INFO - Processing file /opt/airflow/dags/consumer_complaints_incremental_dag.py for tasks to queue
[2026-07-18T04:49:12.712+0000] {logging_mixin.py:190} INFO - [2026-07-18T04:49:12.711+0000] {dagbag.py:588} INFO - Filling up the DagBag from /opt/airflow/dags/consumer_complaints_incremental_dag.py
[2026-07-18T04:49:12.997+0000] {processor.py:925} INFO - DAG(s) 'consumer_complaints_incremental_load' retrieved from /opt/airflow/dags/consumer_complaints_incremental_dag.py
[2026-07-18T04:49:13.028+0000] {logging_mixin.py:190} INFO - [2026-07-18T04:49:13.027+0000] {dag.py:3239} INFO - Sync 1 DAGs
[2026-07-18T04:49:13.050+0000] {logging_mixin.py:190} INFO - [2026-07-18T04:49:13.050+0000] {dag.py:4180} INFO - Setting next_dagrun for consumer_complaints_incremental_load to 2026-01-01 00:00:00+00:00, run_after=2026-01-02 00:00:00+00:00
[2026-07-18T04:49:13.072+0000] {processor.py:208} INFO - Processing /opt/airflow/dags/consumer_complaints_incremental_dag.py took 0.368 seconds
[2026-07-18T04:49:43.966+0000] {processor.py:186} INFO - Started process (PID=11246) to work on /opt/airflow/dags/consumer_complaints_incremental_dag.py
[2026-07-18T04:49:43.967+0000] {processor.py:914} INFO - Processing file /opt/airflow/dags/consumer_complaints_incremental_dag.py for tasks to queue
[2026-07-18T04:49:43.969+0000] {logging_mixin.py:190} INFO - [2026-07-18T04:49:43.968+0000] {dagbag.py:588} INFO - Filling up the DagBag from /opt/airflow/dags/consumer_complaints_incremental_dag.py
[2026-07-18T04:49:44.280+0000] {processor.py:925} INFO - DAG(s) 'consumer_complaints_incremental_load' retrieved from /opt/airflow/dags/consumer_complaints_incremental_dag.py
[2026-07-18T04:49:44.312+0000] {logging_mixin.py:190} INFO - [2026-07-18T04:49:44.311+0000] {dag.py:3239} INFO - Sync 1 DAGs
[2026-07-18T04:49:44.338+0000] {logging_mixin.py:190} INFO - [2026-07-18T04:49:44.337+0000] {dag.py:4180} INFO - Setting next_dagrun for consumer_complaints_incremental_load to 2026-01-01 00:00:00+00:00, run_after=2026-01-02 00:00:00+00:00
[2026-07-18T04:49:44.364+0000] {processor.py:208} INFO - Processing /opt/airflow/dags/consumer_complaints_incremental_dag.py took 0.404 seconds
[2026-07-18T04:50:15.796+0000] {processor.py:186} INFO - Started process (PID=11338) to work on /opt/airflow/dags/consumer_complaints_incremental_dag.py
[2026-07-18T04:50:15.797+0000] {processor.py:914} INFO - Processing file /opt/airflow/dags/consumer_complaints_incremental_dag.py for tasks to queue
[2026-07-18T04:50:15.798+0000] {logging_mixin.py:190} INFO - [2026-07-18T04:50:15.798+0000] {dagbag.py:588} INFO - Filling up the DagBag from /opt/airflow/dags/consumer_complaints_incremental_dag.py
[2026-07-18T04:50:16.055+0000] {processor.py:925} INFO - DAG(s) 'consumer_complaints_incremental_load' retrieved from /opt/airflow/dags/consumer_complaints_incremental_dag.py
[2026-07-18T04:50:16.080+0000] {logging_mixin.py:190} INFO - [2026-07-18T04:50:16.080+0000] {dag.py:3239} INFO - Sync 1 DAGs
[2026-07-18T04:50:16.104+0000] {logging_mixin.py:190} INFO - [2026-07-18T04:50:16.103+0000] {dag.py:4180} INFO - Setting next_dagrun for consumer_complaints_incremental_load to 2026-01-01 00:00:00+00:00, run_after=2026-01-02 00:00:00+00:00
[2026-07-18T04:50:16.122+0000] {processor.py:208} INFO - Processing /opt/airflow/dags/consumer_complaints_incremental_dag.py took 0.332 seconds
[2026-07-18T04:50:46.431+0000] {processor.py:186} INFO - Started process (PID=11419) to work on /opt/airflow/dags/consumer_complaints_incremental_dag.py
[2026-07-18T04:50:46.432+0000] {processor.py:914} INFO - Processing file /opt/airflow/dags/consumer_complaints_incremental_dag.py for tasks to queue
[2026-07-18T04:50:46.435+0000] {logging_mixin.py:190} INFO - [2026-07-18T04:50:46.434+0000] {dagbag.py:588} INFO - Filling up the DagBag from /opt/airflow/dags/consumer_complaints_incremental_dag.py
[2026-07-18T04:50:46.695+0000] {processor.py:925} INFO - DAG(s) 'consumer_complaints_incremental_load' retrieved from /opt/airflow/dags/consumer_complaints_incremental_dag.py
[2026-07-18T04:50:46.722+0000] {logging_mixin.py:190} INFO - [2026-07-18T04:50:46.721+0000] {dag.py:3239} INFO - Sync 1 DAGs
[2026-07-18T04:50:46.745+0000] {logging_mixin.py:190} INFO - [2026-07-18T04:50:46.745+0000] {dag.py:4180} INFO - Setting next_dagrun for consumer_complaints_incremental_load to 2026-01-01 00:00:00+00:00, run_after=2026-01-02 00:00:00+00:00
[2026-07-18T04:50:46.775+0000] {processor.py:208} INFO - Processing /opt/airflow/dags/consumer_complaints_incremental_dag.py took 0.350 seconds
[2026-07-18T04:51:17.776+0000] {processor.py:186} INFO - Started process (PID=11513) to work on /opt/airflow/dags/consumer_complaints_incremental_dag.py
[2026-07-18T04:51:17.777+0000] {processor.py:914} INFO - Processing file /opt/airflow/dags/consumer_complaints_incremental_dag.py for tasks to queue
[2026-07-18T04:51:17.778+0000] {logging_mixin.py:190} INFO - [2026-07-18T04:51:17.778+0000] {dagbag.py:588} INFO - Filling up the DagBag from /opt/airflow/dags/consumer_complaints_incremental_dag.py
[2026-07-18T04:51:18.039+0000] {processor.py:925} INFO - DAG(s) 'consumer_complaints_incremental_load' retrieved from /opt/airflow/dags/consumer_complaints_incremental_dag.py
[2026-07-18T04:51:18.070+0000] {logging_mixin.py:190} INFO - [2026-07-18T04:51:18.070+0000] {dag.py:3239} INFO - Sync 1 DAGs
[2026-07-18T04:51:18.095+0000] {logging_mixin.py:190} INFO - [2026-07-18T04:51:18.095+0000] {dag.py:4180} INFO - Setting next_dagrun for consumer_complaints_incremental_load to 2026-01-01 00:00:00+00:00, run_after=2026-01-02 00:00:00+00:00
[2026-07-18T04:51:18.118+0000] {processor.py:208} INFO - Processing /opt/airflow/dags/consumer_complaints_incremental_dag.py took 0.347 seconds
[2026-07-18T04:51:48.374+0000] {processor.py:186} INFO - Started process (PID=11600) to work on /opt/airflow/dags/consumer_complaints_incremental_dag.py
[2026-07-18T04:51:48.375+0000] {processor.py:914} INFO - Processing file /opt/airflow/dags/consumer_complaints_incremental_dag.py for tasks to queue
[2026-07-18T04:51:48.377+0000] {logging_mixin.py:190} INFO - [2026-07-18T04:51:48.377+0000] {dagbag.py:588} INFO - Filling up the DagBag from /opt/airflow/dags/consumer_complaints_incremental_dag.py
[2026-07-18T04:51:48.649+0000] {processor.py:925} INFO - DAG(s) 'consumer_complaints_incremental_load' retrieved from /opt/airflow/dags/consumer_complaints_incremental_dag.py
[2026-07-18T04:51:48.676+0000] {logging_mixin.py:190} INFO - [2026-07-18T04:51:48.675+0000] {dag.py:3239} INFO - Sync 1 DAGs
[2026-07-18T04:51:48.699+0000] {logging_mixin.py:190} INFO - [2026-07-18T04:51:48.698+0000] {dag.py:4180} INFO - Setting next_dagrun for consumer_complaints_incremental_load to 2026-01-01 00:00:00+00:00, run_after=2026-01-02 00:00:00+00:00
[2026-07-18T04:51:48.725+0000] {processor.py:208} INFO - Processing /opt/airflow/dags/consumer_complaints_incremental_dag.py took 0.358 seconds
[2026-07-18T04:52:19.204+0000] {processor.py:186} INFO - Started process (PID=11689) to work on /opt/airflow/dags/consumer_complaints_incremental_dag.py
[2026-07-18T04:52:19.205+0000] {processor.py:914} INFO - Processing file /opt/airflow/dags/consumer_complaints_incremental_dag.py for tasks to queue
[2026-07-18T04:52:19.206+0000] {logging_mixin.py:190} INFO - [2026-07-18T04:52:19.206+0000] {dagbag.py:588} INFO - Filling up the DagBag from /opt/airflow/dags/consumer_complaints_incremental_dag.py
[2026-07-18T04:52:19.489+0000] {processor.py:925} INFO - DAG(s) 'consumer_complaints_incremental_load' retrieved from /opt/airflow/dags/consumer_complaints_incremental_dag.py
[2026-07-18T04:52:19.512+0000] {logging_mixin.py:190} INFO - [2026-07-18T04:52:19.511+0000] {dag.py:3239} INFO - Sync 1 DAGs
[2026-07-18T04:52:19.535+0000] {logging_mixin.py:190} INFO - [2026-07-18T04:52:19.535+0000] {dag.py:4180} INFO - Setting next_dagrun for consumer_complaints_incremental_load to 2026-01-01 00:00:00+00:00, run_after=2026-01-02 00:00:00+00:00
[2026-07-18T04:52:19.553+0000] {processor.py:208} INFO - Processing /opt/airflow/dags/consumer_complaints_incremental_dag.py took 0.355 seconds
[2026-07-18T04:52:49.699+0000] {processor.py:186} INFO - Started process (PID=11756) to work on /opt/airflow/dags/consumer_complaints_incremental_dag.py
[2026-07-18T04:52:49.700+0000] {processor.py:914} INFO - Processing file /opt/airflow/dags/consumer_complaints_incremental_dag.py for tasks to queue
[2026-07-18T04:52:49.701+0000] {logging_mixin.py:190} INFO - [2026-07-18T04:52:49.701+0000] {dagbag.py:588} INFO - Filling up the DagBag from /opt/airflow/dags/consumer_complaints_incremental_dag.py
[2026-07-18T04:52:49.955+0000] {processor.py:925} INFO - DAG(s) 'consumer_complaints_incremental_load' retrieved from /opt/airflow/dags/consumer_complaints_incremental_dag.py
[2026-07-18T04:52:49.986+0000] {logging_mixin.py:190} INFO - [2026-07-18T04:52:49.986+0000] {dag.py:3239} INFO - Sync 1 DAGs
[2026-07-18T04:52:50.011+0000] {logging_mixin.py:190} INFO - [2026-07-18T04:52:50.010+0000] {dag.py:4180} INFO - Setting next_dagrun for consumer_complaints_incremental_load to 2026-01-01 00:00:00+00:00, run_after=2026-01-02 00:00:00+00:00
[2026-07-18T04:52:50.038+0000] {processor.py:208} INFO - Processing /opt/airflow/dags/consumer_complaints_incremental_dag.py took 0.346 seconds
[2026-07-18T04:53:20.545+0000] {processor.py:186} INFO - Started process (PID=11845) to work on /opt/airflow/dags/consumer_complaints_incremental_dag.py
[2026-07-18T04:53:20.547+0000] {processor.py:914} INFO - Processing file /opt/airflow/dags/consumer_complaints_incremental_dag.py for tasks to queue
[2026-07-18T04:53:20.548+0000] {logging_mixin.py:190} INFO - [2026-07-18T04:53:20.548+0000] {dagbag.py:588} INFO - Filling up the DagBag from /opt/airflow/dags/consumer_complaints_incremental_dag.py
[2026-07-18T04:53:20.829+0000] {processor.py:925} INFO - DAG(s) 'consumer_complaints_incremental_load' retrieved from /opt/airflow/dags/consumer_complaints_incremental_dag.py
[2026-07-18T04:53:20.862+0000] {logging_mixin.py:190} INFO - [2026-07-18T04:53:20.861+0000] {dag.py:3239} INFO - Sync 1 DAGs
[2026-07-18T04:53:20.885+0000] {logging_mixin.py:190} INFO - [2026-07-18T04:53:20.885+0000] {dag.py:4180} INFO - Setting next_dagrun for consumer_complaints_incremental_load to 2026-01-01 00:00:00+00:00, run_after=2026-01-02 00:00:00+00:00
[2026-07-18T04:53:20.907+0000] {processor.py:208} INFO - Processing /opt/airflow/dags/consumer_complaints_incremental_dag.py took 0.373 seconds
[2026-07-18T04:53:50.985+0000] {processor.py:186} INFO - Started process (PID=11929) to work on /opt/airflow/dags/consumer_complaints_incremental_dag.py
[2026-07-18T04:53:50.986+0000] {processor.py:914} INFO - Processing file /opt/airflow/dags/consumer_complaints_incremental_dag.py for tasks to queue
[2026-07-18T04:53:50.988+0000] {logging_mixin.py:190} INFO - [2026-07-18T04:53:50.988+0000] {dagbag.py:588} INFO - Filling up the DagBag from /opt/airflow/dags/consumer_complaints_incremental_dag.py
[2026-07-18T04:53:51.242+0000] {processor.py:925} INFO - DAG(s) 'consumer_complaints_incremental_load' retrieved from /opt/airflow/dags/consumer_complaints_incremental_dag.py
[2026-07-18T04:53:51.269+0000] {logging_mixin.py:190} INFO - [2026-07-18T04:53:51.268+0000] {dag.py:3239} INFO - Sync 1 DAGs
[2026-07-18T04:53:51.290+0000] {logging_mixin.py:190} INFO - [2026-07-18T04:53:51.290+0000] {dag.py:4180} INFO - Setting next_dagrun for consumer_complaints_incremental_load to 2026-01-01 00:00:00+00:00, run_after=2026-01-02 00:00:00+00:00
[2026-07-18T04:53:51.313+0000] {processor.py:208} INFO - Processing /opt/airflow/dags/consumer_complaints_incremental_dag.py took 0.334 seconds
[2026-07-18T04:54:21.799+0000] {processor.py:186} INFO - Started process (PID=12015) to work on /opt/airflow/dags/consumer_complaints_incremental_dag.py
[2026-07-18T04:54:21.800+0000] {processor.py:914} INFO - Processing file /opt/airflow/dags/consumer_complaints_incremental_dag.py for tasks to queue
[2026-07-18T04:54:21.802+0000] {logging_mixin.py:190} INFO - [2026-07-18T04:54:21.801+0000] {dagbag.py:588} INFO - Filling up the DagBag from /opt/airflow/dags/consumer_complaints_incremental_dag.py
[2026-07-18T04:54:22.050+0000] {processor.py:925} INFO - DAG(s) 'consumer_complaints_incremental_load' retrieved from /opt/airflow/dags/consumer_complaints_incremental_dag.py
[2026-07-18T04:54:22.077+0000] {logging_mixin.py:190} INFO - [2026-07-18T04:54:22.077+0000] {dag.py:3239} INFO - Sync 1 DAGs
[2026-07-18T04:54:22.097+0000] {logging_mixin.py:190} INFO - [2026-07-18T04:54:22.097+0000] {dag.py:4180} INFO - Setting next_dagrun for consumer_complaints_incremental_load to 2026-01-01 00:00:00+00:00, run_after=2026-01-02 00:00:00+00:00
[2026-07-18T04:54:22.119+0000] {processor.py:208} INFO - Processing /opt/airflow/dags/consumer_complaints_incremental_dag.py took 0.325 seconds
[2026-07-18T04:54:52.296+0000] {processor.py:186} INFO - Started process (PID=12104) to work on /opt/airflow/dags/consumer_complaints_incremental_dag.py
[2026-07-18T04:54:52.297+0000] {processor.py:914} INFO - Processing file /opt/airflow/dags/consumer_complaints_incremental_dag.py for tasks to queue
[2026-07-18T04:54:52.298+0000] {logging_mixin.py:190} INFO - [2026-07-18T04:54:52.298+0000] {dagbag.py:588} INFO - Filling up the DagBag from /opt/airflow/dags/consumer_complaints_incremental_dag.py
[2026-07-18T04:54:52.545+0000] {processor.py:925} INFO - DAG(s) 'consumer_complaints_incremental_load' retrieved from /opt/airflow/dags/consumer_complaints_incremental_dag.py
[2026-07-18T04:54:52.568+0000] {logging_mixin.py:190} INFO - [2026-07-18T04:54:52.568+0000] {dag.py:3239} INFO - Sync 1 DAGs
[2026-07-18T04:54:52.590+0000] {logging_mixin.py:190} INFO - [2026-07-18T04:54:52.590+0000] {dag.py:4180} INFO - Setting next_dagrun for consumer_complaints_incremental_load to 2026-01-01 00:00:00+00:00, run_after=2026-01-02 00:00:00+00:00
[2026-07-18T04:54:52.610+0000] {processor.py:208} INFO - Processing /opt/airflow/dags/consumer_complaints_incremental_dag.py took 0.319 seconds
[2026-07-18T04:55:24.324+0000] {processor.py:186} INFO - Started process (PID=12208) to work on /opt/airflow/dags/consumer_complaints_incremental_dag.py
[2026-07-18T04:55:24.325+0000] {processor.py:914} INFO - Processing file /opt/airflow/dags/consumer_complaints_incremental_dag.py for tasks to queue
[2026-07-18T04:55:24.327+0000] {logging_mixin.py:190} INFO - [2026-07-18T04:55:24.327+0000] {dagbag.py:588} INFO - Filling up the DagBag from /opt/airflow/dags/consumer_complaints_incremental_dag.py
[2026-07-18T04:55:24.633+0000] {processor.py:925} INFO - DAG(s) 'consumer_complaints_incremental_load' retrieved from /opt/airflow/dags/consumer_complaints_incremental_dag.py
[2026-07-18T04:55:24.658+0000] {logging_mixin.py:190} INFO - [2026-07-18T04:55:24.658+0000] {dag.py:3239} INFO - Sync 1 DAGs
[2026-07-18T04:55:24.684+0000] {logging_mixin.py:190} INFO - [2026-07-18T04:55:24.684+0000] {dag.py:4180} INFO - Setting next_dagrun for consumer_complaints_incremental_load to 2026-01-01 00:00:00+00:00, run_after=2026-01-02 00:00:00+00:00
[2026-07-18T04:55:24.708+0000] {processor.py:208} INFO - Processing /opt/airflow/dags/consumer_complaints_incremental_dag.py took 0.393 seconds
[2026-07-18T04:55:56.533+0000] {processor.py:186} INFO - Started process (PID=12297) to work on /opt/airflow/dags/consumer_complaints_incremental_dag.py
[2026-07-18T04:55:56.534+0000] {processor.py:914} INFO - Processing file /opt/airflow/dags/consumer_complaints_incremental_dag.py for tasks to queue
[2026-07-18T04:55:56.535+0000] {logging_mixin.py:190} INFO - [2026-07-18T04:55:56.535+0000] {dagbag.py:588} INFO - Filling up the DagBag from /opt/airflow/dags/consumer_complaints_incremental_dag.py
[2026-07-18T04:55:56.801+0000] {processor.py:925} INFO - DAG(s) 'consumer_complaints_incremental_load' retrieved from /opt/airflow/dags/consumer_complaints_incremental_dag.py
[2026-07-18T04:55:56.825+0000] {logging_mixin.py:190} INFO - [2026-07-18T04:55:56.825+0000] {dag.py:3239} INFO - Sync 1 DAGs
[2026-07-18T04:55:56.846+0000] {logging_mixin.py:190} INFO - [2026-07-18T04:55:56.846+0000] {dag.py:4180} INFO - Setting next_dagrun for consumer_complaints_incremental_load to 2026-01-01 00:00:00+00:00, run_after=2026-01-02 00:00:00+00:00
[2026-07-18T04:55:56.868+0000] {processor.py:208} INFO - Processing /opt/airflow/dags/consumer_complaints_incremental_dag.py took 0.342 seconds
[2026-07-18T04:56:27.137+0000] {processor.py:186} INFO - Started process (PID=12383) to work on /opt/airflow/dags/consumer_complaints_incremental_dag.py
[2026-07-18T04:56:27.139+0000] {processor.py:914} INFO - Processing file /opt/airflow/dags/consumer_complaints_incremental_dag.py for tasks to queue
[2026-07-18T04:56:27.140+0000] {logging_mixin.py:190} INFO - [2026-07-18T04:56:27.140+0000] {dagbag.py:588} INFO - Filling up the DagBag from /opt/airflow/dags/consumer_complaints_incremental_dag.py
[2026-07-18T04:56:27.388+0000] {processor.py:925} INFO - DAG(s) 'consumer_complaints_incremental_load' retrieved from /opt/airflow/dags/consumer_complaints_incremental_dag.py
[2026-07-18T04:56:27.416+0000] {logging_mixin.py:190} INFO - [2026-07-18T04:56:27.415+0000] {dag.py:3239} INFO - Sync 1 DAGs
[2026-07-18T04:56:27.440+0000] {logging_mixin.py:190} INFO - [2026-07-18T04:56:27.440+0000] {dag.py:4180} INFO - Setting next_dagrun for consumer_complaints_incremental_load to 2026-01-01 00:00:00+00:00, run_after=2026-01-02 00:00:00+00:00
[2026-07-18T04:56:27.468+0000] {processor.py:208} INFO - Processing /opt/airflow/dags/consumer_complaints_incremental_dag.py took 0.336 seconds
[2026-07-18T04:56:57.558+0000] {processor.py:186} INFO - Started process (PID=12470) to work on /opt/airflow/dags/consumer_complaints_incremental_dag.py
[2026-07-18T04:56:57.559+0000] {processor.py:914} INFO - Processing file /opt/airflow/dags/consumer_complaints_incremental_dag.py for tasks to queue
[2026-07-18T04:56:57.563+0000] {logging_mixin.py:190} INFO - [2026-07-18T04:56:57.561+0000] {dagbag.py:588} INFO - Filling up the DagBag from /opt/airflow/dags/consumer_complaints_incremental_dag.py
[2026-07-18T04:56:57.824+0000] {processor.py:925} INFO - DAG(s) 'consumer_complaints_incremental_load' retrieved from /opt/airflow/dags/consumer_complaints_incremental_dag.py
[2026-07-18T04:56:57.849+0000] {logging_mixin.py:190} INFO - [2026-07-18T04:56:57.849+0000] {dag.py:3239} INFO - Sync 1 DAGs
[2026-07-18T04:56:57.869+0000] {logging_mixin.py:190} INFO - [2026-07-18T04:56:57.869+0000] {dag.py:4180} INFO - Setting next_dagrun for consumer_complaints_incremental_load to 2026-01-01 00:00:00+00:00, run_after=2026-01-02 00:00:00+00:00
[2026-07-18T04:56:57.891+0000] {processor.py:208} INFO - Processing /opt/airflow/dags/consumer_complaints_incremental_dag.py took 0.338 seconds
[2026-07-18T04:57:29.038+0000] {processor.py:186} INFO - Started process (PID=12559) to work on /opt/airflow/dags/consumer_complaints_incremental_dag.py
[2026-07-18T04:57:29.039+0000] {processor.py:914} INFO - Processing file /opt/airflow/dags/consumer_complaints_incremental_dag.py for tasks to queue
[2026-07-18T04:57:29.041+0000] {logging_mixin.py:190} INFO - [2026-07-18T04:57:29.040+0000] {dagbag.py:588} INFO - Filling up the DagBag from /opt/airflow/dags/consumer_complaints_incremental_dag.py
[2026-07-18T04:57:29.283+0000] {processor.py:925} INFO - DAG(s) 'consumer_complaints_incremental_load' retrieved from /opt/airflow/dags/consumer_complaints_incremental_dag.py
[2026-07-18T04:57:29.307+0000] {logging_mixin.py:190} INFO - [2026-07-18T04:57:29.306+0000] {dag.py:3239} INFO - Sync 1 DAGs
[2026-07-18T04:57:29.327+0000] {logging_mixin.py:190} INFO - [2026-07-18T04:57:29.326+0000] {dag.py:4180} INFO - Setting next_dagrun for consumer_complaints_incremental_load to 2026-01-01 00:00:00+00:00, run_after=2026-01-02 00:00:00+00:00
[2026-07-18T04:57:29.346+0000] {processor.py:208} INFO - Processing /opt/airflow/dags/consumer_complaints_incremental_dag.py took 0.314 seconds
[2026-07-18T04:58:00.274+0000] {processor.py:186} INFO - Started process (PID=12648) to work on /opt/airflow/dags/consumer_complaints_incremental_dag.py
[2026-07-18T04:58:00.275+0000] {processor.py:914} INFO - Processing file /opt/airflow/dags/consumer_complaints_incremental_dag.py for tasks to queue
[2026-07-18T04:58:00.277+0000] {logging_mixin.py:190} INFO - [2026-07-18T04:58:00.276+0000] {dagbag.py:588} INFO - Filling up the DagBag from /opt/airflow/dags/consumer_complaints_incremental_dag.py
[2026-07-18T04:58:00.536+0000] {processor.py:925} INFO - DAG(s) 'consumer_complaints_incremental_load' retrieved from /opt/airflow/dags/consumer_complaints_incremental_dag.py
[2026-07-18T04:58:00.562+0000] {logging_mixin.py:190} INFO - [2026-07-18T04:58:00.561+0000] {dag.py:3239} INFO - Sync 1 DAGs
[2026-07-18T04:58:00.582+0000] {logging_mixin.py:190} INFO - [2026-07-18T04:58:00.581+0000] {dag.py:4180} INFO - Setting next_dagrun for consumer_complaints_incremental_load to 2026-01-01 00:00:00+00:00, run_after=2026-01-02 00:00:00+00:00
[2026-07-18T04:58:00.738+0000] {processor.py:208} INFO - Processing /opt/airflow/dags/consumer_complaints_incremental_dag.py took 0.471 seconds
[2026-07-18T04:58:31.701+0000] {processor.py:186} INFO - Started process (PID=12734) to work on /opt/airflow/dags/consumer_complaints_incremental_dag.py
[2026-07-18T04:58:31.702+0000] {processor.py:914} INFO - Processing file /opt/airflow/dags/consumer_complaints_incremental_dag.py for tasks to queue
[2026-07-18T04:58:31.704+0000] {logging_mixin.py:190} INFO - [2026-07-18T04:58:31.703+0000] {dagbag.py:588} INFO - Filling up the DagBag from /opt/airflow/dags/consumer_complaints_incremental_dag.py
[2026-07-18T04:58:31.943+0000] {processor.py:925} INFO - DAG(s) 'consumer_complaints_incremental_load' retrieved from /opt/airflow/dags/consumer_complaints_incremental_dag.py
[2026-07-18T04:58:31.969+0000] {logging_mixin.py:190} INFO - [2026-07-18T04:58:31.969+0000] {dag.py:3239} INFO - Sync 1 DAGs
[2026-07-18T04:58:32.128+0000] {logging_mixin.py:190} INFO - [2026-07-18T04:58:32.128+0000] {dag.py:4180} INFO - Setting next_dagrun for consumer_complaints_incremental_load to 2026-01-01 00:00:00+00:00, run_after=2026-01-02 00:00:00+00:00
[2026-07-18T04:58:32.152+0000] {processor.py:208} INFO - Processing /opt/airflow/dags/consumer_complaints_incremental_dag.py took 0.456 seconds
[2026-07-18T04:59:02.236+0000] {processor.py:186} INFO - Started process (PID=12823) to work on /opt/airflow/dags/consumer_complaints_incremental_dag.py
[2026-07-18T04:59:02.237+0000] {processor.py:914} INFO - Processing file /opt/airflow/dags/consumer_complaints_incremental_dag.py for tasks to queue
[2026-07-18T04:59:02.239+0000] {logging_mixin.py:190} INFO - [2026-07-18T04:59:02.239+0000] {dagbag.py:588} INFO - Filling up the DagBag from /opt/airflow/dags/consumer_complaints_incremental_dag.py
[2026-07-18T04:59:02.493+0000] {processor.py:925} INFO - DAG(s) 'consumer_complaints_incremental_load' retrieved from /opt/airflow/dags/consumer_complaints_incremental_dag.py
[2026-07-18T04:59:02.522+0000] {logging_mixin.py:190} INFO - [2026-07-18T04:59:02.521+0000] {dag.py:3239} INFO - Sync 1 DAGs
[2026-07-18T04:59:02.675+0000] {logging_mixin.py:190} INFO - [2026-07-18T04:59:02.674+0000] {dag.py:4180} INFO - Setting next_dagrun for consumer_complaints_incremental_load to 2026-01-01 00:00:00+00:00, run_after=2026-01-02 00:00:00+00:00
[2026-07-18T04:59:02.698+0000] {processor.py:208} INFO - Processing /opt/airflow/dags/consumer_complaints_incremental_dag.py took 0.468 seconds
[2026-07-18T04:59:33.656+0000] {processor.py:186} INFO - Started process (PID=12910) to work on /opt/airflow/dags/consumer_complaints_incremental_dag.py
[2026-07-18T04:59:33.657+0000] {processor.py:914} INFO - Processing file /opt/airflow/dags/consumer_complaints_incremental_dag.py for tasks to queue
[2026-07-18T04:59:33.658+0000] {logging_mixin.py:190} INFO - [2026-07-18T04:59:33.658+0000] {dagbag.py:588} INFO - Filling up the DagBag from /opt/airflow/dags/consumer_complaints_incremental_dag.py
[2026-07-18T04:59:33.906+0000] {processor.py:925} INFO - DAG(s) 'consumer_complaints_incremental_load' retrieved from /opt/airflow/dags/consumer_complaints_incremental_dag.py
[2026-07-18T04:59:33.933+0000] {logging_mixin.py:190} INFO - [2026-07-18T04:59:33.932+0000] {dag.py:3239} INFO - Sync 1 DAGs
[2026-07-18T04:59:34.091+0000] {logging_mixin.py:190} INFO - [2026-07-18T04:59:34.091+0000] {dag.py:4180} INFO - Setting next_dagrun for consumer_complaints_incremental_load to 2026-01-01 00:00:00+00:00, run_after=2026-01-02 00:00:00+00:00
[2026-07-18T04:59:34.110+0000] {processor.py:208} INFO - Processing /opt/airflow/dags/consumer_complaints_incremental_dag.py took 0.460 seconds
[2026-07-18T05:00:04.525+0000] {processor.py:186} INFO - Started process (PID=12996) to work on /opt/airflow/dags/consumer_complaints_incremental_dag.py
[2026-07-18T05:00:04.527+0000] {processor.py:914} INFO - Processing file /opt/airflow/dags/consumer_complaints_incremental_dag.py for tasks to queue
[2026-07-18T05:00:04.528+0000] {logging_mixin.py:190} INFO - [2026-07-18T05:00:04.528+0000] {dagbag.py:588} INFO - Filling up the DagBag from /opt/airflow/dags/consumer_complaints_incremental_dag.py
[2026-07-18T05:00:04.801+0000] {processor.py:925} INFO - DAG(s) 'consumer_complaints_incremental_load' retrieved from /opt/airflow/dags/consumer_complaints_incremental_dag.py
[2026-07-18T05:00:04.957+0000] {logging_mixin.py:190} INFO - [2026-07-18T05:00:04.957+0000] {dag.py:3239} INFO - Sync 1 DAGs
[2026-07-18T05:00:04.976+0000] {logging_mixin.py:190} INFO - [2026-07-18T05:00:04.976+0000] {dag.py:4180} INFO - Setting next_dagrun for consumer_complaints_incremental_load to 2026-01-01 00:00:00+00:00, run_after=2026-01-02 00:00:00+00:00
[2026-07-18T05:00:04.997+0000] {processor.py:208} INFO - Processing /opt/airflow/dags/consumer_complaints_incremental_dag.py took 0.478 seconds
[2026-07-18T05:00:35.121+0000] {processor.py:186} INFO - Started process (PID=13085) to work on /opt/airflow/dags/consumer_complaints_incremental_dag.py
[2026-07-18T05:00:35.122+0000] {processor.py:914} INFO - Processing file /opt/airflow/dags/consumer_complaints_incremental_dag.py for tasks to queue
[2026-07-18T05:00:35.124+0000] {logging_mixin.py:190} INFO - [2026-07-18T05:00:35.123+0000] {dagbag.py:588} INFO - Filling up the DagBag from /opt/airflow/dags/consumer_complaints_incremental_dag.py
[2026-07-18T05:00:35.530+0000] {processor.py:925} INFO - DAG(s) 'consumer_complaints_incremental_load' retrieved from /opt/airflow/dags/consumer_complaints_incremental_dag.py
[2026-07-18T05:00:35.553+0000] {logging_mixin.py:190} INFO - [2026-07-18T05:00:35.553+0000] {dag.py:3239} INFO - Sync 1 DAGs
[2026-07-18T05:00:35.572+0000] {logging_mixin.py:190} INFO - [2026-07-18T05:00:35.572+0000] {dag.py:4180} INFO - Setting next_dagrun for consumer_complaints_incremental_load to 2026-01-01 00:00:00+00:00, run_after=2026-01-02 00:00:00+00:00
[2026-07-18T05:00:35.595+0000] {processor.py:208} INFO - Processing /opt/airflow/dags/consumer_complaints_incremental_dag.py took 0.479 seconds
[2026-07-18T05:01:05.925+0000] {processor.py:186} INFO - Started process (PID=13172) to work on /opt/airflow/dags/consumer_complaints_incremental_dag.py
[2026-07-18T05:01:05.926+0000] {processor.py:914} INFO - Processing file /opt/airflow/dags/consumer_complaints_incremental_dag.py for tasks to queue
[2026-07-18T05:01:05.927+0000] {logging_mixin.py:190} INFO - [2026-07-18T05:01:05.927+0000] {dagbag.py:588} INFO - Filling up the DagBag from /opt/airflow/dags/consumer_complaints_incremental_dag.py
[2026-07-18T05:01:06.348+0000] {processor.py:925} INFO - DAG(s) 'consumer_complaints_incremental_load' retrieved from /opt/airflow/dags/consumer_complaints_incremental_dag.py
[2026-07-18T05:01:06.369+0000] {logging_mixin.py:190} INFO - [2026-07-18T05:01:06.369+0000] {dag.py:3239} INFO - Sync 1 DAGs
[2026-07-18T05:01:06.391+0000] {logging_mixin.py:190} INFO - [2026-07-18T05:01:06.391+0000] {dag.py:4180} INFO - Setting next_dagrun for consumer_complaints_incremental_load to 2026-01-01 00:00:00+00:00, run_after=2026-01-02 00:00:00+00:00
[2026-07-18T05:01:06.417+0000] {processor.py:208} INFO - Processing /opt/airflow/dags/consumer_complaints_incremental_dag.py took 0.497 seconds
[2026-07-18T05:01:37.152+0000] {processor.py:186} INFO - Started process (PID=13261) to work on /opt/airflow/dags/consumer_complaints_incremental_dag.py
[2026-07-18T05:01:37.153+0000] {processor.py:914} INFO - Processing file /opt/airflow/dags/consumer_complaints_incremental_dag.py for tasks to queue
[2026-07-18T05:01:37.154+0000] {logging_mixin.py:190} INFO - [2026-07-18T05:01:37.154+0000] {dagbag.py:588} INFO - Filling up the DagBag from /opt/airflow/dags/consumer_complaints_incremental_dag.py
[2026-07-18T05:01:37.585+0000] {processor.py:925} INFO - DAG(s) 'consumer_complaints_incremental_load' retrieved from /opt/airflow/dags/consumer_complaints_incremental_dag.py
[2026-07-18T05:01:37.606+0000] {logging_mixin.py:190} INFO - [2026-07-18T05:01:37.606+0000] {dag.py:3239} INFO - Sync 1 DAGs
[2026-07-18T05:01:37.627+0000] {logging_mixin.py:190} INFO - [2026-07-18T05:01:37.627+0000] {dag.py:4180} INFO - Setting next_dagrun for consumer_complaints_incremental_load to 2026-01-01 00:00:00+00:00, run_after=2026-01-02 00:00:00+00:00
[2026-07-18T05:01:37.644+0000] {processor.py:208} INFO - Processing /opt/airflow/dags/consumer_complaints_incremental_dag.py took 0.501 seconds
[2026-07-18T05:02:07.851+0000] {processor.py:186} INFO - Started process (PID=13347) to work on /opt/airflow/dags/consumer_complaints_incremental_dag.py
[2026-07-18T05:02:07.852+0000] {processor.py:914} INFO - Processing file /opt/airflow/dags/consumer_complaints_incremental_dag.py for tasks to queue
[2026-07-18T05:02:07.853+0000] {logging_mixin.py:190} INFO - [2026-07-18T05:02:07.853+0000] {dagbag.py:588} INFO - Filling up the DagBag from /opt/airflow/dags/consumer_complaints_incremental_dag.py
[2026-07-18T05:02:08.191+0000] {processor.py:925} INFO - DAG(s) 'consumer_complaints_incremental_load' retrieved from /opt/airflow/dags/consumer_complaints_incremental_dag.py
[2026-07-18T05:02:08.209+0000] {logging_mixin.py:190} INFO - [2026-07-18T05:02:08.209+0000] {dag.py:3239} INFO - Sync 1 DAGs
[2026-07-18T05:02:08.228+0000] {logging_mixin.py:190} INFO - [2026-07-18T05:02:08.227+0000] {dag.py:4180} INFO - Setting next_dagrun for consumer_complaints_incremental_load to 2026-01-01 00:00:00+00:00, run_after=2026-01-02 00:00:00+00:00
[2026-07-18T05:02:08.247+0000] {processor.py:208} INFO - Processing /opt/airflow/dags/consumer_complaints_incremental_dag.py took 0.401 seconds
[2026-07-18T05:02:38.545+0000] {processor.py:186} INFO - Started process (PID=13436) to work on /opt/airflow/dags/consumer_complaints_incremental_dag.py
[2026-07-18T05:02:38.546+0000] {processor.py:914} INFO - Processing file /opt/airflow/dags/consumer_complaints_incremental_dag.py for tasks to queue
[2026-07-18T05:02:38.547+0000] {logging_mixin.py:190} INFO - [2026-07-18T05:02:38.547+0000] {dagbag.py:588} INFO - Filling up the DagBag from /opt/airflow/dags/consumer_complaints_incremental_dag.py
[2026-07-18T05:02:38.925+0000] {processor.py:925} INFO - DAG(s) 'consumer_complaints_incremental_load' retrieved from /opt/airflow/dags/consumer_complaints_incremental_dag.py
[2026-07-18T05:02:38.946+0000] {logging_mixin.py:190} INFO - [2026-07-18T05:02:38.946+0000] {dag.py:3239} INFO - Sync 1 DAGs
[2026-07-18T05:02:38.964+0000] {logging_mixin.py:190} INFO - [2026-07-18T05:02:38.963+0000] {dag.py:4180} INFO - Setting next_dagrun for consumer_complaints_incremental_load to 2026-01-01 00:00:00+00:00, run_after=2026-01-02 00:00:00+00:00
[2026-07-18T05:02:38.982+0000] {processor.py:208} INFO - Processing /opt/airflow/dags/consumer_complaints_incremental_dag.py took 0.443 seconds
[2026-07-18T05:03:09.144+0000] {processor.py:186} INFO - Started process (PID=13525) to work on /opt/airflow/dags/consumer_complaints_incremental_dag.py
[2026-07-18T05:03:09.145+0000] {processor.py:914} INFO - Processing file /opt/airflow/dags/consumer_complaints_incremental_dag.py for tasks to queue
[2026-07-18T05:03:09.146+0000] {logging_mixin.py:190} INFO - [2026-07-18T05:03:09.146+0000] {dagbag.py:588} INFO - Filling up the DagBag from /opt/airflow/dags/consumer_complaints_incremental_dag.py
[2026-07-18T05:03:09.526+0000] {processor.py:925} INFO - DAG(s) 'consumer_complaints_incremental_load' retrieved from /opt/airflow/dags/consumer_complaints_incremental_dag.py
[2026-07-18T05:03:09.546+0000] {logging_mixin.py:190} INFO - [2026-07-18T05:03:09.545+0000] {dag.py:3239} INFO - Sync 1 DAGs
[2026-07-18T05:03:09.566+0000] {logging_mixin.py:190} INFO - [2026-07-18T05:03:09.566+0000] {dag.py:4180} INFO - Setting next_dagrun for consumer_complaints_incremental_load to 2026-01-01 00:00:00+00:00, run_after=2026-01-02 00:00:00+00:00
[2026-07-18T05:03:09.584+0000] {processor.py:208} INFO - Processing /opt/airflow/dags/consumer_complaints_incremental_dag.py took 0.445 seconds
[2026-07-18T05:03:39.775+0000] {processor.py:186} INFO - Started process (PID=13612) to work on /opt/airflow/dags/consumer_complaints_incremental_dag.py
[2026-07-18T05:03:39.776+0000] {processor.py:914} INFO - Processing file /opt/airflow/dags/consumer_complaints_incremental_dag.py for tasks to queue
[2026-07-18T05:03:39.777+0000] {logging_mixin.py:190} INFO - [2026-07-18T05:03:39.777+0000] {dagbag.py:588} INFO - Filling up the DagBag from /opt/airflow/dags/consumer_complaints_incremental_dag.py
[2026-07-18T05:03:40.134+0000] {processor.py:925} INFO - DAG(s) 'consumer_complaints_incremental_load' retrieved from /opt/airflow/dags/consumer_complaints_incremental_dag.py
[2026-07-18T05:03:40.155+0000] {logging_mixin.py:190} INFO - [2026-07-18T05:03:40.154+0000] {dag.py:3239} INFO - Sync 1 DAGs
[2026-07-18T05:03:40.174+0000] {logging_mixin.py:190} INFO - [2026-07-18T05:03:40.174+0000] {dag.py:4180} INFO - Setting next_dagrun for consumer_complaints_incremental_load to 2026-01-01 00:00:00+00:00, run_after=2026-01-02 00:00:00+00:00
[2026-07-18T05:03:40.190+0000] {processor.py:208} INFO - Processing /opt/airflow/dags/consumer_complaints_incremental_dag.py took 0.420 seconds
[2026-07-18T05:04:10.599+0000] {processor.py:186} INFO - Started process (PID=13698) to work on /opt/airflow/dags/consumer_complaints_incremental_dag.py
[2026-07-18T05:04:10.600+0000] {processor.py:914} INFO - Processing file /opt/airflow/dags/consumer_complaints_incremental_dag.py for tasks to queue
[2026-07-18T05:04:10.601+0000] {logging_mixin.py:190} INFO - [2026-07-18T05:04:10.601+0000] {dagbag.py:588} INFO - Filling up the DagBag from /opt/airflow/dags/consumer_complaints_incremental_dag.py
[2026-07-18T05:04:10.956+0000] {processor.py:925} INFO - DAG(s) 'consumer_complaints_incremental_load' retrieved from /opt/airflow/dags/consumer_complaints_incremental_dag.py
[2026-07-18T05:04:10.974+0000] {logging_mixin.py:190} INFO - [2026-07-18T05:04:10.974+0000] {dag.py:3239} INFO - Sync 1 DAGs
[2026-07-18T05:04:10.992+0000] {logging_mixin.py:190} INFO - [2026-07-18T05:04:10.991+0000] {dag.py:4180} INFO - Setting next_dagrun for consumer_complaints_incremental_load to 2026-01-01 00:00:00+00:00, run_after=2026-01-02 00:00:00+00:00
[2026-07-18T05:04:11.014+0000] {processor.py:208} INFO - Processing /opt/airflow/dags/consumer_complaints_incremental_dag.py took 0.420 seconds
[2026-07-18T05:04:41.103+0000] {processor.py:186} INFO - Started process (PID=13773) to work on /opt/airflow/dags/consumer_complaints_incremental_dag.py
[2026-07-18T05:04:41.104+0000] {processor.py:914} INFO - Processing file /opt/airflow/dags/consumer_complaints_incremental_dag.py for tasks to queue
[2026-07-18T05:04:41.105+0000] {logging_mixin.py:190} INFO - [2026-07-18T05:04:41.105+0000] {dagbag.py:588} INFO - Filling up the DagBag from /opt/airflow/dags/consumer_complaints_incremental_dag.py
[2026-07-18T05:04:41.480+0000] {processor.py:925} INFO - DAG(s) 'consumer_complaints_incremental_load' retrieved from /opt/airflow/dags/consumer_complaints_incremental_dag.py
[2026-07-18T05:04:41.505+0000] {logging_mixin.py:190} INFO - [2026-07-18T05:04:41.505+0000] {dag.py:3239} INFO - Sync 1 DAGs
[2026-07-18T05:04:41.525+0000] {logging_mixin.py:190} INFO - [2026-07-18T05:04:41.525+0000] {dag.py:4180} INFO - Setting next_dagrun for consumer_complaints_incremental_load to 2026-01-01 00:00:00+00:00, run_after=2026-01-02 00:00:00+00:00
[2026-07-18T05:04:41.546+0000] {processor.py:208} INFO - Processing /opt/airflow/dags/consumer_complaints_incremental_dag.py took 0.449 seconds
[2026-07-18T07:37:30.056+0000] {processor.py:186} INFO - Started process (PID=226) to work on /opt/airflow/dags/consumer_complaints_incremental_dag.py
[2026-07-18T07:37:30.058+0000] {processor.py:914} INFO - Processing file /opt/airflow/dags/consumer_complaints_incremental_dag.py for tasks to queue
[2026-07-18T07:37:30.061+0000] {logging_mixin.py:190} INFO - [2026-07-18T07:37:30.061+0000] {dagbag.py:588} INFO - Filling up the DagBag from /opt/airflow/dags/consumer_complaints_incremental_dag.py
[2026-07-18T07:37:31.386+0000] {processor.py:925} INFO - DAG(s) 'consumer_complaints_incremental_load' retrieved from /opt/airflow/dags/consumer_complaints_incremental_dag.py
[2026-07-18T07:37:31.419+0000] {logging_mixin.py:190} INFO - [2026-07-18T07:37:31.419+0000] {dag.py:3239} INFO - Sync 1 DAGs
[2026-07-18T07:37:31.449+0000] {logging_mixin.py:190} INFO - [2026-07-18T07:37:31.448+0000] {dag.py:4180} INFO - Setting next_dagrun for consumer_complaints_incremental_load to 2026-01-01 00:00:00+00:00, run_after=2026-01-02 00:00:00+00:00
[2026-07-18T07:37:31.475+0000] {processor.py:208} INFO - Processing /opt/airflow/dags/consumer_complaints_incremental_dag.py took 1.424 seconds
[2026-07-18T07:38:01.633+0000] {processor.py:186} INFO - Started process (PID=312) to work on /opt/airflow/dags/consumer_complaints_incremental_dag.py
[2026-07-18T07:38:01.634+0000] {processor.py:914} INFO - Processing file /opt/airflow/dags/consumer_complaints_incremental_dag.py for tasks to queue
[2026-07-18T07:38:01.636+0000] {logging_mixin.py:190} INFO - [2026-07-18T07:38:01.636+0000] {dagbag.py:588} INFO - Filling up the DagBag from /opt/airflow/dags/consumer_complaints_incremental_dag.py
[2026-07-18T07:38:01.911+0000] {processor.py:925} INFO - DAG(s) 'consumer_complaints_incremental_load' retrieved from /opt/airflow/dags/consumer_complaints_incremental_dag.py
[2026-07-18T07:38:01.937+0000] {logging_mixin.py:190} INFO - [2026-07-18T07:38:01.936+0000] {dag.py:3239} INFO - Sync 1 DAGs
[2026-07-18T07:38:01.966+0000] {logging_mixin.py:190} INFO - [2026-07-18T07:38:01.965+0000] {dag.py:4180} INFO - Setting next_dagrun for consumer_complaints_incremental_load to 2026-01-01 00:00:00+00:00, run_after=2026-01-02 00:00:00+00:00
[2026-07-18T07:38:01.985+0000] {processor.py:208} INFO - Processing /opt/airflow/dags/consumer_complaints_incremental_dag.py took 0.358 seconds
[2026-07-18T07:38:32.147+0000] {processor.py:186} INFO - Started process (PID=396) to work on /opt/airflow/dags/consumer_complaints_incremental_dag.py
[2026-07-18T07:38:32.148+0000] {processor.py:914} INFO - Processing file /opt/airflow/dags/consumer_complaints_incremental_dag.py for tasks to queue
[2026-07-18T07:38:32.150+0000] {logging_mixin.py:190} INFO - [2026-07-18T07:38:32.149+0000] {dagbag.py:588} INFO - Filling up the DagBag from /opt/airflow/dags/consumer_complaints_incremental_dag.py
[2026-07-18T07:38:32.407+0000] {processor.py:925} INFO - DAG(s) 'consumer_complaints_incremental_load' retrieved from /opt/airflow/dags/consumer_complaints_incremental_dag.py
[2026-07-18T07:38:32.431+0000] {logging_mixin.py:190} INFO - [2026-07-18T07:38:32.430+0000] {dag.py:3239} INFO - Sync 1 DAGs
[2026-07-18T07:38:32.451+0000] {logging_mixin.py:190} INFO - [2026-07-18T07:38:32.450+0000] {dag.py:4180} INFO - Setting next_dagrun for consumer_complaints_incremental_load to 2026-01-01 00:00:00+00:00, run_after=2026-01-02 00:00:00+00:00
[2026-07-18T07:38:32.469+0000] {processor.py:208} INFO - Processing /opt/airflow/dags/consumer_complaints_incremental_dag.py took 0.327 seconds
[2026-07-18T07:39:02.894+0000] {processor.py:186} INFO - Started process (PID=484) to work on /opt/airflow/dags/consumer_complaints_incremental_dag.py
[2026-07-18T07:39:02.895+0000] {processor.py:914} INFO - Processing file /opt/airflow/dags/consumer_complaints_incremental_dag.py for tasks to queue
[2026-07-18T07:39:02.896+0000] {logging_mixin.py:190} INFO - [2026-07-18T07:39:02.896+0000] {dagbag.py:588} INFO - Filling up the DagBag from /opt/airflow/dags/consumer_complaints_incremental_dag.py
[2026-07-18T07:39:03.193+0000] {processor.py:925} INFO - DAG(s) 'consumer_complaints_incremental_load' retrieved from /opt/airflow/dags/consumer_complaints_incremental_dag.py
[2026-07-18T07:39:03.218+0000] {logging_mixin.py:190} INFO - [2026-07-18T07:39:03.218+0000] {dag.py:3239} INFO - Sync 1 DAGs
[2026-07-18T07:39:03.245+0000] {logging_mixin.py:190} INFO - [2026-07-18T07:39:03.245+0000] {dag.py:4180} INFO - Setting next_dagrun for consumer_complaints_incremental_load to 2026-01-01 00:00:00+00:00, run_after=2026-01-02 00:00:00+00:00
[2026-07-18T07:39:03.265+0000] {processor.py:208} INFO - Processing /opt/airflow/dags/consumer_complaints_incremental_dag.py took 0.377 seconds
[2026-07-18T07:39:33.668+0000] {processor.py:186} INFO - Started process (PID=569) to work on /opt/airflow/dags/consumer_complaints_incremental_dag.py
[2026-07-18T07:39:33.670+0000] {processor.py:914} INFO - Processing file /opt/airflow/dags/consumer_complaints_incremental_dag.py for tasks to queue
[2026-07-18T07:39:33.671+0000] {logging_mixin.py:190} INFO - [2026-07-18T07:39:33.671+0000] {dagbag.py:588} INFO - Filling up the DagBag from /opt/airflow/dags/consumer_complaints_incremental_dag.py
[2026-07-18T07:39:33.918+0000] {processor.py:925} INFO - DAG(s) 'consumer_complaints_incremental_load' retrieved from /opt/airflow/dags/consumer_complaints_incremental_dag.py
[2026-07-18T07:39:33.940+0000] {logging_mixin.py:190} INFO - [2026-07-18T07:39:33.940+0000] {dag.py:3239} INFO - Sync 1 DAGs
[2026-07-18T07:39:33.962+0000] {logging_mixin.py:190} INFO - [2026-07-18T07:39:33.962+0000] {dag.py:4180} INFO - Setting next_dagrun for consumer_complaints_incremental_load to 2026-01-01 00:00:00+00:00, run_after=2026-01-02 00:00:00+00:00
[2026-07-18T07:39:33.993+0000] {processor.py:208} INFO - Processing /opt/airflow/dags/consumer_complaints_incremental_dag.py took 0.330 seconds
[2026-07-18T07:40:04.167+0000] {processor.py:186} INFO - Started process (PID=653) to work on /opt/airflow/dags/consumer_complaints_incremental_dag.py
[2026-07-18T07:40:04.168+0000] {processor.py:914} INFO - Processing file /opt/airflow/dags/consumer_complaints_incremental_dag.py for tasks to queue
[2026-07-18T07:40:04.169+0000] {logging_mixin.py:190} INFO - [2026-07-18T07:40:04.169+0000] {dagbag.py:588} INFO - Filling up the DagBag from /opt/airflow/dags/consumer_complaints_incremental_dag.py
[2026-07-18T07:40:04.420+0000] {processor.py:925} INFO - DAG(s) 'consumer_complaints_incremental_load' retrieved from /opt/airflow/dags/consumer_complaints_incremental_dag.py
[2026-07-18T07:40:04.444+0000] {logging_mixin.py:190} INFO - [2026-07-18T07:40:04.444+0000] {dag.py:3239} INFO - Sync 1 DAGs
[2026-07-18T07:40:04.465+0000] {logging_mixin.py:190} INFO - [2026-07-18T07:40:04.465+0000] {dag.py:4180} INFO - Setting next_dagrun for consumer_complaints_incremental_load to 2026-01-01 00:00:00+00:00, run_after=2026-01-02 00:00:00+00:00
[2026-07-18T07:40:04.491+0000] {processor.py:208} INFO - Processing /opt/airflow/dags/consumer_complaints_incremental_dag.py took 0.330 seconds
[2026-07-18T07:40:35.123+0000] {processor.py:186} INFO - Started process (PID=742) to work on /opt/airflow/dags/consumer_complaints_incremental_dag.py
[2026-07-18T07:40:35.124+0000] {processor.py:914} INFO - Processing file /opt/airflow/dags/consumer_complaints_incremental_dag.py for tasks to queue
[2026-07-18T07:40:35.125+0000] {logging_mixin.py:190} INFO - [2026-07-18T07:40:35.125+0000] {dagbag.py:588} INFO - Filling up the DagBag from /opt/airflow/dags/consumer_complaints_incremental_dag.py
[2026-07-18T07:40:35.369+0000] {processor.py:925} INFO - DAG(s) 'consumer_complaints_incremental_load' retrieved from /opt/airflow/dags/consumer_complaints_incremental_dag.py
[2026-07-18T07:40:35.393+0000] {logging_mixin.py:190} INFO - [2026-07-18T07:40:35.393+0000] {dag.py:3239} INFO - Sync 1 DAGs
[2026-07-18T07:40:35.418+0000] {logging_mixin.py:190} INFO - [2026-07-18T07:40:35.418+0000] {dag.py:4180} INFO - Setting next_dagrun for consumer_complaints_incremental_load to 2026-01-01 00:00:00+00:00, run_after=2026-01-02 00:00:00+00:00
[2026-07-18T07:40:35.442+0000] {processor.py:208} INFO - Processing /opt/airflow/dags/consumer_complaints_incremental_dag.py took 0.324 seconds
[2026-07-18T07:41:05.605+0000] {processor.py:186} INFO - Started process (PID=831) to work on /opt/airflow/dags/consumer_complaints_incremental_dag.py
[2026-07-18T07:41:05.606+0000] {processor.py:914} INFO - Processing file /opt/airflow/dags/consumer_complaints_incremental_dag.py for tasks to queue
[2026-07-18T07:41:05.607+0000] {logging_mixin.py:190} INFO - [2026-07-18T07:41:05.607+0000] {dagbag.py:588} INFO - Filling up the DagBag from /opt/airflow/dags/consumer_complaints_incremental_dag.py
[2026-07-18T07:41:05.854+0000] {processor.py:925} INFO - DAG(s) 'consumer_complaints_incremental_load' retrieved from /opt/airflow/dags/consumer_complaints_incremental_dag.py
[2026-07-18T07:41:05.883+0000] {logging_mixin.py:190} INFO - [2026-07-18T07:41:05.883+0000] {dag.py:3239} INFO - Sync 1 DAGs
[2026-07-18T07:41:05.905+0000] {logging_mixin.py:190} INFO - [2026-07-18T07:41:05.905+0000] {dag.py:4180} INFO - Setting next_dagrun for consumer_complaints_incremental_load to 2026-01-01 00:00:00+00:00, run_after=2026-01-02 00:00:00+00:00
[2026-07-18T07:41:05.924+0000] {processor.py:208} INFO - Processing /opt/airflow/dags/consumer_complaints_incremental_dag.py took 0.324 seconds
[2026-07-18T07:41:36.011+0000] {processor.py:186} INFO - Started process (PID=918) to work on /opt/airflow/dags/consumer_complaints_incremental_dag.py
[2026-07-18T07:41:36.012+0000] {processor.py:914} INFO - Processing file /opt/airflow/dags/consumer_complaints_incremental_dag.py for tasks to queue
[2026-07-18T07:41:36.013+0000] {logging_mixin.py:190} INFO - [2026-07-18T07:41:36.013+0000] {dagbag.py:588} INFO - Filling up the DagBag from /opt/airflow/dags/consumer_complaints_incremental_dag.py
[2026-07-18T07:41:36.253+0000] {processor.py:925} INFO - DAG(s) 'consumer_complaints_incremental_load' retrieved from /opt/airflow/dags/consumer_complaints_incremental_dag.py
[2026-07-18T07:41:36.282+0000] {logging_mixin.py:190} INFO - [2026-07-18T07:41:36.281+0000] {dag.py:3239} INFO - Sync 1 DAGs
[2026-07-18T07:41:36.302+0000] {logging_mixin.py:190} INFO - [2026-07-18T07:41:36.302+0000] {dag.py:4180} INFO - Setting next_dagrun for consumer_complaints_incremental_load to 2026-01-01 00:00:00+00:00, run_after=2026-01-02 00:00:00+00:00
[2026-07-18T07:41:36.319+0000] {processor.py:208} INFO - Processing /opt/airflow/dags/consumer_complaints_incremental_dag.py took 0.313 seconds
[2026-07-18T07:42:06.402+0000] {processor.py:186} INFO - Started process (PID=1002) to work on /opt/airflow/dags/consumer_complaints_incremental_dag.py
[2026-07-18T07:42:06.404+0000] {processor.py:914} INFO - Processing file /opt/airflow/dags/consumer_complaints_incremental_dag.py for tasks to queue
[2026-07-18T07:42:06.406+0000] {logging_mixin.py:190} INFO - [2026-07-18T07:42:06.406+0000] {dagbag.py:588} INFO - Filling up the DagBag from /opt/airflow/dags/consumer_complaints_incremental_dag.py
[2026-07-18T07:42:06.664+0000] {processor.py:925} INFO - DAG(s) 'consumer_complaints_incremental_load' retrieved from /opt/airflow/dags/consumer_complaints_incremental_dag.py
[2026-07-18T07:42:06.689+0000] {logging_mixin.py:190} INFO - [2026-07-18T07:42:06.689+0000] {dag.py:3239} INFO - Sync 1 DAGs
[2026-07-18T07:42:06.717+0000] {logging_mixin.py:190} INFO - [2026-07-18T07:42:06.717+0000] {dag.py:4180} INFO - Setting next_dagrun for consumer_complaints_incremental_load to 2026-01-01 00:00:00+00:00, run_after=2026-01-02 00:00:00+00:00
[2026-07-18T07:42:06.743+0000] {processor.py:208} INFO - Processing /opt/airflow/dags/consumer_complaints_incremental_dag.py took 0.347 seconds
[2026-07-18T07:42:36.820+0000] {processor.py:186} INFO - Started process (PID=1091) to work on /opt/airflow/dags/consumer_complaints_incremental_dag.py
[2026-07-18T07:42:36.821+0000] {processor.py:914} INFO - Processing file /opt/airflow/dags/consumer_complaints_incremental_dag.py for tasks to queue
[2026-07-18T07:42:36.823+0000] {logging_mixin.py:190} INFO - [2026-07-18T07:42:36.823+0000] {dagbag.py:588} INFO - Filling up the DagBag from /opt/airflow/dags/consumer_complaints_incremental_dag.py
[2026-07-18T07:42:37.095+0000] {processor.py:925} INFO - DAG(s) 'consumer_complaints_incremental_load' retrieved from /opt/airflow/dags/consumer_complaints_incremental_dag.py
[2026-07-18T07:42:37.119+0000] {logging_mixin.py:190} INFO - [2026-07-18T07:42:37.118+0000] {dag.py:3239} INFO - Sync 1 DAGs
[2026-07-18T07:42:37.141+0000] {logging_mixin.py:190} INFO - [2026-07-18T07:42:37.141+0000] {dag.py:4180} INFO - Setting next_dagrun for consumer_complaints_incremental_load to 2026-01-01 00:00:00+00:00, run_after=2026-01-02 00:00:00+00:00
[2026-07-18T07:42:37.161+0000] {processor.py:208} INFO - Processing /opt/airflow/dags/consumer_complaints_incremental_dag.py took 0.347 seconds
[2026-07-18T07:43:08.260+0000] {processor.py:186} INFO - Started process (PID=1180) to work on /opt/airflow/dags/consumer_complaints_incremental_dag.py
[2026-07-18T07:43:08.261+0000] {processor.py:914} INFO - Processing file /opt/airflow/dags/consumer_complaints_incremental_dag.py for tasks to queue
[2026-07-18T07:43:08.262+0000] {logging_mixin.py:190} INFO - [2026-07-18T07:43:08.262+0000] {dagbag.py:588} INFO - Filling up the DagBag from /opt/airflow/dags/consumer_complaints_incremental_dag.py
[2026-07-18T07:43:08.491+0000] {processor.py:925} INFO - DAG(s) 'consumer_complaints_incremental_load' retrieved from /opt/airflow/dags/consumer_complaints_incremental_dag.py
[2026-07-18T07:43:08.513+0000] {logging_mixin.py:190} INFO - [2026-07-18T07:43:08.513+0000] {dag.py:3239} INFO - Sync 1 DAGs
[2026-07-18T07:43:08.531+0000] {logging_mixin.py:190} INFO - [2026-07-18T07:43:08.531+0000] {dag.py:4180} INFO - Setting next_dagrun for consumer_complaints_incremental_load to 2026-01-01 00:00:00+00:00, run_after=2026-01-02 00:00:00+00:00
[2026-07-18T07:43:08.547+0000] {processor.py:208} INFO - Processing /opt/airflow/dags/consumer_complaints_incremental_dag.py took 0.292 seconds
[2026-07-18T07:43:38.781+0000] {processor.py:186} INFO - Started process (PID=1266) to work on /opt/airflow/dags/consumer_complaints_incremental_dag.py
[2026-07-18T07:43:38.782+0000] {processor.py:914} INFO - Processing file /opt/airflow/dags/consumer_complaints_incremental_dag.py for tasks to queue
[2026-07-18T07:43:38.783+0000] {logging_mixin.py:190} INFO - [2026-07-18T07:43:38.783+0000] {dagbag.py:588} INFO - Filling up the DagBag from /opt/airflow/dags/consumer_complaints_incremental_dag.py
[2026-07-18T07:43:39.027+0000] {processor.py:925} INFO - DAG(s) 'consumer_complaints_incremental_load' retrieved from /opt/airflow/dags/consumer_complaints_incremental_dag.py
[2026-07-18T07:43:39.047+0000] {logging_mixin.py:190} INFO - [2026-07-18T07:43:39.047+0000] {dag.py:3239} INFO - Sync 1 DAGs
[2026-07-18T07:43:39.069+0000] {logging_mixin.py:190} INFO - [2026-07-18T07:43:39.069+0000] {dag.py:4180} INFO - Setting next_dagrun for consumer_complaints_incremental_load to 2026-01-01 00:00:00+00:00, run_after=2026-01-02 00:00:00+00:00
[2026-07-18T07:43:39.086+0000] {processor.py:208} INFO - Processing /opt/airflow/dags/consumer_complaints_incremental_dag.py took 0.311 seconds
[2026-07-18T07:44:09.319+0000] {processor.py:186} INFO - Started process (PID=1355) to work on /opt/airflow/dags/consumer_complaints_incremental_dag.py
[2026-07-18T07:44:09.320+0000] {processor.py:914} INFO - Processing file /opt/airflow/dags/consumer_complaints_incremental_dag.py for tasks to queue
[2026-07-18T07:44:09.322+0000] {logging_mixin.py:190} INFO - [2026-07-18T07:44:09.321+0000] {dagbag.py:588} INFO - Filling up the DagBag from /opt/airflow/dags/consumer_complaints_incremental_dag.py
[2026-07-18T07:44:09.572+0000] {processor.py:925} INFO - DAG(s) 'consumer_complaints_incremental_load' retrieved from /opt/airflow/dags/consumer_complaints_incremental_dag.py
[2026-07-18T07:44:09.593+0000] {logging_mixin.py:190} INFO - [2026-07-18T07:44:09.593+0000] {dag.py:3239} INFO - Sync 1 DAGs
[2026-07-18T07:44:09.614+0000] {logging_mixin.py:190} INFO - [2026-07-18T07:44:09.614+0000] {dag.py:4180} INFO - Setting next_dagrun for consumer_complaints_incremental_load to 2026-01-01 00:00:00+00:00, run_after=2026-01-02 00:00:00+00:00
[2026-07-18T07:44:09.657+0000] {processor.py:208} INFO - Processing /opt/airflow/dags/consumer_complaints_incremental_dag.py took 0.344 seconds
[2026-07-18T07:44:39.854+0000] {processor.py:186} INFO - Started process (PID=1442) to work on /opt/airflow/dags/consumer_complaints_incremental_dag.py
[2026-07-18T07:44:39.855+0000] {processor.py:914} INFO - Processing file /opt/airflow/dags/consumer_complaints_incremental_dag.py for tasks to queue
[2026-07-18T07:44:39.856+0000] {logging_mixin.py:190} INFO - [2026-07-18T07:44:39.856+0000] {dagbag.py:588} INFO - Filling up the DagBag from /opt/airflow/dags/consumer_complaints_incremental_dag.py
[2026-07-18T07:44:40.113+0000] {processor.py:925} INFO - DAG(s) 'consumer_complaints_incremental_load' retrieved from /opt/airflow/dags/consumer_complaints_incremental_dag.py
[2026-07-18T07:44:40.137+0000] {logging_mixin.py:190} INFO - [2026-07-18T07:44:40.137+0000] {dag.py:3239} INFO - Sync 1 DAGs
[2026-07-18T07:44:40.159+0000] {logging_mixin.py:190} INFO - [2026-07-18T07:44:40.159+0000] {dag.py:4180} INFO - Setting next_dagrun for consumer_complaints_incremental_load to 2026-01-01 00:00:00+00:00, run_after=2026-01-02 00:00:00+00:00
[2026-07-18T07:44:40.177+0000] {processor.py:208} INFO - Processing /opt/airflow/dags/consumer_complaints_incremental_dag.py took 0.330 seconds
[2026-07-18T07:45:11.109+0000] {processor.py:186} INFO - Started process (PID=1531) to work on /opt/airflow/dags/consumer_complaints_incremental_dag.py
[2026-07-18T07:45:11.110+0000] {processor.py:914} INFO - Processing file /opt/airflow/dags/consumer_complaints_incremental_dag.py for tasks to queue
[2026-07-18T07:45:11.111+0000] {logging_mixin.py:190} INFO - [2026-07-18T07:45:11.111+0000] {dagbag.py:588} INFO - Filling up the DagBag from /opt/airflow/dags/consumer_complaints_incremental_dag.py
[2026-07-18T07:45:11.348+0000] {processor.py:925} INFO - DAG(s) 'consumer_complaints_incremental_load' retrieved from /opt/airflow/dags/consumer_complaints_incremental_dag.py
[2026-07-18T07:45:11.371+0000] {logging_mixin.py:190} INFO - [2026-07-18T07:45:11.370+0000] {dag.py:3239} INFO - Sync 1 DAGs
[2026-07-18T07:45:11.392+0000] {logging_mixin.py:190} INFO - [2026-07-18T07:45:11.392+0000] {dag.py:4180} INFO - Setting next_dagrun for consumer_complaints_incremental_load to 2026-01-01 00:00:00+00:00, run_after=2026-01-02 00:00:00+00:00
[2026-07-18T07:45:11.410+0000] {processor.py:208} INFO - Processing /opt/airflow/dags/consumer_complaints_incremental_dag.py took 0.306 seconds
[2026-07-18T07:45:41.722+0000] {processor.py:186} INFO - Started process (PID=1617) to work on /opt/airflow/dags/consumer_complaints_incremental_dag.py
[2026-07-18T07:45:41.723+0000] {processor.py:914} INFO - Processing file /opt/airflow/dags/consumer_complaints_incremental_dag.py for tasks to queue
[2026-07-18T07:45:41.724+0000] {logging_mixin.py:190} INFO - [2026-07-18T07:45:41.724+0000] {dagbag.py:588} INFO - Filling up the DagBag from /opt/airflow/dags/consumer_complaints_incremental_dag.py
[2026-07-18T07:45:41.976+0000] {processor.py:925} INFO - DAG(s) 'consumer_complaints_incremental_load' retrieved from /opt/airflow/dags/consumer_complaints_incremental_dag.py
[2026-07-18T07:45:41.999+0000] {logging_mixin.py:190} INFO - [2026-07-18T07:45:41.999+0000] {dag.py:3239} INFO - Sync 1 DAGs
[2026-07-18T07:45:42.018+0000] {logging_mixin.py:190} INFO - [2026-07-18T07:45:42.018+0000] {dag.py:4180} INFO - Setting next_dagrun for consumer_complaints_incremental_load to 2026-01-01 00:00:00+00:00, run_after=2026-01-02 00:00:00+00:00
[2026-07-18T07:45:42.041+0000] {processor.py:208} INFO - Processing /opt/airflow/dags/consumer_complaints_incremental_dag.py took 0.325 seconds
[2026-07-18T07:46:12.350+0000] {processor.py:186} INFO - Started process (PID=1706) to work on /opt/airflow/dags/consumer_complaints_incremental_dag.py
[2026-07-18T07:46:12.351+0000] {processor.py:914} INFO - Processing file /opt/airflow/dags/consumer_complaints_incremental_dag.py for tasks to queue
[2026-07-18T07:46:12.352+0000] {logging_mixin.py:190} INFO - [2026-07-18T07:46:12.352+0000] {dagbag.py:588} INFO - Filling up the DagBag from /opt/airflow/dags/consumer_complaints_incremental_dag.py
[2026-07-18T07:46:12.609+0000] {processor.py:925} INFO - DAG(s) 'consumer_complaints_incremental_load' retrieved from /opt/airflow/dags/consumer_complaints_incremental_dag.py
[2026-07-18T07:46:12.636+0000] {logging_mixin.py:190} INFO - [2026-07-18T07:46:12.636+0000] {dag.py:3239} INFO - Sync 1 DAGs
[2026-07-18T07:46:12.659+0000] {logging_mixin.py:190} INFO - [2026-07-18T07:46:12.659+0000] {dag.py:4180} INFO - Setting next_dagrun for consumer_complaints_incremental_load to 2026-01-01 00:00:00+00:00, run_after=2026-01-02 00:00:00+00:00
[2026-07-18T07:46:12.684+0000] {processor.py:208} INFO - Processing /opt/airflow/dags/consumer_complaints_incremental_dag.py took 0.340 seconds
[2026-07-18T07:46:42.974+0000] {processor.py:186} INFO - Started process (PID=1795) to work on /opt/airflow/dags/consumer_complaints_incremental_dag.py
[2026-07-18T07:46:42.976+0000] {processor.py:914} INFO - Processing file /opt/airflow/dags/consumer_complaints_incremental_dag.py for tasks to queue
[2026-07-18T07:46:42.977+0000] {logging_mixin.py:190} INFO - [2026-07-18T07:46:42.976+0000] {dagbag.py:588} INFO - Filling up the DagBag from /opt/airflow/dags/consumer_complaints_incremental_dag.py
[2026-07-18T07:46:43.215+0000] {processor.py:925} INFO - DAG(s) 'consumer_complaints_incremental_load' retrieved from /opt/airflow/dags/consumer_complaints_incremental_dag.py
[2026-07-18T07:46:43.243+0000] {logging_mixin.py:190} INFO - [2026-07-18T07:46:43.243+0000] {dag.py:3239} INFO - Sync 1 DAGs
[2026-07-18T07:46:43.270+0000] {logging_mixin.py:190} INFO - [2026-07-18T07:46:43.270+0000] {dag.py:4180} INFO - Setting next_dagrun for consumer_complaints_incremental_load to 2026-01-01 00:00:00+00:00, run_after=2026-01-02 00:00:00+00:00
[2026-07-18T07:46:43.290+0000] {processor.py:208} INFO - Processing /opt/airflow/dags/consumer_complaints_incremental_dag.py took 0.321 seconds
[2026-07-18T07:47:14.800+0000] {processor.py:186} INFO - Started process (PID=1882) to work on /opt/airflow/dags/consumer_complaints_incremental_dag.py
[2026-07-18T07:47:14.801+0000] {processor.py:914} INFO - Processing file /opt/airflow/dags/consumer_complaints_incremental_dag.py for tasks to queue
[2026-07-18T07:47:14.803+0000] {logging_mixin.py:190} INFO - [2026-07-18T07:47:14.802+0000] {dagbag.py:588} INFO - Filling up the DagBag from /opt/airflow/dags/consumer_complaints_incremental_dag.py
[2026-07-18T07:47:15.062+0000] {processor.py:925} INFO - DAG(s) 'consumer_complaints_incremental_load' retrieved from /opt/airflow/dags/consumer_complaints_incremental_dag.py
[2026-07-18T07:47:15.084+0000] {logging_mixin.py:190} INFO - [2026-07-18T07:47:15.084+0000] {dag.py:3239} INFO - Sync 1 DAGs
[2026-07-18T07:47:15.104+0000] {logging_mixin.py:190} INFO - [2026-07-18T07:47:15.104+0000] {dag.py:4180} INFO - Setting next_dagrun for consumer_complaints_incremental_load to 2026-01-01 00:00:00+00:00, run_after=2026-01-02 00:00:00+00:00
[2026-07-18T07:47:15.120+0000] {processor.py:208} INFO - Processing /opt/airflow/dags/consumer_complaints_incremental_dag.py took 0.326 seconds
[2026-07-18T07:47:45.707+0000] {processor.py:186} INFO - Started process (PID=1968) to work on /opt/airflow/dags/consumer_complaints_incremental_dag.py
[2026-07-18T07:47:45.708+0000] {processor.py:914} INFO - Processing file /opt/airflow/dags/consumer_complaints_incremental_dag.py for tasks to queue
[2026-07-18T07:47:45.709+0000] {logging_mixin.py:190} INFO - [2026-07-18T07:47:45.709+0000] {dagbag.py:588} INFO - Filling up the DagBag from /opt/airflow/dags/consumer_complaints_incremental_dag.py
[2026-07-18T07:47:45.949+0000] {processor.py:925} INFO - DAG(s) 'consumer_complaints_incremental_load' retrieved from /opt/airflow/dags/consumer_complaints_incremental_dag.py
[2026-07-18T07:47:45.972+0000] {logging_mixin.py:190} INFO - [2026-07-18T07:47:45.971+0000] {dag.py:3239} INFO - Sync 1 DAGs
[2026-07-18T07:47:45.992+0000] {logging_mixin.py:190} INFO - [2026-07-18T07:47:45.991+0000] {dag.py:4180} INFO - Setting next_dagrun for consumer_complaints_incremental_load to 2026-01-01 00:00:00+00:00, run_after=2026-01-02 00:00:00+00:00
[2026-07-18T07:47:46.011+0000] {processor.py:208} INFO - Processing /opt/airflow/dags/consumer_complaints_incremental_dag.py took 0.310 seconds
[2026-07-18T07:48:17.086+0000] {processor.py:186} INFO - Started process (PID=2055) to work on /opt/airflow/dags/consumer_complaints_incremental_dag.py
[2026-07-18T07:48:17.088+0000] {processor.py:914} INFO - Processing file /opt/airflow/dags/consumer_complaints_incremental_dag.py for tasks to queue
[2026-07-18T07:48:17.090+0000] {logging_mixin.py:190} INFO - [2026-07-18T07:48:17.090+0000] {dagbag.py:588} INFO - Filling up the DagBag from /opt/airflow/dags/consumer_complaints_incremental_dag.py
[2026-07-18T07:48:17.394+0000] {processor.py:925} INFO - DAG(s) 'consumer_complaints_incremental_load' retrieved from /opt/airflow/dags/consumer_complaints_incremental_dag.py
[2026-07-18T07:48:17.422+0000] {logging_mixin.py:190} INFO - [2026-07-18T07:48:17.422+0000] {dag.py:3239} INFO - Sync 1 DAGs
[2026-07-18T07:48:17.446+0000] {logging_mixin.py:190} INFO - [2026-07-18T07:48:17.446+0000] {dag.py:4180} INFO - Setting next_dagrun for consumer_complaints_incremental_load to 2026-01-01 00:00:00+00:00, run_after=2026-01-02 00:00:00+00:00
[2026-07-18T07:48:17.476+0000] {processor.py:208} INFO - Processing /opt/airflow/dags/consumer_complaints_incremental_dag.py took 0.399 seconds
[2026-07-18T07:48:48.965+0000] {processor.py:186} INFO - Started process (PID=2144) to work on /opt/airflow/dags/consumer_complaints_incremental_dag.py
[2026-07-18T07:48:48.966+0000] {processor.py:914} INFO - Processing file /opt/airflow/dags/consumer_complaints_incremental_dag.py for tasks to queue
[2026-07-18T07:48:48.967+0000] {logging_mixin.py:190} INFO - [2026-07-18T07:48:48.966+0000] {dagbag.py:588} INFO - Filling up the DagBag from /opt/airflow/dags/consumer_complaints_incremental_dag.py
[2026-07-18T07:48:49.229+0000] {processor.py:925} INFO - DAG(s) 'consumer_complaints_incremental_load' retrieved from /opt/airflow/dags/consumer_complaints_incremental_dag.py
[2026-07-18T07:48:49.253+0000] {logging_mixin.py:190} INFO - [2026-07-18T07:48:49.253+0000] {dag.py:3239} INFO - Sync 1 DAGs
[2026-07-18T07:48:49.274+0000] {logging_mixin.py:190} INFO - [2026-07-18T07:48:49.274+0000] {dag.py:4180} INFO - Setting next_dagrun for consumer_complaints_incremental_load to 2026-01-01 00:00:00+00:00, run_after=2026-01-02 00:00:00+00:00
[2026-07-18T07:48:49.428+0000] {processor.py:208} INFO - Processing /opt/airflow/dags/consumer_complaints_incremental_dag.py took 0.469 seconds
[2026-07-18T07:49:20.835+0000] {processor.py:186} INFO - Started process (PID=2233) to work on /opt/airflow/dags/consumer_complaints_incremental_dag.py
[2026-07-18T07:49:20.836+0000] {processor.py:914} INFO - Processing file /opt/airflow/dags/consumer_complaints_incremental_dag.py for tasks to queue
[2026-07-18T07:49:20.837+0000] {logging_mixin.py:190} INFO - [2026-07-18T07:49:20.836+0000] {dagbag.py:588} INFO - Filling up the DagBag from /opt/airflow/dags/consumer_complaints_incremental_dag.py
[2026-07-18T07:49:21.079+0000] {processor.py:925} INFO - DAG(s) 'consumer_complaints_incremental_load' retrieved from /opt/airflow/dags/consumer_complaints_incremental_dag.py
[2026-07-18T07:49:21.103+0000] {logging_mixin.py:190} INFO - [2026-07-18T07:49:21.102+0000] {dag.py:3239} INFO - Sync 1 DAGs
[2026-07-18T07:49:21.254+0000] {logging_mixin.py:190} INFO - [2026-07-18T07:49:21.253+0000] {dag.py:4180} INFO - Setting next_dagrun for consumer_complaints_incremental_load to 2026-01-01 00:00:00+00:00, run_after=2026-01-02 00:00:00+00:00
[2026-07-18T07:49:21.273+0000] {processor.py:208} INFO - Processing /opt/airflow/dags/consumer_complaints_incremental_dag.py took 0.444 seconds
[2026-07-18T07:49:51.686+0000] {processor.py:186} INFO - Started process (PID=2319) to work on /opt/airflow/dags/consumer_complaints_incremental_dag.py
[2026-07-18T07:49:51.687+0000] {processor.py:914} INFO - Processing file /opt/airflow/dags/consumer_complaints_incremental_dag.py for tasks to queue
[2026-07-18T07:49:51.689+0000] {logging_mixin.py:190} INFO - [2026-07-18T07:49:51.689+0000] {dagbag.py:588} INFO - Filling up the DagBag from /opt/airflow/dags/consumer_complaints_incremental_dag.py
[2026-07-18T07:49:51.967+0000] {processor.py:925} INFO - DAG(s) 'consumer_complaints_incremental_load' retrieved from /opt/airflow/dags/consumer_complaints_incremental_dag.py
[2026-07-18T07:49:51.992+0000] {logging_mixin.py:190} INFO - [2026-07-18T07:49:51.991+0000] {dag.py:3239} INFO - Sync 1 DAGs
[2026-07-18T07:49:52.142+0000] {logging_mixin.py:190} INFO - [2026-07-18T07:49:52.142+0000] {dag.py:4180} INFO - Setting next_dagrun for consumer_complaints_incremental_load to 2026-01-01 00:00:00+00:00, run_after=2026-01-02 00:00:00+00:00
[2026-07-18T07:49:52.163+0000] {processor.py:208} INFO - Processing /opt/airflow/dags/consumer_complaints_incremental_dag.py took 0.483 seconds
[2026-07-18T07:50:22.704+0000] {processor.py:186} INFO - Started process (PID=2408) to work on /opt/airflow/dags/consumer_complaints_incremental_dag.py
[2026-07-18T07:50:22.705+0000] {processor.py:914} INFO - Processing file /opt/airflow/dags/consumer_complaints_incremental_dag.py for tasks to queue
[2026-07-18T07:50:22.707+0000] {logging_mixin.py:190} INFO - [2026-07-18T07:50:22.707+0000] {dagbag.py:588} INFO - Filling up the DagBag from /opt/airflow/dags/consumer_complaints_incremental_dag.py
[2026-07-18T07:50:23.099+0000] {processor.py:925} INFO - DAG(s) 'consumer_complaints_incremental_load' retrieved from /opt/airflow/dags/consumer_complaints_incremental_dag.py
[2026-07-18T07:50:23.122+0000] {logging_mixin.py:190} INFO - [2026-07-18T07:50:23.122+0000] {dag.py:3239} INFO - Sync 1 DAGs
[2026-07-18T07:50:23.143+0000] {logging_mixin.py:190} INFO - [2026-07-18T07:50:23.142+0000] {dag.py:4180} INFO - Setting next_dagrun for consumer_complaints_incremental_load to 2026-01-01 00:00:00+00:00, run_after=2026-01-02 00:00:00+00:00
[2026-07-18T07:50:23.168+0000] {processor.py:208} INFO - Processing /opt/airflow/dags/consumer_complaints_incremental_dag.py took 0.469 seconds
[2026-07-18T07:50:53.308+0000] {processor.py:186} INFO - Started process (PID=2495) to work on /opt/airflow/dags/consumer_complaints_incremental_dag.py
[2026-07-18T07:50:53.309+0000] {processor.py:914} INFO - Processing file /opt/airflow/dags/consumer_complaints_incremental_dag.py for tasks to queue
[2026-07-18T07:50:53.311+0000] {logging_mixin.py:190} INFO - [2026-07-18T07:50:53.310+0000] {dagbag.py:588} INFO - Filling up the DagBag from /opt/airflow/dags/consumer_complaints_incremental_dag.py
[2026-07-18T07:50:53.685+0000] {processor.py:925} INFO - DAG(s) 'consumer_complaints_incremental_load' retrieved from /opt/airflow/dags/consumer_complaints_incremental_dag.py
[2026-07-18T07:50:53.707+0000] {logging_mixin.py:190} INFO - [2026-07-18T07:50:53.706+0000] {dag.py:3239} INFO - Sync 1 DAGs
[2026-07-18T07:50:53.728+0000] {logging_mixin.py:190} INFO - [2026-07-18T07:50:53.727+0000] {dag.py:4180} INFO - Setting next_dagrun for consumer_complaints_incremental_load to 2026-01-01 00:00:00+00:00, run_after=2026-01-02 00:00:00+00:00
[2026-07-18T07:50:53.750+0000] {processor.py:208} INFO - Processing /opt/airflow/dags/consumer_complaints_incremental_dag.py took 0.447 seconds
[2026-07-18T07:51:24.631+0000] {processor.py:186} INFO - Started process (PID=2581) to work on /opt/airflow/dags/consumer_complaints_incremental_dag.py
[2026-07-18T07:51:24.632+0000] {processor.py:914} INFO - Processing file /opt/airflow/dags/consumer_complaints_incremental_dag.py for tasks to queue
[2026-07-18T07:51:24.633+0000] {logging_mixin.py:190} INFO - [2026-07-18T07:51:24.633+0000] {dagbag.py:588} INFO - Filling up the DagBag from /opt/airflow/dags/consumer_complaints_incremental_dag.py
[2026-07-18T07:51:25.037+0000] {processor.py:925} INFO - DAG(s) 'consumer_complaints_incremental_load' retrieved from /opt/airflow/dags/consumer_complaints_incremental_dag.py
[2026-07-18T07:51:25.069+0000] {logging_mixin.py:190} INFO - [2026-07-18T07:51:25.068+0000] {dag.py:3239} INFO - Sync 1 DAGs
[2026-07-18T07:51:25.088+0000] {logging_mixin.py:190} INFO - [2026-07-18T07:51:25.088+0000] {dag.py:4180} INFO - Setting next_dagrun for consumer_complaints_incremental_load to 2026-01-01 00:00:00+00:00, run_after=2026-01-02 00:00:00+00:00
[2026-07-18T07:51:25.112+0000] {processor.py:208} INFO - Processing /opt/airflow/dags/consumer_complaints_incremental_dag.py took 0.487 seconds
[2026-07-18T07:51:55.437+0000] {processor.py:186} INFO - Started process (PID=2670) to work on /opt/airflow/dags/consumer_complaints_incremental_dag.py
[2026-07-18T07:51:55.438+0000] {processor.py:914} INFO - Processing file /opt/airflow/dags/consumer_complaints_incremental_dag.py for tasks to queue
[2026-07-18T07:51:55.439+0000] {logging_mixin.py:190} INFO - [2026-07-18T07:51:55.438+0000] {dagbag.py:588} INFO - Filling up the DagBag from /opt/airflow/dags/consumer_complaints_incremental_dag.py
[2026-07-18T07:51:55.834+0000] {processor.py:925} INFO - DAG(s) 'consumer_complaints_incremental_load' retrieved from /opt/airflow/dags/consumer_complaints_incremental_dag.py
[2026-07-18T07:51:55.859+0000] {logging_mixin.py:190} INFO - [2026-07-18T07:51:55.858+0000] {dag.py:3239} INFO - Sync 1 DAGs
[2026-07-18T07:51:55.882+0000] {logging_mixin.py:190} INFO - [2026-07-18T07:51:55.882+0000] {dag.py:4180} INFO - Setting next_dagrun for consumer_complaints_incremental_load to 2026-01-01 00:00:00+00:00, run_after=2026-01-02 00:00:00+00:00
[2026-07-18T07:51:55.902+0000] {processor.py:208} INFO - Processing /opt/airflow/dags/consumer_complaints_incremental_dag.py took 0.470 seconds
[2026-07-18T07:52:25.968+0000] {processor.py:186} INFO - Started process (PID=2759) to work on /opt/airflow/dags/consumer_complaints_incremental_dag.py
[2026-07-18T07:52:25.970+0000] {processor.py:914} INFO - Processing file /opt/airflow/dags/consumer_complaints_incremental_dag.py for tasks to queue
[2026-07-18T07:52:25.971+0000] {logging_mixin.py:190} INFO - [2026-07-18T07:52:25.971+0000] {dagbag.py:588} INFO - Filling up the DagBag from /opt/airflow/dags/consumer_complaints_incremental_dag.py
[2026-07-18T07:52:26.374+0000] {processor.py:925} INFO - DAG(s) 'consumer_complaints_incremental_load' retrieved from /opt/airflow/dags/consumer_complaints_incremental_dag.py
[2026-07-18T07:52:26.394+0000] {logging_mixin.py:190} INFO - [2026-07-18T07:52:26.394+0000] {dag.py:3239} INFO - Sync 1 DAGs
[2026-07-18T07:52:26.417+0000] {logging_mixin.py:190} INFO - [2026-07-18T07:52:26.416+0000] {dag.py:4180} INFO - Setting next_dagrun for consumer_complaints_incremental_load to 2026-01-01 00:00:00+00:00, run_after=2026-01-02 00:00:00+00:00
[2026-07-18T07:52:26.440+0000] {processor.py:208} INFO - Processing /opt/airflow/dags/consumer_complaints_incremental_dag.py took 0.476 seconds
[2026-07-18T07:52:56.903+0000] {processor.py:186} INFO - Started process (PID=2846) to work on /opt/airflow/dags/consumer_complaints_incremental_dag.py
[2026-07-18T07:52:56.904+0000] {processor.py:914} INFO - Processing file /opt/airflow/dags/consumer_complaints_incremental_dag.py for tasks to queue
[2026-07-18T07:52:56.905+0000] {logging_mixin.py:190} INFO - [2026-07-18T07:52:56.905+0000] {dagbag.py:588} INFO - Filling up the DagBag from /opt/airflow/dags/consumer_complaints_incremental_dag.py
[2026-07-18T07:52:57.268+0000] {processor.py:925} INFO - DAG(s) 'consumer_complaints_incremental_load' retrieved from /opt/airflow/dags/consumer_complaints_incremental_dag.py
[2026-07-18T07:52:57.288+0000] {logging_mixin.py:190} INFO - [2026-07-18T07:52:57.287+0000] {dag.py:3239} INFO - Sync 1 DAGs
[2026-07-18T07:52:57.305+0000] {logging_mixin.py:190} INFO - [2026-07-18T07:52:57.305+0000] {dag.py:4180} INFO - Setting next_dagrun for consumer_complaints_incremental_load to 2026-01-01 00:00:00+00:00, run_after=2026-01-02 00:00:00+00:00
[2026-07-18T07:52:57.321+0000] {processor.py:208} INFO - Processing /opt/airflow/dags/consumer_complaints_incremental_dag.py took 0.425 seconds
[2026-07-18T07:53:27.775+0000] {processor.py:186} INFO - Started process (PID=2932) to work on /opt/airflow/dags/consumer_complaints_incremental_dag.py
[2026-07-18T07:53:27.776+0000] {processor.py:914} INFO - Processing file /opt/airflow/dags/consumer_complaints_incremental_dag.py for tasks to queue
[2026-07-18T07:53:27.777+0000] {logging_mixin.py:190} INFO - [2026-07-18T07:53:27.777+0000] {dagbag.py:588} INFO - Filling up the DagBag from /opt/airflow/dags/consumer_complaints_incremental_dag.py
[2026-07-18T07:53:28.163+0000] {processor.py:925} INFO - DAG(s) 'consumer_complaints_incremental_load' retrieved from /opt/airflow/dags/consumer_complaints_incremental_dag.py
[2026-07-18T07:53:28.182+0000] {logging_mixin.py:190} INFO - [2026-07-18T07:53:28.182+0000] {dag.py:3239} INFO - Sync 1 DAGs
[2026-07-18T07:53:28.199+0000] {logging_mixin.py:190} INFO - [2026-07-18T07:53:28.199+0000] {dag.py:4180} INFO - Setting next_dagrun for consumer_complaints_incremental_load to 2026-01-01 00:00:00+00:00, run_after=2026-01-02 00:00:00+00:00
[2026-07-18T07:53:28.215+0000] {processor.py:208} INFO - Processing /opt/airflow/dags/consumer_complaints_incremental_dag.py took 0.446 seconds
[2026-07-18T07:53:58.579+0000] {processor.py:186} INFO - Started process (PID=3021) to work on /opt/airflow/dags/consumer_complaints_incremental_dag.py
[2026-07-18T07:53:58.580+0000] {processor.py:914} INFO - Processing file /opt/airflow/dags/consumer_complaints_incremental_dag.py for tasks to queue
[2026-07-18T07:53:58.582+0000] {logging_mixin.py:190} INFO - [2026-07-18T07:53:58.581+0000] {dagbag.py:588} INFO - Filling up the DagBag from /opt/airflow/dags/consumer_complaints_incremental_dag.py
[2026-07-18T07:53:58.991+0000] {processor.py:925} INFO - DAG(s) 'consumer_complaints_incremental_load' retrieved from /opt/airflow/dags/consumer_complaints_incremental_dag.py
[2026-07-18T07:53:59.027+0000] {logging_mixin.py:190} INFO - [2026-07-18T07:53:59.027+0000] {dag.py:3239} INFO - Sync 1 DAGs
[2026-07-18T07:53:59.049+0000] {logging_mixin.py:190} INFO - [2026-07-18T07:53:59.049+0000] {dag.py:4180} INFO - Setting next_dagrun for consumer_complaints_incremental_load to 2026-01-01 00:00:00+00:00, run_after=2026-01-02 00:00:00+00:00
[2026-07-18T07:53:59.072+0000] {processor.py:208} INFO - Processing /opt/airflow/dags/consumer_complaints_incremental_dag.py took 0.499 seconds
[2026-07-18T07:54:29.814+0000] {processor.py:186} INFO - Started process (PID=3108) to work on /opt/airflow/dags/consumer_complaints_incremental_dag.py
[2026-07-18T07:54:29.815+0000] {processor.py:914} INFO - Processing file /opt/airflow/dags/consumer_complaints_incremental_dag.py for tasks to queue
[2026-07-18T07:54:29.818+0000] {logging_mixin.py:190} INFO - [2026-07-18T07:54:29.817+0000] {dagbag.py:588} INFO - Filling up the DagBag from /opt/airflow/dags/consumer_complaints_incremental_dag.py
[2026-07-18T07:54:30.197+0000] {processor.py:925} INFO - DAG(s) 'consumer_complaints_incremental_load' retrieved from /opt/airflow/dags/consumer_complaints_incremental_dag.py
[2026-07-18T07:54:30.218+0000] {logging_mixin.py:190} INFO - [2026-07-18T07:54:30.218+0000] {dag.py:3239} INFO - Sync 1 DAGs
[2026-07-18T07:54:30.237+0000] {logging_mixin.py:190} INFO - [2026-07-18T07:54:30.237+0000] {dag.py:4180} INFO - Setting next_dagrun for consumer_complaints_incremental_load to 2026-01-01 00:00:00+00:00, run_after=2026-01-02 00:00:00+00:00
[2026-07-18T07:54:30.254+0000] {processor.py:208} INFO - Processing /opt/airflow/dags/consumer_complaints_incremental_dag.py took 0.446 seconds
[2026-07-18T07:55:00.775+0000] {processor.py:186} INFO - Started process (PID=3202) to work on /opt/airflow/dags/consumer_complaints_incremental_dag.py
[2026-07-18T07:55:00.776+0000] {processor.py:914} INFO - Processing file /opt/airflow/dags/consumer_complaints_incremental_dag.py for tasks to queue
[2026-07-18T07:55:00.777+0000] {logging_mixin.py:190} INFO - [2026-07-18T07:55:00.777+0000] {dagbag.py:588} INFO - Filling up the DagBag from /opt/airflow/dags/consumer_complaints_incremental_dag.py
[2026-07-18T07:55:01.134+0000] {processor.py:925} INFO - DAG(s) 'consumer_complaints_incremental_load' retrieved from /opt/airflow/dags/consumer_complaints_incremental_dag.py
[2026-07-18T07:55:01.154+0000] {logging_mixin.py:190} INFO - [2026-07-18T07:55:01.153+0000] {dag.py:3239} INFO - Sync 1 DAGs
[2026-07-18T07:55:01.175+0000] {logging_mixin.py:190} INFO - [2026-07-18T07:55:01.175+0000] {dag.py:4180} INFO - Setting next_dagrun for consumer_complaints_incremental_load to 2026-01-01 00:00:00+00:00, run_after=2026-01-02 00:00:00+00:00
[2026-07-18T07:55:01.192+0000] {processor.py:208} INFO - Processing /opt/airflow/dags/consumer_complaints_incremental_dag.py took 0.423 seconds
[2026-07-18T07:55:31.280+0000] {processor.py:186} INFO - Started process (PID=3288) to work on /opt/airflow/dags/consumer_complaints_incremental_dag.py
[2026-07-18T07:55:31.281+0000] {processor.py:914} INFO - Processing file /opt/airflow/dags/consumer_complaints_incremental_dag.py for tasks to queue
[2026-07-18T07:55:31.283+0000] {logging_mixin.py:190} INFO - [2026-07-18T07:55:31.282+0000] {dagbag.py:588} INFO - Filling up the DagBag from /opt/airflow/dags/consumer_complaints_incremental_dag.py
[2026-07-18T07:55:31.644+0000] {processor.py:925} INFO - DAG(s) 'consumer_complaints_incremental_load' retrieved from /opt/airflow/dags/consumer_complaints_incremental_dag.py
[2026-07-18T07:55:31.665+0000] {logging_mixin.py:190} INFO - [2026-07-18T07:55:31.665+0000] {dag.py:3239} INFO - Sync 1 DAGs
[2026-07-18T07:55:31.682+0000] {logging_mixin.py:190} INFO - [2026-07-18T07:55:31.682+0000] {dag.py:4180} INFO - Setting next_dagrun for consumer_complaints_incremental_load to 2026-01-01 00:00:00+00:00, run_after=2026-01-02 00:00:00+00:00
[2026-07-18T07:55:31.701+0000] {processor.py:208} INFO - Processing /opt/airflow/dags/consumer_complaints_incremental_dag.py took 0.426 seconds
[2026-07-18T07:56:01.876+0000] {processor.py:186} INFO - Started process (PID=3377) to work on /opt/airflow/dags/consumer_complaints_incremental_dag.py
[2026-07-18T07:56:01.877+0000] {processor.py:914} INFO - Processing file /opt/airflow/dags/consumer_complaints_incremental_dag.py for tasks to queue
[2026-07-18T07:56:01.878+0000] {logging_mixin.py:190} INFO - [2026-07-18T07:56:01.878+0000] {dagbag.py:588} INFO - Filling up the DagBag from /opt/airflow/dags/consumer_complaints_incremental_dag.py
[2026-07-18T07:56:02.220+0000] {processor.py:925} INFO - DAG(s) 'consumer_complaints_incremental_load' retrieved from /opt/airflow/dags/consumer_complaints_incremental_dag.py
[2026-07-18T07:56:02.241+0000] {logging_mixin.py:190} INFO - [2026-07-18T07:56:02.241+0000] {dag.py:3239} INFO - Sync 1 DAGs
[2026-07-18T07:56:02.261+0000] {logging_mixin.py:190} INFO - [2026-07-18T07:56:02.261+0000] {dag.py:4180} INFO - Setting next_dagrun for consumer_complaints_incremental_load to 2026-01-01 00:00:00+00:00, run_after=2026-01-02 00:00:00+00:00
[2026-07-18T07:56:02.282+0000] {processor.py:208} INFO - Processing /opt/airflow/dags/consumer_complaints_incremental_dag.py took 0.411 seconds
[2026-07-18T07:56:32.562+0000] {processor.py:186} INFO - Started process (PID=3464) to work on /opt/airflow/dags/consumer_complaints_incremental_dag.py
[2026-07-18T07:56:32.563+0000] {processor.py:914} INFO - Processing file /opt/airflow/dags/consumer_complaints_incremental_dag.py for tasks to queue
[2026-07-18T07:56:32.564+0000] {logging_mixin.py:190} INFO - [2026-07-18T07:56:32.564+0000] {dagbag.py:588} INFO - Filling up the DagBag from /opt/airflow/dags/consumer_complaints_incremental_dag.py
[2026-07-18T07:56:32.908+0000] {processor.py:925} INFO - DAG(s) 'consumer_complaints_incremental_load' retrieved from /opt/airflow/dags/consumer_complaints_incremental_dag.py
[2026-07-18T07:56:32.928+0000] {logging_mixin.py:190} INFO - [2026-07-18T07:56:32.928+0000] {dag.py:3239} INFO - Sync 1 DAGs
[2026-07-18T07:56:32.946+0000] {logging_mixin.py:190} INFO - [2026-07-18T07:56:32.945+0000] {dag.py:4180} INFO - Setting next_dagrun for consumer_complaints_incremental_load to 2026-01-01 00:00:00+00:00, run_after=2026-01-02 00:00:00+00:00
[2026-07-18T07:56:32.962+0000] {processor.py:208} INFO - Processing /opt/airflow/dags/consumer_complaints_incremental_dag.py took 0.405 seconds
[2026-07-18T07:57:03.409+0000] {processor.py:186} INFO - Started process (PID=3550) to work on /opt/airflow/dags/consumer_complaints_incremental_dag.py
[2026-07-18T07:57:03.411+0000] {processor.py:914} INFO - Processing file /opt/airflow/dags/consumer_complaints_incremental_dag.py for tasks to queue
[2026-07-18T07:57:03.412+0000] {logging_mixin.py:190} INFO - [2026-07-18T07:57:03.412+0000] {dagbag.py:588} INFO - Filling up the DagBag from /opt/airflow/dags/consumer_complaints_incremental_dag.py
[2026-07-18T07:57:03.771+0000] {processor.py:925} INFO - DAG(s) 'consumer_complaints_incremental_load' retrieved from /opt/airflow/dags/consumer_complaints_incremental_dag.py
[2026-07-18T07:57:03.790+0000] {logging_mixin.py:190} INFO - [2026-07-18T07:57:03.790+0000] {dag.py:3239} INFO - Sync 1 DAGs
[2026-07-18T07:57:03.811+0000] {logging_mixin.py:190} INFO - [2026-07-18T07:57:03.811+0000] {dag.py:4180} INFO - Setting next_dagrun for consumer_complaints_incremental_load to 2026-01-01 00:00:00+00:00, run_after=2026-01-02 00:00:00+00:00
[2026-07-18T07:57:03.832+0000] {processor.py:208} INFO - Processing /opt/airflow/dags/consumer_complaints_incremental_dag.py took 0.431 seconds
