[2026-07-24T04:57:25.902+0000] {processor.py:186} INFO - Started process (PID=179) to work on /opt/airflow/dags/wap_full_load_cfpb_pipeline.py
[2026-07-24T04:57:25.903+0000] {processor.py:914} INFO - Processing file /opt/airflow/dags/wap_full_load_cfpb_pipeline.py for tasks to queue
[2026-07-24T04:57:25.908+0000] {logging_mixin.py:190} INFO - [2026-07-24T04:57:25.907+0000] {dagbag.py:588} INFO - Filling up the DagBag from /opt/airflow/dags/wap_full_load_cfpb_pipeline.py
[2026-07-24T04:57:26.997+0000] {processor.py:925} INFO - DAG(s) 'wap_full_load_cfpb_pipeline' retrieved from /opt/airflow/dags/wap_full_load_cfpb_pipeline.py
[2026-07-24T04:57:27.092+0000] {logging_mixin.py:190} INFO - [2026-07-24T04:57:27.092+0000] {override.py:1900} INFO - Created Permission View: can delete on DAG:wap_full_load_cfpb_pipeline
[2026-07-24T04:57:27.110+0000] {logging_mixin.py:190} INFO - [2026-07-24T04:57:27.110+0000] {override.py:1900} INFO - Created Permission View: can edit on DAG:wap_full_load_cfpb_pipeline
[2026-07-24T04:57:27.122+0000] {logging_mixin.py:190} INFO - [2026-07-24T04:57:27.122+0000] {override.py:1900} INFO - Created Permission View: can read on DAG:wap_full_load_cfpb_pipeline
[2026-07-24T04:57:27.135+0000] {logging_mixin.py:190} INFO - [2026-07-24T04:57:27.134+0000] {override.py:1900} INFO - Created Permission View: can create on DAG Run:wap_full_load_cfpb_pipeline
[2026-07-24T04:57:27.146+0000] {logging_mixin.py:190} INFO - [2026-07-24T04:57:27.146+0000] {override.py:1900} INFO - Created Permission View: can delete on DAG Run:wap_full_load_cfpb_pipeline
[2026-07-24T04:57:27.157+0000] {logging_mixin.py:190} INFO - [2026-07-24T04:57:27.157+0000] {override.py:1900} INFO - Created Permission View: menu access on DAG Run:wap_full_load_cfpb_pipeline
[2026-07-24T04:57:27.169+0000] {logging_mixin.py:190} INFO - [2026-07-24T04:57:27.168+0000] {override.py:1900} INFO - Created Permission View: can read on DAG Run:wap_full_load_cfpb_pipeline
[2026-07-24T04:57:27.169+0000] {logging_mixin.py:190} INFO - [2026-07-24T04:57:27.169+0000] {dag.py:3239} INFO - Sync 1 DAGs
[2026-07-24T04:57:27.192+0000] {logging_mixin.py:190} INFO - [2026-07-24T04:57:27.191+0000] {dag.py:3262} INFO - Creating ORM DAG for wap_full_load_cfpb_pipeline
[2026-07-24T04:57:27.205+0000] {logging_mixin.py:190} INFO - [2026-07-24T04:57:27.204+0000] {dag.py:4180} INFO - Setting next_dagrun for wap_full_load_cfpb_pipeline to 2026-01-01 00:00:00+00:00, run_after=2026-01-01 00:00:00+00:00
[2026-07-24T04:57:27.239+0000] {processor.py:208} INFO - Processing /opt/airflow/dags/wap_full_load_cfpb_pipeline.py took 1.350 seconds
[2026-07-24T04:57:57.317+0000] {processor.py:186} INFO - Started process (PID=269) to work on /opt/airflow/dags/wap_full_load_cfpb_pipeline.py
[2026-07-24T04:57:57.318+0000] {processor.py:914} INFO - Processing file /opt/airflow/dags/wap_full_load_cfpb_pipeline.py for tasks to queue
[2026-07-24T04:57:57.321+0000] {logging_mixin.py:190} INFO - [2026-07-24T04:57:57.321+0000] {dagbag.py:588} INFO - Filling up the DagBag from /opt/airflow/dags/wap_full_load_cfpb_pipeline.py
[2026-07-24T04:57:57.635+0000] {processor.py:925} INFO - DAG(s) 'wap_full_load_cfpb_pipeline' retrieved from /opt/airflow/dags/wap_full_load_cfpb_pipeline.py
[2026-07-24T04:57:57.667+0000] {logging_mixin.py:190} INFO - [2026-07-24T04:57:57.667+0000] {dag.py:3239} INFO - Sync 1 DAGs
[2026-07-24T04:57:57.690+0000] {logging_mixin.py:190} INFO - [2026-07-24T04:57:57.690+0000] {dag.py:4180} INFO - Setting next_dagrun for wap_full_load_cfpb_pipeline to 2026-01-01 00:00:00+00:00, run_after=2026-01-01 00:00:00+00:00
[2026-07-24T04:57:57.714+0000] {processor.py:208} INFO - Processing /opt/airflow/dags/wap_full_load_cfpb_pipeline.py took 0.402 seconds
[2026-07-24T04:58:27.814+0000] {processor.py:186} INFO - Started process (PID=352) to work on /opt/airflow/dags/wap_full_load_cfpb_pipeline.py
[2026-07-24T04:58:27.815+0000] {processor.py:914} INFO - Processing file /opt/airflow/dags/wap_full_load_cfpb_pipeline.py for tasks to queue
[2026-07-24T04:58:27.818+0000] {logging_mixin.py:190} INFO - [2026-07-24T04:58:27.818+0000] {dagbag.py:588} INFO - Filling up the DagBag from /opt/airflow/dags/wap_full_load_cfpb_pipeline.py
[2026-07-24T04:58:28.200+0000] {processor.py:925} INFO - DAG(s) 'wap_full_load_cfpb_pipeline' retrieved from /opt/airflow/dags/wap_full_load_cfpb_pipeline.py
[2026-07-24T04:58:28.235+0000] {logging_mixin.py:190} INFO - [2026-07-24T04:58:28.234+0000] {dag.py:3239} INFO - Sync 1 DAGs
[2026-07-24T04:58:28.269+0000] {logging_mixin.py:190} INFO - [2026-07-24T04:58:28.269+0000] {dag.py:4180} INFO - Setting next_dagrun for wap_full_load_cfpb_pipeline to 2026-01-01 00:00:00+00:00, run_after=2026-01-01 00:00:00+00:00
[2026-07-24T04:58:28.320+0000] {processor.py:208} INFO - Processing /opt/airflow/dags/wap_full_load_cfpb_pipeline.py took 0.513 seconds
[2026-07-24T04:58:58.825+0000] {processor.py:186} INFO - Started process (PID=438) to work on /opt/airflow/dags/wap_full_load_cfpb_pipeline.py
[2026-07-24T04:58:58.826+0000] {processor.py:914} INFO - Processing file /opt/airflow/dags/wap_full_load_cfpb_pipeline.py for tasks to queue
[2026-07-24T04:58:58.832+0000] {logging_mixin.py:190} INFO - [2026-07-24T04:58:58.832+0000] {dagbag.py:588} INFO - Filling up the DagBag from /opt/airflow/dags/wap_full_load_cfpb_pipeline.py
[2026-07-24T04:58:59.438+0000] {processor.py:925} INFO - DAG(s) 'wap_full_load_cfpb_pipeline' retrieved from /opt/airflow/dags/wap_full_load_cfpb_pipeline.py
[2026-07-24T04:58:59.486+0000] {logging_mixin.py:190} INFO - [2026-07-24T04:58:59.486+0000] {dag.py:3239} INFO - Sync 1 DAGs
[2026-07-24T04:58:59.528+0000] {logging_mixin.py:190} INFO - [2026-07-24T04:58:59.528+0000] {dag.py:4180} INFO - Setting next_dagrun for wap_full_load_cfpb_pipeline to 2026-01-01 00:00:00+00:00, run_after=2026-01-01 00:00:00+00:00
[2026-07-24T04:58:59.576+0000] {processor.py:208} INFO - Processing /opt/airflow/dags/wap_full_load_cfpb_pipeline.py took 0.762 seconds
[2026-07-24T04:59:29.761+0000] {processor.py:186} INFO - Started process (PID=523) to work on /opt/airflow/dags/wap_full_load_cfpb_pipeline.py
[2026-07-24T04:59:29.763+0000] {processor.py:914} INFO - Processing file /opt/airflow/dags/wap_full_load_cfpb_pipeline.py for tasks to queue
[2026-07-24T04:59:29.768+0000] {logging_mixin.py:190} INFO - [2026-07-24T04:59:29.767+0000] {dagbag.py:588} INFO - Filling up the DagBag from /opt/airflow/dags/wap_full_load_cfpb_pipeline.py
[2026-07-24T04:59:30.152+0000] {processor.py:925} INFO - DAG(s) 'wap_full_load_cfpb_pipeline' retrieved from /opt/airflow/dags/wap_full_load_cfpb_pipeline.py
[2026-07-24T04:59:30.185+0000] {logging_mixin.py:190} INFO - [2026-07-24T04:59:30.184+0000] {dag.py:3239} INFO - Sync 1 DAGs
[2026-07-24T04:59:30.211+0000] {logging_mixin.py:190} INFO - [2026-07-24T04:59:30.211+0000] {dag.py:4180} INFO - Setting next_dagrun for wap_full_load_cfpb_pipeline to 2026-01-01 00:00:00+00:00, run_after=2026-01-01 00:00:00+00:00
[2026-07-24T04:59:30.244+0000] {processor.py:208} INFO - Processing /opt/airflow/dags/wap_full_load_cfpb_pipeline.py took 0.492 seconds
[2026-07-24T05:00:00.681+0000] {processor.py:186} INFO - Started process (PID=606) to work on /opt/airflow/dags/wap_full_load_cfpb_pipeline.py
[2026-07-24T05:00:00.682+0000] {processor.py:914} INFO - Processing file /opt/airflow/dags/wap_full_load_cfpb_pipeline.py for tasks to queue
[2026-07-24T05:00:00.686+0000] {logging_mixin.py:190} INFO - [2026-07-24T05:00:00.685+0000] {dagbag.py:588} INFO - Filling up the DagBag from /opt/airflow/dags/wap_full_load_cfpb_pipeline.py
[2026-07-24T05:00:01.204+0000] {processor.py:925} INFO - DAG(s) 'wap_full_load_cfpb_pipeline' retrieved from /opt/airflow/dags/wap_full_load_cfpb_pipeline.py
[2026-07-24T05:00:01.238+0000] {logging_mixin.py:190} INFO - [2026-07-24T05:00:01.238+0000] {dag.py:3239} INFO - Sync 1 DAGs
[2026-07-24T05:00:01.269+0000] {logging_mixin.py:190} INFO - [2026-07-24T05:00:01.268+0000] {dag.py:4180} INFO - Setting next_dagrun for wap_full_load_cfpb_pipeline to 2026-01-01 00:00:00+00:00, run_after=2026-01-01 00:00:00+00:00
[2026-07-24T05:00:01.305+0000] {processor.py:208} INFO - Processing /opt/airflow/dags/wap_full_load_cfpb_pipeline.py took 0.640 seconds
[2026-07-24T05:00:32.136+0000] {processor.py:186} INFO - Started process (PID=694) to work on /opt/airflow/dags/wap_full_load_cfpb_pipeline.py
[2026-07-24T05:00:32.139+0000] {processor.py:914} INFO - Processing file /opt/airflow/dags/wap_full_load_cfpb_pipeline.py for tasks to queue
[2026-07-24T05:00:32.143+0000] {logging_mixin.py:190} INFO - [2026-07-24T05:00:32.143+0000] {dagbag.py:588} INFO - Filling up the DagBag from /opt/airflow/dags/wap_full_load_cfpb_pipeline.py
[2026-07-24T05:00:32.587+0000] {processor.py:925} INFO - DAG(s) 'wap_full_load_cfpb_pipeline' retrieved from /opt/airflow/dags/wap_full_load_cfpb_pipeline.py
[2026-07-24T05:00:32.627+0000] {logging_mixin.py:190} INFO - [2026-07-24T05:00:32.627+0000] {dag.py:3239} INFO - Sync 1 DAGs
[2026-07-24T05:00:32.669+0000] {logging_mixin.py:190} INFO - [2026-07-24T05:00:32.669+0000] {dag.py:4180} INFO - Setting next_dagrun for wap_full_load_cfpb_pipeline to 2026-01-01 00:00:00+00:00, run_after=2026-01-01 00:00:00+00:00
[2026-07-24T05:00:32.710+0000] {processor.py:208} INFO - Processing /opt/airflow/dags/wap_full_load_cfpb_pipeline.py took 0.582 seconds
[2026-07-24T05:01:02.787+0000] {processor.py:186} INFO - Started process (PID=780) to work on /opt/airflow/dags/wap_full_load_cfpb_pipeline.py
[2026-07-24T05:01:02.788+0000] {processor.py:914} INFO - Processing file /opt/airflow/dags/wap_full_load_cfpb_pipeline.py for tasks to queue
[2026-07-24T05:01:02.790+0000] {logging_mixin.py:190} INFO - [2026-07-24T05:01:02.790+0000] {dagbag.py:588} INFO - Filling up the DagBag from /opt/airflow/dags/wap_full_load_cfpb_pipeline.py
[2026-07-24T05:01:03.070+0000] {processor.py:925} INFO - DAG(s) 'wap_full_load_cfpb_pipeline' retrieved from /opt/airflow/dags/wap_full_load_cfpb_pipeline.py
[2026-07-24T05:01:03.093+0000] {logging_mixin.py:190} INFO - [2026-07-24T05:01:03.093+0000] {dag.py:3239} INFO - Sync 1 DAGs
[2026-07-24T05:01:03.115+0000] {logging_mixin.py:190} INFO - [2026-07-24T05:01:03.115+0000] {dag.py:4180} INFO - Setting next_dagrun for wap_full_load_cfpb_pipeline to 2026-01-01 00:00:00+00:00, run_after=2026-01-01 00:00:00+00:00
[2026-07-24T05:01:03.132+0000] {processor.py:208} INFO - Processing /opt/airflow/dags/wap_full_load_cfpb_pipeline.py took 0.352 seconds
[2026-07-24T05:04:18.220+0000] {processor.py:186} INFO - Started process (PID=179) to work on /opt/airflow/dags/wap_full_load_cfpb_pipeline.py
[2026-07-24T05:04:18.222+0000] {processor.py:914} INFO - Processing file /opt/airflow/dags/wap_full_load_cfpb_pipeline.py for tasks to queue
[2026-07-24T05:04:18.228+0000] {logging_mixin.py:190} INFO - [2026-07-24T05:04:18.227+0000] {dagbag.py:588} INFO - Filling up the DagBag from /opt/airflow/dags/wap_full_load_cfpb_pipeline.py
[2026-07-24T05:04:19.258+0000] {processor.py:925} INFO - DAG(s) 'wap_full_load_cfpb_pipeline' retrieved from /opt/airflow/dags/wap_full_load_cfpb_pipeline.py
[2026-07-24T05:04:19.414+0000] {logging_mixin.py:190} INFO - [2026-07-24T05:04:19.412+0000] {override.py:1900} INFO - Created Permission View: can delete on DAG:wap_full_load_cfpb_pipeline
[2026-07-24T05:04:19.434+0000] {logging_mixin.py:190} INFO - [2026-07-24T05:04:19.434+0000] {override.py:1900} INFO - Created Permission View: can read on DAG:wap_full_load_cfpb_pipeline
[2026-07-24T05:04:19.450+0000] {logging_mixin.py:190} INFO - [2026-07-24T05:04:19.449+0000] {override.py:1900} INFO - Created Permission View: can edit on DAG:wap_full_load_cfpb_pipeline
[2026-07-24T05:04:19.467+0000] {logging_mixin.py:190} INFO - [2026-07-24T05:04:19.466+0000] {override.py:1900} INFO - Created Permission View: can delete on DAG Run:wap_full_load_cfpb_pipeline
[2026-07-24T05:04:19.487+0000] {logging_mixin.py:190} INFO - [2026-07-24T05:04:19.486+0000] {override.py:1900} INFO - Created Permission View: can read on DAG Run:wap_full_load_cfpb_pipeline
[2026-07-24T05:04:19.501+0000] {logging_mixin.py:190} INFO - [2026-07-24T05:04:19.501+0000] {override.py:1900} INFO - Created Permission View: can create on DAG Run:wap_full_load_cfpb_pipeline
[2026-07-24T05:04:19.518+0000] {logging_mixin.py:190} INFO - [2026-07-24T05:04:19.517+0000] {override.py:1900} INFO - Created Permission View: menu access on DAG Run:wap_full_load_cfpb_pipeline
[2026-07-24T05:04:19.519+0000] {logging_mixin.py:190} INFO - [2026-07-24T05:04:19.519+0000] {dag.py:3239} INFO - Sync 1 DAGs
[2026-07-24T05:04:19.550+0000] {logging_mixin.py:190} INFO - [2026-07-24T05:04:19.550+0000] {dag.py:3262} INFO - Creating ORM DAG for wap_full_load_cfpb_pipeline
[2026-07-24T05:04:19.574+0000] {logging_mixin.py:190} INFO - [2026-07-24T05:04:19.573+0000] {dag.py:4180} INFO - Setting next_dagrun for wap_full_load_cfpb_pipeline to 2026-01-01 00:00:00+00:00, run_after=2026-01-01 00:00:00+00:00
[2026-07-24T05:04:19.620+0000] {processor.py:208} INFO - Processing /opt/airflow/dags/wap_full_load_cfpb_pipeline.py took 1.414 seconds
[2026-07-24T05:04:50.148+0000] {processor.py:186} INFO - Started process (PID=269) to work on /opt/airflow/dags/wap_full_load_cfpb_pipeline.py
[2026-07-24T05:04:50.150+0000] {processor.py:914} INFO - Processing file /opt/airflow/dags/wap_full_load_cfpb_pipeline.py for tasks to queue
[2026-07-24T05:04:50.157+0000] {logging_mixin.py:190} INFO - [2026-07-24T05:04:50.155+0000] {dagbag.py:588} INFO - Filling up the DagBag from /opt/airflow/dags/wap_full_load_cfpb_pipeline.py
[2026-07-24T05:04:51.011+0000] {processor.py:925} INFO - DAG(s) 'wap_full_load_cfpb_pipeline' retrieved from /opt/airflow/dags/wap_full_load_cfpb_pipeline.py
[2026-07-24T05:04:51.068+0000] {logging_mixin.py:190} INFO - [2026-07-24T05:04:51.067+0000] {dag.py:3239} INFO - Sync 1 DAGs
[2026-07-24T05:04:51.132+0000] {logging_mixin.py:190} INFO - [2026-07-24T05:04:51.132+0000] {dag.py:4180} INFO - Setting next_dagrun for wap_full_load_cfpb_pipeline to 2026-01-01 00:00:00+00:00, run_after=2026-01-01 00:00:00+00:00
[2026-07-24T05:04:51.174+0000] {processor.py:208} INFO - Processing /opt/airflow/dags/wap_full_load_cfpb_pipeline.py took 1.043 seconds
[2026-07-24T05:05:21.437+0000] {processor.py:186} INFO - Started process (PID=352) to work on /opt/airflow/dags/wap_full_load_cfpb_pipeline.py
[2026-07-24T05:05:21.438+0000] {processor.py:914} INFO - Processing file /opt/airflow/dags/wap_full_load_cfpb_pipeline.py for tasks to queue
[2026-07-24T05:05:21.443+0000] {logging_mixin.py:190} INFO - [2026-07-24T05:05:21.442+0000] {dagbag.py:588} INFO - Filling up the DagBag from /opt/airflow/dags/wap_full_load_cfpb_pipeline.py
[2026-07-24T05:05:21.859+0000] {processor.py:925} INFO - DAG(s) 'wap_full_load_cfpb_pipeline' retrieved from /opt/airflow/dags/wap_full_load_cfpb_pipeline.py
[2026-07-24T05:05:21.893+0000] {logging_mixin.py:190} INFO - [2026-07-24T05:05:21.893+0000] {dag.py:3239} INFO - Sync 1 DAGs
[2026-07-24T05:05:21.917+0000] {logging_mixin.py:190} INFO - [2026-07-24T05:05:21.917+0000] {dag.py:4180} INFO - Setting next_dagrun for wap_full_load_cfpb_pipeline to 2026-01-01 00:00:00+00:00, run_after=2026-01-01 00:00:00+00:00
[2026-07-24T05:05:21.946+0000] {processor.py:208} INFO - Processing /opt/airflow/dags/wap_full_load_cfpb_pipeline.py took 0.516 seconds
[2026-07-24T05:05:52.207+0000] {processor.py:186} INFO - Started process (PID=438) to work on /opt/airflow/dags/wap_full_load_cfpb_pipeline.py
[2026-07-24T05:05:52.208+0000] {processor.py:914} INFO - Processing file /opt/airflow/dags/wap_full_load_cfpb_pipeline.py for tasks to queue
[2026-07-24T05:05:52.211+0000] {logging_mixin.py:190} INFO - [2026-07-24T05:05:52.211+0000] {dagbag.py:588} INFO - Filling up the DagBag from /opt/airflow/dags/wap_full_load_cfpb_pipeline.py
[2026-07-24T05:05:52.507+0000] {processor.py:925} INFO - DAG(s) 'wap_full_load_cfpb_pipeline' retrieved from /opt/airflow/dags/wap_full_load_cfpb_pipeline.py
[2026-07-24T05:05:52.546+0000] {logging_mixin.py:190} INFO - [2026-07-24T05:05:52.545+0000] {dag.py:3239} INFO - Sync 1 DAGs
[2026-07-24T05:05:52.567+0000] {logging_mixin.py:190} INFO - [2026-07-24T05:05:52.567+0000] {dag.py:4180} INFO - Setting next_dagrun for wap_full_load_cfpb_pipeline to 2026-01-01 00:00:00+00:00, run_after=2026-01-01 00:00:00+00:00
[2026-07-24T05:05:52.588+0000] {processor.py:208} INFO - Processing /opt/airflow/dags/wap_full_load_cfpb_pipeline.py took 0.388 seconds
[2026-07-24T05:06:22.910+0000] {processor.py:186} INFO - Started process (PID=523) to work on /opt/airflow/dags/wap_full_load_cfpb_pipeline.py
[2026-07-24T05:06:22.912+0000] {processor.py:914} INFO - Processing file /opt/airflow/dags/wap_full_load_cfpb_pipeline.py for tasks to queue
[2026-07-24T05:06:22.919+0000] {logging_mixin.py:190} INFO - [2026-07-24T05:06:22.918+0000] {dagbag.py:588} INFO - Filling up the DagBag from /opt/airflow/dags/wap_full_load_cfpb_pipeline.py
[2026-07-24T05:06:23.243+0000] {processor.py:925} INFO - DAG(s) 'wap_full_load_cfpb_pipeline' retrieved from /opt/airflow/dags/wap_full_load_cfpb_pipeline.py
[2026-07-24T05:06:23.268+0000] {logging_mixin.py:190} INFO - [2026-07-24T05:06:23.268+0000] {dag.py:3239} INFO - Sync 1 DAGs
[2026-07-24T05:06:23.292+0000] {logging_mixin.py:190} INFO - [2026-07-24T05:06:23.291+0000] {dag.py:4180} INFO - Setting next_dagrun for wap_full_load_cfpb_pipeline to 2026-01-01 00:00:00+00:00, run_after=2026-01-01 00:00:00+00:00
[2026-07-24T05:06:23.313+0000] {processor.py:208} INFO - Processing /opt/airflow/dags/wap_full_load_cfpb_pipeline.py took 0.415 seconds
[2026-07-24T05:06:53.490+0000] {processor.py:186} INFO - Started process (PID=606) to work on /opt/airflow/dags/wap_full_load_cfpb_pipeline.py
[2026-07-24T05:06:53.491+0000] {processor.py:914} INFO - Processing file /opt/airflow/dags/wap_full_load_cfpb_pipeline.py for tasks to queue
[2026-07-24T05:06:53.497+0000] {logging_mixin.py:190} INFO - [2026-07-24T05:06:53.497+0000] {dagbag.py:588} INFO - Filling up the DagBag from /opt/airflow/dags/wap_full_load_cfpb_pipeline.py
[2026-07-24T05:06:53.933+0000] {processor.py:925} INFO - DAG(s) 'wap_full_load_cfpb_pipeline' retrieved from /opt/airflow/dags/wap_full_load_cfpb_pipeline.py
[2026-07-24T05:06:53.975+0000] {logging_mixin.py:190} INFO - [2026-07-24T05:06:53.974+0000] {dag.py:3239} INFO - Sync 1 DAGs
[2026-07-24T05:06:54.006+0000] {logging_mixin.py:190} INFO - [2026-07-24T05:06:54.006+0000] {dag.py:4180} INFO - Setting next_dagrun for wap_full_load_cfpb_pipeline to 2026-01-01 00:00:00+00:00, run_after=2026-01-01 00:00:00+00:00
[2026-07-24T05:06:54.041+0000] {processor.py:208} INFO - Processing /opt/airflow/dags/wap_full_load_cfpb_pipeline.py took 0.559 seconds
[2026-07-24T05:07:24.688+0000] {processor.py:186} INFO - Started process (PID=694) to work on /opt/airflow/dags/wap_full_load_cfpb_pipeline.py
[2026-07-24T05:07:24.690+0000] {processor.py:914} INFO - Processing file /opt/airflow/dags/wap_full_load_cfpb_pipeline.py for tasks to queue
[2026-07-24T05:07:24.694+0000] {logging_mixin.py:190} INFO - [2026-07-24T05:07:24.694+0000] {dagbag.py:588} INFO - Filling up the DagBag from /opt/airflow/dags/wap_full_load_cfpb_pipeline.py
[2026-07-24T05:07:25.211+0000] {processor.py:925} INFO - DAG(s) 'wap_full_load_cfpb_pipeline' retrieved from /opt/airflow/dags/wap_full_load_cfpb_pipeline.py
[2026-07-24T05:07:25.251+0000] {logging_mixin.py:190} INFO - [2026-07-24T05:07:25.251+0000] {dag.py:3239} INFO - Sync 1 DAGs
[2026-07-24T05:07:25.291+0000] {logging_mixin.py:190} INFO - [2026-07-24T05:07:25.290+0000] {dag.py:4180} INFO - Setting next_dagrun for wap_full_load_cfpb_pipeline to 2026-01-01 00:00:00+00:00, run_after=2026-01-01 00:00:00+00:00
[2026-07-24T05:07:25.335+0000] {processor.py:208} INFO - Processing /opt/airflow/dags/wap_full_load_cfpb_pipeline.py took 0.657 seconds
[2026-07-24T05:07:55.989+0000] {processor.py:186} INFO - Started process (PID=780) to work on /opt/airflow/dags/wap_full_load_cfpb_pipeline.py
[2026-07-24T05:07:55.995+0000] {processor.py:914} INFO - Processing file /opt/airflow/dags/wap_full_load_cfpb_pipeline.py for tasks to queue
[2026-07-24T05:07:56.000+0000] {logging_mixin.py:190} INFO - [2026-07-24T05:07:55.999+0000] {dagbag.py:588} INFO - Filling up the DagBag from /opt/airflow/dags/wap_full_load_cfpb_pipeline.py
[2026-07-24T05:07:56.352+0000] {processor.py:925} INFO - DAG(s) 'wap_full_load_cfpb_pipeline' retrieved from /opt/airflow/dags/wap_full_load_cfpb_pipeline.py
[2026-07-24T05:07:56.391+0000] {logging_mixin.py:190} INFO - [2026-07-24T05:07:56.391+0000] {dag.py:3239} INFO - Sync 1 DAGs
[2026-07-24T05:07:56.425+0000] {logging_mixin.py:190} INFO - [2026-07-24T05:07:56.425+0000] {dag.py:4180} INFO - Setting next_dagrun for wap_full_load_cfpb_pipeline to 2026-01-01 00:00:00+00:00, run_after=2026-01-01 00:00:00+00:00
[2026-07-24T05:07:56.457+0000] {processor.py:208} INFO - Processing /opt/airflow/dags/wap_full_load_cfpb_pipeline.py took 0.480 seconds
[2026-07-24T05:08:27.064+0000] {processor.py:186} INFO - Started process (PID=865) to work on /opt/airflow/dags/wap_full_load_cfpb_pipeline.py
[2026-07-24T05:08:27.066+0000] {processor.py:914} INFO - Processing file /opt/airflow/dags/wap_full_load_cfpb_pipeline.py for tasks to queue
[2026-07-24T05:08:27.072+0000] {logging_mixin.py:190} INFO - [2026-07-24T05:08:27.071+0000] {dagbag.py:588} INFO - Filling up the DagBag from /opt/airflow/dags/wap_full_load_cfpb_pipeline.py
[2026-07-24T05:08:27.638+0000] {processor.py:925} INFO - DAG(s) 'wap_full_load_cfpb_pipeline' retrieved from /opt/airflow/dags/wap_full_load_cfpb_pipeline.py
[2026-07-24T05:08:27.683+0000] {logging_mixin.py:190} INFO - [2026-07-24T05:08:27.683+0000] {dag.py:3239} INFO - Sync 1 DAGs
[2026-07-24T05:08:27.717+0000] {logging_mixin.py:190} INFO - [2026-07-24T05:08:27.716+0000] {dag.py:4180} INFO - Setting next_dagrun for wap_full_load_cfpb_pipeline to 2026-01-01 00:00:00+00:00, run_after=2026-01-01 00:00:00+00:00
[2026-07-24T05:08:27.743+0000] {processor.py:208} INFO - Processing /opt/airflow/dags/wap_full_load_cfpb_pipeline.py took 0.695 seconds
[2026-07-24T05:10:56.152+0000] {processor.py:186} INFO - Started process (PID=181) to work on /opt/airflow/dags/wap_full_load_cfpb_pipeline.py
[2026-07-24T05:10:56.155+0000] {processor.py:914} INFO - Processing file /opt/airflow/dags/wap_full_load_cfpb_pipeline.py for tasks to queue
[2026-07-24T05:10:56.161+0000] {logging_mixin.py:190} INFO - [2026-07-24T05:10:56.160+0000] {dagbag.py:588} INFO - Filling up the DagBag from /opt/airflow/dags/wap_full_load_cfpb_pipeline.py
[2026-07-24T05:10:56.805+0000] {processor.py:925} INFO - DAG(s) 'wap_full_load_cfpb_pipeline' retrieved from /opt/airflow/dags/wap_full_load_cfpb_pipeline.py
[2026-07-24T05:10:56.894+0000] {logging_mixin.py:190} INFO - [2026-07-24T05:10:56.893+0000] {override.py:1900} INFO - Created Permission View: can edit on DAG:wap_full_load_cfpb_pipeline
[2026-07-24T05:10:56.911+0000] {logging_mixin.py:190} INFO - [2026-07-24T05:10:56.910+0000] {override.py:1900} INFO - Created Permission View: can delete on DAG:wap_full_load_cfpb_pipeline
[2026-07-24T05:10:56.924+0000] {logging_mixin.py:190} INFO - [2026-07-24T05:10:56.924+0000] {override.py:1900} INFO - Created Permission View: can read on DAG:wap_full_load_cfpb_pipeline
[2026-07-24T05:10:56.939+0000] {logging_mixin.py:190} INFO - [2026-07-24T05:10:56.939+0000] {override.py:1900} INFO - Created Permission View: can create on DAG Run:wap_full_load_cfpb_pipeline
[2026-07-24T05:10:56.956+0000] {logging_mixin.py:190} INFO - [2026-07-24T05:10:56.955+0000] {override.py:1900} INFO - Created Permission View: menu access on DAG Run:wap_full_load_cfpb_pipeline
[2026-07-24T05:10:56.971+0000] {logging_mixin.py:190} INFO - [2026-07-24T05:10:56.970+0000] {override.py:1900} INFO - Created Permission View: can delete on DAG Run:wap_full_load_cfpb_pipeline
[2026-07-24T05:10:56.986+0000] {logging_mixin.py:190} INFO - [2026-07-24T05:10:56.985+0000] {override.py:1900} INFO - Created Permission View: can read on DAG Run:wap_full_load_cfpb_pipeline
[2026-07-24T05:10:56.987+0000] {logging_mixin.py:190} INFO - [2026-07-24T05:10:56.986+0000] {dag.py:3239} INFO - Sync 1 DAGs
[2026-07-24T05:10:57.012+0000] {logging_mixin.py:190} INFO - [2026-07-24T05:10:57.011+0000] {dag.py:3262} INFO - Creating ORM DAG for wap_full_load_cfpb_pipeline
[2026-07-24T05:10:57.028+0000] {logging_mixin.py:190} INFO - [2026-07-24T05:10:57.028+0000] {dag.py:4180} INFO - Setting next_dagrun for wap_full_load_cfpb_pipeline to 2026-01-01 00:00:00+00:00, run_after=2026-01-01 00:00:00+00:00
[2026-07-24T05:10:57.063+0000] {processor.py:208} INFO - Processing /opt/airflow/dags/wap_full_load_cfpb_pipeline.py took 0.923 seconds
[2026-07-24T05:11:27.814+0000] {processor.py:186} INFO - Started process (PID=271) to work on /opt/airflow/dags/wap_full_load_cfpb_pipeline.py
[2026-07-24T05:11:27.816+0000] {processor.py:914} INFO - Processing file /opt/airflow/dags/wap_full_load_cfpb_pipeline.py for tasks to queue
[2026-07-24T05:11:27.821+0000] {logging_mixin.py:190} INFO - [2026-07-24T05:11:27.820+0000] {dagbag.py:588} INFO - Filling up the DagBag from /opt/airflow/dags/wap_full_load_cfpb_pipeline.py
[2026-07-24T05:11:28.442+0000] {processor.py:925} INFO - DAG(s) 'wap_full_load_cfpb_pipeline' retrieved from /opt/airflow/dags/wap_full_load_cfpb_pipeline.py
[2026-07-24T05:11:28.498+0000] {logging_mixin.py:190} INFO - [2026-07-24T05:11:28.497+0000] {dag.py:3239} INFO - Sync 1 DAGs
[2026-07-24T05:11:28.553+0000] {logging_mixin.py:190} INFO - [2026-07-24T05:11:28.552+0000] {dag.py:4180} INFO - Setting next_dagrun for wap_full_load_cfpb_pipeline to 2026-01-01 00:00:00+00:00, run_after=2026-01-01 00:00:00+00:00
[2026-07-24T05:11:28.588+0000] {processor.py:208} INFO - Processing /opt/airflow/dags/wap_full_load_cfpb_pipeline.py took 0.784 seconds
[2026-07-24T05:11:59.534+0000] {processor.py:186} INFO - Started process (PID=354) to work on /opt/airflow/dags/wap_full_load_cfpb_pipeline.py
[2026-07-24T05:11:59.536+0000] {processor.py:914} INFO - Processing file /opt/airflow/dags/wap_full_load_cfpb_pipeline.py for tasks to queue
[2026-07-24T05:11:59.539+0000] {logging_mixin.py:190} INFO - [2026-07-24T05:11:59.538+0000] {dagbag.py:588} INFO - Filling up the DagBag from /opt/airflow/dags/wap_full_load_cfpb_pipeline.py
[2026-07-24T05:12:00.029+0000] {processor.py:925} INFO - DAG(s) 'wap_full_load_cfpb_pipeline' retrieved from /opt/airflow/dags/wap_full_load_cfpb_pipeline.py
[2026-07-24T05:12:00.060+0000] {logging_mixin.py:190} INFO - [2026-07-24T05:12:00.060+0000] {dag.py:3239} INFO - Sync 1 DAGs
[2026-07-24T05:12:00.092+0000] {logging_mixin.py:190} INFO - [2026-07-24T05:12:00.091+0000] {dag.py:4180} INFO - Setting next_dagrun for wap_full_load_cfpb_pipeline to 2026-01-01 00:00:00+00:00, run_after=2026-01-01 00:00:00+00:00
[2026-07-24T05:12:00.122+0000] {processor.py:208} INFO - Processing /opt/airflow/dags/wap_full_load_cfpb_pipeline.py took 0.592 seconds
[2026-07-24T05:12:30.261+0000] {processor.py:186} INFO - Started process (PID=440) to work on /opt/airflow/dags/wap_full_load_cfpb_pipeline.py
[2026-07-24T05:12:30.263+0000] {processor.py:914} INFO - Processing file /opt/airflow/dags/wap_full_load_cfpb_pipeline.py for tasks to queue
[2026-07-24T05:12:30.265+0000] {logging_mixin.py:190} INFO - [2026-07-24T05:12:30.265+0000] {dagbag.py:588} INFO - Filling up the DagBag from /opt/airflow/dags/wap_full_load_cfpb_pipeline.py
[2026-07-24T05:12:30.547+0000] {processor.py:925} INFO - DAG(s) 'wap_full_load_cfpb_pipeline' retrieved from /opt/airflow/dags/wap_full_load_cfpb_pipeline.py
[2026-07-24T05:12:30.570+0000] {logging_mixin.py:190} INFO - [2026-07-24T05:12:30.570+0000] {dag.py:3239} INFO - Sync 1 DAGs
[2026-07-24T05:12:30.592+0000] {logging_mixin.py:190} INFO - [2026-07-24T05:12:30.591+0000] {dag.py:4180} INFO - Setting next_dagrun for wap_full_load_cfpb_pipeline to 2026-01-01 00:00:00+00:00, run_after=2026-01-01 00:00:00+00:00
[2026-07-24T05:12:30.608+0000] {processor.py:208} INFO - Processing /opt/airflow/dags/wap_full_load_cfpb_pipeline.py took 0.357 seconds
[2026-07-24T05:13:01.331+0000] {processor.py:186} INFO - Started process (PID=525) to work on /opt/airflow/dags/wap_full_load_cfpb_pipeline.py
[2026-07-24T05:13:01.333+0000] {processor.py:914} INFO - Processing file /opt/airflow/dags/wap_full_load_cfpb_pipeline.py for tasks to queue
[2026-07-24T05:13:01.337+0000] {logging_mixin.py:190} INFO - [2026-07-24T05:13:01.336+0000] {dagbag.py:588} INFO - Filling up the DagBag from /opt/airflow/dags/wap_full_load_cfpb_pipeline.py
[2026-07-24T05:13:01.905+0000] {processor.py:925} INFO - DAG(s) 'wap_full_load_cfpb_pipeline' retrieved from /opt/airflow/dags/wap_full_load_cfpb_pipeline.py
[2026-07-24T05:13:01.957+0000] {logging_mixin.py:190} INFO - [2026-07-24T05:13:01.957+0000] {dag.py:3239} INFO - Sync 1 DAGs
[2026-07-24T05:13:02.006+0000] {logging_mixin.py:190} INFO - [2026-07-24T05:13:02.005+0000] {dag.py:4180} INFO - Setting next_dagrun for wap_full_load_cfpb_pipeline to 2026-01-01 00:00:00+00:00, run_after=2026-01-01 00:00:00+00:00
[2026-07-24T05:13:02.046+0000] {processor.py:208} INFO - Processing /opt/airflow/dags/wap_full_load_cfpb_pipeline.py took 0.724 seconds
[2026-07-24T05:13:32.837+0000] {processor.py:186} INFO - Started process (PID=608) to work on /opt/airflow/dags/wap_full_load_cfpb_pipeline.py
[2026-07-24T05:13:32.839+0000] {processor.py:914} INFO - Processing file /opt/airflow/dags/wap_full_load_cfpb_pipeline.py for tasks to queue
[2026-07-24T05:13:32.842+0000] {logging_mixin.py:190} INFO - [2026-07-24T05:13:32.842+0000] {dagbag.py:588} INFO - Filling up the DagBag from /opt/airflow/dags/wap_full_load_cfpb_pipeline.py
[2026-07-24T05:13:33.307+0000] {processor.py:925} INFO - DAG(s) 'wap_full_load_cfpb_pipeline' retrieved from /opt/airflow/dags/wap_full_load_cfpb_pipeline.py
[2026-07-24T05:13:33.347+0000] {logging_mixin.py:190} INFO - [2026-07-24T05:13:33.346+0000] {dag.py:3239} INFO - Sync 1 DAGs
[2026-07-24T05:13:33.387+0000] {logging_mixin.py:190} INFO - [2026-07-24T05:13:33.386+0000] {dag.py:4180} INFO - Setting next_dagrun for wap_full_load_cfpb_pipeline to 2026-01-01 00:00:00+00:00, run_after=2026-01-01 00:00:00+00:00
[2026-07-24T05:13:33.420+0000] {processor.py:208} INFO - Processing /opt/airflow/dags/wap_full_load_cfpb_pipeline.py took 0.593 seconds
[2026-07-24T05:14:04.388+0000] {processor.py:186} INFO - Started process (PID=696) to work on /opt/airflow/dags/wap_full_load_cfpb_pipeline.py
[2026-07-24T05:14:04.390+0000] {processor.py:914} INFO - Processing file /opt/airflow/dags/wap_full_load_cfpb_pipeline.py for tasks to queue
[2026-07-24T05:14:04.393+0000] {logging_mixin.py:190} INFO - [2026-07-24T05:14:04.393+0000] {dagbag.py:588} INFO - Filling up the DagBag from /opt/airflow/dags/wap_full_load_cfpb_pipeline.py
[2026-07-24T05:14:04.787+0000] {processor.py:925} INFO - DAG(s) 'wap_full_load_cfpb_pipeline' retrieved from /opt/airflow/dags/wap_full_load_cfpb_pipeline.py
[2026-07-24T05:14:04.824+0000] {logging_mixin.py:190} INFO - [2026-07-24T05:14:04.824+0000] {dag.py:3239} INFO - Sync 1 DAGs
[2026-07-24T05:14:04.862+0000] {logging_mixin.py:190} INFO - [2026-07-24T05:14:04.862+0000] {dag.py:4180} INFO - Setting next_dagrun for wap_full_load_cfpb_pipeline to 2026-01-01 00:00:00+00:00, run_after=2026-01-01 00:00:00+00:00
[2026-07-24T05:14:04.896+0000] {processor.py:208} INFO - Processing /opt/airflow/dags/wap_full_load_cfpb_pipeline.py took 0.519 seconds
[2026-07-24T05:14:35.859+0000] {processor.py:186} INFO - Started process (PID=846) to work on /opt/airflow/dags/wap_full_load_cfpb_pipeline.py
[2026-07-24T05:14:35.861+0000] {processor.py:914} INFO - Processing file /opt/airflow/dags/wap_full_load_cfpb_pipeline.py for tasks to queue
[2026-07-24T05:14:35.866+0000] {logging_mixin.py:190} INFO - [2026-07-24T05:14:35.866+0000] {dagbag.py:588} INFO - Filling up the DagBag from /opt/airflow/dags/wap_full_load_cfpb_pipeline.py
[2026-07-24T05:15:47.155+0000] {processor.py:186} INFO - Started process (PID=180) to work on /opt/airflow/dags/wap_full_load_cfpb_pipeline.py
[2026-07-24T05:15:47.156+0000] {processor.py:914} INFO - Processing file /opt/airflow/dags/wap_full_load_cfpb_pipeline.py for tasks to queue
[2026-07-24T05:15:47.161+0000] {logging_mixin.py:190} INFO - [2026-07-24T05:15:47.161+0000] {dagbag.py:588} INFO - Filling up the DagBag from /opt/airflow/dags/wap_full_load_cfpb_pipeline.py
[2026-07-24T05:15:47.819+0000] {processor.py:925} INFO - DAG(s) 'wap_full_load_cfpb_pipeline' retrieved from /opt/airflow/dags/wap_full_load_cfpb_pipeline.py
[2026-07-24T05:15:47.957+0000] {logging_mixin.py:190} INFO - [2026-07-24T05:15:47.956+0000] {override.py:1900} INFO - Created Permission View: can edit on DAG:wap_full_load_cfpb_pipeline
[2026-07-24T05:15:47.976+0000] {logging_mixin.py:190} INFO - [2026-07-24T05:15:47.976+0000] {override.py:1900} INFO - Created Permission View: can read on DAG:wap_full_load_cfpb_pipeline
[2026-07-24T05:15:48.004+0000] {logging_mixin.py:190} INFO - [2026-07-24T05:15:48.004+0000] {override.py:1900} INFO - Created Permission View: can delete on DAG:wap_full_load_cfpb_pipeline
[2026-07-24T05:15:48.034+0000] {logging_mixin.py:190} INFO - [2026-07-24T05:15:48.033+0000] {override.py:1900} INFO - Created Permission View: can create on DAG Run:wap_full_load_cfpb_pipeline
[2026-07-24T05:15:48.053+0000] {logging_mixin.py:190} INFO - [2026-07-24T05:15:48.052+0000] {override.py:1900} INFO - Created Permission View: menu access on DAG Run:wap_full_load_cfpb_pipeline
[2026-07-24T05:15:48.066+0000] {logging_mixin.py:190} INFO - [2026-07-24T05:15:48.066+0000] {override.py:1900} INFO - Created Permission View: can read on DAG Run:wap_full_load_cfpb_pipeline
[2026-07-24T05:15:48.085+0000] {logging_mixin.py:190} INFO - [2026-07-24T05:15:48.084+0000] {override.py:1900} INFO - Created Permission View: can delete on DAG Run:wap_full_load_cfpb_pipeline
[2026-07-24T05:15:48.089+0000] {logging_mixin.py:190} INFO - [2026-07-24T05:15:48.088+0000] {dag.py:3239} INFO - Sync 1 DAGs
[2026-07-24T05:15:48.118+0000] {logging_mixin.py:190} INFO - [2026-07-24T05:15:48.117+0000] {dag.py:3262} INFO - Creating ORM DAG for wap_full_load_cfpb_pipeline
[2026-07-24T05:15:48.142+0000] {logging_mixin.py:190} INFO - [2026-07-24T05:15:48.142+0000] {dag.py:4180} INFO - Setting next_dagrun for wap_full_load_cfpb_pipeline to 2026-01-01 00:00:00+00:00, run_after=2026-01-01 00:00:00+00:00
[2026-07-24T05:15:48.184+0000] {processor.py:208} INFO - Processing /opt/airflow/dags/wap_full_load_cfpb_pipeline.py took 1.040 seconds
[2026-07-24T05:16:18.613+0000] {processor.py:186} INFO - Started process (PID=270) to work on /opt/airflow/dags/wap_full_load_cfpb_pipeline.py
[2026-07-24T05:16:18.616+0000] {processor.py:914} INFO - Processing file /opt/airflow/dags/wap_full_load_cfpb_pipeline.py for tasks to queue
[2026-07-24T05:16:18.621+0000] {logging_mixin.py:190} INFO - [2026-07-24T05:16:18.620+0000] {dagbag.py:588} INFO - Filling up the DagBag from /opt/airflow/dags/wap_full_load_cfpb_pipeline.py
[2026-07-24T05:16:19.100+0000] {processor.py:925} INFO - DAG(s) 'wap_full_load_cfpb_pipeline' retrieved from /opt/airflow/dags/wap_full_load_cfpb_pipeline.py
[2026-07-24T05:16:19.144+0000] {logging_mixin.py:190} INFO - [2026-07-24T05:16:19.143+0000] {dag.py:3239} INFO - Sync 1 DAGs
[2026-07-24T05:16:19.179+0000] {logging_mixin.py:190} INFO - [2026-07-24T05:16:19.179+0000] {dag.py:4180} INFO - Setting next_dagrun for wap_full_load_cfpb_pipeline to 2026-01-01 00:00:00+00:00, run_after=2026-01-01 00:00:00+00:00
[2026-07-24T05:16:19.209+0000] {processor.py:208} INFO - Processing /opt/airflow/dags/wap_full_load_cfpb_pipeline.py took 0.605 seconds
[2026-07-24T05:16:49.768+0000] {processor.py:186} INFO - Started process (PID=353) to work on /opt/airflow/dags/wap_full_load_cfpb_pipeline.py
[2026-07-24T05:16:49.771+0000] {processor.py:914} INFO - Processing file /opt/airflow/dags/wap_full_load_cfpb_pipeline.py for tasks to queue
[2026-07-24T05:16:49.775+0000] {logging_mixin.py:190} INFO - [2026-07-24T05:16:49.775+0000] {dagbag.py:588} INFO - Filling up the DagBag from /opt/airflow/dags/wap_full_load_cfpb_pipeline.py
[2026-07-24T05:16:50.366+0000] {processor.py:925} INFO - DAG(s) 'wap_full_load_cfpb_pipeline' retrieved from /opt/airflow/dags/wap_full_load_cfpb_pipeline.py
[2026-07-24T05:16:50.413+0000] {logging_mixin.py:190} INFO - [2026-07-24T05:16:50.412+0000] {dag.py:3239} INFO - Sync 1 DAGs
[2026-07-24T05:16:50.452+0000] {logging_mixin.py:190} INFO - [2026-07-24T05:16:50.452+0000] {dag.py:4180} INFO - Setting next_dagrun for wap_full_load_cfpb_pipeline to 2026-01-01 00:00:00+00:00, run_after=2026-01-01 00:00:00+00:00
[2026-07-24T05:16:50.489+0000] {processor.py:208} INFO - Processing /opt/airflow/dags/wap_full_load_cfpb_pipeline.py took 0.732 seconds
[2026-07-24T05:17:20.774+0000] {processor.py:186} INFO - Started process (PID=439) to work on /opt/airflow/dags/wap_full_load_cfpb_pipeline.py
[2026-07-24T05:17:20.776+0000] {processor.py:914} INFO - Processing file /opt/airflow/dags/wap_full_load_cfpb_pipeline.py for tasks to queue
[2026-07-24T05:17:20.780+0000] {logging_mixin.py:190} INFO - [2026-07-24T05:17:20.780+0000] {dagbag.py:588} INFO - Filling up the DagBag from /opt/airflow/dags/wap_full_load_cfpb_pipeline.py
[2026-07-24T05:17:21.237+0000] {processor.py:925} INFO - DAG(s) 'wap_full_load_cfpb_pipeline' retrieved from /opt/airflow/dags/wap_full_load_cfpb_pipeline.py
[2026-07-24T05:17:21.279+0000] {logging_mixin.py:190} INFO - [2026-07-24T05:17:21.279+0000] {dag.py:3239} INFO - Sync 1 DAGs
[2026-07-24T05:17:21.329+0000] {logging_mixin.py:190} INFO - [2026-07-24T05:17:21.328+0000] {dag.py:4180} INFO - Setting next_dagrun for wap_full_load_cfpb_pipeline to 2026-01-01 00:00:00+00:00, run_after=2026-01-01 00:00:00+00:00
[2026-07-24T05:17:21.371+0000] {processor.py:208} INFO - Processing /opt/airflow/dags/wap_full_load_cfpb_pipeline.py took 0.603 seconds
[2026-07-24T05:17:52.134+0000] {processor.py:186} INFO - Started process (PID=524) to work on /opt/airflow/dags/wap_full_load_cfpb_pipeline.py
[2026-07-24T05:17:52.139+0000] {processor.py:914} INFO - Processing file /opt/airflow/dags/wap_full_load_cfpb_pipeline.py for tasks to queue
[2026-07-24T05:17:52.145+0000] {logging_mixin.py:190} INFO - [2026-07-24T05:17:52.144+0000] {dagbag.py:588} INFO - Filling up the DagBag from /opt/airflow/dags/wap_full_load_cfpb_pipeline.py
[2026-07-24T05:17:52.719+0000] {processor.py:925} INFO - DAG(s) 'wap_full_load_cfpb_pipeline' retrieved from /opt/airflow/dags/wap_full_load_cfpb_pipeline.py
[2026-07-24T05:17:52.760+0000] {logging_mixin.py:190} INFO - [2026-07-24T05:17:52.760+0000] {dag.py:3239} INFO - Sync 1 DAGs
[2026-07-24T05:17:52.788+0000] {logging_mixin.py:190} INFO - [2026-07-24T05:17:52.788+0000] {dag.py:4180} INFO - Setting next_dagrun for wap_full_load_cfpb_pipeline to 2026-01-01 00:00:00+00:00, run_after=2026-01-01 00:00:00+00:00
[2026-07-24T05:17:52.825+0000] {processor.py:208} INFO - Processing /opt/airflow/dags/wap_full_load_cfpb_pipeline.py took 0.703 seconds
[2026-07-24T05:18:23.378+0000] {processor.py:186} INFO - Started process (PID=607) to work on /opt/airflow/dags/wap_full_load_cfpb_pipeline.py
[2026-07-24T05:18:23.380+0000] {processor.py:914} INFO - Processing file /opt/airflow/dags/wap_full_load_cfpb_pipeline.py for tasks to queue
[2026-07-24T05:18:23.385+0000] {logging_mixin.py:190} INFO - [2026-07-24T05:18:23.385+0000] {dagbag.py:588} INFO - Filling up the DagBag from /opt/airflow/dags/wap_full_load_cfpb_pipeline.py
[2026-07-24T05:18:23.802+0000] {processor.py:925} INFO - DAG(s) 'wap_full_load_cfpb_pipeline' retrieved from /opt/airflow/dags/wap_full_load_cfpb_pipeline.py
[2026-07-24T05:18:23.837+0000] {logging_mixin.py:190} INFO - [2026-07-24T05:18:23.837+0000] {dag.py:3239} INFO - Sync 1 DAGs
[2026-07-24T05:18:23.868+0000] {logging_mixin.py:190} INFO - [2026-07-24T05:18:23.867+0000] {dag.py:4180} INFO - Setting next_dagrun for wap_full_load_cfpb_pipeline to 2026-01-01 00:00:00+00:00, run_after=2026-01-01 00:00:00+00:00
[2026-07-24T05:18:23.898+0000] {processor.py:208} INFO - Processing /opt/airflow/dags/wap_full_load_cfpb_pipeline.py took 0.528 seconds
[2026-07-24T05:18:54.183+0000] {processor.py:186} INFO - Started process (PID=695) to work on /opt/airflow/dags/wap_full_load_cfpb_pipeline.py
[2026-07-24T05:18:54.184+0000] {processor.py:914} INFO - Processing file /opt/airflow/dags/wap_full_load_cfpb_pipeline.py for tasks to queue
[2026-07-24T05:18:54.189+0000] {logging_mixin.py:190} INFO - [2026-07-24T05:18:54.188+0000] {dagbag.py:588} INFO - Filling up the DagBag from /opt/airflow/dags/wap_full_load_cfpb_pipeline.py
[2026-07-24T05:18:54.718+0000] {processor.py:925} INFO - DAG(s) 'wap_full_load_cfpb_pipeline' retrieved from /opt/airflow/dags/wap_full_load_cfpb_pipeline.py
[2026-07-24T05:18:54.748+0000] {logging_mixin.py:190} INFO - [2026-07-24T05:18:54.748+0000] {dag.py:3239} INFO - Sync 1 DAGs
[2026-07-24T05:18:54.778+0000] {logging_mixin.py:190} INFO - [2026-07-24T05:18:54.778+0000] {dag.py:4180} INFO - Setting next_dagrun for wap_full_load_cfpb_pipeline to 2026-01-01 00:00:00+00:00, run_after=2026-01-01 00:00:00+00:00
[2026-07-24T05:18:54.815+0000] {processor.py:208} INFO - Processing /opt/airflow/dags/wap_full_load_cfpb_pipeline.py took 0.639 seconds
[2026-07-24T05:19:25.051+0000] {processor.py:186} INFO - Started process (PID=781) to work on /opt/airflow/dags/wap_full_load_cfpb_pipeline.py
[2026-07-24T05:19:25.052+0000] {processor.py:914} INFO - Processing file /opt/airflow/dags/wap_full_load_cfpb_pipeline.py for tasks to queue
[2026-07-24T05:19:25.054+0000] {logging_mixin.py:190} INFO - [2026-07-24T05:19:25.053+0000] {dagbag.py:588} INFO - Filling up the DagBag from /opt/airflow/dags/wap_full_load_cfpb_pipeline.py
[2026-07-24T05:19:25.327+0000] {processor.py:925} INFO - DAG(s) 'wap_full_load_cfpb_pipeline' retrieved from /opt/airflow/dags/wap_full_load_cfpb_pipeline.py
[2026-07-24T05:19:25.349+0000] {logging_mixin.py:190} INFO - [2026-07-24T05:19:25.349+0000] {dag.py:3239} INFO - Sync 1 DAGs
[2026-07-24T05:19:25.369+0000] {logging_mixin.py:190} INFO - [2026-07-24T05:19:25.368+0000] {dag.py:4180} INFO - Setting next_dagrun for wap_full_load_cfpb_pipeline to 2026-01-01 00:00:00+00:00, run_after=2026-01-01 00:00:00+00:00
[2026-07-24T05:19:25.386+0000] {processor.py:208} INFO - Processing /opt/airflow/dags/wap_full_load_cfpb_pipeline.py took 0.341 seconds
[2026-07-24T05:19:55.486+0000] {processor.py:186} INFO - Started process (PID=866) to work on /opt/airflow/dags/wap_full_load_cfpb_pipeline.py
[2026-07-24T05:19:55.488+0000] {processor.py:914} INFO - Processing file /opt/airflow/dags/wap_full_load_cfpb_pipeline.py for tasks to queue
[2026-07-24T05:19:55.490+0000] {logging_mixin.py:190} INFO - [2026-07-24T05:19:55.489+0000] {dagbag.py:588} INFO - Filling up the DagBag from /opt/airflow/dags/wap_full_load_cfpb_pipeline.py
[2026-07-24T05:19:55.830+0000] {processor.py:925} INFO - DAG(s) 'wap_full_load_cfpb_pipeline' retrieved from /opt/airflow/dags/wap_full_load_cfpb_pipeline.py
[2026-07-24T05:19:55.867+0000] {logging_mixin.py:190} INFO - [2026-07-24T05:19:55.866+0000] {dag.py:3239} INFO - Sync 1 DAGs
[2026-07-24T05:19:55.890+0000] {logging_mixin.py:190} INFO - [2026-07-24T05:19:55.890+0000] {dag.py:4180} INFO - Setting next_dagrun for wap_full_load_cfpb_pipeline to 2026-01-01 00:00:00+00:00, run_after=2026-01-01 00:00:00+00:00
[2026-07-24T05:19:55.920+0000] {processor.py:208} INFO - Processing /opt/airflow/dags/wap_full_load_cfpb_pipeline.py took 0.439 seconds
[2026-07-24T05:20:26.054+0000] {processor.py:186} INFO - Started process (PID=954) to work on /opt/airflow/dags/wap_full_load_cfpb_pipeline.py
[2026-07-24T05:20:26.056+0000] {processor.py:914} INFO - Processing file /opt/airflow/dags/wap_full_load_cfpb_pipeline.py for tasks to queue
[2026-07-24T05:20:26.060+0000] {logging_mixin.py:190} INFO - [2026-07-24T05:20:26.060+0000] {dagbag.py:588} INFO - Filling up the DagBag from /opt/airflow/dags/wap_full_load_cfpb_pipeline.py
[2026-07-24T05:20:26.501+0000] {processor.py:925} INFO - DAG(s) 'wap_full_load_cfpb_pipeline' retrieved from /opt/airflow/dags/wap_full_load_cfpb_pipeline.py
[2026-07-24T05:20:26.540+0000] {logging_mixin.py:190} INFO - [2026-07-24T05:20:26.540+0000] {dag.py:3239} INFO - Sync 1 DAGs
[2026-07-24T05:20:26.579+0000] {logging_mixin.py:190} INFO - [2026-07-24T05:20:26.578+0000] {dag.py:4180} INFO - Setting next_dagrun for wap_full_load_cfpb_pipeline to 2026-01-01 00:00:00+00:00, run_after=2026-01-01 00:00:00+00:00
[2026-07-24T05:20:26.615+0000] {processor.py:208} INFO - Processing /opt/airflow/dags/wap_full_load_cfpb_pipeline.py took 0.571 seconds
[2026-07-24T05:20:56.743+0000] {processor.py:186} INFO - Started process (PID=1040) to work on /opt/airflow/dags/wap_full_load_cfpb_pipeline.py
[2026-07-24T05:20:56.745+0000] {processor.py:914} INFO - Processing file /opt/airflow/dags/wap_full_load_cfpb_pipeline.py for tasks to queue
[2026-07-24T05:20:56.749+0000] {logging_mixin.py:190} INFO - [2026-07-24T05:20:56.749+0000] {dagbag.py:588} INFO - Filling up the DagBag from /opt/airflow/dags/wap_full_load_cfpb_pipeline.py
[2026-07-24T05:20:57.072+0000] {processor.py:925} INFO - DAG(s) 'wap_full_load_cfpb_pipeline' retrieved from /opt/airflow/dags/wap_full_load_cfpb_pipeline.py
[2026-07-24T05:20:57.095+0000] {logging_mixin.py:190} INFO - [2026-07-24T05:20:57.095+0000] {dag.py:3239} INFO - Sync 1 DAGs
[2026-07-24T05:20:57.117+0000] {logging_mixin.py:190} INFO - [2026-07-24T05:20:57.116+0000] {dag.py:4180} INFO - Setting next_dagrun for wap_full_load_cfpb_pipeline to 2026-01-01 00:00:00+00:00, run_after=2026-01-01 00:00:00+00:00
[2026-07-24T05:20:57.137+0000] {processor.py:208} INFO - Processing /opt/airflow/dags/wap_full_load_cfpb_pipeline.py took 0.402 seconds
[2026-07-24T05:21:27.379+0000] {processor.py:186} INFO - Started process (PID=1125) to work on /opt/airflow/dags/wap_full_load_cfpb_pipeline.py
[2026-07-24T05:21:27.381+0000] {processor.py:914} INFO - Processing file /opt/airflow/dags/wap_full_load_cfpb_pipeline.py for tasks to queue
[2026-07-24T05:21:27.383+0000] {logging_mixin.py:190} INFO - [2026-07-24T05:21:27.383+0000] {dagbag.py:588} INFO - Filling up the DagBag from /opt/airflow/dags/wap_full_load_cfpb_pipeline.py
[2026-07-24T05:21:27.765+0000] {processor.py:925} INFO - DAG(s) 'wap_full_load_cfpb_pipeline' retrieved from /opt/airflow/dags/wap_full_load_cfpb_pipeline.py
[2026-07-24T05:21:27.797+0000] {logging_mixin.py:190} INFO - [2026-07-24T05:21:27.797+0000] {dag.py:3239} INFO - Sync 1 DAGs
[2026-07-24T05:21:27.822+0000] {logging_mixin.py:190} INFO - [2026-07-24T05:21:27.822+0000] {dag.py:4180} INFO - Setting next_dagrun for wap_full_load_cfpb_pipeline to 2026-01-01 00:00:00+00:00, run_after=2026-01-01 00:00:00+00:00
[2026-07-24T05:21:27.848+0000] {processor.py:208} INFO - Processing /opt/airflow/dags/wap_full_load_cfpb_pipeline.py took 0.477 seconds
[2026-07-24T05:21:58.631+0000] {processor.py:186} INFO - Started process (PID=1211) to work on /opt/airflow/dags/wap_full_load_cfpb_pipeline.py
[2026-07-24T05:21:58.633+0000] {processor.py:914} INFO - Processing file /opt/airflow/dags/wap_full_load_cfpb_pipeline.py for tasks to queue
[2026-07-24T05:21:58.638+0000] {logging_mixin.py:190} INFO - [2026-07-24T05:21:58.637+0000] {dagbag.py:588} INFO - Filling up the DagBag from /opt/airflow/dags/wap_full_load_cfpb_pipeline.py
[2026-07-24T05:21:59.175+0000] {processor.py:925} INFO - DAG(s) 'wap_full_load_cfpb_pipeline' retrieved from /opt/airflow/dags/wap_full_load_cfpb_pipeline.py
[2026-07-24T05:21:59.225+0000] {logging_mixin.py:190} INFO - [2026-07-24T05:21:59.225+0000] {dag.py:3239} INFO - Sync 1 DAGs
[2026-07-24T05:21:59.270+0000] {logging_mixin.py:190} INFO - [2026-07-24T05:21:59.269+0000] {dag.py:4180} INFO - Setting next_dagrun for wap_full_load_cfpb_pipeline to 2026-01-01 00:00:00+00:00, run_after=2026-01-01 00:00:00+00:00
[2026-07-24T05:21:59.315+0000] {processor.py:208} INFO - Processing /opt/airflow/dags/wap_full_load_cfpb_pipeline.py took 0.698 seconds
[2026-07-24T05:22:30.165+0000] {processor.py:186} INFO - Started process (PID=1296) to work on /opt/airflow/dags/wap_full_load_cfpb_pipeline.py
[2026-07-24T05:22:30.167+0000] {processor.py:914} INFO - Processing file /opt/airflow/dags/wap_full_load_cfpb_pipeline.py for tasks to queue
[2026-07-24T05:22:30.172+0000] {logging_mixin.py:190} INFO - [2026-07-24T05:22:30.171+0000] {dagbag.py:588} INFO - Filling up the DagBag from /opt/airflow/dags/wap_full_load_cfpb_pipeline.py
[2026-07-24T05:22:30.676+0000] {processor.py:925} INFO - DAG(s) 'wap_full_load_cfpb_pipeline' retrieved from /opt/airflow/dags/wap_full_load_cfpb_pipeline.py
[2026-07-24T05:22:30.718+0000] {logging_mixin.py:190} INFO - [2026-07-24T05:22:30.718+0000] {dag.py:3239} INFO - Sync 1 DAGs
[2026-07-24T05:22:30.755+0000] {logging_mixin.py:190} INFO - [2026-07-24T05:22:30.755+0000] {dag.py:4180} INFO - Setting next_dagrun for wap_full_load_cfpb_pipeline to 2026-01-01 00:00:00+00:00, run_after=2026-01-01 00:00:00+00:00
[2026-07-24T05:22:30.792+0000] {processor.py:208} INFO - Processing /opt/airflow/dags/wap_full_load_cfpb_pipeline.py took 0.634 seconds
[2026-07-24T05:23:01.216+0000] {processor.py:186} INFO - Started process (PID=1384) to work on /opt/airflow/dags/wap_full_load_cfpb_pipeline.py
[2026-07-24T05:23:01.218+0000] {processor.py:914} INFO - Processing file /opt/airflow/dags/wap_full_load_cfpb_pipeline.py for tasks to queue
[2026-07-24T05:23:01.227+0000] {logging_mixin.py:190} INFO - [2026-07-24T05:23:01.226+0000] {dagbag.py:588} INFO - Filling up the DagBag from /opt/airflow/dags/wap_full_load_cfpb_pipeline.py
[2026-07-24T05:23:01.721+0000] {processor.py:925} INFO - DAG(s) 'wap_full_load_cfpb_pipeline' retrieved from /opt/airflow/dags/wap_full_load_cfpb_pipeline.py
[2026-07-24T05:23:01.769+0000] {logging_mixin.py:190} INFO - [2026-07-24T05:23:01.769+0000] {dag.py:3239} INFO - Sync 1 DAGs
[2026-07-24T05:23:01.809+0000] {logging_mixin.py:190} INFO - [2026-07-24T05:23:01.809+0000] {dag.py:4180} INFO - Setting next_dagrun for wap_full_load_cfpb_pipeline to 2026-01-01 00:00:00+00:00, run_after=2026-01-01 00:00:00+00:00
[2026-07-24T05:23:02.022+0000] {processor.py:208} INFO - Processing /opt/airflow/dags/wap_full_load_cfpb_pipeline.py took 0.814 seconds
[2026-07-24T05:23:32.373+0000] {processor.py:186} INFO - Started process (PID=1470) to work on /opt/airflow/dags/wap_full_load_cfpb_pipeline.py
[2026-07-24T05:23:32.374+0000] {processor.py:914} INFO - Processing file /opt/airflow/dags/wap_full_load_cfpb_pipeline.py for tasks to queue
[2026-07-24T05:23:32.377+0000] {logging_mixin.py:190} INFO - [2026-07-24T05:23:32.377+0000] {dagbag.py:588} INFO - Filling up the DagBag from /opt/airflow/dags/wap_full_load_cfpb_pipeline.py
[2026-07-24T05:23:32.799+0000] {processor.py:925} INFO - DAG(s) 'wap_full_load_cfpb_pipeline' retrieved from /opt/airflow/dags/wap_full_load_cfpb_pipeline.py
[2026-07-24T05:23:32.835+0000] {logging_mixin.py:190} INFO - [2026-07-24T05:23:32.835+0000] {dag.py:3239} INFO - Sync 1 DAGs
[2026-07-24T05:23:33.051+0000] {logging_mixin.py:190} INFO - [2026-07-24T05:23:33.051+0000] {dag.py:4180} INFO - Setting next_dagrun for wap_full_load_cfpb_pipeline to 2026-01-01 00:00:00+00:00, run_after=2026-01-01 00:00:00+00:00
[2026-07-24T05:23:33.082+0000] {processor.py:208} INFO - Processing /opt/airflow/dags/wap_full_load_cfpb_pipeline.py took 0.719 seconds
[2026-07-24T05:24:03.681+0000] {processor.py:186} INFO - Started process (PID=1555) to work on /opt/airflow/dags/wap_full_load_cfpb_pipeline.py
[2026-07-24T05:24:03.682+0000] {processor.py:914} INFO - Processing file /opt/airflow/dags/wap_full_load_cfpb_pipeline.py for tasks to queue
[2026-07-24T05:24:03.685+0000] {logging_mixin.py:190} INFO - [2026-07-24T05:24:03.684+0000] {dagbag.py:588} INFO - Filling up the DagBag from /opt/airflow/dags/wap_full_load_cfpb_pipeline.py
[2026-07-24T05:24:04.083+0000] {processor.py:925} INFO - DAG(s) 'wap_full_load_cfpb_pipeline' retrieved from /opt/airflow/dags/wap_full_load_cfpb_pipeline.py
[2026-07-24T05:24:04.116+0000] {logging_mixin.py:190} INFO - [2026-07-24T05:24:04.116+0000] {dag.py:3239} INFO - Sync 1 DAGs
[2026-07-24T05:24:04.333+0000] {logging_mixin.py:190} INFO - [2026-07-24T05:24:04.332+0000] {dag.py:4180} INFO - Setting next_dagrun for wap_full_load_cfpb_pipeline to 2026-01-01 00:00:00+00:00, run_after=2026-01-01 00:00:00+00:00
[2026-07-24T05:24:04.367+0000] {processor.py:208} INFO - Processing /opt/airflow/dags/wap_full_load_cfpb_pipeline.py took 0.692 seconds
[2026-07-24T05:24:34.820+0000] {processor.py:186} INFO - Started process (PID=1643) to work on /opt/airflow/dags/wap_full_load_cfpb_pipeline.py
[2026-07-24T05:24:34.822+0000] {processor.py:914} INFO - Processing file /opt/airflow/dags/wap_full_load_cfpb_pipeline.py for tasks to queue
[2026-07-24T05:24:34.824+0000] {logging_mixin.py:190} INFO - [2026-07-24T05:24:34.824+0000] {dagbag.py:588} INFO - Filling up the DagBag from /opt/airflow/dags/wap_full_load_cfpb_pipeline.py
[2026-07-24T05:24:35.283+0000] {processor.py:925} INFO - DAG(s) 'wap_full_load_cfpb_pipeline' retrieved from /opt/airflow/dags/wap_full_load_cfpb_pipeline.py
[2026-07-24T05:24:35.331+0000] {logging_mixin.py:190} INFO - [2026-07-24T05:24:35.330+0000] {dag.py:3239} INFO - Sync 1 DAGs
[2026-07-24T05:24:35.369+0000] {logging_mixin.py:190} INFO - [2026-07-24T05:24:35.368+0000] {dag.py:4180} INFO - Setting next_dagrun for wap_full_load_cfpb_pipeline to 2026-01-01 00:00:00+00:00, run_after=2026-01-01 00:00:00+00:00
[2026-07-24T05:24:35.416+0000] {processor.py:208} INFO - Processing /opt/airflow/dags/wap_full_load_cfpb_pipeline.py took 0.601 seconds
[2026-07-24T05:25:05.968+0000] {processor.py:186} INFO - Started process (PID=1729) to work on /opt/airflow/dags/wap_full_load_cfpb_pipeline.py
[2026-07-24T05:25:05.970+0000] {processor.py:914} INFO - Processing file /opt/airflow/dags/wap_full_load_cfpb_pipeline.py for tasks to queue
[2026-07-24T05:25:05.974+0000] {logging_mixin.py:190} INFO - [2026-07-24T05:25:05.973+0000] {dagbag.py:588} INFO - Filling up the DagBag from /opt/airflow/dags/wap_full_load_cfpb_pipeline.py
[2026-07-24T05:25:06.602+0000] {processor.py:925} INFO - DAG(s) 'wap_full_load_cfpb_pipeline' retrieved from /opt/airflow/dags/wap_full_load_cfpb_pipeline.py
[2026-07-24T05:25:06.633+0000] {logging_mixin.py:190} INFO - [2026-07-24T05:25:06.633+0000] {dag.py:3239} INFO - Sync 1 DAGs
[2026-07-24T05:25:06.656+0000] {logging_mixin.py:190} INFO - [2026-07-24T05:25:06.655+0000] {dag.py:4180} INFO - Setting next_dagrun for wap_full_load_cfpb_pipeline to 2026-01-01 00:00:00+00:00, run_after=2026-01-01 00:00:00+00:00
[2026-07-24T05:25:06.685+0000] {processor.py:208} INFO - Processing /opt/airflow/dags/wap_full_load_cfpb_pipeline.py took 0.731 seconds
[2026-07-24T05:25:37.491+0000] {processor.py:186} INFO - Started process (PID=1814) to work on /opt/airflow/dags/wap_full_load_cfpb_pipeline.py
[2026-07-24T05:25:37.494+0000] {processor.py:914} INFO - Processing file /opt/airflow/dags/wap_full_load_cfpb_pipeline.py for tasks to queue
[2026-07-24T05:25:37.500+0000] {logging_mixin.py:190} INFO - [2026-07-24T05:25:37.499+0000] {dagbag.py:588} INFO - Filling up the DagBag from /opt/airflow/dags/wap_full_load_cfpb_pipeline.py
[2026-07-24T05:25:38.191+0000] {processor.py:925} INFO - DAG(s) 'wap_full_load_cfpb_pipeline' retrieved from /opt/airflow/dags/wap_full_load_cfpb_pipeline.py
[2026-07-24T05:25:38.222+0000] {logging_mixin.py:190} INFO - [2026-07-24T05:25:38.222+0000] {dag.py:3239} INFO - Sync 1 DAGs
[2026-07-24T05:25:38.250+0000] {logging_mixin.py:190} INFO - [2026-07-24T05:25:38.250+0000] {dag.py:4180} INFO - Setting next_dagrun for wap_full_load_cfpb_pipeline to 2026-01-01 00:00:00+00:00, run_after=2026-01-01 00:00:00+00:00
[2026-07-24T05:25:38.274+0000] {processor.py:208} INFO - Processing /opt/airflow/dags/wap_full_load_cfpb_pipeline.py took 0.794 seconds
[2026-07-24T05:26:08.433+0000] {processor.py:186} INFO - Started process (PID=1900) to work on /opt/airflow/dags/wap_full_load_cfpb_pipeline.py
[2026-07-24T05:26:08.435+0000] {processor.py:914} INFO - Processing file /opt/airflow/dags/wap_full_load_cfpb_pipeline.py for tasks to queue
[2026-07-24T05:26:08.440+0000] {logging_mixin.py:190} INFO - [2026-07-24T05:26:08.439+0000] {dagbag.py:588} INFO - Filling up the DagBag from /opt/airflow/dags/wap_full_load_cfpb_pipeline.py
[2026-07-24T05:26:09.008+0000] {processor.py:925} INFO - DAG(s) 'wap_full_load_cfpb_pipeline' retrieved from /opt/airflow/dags/wap_full_load_cfpb_pipeline.py
[2026-07-24T05:26:09.035+0000] {logging_mixin.py:190} INFO - [2026-07-24T05:26:09.034+0000] {dag.py:3239} INFO - Sync 1 DAGs
[2026-07-24T05:26:09.060+0000] {logging_mixin.py:190} INFO - [2026-07-24T05:26:09.060+0000] {dag.py:4180} INFO - Setting next_dagrun for wap_full_load_cfpb_pipeline to 2026-01-01 00:00:00+00:00, run_after=2026-01-01 00:00:00+00:00
[2026-07-24T05:26:09.088+0000] {processor.py:208} INFO - Processing /opt/airflow/dags/wap_full_load_cfpb_pipeline.py took 0.667 seconds
[2026-07-24T05:26:39.871+0000] {processor.py:186} INFO - Started process (PID=1985) to work on /opt/airflow/dags/wap_full_load_cfpb_pipeline.py
[2026-07-24T05:26:39.873+0000] {processor.py:914} INFO - Processing file /opt/airflow/dags/wap_full_load_cfpb_pipeline.py for tasks to queue
[2026-07-24T05:26:39.877+0000] {logging_mixin.py:190} INFO - [2026-07-24T05:26:39.877+0000] {dagbag.py:588} INFO - Filling up the DagBag from /opt/airflow/dags/wap_full_load_cfpb_pipeline.py
[2026-07-24T05:26:40.557+0000] {processor.py:925} INFO - DAG(s) 'wap_full_load_cfpb_pipeline' retrieved from /opt/airflow/dags/wap_full_load_cfpb_pipeline.py
[2026-07-24T05:26:40.589+0000] {logging_mixin.py:190} INFO - [2026-07-24T05:26:40.588+0000] {dag.py:3239} INFO - Sync 1 DAGs
[2026-07-24T05:26:40.618+0000] {logging_mixin.py:190} INFO - [2026-07-24T05:26:40.618+0000] {dag.py:4180} INFO - Setting next_dagrun for wap_full_load_cfpb_pipeline to 2026-01-01 00:00:00+00:00, run_after=2026-01-01 00:00:00+00:00
[2026-07-24T05:26:40.645+0000] {processor.py:208} INFO - Processing /opt/airflow/dags/wap_full_load_cfpb_pipeline.py took 0.781 seconds
[2026-07-24T05:27:10.781+0000] {processor.py:186} INFO - Started process (PID=2073) to work on /opt/airflow/dags/wap_full_load_cfpb_pipeline.py
[2026-07-24T05:27:10.782+0000] {processor.py:914} INFO - Processing file /opt/airflow/dags/wap_full_load_cfpb_pipeline.py for tasks to queue
[2026-07-24T05:27:10.786+0000] {logging_mixin.py:190} INFO - [2026-07-24T05:27:10.785+0000] {dagbag.py:588} INFO - Filling up the DagBag from /opt/airflow/dags/wap_full_load_cfpb_pipeline.py
[2026-07-24T05:27:11.276+0000] {processor.py:925} INFO - DAG(s) 'wap_full_load_cfpb_pipeline' retrieved from /opt/airflow/dags/wap_full_load_cfpb_pipeline.py
[2026-07-24T05:27:11.302+0000] {logging_mixin.py:190} INFO - [2026-07-24T05:27:11.302+0000] {dag.py:3239} INFO - Sync 1 DAGs
[2026-07-24T05:27:11.325+0000] {logging_mixin.py:190} INFO - [2026-07-24T05:27:11.325+0000] {dag.py:4180} INFO - Setting next_dagrun for wap_full_load_cfpb_pipeline to 2026-01-01 00:00:00+00:00, run_after=2026-01-01 00:00:00+00:00
[2026-07-24T05:27:11.345+0000] {processor.py:208} INFO - Processing /opt/airflow/dags/wap_full_load_cfpb_pipeline.py took 0.576 seconds
[2026-07-24T05:27:41.582+0000] {processor.py:186} INFO - Started process (PID=2159) to work on /opt/airflow/dags/wap_full_load_cfpb_pipeline.py
[2026-07-24T05:27:41.584+0000] {processor.py:914} INFO - Processing file /opt/airflow/dags/wap_full_load_cfpb_pipeline.py for tasks to queue
[2026-07-24T05:27:41.589+0000] {logging_mixin.py:190} INFO - [2026-07-24T05:27:41.588+0000] {dagbag.py:588} INFO - Filling up the DagBag from /opt/airflow/dags/wap_full_load_cfpb_pipeline.py
[2026-07-24T05:27:42.318+0000] {processor.py:925} INFO - DAG(s) 'wap_full_load_cfpb_pipeline' retrieved from /opt/airflow/dags/wap_full_load_cfpb_pipeline.py
[2026-07-24T05:27:42.361+0000] {logging_mixin.py:190} INFO - [2026-07-24T05:27:42.361+0000] {dag.py:3239} INFO - Sync 1 DAGs
[2026-07-24T05:27:42.398+0000] {logging_mixin.py:190} INFO - [2026-07-24T05:27:42.398+0000] {dag.py:4180} INFO - Setting next_dagrun for wap_full_load_cfpb_pipeline to 2026-01-01 00:00:00+00:00, run_after=2026-01-01 00:00:00+00:00
[2026-07-24T05:27:42.451+0000] {processor.py:208} INFO - Processing /opt/airflow/dags/wap_full_load_cfpb_pipeline.py took 0.884 seconds
[2026-07-24T05:28:12.817+0000] {processor.py:186} INFO - Started process (PID=2244) to work on /opt/airflow/dags/wap_full_load_cfpb_pipeline.py
[2026-07-24T05:28:12.818+0000] {processor.py:914} INFO - Processing file /opt/airflow/dags/wap_full_load_cfpb_pipeline.py for tasks to queue
[2026-07-24T05:28:12.822+0000] {logging_mixin.py:190} INFO - [2026-07-24T05:28:12.821+0000] {dagbag.py:588} INFO - Filling up the DagBag from /opt/airflow/dags/wap_full_load_cfpb_pipeline.py
[2026-07-24T05:28:13.223+0000] {processor.py:925} INFO - DAG(s) 'wap_full_load_cfpb_pipeline' retrieved from /opt/airflow/dags/wap_full_load_cfpb_pipeline.py
[2026-07-24T05:28:13.242+0000] {logging_mixin.py:190} INFO - [2026-07-24T05:28:13.241+0000] {dag.py:3239} INFO - Sync 1 DAGs
[2026-07-24T05:28:13.261+0000] {logging_mixin.py:190} INFO - [2026-07-24T05:28:13.260+0000] {dag.py:4180} INFO - Setting next_dagrun for wap_full_load_cfpb_pipeline to 2026-01-01 00:00:00+00:00, run_after=2026-01-01 00:00:00+00:00
[2026-07-24T05:28:13.281+0000] {processor.py:208} INFO - Processing /opt/airflow/dags/wap_full_load_cfpb_pipeline.py took 0.471 seconds
[2026-07-24T05:28:43.532+0000] {processor.py:186} INFO - Started process (PID=2396) to work on /opt/airflow/dags/wap_full_load_cfpb_pipeline.py
[2026-07-24T05:28:43.537+0000] {processor.py:914} INFO - Processing file /opt/airflow/dags/wap_full_load_cfpb_pipeline.py for tasks to queue
[2026-07-24T05:28:43.550+0000] {logging_mixin.py:190} INFO - [2026-07-24T05:28:43.550+0000] {dagbag.py:588} INFO - Filling up the DagBag from /opt/airflow/dags/wap_full_load_cfpb_pipeline.py
[2026-07-24T05:33:16.489+0000] {processor.py:186} INFO - Started process (PID=179) to work on /opt/airflow/dags/wap_full_load_cfpb_pipeline.py
[2026-07-24T05:33:16.490+0000] {processor.py:914} INFO - Processing file /opt/airflow/dags/wap_full_load_cfpb_pipeline.py for tasks to queue
[2026-07-24T05:33:16.493+0000] {logging_mixin.py:190} INFO - [2026-07-24T05:33:16.493+0000] {dagbag.py:588} INFO - Filling up the DagBag from /opt/airflow/dags/wap_full_load_cfpb_pipeline.py
[2026-07-24T05:33:17.091+0000] {processor.py:925} INFO - DAG(s) 'wap_full_load_cfpb_pipeline' retrieved from /opt/airflow/dags/wap_full_load_cfpb_pipeline.py
[2026-07-24T05:33:17.177+0000] {logging_mixin.py:190} INFO - [2026-07-24T05:33:17.176+0000] {override.py:1900} INFO - Created Permission View: can delete on DAG:wap_full_load_cfpb_pipeline
[2026-07-24T05:33:17.192+0000] {logging_mixin.py:190} INFO - [2026-07-24T05:33:17.192+0000] {override.py:1900} INFO - Created Permission View: can edit on DAG:wap_full_load_cfpb_pipeline
[2026-07-24T05:33:17.203+0000] {logging_mixin.py:190} INFO - [2026-07-24T05:33:17.203+0000] {override.py:1900} INFO - Created Permission View: can read on DAG:wap_full_load_cfpb_pipeline
[2026-07-24T05:33:17.217+0000] {logging_mixin.py:190} INFO - [2026-07-24T05:33:17.217+0000] {override.py:1900} INFO - Created Permission View: menu access on DAG Run:wap_full_load_cfpb_pipeline
[2026-07-24T05:33:17.234+0000] {logging_mixin.py:190} INFO - [2026-07-24T05:33:17.233+0000] {override.py:1900} INFO - Created Permission View: can delete on DAG Run:wap_full_load_cfpb_pipeline
[2026-07-24T05:33:17.246+0000] {logging_mixin.py:190} INFO - [2026-07-24T05:33:17.246+0000] {override.py:1900} INFO - Created Permission View: can create on DAG Run:wap_full_load_cfpb_pipeline
[2026-07-24T05:33:17.259+0000] {logging_mixin.py:190} INFO - [2026-07-24T05:33:17.258+0000] {override.py:1900} INFO - Created Permission View: can read on DAG Run:wap_full_load_cfpb_pipeline
[2026-07-24T05:33:17.260+0000] {logging_mixin.py:190} INFO - [2026-07-24T05:33:17.260+0000] {dag.py:3239} INFO - Sync 1 DAGs
[2026-07-24T05:33:17.287+0000] {logging_mixin.py:190} INFO - [2026-07-24T05:33:17.287+0000] {dag.py:3262} INFO - Creating ORM DAG for wap_full_load_cfpb_pipeline
[2026-07-24T05:33:17.304+0000] {logging_mixin.py:190} INFO - [2026-07-24T05:33:17.303+0000] {dag.py:4180} INFO - Setting next_dagrun for wap_full_load_cfpb_pipeline to 2026-01-01 00:00:00+00:00, run_after=2026-01-01 00:00:00+00:00
[2026-07-24T05:33:17.339+0000] {processor.py:208} INFO - Processing /opt/airflow/dags/wap_full_load_cfpb_pipeline.py took 0.856 seconds
[2026-07-24T05:33:47.627+0000] {processor.py:186} INFO - Started process (PID=269) to work on /opt/airflow/dags/wap_full_load_cfpb_pipeline.py
[2026-07-24T05:33:47.628+0000] {processor.py:914} INFO - Processing file /opt/airflow/dags/wap_full_load_cfpb_pipeline.py for tasks to queue
[2026-07-24T05:33:47.631+0000] {logging_mixin.py:190} INFO - [2026-07-24T05:33:47.631+0000] {dagbag.py:588} INFO - Filling up the DagBag from /opt/airflow/dags/wap_full_load_cfpb_pipeline.py
[2026-07-24T05:33:48.004+0000] {processor.py:925} INFO - DAG(s) 'wap_full_load_cfpb_pipeline' retrieved from /opt/airflow/dags/wap_full_load_cfpb_pipeline.py
[2026-07-24T05:33:48.041+0000] {logging_mixin.py:190} INFO - [2026-07-24T05:33:48.040+0000] {dag.py:3239} INFO - Sync 1 DAGs
[2026-07-24T05:33:48.070+0000] {logging_mixin.py:190} INFO - [2026-07-24T05:33:48.070+0000] {dag.py:4180} INFO - Setting next_dagrun for wap_full_load_cfpb_pipeline to 2026-01-01 00:00:00+00:00, run_after=2026-01-01 00:00:00+00:00
[2026-07-24T05:33:48.099+0000] {processor.py:208} INFO - Processing /opt/airflow/dags/wap_full_load_cfpb_pipeline.py took 0.479 seconds
[2026-07-24T05:34:18.835+0000] {processor.py:186} INFO - Started process (PID=352) to work on /opt/airflow/dags/wap_full_load_cfpb_pipeline.py
[2026-07-24T05:34:18.836+0000] {processor.py:914} INFO - Processing file /opt/airflow/dags/wap_full_load_cfpb_pipeline.py for tasks to queue
[2026-07-24T05:34:18.838+0000] {logging_mixin.py:190} INFO - [2026-07-24T05:34:18.837+0000] {dagbag.py:588} INFO - Filling up the DagBag from /opt/airflow/dags/wap_full_load_cfpb_pipeline.py
[2026-07-24T05:34:19.128+0000] {processor.py:925} INFO - DAG(s) 'wap_full_load_cfpb_pipeline' retrieved from /opt/airflow/dags/wap_full_load_cfpb_pipeline.py
[2026-07-24T05:34:19.153+0000] {logging_mixin.py:190} INFO - [2026-07-24T05:34:19.153+0000] {dag.py:3239} INFO - Sync 1 DAGs
[2026-07-24T05:34:19.176+0000] {logging_mixin.py:190} INFO - [2026-07-24T05:34:19.176+0000] {dag.py:4180} INFO - Setting next_dagrun for wap_full_load_cfpb_pipeline to 2026-01-01 00:00:00+00:00, run_after=2026-01-01 00:00:00+00:00
[2026-07-24T05:34:19.198+0000] {processor.py:208} INFO - Processing /opt/airflow/dags/wap_full_load_cfpb_pipeline.py took 0.368 seconds
[2026-07-24T05:34:49.334+0000] {processor.py:186} INFO - Started process (PID=438) to work on /opt/airflow/dags/wap_full_load_cfpb_pipeline.py
[2026-07-24T05:34:49.335+0000] {processor.py:914} INFO - Processing file /opt/airflow/dags/wap_full_load_cfpb_pipeline.py for tasks to queue
[2026-07-24T05:34:49.337+0000] {logging_mixin.py:190} INFO - [2026-07-24T05:34:49.337+0000] {dagbag.py:588} INFO - Filling up the DagBag from /opt/airflow/dags/wap_full_load_cfpb_pipeline.py
[2026-07-24T05:34:49.636+0000] {processor.py:925} INFO - DAG(s) 'wap_full_load_cfpb_pipeline' retrieved from /opt/airflow/dags/wap_full_load_cfpb_pipeline.py
[2026-07-24T05:34:49.661+0000] {logging_mixin.py:190} INFO - [2026-07-24T05:34:49.661+0000] {dag.py:3239} INFO - Sync 1 DAGs
[2026-07-24T05:34:49.685+0000] {logging_mixin.py:190} INFO - [2026-07-24T05:34:49.685+0000] {dag.py:4180} INFO - Setting next_dagrun for wap_full_load_cfpb_pipeline to 2026-01-01 00:00:00+00:00, run_after=2026-01-01 00:00:00+00:00
[2026-07-24T05:34:49.705+0000] {processor.py:208} INFO - Processing /opt/airflow/dags/wap_full_load_cfpb_pipeline.py took 0.377 seconds
[2026-07-24T05:35:20.146+0000] {processor.py:186} INFO - Started process (PID=523) to work on /opt/airflow/dags/wap_full_load_cfpb_pipeline.py
[2026-07-24T05:35:20.148+0000] {processor.py:914} INFO - Processing file /opt/airflow/dags/wap_full_load_cfpb_pipeline.py for tasks to queue
[2026-07-24T05:35:20.151+0000] {logging_mixin.py:190} INFO - [2026-07-24T05:35:20.150+0000] {dagbag.py:588} INFO - Filling up the DagBag from /opt/airflow/dags/wap_full_load_cfpb_pipeline.py
[2026-07-24T05:35:20.461+0000] {processor.py:925} INFO - DAG(s) 'wap_full_load_cfpb_pipeline' retrieved from /opt/airflow/dags/wap_full_load_cfpb_pipeline.py
[2026-07-24T05:35:20.493+0000] {logging_mixin.py:190} INFO - [2026-07-24T05:35:20.493+0000] {dag.py:3239} INFO - Sync 1 DAGs
[2026-07-24T05:35:20.520+0000] {logging_mixin.py:190} INFO - [2026-07-24T05:35:20.520+0000] {dag.py:4180} INFO - Setting next_dagrun for wap_full_load_cfpb_pipeline to 2026-01-01 00:00:00+00:00, run_after=2026-01-01 00:00:00+00:00
[2026-07-24T05:35:20.550+0000] {processor.py:208} INFO - Processing /opt/airflow/dags/wap_full_load_cfpb_pipeline.py took 0.410 seconds
[2026-07-24T05:36:51.923+0000] {processor.py:186} INFO - Started process (PID=181) to work on /opt/airflow/dags/wap_full_load_cfpb_pipeline.py
[2026-07-24T05:36:51.925+0000] {processor.py:914} INFO - Processing file /opt/airflow/dags/wap_full_load_cfpb_pipeline.py for tasks to queue
[2026-07-24T05:36:51.928+0000] {logging_mixin.py:190} INFO - [2026-07-24T05:36:51.928+0000] {dagbag.py:588} INFO - Filling up the DagBag from /opt/airflow/dags/wap_full_load_cfpb_pipeline.py
[2026-07-24T05:36:52.530+0000] {processor.py:925} INFO - DAG(s) 'wap_full_load_cfpb_pipeline' retrieved from /opt/airflow/dags/wap_full_load_cfpb_pipeline.py
[2026-07-24T05:36:52.640+0000] {logging_mixin.py:190} INFO - [2026-07-24T05:36:52.639+0000] {override.py:1900} INFO - Created Permission View: can delete on DAG:wap_full_load_cfpb_pipeline
[2026-07-24T05:36:52.660+0000] {logging_mixin.py:190} INFO - [2026-07-24T05:36:52.659+0000] {override.py:1900} INFO - Created Permission View: can read on DAG:wap_full_load_cfpb_pipeline
[2026-07-24T05:36:52.674+0000] {logging_mixin.py:190} INFO - [2026-07-24T05:36:52.673+0000] {override.py:1900} INFO - Created Permission View: can edit on DAG:wap_full_load_cfpb_pipeline
[2026-07-24T05:36:52.687+0000] {logging_mixin.py:190} INFO - [2026-07-24T05:36:52.686+0000] {override.py:1900} INFO - Created Permission View: can delete on DAG Run:wap_full_load_cfpb_pipeline
[2026-07-24T05:36:52.701+0000] {logging_mixin.py:190} INFO - [2026-07-24T05:36:52.701+0000] {override.py:1900} INFO - Created Permission View: can read on DAG Run:wap_full_load_cfpb_pipeline
[2026-07-24T05:36:52.712+0000] {logging_mixin.py:190} INFO - [2026-07-24T05:36:52.711+0000] {override.py:1900} INFO - Created Permission View: menu access on DAG Run:wap_full_load_cfpb_pipeline
[2026-07-24T05:36:52.723+0000] {logging_mixin.py:190} INFO - [2026-07-24T05:36:52.723+0000] {override.py:1900} INFO - Created Permission View: can create on DAG Run:wap_full_load_cfpb_pipeline
[2026-07-24T05:36:52.724+0000] {logging_mixin.py:190} INFO - [2026-07-24T05:36:52.724+0000] {dag.py:3239} INFO - Sync 1 DAGs
[2026-07-24T05:36:52.742+0000] {logging_mixin.py:190} INFO - [2026-07-24T05:36:52.742+0000] {dag.py:3262} INFO - Creating ORM DAG for wap_full_load_cfpb_pipeline
[2026-07-24T05:36:52.755+0000] {logging_mixin.py:190} INFO - [2026-07-24T05:36:52.755+0000] {dag.py:4180} INFO - Setting next_dagrun for wap_full_load_cfpb_pipeline to 2026-01-01 00:00:00+00:00, run_after=2026-01-01 00:00:00+00:00
[2026-07-24T05:36:52.787+0000] {processor.py:208} INFO - Processing /opt/airflow/dags/wap_full_load_cfpb_pipeline.py took 0.870 seconds
[2026-07-24T05:37:23.728+0000] {processor.py:186} INFO - Started process (PID=271) to work on /opt/airflow/dags/wap_full_load_cfpb_pipeline.py
[2026-07-24T05:37:23.730+0000] {processor.py:914} INFO - Processing file /opt/airflow/dags/wap_full_load_cfpb_pipeline.py for tasks to queue
[2026-07-24T05:37:23.733+0000] {logging_mixin.py:190} INFO - [2026-07-24T05:37:23.733+0000] {dagbag.py:588} INFO - Filling up the DagBag from /opt/airflow/dags/wap_full_load_cfpb_pipeline.py
[2026-07-24T05:37:24.079+0000] {processor.py:925} INFO - DAG(s) 'wap_full_load_cfpb_pipeline' retrieved from /opt/airflow/dags/wap_full_load_cfpb_pipeline.py
[2026-07-24T05:37:24.113+0000] {logging_mixin.py:190} INFO - [2026-07-24T05:37:24.113+0000] {dag.py:3239} INFO - Sync 1 DAGs
[2026-07-24T05:37:24.149+0000] {logging_mixin.py:190} INFO - [2026-07-24T05:37:24.148+0000] {dag.py:4180} INFO - Setting next_dagrun for wap_full_load_cfpb_pipeline to 2026-01-01 00:00:00+00:00, run_after=2026-01-01 00:00:00+00:00
[2026-07-24T05:37:24.174+0000] {processor.py:208} INFO - Processing /opt/airflow/dags/wap_full_load_cfpb_pipeline.py took 0.453 seconds
[2026-07-24T05:37:54.952+0000] {processor.py:186} INFO - Started process (PID=354) to work on /opt/airflow/dags/wap_full_load_cfpb_pipeline.py
[2026-07-24T05:37:54.954+0000] {processor.py:914} INFO - Processing file /opt/airflow/dags/wap_full_load_cfpb_pipeline.py for tasks to queue
[2026-07-24T05:37:54.959+0000] {logging_mixin.py:190} INFO - [2026-07-24T05:37:54.959+0000] {dagbag.py:588} INFO - Filling up the DagBag from /opt/airflow/dags/wap_full_load_cfpb_pipeline.py
[2026-07-24T05:37:55.249+0000] {processor.py:925} INFO - DAG(s) 'wap_full_load_cfpb_pipeline' retrieved from /opt/airflow/dags/wap_full_load_cfpb_pipeline.py
[2026-07-24T05:37:55.280+0000] {logging_mixin.py:190} INFO - [2026-07-24T05:37:55.279+0000] {dag.py:3239} INFO - Sync 1 DAGs
[2026-07-24T05:37:55.303+0000] {logging_mixin.py:190} INFO - [2026-07-24T05:37:55.302+0000] {dag.py:4180} INFO - Setting next_dagrun for wap_full_load_cfpb_pipeline to 2026-01-01 00:00:00+00:00, run_after=2026-01-01 00:00:00+00:00
[2026-07-24T05:37:55.324+0000] {processor.py:208} INFO - Processing /opt/airflow/dags/wap_full_load_cfpb_pipeline.py took 0.382 seconds
[2026-07-24T05:38:25.500+0000] {processor.py:186} INFO - Started process (PID=440) to work on /opt/airflow/dags/wap_full_load_cfpb_pipeline.py
[2026-07-24T05:38:25.501+0000] {processor.py:914} INFO - Processing file /opt/airflow/dags/wap_full_load_cfpb_pipeline.py for tasks to queue
[2026-07-24T05:38:25.504+0000] {logging_mixin.py:190} INFO - [2026-07-24T05:38:25.503+0000] {dagbag.py:588} INFO - Filling up the DagBag from /opt/airflow/dags/wap_full_load_cfpb_pipeline.py
[2026-07-24T05:38:25.928+0000] {processor.py:925} INFO - DAG(s) 'wap_full_load_cfpb_pipeline' retrieved from /opt/airflow/dags/wap_full_load_cfpb_pipeline.py
[2026-07-24T05:38:25.961+0000] {logging_mixin.py:190} INFO - [2026-07-24T05:38:25.961+0000] {dag.py:3239} INFO - Sync 1 DAGs
[2026-07-24T05:38:25.993+0000] {logging_mixin.py:190} INFO - [2026-07-24T05:38:25.993+0000] {dag.py:4180} INFO - Setting next_dagrun for wap_full_load_cfpb_pipeline to 2026-01-01 00:00:00+00:00, run_after=2026-01-01 00:00:00+00:00
[2026-07-24T05:38:26.015+0000] {processor.py:208} INFO - Processing /opt/airflow/dags/wap_full_load_cfpb_pipeline.py took 0.520 seconds
[2026-07-24T05:38:56.202+0000] {processor.py:186} INFO - Started process (PID=525) to work on /opt/airflow/dags/wap_full_load_cfpb_pipeline.py
[2026-07-24T05:38:56.203+0000] {processor.py:914} INFO - Processing file /opt/airflow/dags/wap_full_load_cfpb_pipeline.py for tasks to queue
[2026-07-24T05:38:56.206+0000] {logging_mixin.py:190} INFO - [2026-07-24T05:38:56.206+0000] {dagbag.py:588} INFO - Filling up the DagBag from /opt/airflow/dags/wap_full_load_cfpb_pipeline.py
[2026-07-24T05:38:56.528+0000] {processor.py:925} INFO - DAG(s) 'wap_full_load_cfpb_pipeline' retrieved from /opt/airflow/dags/wap_full_load_cfpb_pipeline.py
[2026-07-24T05:38:56.555+0000] {logging_mixin.py:190} INFO - [2026-07-24T05:38:56.555+0000] {dag.py:3239} INFO - Sync 1 DAGs
[2026-07-24T05:38:56.576+0000] {logging_mixin.py:190} INFO - [2026-07-24T05:38:56.576+0000] {dag.py:4180} INFO - Setting next_dagrun for wap_full_load_cfpb_pipeline to 2026-01-01 00:00:00+00:00, run_after=2026-01-01 00:00:00+00:00
[2026-07-24T05:38:56.605+0000] {processor.py:208} INFO - Processing /opt/airflow/dags/wap_full_load_cfpb_pipeline.py took 0.410 seconds
[2026-07-24T05:39:27.455+0000] {processor.py:186} INFO - Started process (PID=613) to work on /opt/airflow/dags/wap_full_load_cfpb_pipeline.py
[2026-07-24T05:39:27.456+0000] {processor.py:914} INFO - Processing file /opt/airflow/dags/wap_full_load_cfpb_pipeline.py for tasks to queue
[2026-07-24T05:39:27.458+0000] {logging_mixin.py:190} INFO - [2026-07-24T05:39:27.458+0000] {dagbag.py:588} INFO - Filling up the DagBag from /opt/airflow/dags/wap_full_load_cfpb_pipeline.py
[2026-07-24T05:39:27.799+0000] {processor.py:925} INFO - DAG(s) 'wap_full_load_cfpb_pipeline' retrieved from /opt/airflow/dags/wap_full_load_cfpb_pipeline.py
[2026-07-24T05:39:27.829+0000] {logging_mixin.py:190} INFO - [2026-07-24T05:39:27.828+0000] {dag.py:3239} INFO - Sync 1 DAGs
[2026-07-24T05:39:27.850+0000] {logging_mixin.py:190} INFO - [2026-07-24T05:39:27.850+0000] {dag.py:4180} INFO - Setting next_dagrun for wap_full_load_cfpb_pipeline to 2026-01-01 00:00:00+00:00, run_after=2026-01-01 00:00:00+00:00
[2026-07-24T05:39:27.877+0000] {processor.py:208} INFO - Processing /opt/airflow/dags/wap_full_load_cfpb_pipeline.py took 0.432 seconds
[2026-07-24T05:41:16.013+0000] {processor.py:186} INFO - Started process (PID=180) to work on /opt/airflow/dags/wap_full_load_cfpb_pipeline.py
[2026-07-24T05:41:16.015+0000] {processor.py:914} INFO - Processing file /opt/airflow/dags/wap_full_load_cfpb_pipeline.py for tasks to queue
[2026-07-24T05:41:16.020+0000] {logging_mixin.py:190} INFO - [2026-07-24T05:41:16.019+0000] {dagbag.py:588} INFO - Filling up the DagBag from /opt/airflow/dags/wap_full_load_cfpb_pipeline.py
[2026-07-24T05:41:16.694+0000] {processor.py:925} INFO - DAG(s) 'wap_full_load_cfpb_pipeline' retrieved from /opt/airflow/dags/wap_full_load_cfpb_pipeline.py
[2026-07-24T05:41:16.811+0000] {logging_mixin.py:190} INFO - [2026-07-24T05:41:16.810+0000] {override.py:1900} INFO - Created Permission View: can delete on DAG:wap_full_load_cfpb_pipeline
[2026-07-24T05:41:16.829+0000] {logging_mixin.py:190} INFO - [2026-07-24T05:41:16.829+0000] {override.py:1900} INFO - Created Permission View: can read on DAG:wap_full_load_cfpb_pipeline
[2026-07-24T05:41:16.841+0000] {logging_mixin.py:190} INFO - [2026-07-24T05:41:16.840+0000] {override.py:1900} INFO - Created Permission View: can edit on DAG:wap_full_load_cfpb_pipeline
[2026-07-24T05:41:16.858+0000] {logging_mixin.py:190} INFO - [2026-07-24T05:41:16.857+0000] {override.py:1900} INFO - Created Permission View: can create on DAG Run:wap_full_load_cfpb_pipeline
[2026-07-24T05:41:16.874+0000] {logging_mixin.py:190} INFO - [2026-07-24T05:41:16.873+0000] {override.py:1900} INFO - Created Permission View: menu access on DAG Run:wap_full_load_cfpb_pipeline
[2026-07-24T05:41:16.886+0000] {logging_mixin.py:190} INFO - [2026-07-24T05:41:16.885+0000] {override.py:1900} INFO - Created Permission View: can delete on DAG Run:wap_full_load_cfpb_pipeline
[2026-07-24T05:41:16.899+0000] {logging_mixin.py:190} INFO - [2026-07-24T05:41:16.898+0000] {override.py:1900} INFO - Created Permission View: can read on DAG Run:wap_full_load_cfpb_pipeline
[2026-07-24T05:41:16.900+0000] {logging_mixin.py:190} INFO - [2026-07-24T05:41:16.900+0000] {dag.py:3239} INFO - Sync 1 DAGs
[2026-07-24T05:41:16.938+0000] {logging_mixin.py:190} INFO - [2026-07-24T05:41:16.937+0000] {dag.py:3262} INFO - Creating ORM DAG for wap_full_load_cfpb_pipeline
[2026-07-24T05:41:16.960+0000] {logging_mixin.py:190} INFO - [2026-07-24T05:41:16.960+0000] {dag.py:4180} INFO - Setting next_dagrun for wap_full_load_cfpb_pipeline to 2026-01-01 00:00:00+00:00, run_after=2026-01-01 00:00:00+00:00
[2026-07-24T05:41:17.014+0000] {processor.py:208} INFO - Processing /opt/airflow/dags/wap_full_load_cfpb_pipeline.py took 1.013 seconds
[2026-07-24T05:41:47.460+0000] {processor.py:186} INFO - Started process (PID=270) to work on /opt/airflow/dags/wap_full_load_cfpb_pipeline.py
[2026-07-24T05:41:47.462+0000] {processor.py:914} INFO - Processing file /opt/airflow/dags/wap_full_load_cfpb_pipeline.py for tasks to queue
[2026-07-24T05:41:47.469+0000] {logging_mixin.py:190} INFO - [2026-07-24T05:41:47.468+0000] {dagbag.py:588} INFO - Filling up the DagBag from /opt/airflow/dags/wap_full_load_cfpb_pipeline.py
[2026-07-24T05:41:47.824+0000] {processor.py:925} INFO - DAG(s) 'wap_full_load_cfpb_pipeline' retrieved from /opt/airflow/dags/wap_full_load_cfpb_pipeline.py
[2026-07-24T05:41:47.852+0000] {logging_mixin.py:190} INFO - [2026-07-24T05:41:47.851+0000] {dag.py:3239} INFO - Sync 1 DAGs
[2026-07-24T05:41:47.876+0000] {logging_mixin.py:190} INFO - [2026-07-24T05:41:47.875+0000] {dag.py:4180} INFO - Setting next_dagrun for wap_full_load_cfpb_pipeline to 2026-01-01 00:00:00+00:00, run_after=2026-01-01 00:00:00+00:00
[2026-07-24T05:41:47.899+0000] {processor.py:208} INFO - Processing /opt/airflow/dags/wap_full_load_cfpb_pipeline.py took 0.446 seconds
[2026-07-24T05:42:18.702+0000] {processor.py:186} INFO - Started process (PID=353) to work on /opt/airflow/dags/wap_full_load_cfpb_pipeline.py
[2026-07-24T05:42:18.703+0000] {processor.py:914} INFO - Processing file /opt/airflow/dags/wap_full_load_cfpb_pipeline.py for tasks to queue
[2026-07-24T05:42:18.705+0000] {logging_mixin.py:190} INFO - [2026-07-24T05:42:18.705+0000] {dagbag.py:588} INFO - Filling up the DagBag from /opt/airflow/dags/wap_full_load_cfpb_pipeline.py
[2026-07-24T05:42:19.012+0000] {processor.py:925} INFO - DAG(s) 'wap_full_load_cfpb_pipeline' retrieved from /opt/airflow/dags/wap_full_load_cfpb_pipeline.py
[2026-07-24T05:42:19.037+0000] {logging_mixin.py:190} INFO - [2026-07-24T05:42:19.037+0000] {dag.py:3239} INFO - Sync 1 DAGs
[2026-07-24T05:42:19.063+0000] {logging_mixin.py:190} INFO - [2026-07-24T05:42:19.063+0000] {dag.py:4180} INFO - Setting next_dagrun for wap_full_load_cfpb_pipeline to 2026-01-01 00:00:00+00:00, run_after=2026-01-01 00:00:00+00:00
[2026-07-24T05:42:19.087+0000] {processor.py:208} INFO - Processing /opt/airflow/dags/wap_full_load_cfpb_pipeline.py took 0.390 seconds
[2026-07-24T05:42:49.981+0000] {processor.py:186} INFO - Started process (PID=440) to work on /opt/airflow/dags/wap_full_load_cfpb_pipeline.py
[2026-07-24T05:42:49.982+0000] {processor.py:914} INFO - Processing file /opt/airflow/dags/wap_full_load_cfpb_pipeline.py for tasks to queue
[2026-07-24T05:42:49.986+0000] {logging_mixin.py:190} INFO - [2026-07-24T05:42:49.985+0000] {dagbag.py:588} INFO - Filling up the DagBag from /opt/airflow/dags/wap_full_load_cfpb_pipeline.py
[2026-07-24T05:42:50.286+0000] {processor.py:925} INFO - DAG(s) 'wap_full_load_cfpb_pipeline' retrieved from /opt/airflow/dags/wap_full_load_cfpb_pipeline.py
[2026-07-24T05:42:50.310+0000] {logging_mixin.py:190} INFO - [2026-07-24T05:42:50.310+0000] {dag.py:3239} INFO - Sync 1 DAGs
[2026-07-24T05:42:50.333+0000] {logging_mixin.py:190} INFO - [2026-07-24T05:42:50.333+0000] {dag.py:4180} INFO - Setting next_dagrun for wap_full_load_cfpb_pipeline to 2026-01-01 00:00:00+00:00, run_after=2026-01-01 00:00:00+00:00
[2026-07-24T05:42:50.353+0000] {processor.py:208} INFO - Processing /opt/airflow/dags/wap_full_load_cfpb_pipeline.py took 0.379 seconds
[2026-07-24T05:43:20.906+0000] {processor.py:186} INFO - Started process (PID=524) to work on /opt/airflow/dags/wap_full_load_cfpb_pipeline.py
[2026-07-24T05:43:20.907+0000] {processor.py:914} INFO - Processing file /opt/airflow/dags/wap_full_load_cfpb_pipeline.py for tasks to queue
[2026-07-24T05:43:20.910+0000] {logging_mixin.py:190} INFO - [2026-07-24T05:43:20.909+0000] {dagbag.py:588} INFO - Filling up the DagBag from /opt/airflow/dags/wap_full_load_cfpb_pipeline.py
[2026-07-24T05:43:21.213+0000] {processor.py:925} INFO - DAG(s) 'wap_full_load_cfpb_pipeline' retrieved from /opt/airflow/dags/wap_full_load_cfpb_pipeline.py
[2026-07-24T05:43:21.238+0000] {logging_mixin.py:190} INFO - [2026-07-24T05:43:21.238+0000] {dag.py:3239} INFO - Sync 1 DAGs
[2026-07-24T05:43:21.261+0000] {logging_mixin.py:190} INFO - [2026-07-24T05:43:21.260+0000] {dag.py:4180} INFO - Setting next_dagrun for wap_full_load_cfpb_pipeline to 2026-01-01 00:00:00+00:00, run_after=2026-01-01 00:00:00+00:00
[2026-07-24T05:43:21.280+0000] {processor.py:208} INFO - Processing /opt/airflow/dags/wap_full_load_cfpb_pipeline.py took 0.380 seconds
[2026-07-24T05:43:51.786+0000] {processor.py:186} INFO - Started process (PID=609) to work on /opt/airflow/dags/wap_full_load_cfpb_pipeline.py
[2026-07-24T05:43:51.787+0000] {processor.py:914} INFO - Processing file /opt/airflow/dags/wap_full_load_cfpb_pipeline.py for tasks to queue
[2026-07-24T05:43:51.789+0000] {logging_mixin.py:190} INFO - [2026-07-24T05:43:51.789+0000] {dagbag.py:588} INFO - Filling up the DagBag from /opt/airflow/dags/wap_full_load_cfpb_pipeline.py
[2026-07-24T05:43:52.143+0000] {processor.py:925} INFO - DAG(s) 'wap_full_load_cfpb_pipeline' retrieved from /opt/airflow/dags/wap_full_load_cfpb_pipeline.py
[2026-07-24T05:43:52.177+0000] {logging_mixin.py:190} INFO - [2026-07-24T05:43:52.177+0000] {dag.py:3239} INFO - Sync 1 DAGs
[2026-07-24T05:43:52.206+0000] {logging_mixin.py:190} INFO - [2026-07-24T05:43:52.205+0000] {dag.py:4180} INFO - Setting next_dagrun for wap_full_load_cfpb_pipeline to 2026-01-01 00:00:00+00:00, run_after=2026-01-01 00:00:00+00:00
[2026-07-24T05:43:52.229+0000] {processor.py:208} INFO - Processing /opt/airflow/dags/wap_full_load_cfpb_pipeline.py took 0.451 seconds
[2026-07-24T05:44:22.334+0000] {processor.py:186} INFO - Started process (PID=697) to work on /opt/airflow/dags/wap_full_load_cfpb_pipeline.py
[2026-07-24T05:44:22.336+0000] {processor.py:914} INFO - Processing file /opt/airflow/dags/wap_full_load_cfpb_pipeline.py for tasks to queue
[2026-07-24T05:44:22.338+0000] {logging_mixin.py:190} INFO - [2026-07-24T05:44:22.338+0000] {dagbag.py:588} INFO - Filling up the DagBag from /opt/airflow/dags/wap_full_load_cfpb_pipeline.py
[2026-07-24T05:44:22.739+0000] {processor.py:925} INFO - DAG(s) 'wap_full_load_cfpb_pipeline' retrieved from /opt/airflow/dags/wap_full_load_cfpb_pipeline.py
[2026-07-24T05:44:22.769+0000] {logging_mixin.py:190} INFO - [2026-07-24T05:44:22.769+0000] {dag.py:3239} INFO - Sync 1 DAGs
[2026-07-24T05:44:22.793+0000] {logging_mixin.py:190} INFO - [2026-07-24T05:44:22.792+0000] {dag.py:4180} INFO - Setting next_dagrun for wap_full_load_cfpb_pipeline to 2026-01-01 00:00:00+00:00, run_after=2026-01-01 00:00:00+00:00
[2026-07-24T05:44:22.822+0000] {processor.py:208} INFO - Processing /opt/airflow/dags/wap_full_load_cfpb_pipeline.py took 0.495 seconds
[2026-07-24T05:44:53.102+0000] {processor.py:186} INFO - Started process (PID=785) to work on /opt/airflow/dags/wap_full_load_cfpb_pipeline.py
[2026-07-24T05:44:53.103+0000] {processor.py:914} INFO - Processing file /opt/airflow/dags/wap_full_load_cfpb_pipeline.py for tasks to queue
[2026-07-24T05:44:53.105+0000] {logging_mixin.py:190} INFO - [2026-07-24T05:44:53.105+0000] {dagbag.py:588} INFO - Filling up the DagBag from /opt/airflow/dags/wap_full_load_cfpb_pipeline.py
[2026-07-24T05:44:53.530+0000] {processor.py:925} INFO - DAG(s) 'wap_full_load_cfpb_pipeline' retrieved from /opt/airflow/dags/wap_full_load_cfpb_pipeline.py
[2026-07-24T05:44:53.585+0000] {logging_mixin.py:190} INFO - [2026-07-24T05:44:53.584+0000] {dag.py:3239} INFO - Sync 1 DAGs
[2026-07-24T05:44:53.634+0000] {logging_mixin.py:190} INFO - [2026-07-24T05:44:53.634+0000] {dag.py:4180} INFO - Setting next_dagrun for wap_full_load_cfpb_pipeline to 2026-01-01 00:00:00+00:00, run_after=2026-01-01 00:00:00+00:00
[2026-07-24T05:44:53.664+0000] {processor.py:208} INFO - Processing /opt/airflow/dags/wap_full_load_cfpb_pipeline.py took 0.571 seconds
[2026-07-24T05:45:23.903+0000] {processor.py:186} INFO - Started process (PID=871) to work on /opt/airflow/dags/wap_full_load_cfpb_pipeline.py
[2026-07-24T05:45:23.904+0000] {processor.py:914} INFO - Processing file /opt/airflow/dags/wap_full_load_cfpb_pipeline.py for tasks to queue
[2026-07-24T05:45:23.906+0000] {logging_mixin.py:190} INFO - [2026-07-24T05:45:23.906+0000] {dagbag.py:588} INFO - Filling up the DagBag from /opt/airflow/dags/wap_full_load_cfpb_pipeline.py
[2026-07-24T05:45:24.402+0000] {processor.py:925} INFO - DAG(s) 'wap_full_load_cfpb_pipeline' retrieved from /opt/airflow/dags/wap_full_load_cfpb_pipeline.py
[2026-07-24T05:45:24.466+0000] {logging_mixin.py:190} INFO - [2026-07-24T05:45:24.466+0000] {dag.py:3239} INFO - Sync 1 DAGs
[2026-07-24T05:45:24.514+0000] {logging_mixin.py:190} INFO - [2026-07-24T05:45:24.514+0000] {dag.py:4180} INFO - Setting next_dagrun for wap_full_load_cfpb_pipeline to 2026-01-01 00:00:00+00:00, run_after=2026-01-01 00:00:00+00:00
[2026-07-24T05:45:24.542+0000] {processor.py:208} INFO - Processing /opt/airflow/dags/wap_full_load_cfpb_pipeline.py took 0.646 seconds
[2026-07-24T05:45:54.784+0000] {processor.py:186} INFO - Started process (PID=956) to work on /opt/airflow/dags/wap_full_load_cfpb_pipeline.py
[2026-07-24T05:45:54.787+0000] {processor.py:914} INFO - Processing file /opt/airflow/dags/wap_full_load_cfpb_pipeline.py for tasks to queue
[2026-07-24T05:45:54.792+0000] {logging_mixin.py:190} INFO - [2026-07-24T05:45:54.791+0000] {dagbag.py:588} INFO - Filling up the DagBag from /opt/airflow/dags/wap_full_load_cfpb_pipeline.py
[2026-07-24T05:45:55.298+0000] {processor.py:925} INFO - DAG(s) 'wap_full_load_cfpb_pipeline' retrieved from /opt/airflow/dags/wap_full_load_cfpb_pipeline.py
[2026-07-24T05:45:55.340+0000] {logging_mixin.py:190} INFO - [2026-07-24T05:45:55.339+0000] {dag.py:3239} INFO - Sync 1 DAGs
[2026-07-24T05:45:55.375+0000] {logging_mixin.py:190} INFO - [2026-07-24T05:45:55.374+0000] {dag.py:4180} INFO - Setting next_dagrun for wap_full_load_cfpb_pipeline to 2026-01-01 00:00:00+00:00, run_after=2026-01-01 00:00:00+00:00
[2026-07-24T05:45:55.399+0000] {processor.py:208} INFO - Processing /opt/airflow/dags/wap_full_load_cfpb_pipeline.py took 0.633 seconds
[2026-07-24T05:46:26.143+0000] {processor.py:186} INFO - Started process (PID=1044) to work on /opt/airflow/dags/wap_full_load_cfpb_pipeline.py
[2026-07-24T05:46:26.146+0000] {processor.py:914} INFO - Processing file /opt/airflow/dags/wap_full_load_cfpb_pipeline.py for tasks to queue
[2026-07-24T05:46:26.149+0000] {logging_mixin.py:190} INFO - [2026-07-24T05:46:26.148+0000] {dagbag.py:588} INFO - Filling up the DagBag from /opt/airflow/dags/wap_full_load_cfpb_pipeline.py
[2026-07-24T05:46:26.811+0000] {processor.py:925} INFO - DAG(s) 'wap_full_load_cfpb_pipeline' retrieved from /opt/airflow/dags/wap_full_load_cfpb_pipeline.py
[2026-07-24T05:46:26.845+0000] {logging_mixin.py:190} INFO - [2026-07-24T05:46:26.845+0000] {dag.py:3239} INFO - Sync 1 DAGs
[2026-07-24T05:46:26.869+0000] {logging_mixin.py:190} INFO - [2026-07-24T05:46:26.869+0000] {dag.py:4180} INFO - Setting next_dagrun for wap_full_load_cfpb_pipeline to 2026-01-01 00:00:00+00:00, run_after=2026-01-01 00:00:00+00:00
[2026-07-24T05:46:26.897+0000] {processor.py:208} INFO - Processing /opt/airflow/dags/wap_full_load_cfpb_pipeline.py took 0.777 seconds
[2026-07-24T05:46:57.102+0000] {processor.py:186} INFO - Started process (PID=1130) to work on /opt/airflow/dags/wap_full_load_cfpb_pipeline.py
[2026-07-24T05:46:57.105+0000] {processor.py:914} INFO - Processing file /opt/airflow/dags/wap_full_load_cfpb_pipeline.py for tasks to queue
[2026-07-24T05:46:57.111+0000] {logging_mixin.py:190} INFO - [2026-07-24T05:46:57.110+0000] {dagbag.py:588} INFO - Filling up the DagBag from /opt/airflow/dags/wap_full_load_cfpb_pipeline.py
[2026-07-24T05:46:57.549+0000] {processor.py:925} INFO - DAG(s) 'wap_full_load_cfpb_pipeline' retrieved from /opt/airflow/dags/wap_full_load_cfpb_pipeline.py
[2026-07-24T05:46:57.585+0000] {logging_mixin.py:190} INFO - [2026-07-24T05:46:57.585+0000] {dag.py:3239} INFO - Sync 1 DAGs
[2026-07-24T05:46:57.614+0000] {logging_mixin.py:190} INFO - [2026-07-24T05:46:57.614+0000] {dag.py:4180} INFO - Setting next_dagrun for wap_full_load_cfpb_pipeline to 2026-01-01 00:00:00+00:00, run_after=2026-01-01 00:00:00+00:00
[2026-07-24T05:46:57.638+0000] {processor.py:208} INFO - Processing /opt/airflow/dags/wap_full_load_cfpb_pipeline.py took 0.548 seconds
[2026-07-24T05:47:28.621+0000] {processor.py:186} INFO - Started process (PID=1215) to work on /opt/airflow/dags/wap_full_load_cfpb_pipeline.py
[2026-07-24T05:47:28.624+0000] {processor.py:914} INFO - Processing file /opt/airflow/dags/wap_full_load_cfpb_pipeline.py for tasks to queue
[2026-07-24T05:47:28.629+0000] {logging_mixin.py:190} INFO - [2026-07-24T05:47:28.629+0000] {dagbag.py:588} INFO - Filling up the DagBag from /opt/airflow/dags/wap_full_load_cfpb_pipeline.py
[2026-07-24T05:47:29.031+0000] {processor.py:925} INFO - DAG(s) 'wap_full_load_cfpb_pipeline' retrieved from /opt/airflow/dags/wap_full_load_cfpb_pipeline.py
[2026-07-24T05:47:29.074+0000] {logging_mixin.py:190} INFO - [2026-07-24T05:47:29.074+0000] {dag.py:3239} INFO - Sync 1 DAGs
[2026-07-24T05:47:29.104+0000] {logging_mixin.py:190} INFO - [2026-07-24T05:47:29.104+0000] {dag.py:4180} INFO - Setting next_dagrun for wap_full_load_cfpb_pipeline to 2026-01-01 00:00:00+00:00, run_after=2026-01-01 00:00:00+00:00
[2026-07-24T05:47:29.136+0000] {processor.py:208} INFO - Processing /opt/airflow/dags/wap_full_load_cfpb_pipeline.py took 0.532 seconds
[2026-07-24T05:47:59.232+0000] {processor.py:186} INFO - Started process (PID=1303) to work on /opt/airflow/dags/wap_full_load_cfpb_pipeline.py
[2026-07-24T05:47:59.234+0000] {processor.py:914} INFO - Processing file /opt/airflow/dags/wap_full_load_cfpb_pipeline.py for tasks to queue
[2026-07-24T05:47:59.237+0000] {logging_mixin.py:190} INFO - [2026-07-24T05:47:59.237+0000] {dagbag.py:588} INFO - Filling up the DagBag from /opt/airflow/dags/wap_full_load_cfpb_pipeline.py
[2026-07-24T05:47:59.540+0000] {processor.py:925} INFO - DAG(s) 'wap_full_load_cfpb_pipeline' retrieved from /opt/airflow/dags/wap_full_load_cfpb_pipeline.py
[2026-07-24T05:47:59.574+0000] {logging_mixin.py:190} INFO - [2026-07-24T05:47:59.574+0000] {dag.py:3239} INFO - Sync 1 DAGs
[2026-07-24T05:47:59.598+0000] {logging_mixin.py:190} INFO - [2026-07-24T05:47:59.598+0000] {dag.py:4180} INFO - Setting next_dagrun for wap_full_load_cfpb_pipeline to 2026-01-01 00:00:00+00:00, run_after=2026-01-01 00:00:00+00:00
[2026-07-24T05:47:59.627+0000] {processor.py:208} INFO - Processing /opt/airflow/dags/wap_full_load_cfpb_pipeline.py took 0.400 seconds
[2026-07-24T05:48:29.692+0000] {processor.py:186} INFO - Started process (PID=1389) to work on /opt/airflow/dags/wap_full_load_cfpb_pipeline.py
[2026-07-24T05:48:29.693+0000] {processor.py:914} INFO - Processing file /opt/airflow/dags/wap_full_load_cfpb_pipeline.py for tasks to queue
[2026-07-24T05:48:29.695+0000] {logging_mixin.py:190} INFO - [2026-07-24T05:48:29.695+0000] {dagbag.py:588} INFO - Filling up the DagBag from /opt/airflow/dags/wap_full_load_cfpb_pipeline.py
[2026-07-24T05:48:30.014+0000] {processor.py:925} INFO - DAG(s) 'wap_full_load_cfpb_pipeline' retrieved from /opt/airflow/dags/wap_full_load_cfpb_pipeline.py
[2026-07-24T05:48:30.040+0000] {logging_mixin.py:190} INFO - [2026-07-24T05:48:30.040+0000] {dag.py:3239} INFO - Sync 1 DAGs
[2026-07-24T05:48:30.059+0000] {logging_mixin.py:190} INFO - [2026-07-24T05:48:30.059+0000] {dag.py:4180} INFO - Setting next_dagrun for wap_full_load_cfpb_pipeline to 2026-01-01 00:00:00+00:00, run_after=2026-01-01 00:00:00+00:00
[2026-07-24T05:48:30.077+0000] {processor.py:208} INFO - Processing /opt/airflow/dags/wap_full_load_cfpb_pipeline.py took 0.392 seconds
[2026-07-24T05:49:01.002+0000] {processor.py:186} INFO - Started process (PID=1474) to work on /opt/airflow/dags/wap_full_load_cfpb_pipeline.py
[2026-07-24T05:49:01.002+0000] {processor.py:914} INFO - Processing file /opt/airflow/dags/wap_full_load_cfpb_pipeline.py for tasks to queue
[2026-07-24T05:49:01.005+0000] {logging_mixin.py:190} INFO - [2026-07-24T05:49:01.004+0000] {dagbag.py:588} INFO - Filling up the DagBag from /opt/airflow/dags/wap_full_load_cfpb_pipeline.py
[2026-07-24T05:49:01.369+0000] {processor.py:925} INFO - DAG(s) 'wap_full_load_cfpb_pipeline' retrieved from /opt/airflow/dags/wap_full_load_cfpb_pipeline.py
[2026-07-24T05:49:01.405+0000] {logging_mixin.py:190} INFO - [2026-07-24T05:49:01.405+0000] {dag.py:3239} INFO - Sync 1 DAGs
[2026-07-24T05:49:01.435+0000] {logging_mixin.py:190} INFO - [2026-07-24T05:49:01.435+0000] {dag.py:4180} INFO - Setting next_dagrun for wap_full_load_cfpb_pipeline to 2026-01-01 00:00:00+00:00, run_after=2026-01-01 00:00:00+00:00
[2026-07-24T05:49:01.458+0000] {processor.py:208} INFO - Processing /opt/airflow/dags/wap_full_load_cfpb_pipeline.py took 0.462 seconds
[2026-07-24T05:49:31.644+0000] {processor.py:186} INFO - Started process (PID=1562) to work on /opt/airflow/dags/wap_full_load_cfpb_pipeline.py
[2026-07-24T05:49:31.645+0000] {processor.py:914} INFO - Processing file /opt/airflow/dags/wap_full_load_cfpb_pipeline.py for tasks to queue
[2026-07-24T05:49:31.648+0000] {logging_mixin.py:190} INFO - [2026-07-24T05:49:31.647+0000] {dagbag.py:588} INFO - Filling up the DagBag from /opt/airflow/dags/wap_full_load_cfpb_pipeline.py
[2026-07-24T05:49:31.966+0000] {processor.py:925} INFO - DAG(s) 'wap_full_load_cfpb_pipeline' retrieved from /opt/airflow/dags/wap_full_load_cfpb_pipeline.py
[2026-07-24T05:49:31.997+0000] {logging_mixin.py:190} INFO - [2026-07-24T05:49:31.997+0000] {dag.py:3239} INFO - Sync 1 DAGs
[2026-07-24T05:49:32.024+0000] {logging_mixin.py:190} INFO - [2026-07-24T05:49:32.024+0000] {dag.py:4180} INFO - Setting next_dagrun for wap_full_load_cfpb_pipeline to 2026-01-01 00:00:00+00:00, run_after=2026-01-01 00:00:00+00:00
[2026-07-24T05:49:32.049+0000] {processor.py:208} INFO - Processing /opt/airflow/dags/wap_full_load_cfpb_pipeline.py took 0.411 seconds
[2026-07-24T05:50:02.843+0000] {processor.py:186} INFO - Started process (PID=1648) to work on /opt/airflow/dags/wap_full_load_cfpb_pipeline.py
[2026-07-24T05:50:02.845+0000] {processor.py:914} INFO - Processing file /opt/airflow/dags/wap_full_load_cfpb_pipeline.py for tasks to queue
[2026-07-24T05:50:02.847+0000] {logging_mixin.py:190} INFO - [2026-07-24T05:50:02.847+0000] {dagbag.py:588} INFO - Filling up the DagBag from /opt/airflow/dags/wap_full_load_cfpb_pipeline.py
[2026-07-24T05:50:03.208+0000] {processor.py:925} INFO - DAG(s) 'wap_full_load_cfpb_pipeline' retrieved from /opt/airflow/dags/wap_full_load_cfpb_pipeline.py
[2026-07-24T05:50:03.246+0000] {logging_mixin.py:190} INFO - [2026-07-24T05:50:03.245+0000] {dag.py:3239} INFO - Sync 1 DAGs
[2026-07-24T05:50:03.274+0000] {logging_mixin.py:190} INFO - [2026-07-24T05:50:03.274+0000] {dag.py:4180} INFO - Setting next_dagrun for wap_full_load_cfpb_pipeline to 2026-01-01 00:00:00+00:00, run_after=2026-01-01 00:00:00+00:00
[2026-07-24T05:50:03.298+0000] {processor.py:208} INFO - Processing /opt/airflow/dags/wap_full_load_cfpb_pipeline.py took 0.465 seconds
[2026-07-24T05:50:33.388+0000] {processor.py:186} INFO - Started process (PID=1733) to work on /opt/airflow/dags/wap_full_load_cfpb_pipeline.py
[2026-07-24T05:50:33.390+0000] {processor.py:914} INFO - Processing file /opt/airflow/dags/wap_full_load_cfpb_pipeline.py for tasks to queue
[2026-07-24T05:50:33.392+0000] {logging_mixin.py:190} INFO - [2026-07-24T05:50:33.392+0000] {dagbag.py:588} INFO - Filling up the DagBag from /opt/airflow/dags/wap_full_load_cfpb_pipeline.py
[2026-07-24T05:50:33.681+0000] {processor.py:925} INFO - DAG(s) 'wap_full_load_cfpb_pipeline' retrieved from /opt/airflow/dags/wap_full_load_cfpb_pipeline.py
[2026-07-24T05:50:33.710+0000] {logging_mixin.py:190} INFO - [2026-07-24T05:50:33.710+0000] {dag.py:3239} INFO - Sync 1 DAGs
[2026-07-24T05:50:33.734+0000] {logging_mixin.py:190} INFO - [2026-07-24T05:50:33.734+0000] {dag.py:4180} INFO - Setting next_dagrun for wap_full_load_cfpb_pipeline to 2026-01-01 00:00:00+00:00, run_after=2026-01-01 00:00:00+00:00
[2026-07-24T05:50:33.755+0000] {processor.py:208} INFO - Processing /opt/airflow/dags/wap_full_load_cfpb_pipeline.py took 0.372 seconds
[2026-07-24T05:51:03.884+0000] {processor.py:186} INFO - Started process (PID=1821) to work on /opt/airflow/dags/wap_full_load_cfpb_pipeline.py
[2026-07-24T05:51:03.886+0000] {processor.py:914} INFO - Processing file /opt/airflow/dags/wap_full_load_cfpb_pipeline.py for tasks to queue
[2026-07-24T05:51:03.889+0000] {logging_mixin.py:190} INFO - [2026-07-24T05:51:03.889+0000] {dagbag.py:588} INFO - Filling up the DagBag from /opt/airflow/dags/wap_full_load_cfpb_pipeline.py
[2026-07-24T05:51:04.208+0000] {processor.py:925} INFO - DAG(s) 'wap_full_load_cfpb_pipeline' retrieved from /opt/airflow/dags/wap_full_load_cfpb_pipeline.py
[2026-07-24T05:51:04.233+0000] {logging_mixin.py:190} INFO - [2026-07-24T05:51:04.233+0000] {dag.py:3239} INFO - Sync 1 DAGs
[2026-07-24T05:51:04.389+0000] {logging_mixin.py:190} INFO - [2026-07-24T05:51:04.389+0000] {dag.py:4180} INFO - Setting next_dagrun for wap_full_load_cfpb_pipeline to 2026-01-01 00:00:00+00:00, run_after=2026-01-01 00:00:00+00:00
[2026-07-24T05:51:04.414+0000] {processor.py:208} INFO - Processing /opt/airflow/dags/wap_full_load_cfpb_pipeline.py took 0.537 seconds
[2026-07-24T05:51:34.568+0000] {processor.py:186} INFO - Started process (PID=1907) to work on /opt/airflow/dags/wap_full_load_cfpb_pipeline.py
[2026-07-24T05:51:34.569+0000] {processor.py:914} INFO - Processing file /opt/airflow/dags/wap_full_load_cfpb_pipeline.py for tasks to queue
[2026-07-24T05:51:34.571+0000] {logging_mixin.py:190} INFO - [2026-07-24T05:51:34.571+0000] {dagbag.py:588} INFO - Filling up the DagBag from /opt/airflow/dags/wap_full_load_cfpb_pipeline.py
[2026-07-24T05:51:34.888+0000] {processor.py:925} INFO - DAG(s) 'wap_full_load_cfpb_pipeline' retrieved from /opt/airflow/dags/wap_full_load_cfpb_pipeline.py
[2026-07-24T05:51:34.916+0000] {logging_mixin.py:190} INFO - [2026-07-24T05:51:34.916+0000] {dag.py:3239} INFO - Sync 1 DAGs
[2026-07-24T05:51:35.079+0000] {logging_mixin.py:190} INFO - [2026-07-24T05:51:35.078+0000] {dag.py:4180} INFO - Setting next_dagrun for wap_full_load_cfpb_pipeline to 2026-01-01 00:00:00+00:00, run_after=2026-01-01 00:00:00+00:00
[2026-07-24T05:51:35.097+0000] {processor.py:208} INFO - Processing /opt/airflow/dags/wap_full_load_cfpb_pipeline.py took 0.535 seconds
[2026-07-24T05:52:05.713+0000] {processor.py:186} INFO - Started process (PID=1992) to work on /opt/airflow/dags/wap_full_load_cfpb_pipeline.py
[2026-07-24T05:52:05.713+0000] {processor.py:914} INFO - Processing file /opt/airflow/dags/wap_full_load_cfpb_pipeline.py for tasks to queue
[2026-07-24T05:52:05.715+0000] {logging_mixin.py:190} INFO - [2026-07-24T05:52:05.715+0000] {dagbag.py:588} INFO - Filling up the DagBag from /opt/airflow/dags/wap_full_load_cfpb_pipeline.py
[2026-07-24T05:52:06.039+0000] {processor.py:925} INFO - DAG(s) 'wap_full_load_cfpb_pipeline' retrieved from /opt/airflow/dags/wap_full_load_cfpb_pipeline.py
[2026-07-24T05:52:06.228+0000] {logging_mixin.py:190} INFO - [2026-07-24T05:52:06.227+0000] {dag.py:3239} INFO - Sync 1 DAGs
[2026-07-24T05:52:06.249+0000] {logging_mixin.py:190} INFO - [2026-07-24T05:52:06.248+0000] {dag.py:4180} INFO - Setting next_dagrun for wap_full_load_cfpb_pipeline to 2026-01-01 00:00:00+00:00, run_after=2026-01-01 00:00:00+00:00
[2026-07-24T05:52:06.266+0000] {processor.py:208} INFO - Processing /opt/airflow/dags/wap_full_load_cfpb_pipeline.py took 0.559 seconds
