[2026-07-19T01:10:55.699+0000] {processor.py:186} INFO - Started process (PID=222) to work on /opt/airflow/dags/setup_lakehouse_infrastructure_v3.py
[2026-07-19T01:10:55.700+0000] {processor.py:914} INFO - Processing file /opt/airflow/dags/setup_lakehouse_infrastructure_v3.py for tasks to queue
[2026-07-19T01:10:55.705+0000] {logging_mixin.py:190} INFO - [2026-07-19T01:10:55.705+0000] {dagbag.py:588} INFO - Filling up the DagBag from /opt/airflow/dags/setup_lakehouse_infrastructure_v3.py
[2026-07-19T01:10:55.736+0000] {processor.py:925} INFO - DAG(s) 'setup_lakehouse_infrastructure_v3' retrieved from /opt/airflow/dags/setup_lakehouse_infrastructure_v3.py
[2026-07-19T01:10:55.811+0000] {logging_mixin.py:190} INFO - [2026-07-19T01:10:55.810+0000] {override.py:1900} INFO - Created Permission View: can edit on DAG:setup_lakehouse_infrastructure_v3
[2026-07-19T01:10:55.826+0000] {logging_mixin.py:190} INFO - [2026-07-19T01:10:55.826+0000] {override.py:1900} INFO - Created Permission View: can read on DAG:setup_lakehouse_infrastructure_v3
[2026-07-19T01:10:55.835+0000] {logging_mixin.py:190} INFO - [2026-07-19T01:10:55.835+0000] {override.py:1900} INFO - Created Permission View: can delete on DAG:setup_lakehouse_infrastructure_v3
[2026-07-19T01:10:55.846+0000] {logging_mixin.py:190} INFO - [2026-07-19T01:10:55.846+0000] {override.py:1900} INFO - Created Permission View: can delete on DAG Run:setup_lakehouse_infrastructure_v3
[2026-07-19T01:10:55.858+0000] {logging_mixin.py:190} INFO - [2026-07-19T01:10:55.857+0000] {override.py:1900} INFO - Created Permission View: can read on DAG Run:setup_lakehouse_infrastructure_v3
[2026-07-19T01:10:55.867+0000] {logging_mixin.py:190} INFO - [2026-07-19T01:10:55.866+0000] {override.py:1900} INFO - Created Permission View: menu access on DAG Run:setup_lakehouse_infrastructure_v3
[2026-07-19T01:10:55.878+0000] {logging_mixin.py:190} INFO - [2026-07-19T01:10:55.877+0000] {override.py:1900} INFO - Created Permission View: can create on DAG Run:setup_lakehouse_infrastructure_v3
[2026-07-19T01:10:55.879+0000] {logging_mixin.py:190} INFO - [2026-07-19T01:10:55.878+0000] {dag.py:3239} INFO - Sync 1 DAGs
[2026-07-19T01:10:55.897+0000] {logging_mixin.py:190} INFO - [2026-07-19T01:10:55.896+0000] {dag.py:3262} INFO - Creating ORM DAG for setup_lakehouse_infrastructure_v3
[2026-07-19T01:10:55.908+0000] {logging_mixin.py:190} INFO - [2026-07-19T01:10:55.908+0000] {dag.py:4180} INFO - Setting next_dagrun for setup_lakehouse_infrastructure_v3 to 2024-01-01 00:00:00+00:00, run_after=2024-01-01 00:00:00+00:00
[2026-07-19T01:10:55.945+0000] {processor.py:208} INFO - Processing /opt/airflow/dags/setup_lakehouse_infrastructure_v3.py took 0.253 seconds
[2026-07-19T01:11:26.091+0000] {processor.py:186} INFO - Started process (PID=307) to work on /opt/airflow/dags/setup_lakehouse_infrastructure_v3.py
[2026-07-19T01:11:26.092+0000] {processor.py:914} INFO - Processing file /opt/airflow/dags/setup_lakehouse_infrastructure_v3.py for tasks to queue
[2026-07-19T01:11:26.094+0000] {logging_mixin.py:190} INFO - [2026-07-19T01:11:26.094+0000] {dagbag.py:588} INFO - Filling up the DagBag from /opt/airflow/dags/setup_lakehouse_infrastructure_v3.py
[2026-07-19T01:11:26.125+0000] {processor.py:925} INFO - DAG(s) 'setup_lakehouse_infrastructure_v3' retrieved from /opt/airflow/dags/setup_lakehouse_infrastructure_v3.py
[2026-07-19T01:11:26.148+0000] {logging_mixin.py:190} INFO - [2026-07-19T01:11:26.147+0000] {dag.py:3239} INFO - Sync 1 DAGs
[2026-07-19T01:11:26.169+0000] {logging_mixin.py:190} INFO - [2026-07-19T01:11:26.168+0000] {dag.py:4180} INFO - Setting next_dagrun for setup_lakehouse_infrastructure_v3 to 2024-01-01 00:00:00+00:00, run_after=2024-01-01 00:00:00+00:00
[2026-07-19T01:11:26.191+0000] {processor.py:208} INFO - Processing /opt/airflow/dags/setup_lakehouse_infrastructure_v3.py took 0.105 seconds
[2026-07-19T01:11:56.644+0000] {processor.py:186} INFO - Started process (PID=391) to work on /opt/airflow/dags/setup_lakehouse_infrastructure_v3.py
[2026-07-19T01:11:56.645+0000] {processor.py:914} INFO - Processing file /opt/airflow/dags/setup_lakehouse_infrastructure_v3.py for tasks to queue
[2026-07-19T01:11:56.649+0000] {logging_mixin.py:190} INFO - [2026-07-19T01:11:56.648+0000] {dagbag.py:588} INFO - Filling up the DagBag from /opt/airflow/dags/setup_lakehouse_infrastructure_v3.py
[2026-07-19T01:11:56.681+0000] {processor.py:925} INFO - DAG(s) 'setup_lakehouse_infrastructure_v3' retrieved from /opt/airflow/dags/setup_lakehouse_infrastructure_v3.py
[2026-07-19T01:11:56.701+0000] {logging_mixin.py:190} INFO - [2026-07-19T01:11:56.701+0000] {dag.py:3239} INFO - Sync 1 DAGs
[2026-07-19T01:11:56.721+0000] {logging_mixin.py:190} INFO - [2026-07-19T01:11:56.720+0000] {dag.py:4180} INFO - Setting next_dagrun for setup_lakehouse_infrastructure_v3 to 2024-01-01 00:00:00+00:00, run_after=2024-01-01 00:00:00+00:00
[2026-07-19T01:11:56.741+0000] {processor.py:208} INFO - Processing /opt/airflow/dags/setup_lakehouse_infrastructure_v3.py took 0.102 seconds
[2026-07-19T01:12:27.366+0000] {processor.py:186} INFO - Started process (PID=479) to work on /opt/airflow/dags/setup_lakehouse_infrastructure_v3.py
[2026-07-19T01:12:27.367+0000] {processor.py:914} INFO - Processing file /opt/airflow/dags/setup_lakehouse_infrastructure_v3.py for tasks to queue
[2026-07-19T01:12:27.369+0000] {logging_mixin.py:190} INFO - [2026-07-19T01:12:27.369+0000] {dagbag.py:588} INFO - Filling up the DagBag from /opt/airflow/dags/setup_lakehouse_infrastructure_v3.py
[2026-07-19T01:12:27.394+0000] {processor.py:925} INFO - DAG(s) 'setup_lakehouse_infrastructure_v3' retrieved from /opt/airflow/dags/setup_lakehouse_infrastructure_v3.py
[2026-07-19T01:12:27.415+0000] {logging_mixin.py:190} INFO - [2026-07-19T01:12:27.415+0000] {dag.py:3239} INFO - Sync 1 DAGs
[2026-07-19T01:12:27.437+0000] {logging_mixin.py:190} INFO - [2026-07-19T01:12:27.436+0000] {dag.py:4180} INFO - Setting next_dagrun for setup_lakehouse_infrastructure_v3 to 2024-01-01 00:00:00+00:00, run_after=2024-01-01 00:00:00+00:00
[2026-07-19T01:12:27.454+0000] {processor.py:208} INFO - Processing /opt/airflow/dags/setup_lakehouse_infrastructure_v3.py took 0.093 seconds
[2026-07-19T01:12:57.911+0000] {processor.py:186} INFO - Started process (PID=566) to work on /opt/airflow/dags/setup_lakehouse_infrastructure_v3.py
[2026-07-19T01:12:57.912+0000] {processor.py:914} INFO - Processing file /opt/airflow/dags/setup_lakehouse_infrastructure_v3.py for tasks to queue
[2026-07-19T01:12:57.914+0000] {logging_mixin.py:190} INFO - [2026-07-19T01:12:57.914+0000] {dagbag.py:588} INFO - Filling up the DagBag from /opt/airflow/dags/setup_lakehouse_infrastructure_v3.py
[2026-07-19T01:12:57.948+0000] {processor.py:925} INFO - DAG(s) 'setup_lakehouse_infrastructure_v3' retrieved from /opt/airflow/dags/setup_lakehouse_infrastructure_v3.py
[2026-07-19T01:12:57.970+0000] {logging_mixin.py:190} INFO - [2026-07-19T01:12:57.970+0000] {dag.py:3239} INFO - Sync 1 DAGs
[2026-07-19T01:12:57.993+0000] {logging_mixin.py:190} INFO - [2026-07-19T01:12:57.993+0000] {dag.py:4180} INFO - Setting next_dagrun for setup_lakehouse_infrastructure_v3 to 2024-01-01 00:00:00+00:00, run_after=2024-01-01 00:00:00+00:00
[2026-07-19T01:12:58.012+0000] {processor.py:208} INFO - Processing /opt/airflow/dags/setup_lakehouse_infrastructure_v3.py took 0.107 seconds
[2026-07-19T01:13:29.456+0000] {processor.py:186} INFO - Started process (PID=653) to work on /opt/airflow/dags/setup_lakehouse_infrastructure_v3.py
[2026-07-19T01:13:29.457+0000] {processor.py:914} INFO - Processing file /opt/airflow/dags/setup_lakehouse_infrastructure_v3.py for tasks to queue
[2026-07-19T01:13:29.460+0000] {logging_mixin.py:190} INFO - [2026-07-19T01:13:29.459+0000] {dagbag.py:588} INFO - Filling up the DagBag from /opt/airflow/dags/setup_lakehouse_infrastructure_v3.py
[2026-07-19T01:13:29.490+0000] {processor.py:925} INFO - DAG(s) 'setup_lakehouse_infrastructure_v3' retrieved from /opt/airflow/dags/setup_lakehouse_infrastructure_v3.py
[2026-07-19T01:13:29.523+0000] {logging_mixin.py:190} INFO - [2026-07-19T01:13:29.522+0000] {dag.py:3239} INFO - Sync 1 DAGs
[2026-07-19T01:13:29.555+0000] {logging_mixin.py:190} INFO - [2026-07-19T01:13:29.555+0000] {dag.py:4180} INFO - Setting next_dagrun for setup_lakehouse_infrastructure_v3 to 2024-01-01 00:00:00+00:00, run_after=2024-01-01 00:00:00+00:00
[2026-07-19T01:13:29.592+0000] {processor.py:208} INFO - Processing /opt/airflow/dags/setup_lakehouse_infrastructure_v3.py took 0.142 seconds
[2026-07-19T01:20:44.574+0000] {processor.py:186} INFO - Started process (PID=222) to work on /opt/airflow/dags/setup_lakehouse_infrastructure_v3.py
[2026-07-19T01:20:44.576+0000] {processor.py:914} INFO - Processing file /opt/airflow/dags/setup_lakehouse_infrastructure_v3.py for tasks to queue
[2026-07-19T01:20:44.578+0000] {logging_mixin.py:190} INFO - [2026-07-19T01:20:44.578+0000] {dagbag.py:588} INFO - Filling up the DagBag from /opt/airflow/dags/setup_lakehouse_infrastructure_v3.py
[2026-07-19T01:20:44.608+0000] {processor.py:925} INFO - DAG(s) 'setup_lakehouse_infrastructure_v3' retrieved from /opt/airflow/dags/setup_lakehouse_infrastructure_v3.py
[2026-07-19T01:20:44.675+0000] {logging_mixin.py:190} INFO - [2026-07-19T01:20:44.674+0000] {override.py:1900} INFO - Created Permission View: can edit on DAG:setup_lakehouse_infrastructure_v3
[2026-07-19T01:20:44.686+0000] {logging_mixin.py:190} INFO - [2026-07-19T01:20:44.686+0000] {override.py:1900} INFO - Created Permission View: can read on DAG:setup_lakehouse_infrastructure_v3
[2026-07-19T01:20:44.693+0000] {logging_mixin.py:190} INFO - [2026-07-19T01:20:44.693+0000] {override.py:1900} INFO - Created Permission View: can delete on DAG:setup_lakehouse_infrastructure_v3
[2026-07-19T01:20:44.702+0000] {logging_mixin.py:190} INFO - [2026-07-19T01:20:44.702+0000] {override.py:1900} INFO - Created Permission View: can read on DAG Run:setup_lakehouse_infrastructure_v3
[2026-07-19T01:20:44.709+0000] {logging_mixin.py:190} INFO - [2026-07-19T01:20:44.709+0000] {override.py:1900} INFO - Created Permission View: menu access on DAG Run:setup_lakehouse_infrastructure_v3
[2026-07-19T01:20:44.717+0000] {logging_mixin.py:190} INFO - [2026-07-19T01:20:44.716+0000] {override.py:1900} INFO - Created Permission View: can delete on DAG Run:setup_lakehouse_infrastructure_v3
[2026-07-19T01:20:44.724+0000] {logging_mixin.py:190} INFO - [2026-07-19T01:20:44.724+0000] {override.py:1900} INFO - Created Permission View: can create on DAG Run:setup_lakehouse_infrastructure_v3
[2026-07-19T01:20:44.725+0000] {logging_mixin.py:190} INFO - [2026-07-19T01:20:44.725+0000] {dag.py:3239} INFO - Sync 1 DAGs
[2026-07-19T01:20:44.738+0000] {logging_mixin.py:190} INFO - [2026-07-19T01:20:44.738+0000] {dag.py:3262} INFO - Creating ORM DAG for setup_lakehouse_infrastructure_v3
[2026-07-19T01:20:44.749+0000] {logging_mixin.py:190} INFO - [2026-07-19T01:20:44.749+0000] {dag.py:4180} INFO - Setting next_dagrun for setup_lakehouse_infrastructure_v3 to 2024-01-01 00:00:00+00:00, run_after=2024-01-01 00:00:00+00:00
[2026-07-19T01:20:44.774+0000] {processor.py:208} INFO - Processing /opt/airflow/dags/setup_lakehouse_infrastructure_v3.py took 0.206 seconds
[2026-07-19T01:21:15.100+0000] {processor.py:186} INFO - Started process (PID=307) to work on /opt/airflow/dags/setup_lakehouse_infrastructure_v3.py
[2026-07-19T01:21:15.101+0000] {processor.py:914} INFO - Processing file /opt/airflow/dags/setup_lakehouse_infrastructure_v3.py for tasks to queue
[2026-07-19T01:21:15.103+0000] {logging_mixin.py:190} INFO - [2026-07-19T01:21:15.102+0000] {dagbag.py:588} INFO - Filling up the DagBag from /opt/airflow/dags/setup_lakehouse_infrastructure_v3.py
[2026-07-19T01:21:15.127+0000] {processor.py:925} INFO - DAG(s) 'setup_lakehouse_infrastructure_v3' retrieved from /opt/airflow/dags/setup_lakehouse_infrastructure_v3.py
[2026-07-19T01:21:15.149+0000] {logging_mixin.py:190} INFO - [2026-07-19T01:21:15.149+0000] {dag.py:3239} INFO - Sync 1 DAGs
[2026-07-19T01:21:15.170+0000] {logging_mixin.py:190} INFO - [2026-07-19T01:21:15.170+0000] {dag.py:4180} INFO - Setting next_dagrun for setup_lakehouse_infrastructure_v3 to 2024-01-01 00:00:00+00:00, run_after=2024-01-01 00:00:00+00:00
[2026-07-19T01:21:15.187+0000] {processor.py:208} INFO - Processing /opt/airflow/dags/setup_lakehouse_infrastructure_v3.py took 0.093 seconds
[2026-07-19T01:21:45.526+0000] {processor.py:186} INFO - Started process (PID=391) to work on /opt/airflow/dags/setup_lakehouse_infrastructure_v3.py
[2026-07-19T01:21:45.527+0000] {processor.py:914} INFO - Processing file /opt/airflow/dags/setup_lakehouse_infrastructure_v3.py for tasks to queue
[2026-07-19T01:21:45.530+0000] {logging_mixin.py:190} INFO - [2026-07-19T01:21:45.530+0000] {dagbag.py:588} INFO - Filling up the DagBag from /opt/airflow/dags/setup_lakehouse_infrastructure_v3.py
[2026-07-19T01:21:45.557+0000] {processor.py:925} INFO - DAG(s) 'setup_lakehouse_infrastructure_v3' retrieved from /opt/airflow/dags/setup_lakehouse_infrastructure_v3.py
[2026-07-19T01:21:45.579+0000] {logging_mixin.py:190} INFO - [2026-07-19T01:21:45.579+0000] {dag.py:3239} INFO - Sync 1 DAGs
[2026-07-19T01:21:45.598+0000] {logging_mixin.py:190} INFO - [2026-07-19T01:21:45.598+0000] {dag.py:4180} INFO - Setting next_dagrun for setup_lakehouse_infrastructure_v3 to 2024-01-01 00:00:00+00:00, run_after=2024-01-01 00:00:00+00:00
[2026-07-19T01:21:45.616+0000] {processor.py:208} INFO - Processing /opt/airflow/dags/setup_lakehouse_infrastructure_v3.py took 0.095 seconds
[2026-07-19T01:22:16.216+0000] {processor.py:186} INFO - Started process (PID=480) to work on /opt/airflow/dags/setup_lakehouse_infrastructure_v3.py
[2026-07-19T01:22:16.218+0000] {processor.py:914} INFO - Processing file /opt/airflow/dags/setup_lakehouse_infrastructure_v3.py for tasks to queue
[2026-07-19T01:22:16.220+0000] {logging_mixin.py:190} INFO - [2026-07-19T01:22:16.219+0000] {dagbag.py:588} INFO - Filling up the DagBag from /opt/airflow/dags/setup_lakehouse_infrastructure_v3.py
[2026-07-19T01:22:16.247+0000] {processor.py:925} INFO - DAG(s) 'setup_lakehouse_infrastructure_v3' retrieved from /opt/airflow/dags/setup_lakehouse_infrastructure_v3.py
[2026-07-19T01:22:16.270+0000] {logging_mixin.py:190} INFO - [2026-07-19T01:22:16.269+0000] {dag.py:3239} INFO - Sync 1 DAGs
[2026-07-19T01:22:16.288+0000] {logging_mixin.py:190} INFO - [2026-07-19T01:22:16.288+0000] {dag.py:4180} INFO - Setting next_dagrun for setup_lakehouse_infrastructure_v3 to 2024-01-01 00:00:00+00:00, run_after=2024-01-01 00:00:00+00:00
[2026-07-19T01:22:16.306+0000] {processor.py:208} INFO - Processing /opt/airflow/dags/setup_lakehouse_infrastructure_v3.py took 0.095 seconds
[2026-07-19T01:22:47.175+0000] {processor.py:186} INFO - Started process (PID=567) to work on /opt/airflow/dags/setup_lakehouse_infrastructure_v3.py
[2026-07-19T01:22:47.176+0000] {processor.py:914} INFO - Processing file /opt/airflow/dags/setup_lakehouse_infrastructure_v3.py for tasks to queue
[2026-07-19T01:22:47.178+0000] {logging_mixin.py:190} INFO - [2026-07-19T01:22:47.177+0000] {dagbag.py:588} INFO - Filling up the DagBag from /opt/airflow/dags/setup_lakehouse_infrastructure_v3.py
[2026-07-19T01:22:47.200+0000] {processor.py:925} INFO - DAG(s) 'setup_lakehouse_infrastructure_v3' retrieved from /opt/airflow/dags/setup_lakehouse_infrastructure_v3.py
[2026-07-19T01:22:47.221+0000] {logging_mixin.py:190} INFO - [2026-07-19T01:22:47.221+0000] {dag.py:3239} INFO - Sync 1 DAGs
[2026-07-19T01:22:47.240+0000] {logging_mixin.py:190} INFO - [2026-07-19T01:22:47.240+0000] {dag.py:4180} INFO - Setting next_dagrun for setup_lakehouse_infrastructure_v3 to 2024-01-01 00:00:00+00:00, run_after=2024-01-01 00:00:00+00:00
[2026-07-19T01:22:47.257+0000] {processor.py:208} INFO - Processing /opt/airflow/dags/setup_lakehouse_infrastructure_v3.py took 0.088 seconds
[2026-07-19T01:23:17.635+0000] {processor.py:186} INFO - Started process (PID=653) to work on /opt/airflow/dags/setup_lakehouse_infrastructure_v3.py
[2026-07-19T01:23:17.637+0000] {processor.py:914} INFO - Processing file /opt/airflow/dags/setup_lakehouse_infrastructure_v3.py for tasks to queue
[2026-07-19T01:23:17.640+0000] {logging_mixin.py:190} INFO - [2026-07-19T01:23:17.639+0000] {dagbag.py:588} INFO - Filling up the DagBag from /opt/airflow/dags/setup_lakehouse_infrastructure_v3.py
[2026-07-19T01:23:17.666+0000] {processor.py:925} INFO - DAG(s) 'setup_lakehouse_infrastructure_v3' retrieved from /opt/airflow/dags/setup_lakehouse_infrastructure_v3.py
[2026-07-19T01:23:17.688+0000] {logging_mixin.py:190} INFO - [2026-07-19T01:23:17.688+0000] {dag.py:3239} INFO - Sync 1 DAGs
[2026-07-19T01:23:17.707+0000] {logging_mixin.py:190} INFO - [2026-07-19T01:23:17.707+0000] {dag.py:4180} INFO - Setting next_dagrun for setup_lakehouse_infrastructure_v3 to 2024-01-01 00:00:00+00:00, run_after=2024-01-01 00:00:00+00:00
[2026-07-19T01:23:17.727+0000] {processor.py:208} INFO - Processing /opt/airflow/dags/setup_lakehouse_infrastructure_v3.py took 0.097 seconds
[2026-07-19T01:23:47.812+0000] {processor.py:186} INFO - Started process (PID=728) to work on /opt/airflow/dags/setup_lakehouse_infrastructure_v3.py
[2026-07-19T01:23:47.813+0000] {processor.py:914} INFO - Processing file /opt/airflow/dags/setup_lakehouse_infrastructure_v3.py for tasks to queue
[2026-07-19T01:23:47.815+0000] {logging_mixin.py:190} INFO - [2026-07-19T01:23:47.815+0000] {dagbag.py:588} INFO - Filling up the DagBag from /opt/airflow/dags/setup_lakehouse_infrastructure_v3.py
[2026-07-19T01:23:47.840+0000] {processor.py:925} INFO - DAG(s) 'setup_lakehouse_infrastructure_v3' retrieved from /opt/airflow/dags/setup_lakehouse_infrastructure_v3.py
[2026-07-19T01:23:47.861+0000] {logging_mixin.py:190} INFO - [2026-07-19T01:23:47.861+0000] {dag.py:3239} INFO - Sync 1 DAGs
[2026-07-19T01:23:47.883+0000] {logging_mixin.py:190} INFO - [2026-07-19T01:23:47.883+0000] {dag.py:4180} INFO - Setting next_dagrun for setup_lakehouse_infrastructure_v3 to 2024-01-01 00:00:00+00:00, run_after=2024-01-01 00:00:00+00:00
[2026-07-19T01:23:47.908+0000] {processor.py:208} INFO - Processing /opt/airflow/dags/setup_lakehouse_infrastructure_v3.py took 0.100 seconds
[2026-07-19T01:24:18.308+0000] {processor.py:186} INFO - Started process (PID=817) to work on /opt/airflow/dags/setup_lakehouse_infrastructure_v3.py
[2026-07-19T01:24:18.309+0000] {processor.py:914} INFO - Processing file /opt/airflow/dags/setup_lakehouse_infrastructure_v3.py for tasks to queue
[2026-07-19T01:24:18.311+0000] {logging_mixin.py:190} INFO - [2026-07-19T01:24:18.311+0000] {dagbag.py:588} INFO - Filling up the DagBag from /opt/airflow/dags/setup_lakehouse_infrastructure_v3.py
[2026-07-19T01:24:18.333+0000] {processor.py:925} INFO - DAG(s) 'setup_lakehouse_infrastructure_v3' retrieved from /opt/airflow/dags/setup_lakehouse_infrastructure_v3.py
[2026-07-19T01:24:18.354+0000] {logging_mixin.py:190} INFO - [2026-07-19T01:24:18.354+0000] {dag.py:3239} INFO - Sync 1 DAGs
[2026-07-19T01:24:18.376+0000] {logging_mixin.py:190} INFO - [2026-07-19T01:24:18.376+0000] {dag.py:4180} INFO - Setting next_dagrun for setup_lakehouse_infrastructure_v3 to 2024-01-01 00:00:00+00:00, run_after=2024-01-01 00:00:00+00:00
[2026-07-19T01:24:18.401+0000] {processor.py:208} INFO - Processing /opt/airflow/dags/setup_lakehouse_infrastructure_v3.py took 0.098 seconds
[2026-07-19T01:24:49.113+0000] {processor.py:186} INFO - Started process (PID=918) to work on /opt/airflow/dags/setup_lakehouse_infrastructure_v3.py
[2026-07-19T01:24:49.114+0000] {processor.py:914} INFO - Processing file /opt/airflow/dags/setup_lakehouse_infrastructure_v3.py for tasks to queue
[2026-07-19T01:24:49.116+0000] {logging_mixin.py:190} INFO - [2026-07-19T01:24:49.116+0000] {dagbag.py:588} INFO - Filling up the DagBag from /opt/airflow/dags/setup_lakehouse_infrastructure_v3.py
[2026-07-19T01:24:49.139+0000] {processor.py:925} INFO - DAG(s) 'setup_lakehouse_infrastructure_v3' retrieved from /opt/airflow/dags/setup_lakehouse_infrastructure_v3.py
[2026-07-19T01:24:49.162+0000] {logging_mixin.py:190} INFO - [2026-07-19T01:24:49.162+0000] {dag.py:3239} INFO - Sync 1 DAGs
[2026-07-19T01:24:49.182+0000] {logging_mixin.py:190} INFO - [2026-07-19T01:24:49.182+0000] {dag.py:4180} INFO - Setting next_dagrun for setup_lakehouse_infrastructure_v3 to 2024-01-01 00:00:00+00:00, run_after=2024-01-01 00:00:00+00:00
[2026-07-19T01:24:49.201+0000] {processor.py:208} INFO - Processing /opt/airflow/dags/setup_lakehouse_infrastructure_v3.py took 0.093 seconds
[2026-07-19T01:44:24.708+0000] {processor.py:186} INFO - Started process (PID=1007) to work on /opt/airflow/dags/setup_lakehouse_infrastructure_v3.py
[2026-07-19T01:44:24.709+0000] {processor.py:914} INFO - Processing file /opt/airflow/dags/setup_lakehouse_infrastructure_v3.py for tasks to queue
[2026-07-19T01:44:24.711+0000] {logging_mixin.py:190} INFO - [2026-07-19T01:44:24.711+0000] {dagbag.py:588} INFO - Filling up the DagBag from /opt/airflow/dags/setup_lakehouse_infrastructure_v3.py
[2026-07-19T01:44:24.729+0000] {processor.py:925} INFO - DAG(s) 'setup_lakehouse_infrastructure_v3' retrieved from /opt/airflow/dags/setup_lakehouse_infrastructure_v3.py
[2026-07-19T01:44:24.751+0000] {logging_mixin.py:190} INFO - [2026-07-19T01:44:24.751+0000] {dag.py:3239} INFO - Sync 1 DAGs
[2026-07-19T01:44:24.772+0000] {logging_mixin.py:190} INFO - [2026-07-19T01:44:24.771+0000] {dag.py:4180} INFO - Setting next_dagrun for setup_lakehouse_infrastructure_v3 to 2024-01-01 00:00:00+00:00, run_after=2024-01-01 00:00:00+00:00
[2026-07-19T01:44:24.788+0000] {processor.py:208} INFO - Processing /opt/airflow/dags/setup_lakehouse_infrastructure_v3.py took 0.085 seconds
[2026-07-19T01:47:50.012+0000] {processor.py:186} INFO - Started process (PID=1089) to work on /opt/airflow/dags/setup_lakehouse_infrastructure_v3.py
[2026-07-19T01:47:50.013+0000] {processor.py:914} INFO - Processing file /opt/airflow/dags/setup_lakehouse_infrastructure_v3.py for tasks to queue
[2026-07-19T01:47:50.015+0000] {logging_mixin.py:190} INFO - [2026-07-19T01:47:50.015+0000] {dagbag.py:588} INFO - Filling up the DagBag from /opt/airflow/dags/setup_lakehouse_infrastructure_v3.py
[2026-07-19T01:47:50.044+0000] {processor.py:925} INFO - DAG(s) 'setup_lakehouse_infrastructure_v3' retrieved from /opt/airflow/dags/setup_lakehouse_infrastructure_v3.py
[2026-07-19T01:47:50.068+0000] {logging_mixin.py:190} INFO - [2026-07-19T01:47:50.067+0000] {dag.py:3239} INFO - Sync 1 DAGs
[2026-07-19T01:47:50.092+0000] {logging_mixin.py:190} INFO - [2026-07-19T01:47:50.092+0000] {dag.py:4180} INFO - Setting next_dagrun for setup_lakehouse_infrastructure_v3 to 2024-01-01 00:00:00+00:00, run_after=2024-01-01 00:00:00+00:00
[2026-07-19T01:47:50.113+0000] {processor.py:208} INFO - Processing /opt/airflow/dags/setup_lakehouse_infrastructure_v3.py took 0.107 seconds
[2026-07-19T01:48:21.216+0000] {processor.py:186} INFO - Started process (PID=1184) to work on /opt/airflow/dags/setup_lakehouse_infrastructure_v3.py
[2026-07-19T01:48:21.217+0000] {processor.py:914} INFO - Processing file /opt/airflow/dags/setup_lakehouse_infrastructure_v3.py for tasks to queue
[2026-07-19T01:48:21.223+0000] {logging_mixin.py:190} INFO - [2026-07-19T01:48:21.222+0000] {dagbag.py:588} INFO - Filling up the DagBag from /opt/airflow/dags/setup_lakehouse_infrastructure_v3.py
[2026-07-19T01:48:21.260+0000] {processor.py:925} INFO - DAG(s) 'setup_lakehouse_infrastructure_v3' retrieved from /opt/airflow/dags/setup_lakehouse_infrastructure_v3.py
[2026-07-19T01:48:21.299+0000] {logging_mixin.py:190} INFO - [2026-07-19T01:48:21.298+0000] {dag.py:3239} INFO - Sync 1 DAGs
[2026-07-19T01:48:21.330+0000] {logging_mixin.py:190} INFO - [2026-07-19T01:48:21.330+0000] {dag.py:4180} INFO - Setting next_dagrun for setup_lakehouse_infrastructure_v3 to None, run_after=None
[2026-07-19T01:48:21.356+0000] {processor.py:208} INFO - Processing /opt/airflow/dags/setup_lakehouse_infrastructure_v3.py took 0.148 seconds
[2026-07-19T01:48:52.008+0000] {processor.py:186} INFO - Started process (PID=1589) to work on /opt/airflow/dags/setup_lakehouse_infrastructure_v3.py
[2026-07-19T01:48:52.009+0000] {processor.py:914} INFO - Processing file /opt/airflow/dags/setup_lakehouse_infrastructure_v3.py for tasks to queue
[2026-07-19T01:48:52.011+0000] {logging_mixin.py:190} INFO - [2026-07-19T01:48:52.011+0000] {dagbag.py:588} INFO - Filling up the DagBag from /opt/airflow/dags/setup_lakehouse_infrastructure_v3.py
[2026-07-19T01:48:52.038+0000] {processor.py:925} INFO - DAG(s) 'setup_lakehouse_infrastructure_v3' retrieved from /opt/airflow/dags/setup_lakehouse_infrastructure_v3.py
[2026-07-19T01:48:52.063+0000] {logging_mixin.py:190} INFO - [2026-07-19T01:48:52.063+0000] {dag.py:3239} INFO - Sync 1 DAGs
[2026-07-19T01:48:52.090+0000] {logging_mixin.py:190} INFO - [2026-07-19T01:48:52.089+0000] {dag.py:4180} INFO - Setting next_dagrun for setup_lakehouse_infrastructure_v3 to None, run_after=None
[2026-07-19T01:48:52.113+0000] {processor.py:208} INFO - Processing /opt/airflow/dags/setup_lakehouse_infrastructure_v3.py took 0.110 seconds
[2026-07-19T01:49:22.455+0000] {processor.py:186} INFO - Started process (PID=1675) to work on /opt/airflow/dags/setup_lakehouse_infrastructure_v3.py
[2026-07-19T01:49:22.456+0000] {processor.py:914} INFO - Processing file /opt/airflow/dags/setup_lakehouse_infrastructure_v3.py for tasks to queue
[2026-07-19T01:49:22.459+0000] {logging_mixin.py:190} INFO - [2026-07-19T01:49:22.458+0000] {dagbag.py:588} INFO - Filling up the DagBag from /opt/airflow/dags/setup_lakehouse_infrastructure_v3.py
[2026-07-19T01:49:22.491+0000] {processor.py:925} INFO - DAG(s) 'setup_lakehouse_infrastructure_v3' retrieved from /opt/airflow/dags/setup_lakehouse_infrastructure_v3.py
[2026-07-19T01:49:22.515+0000] {logging_mixin.py:190} INFO - [2026-07-19T01:49:22.515+0000] {dag.py:3239} INFO - Sync 1 DAGs
[2026-07-19T01:49:22.536+0000] {logging_mixin.py:190} INFO - [2026-07-19T01:49:22.536+0000] {dag.py:4180} INFO - Setting next_dagrun for setup_lakehouse_infrastructure_v3 to None, run_after=None
[2026-07-19T01:49:22.560+0000] {processor.py:208} INFO - Processing /opt/airflow/dags/setup_lakehouse_infrastructure_v3.py took 0.110 seconds
[2026-07-19T01:49:53.598+0000] {processor.py:186} INFO - Started process (PID=1779) to work on /opt/airflow/dags/setup_lakehouse_infrastructure_v3.py
[2026-07-19T01:49:53.599+0000] {processor.py:914} INFO - Processing file /opt/airflow/dags/setup_lakehouse_infrastructure_v3.py for tasks to queue
[2026-07-19T01:49:53.601+0000] {logging_mixin.py:190} INFO - [2026-07-19T01:49:53.601+0000] {dagbag.py:588} INFO - Filling up the DagBag from /opt/airflow/dags/setup_lakehouse_infrastructure_v3.py
[2026-07-19T01:49:53.630+0000] {processor.py:925} INFO - DAG(s) 'setup_lakehouse_infrastructure_v3' retrieved from /opt/airflow/dags/setup_lakehouse_infrastructure_v3.py
[2026-07-19T01:49:53.653+0000] {logging_mixin.py:190} INFO - [2026-07-19T01:49:53.653+0000] {dag.py:3239} INFO - Sync 1 DAGs
[2026-07-19T01:49:53.675+0000] {logging_mixin.py:190} INFO - [2026-07-19T01:49:53.675+0000] {dag.py:4180} INFO - Setting next_dagrun for setup_lakehouse_infrastructure_v3 to None, run_after=None
[2026-07-19T01:49:53.693+0000] {processor.py:208} INFO - Processing /opt/airflow/dags/setup_lakehouse_infrastructure_v3.py took 0.102 seconds
[2026-07-19T01:50:24.021+0000] {processor.py:186} INFO - Started process (PID=1863) to work on /opt/airflow/dags/setup_lakehouse_infrastructure_v3.py
[2026-07-19T01:50:24.023+0000] {processor.py:914} INFO - Processing file /opt/airflow/dags/setup_lakehouse_infrastructure_v3.py for tasks to queue
[2026-07-19T01:50:24.025+0000] {logging_mixin.py:190} INFO - [2026-07-19T01:50:24.025+0000] {dagbag.py:588} INFO - Filling up the DagBag from /opt/airflow/dags/setup_lakehouse_infrastructure_v3.py
[2026-07-19T01:50:24.053+0000] {processor.py:925} INFO - DAG(s) 'setup_lakehouse_infrastructure_v3' retrieved from /opt/airflow/dags/setup_lakehouse_infrastructure_v3.py
[2026-07-19T01:50:24.080+0000] {logging_mixin.py:190} INFO - [2026-07-19T01:50:24.080+0000] {dag.py:3239} INFO - Sync 1 DAGs
[2026-07-19T01:50:24.103+0000] {logging_mixin.py:190} INFO - [2026-07-19T01:50:24.103+0000] {dag.py:4180} INFO - Setting next_dagrun for setup_lakehouse_infrastructure_v3 to None, run_after=None
[2026-07-19T01:50:24.127+0000] {processor.py:208} INFO - Processing /opt/airflow/dags/setup_lakehouse_infrastructure_v3.py took 0.111 seconds
[2026-07-19T01:50:54.958+0000] {processor.py:186} INFO - Started process (PID=1954) to work on /opt/airflow/dags/setup_lakehouse_infrastructure_v3.py
[2026-07-19T01:50:54.960+0000] {processor.py:914} INFO - Processing file /opt/airflow/dags/setup_lakehouse_infrastructure_v3.py for tasks to queue
[2026-07-19T01:50:54.963+0000] {logging_mixin.py:190} INFO - [2026-07-19T01:50:54.962+0000] {dagbag.py:588} INFO - Filling up the DagBag from /opt/airflow/dags/setup_lakehouse_infrastructure_v3.py
[2026-07-19T01:50:54.990+0000] {processor.py:925} INFO - DAG(s) 'setup_lakehouse_infrastructure_v3' retrieved from /opt/airflow/dags/setup_lakehouse_infrastructure_v3.py
[2026-07-19T01:50:55.013+0000] {logging_mixin.py:190} INFO - [2026-07-19T01:50:55.012+0000] {dag.py:3239} INFO - Sync 1 DAGs
[2026-07-19T01:50:55.032+0000] {logging_mixin.py:190} INFO - [2026-07-19T01:50:55.032+0000] {dag.py:4180} INFO - Setting next_dagrun for setup_lakehouse_infrastructure_v3 to None, run_after=None
[2026-07-19T01:50:55.055+0000] {processor.py:208} INFO - Processing /opt/airflow/dags/setup_lakehouse_infrastructure_v3.py took 0.102 seconds
[2026-07-19T01:51:25.914+0000] {processor.py:186} INFO - Started process (PID=2041) to work on /opt/airflow/dags/setup_lakehouse_infrastructure_v3.py
[2026-07-19T01:51:25.916+0000] {processor.py:914} INFO - Processing file /opt/airflow/dags/setup_lakehouse_infrastructure_v3.py for tasks to queue
[2026-07-19T01:51:25.918+0000] {logging_mixin.py:190} INFO - [2026-07-19T01:51:25.918+0000] {dagbag.py:588} INFO - Filling up the DagBag from /opt/airflow/dags/setup_lakehouse_infrastructure_v3.py
[2026-07-19T01:51:25.946+0000] {processor.py:925} INFO - DAG(s) 'setup_lakehouse_infrastructure_v3' retrieved from /opt/airflow/dags/setup_lakehouse_infrastructure_v3.py
[2026-07-19T01:51:25.968+0000] {logging_mixin.py:190} INFO - [2026-07-19T01:51:25.968+0000] {dag.py:3239} INFO - Sync 1 DAGs
[2026-07-19T01:51:25.990+0000] {logging_mixin.py:190} INFO - [2026-07-19T01:51:25.990+0000] {dag.py:4180} INFO - Setting next_dagrun for setup_lakehouse_infrastructure_v3 to None, run_after=None
[2026-07-19T01:51:26.008+0000] {processor.py:208} INFO - Processing /opt/airflow/dags/setup_lakehouse_infrastructure_v3.py took 0.099 seconds
[2026-07-19T01:51:56.581+0000] {processor.py:186} INFO - Started process (PID=2130) to work on /opt/airflow/dags/setup_lakehouse_infrastructure_v3.py
[2026-07-19T01:51:56.582+0000] {processor.py:914} INFO - Processing file /opt/airflow/dags/setup_lakehouse_infrastructure_v3.py for tasks to queue
[2026-07-19T01:51:56.585+0000] {logging_mixin.py:190} INFO - [2026-07-19T01:51:56.584+0000] {dagbag.py:588} INFO - Filling up the DagBag from /opt/airflow/dags/setup_lakehouse_infrastructure_v3.py
[2026-07-19T01:51:56.611+0000] {processor.py:925} INFO - DAG(s) 'setup_lakehouse_infrastructure_v3' retrieved from /opt/airflow/dags/setup_lakehouse_infrastructure_v3.py
[2026-07-19T01:51:56.632+0000] {logging_mixin.py:190} INFO - [2026-07-19T01:51:56.632+0000] {dag.py:3239} INFO - Sync 1 DAGs
[2026-07-19T01:51:56.651+0000] {logging_mixin.py:190} INFO - [2026-07-19T01:51:56.651+0000] {dag.py:4180} INFO - Setting next_dagrun for setup_lakehouse_infrastructure_v3 to None, run_after=None
[2026-07-19T01:51:56.668+0000] {processor.py:208} INFO - Processing /opt/airflow/dags/setup_lakehouse_infrastructure_v3.py took 0.092 seconds
[2026-07-19T01:52:26.960+0000] {processor.py:186} INFO - Started process (PID=2214) to work on /opt/airflow/dags/setup_lakehouse_infrastructure_v3.py
[2026-07-19T01:52:26.961+0000] {processor.py:914} INFO - Processing file /opt/airflow/dags/setup_lakehouse_infrastructure_v3.py for tasks to queue
[2026-07-19T01:52:26.963+0000] {logging_mixin.py:190} INFO - [2026-07-19T01:52:26.963+0000] {dagbag.py:588} INFO - Filling up the DagBag from /opt/airflow/dags/setup_lakehouse_infrastructure_v3.py
[2026-07-19T01:52:26.992+0000] {processor.py:925} INFO - DAG(s) 'setup_lakehouse_infrastructure_v3' retrieved from /opt/airflow/dags/setup_lakehouse_infrastructure_v3.py
[2026-07-19T01:52:27.021+0000] {logging_mixin.py:190} INFO - [2026-07-19T01:52:27.021+0000] {dag.py:3239} INFO - Sync 1 DAGs
[2026-07-19T01:52:27.046+0000] {logging_mixin.py:190} INFO - [2026-07-19T01:52:27.045+0000] {dag.py:4180} INFO - Setting next_dagrun for setup_lakehouse_infrastructure_v3 to None, run_after=None
[2026-07-19T01:52:27.070+0000] {processor.py:208} INFO - Processing /opt/airflow/dags/setup_lakehouse_infrastructure_v3.py took 0.116 seconds
[2026-07-19T01:56:22.558+0000] {processor.py:186} INFO - Started process (PID=222) to work on /opt/airflow/dags/setup_lakehouse_infrastructure_v3.py
[2026-07-19T01:56:22.560+0000] {processor.py:914} INFO - Processing file /opt/airflow/dags/setup_lakehouse_infrastructure_v3.py for tasks to queue
[2026-07-19T01:56:22.564+0000] {logging_mixin.py:190} INFO - [2026-07-19T01:56:22.563+0000] {dagbag.py:588} INFO - Filling up the DagBag from /opt/airflow/dags/setup_lakehouse_infrastructure_v3.py
[2026-07-19T01:56:22.606+0000] {processor.py:925} INFO - DAG(s) 'setup_lakehouse_infrastructure_v3' retrieved from /opt/airflow/dags/setup_lakehouse_infrastructure_v3.py
[2026-07-19T01:56:22.698+0000] {logging_mixin.py:190} INFO - [2026-07-19T01:56:22.697+0000] {override.py:1900} INFO - Created Permission View: can edit on DAG:setup_lakehouse_infrastructure_v3
[2026-07-19T01:56:22.712+0000] {logging_mixin.py:190} INFO - [2026-07-19T01:56:22.712+0000] {override.py:1900} INFO - Created Permission View: can delete on DAG:setup_lakehouse_infrastructure_v3
[2026-07-19T01:56:22.724+0000] {logging_mixin.py:190} INFO - [2026-07-19T01:56:22.723+0000] {override.py:1900} INFO - Created Permission View: can read on DAG:setup_lakehouse_infrastructure_v3
[2026-07-19T01:56:22.745+0000] {logging_mixin.py:190} INFO - [2026-07-19T01:56:22.744+0000] {override.py:1900} INFO - Created Permission View: can create on DAG Run:setup_lakehouse_infrastructure_v3
[2026-07-19T01:56:22.776+0000] {logging_mixin.py:190} INFO - [2026-07-19T01:56:22.775+0000] {override.py:1900} INFO - Created Permission View: menu access on DAG Run:setup_lakehouse_infrastructure_v3
[2026-07-19T01:56:22.800+0000] {logging_mixin.py:190} INFO - [2026-07-19T01:56:22.800+0000] {override.py:1900} INFO - Created Permission View: can delete on DAG Run:setup_lakehouse_infrastructure_v3
[2026-07-19T01:56:22.818+0000] {logging_mixin.py:190} INFO - [2026-07-19T01:56:22.817+0000] {override.py:1900} INFO - Created Permission View: can read on DAG Run:setup_lakehouse_infrastructure_v3
[2026-07-19T01:56:22.819+0000] {logging_mixin.py:190} INFO - [2026-07-19T01:56:22.819+0000] {dag.py:3239} INFO - Sync 1 DAGs
[2026-07-19T01:56:22.863+0000] {logging_mixin.py:190} INFO - [2026-07-19T01:56:22.862+0000] {dag.py:3262} INFO - Creating ORM DAG for setup_lakehouse_infrastructure_v3
[2026-07-19T01:56:22.908+0000] {logging_mixin.py:190} INFO - [2026-07-19T01:56:22.907+0000] {dag.py:4180} INFO - Setting next_dagrun for setup_lakehouse_infrastructure_v3 to 2024-01-01 00:00:00+00:00, run_after=2024-01-01 00:00:00+00:00
[2026-07-19T01:56:22.964+0000] {processor.py:208} INFO - Processing /opt/airflow/dags/setup_lakehouse_infrastructure_v3.py took 0.414 seconds
[2026-07-19T01:56:53.024+0000] {processor.py:186} INFO - Started process (PID=307) to work on /opt/airflow/dags/setup_lakehouse_infrastructure_v3.py
[2026-07-19T01:56:53.025+0000] {processor.py:914} INFO - Processing file /opt/airflow/dags/setup_lakehouse_infrastructure_v3.py for tasks to queue
[2026-07-19T01:56:53.028+0000] {logging_mixin.py:190} INFO - [2026-07-19T01:56:53.027+0000] {dagbag.py:588} INFO - Filling up the DagBag from /opt/airflow/dags/setup_lakehouse_infrastructure_v3.py
[2026-07-19T01:56:53.050+0000] {processor.py:925} INFO - DAG(s) 'setup_lakehouse_infrastructure_v3' retrieved from /opt/airflow/dags/setup_lakehouse_infrastructure_v3.py
[2026-07-19T01:56:53.076+0000] {logging_mixin.py:190} INFO - [2026-07-19T01:56:53.075+0000] {dag.py:3239} INFO - Sync 1 DAGs
[2026-07-19T01:56:53.098+0000] {logging_mixin.py:190} INFO - [2026-07-19T01:56:53.098+0000] {dag.py:4180} INFO - Setting next_dagrun for setup_lakehouse_infrastructure_v3 to 2024-01-01 00:00:00+00:00, run_after=2024-01-01 00:00:00+00:00
[2026-07-19T01:56:53.116+0000] {processor.py:208} INFO - Processing /opt/airflow/dags/setup_lakehouse_infrastructure_v3.py took 0.098 seconds
[2026-07-19T01:57:23.272+0000] {processor.py:186} INFO - Started process (PID=377) to work on /opt/airflow/dags/setup_lakehouse_infrastructure_v3.py
[2026-07-19T01:57:23.273+0000] {processor.py:914} INFO - Processing file /opt/airflow/dags/setup_lakehouse_infrastructure_v3.py for tasks to queue
[2026-07-19T01:57:23.276+0000] {logging_mixin.py:190} INFO - [2026-07-19T01:57:23.275+0000] {dagbag.py:588} INFO - Filling up the DagBag from /opt/airflow/dags/setup_lakehouse_infrastructure_v3.py
[2026-07-19T01:57:23.302+0000] {processor.py:925} INFO - DAG(s) 'setup_lakehouse_infrastructure_v3' retrieved from /opt/airflow/dags/setup_lakehouse_infrastructure_v3.py
[2026-07-19T01:57:23.328+0000] {logging_mixin.py:190} INFO - [2026-07-19T01:57:23.328+0000] {dag.py:3239} INFO - Sync 1 DAGs
[2026-07-19T01:57:23.352+0000] {logging_mixin.py:190} INFO - [2026-07-19T01:57:23.351+0000] {dag.py:4180} INFO - Setting next_dagrun for setup_lakehouse_infrastructure_v3 to 2024-01-01 00:00:00+00:00, run_after=2024-01-01 00:00:00+00:00
[2026-07-19T01:57:23.378+0000] {processor.py:208} INFO - Processing /opt/airflow/dags/setup_lakehouse_infrastructure_v3.py took 0.111 seconds
[2026-07-19T01:57:54.038+0000] {processor.py:186} INFO - Started process (PID=480) to work on /opt/airflow/dags/setup_lakehouse_infrastructure_v3.py
[2026-07-19T01:57:54.039+0000] {processor.py:914} INFO - Processing file /opt/airflow/dags/setup_lakehouse_infrastructure_v3.py for tasks to queue
[2026-07-19T01:57:54.041+0000] {logging_mixin.py:190} INFO - [2026-07-19T01:57:54.041+0000] {dagbag.py:588} INFO - Filling up the DagBag from /opt/airflow/dags/setup_lakehouse_infrastructure_v3.py
[2026-07-19T01:57:54.073+0000] {processor.py:925} INFO - DAG(s) 'setup_lakehouse_infrastructure_v3' retrieved from /opt/airflow/dags/setup_lakehouse_infrastructure_v3.py
[2026-07-19T01:57:54.094+0000] {logging_mixin.py:190} INFO - [2026-07-19T01:57:54.094+0000] {dag.py:3239} INFO - Sync 1 DAGs
[2026-07-19T01:57:54.115+0000] {logging_mixin.py:190} INFO - [2026-07-19T01:57:54.115+0000] {dag.py:4180} INFO - Setting next_dagrun for setup_lakehouse_infrastructure_v3 to 2024-01-01 00:00:00+00:00, run_after=2024-01-01 00:00:00+00:00
[2026-07-19T01:57:54.134+0000] {processor.py:208} INFO - Processing /opt/airflow/dags/setup_lakehouse_infrastructure_v3.py took 0.101 seconds
[2026-07-19T01:58:24.991+0000] {processor.py:186} INFO - Started process (PID=567) to work on /opt/airflow/dags/setup_lakehouse_infrastructure_v3.py
[2026-07-19T01:58:24.992+0000] {processor.py:914} INFO - Processing file /opt/airflow/dags/setup_lakehouse_infrastructure_v3.py for tasks to queue
[2026-07-19T01:58:24.995+0000] {logging_mixin.py:190} INFO - [2026-07-19T01:58:24.994+0000] {dagbag.py:588} INFO - Filling up the DagBag from /opt/airflow/dags/setup_lakehouse_infrastructure_v3.py
[2026-07-19T01:58:25.014+0000] {processor.py:925} INFO - DAG(s) 'setup_lakehouse_infrastructure_v3' retrieved from /opt/airflow/dags/setup_lakehouse_infrastructure_v3.py
[2026-07-19T01:58:25.039+0000] {logging_mixin.py:190} INFO - [2026-07-19T01:58:25.039+0000] {dag.py:3239} INFO - Sync 1 DAGs
[2026-07-19T01:58:25.059+0000] {logging_mixin.py:190} INFO - [2026-07-19T01:58:25.059+0000] {dag.py:4180} INFO - Setting next_dagrun for setup_lakehouse_infrastructure_v3 to 2024-01-01 00:00:00+00:00, run_after=2024-01-01 00:00:00+00:00
[2026-07-19T01:58:25.080+0000] {processor.py:208} INFO - Processing /opt/airflow/dags/setup_lakehouse_infrastructure_v3.py took 0.095 seconds
[2026-07-19T01:58:55.545+0000] {processor.py:186} INFO - Started process (PID=653) to work on /opt/airflow/dags/setup_lakehouse_infrastructure_v3.py
[2026-07-19T01:58:55.546+0000] {processor.py:914} INFO - Processing file /opt/airflow/dags/setup_lakehouse_infrastructure_v3.py for tasks to queue
[2026-07-19T01:58:55.549+0000] {logging_mixin.py:190} INFO - [2026-07-19T01:58:55.549+0000] {dagbag.py:588} INFO - Filling up the DagBag from /opt/airflow/dags/setup_lakehouse_infrastructure_v3.py
[2026-07-19T01:58:55.575+0000] {processor.py:925} INFO - DAG(s) 'setup_lakehouse_infrastructure_v3' retrieved from /opt/airflow/dags/setup_lakehouse_infrastructure_v3.py
[2026-07-19T01:58:55.597+0000] {logging_mixin.py:190} INFO - [2026-07-19T01:58:55.596+0000] {dag.py:3239} INFO - Sync 1 DAGs
[2026-07-19T01:58:55.617+0000] {logging_mixin.py:190} INFO - [2026-07-19T01:58:55.617+0000] {dag.py:4180} INFO - Setting next_dagrun for setup_lakehouse_infrastructure_v3 to 2024-01-01 00:00:00+00:00, run_after=2024-01-01 00:00:00+00:00
[2026-07-19T01:58:55.639+0000] {processor.py:208} INFO - Processing /opt/airflow/dags/setup_lakehouse_infrastructure_v3.py took 0.099 seconds
[2026-07-19T01:59:26.424+0000] {processor.py:186} INFO - Started process (PID=742) to work on /opt/airflow/dags/setup_lakehouse_infrastructure_v3.py
[2026-07-19T01:59:26.425+0000] {processor.py:914} INFO - Processing file /opt/airflow/dags/setup_lakehouse_infrastructure_v3.py for tasks to queue
[2026-07-19T01:59:26.428+0000] {logging_mixin.py:190} INFO - [2026-07-19T01:59:26.427+0000] {dagbag.py:588} INFO - Filling up the DagBag from /opt/airflow/dags/setup_lakehouse_infrastructure_v3.py
[2026-07-19T01:59:26.455+0000] {processor.py:925} INFO - DAG(s) 'setup_lakehouse_infrastructure_v3' retrieved from /opt/airflow/dags/setup_lakehouse_infrastructure_v3.py
[2026-07-19T01:59:26.476+0000] {logging_mixin.py:190} INFO - [2026-07-19T01:59:26.476+0000] {dag.py:3239} INFO - Sync 1 DAGs
[2026-07-19T01:59:26.496+0000] {logging_mixin.py:190} INFO - [2026-07-19T01:59:26.496+0000] {dag.py:4180} INFO - Setting next_dagrun for setup_lakehouse_infrastructure_v3 to 2024-01-01 00:00:00+00:00, run_after=2024-01-01 00:00:00+00:00
[2026-07-19T01:59:26.515+0000] {processor.py:208} INFO - Processing /opt/airflow/dags/setup_lakehouse_infrastructure_v3.py took 0.096 seconds
[2026-07-19T01:59:57.838+0000] {processor.py:186} INFO - Started process (PID=884) to work on /opt/airflow/dags/setup_lakehouse_infrastructure_v3.py
[2026-07-19T01:59:57.839+0000] {processor.py:914} INFO - Processing file /opt/airflow/dags/setup_lakehouse_infrastructure_v3.py for tasks to queue
[2026-07-19T01:59:57.841+0000] {logging_mixin.py:190} INFO - [2026-07-19T01:59:57.840+0000] {dagbag.py:588} INFO - Filling up the DagBag from /opt/airflow/dags/setup_lakehouse_infrastructure_v3.py
[2026-07-19T01:59:57.870+0000] {processor.py:925} INFO - DAG(s) 'setup_lakehouse_infrastructure_v3' retrieved from /opt/airflow/dags/setup_lakehouse_infrastructure_v3.py
[2026-07-19T01:59:57.899+0000] {logging_mixin.py:190} INFO - [2026-07-19T01:59:57.899+0000] {dag.py:3239} INFO - Sync 1 DAGs
[2026-07-19T01:59:57.923+0000] {logging_mixin.py:190} INFO - [2026-07-19T01:59:57.923+0000] {dag.py:4180} INFO - Setting next_dagrun for setup_lakehouse_infrastructure_v3 to None, run_after=None
[2026-07-19T01:59:57.947+0000] {processor.py:208} INFO - Processing /opt/airflow/dags/setup_lakehouse_infrastructure_v3.py took 0.115 seconds
[2026-07-19T02:00:28.461+0000] {processor.py:186} INFO - Started process (PID=1255) to work on /opt/airflow/dags/setup_lakehouse_infrastructure_v3.py
[2026-07-19T02:00:28.462+0000] {processor.py:914} INFO - Processing file /opt/airflow/dags/setup_lakehouse_infrastructure_v3.py for tasks to queue
[2026-07-19T02:00:28.465+0000] {logging_mixin.py:190} INFO - [2026-07-19T02:00:28.465+0000] {dagbag.py:588} INFO - Filling up the DagBag from /opt/airflow/dags/setup_lakehouse_infrastructure_v3.py
[2026-07-19T02:00:28.503+0000] {processor.py:925} INFO - DAG(s) 'setup_lakehouse_infrastructure_v3' retrieved from /opt/airflow/dags/setup_lakehouse_infrastructure_v3.py
[2026-07-19T02:00:28.526+0000] {logging_mixin.py:190} INFO - [2026-07-19T02:00:28.525+0000] {dag.py:3239} INFO - Sync 1 DAGs
[2026-07-19T02:00:28.547+0000] {logging_mixin.py:190} INFO - [2026-07-19T02:00:28.547+0000] {dag.py:4180} INFO - Setting next_dagrun for setup_lakehouse_infrastructure_v3 to None, run_after=None
[2026-07-19T02:00:28.569+0000] {processor.py:208} INFO - Processing /opt/airflow/dags/setup_lakehouse_infrastructure_v3.py took 0.113 seconds
[2026-07-19T02:00:59.327+0000] {processor.py:186} INFO - Started process (PID=1344) to work on /opt/airflow/dags/setup_lakehouse_infrastructure_v3.py
[2026-07-19T02:00:59.329+0000] {processor.py:914} INFO - Processing file /opt/airflow/dags/setup_lakehouse_infrastructure_v3.py for tasks to queue
[2026-07-19T02:00:59.332+0000] {logging_mixin.py:190} INFO - [2026-07-19T02:00:59.332+0000] {dagbag.py:588} INFO - Filling up the DagBag from /opt/airflow/dags/setup_lakehouse_infrastructure_v3.py
[2026-07-19T02:00:59.373+0000] {processor.py:925} INFO - DAG(s) 'setup_lakehouse_infrastructure_v3' retrieved from /opt/airflow/dags/setup_lakehouse_infrastructure_v3.py
[2026-07-19T02:00:59.400+0000] {logging_mixin.py:190} INFO - [2026-07-19T02:00:59.400+0000] {dag.py:3239} INFO - Sync 1 DAGs
[2026-07-19T02:00:59.433+0000] {logging_mixin.py:190} INFO - [2026-07-19T02:00:59.433+0000] {dag.py:4180} INFO - Setting next_dagrun for setup_lakehouse_infrastructure_v3 to None, run_after=None
[2026-07-19T02:00:59.465+0000] {processor.py:208} INFO - Processing /opt/airflow/dags/setup_lakehouse_infrastructure_v3.py took 0.143 seconds
[2026-07-19T02:01:29.831+0000] {processor.py:186} INFO - Started process (PID=1433) to work on /opt/airflow/dags/setup_lakehouse_infrastructure_v3.py
[2026-07-19T02:01:29.832+0000] {processor.py:914} INFO - Processing file /opt/airflow/dags/setup_lakehouse_infrastructure_v3.py for tasks to queue
[2026-07-19T02:01:29.834+0000] {logging_mixin.py:190} INFO - [2026-07-19T02:01:29.834+0000] {dagbag.py:588} INFO - Filling up the DagBag from /opt/airflow/dags/setup_lakehouse_infrastructure_v3.py
[2026-07-19T02:01:29.864+0000] {processor.py:925} INFO - DAG(s) 'setup_lakehouse_infrastructure_v3' retrieved from /opt/airflow/dags/setup_lakehouse_infrastructure_v3.py
[2026-07-19T02:01:29.890+0000] {logging_mixin.py:190} INFO - [2026-07-19T02:01:29.890+0000] {dag.py:3239} INFO - Sync 1 DAGs
[2026-07-19T02:01:29.913+0000] {logging_mixin.py:190} INFO - [2026-07-19T02:01:29.913+0000] {dag.py:4180} INFO - Setting next_dagrun for setup_lakehouse_infrastructure_v3 to None, run_after=None
[2026-07-19T02:01:29.933+0000] {processor.py:208} INFO - Processing /opt/airflow/dags/setup_lakehouse_infrastructure_v3.py took 0.108 seconds
[2026-07-19T02:02:01.293+0000] {processor.py:186} INFO - Started process (PID=1520) to work on /opt/airflow/dags/setup_lakehouse_infrastructure_v3.py
[2026-07-19T02:02:01.294+0000] {processor.py:914} INFO - Processing file /opt/airflow/dags/setup_lakehouse_infrastructure_v3.py for tasks to queue
[2026-07-19T02:02:01.296+0000] {logging_mixin.py:190} INFO - [2026-07-19T02:02:01.296+0000] {dagbag.py:588} INFO - Filling up the DagBag from /opt/airflow/dags/setup_lakehouse_infrastructure_v3.py
[2026-07-19T02:02:01.320+0000] {processor.py:925} INFO - DAG(s) 'setup_lakehouse_infrastructure_v3' retrieved from /opt/airflow/dags/setup_lakehouse_infrastructure_v3.py
[2026-07-19T02:02:01.341+0000] {logging_mixin.py:190} INFO - [2026-07-19T02:02:01.341+0000] {dag.py:3239} INFO - Sync 1 DAGs
[2026-07-19T02:02:01.363+0000] {logging_mixin.py:190} INFO - [2026-07-19T02:02:01.363+0000] {dag.py:4180} INFO - Setting next_dagrun for setup_lakehouse_infrastructure_v3 to None, run_after=None
[2026-07-19T02:02:01.382+0000] {processor.py:208} INFO - Processing /opt/airflow/dags/setup_lakehouse_infrastructure_v3.py took 0.094 seconds
[2026-07-19T02:02:31.527+0000] {processor.py:186} INFO - Started process (PID=1592) to work on /opt/airflow/dags/setup_lakehouse_infrastructure_v3.py
[2026-07-19T02:02:31.528+0000] {processor.py:914} INFO - Processing file /opt/airflow/dags/setup_lakehouse_infrastructure_v3.py for tasks to queue
[2026-07-19T02:02:31.530+0000] {logging_mixin.py:190} INFO - [2026-07-19T02:02:31.530+0000] {dagbag.py:588} INFO - Filling up the DagBag from /opt/airflow/dags/setup_lakehouse_infrastructure_v3.py
[2026-07-19T02:02:31.554+0000] {processor.py:925} INFO - DAG(s) 'setup_lakehouse_infrastructure_v3' retrieved from /opt/airflow/dags/setup_lakehouse_infrastructure_v3.py
[2026-07-19T02:02:31.576+0000] {logging_mixin.py:190} INFO - [2026-07-19T02:02:31.576+0000] {dag.py:3239} INFO - Sync 1 DAGs
[2026-07-19T02:02:31.597+0000] {logging_mixin.py:190} INFO - [2026-07-19T02:02:31.597+0000] {dag.py:4180} INFO - Setting next_dagrun for setup_lakehouse_infrastructure_v3 to None, run_after=None
[2026-07-19T02:02:31.620+0000] {processor.py:208} INFO - Processing /opt/airflow/dags/setup_lakehouse_infrastructure_v3.py took 0.099 seconds
[2026-07-19T02:03:01.727+0000] {processor.py:186} INFO - Started process (PID=1664) to work on /opt/airflow/dags/setup_lakehouse_infrastructure_v3.py
[2026-07-19T02:03:01.728+0000] {processor.py:914} INFO - Processing file /opt/airflow/dags/setup_lakehouse_infrastructure_v3.py for tasks to queue
[2026-07-19T02:03:01.731+0000] {logging_mixin.py:190} INFO - [2026-07-19T02:03:01.730+0000] {dagbag.py:588} INFO - Filling up the DagBag from /opt/airflow/dags/setup_lakehouse_infrastructure_v3.py
[2026-07-19T02:03:01.752+0000] {processor.py:925} INFO - DAG(s) 'setup_lakehouse_infrastructure_v3' retrieved from /opt/airflow/dags/setup_lakehouse_infrastructure_v3.py
[2026-07-19T02:03:01.775+0000] {logging_mixin.py:190} INFO - [2026-07-19T02:03:01.775+0000] {dag.py:3239} INFO - Sync 1 DAGs
[2026-07-19T02:03:01.797+0000] {logging_mixin.py:190} INFO - [2026-07-19T02:03:01.797+0000] {dag.py:4180} INFO - Setting next_dagrun for setup_lakehouse_infrastructure_v3 to None, run_after=None
[2026-07-19T02:03:01.823+0000] {processor.py:208} INFO - Processing /opt/airflow/dags/setup_lakehouse_infrastructure_v3.py took 0.101 seconds
[2026-07-19T02:03:32.574+0000] {processor.py:186} INFO - Started process (PID=1765) to work on /opt/airflow/dags/setup_lakehouse_infrastructure_v3.py
[2026-07-19T02:03:32.575+0000] {processor.py:914} INFO - Processing file /opt/airflow/dags/setup_lakehouse_infrastructure_v3.py for tasks to queue
[2026-07-19T02:03:32.577+0000] {logging_mixin.py:190} INFO - [2026-07-19T02:03:32.576+0000] {dagbag.py:588} INFO - Filling up the DagBag from /opt/airflow/dags/setup_lakehouse_infrastructure_v3.py
[2026-07-19T02:03:32.603+0000] {processor.py:925} INFO - DAG(s) 'setup_lakehouse_infrastructure_v3' retrieved from /opt/airflow/dags/setup_lakehouse_infrastructure_v3.py
[2026-07-19T02:03:32.624+0000] {logging_mixin.py:190} INFO - [2026-07-19T02:03:32.624+0000] {dag.py:3239} INFO - Sync 1 DAGs
[2026-07-19T02:03:32.643+0000] {logging_mixin.py:190} INFO - [2026-07-19T02:03:32.643+0000] {dag.py:4180} INFO - Setting next_dagrun for setup_lakehouse_infrastructure_v3 to None, run_after=None
[2026-07-19T02:03:32.660+0000] {processor.py:208} INFO - Processing /opt/airflow/dags/setup_lakehouse_infrastructure_v3.py took 0.091 seconds
[2026-07-19T02:04:02.984+0000] {processor.py:186} INFO - Started process (PID=1849) to work on /opt/airflow/dags/setup_lakehouse_infrastructure_v3.py
[2026-07-19T02:04:02.985+0000] {processor.py:914} INFO - Processing file /opt/airflow/dags/setup_lakehouse_infrastructure_v3.py for tasks to queue
[2026-07-19T02:04:02.988+0000] {logging_mixin.py:190} INFO - [2026-07-19T02:04:02.988+0000] {dagbag.py:588} INFO - Filling up the DagBag from /opt/airflow/dags/setup_lakehouse_infrastructure_v3.py
[2026-07-19T02:04:03.015+0000] {processor.py:925} INFO - DAG(s) 'setup_lakehouse_infrastructure_v3' retrieved from /opt/airflow/dags/setup_lakehouse_infrastructure_v3.py
[2026-07-19T02:04:03.044+0000] {logging_mixin.py:190} INFO - [2026-07-19T02:04:03.044+0000] {dag.py:3239} INFO - Sync 1 DAGs
[2026-07-19T02:04:03.064+0000] {logging_mixin.py:190} INFO - [2026-07-19T02:04:03.064+0000] {dag.py:4180} INFO - Setting next_dagrun for setup_lakehouse_infrastructure_v3 to None, run_after=None
[2026-07-19T02:04:03.082+0000] {processor.py:208} INFO - Processing /opt/airflow/dags/setup_lakehouse_infrastructure_v3.py took 0.104 seconds
[2026-07-19T02:04:33.965+0000] {processor.py:186} INFO - Started process (PID=1957) to work on /opt/airflow/dags/setup_lakehouse_infrastructure_v3.py
[2026-07-19T02:04:33.966+0000] {processor.py:914} INFO - Processing file /opt/airflow/dags/setup_lakehouse_infrastructure_v3.py for tasks to queue
[2026-07-19T02:04:33.968+0000] {logging_mixin.py:190} INFO - [2026-07-19T02:04:33.968+0000] {dagbag.py:588} INFO - Filling up the DagBag from /opt/airflow/dags/setup_lakehouse_infrastructure_v3.py
[2026-07-19T02:04:33.996+0000] {processor.py:925} INFO - DAG(s) 'setup_lakehouse_infrastructure_v3' retrieved from /opt/airflow/dags/setup_lakehouse_infrastructure_v3.py
[2026-07-19T02:04:34.018+0000] {logging_mixin.py:190} INFO - [2026-07-19T02:04:34.018+0000] {dag.py:3239} INFO - Sync 1 DAGs
[2026-07-19T02:04:34.038+0000] {logging_mixin.py:190} INFO - [2026-07-19T02:04:34.037+0000] {dag.py:4180} INFO - Setting next_dagrun for setup_lakehouse_infrastructure_v3 to None, run_after=None
[2026-07-19T02:04:34.057+0000] {processor.py:208} INFO - Processing /opt/airflow/dags/setup_lakehouse_infrastructure_v3.py took 0.098 seconds
[2026-07-19T02:05:04.727+0000] {processor.py:186} INFO - Started process (PID=2032) to work on /opt/airflow/dags/setup_lakehouse_infrastructure_v3.py
[2026-07-19T02:05:04.728+0000] {processor.py:914} INFO - Processing file /opt/airflow/dags/setup_lakehouse_infrastructure_v3.py for tasks to queue
[2026-07-19T02:05:04.731+0000] {logging_mixin.py:190} INFO - [2026-07-19T02:05:04.731+0000] {dagbag.py:588} INFO - Filling up the DagBag from /opt/airflow/dags/setup_lakehouse_infrastructure_v3.py
[2026-07-19T02:05:04.759+0000] {processor.py:925} INFO - DAG(s) 'setup_lakehouse_infrastructure_v3' retrieved from /opt/airflow/dags/setup_lakehouse_infrastructure_v3.py
[2026-07-19T02:05:04.786+0000] {logging_mixin.py:190} INFO - [2026-07-19T02:05:04.786+0000] {dag.py:3239} INFO - Sync 1 DAGs
[2026-07-19T02:05:04.815+0000] {logging_mixin.py:190} INFO - [2026-07-19T02:05:04.814+0000] {dag.py:4180} INFO - Setting next_dagrun for setup_lakehouse_infrastructure_v3 to None, run_after=None
[2026-07-19T02:05:04.848+0000] {processor.py:208} INFO - Processing /opt/airflow/dags/setup_lakehouse_infrastructure_v3.py took 0.127 seconds
[2026-07-19T02:05:36.846+0000] {processor.py:186} INFO - Started process (PID=2133) to work on /opt/airflow/dags/setup_lakehouse_infrastructure_v3.py
[2026-07-19T02:05:36.847+0000] {processor.py:914} INFO - Processing file /opt/airflow/dags/setup_lakehouse_infrastructure_v3.py for tasks to queue
[2026-07-19T02:05:36.849+0000] {logging_mixin.py:190} INFO - [2026-07-19T02:05:36.849+0000] {dagbag.py:588} INFO - Filling up the DagBag from /opt/airflow/dags/setup_lakehouse_infrastructure_v3.py
[2026-07-19T02:05:36.873+0000] {processor.py:925} INFO - DAG(s) 'setup_lakehouse_infrastructure_v3' retrieved from /opt/airflow/dags/setup_lakehouse_infrastructure_v3.py
[2026-07-19T02:05:36.895+0000] {logging_mixin.py:190} INFO - [2026-07-19T02:05:36.895+0000] {dag.py:3239} INFO - Sync 1 DAGs
[2026-07-19T02:05:36.915+0000] {logging_mixin.py:190} INFO - [2026-07-19T02:05:36.914+0000] {dag.py:4180} INFO - Setting next_dagrun for setup_lakehouse_infrastructure_v3 to None, run_after=None
[2026-07-19T02:05:36.932+0000] {processor.py:208} INFO - Processing /opt/airflow/dags/setup_lakehouse_infrastructure_v3.py took 0.092 seconds
[2026-07-19T02:06:07.383+0000] {processor.py:186} INFO - Started process (PID=2205) to work on /opt/airflow/dags/setup_lakehouse_infrastructure_v3.py
[2026-07-19T02:06:07.384+0000] {processor.py:914} INFO - Processing file /opt/airflow/dags/setup_lakehouse_infrastructure_v3.py for tasks to queue
[2026-07-19T02:06:07.386+0000] {logging_mixin.py:190} INFO - [2026-07-19T02:06:07.386+0000] {dagbag.py:588} INFO - Filling up the DagBag from /opt/airflow/dags/setup_lakehouse_infrastructure_v3.py
[2026-07-19T02:06:07.410+0000] {processor.py:925} INFO - DAG(s) 'setup_lakehouse_infrastructure_v3' retrieved from /opt/airflow/dags/setup_lakehouse_infrastructure_v3.py
[2026-07-19T02:06:07.433+0000] {logging_mixin.py:190} INFO - [2026-07-19T02:06:07.433+0000] {dag.py:3239} INFO - Sync 1 DAGs
[2026-07-19T02:06:07.457+0000] {logging_mixin.py:190} INFO - [2026-07-19T02:06:07.456+0000] {dag.py:4180} INFO - Setting next_dagrun for setup_lakehouse_infrastructure_v3 to None, run_after=None
[2026-07-19T02:06:07.484+0000] {processor.py:208} INFO - Processing /opt/airflow/dags/setup_lakehouse_infrastructure_v3.py took 0.107 seconds
[2026-07-19T02:17:56.430+0000] {processor.py:186} INFO - Started process (PID=222) to work on /opt/airflow/dags/setup_lakehouse_infrastructure_v3.py
[2026-07-19T02:17:56.431+0000] {processor.py:914} INFO - Processing file /opt/airflow/dags/setup_lakehouse_infrastructure_v3.py for tasks to queue
[2026-07-19T02:17:56.434+0000] {logging_mixin.py:190} INFO - [2026-07-19T02:17:56.434+0000] {dagbag.py:588} INFO - Filling up the DagBag from /opt/airflow/dags/setup_lakehouse_infrastructure_v3.py
[2026-07-19T02:17:56.468+0000] {processor.py:925} INFO - DAG(s) 'setup_lakehouse_infrastructure_v3' retrieved from /opt/airflow/dags/setup_lakehouse_infrastructure_v3.py
[2026-07-19T02:17:56.534+0000] {logging_mixin.py:190} INFO - [2026-07-19T02:17:56.533+0000] {override.py:1900} INFO - Created Permission View: can delete on DAG:setup_lakehouse_infrastructure_v3
[2026-07-19T02:17:56.545+0000] {logging_mixin.py:190} INFO - [2026-07-19T02:17:56.545+0000] {override.py:1900} INFO - Created Permission View: can read on DAG:setup_lakehouse_infrastructure_v3
[2026-07-19T02:17:56.554+0000] {logging_mixin.py:190} INFO - [2026-07-19T02:17:56.554+0000] {override.py:1900} INFO - Created Permission View: can edit on DAG:setup_lakehouse_infrastructure_v3
[2026-07-19T02:17:56.563+0000] {logging_mixin.py:190} INFO - [2026-07-19T02:17:56.562+0000] {override.py:1900} INFO - Created Permission View: can delete on DAG Run:setup_lakehouse_infrastructure_v3
[2026-07-19T02:17:56.573+0000] {logging_mixin.py:190} INFO - [2026-07-19T02:17:56.573+0000] {override.py:1900} INFO - Created Permission View: can read on DAG Run:setup_lakehouse_infrastructure_v3
[2026-07-19T02:17:56.583+0000] {logging_mixin.py:190} INFO - [2026-07-19T02:17:56.582+0000] {override.py:1900} INFO - Created Permission View: can create on DAG Run:setup_lakehouse_infrastructure_v3
[2026-07-19T02:17:56.593+0000] {logging_mixin.py:190} INFO - [2026-07-19T02:17:56.593+0000] {override.py:1900} INFO - Created Permission View: menu access on DAG Run:setup_lakehouse_infrastructure_v3
[2026-07-19T02:17:56.594+0000] {logging_mixin.py:190} INFO - [2026-07-19T02:17:56.594+0000] {dag.py:3239} INFO - Sync 1 DAGs
[2026-07-19T02:17:56.608+0000] {logging_mixin.py:190} INFO - [2026-07-19T02:17:56.607+0000] {dag.py:3262} INFO - Creating ORM DAG for setup_lakehouse_infrastructure_v3
[2026-07-19T02:17:56.618+0000] {logging_mixin.py:190} INFO - [2026-07-19T02:17:56.618+0000] {dag.py:4180} INFO - Setting next_dagrun for setup_lakehouse_infrastructure_v3 to 2024-01-01 00:00:00+00:00, run_after=2024-01-01 00:00:00+00:00
[2026-07-19T02:17:56.643+0000] {processor.py:208} INFO - Processing /opt/airflow/dags/setup_lakehouse_infrastructure_v3.py took 0.219 seconds
[2026-07-19T02:18:27.282+0000] {processor.py:186} INFO - Started process (PID=307) to work on /opt/airflow/dags/setup_lakehouse_infrastructure_v3.py
[2026-07-19T02:18:27.283+0000] {processor.py:914} INFO - Processing file /opt/airflow/dags/setup_lakehouse_infrastructure_v3.py for tasks to queue
[2026-07-19T02:18:27.286+0000] {logging_mixin.py:190} INFO - [2026-07-19T02:18:27.285+0000] {dagbag.py:588} INFO - Filling up the DagBag from /opt/airflow/dags/setup_lakehouse_infrastructure_v3.py
[2026-07-19T02:18:27.310+0000] {processor.py:925} INFO - DAG(s) 'setup_lakehouse_infrastructure_v3' retrieved from /opt/airflow/dags/setup_lakehouse_infrastructure_v3.py
[2026-07-19T02:18:27.334+0000] {logging_mixin.py:190} INFO - [2026-07-19T02:18:27.334+0000] {dag.py:3239} INFO - Sync 1 DAGs
[2026-07-19T02:18:27.354+0000] {logging_mixin.py:190} INFO - [2026-07-19T02:18:27.354+0000] {dag.py:4180} INFO - Setting next_dagrun for setup_lakehouse_infrastructure_v3 to 2024-01-01 00:00:00+00:00, run_after=2024-01-01 00:00:00+00:00
[2026-07-19T02:18:27.371+0000] {processor.py:208} INFO - Processing /opt/airflow/dags/setup_lakehouse_infrastructure_v3.py took 0.095 seconds
[2026-07-19T02:18:57.749+0000] {processor.py:186} INFO - Started process (PID=391) to work on /opt/airflow/dags/setup_lakehouse_infrastructure_v3.py
[2026-07-19T02:18:57.750+0000] {processor.py:914} INFO - Processing file /opt/airflow/dags/setup_lakehouse_infrastructure_v3.py for tasks to queue
[2026-07-19T02:18:57.753+0000] {logging_mixin.py:190} INFO - [2026-07-19T02:18:57.752+0000] {dagbag.py:588} INFO - Filling up the DagBag from /opt/airflow/dags/setup_lakehouse_infrastructure_v3.py
[2026-07-19T02:18:57.777+0000] {processor.py:925} INFO - DAG(s) 'setup_lakehouse_infrastructure_v3' retrieved from /opt/airflow/dags/setup_lakehouse_infrastructure_v3.py
[2026-07-19T02:18:57.798+0000] {logging_mixin.py:190} INFO - [2026-07-19T02:18:57.798+0000] {dag.py:3239} INFO - Sync 1 DAGs
[2026-07-19T02:18:57.819+0000] {logging_mixin.py:190} INFO - [2026-07-19T02:18:57.818+0000] {dag.py:4180} INFO - Setting next_dagrun for setup_lakehouse_infrastructure_v3 to 2024-01-01 00:00:00+00:00, run_after=2024-01-01 00:00:00+00:00
[2026-07-19T02:18:57.842+0000] {processor.py:208} INFO - Processing /opt/airflow/dags/setup_lakehouse_infrastructure_v3.py took 0.098 seconds
[2026-07-19T02:19:28.201+0000] {processor.py:186} INFO - Started process (PID=480) to work on /opt/airflow/dags/setup_lakehouse_infrastructure_v3.py
[2026-07-19T02:19:28.202+0000] {processor.py:914} INFO - Processing file /opt/airflow/dags/setup_lakehouse_infrastructure_v3.py for tasks to queue
[2026-07-19T02:19:28.205+0000] {logging_mixin.py:190} INFO - [2026-07-19T02:19:28.204+0000] {dagbag.py:588} INFO - Filling up the DagBag from /opt/airflow/dags/setup_lakehouse_infrastructure_v3.py
[2026-07-19T02:19:28.232+0000] {processor.py:925} INFO - DAG(s) 'setup_lakehouse_infrastructure_v3' retrieved from /opt/airflow/dags/setup_lakehouse_infrastructure_v3.py
[2026-07-19T02:19:28.253+0000] {logging_mixin.py:190} INFO - [2026-07-19T02:19:28.253+0000] {dag.py:3239} INFO - Sync 1 DAGs
[2026-07-19T02:19:28.273+0000] {logging_mixin.py:190} INFO - [2026-07-19T02:19:28.272+0000] {dag.py:4180} INFO - Setting next_dagrun for setup_lakehouse_infrastructure_v3 to 2024-01-01 00:00:00+00:00, run_after=2024-01-01 00:00:00+00:00
[2026-07-19T02:19:28.295+0000] {processor.py:208} INFO - Processing /opt/airflow/dags/setup_lakehouse_infrastructure_v3.py took 0.099 seconds
[2026-07-19T02:19:58.988+0000] {processor.py:186} INFO - Started process (PID=567) to work on /opt/airflow/dags/setup_lakehouse_infrastructure_v3.py
[2026-07-19T02:19:58.989+0000] {processor.py:914} INFO - Processing file /opt/airflow/dags/setup_lakehouse_infrastructure_v3.py for tasks to queue
[2026-07-19T02:19:58.991+0000] {logging_mixin.py:190} INFO - [2026-07-19T02:19:58.991+0000] {dagbag.py:588} INFO - Filling up the DagBag from /opt/airflow/dags/setup_lakehouse_infrastructure_v3.py
[2026-07-19T02:19:59.014+0000] {processor.py:925} INFO - DAG(s) 'setup_lakehouse_infrastructure_v3' retrieved from /opt/airflow/dags/setup_lakehouse_infrastructure_v3.py
[2026-07-19T02:19:59.036+0000] {logging_mixin.py:190} INFO - [2026-07-19T02:19:59.035+0000] {dag.py:3239} INFO - Sync 1 DAGs
[2026-07-19T02:19:59.057+0000] {logging_mixin.py:190} INFO - [2026-07-19T02:19:59.057+0000] {dag.py:4180} INFO - Setting next_dagrun for setup_lakehouse_infrastructure_v3 to 2024-01-01 00:00:00+00:00, run_after=2024-01-01 00:00:00+00:00
[2026-07-19T02:19:59.076+0000] {processor.py:208} INFO - Processing /opt/airflow/dags/setup_lakehouse_infrastructure_v3.py took 0.093 seconds
[2026-07-19T02:20:29.567+0000] {processor.py:186} INFO - Started process (PID=653) to work on /opt/airflow/dags/setup_lakehouse_infrastructure_v3.py
[2026-07-19T02:20:29.568+0000] {processor.py:914} INFO - Processing file /opt/airflow/dags/setup_lakehouse_infrastructure_v3.py for tasks to queue
[2026-07-19T02:20:29.571+0000] {logging_mixin.py:190} INFO - [2026-07-19T02:20:29.570+0000] {dagbag.py:588} INFO - Filling up the DagBag from /opt/airflow/dags/setup_lakehouse_infrastructure_v3.py
[2026-07-19T02:20:29.601+0000] {processor.py:925} INFO - DAG(s) 'setup_lakehouse_infrastructure_v3' retrieved from /opt/airflow/dags/setup_lakehouse_infrastructure_v3.py
[2026-07-19T02:20:29.622+0000] {logging_mixin.py:190} INFO - [2026-07-19T02:20:29.622+0000] {dag.py:3239} INFO - Sync 1 DAGs
[2026-07-19T02:20:29.643+0000] {logging_mixin.py:190} INFO - [2026-07-19T02:20:29.643+0000] {dag.py:4180} INFO - Setting next_dagrun for setup_lakehouse_infrastructure_v3 to 2024-01-01 00:00:00+00:00, run_after=2024-01-01 00:00:00+00:00
[2026-07-19T02:20:29.664+0000] {processor.py:208} INFO - Processing /opt/airflow/dags/setup_lakehouse_infrastructure_v3.py took 0.102 seconds
[2026-07-19T02:21:00.033+0000] {processor.py:186} INFO - Started process (PID=748) to work on /opt/airflow/dags/setup_lakehouse_infrastructure_v3.py
[2026-07-19T02:21:00.034+0000] {processor.py:914} INFO - Processing file /opt/airflow/dags/setup_lakehouse_infrastructure_v3.py for tasks to queue
[2026-07-19T02:21:00.037+0000] {logging_mixin.py:190} INFO - [2026-07-19T02:21:00.036+0000] {dagbag.py:588} INFO - Filling up the DagBag from /opt/airflow/dags/setup_lakehouse_infrastructure_v3.py
[2026-07-19T02:21:00.068+0000] {processor.py:925} INFO - DAG(s) 'setup_lakehouse_infrastructure_v3' retrieved from /opt/airflow/dags/setup_lakehouse_infrastructure_v3.py
[2026-07-19T02:21:00.092+0000] {logging_mixin.py:190} INFO - [2026-07-19T02:21:00.091+0000] {dag.py:3239} INFO - Sync 1 DAGs
[2026-07-19T02:21:00.113+0000] {logging_mixin.py:190} INFO - [2026-07-19T02:21:00.113+0000] {dag.py:4180} INFO - Setting next_dagrun for setup_lakehouse_infrastructure_v3 to None, run_after=None
[2026-07-19T02:21:00.133+0000] {processor.py:208} INFO - Processing /opt/airflow/dags/setup_lakehouse_infrastructure_v3.py took 0.106 seconds
[2026-07-19T02:21:31.669+0000] {processor.py:186} INFO - Started process (PID=1168) to work on /opt/airflow/dags/setup_lakehouse_infrastructure_v3.py
[2026-07-19T02:21:31.670+0000] {processor.py:914} INFO - Processing file /opt/airflow/dags/setup_lakehouse_infrastructure_v3.py for tasks to queue
[2026-07-19T02:21:31.673+0000] {logging_mixin.py:190} INFO - [2026-07-19T02:21:31.673+0000] {dagbag.py:588} INFO - Filling up the DagBag from /opt/airflow/dags/setup_lakehouse_infrastructure_v3.py
[2026-07-19T02:21:31.703+0000] {processor.py:925} INFO - DAG(s) 'setup_lakehouse_infrastructure_v3' retrieved from /opt/airflow/dags/setup_lakehouse_infrastructure_v3.py
[2026-07-19T02:21:31.730+0000] {logging_mixin.py:190} INFO - [2026-07-19T02:21:31.730+0000] {dag.py:3239} INFO - Sync 1 DAGs
[2026-07-19T02:21:31.757+0000] {logging_mixin.py:190} INFO - [2026-07-19T02:21:31.756+0000] {dag.py:4180} INFO - Setting next_dagrun for setup_lakehouse_infrastructure_v3 to None, run_after=None
[2026-07-19T02:21:31.780+0000] {processor.py:208} INFO - Processing /opt/airflow/dags/setup_lakehouse_infrastructure_v3.py took 0.118 seconds
[2026-07-19T02:22:01.997+0000] {processor.py:186} INFO - Started process (PID=1240) to work on /opt/airflow/dags/setup_lakehouse_infrastructure_v3.py
[2026-07-19T02:22:01.998+0000] {processor.py:914} INFO - Processing file /opt/airflow/dags/setup_lakehouse_infrastructure_v3.py for tasks to queue
[2026-07-19T02:22:02.000+0000] {logging_mixin.py:190} INFO - [2026-07-19T02:22:02.000+0000] {dagbag.py:588} INFO - Filling up the DagBag from /opt/airflow/dags/setup_lakehouse_infrastructure_v3.py
[2026-07-19T02:22:02.030+0000] {processor.py:925} INFO - DAG(s) 'setup_lakehouse_infrastructure_v3' retrieved from /opt/airflow/dags/setup_lakehouse_infrastructure_v3.py
[2026-07-19T02:22:02.056+0000] {logging_mixin.py:190} INFO - [2026-07-19T02:22:02.055+0000] {dag.py:3239} INFO - Sync 1 DAGs
[2026-07-19T02:22:02.079+0000] {logging_mixin.py:190} INFO - [2026-07-19T02:22:02.078+0000] {dag.py:4180} INFO - Setting next_dagrun for setup_lakehouse_infrastructure_v3 to None, run_after=None
[2026-07-19T02:22:02.100+0000] {processor.py:208} INFO - Processing /opt/airflow/dags/setup_lakehouse_infrastructure_v3.py took 0.108 seconds
[2026-07-19T02:22:32.406+0000] {processor.py:186} INFO - Started process (PID=1312) to work on /opt/airflow/dags/setup_lakehouse_infrastructure_v3.py
[2026-07-19T02:22:32.407+0000] {processor.py:914} INFO - Processing file /opt/airflow/dags/setup_lakehouse_infrastructure_v3.py for tasks to queue
[2026-07-19T02:22:32.410+0000] {logging_mixin.py:190} INFO - [2026-07-19T02:22:32.410+0000] {dagbag.py:588} INFO - Filling up the DagBag from /opt/airflow/dags/setup_lakehouse_infrastructure_v3.py
[2026-07-19T02:22:32.437+0000] {processor.py:925} INFO - DAG(s) 'setup_lakehouse_infrastructure_v3' retrieved from /opt/airflow/dags/setup_lakehouse_infrastructure_v3.py
[2026-07-19T02:22:32.461+0000] {logging_mixin.py:190} INFO - [2026-07-19T02:22:32.460+0000] {dag.py:3239} INFO - Sync 1 DAGs
[2026-07-19T02:22:32.486+0000] {logging_mixin.py:190} INFO - [2026-07-19T02:22:32.486+0000] {dag.py:4180} INFO - Setting next_dagrun for setup_lakehouse_infrastructure_v3 to None, run_after=None
[2026-07-19T02:22:32.510+0000] {processor.py:208} INFO - Processing /opt/airflow/dags/setup_lakehouse_infrastructure_v3.py took 0.109 seconds
[2026-07-19T02:23:02.709+0000] {processor.py:186} INFO - Started process (PID=1384) to work on /opt/airflow/dags/setup_lakehouse_infrastructure_v3.py
[2026-07-19T02:23:02.710+0000] {processor.py:914} INFO - Processing file /opt/airflow/dags/setup_lakehouse_infrastructure_v3.py for tasks to queue
[2026-07-19T02:23:02.713+0000] {logging_mixin.py:190} INFO - [2026-07-19T02:23:02.712+0000] {dagbag.py:588} INFO - Filling up the DagBag from /opt/airflow/dags/setup_lakehouse_infrastructure_v3.py
[2026-07-19T02:23:02.739+0000] {processor.py:925} INFO - DAG(s) 'setup_lakehouse_infrastructure_v3' retrieved from /opt/airflow/dags/setup_lakehouse_infrastructure_v3.py
[2026-07-19T02:23:02.764+0000] {logging_mixin.py:190} INFO - [2026-07-19T02:23:02.764+0000] {dag.py:3239} INFO - Sync 1 DAGs
[2026-07-19T02:23:02.791+0000] {logging_mixin.py:190} INFO - [2026-07-19T02:23:02.791+0000] {dag.py:4180} INFO - Setting next_dagrun for setup_lakehouse_infrastructure_v3 to None, run_after=None
[2026-07-19T02:23:02.818+0000] {processor.py:208} INFO - Processing /opt/airflow/dags/setup_lakehouse_infrastructure_v3.py took 0.115 seconds
[2026-07-19T02:23:33.052+0000] {processor.py:186} INFO - Started process (PID=1468) to work on /opt/airflow/dags/setup_lakehouse_infrastructure_v3.py
[2026-07-19T02:23:33.053+0000] {processor.py:914} INFO - Processing file /opt/airflow/dags/setup_lakehouse_infrastructure_v3.py for tasks to queue
[2026-07-19T02:23:33.056+0000] {logging_mixin.py:190} INFO - [2026-07-19T02:23:33.055+0000] {dagbag.py:588} INFO - Filling up the DagBag from /opt/airflow/dags/setup_lakehouse_infrastructure_v3.py
[2026-07-19T02:23:33.084+0000] {processor.py:925} INFO - DAG(s) 'setup_lakehouse_infrastructure_v3' retrieved from /opt/airflow/dags/setup_lakehouse_infrastructure_v3.py
[2026-07-19T02:23:33.110+0000] {logging_mixin.py:190} INFO - [2026-07-19T02:23:33.110+0000] {dag.py:3239} INFO - Sync 1 DAGs
[2026-07-19T02:23:33.134+0000] {logging_mixin.py:190} INFO - [2026-07-19T02:23:33.134+0000] {dag.py:4180} INFO - Setting next_dagrun for setup_lakehouse_infrastructure_v3 to None, run_after=None
[2026-07-19T02:23:33.160+0000] {processor.py:208} INFO - Processing /opt/airflow/dags/setup_lakehouse_infrastructure_v3.py took 0.115 seconds
[2026-07-19T02:24:04.601+0000] {processor.py:186} INFO - Started process (PID=1588) to work on /opt/airflow/dags/setup_lakehouse_infrastructure_v3.py
[2026-07-19T02:24:04.602+0000] {processor.py:914} INFO - Processing file /opt/airflow/dags/setup_lakehouse_infrastructure_v3.py for tasks to queue
[2026-07-19T02:24:04.605+0000] {logging_mixin.py:190} INFO - [2026-07-19T02:24:04.604+0000] {dagbag.py:588} INFO - Filling up the DagBag from /opt/airflow/dags/setup_lakehouse_infrastructure_v3.py
[2026-07-19T02:24:04.631+0000] {processor.py:925} INFO - DAG(s) 'setup_lakehouse_infrastructure_v3' retrieved from /opt/airflow/dags/setup_lakehouse_infrastructure_v3.py
[2026-07-19T02:24:04.658+0000] {logging_mixin.py:190} INFO - [2026-07-19T02:24:04.657+0000] {dag.py:3239} INFO - Sync 1 DAGs
[2026-07-19T02:24:04.681+0000] {logging_mixin.py:190} INFO - [2026-07-19T02:24:04.681+0000] {dag.py:4180} INFO - Setting next_dagrun for setup_lakehouse_infrastructure_v3 to None, run_after=None
[2026-07-19T02:24:04.703+0000] {processor.py:208} INFO - Processing /opt/airflow/dags/setup_lakehouse_infrastructure_v3.py took 0.109 seconds
[2026-07-19T02:27:41.105+0000] {processor.py:186} INFO - Started process (PID=222) to work on /opt/airflow/dags/setup_lakehouse_infrastructure_v3.py
[2026-07-19T02:27:41.107+0000] {processor.py:914} INFO - Processing file /opt/airflow/dags/setup_lakehouse_infrastructure_v3.py for tasks to queue
[2026-07-19T02:27:41.111+0000] {logging_mixin.py:190} INFO - [2026-07-19T02:27:41.111+0000] {dagbag.py:588} INFO - Filling up the DagBag from /opt/airflow/dags/setup_lakehouse_infrastructure_v3.py
[2026-07-19T02:27:41.146+0000] {processor.py:925} INFO - DAG(s) 'setup_lakehouse_infrastructure_v3' retrieved from /opt/airflow/dags/setup_lakehouse_infrastructure_v3.py
[2026-07-19T02:27:41.213+0000] {logging_mixin.py:190} INFO - [2026-07-19T02:27:41.212+0000] {override.py:1900} INFO - Created Permission View: can delete on DAG:setup_lakehouse_infrastructure_v3
[2026-07-19T02:27:41.227+0000] {logging_mixin.py:190} INFO - [2026-07-19T02:27:41.226+0000] {override.py:1900} INFO - Created Permission View: can read on DAG:setup_lakehouse_infrastructure_v3
[2026-07-19T02:27:41.237+0000] {logging_mixin.py:190} INFO - [2026-07-19T02:27:41.236+0000] {override.py:1900} INFO - Created Permission View: can edit on DAG:setup_lakehouse_infrastructure_v3
[2026-07-19T02:27:41.249+0000] {logging_mixin.py:190} INFO - [2026-07-19T02:27:41.248+0000] {override.py:1900} INFO - Created Permission View: can delete on DAG Run:setup_lakehouse_infrastructure_v3
[2026-07-19T02:27:41.261+0000] {logging_mixin.py:190} INFO - [2026-07-19T02:27:41.260+0000] {override.py:1900} INFO - Created Permission View: can read on DAG Run:setup_lakehouse_infrastructure_v3
[2026-07-19T02:27:41.273+0000] {logging_mixin.py:190} INFO - [2026-07-19T02:27:41.272+0000] {override.py:1900} INFO - Created Permission View: can create on DAG Run:setup_lakehouse_infrastructure_v3
[2026-07-19T02:27:41.283+0000] {logging_mixin.py:190} INFO - [2026-07-19T02:27:41.283+0000] {override.py:1900} INFO - Created Permission View: menu access on DAG Run:setup_lakehouse_infrastructure_v3
[2026-07-19T02:27:41.285+0000] {logging_mixin.py:190} INFO - [2026-07-19T02:27:41.284+0000] {dag.py:3239} INFO - Sync 1 DAGs
[2026-07-19T02:27:41.302+0000] {logging_mixin.py:190} INFO - [2026-07-19T02:27:41.302+0000] {dag.py:3262} INFO - Creating ORM DAG for setup_lakehouse_infrastructure_v3
[2026-07-19T02:27:41.313+0000] {logging_mixin.py:190} INFO - [2026-07-19T02:27:41.312+0000] {dag.py:4180} INFO - Setting next_dagrun for setup_lakehouse_infrastructure_v3 to 2024-01-01 00:00:00+00:00, run_after=2024-01-01 00:00:00+00:00
[2026-07-19T02:27:41.341+0000] {processor.py:208} INFO - Processing /opt/airflow/dags/setup_lakehouse_infrastructure_v3.py took 0.242 seconds
[2026-07-19T02:28:11.804+0000] {processor.py:186} INFO - Started process (PID=307) to work on /opt/airflow/dags/setup_lakehouse_infrastructure_v3.py
[2026-07-19T02:28:11.805+0000] {processor.py:914} INFO - Processing file /opt/airflow/dags/setup_lakehouse_infrastructure_v3.py for tasks to queue
[2026-07-19T02:28:11.807+0000] {logging_mixin.py:190} INFO - [2026-07-19T02:28:11.807+0000] {dagbag.py:588} INFO - Filling up the DagBag from /opt/airflow/dags/setup_lakehouse_infrastructure_v3.py
[2026-07-19T02:28:11.834+0000] {processor.py:925} INFO - DAG(s) 'setup_lakehouse_infrastructure_v3' retrieved from /opt/airflow/dags/setup_lakehouse_infrastructure_v3.py
[2026-07-19T02:28:11.861+0000] {logging_mixin.py:190} INFO - [2026-07-19T02:28:11.860+0000] {dag.py:3239} INFO - Sync 1 DAGs
[2026-07-19T02:28:11.886+0000] {logging_mixin.py:190} INFO - [2026-07-19T02:28:11.886+0000] {dag.py:4180} INFO - Setting next_dagrun for setup_lakehouse_infrastructure_v3 to 2024-01-01 00:00:00+00:00, run_after=2024-01-01 00:00:00+00:00
[2026-07-19T02:28:11.905+0000] {processor.py:208} INFO - Processing /opt/airflow/dags/setup_lakehouse_infrastructure_v3.py took 0.106 seconds
[2026-07-19T02:28:42.025+0000] {processor.py:186} INFO - Started process (PID=378) to work on /opt/airflow/dags/setup_lakehouse_infrastructure_v3.py
[2026-07-19T02:28:42.027+0000] {processor.py:914} INFO - Processing file /opt/airflow/dags/setup_lakehouse_infrastructure_v3.py for tasks to queue
[2026-07-19T02:28:42.031+0000] {logging_mixin.py:190} INFO - [2026-07-19T02:28:42.031+0000] {dagbag.py:588} INFO - Filling up the DagBag from /opt/airflow/dags/setup_lakehouse_infrastructure_v3.py
[2026-07-19T02:28:42.069+0000] {processor.py:925} INFO - DAG(s) 'setup_lakehouse_infrastructure_v3' retrieved from /opt/airflow/dags/setup_lakehouse_infrastructure_v3.py
[2026-07-19T02:28:42.098+0000] {logging_mixin.py:190} INFO - [2026-07-19T02:28:42.097+0000] {dag.py:3239} INFO - Sync 1 DAGs
[2026-07-19T02:28:42.125+0000] {logging_mixin.py:190} INFO - [2026-07-19T02:28:42.124+0000] {dag.py:4180} INFO - Setting next_dagrun for setup_lakehouse_infrastructure_v3 to 2024-01-01 00:00:00+00:00, run_after=2024-01-01 00:00:00+00:00
[2026-07-19T02:28:42.154+0000] {processor.py:208} INFO - Processing /opt/airflow/dags/setup_lakehouse_infrastructure_v3.py took 0.135 seconds
[2026-07-19T02:29:13.058+0000] {processor.py:186} INFO - Started process (PID=486) to work on /opt/airflow/dags/setup_lakehouse_infrastructure_v3.py
[2026-07-19T02:29:13.059+0000] {processor.py:914} INFO - Processing file /opt/airflow/dags/setup_lakehouse_infrastructure_v3.py for tasks to queue
[2026-07-19T02:29:13.062+0000] {logging_mixin.py:190} INFO - [2026-07-19T02:29:13.062+0000] {dagbag.py:588} INFO - Filling up the DagBag from /opt/airflow/dags/setup_lakehouse_infrastructure_v3.py
[2026-07-19T02:29:13.095+0000] {processor.py:925} INFO - DAG(s) 'setup_lakehouse_infrastructure_v3' retrieved from /opt/airflow/dags/setup_lakehouse_infrastructure_v3.py
[2026-07-19T02:29:13.120+0000] {logging_mixin.py:190} INFO - [2026-07-19T02:29:13.120+0000] {dag.py:3239} INFO - Sync 1 DAGs
[2026-07-19T02:29:13.146+0000] {logging_mixin.py:190} INFO - [2026-07-19T02:29:13.146+0000] {dag.py:4180} INFO - Setting next_dagrun for setup_lakehouse_infrastructure_v3 to None, run_after=None
[2026-07-19T02:29:13.171+0000] {processor.py:208} INFO - Processing /opt/airflow/dags/setup_lakehouse_infrastructure_v3.py took 0.118 seconds
[2026-07-19T02:29:44.334+0000] {processor.py:186} INFO - Started process (PID=573) to work on /opt/airflow/dags/setup_lakehouse_infrastructure_v3.py
[2026-07-19T02:29:44.335+0000] {processor.py:914} INFO - Processing file /opt/airflow/dags/setup_lakehouse_infrastructure_v3.py for tasks to queue
[2026-07-19T02:29:44.337+0000] {logging_mixin.py:190} INFO - [2026-07-19T02:29:44.337+0000] {dagbag.py:588} INFO - Filling up the DagBag from /opt/airflow/dags/setup_lakehouse_infrastructure_v3.py
[2026-07-19T02:29:44.362+0000] {processor.py:925} INFO - DAG(s) 'setup_lakehouse_infrastructure_v3' retrieved from /opt/airflow/dags/setup_lakehouse_infrastructure_v3.py
[2026-07-19T02:29:44.385+0000] {logging_mixin.py:190} INFO - [2026-07-19T02:29:44.385+0000] {dag.py:3239} INFO - Sync 1 DAGs
[2026-07-19T02:29:44.406+0000] {logging_mixin.py:190} INFO - [2026-07-19T02:29:44.406+0000] {dag.py:4180} INFO - Setting next_dagrun for setup_lakehouse_infrastructure_v3 to None, run_after=None
[2026-07-19T02:29:44.426+0000] {processor.py:208} INFO - Processing /opt/airflow/dags/setup_lakehouse_infrastructure_v3.py took 0.098 seconds
[2026-07-19T02:30:14.855+0000] {processor.py:186} INFO - Started process (PID=992) to work on /opt/airflow/dags/setup_lakehouse_infrastructure_v3.py
[2026-07-19T02:30:14.857+0000] {processor.py:914} INFO - Processing file /opt/airflow/dags/setup_lakehouse_infrastructure_v3.py for tasks to queue
[2026-07-19T02:30:14.860+0000] {logging_mixin.py:190} INFO - [2026-07-19T02:30:14.859+0000] {dagbag.py:588} INFO - Filling up the DagBag from /opt/airflow/dags/setup_lakehouse_infrastructure_v3.py
[2026-07-19T02:30:14.898+0000] {processor.py:925} INFO - DAG(s) 'setup_lakehouse_infrastructure_v3' retrieved from /opt/airflow/dags/setup_lakehouse_infrastructure_v3.py
[2026-07-19T02:30:14.926+0000] {logging_mixin.py:190} INFO - [2026-07-19T02:30:14.925+0000] {dag.py:3239} INFO - Sync 1 DAGs
[2026-07-19T02:30:14.948+0000] {logging_mixin.py:190} INFO - [2026-07-19T02:30:14.947+0000] {dag.py:4180} INFO - Setting next_dagrun for setup_lakehouse_infrastructure_v3 to None, run_after=None
[2026-07-19T02:30:14.967+0000] {processor.py:208} INFO - Processing /opt/airflow/dags/setup_lakehouse_infrastructure_v3.py took 0.118 seconds
[2026-07-19T02:30:45.400+0000] {processor.py:186} INFO - Started process (PID=1081) to work on /opt/airflow/dags/setup_lakehouse_infrastructure_v3.py
[2026-07-19T02:30:45.401+0000] {processor.py:914} INFO - Processing file /opt/airflow/dags/setup_lakehouse_infrastructure_v3.py for tasks to queue
[2026-07-19T02:30:45.404+0000] {logging_mixin.py:190} INFO - [2026-07-19T02:30:45.403+0000] {dagbag.py:588} INFO - Filling up the DagBag from /opt/airflow/dags/setup_lakehouse_infrastructure_v3.py
[2026-07-19T02:30:45.440+0000] {processor.py:925} INFO - DAG(s) 'setup_lakehouse_infrastructure_v3' retrieved from /opt/airflow/dags/setup_lakehouse_infrastructure_v3.py
[2026-07-19T02:30:45.464+0000] {logging_mixin.py:190} INFO - [2026-07-19T02:30:45.464+0000] {dag.py:3239} INFO - Sync 1 DAGs
[2026-07-19T02:30:45.488+0000] {logging_mixin.py:190} INFO - [2026-07-19T02:30:45.488+0000] {dag.py:4180} INFO - Setting next_dagrun for setup_lakehouse_infrastructure_v3 to None, run_after=None
[2026-07-19T02:30:45.513+0000] {processor.py:208} INFO - Processing /opt/airflow/dags/setup_lakehouse_infrastructure_v3.py took 0.119 seconds
[2026-07-19T02:31:15.845+0000] {processor.py:186} INFO - Started process (PID=1168) to work on /opt/airflow/dags/setup_lakehouse_infrastructure_v3.py
[2026-07-19T02:31:15.846+0000] {processor.py:914} INFO - Processing file /opt/airflow/dags/setup_lakehouse_infrastructure_v3.py for tasks to queue
[2026-07-19T02:31:15.848+0000] {logging_mixin.py:190} INFO - [2026-07-19T02:31:15.848+0000] {dagbag.py:588} INFO - Filling up the DagBag from /opt/airflow/dags/setup_lakehouse_infrastructure_v3.py
[2026-07-19T02:31:15.876+0000] {processor.py:925} INFO - DAG(s) 'setup_lakehouse_infrastructure_v3' retrieved from /opt/airflow/dags/setup_lakehouse_infrastructure_v3.py
[2026-07-19T02:31:15.898+0000] {logging_mixin.py:190} INFO - [2026-07-19T02:31:15.897+0000] {dag.py:3239} INFO - Sync 1 DAGs
[2026-07-19T02:31:15.919+0000] {logging_mixin.py:190} INFO - [2026-07-19T02:31:15.918+0000] {dag.py:4180} INFO - Setting next_dagrun for setup_lakehouse_infrastructure_v3 to None, run_after=None
[2026-07-19T02:31:15.938+0000] {processor.py:208} INFO - Processing /opt/airflow/dags/setup_lakehouse_infrastructure_v3.py took 0.098 seconds
[2026-07-19T02:31:46.183+0000] {processor.py:186} INFO - Started process (PID=1240) to work on /opt/airflow/dags/setup_lakehouse_infrastructure_v3.py
[2026-07-19T02:31:46.184+0000] {processor.py:914} INFO - Processing file /opt/airflow/dags/setup_lakehouse_infrastructure_v3.py for tasks to queue
[2026-07-19T02:31:46.187+0000] {logging_mixin.py:190} INFO - [2026-07-19T02:31:46.187+0000] {dagbag.py:588} INFO - Filling up the DagBag from /opt/airflow/dags/setup_lakehouse_infrastructure_v3.py
[2026-07-19T02:31:46.211+0000] {processor.py:925} INFO - DAG(s) 'setup_lakehouse_infrastructure_v3' retrieved from /opt/airflow/dags/setup_lakehouse_infrastructure_v3.py
[2026-07-19T02:31:46.236+0000] {logging_mixin.py:190} INFO - [2026-07-19T02:31:46.236+0000] {dag.py:3239} INFO - Sync 1 DAGs
[2026-07-19T02:31:46.261+0000] {logging_mixin.py:190} INFO - [2026-07-19T02:31:46.260+0000] {dag.py:4180} INFO - Setting next_dagrun for setup_lakehouse_infrastructure_v3 to None, run_after=None
[2026-07-19T02:31:46.286+0000] {processor.py:208} INFO - Processing /opt/airflow/dags/setup_lakehouse_infrastructure_v3.py took 0.108 seconds
[2026-07-19T02:32:16.687+0000] {processor.py:186} INFO - Started process (PID=1329) to work on /opt/airflow/dags/setup_lakehouse_infrastructure_v3.py
[2026-07-19T02:32:16.688+0000] {processor.py:914} INFO - Processing file /opt/airflow/dags/setup_lakehouse_infrastructure_v3.py for tasks to queue
[2026-07-19T02:32:16.690+0000] {logging_mixin.py:190} INFO - [2026-07-19T02:32:16.690+0000] {dagbag.py:588} INFO - Filling up the DagBag from /opt/airflow/dags/setup_lakehouse_infrastructure_v3.py
[2026-07-19T02:32:16.716+0000] {processor.py:925} INFO - DAG(s) 'setup_lakehouse_infrastructure_v3' retrieved from /opt/airflow/dags/setup_lakehouse_infrastructure_v3.py
[2026-07-19T02:32:16.738+0000] {logging_mixin.py:190} INFO - [2026-07-19T02:32:16.737+0000] {dag.py:3239} INFO - Sync 1 DAGs
[2026-07-19T02:32:16.759+0000] {logging_mixin.py:190} INFO - [2026-07-19T02:32:16.759+0000] {dag.py:4180} INFO - Setting next_dagrun for setup_lakehouse_infrastructure_v3 to None, run_after=None
[2026-07-19T02:32:16.783+0000] {processor.py:208} INFO - Processing /opt/airflow/dags/setup_lakehouse_infrastructure_v3.py took 0.104 seconds
[2026-07-19T02:32:47.271+0000] {processor.py:186} INFO - Started process (PID=1413) to work on /opt/airflow/dags/setup_lakehouse_infrastructure_v3.py
[2026-07-19T02:32:47.272+0000] {processor.py:914} INFO - Processing file /opt/airflow/dags/setup_lakehouse_infrastructure_v3.py for tasks to queue
[2026-07-19T02:32:47.275+0000] {logging_mixin.py:190} INFO - [2026-07-19T02:32:47.274+0000] {dagbag.py:588} INFO - Filling up the DagBag from /opt/airflow/dags/setup_lakehouse_infrastructure_v3.py
[2026-07-19T02:32:47.301+0000] {processor.py:925} INFO - DAG(s) 'setup_lakehouse_infrastructure_v3' retrieved from /opt/airflow/dags/setup_lakehouse_infrastructure_v3.py
[2026-07-19T02:32:47.325+0000] {logging_mixin.py:190} INFO - [2026-07-19T02:32:47.325+0000] {dag.py:3239} INFO - Sync 1 DAGs
[2026-07-19T02:32:47.350+0000] {logging_mixin.py:190} INFO - [2026-07-19T02:32:47.350+0000] {dag.py:4180} INFO - Setting next_dagrun for setup_lakehouse_infrastructure_v3 to None, run_after=None
[2026-07-19T02:32:47.373+0000] {processor.py:208} INFO - Processing /opt/airflow/dags/setup_lakehouse_infrastructure_v3.py took 0.108 seconds
[2026-07-19T02:33:17.567+0000] {processor.py:186} INFO - Started process (PID=1485) to work on /opt/airflow/dags/setup_lakehouse_infrastructure_v3.py
[2026-07-19T02:33:17.567+0000] {processor.py:914} INFO - Processing file /opt/airflow/dags/setup_lakehouse_infrastructure_v3.py for tasks to queue
[2026-07-19T02:33:17.570+0000] {logging_mixin.py:190} INFO - [2026-07-19T02:33:17.569+0000] {dagbag.py:588} INFO - Filling up the DagBag from /opt/airflow/dags/setup_lakehouse_infrastructure_v3.py
[2026-07-19T02:33:17.593+0000] {processor.py:925} INFO - DAG(s) 'setup_lakehouse_infrastructure_v3' retrieved from /opt/airflow/dags/setup_lakehouse_infrastructure_v3.py
[2026-07-19T02:33:17.617+0000] {logging_mixin.py:190} INFO - [2026-07-19T02:33:17.617+0000] {dag.py:3239} INFO - Sync 1 DAGs
[2026-07-19T02:33:17.641+0000] {logging_mixin.py:190} INFO - [2026-07-19T02:33:17.640+0000] {dag.py:4180} INFO - Setting next_dagrun for setup_lakehouse_infrastructure_v3 to None, run_after=None
[2026-07-19T02:33:17.662+0000] {processor.py:208} INFO - Processing /opt/airflow/dags/setup_lakehouse_infrastructure_v3.py took 0.101 seconds
[2026-07-19T02:54:17.670+0000] {processor.py:186} INFO - Started process (PID=222) to work on /opt/airflow/dags/setup_lakehouse_infrastructure_v3.py
[2026-07-19T02:54:17.672+0000] {processor.py:914} INFO - Processing file /opt/airflow/dags/setup_lakehouse_infrastructure_v3.py for tasks to queue
[2026-07-19T02:54:17.675+0000] {logging_mixin.py:190} INFO - [2026-07-19T02:54:17.674+0000] {dagbag.py:588} INFO - Filling up the DagBag from /opt/airflow/dags/setup_lakehouse_infrastructure_v3.py
[2026-07-19T02:54:17.715+0000] {processor.py:925} INFO - DAG(s) 'setup_lakehouse_infrastructure_v3' retrieved from /opt/airflow/dags/setup_lakehouse_infrastructure_v3.py
[2026-07-19T02:54:17.822+0000] {logging_mixin.py:190} INFO - [2026-07-19T02:54:17.821+0000] {override.py:1900} INFO - Created Permission View: can read on DAG:setup_lakehouse_infrastructure_v3
[2026-07-19T02:54:17.840+0000] {logging_mixin.py:190} INFO - [2026-07-19T02:54:17.840+0000] {override.py:1900} INFO - Created Permission View: can delete on DAG:setup_lakehouse_infrastructure_v3
[2026-07-19T02:54:17.853+0000] {logging_mixin.py:190} INFO - [2026-07-19T02:54:17.853+0000] {override.py:1900} INFO - Created Permission View: can edit on DAG:setup_lakehouse_infrastructure_v3
[2026-07-19T02:54:17.868+0000] {logging_mixin.py:190} INFO - [2026-07-19T02:54:17.868+0000] {override.py:1900} INFO - Created Permission View: can read on DAG Run:setup_lakehouse_infrastructure_v3
[2026-07-19T02:54:17.881+0000] {logging_mixin.py:190} INFO - [2026-07-19T02:54:17.880+0000] {override.py:1900} INFO - Created Permission View: can create on DAG Run:setup_lakehouse_infrastructure_v3
[2026-07-19T02:54:17.893+0000] {logging_mixin.py:190} INFO - [2026-07-19T02:54:17.893+0000] {override.py:1900} INFO - Created Permission View: can delete on DAG Run:setup_lakehouse_infrastructure_v3
[2026-07-19T02:54:17.909+0000] {logging_mixin.py:190} INFO - [2026-07-19T02:54:17.908+0000] {override.py:1900} INFO - Created Permission View: menu access on DAG Run:setup_lakehouse_infrastructure_v3
[2026-07-19T02:54:17.910+0000] {logging_mixin.py:190} INFO - [2026-07-19T02:54:17.910+0000] {dag.py:3239} INFO - Sync 1 DAGs
[2026-07-19T02:54:17.942+0000] {logging_mixin.py:190} INFO - [2026-07-19T02:54:17.942+0000] {dag.py:3262} INFO - Creating ORM DAG for setup_lakehouse_infrastructure_v3
[2026-07-19T02:54:17.957+0000] {logging_mixin.py:190} INFO - [2026-07-19T02:54:17.957+0000] {dag.py:4180} INFO - Setting next_dagrun for setup_lakehouse_infrastructure_v3 to 2024-01-01 00:00:00+00:00, run_after=2024-01-01 00:00:00+00:00
[2026-07-19T02:54:17.989+0000] {processor.py:208} INFO - Processing /opt/airflow/dags/setup_lakehouse_infrastructure_v3.py took 0.325 seconds
[2026-07-19T02:54:49.268+0000] {processor.py:186} INFO - Started process (PID=307) to work on /opt/airflow/dags/setup_lakehouse_infrastructure_v3.py
[2026-07-19T02:54:49.270+0000] {processor.py:914} INFO - Processing file /opt/airflow/dags/setup_lakehouse_infrastructure_v3.py for tasks to queue
[2026-07-19T02:54:49.272+0000] {logging_mixin.py:190} INFO - [2026-07-19T02:54:49.272+0000] {dagbag.py:588} INFO - Filling up the DagBag from /opt/airflow/dags/setup_lakehouse_infrastructure_v3.py
[2026-07-19T02:54:49.306+0000] {processor.py:925} INFO - DAG(s) 'setup_lakehouse_infrastructure_v3' retrieved from /opt/airflow/dags/setup_lakehouse_infrastructure_v3.py
[2026-07-19T02:54:49.342+0000] {logging_mixin.py:190} INFO - [2026-07-19T02:54:49.341+0000] {dag.py:3239} INFO - Sync 1 DAGs
[2026-07-19T02:54:49.365+0000] {logging_mixin.py:190} INFO - [2026-07-19T02:54:49.365+0000] {dag.py:4180} INFO - Setting next_dagrun for setup_lakehouse_infrastructure_v3 to 2024-01-01 00:00:00+00:00, run_after=2024-01-01 00:00:00+00:00
[2026-07-19T02:54:49.383+0000] {processor.py:208} INFO - Processing /opt/airflow/dags/setup_lakehouse_infrastructure_v3.py took 0.122 seconds
[2026-07-19T02:55:19.828+0000] {processor.py:186} INFO - Started process (PID=391) to work on /opt/airflow/dags/setup_lakehouse_infrastructure_v3.py
[2026-07-19T02:55:19.830+0000] {processor.py:914} INFO - Processing file /opt/airflow/dags/setup_lakehouse_infrastructure_v3.py for tasks to queue
[2026-07-19T02:55:19.833+0000] {logging_mixin.py:190} INFO - [2026-07-19T02:55:19.833+0000] {dagbag.py:588} INFO - Filling up the DagBag from /opt/airflow/dags/setup_lakehouse_infrastructure_v3.py
[2026-07-19T02:55:19.866+0000] {processor.py:925} INFO - DAG(s) 'setup_lakehouse_infrastructure_v3' retrieved from /opt/airflow/dags/setup_lakehouse_infrastructure_v3.py
[2026-07-19T02:55:19.895+0000] {logging_mixin.py:190} INFO - [2026-07-19T02:55:19.894+0000] {dag.py:3239} INFO - Sync 1 DAGs
[2026-07-19T02:55:19.921+0000] {logging_mixin.py:190} INFO - [2026-07-19T02:55:19.921+0000] {dag.py:4180} INFO - Setting next_dagrun for setup_lakehouse_infrastructure_v3 to 2024-01-01 00:00:00+00:00, run_after=2024-01-01 00:00:00+00:00
[2026-07-19T02:55:19.945+0000] {processor.py:208} INFO - Processing /opt/airflow/dags/setup_lakehouse_infrastructure_v3.py took 0.126 seconds
[2026-07-19T02:55:50.550+0000] {processor.py:186} INFO - Started process (PID=817) to work on /opt/airflow/dags/setup_lakehouse_infrastructure_v3.py
[2026-07-19T02:55:50.551+0000] {processor.py:914} INFO - Processing file /opt/airflow/dags/setup_lakehouse_infrastructure_v3.py for tasks to queue
[2026-07-19T02:55:50.553+0000] {logging_mixin.py:190} INFO - [2026-07-19T02:55:50.553+0000] {dagbag.py:588} INFO - Filling up the DagBag from /opt/airflow/dags/setup_lakehouse_infrastructure_v3.py
[2026-07-19T02:55:50.575+0000] {processor.py:925} INFO - DAG(s) 'setup_lakehouse_infrastructure_v3' retrieved from /opt/airflow/dags/setup_lakehouse_infrastructure_v3.py
[2026-07-19T02:55:50.598+0000] {logging_mixin.py:190} INFO - [2026-07-19T02:55:50.597+0000] {dag.py:3239} INFO - Sync 1 DAGs
[2026-07-19T02:55:50.617+0000] {logging_mixin.py:190} INFO - [2026-07-19T02:55:50.617+0000] {dag.py:4180} INFO - Setting next_dagrun for setup_lakehouse_infrastructure_v3 to None, run_after=None
[2026-07-19T02:55:50.634+0000] {processor.py:208} INFO - Processing /opt/airflow/dags/setup_lakehouse_infrastructure_v3.py took 0.090 seconds
[2026-07-19T02:56:21.169+0000] {processor.py:186} INFO - Started process (PID=970) to work on /opt/airflow/dags/setup_lakehouse_infrastructure_v3.py
[2026-07-19T02:56:21.170+0000] {processor.py:914} INFO - Processing file /opt/airflow/dags/setup_lakehouse_infrastructure_v3.py for tasks to queue
[2026-07-19T02:56:21.172+0000] {logging_mixin.py:190} INFO - [2026-07-19T02:56:21.172+0000] {dagbag.py:588} INFO - Filling up the DagBag from /opt/airflow/dags/setup_lakehouse_infrastructure_v3.py
[2026-07-19T02:56:21.200+0000] {processor.py:925} INFO - DAG(s) 'setup_lakehouse_infrastructure_v3' retrieved from /opt/airflow/dags/setup_lakehouse_infrastructure_v3.py
[2026-07-19T02:56:21.229+0000] {logging_mixin.py:190} INFO - [2026-07-19T02:56:21.228+0000] {dag.py:3239} INFO - Sync 1 DAGs
[2026-07-19T02:56:21.254+0000] {logging_mixin.py:190} INFO - [2026-07-19T02:56:21.253+0000] {dag.py:4180} INFO - Setting next_dagrun for setup_lakehouse_infrastructure_v3 to None, run_after=None
[2026-07-19T02:56:21.276+0000] {processor.py:208} INFO - Processing /opt/airflow/dags/setup_lakehouse_infrastructure_v3.py took 0.112 seconds
[2026-07-19T02:56:51.861+0000] {processor.py:186} INFO - Started process (PID=1295) to work on /opt/airflow/dags/setup_lakehouse_infrastructure_v3.py
[2026-07-19T02:56:51.862+0000] {processor.py:914} INFO - Processing file /opt/airflow/dags/setup_lakehouse_infrastructure_v3.py for tasks to queue
[2026-07-19T02:56:51.864+0000] {logging_mixin.py:190} INFO - [2026-07-19T02:56:51.864+0000] {dagbag.py:588} INFO - Filling up the DagBag from /opt/airflow/dags/setup_lakehouse_infrastructure_v3.py
[2026-07-19T02:56:51.892+0000] {processor.py:925} INFO - DAG(s) 'setup_lakehouse_infrastructure_v3' retrieved from /opt/airflow/dags/setup_lakehouse_infrastructure_v3.py
[2026-07-19T02:56:51.917+0000] {logging_mixin.py:190} INFO - [2026-07-19T02:56:51.917+0000] {dag.py:3239} INFO - Sync 1 DAGs
[2026-07-19T02:56:51.943+0000] {logging_mixin.py:190} INFO - [2026-07-19T02:56:51.943+0000] {dag.py:4180} INFO - Setting next_dagrun for setup_lakehouse_infrastructure_v3 to None, run_after=None
[2026-07-19T02:56:51.963+0000] {processor.py:208} INFO - Processing /opt/airflow/dags/setup_lakehouse_infrastructure_v3.py took 0.107 seconds
[2026-07-19T02:57:22.760+0000] {processor.py:186} INFO - Started process (PID=1384) to work on /opt/airflow/dags/setup_lakehouse_infrastructure_v3.py
[2026-07-19T02:57:22.761+0000] {processor.py:914} INFO - Processing file /opt/airflow/dags/setup_lakehouse_infrastructure_v3.py for tasks to queue
[2026-07-19T02:57:22.763+0000] {logging_mixin.py:190} INFO - [2026-07-19T02:57:22.763+0000] {dagbag.py:588} INFO - Filling up the DagBag from /opt/airflow/dags/setup_lakehouse_infrastructure_v3.py
[2026-07-19T02:57:22.787+0000] {processor.py:925} INFO - DAG(s) 'setup_lakehouse_infrastructure_v3' retrieved from /opt/airflow/dags/setup_lakehouse_infrastructure_v3.py
[2026-07-19T02:57:22.807+0000] {logging_mixin.py:190} INFO - [2026-07-19T02:57:22.807+0000] {dag.py:3239} INFO - Sync 1 DAGs
[2026-07-19T02:57:22.829+0000] {logging_mixin.py:190} INFO - [2026-07-19T02:57:22.828+0000] {dag.py:4180} INFO - Setting next_dagrun for setup_lakehouse_infrastructure_v3 to None, run_after=None
[2026-07-19T02:57:22.853+0000] {processor.py:208} INFO - Processing /opt/airflow/dags/setup_lakehouse_infrastructure_v3.py took 0.098 seconds
[2026-07-19T02:57:52.986+0000] {processor.py:186} INFO - Started process (PID=1471) to work on /opt/airflow/dags/setup_lakehouse_infrastructure_v3.py
[2026-07-19T02:57:52.988+0000] {processor.py:914} INFO - Processing file /opt/airflow/dags/setup_lakehouse_infrastructure_v3.py for tasks to queue
[2026-07-19T02:57:52.990+0000] {logging_mixin.py:190} INFO - [2026-07-19T02:57:52.990+0000] {dagbag.py:588} INFO - Filling up the DagBag from /opt/airflow/dags/setup_lakehouse_infrastructure_v3.py
[2026-07-19T02:57:53.015+0000] {processor.py:925} INFO - DAG(s) 'setup_lakehouse_infrastructure_v3' retrieved from /opt/airflow/dags/setup_lakehouse_infrastructure_v3.py
[2026-07-19T02:57:53.038+0000] {logging_mixin.py:190} INFO - [2026-07-19T02:57:53.038+0000] {dag.py:3239} INFO - Sync 1 DAGs
[2026-07-19T02:57:53.058+0000] {logging_mixin.py:190} INFO - [2026-07-19T02:57:53.058+0000] {dag.py:4180} INFO - Setting next_dagrun for setup_lakehouse_infrastructure_v3 to None, run_after=None
[2026-07-19T02:57:53.077+0000] {processor.py:208} INFO - Processing /opt/airflow/dags/setup_lakehouse_infrastructure_v3.py took 0.098 seconds
[2026-07-19T02:58:23.251+0000] {processor.py:186} INFO - Started process (PID=1543) to work on /opt/airflow/dags/setup_lakehouse_infrastructure_v3.py
[2026-07-19T02:58:23.252+0000] {processor.py:914} INFO - Processing file /opt/airflow/dags/setup_lakehouse_infrastructure_v3.py for tasks to queue
[2026-07-19T02:58:23.254+0000] {logging_mixin.py:190} INFO - [2026-07-19T02:58:23.254+0000] {dagbag.py:588} INFO - Filling up the DagBag from /opt/airflow/dags/setup_lakehouse_infrastructure_v3.py
[2026-07-19T02:58:23.284+0000] {processor.py:925} INFO - DAG(s) 'setup_lakehouse_infrastructure_v3' retrieved from /opt/airflow/dags/setup_lakehouse_infrastructure_v3.py
[2026-07-19T02:58:23.311+0000] {logging_mixin.py:190} INFO - [2026-07-19T02:58:23.311+0000] {dag.py:3239} INFO - Sync 1 DAGs
[2026-07-19T02:58:23.334+0000] {logging_mixin.py:190} INFO - [2026-07-19T02:58:23.334+0000] {dag.py:4180} INFO - Setting next_dagrun for setup_lakehouse_infrastructure_v3 to None, run_after=None
[2026-07-19T02:58:23.358+0000] {processor.py:208} INFO - Processing /opt/airflow/dags/setup_lakehouse_infrastructure_v3.py took 0.113 seconds
[2026-07-19T02:58:53.766+0000] {processor.py:186} INFO - Started process (PID=1632) to work on /opt/airflow/dags/setup_lakehouse_infrastructure_v3.py
[2026-07-19T02:58:53.767+0000] {processor.py:914} INFO - Processing file /opt/airflow/dags/setup_lakehouse_infrastructure_v3.py for tasks to queue
[2026-07-19T02:58:53.769+0000] {logging_mixin.py:190} INFO - [2026-07-19T02:58:53.769+0000] {dagbag.py:588} INFO - Filling up the DagBag from /opt/airflow/dags/setup_lakehouse_infrastructure_v3.py
[2026-07-19T02:58:53.794+0000] {processor.py:925} INFO - DAG(s) 'setup_lakehouse_infrastructure_v3' retrieved from /opt/airflow/dags/setup_lakehouse_infrastructure_v3.py
[2026-07-19T02:58:53.816+0000] {logging_mixin.py:190} INFO - [2026-07-19T02:58:53.816+0000] {dag.py:3239} INFO - Sync 1 DAGs
[2026-07-19T02:58:53.838+0000] {logging_mixin.py:190} INFO - [2026-07-19T02:58:53.838+0000] {dag.py:4180} INFO - Setting next_dagrun for setup_lakehouse_infrastructure_v3 to None, run_after=None
[2026-07-19T02:58:53.860+0000] {processor.py:208} INFO - Processing /opt/airflow/dags/setup_lakehouse_infrastructure_v3.py took 0.099 seconds
[2026-07-19T02:59:24.485+0000] {processor.py:186} INFO - Started process (PID=1716) to work on /opt/airflow/dags/setup_lakehouse_infrastructure_v3.py
[2026-07-19T02:59:24.486+0000] {processor.py:914} INFO - Processing file /opt/airflow/dags/setup_lakehouse_infrastructure_v3.py for tasks to queue
[2026-07-19T02:59:24.488+0000] {logging_mixin.py:190} INFO - [2026-07-19T02:59:24.487+0000] {dagbag.py:588} INFO - Filling up the DagBag from /opt/airflow/dags/setup_lakehouse_infrastructure_v3.py
[2026-07-19T02:59:24.515+0000] {processor.py:925} INFO - DAG(s) 'setup_lakehouse_infrastructure_v3' retrieved from /opt/airflow/dags/setup_lakehouse_infrastructure_v3.py
[2026-07-19T02:59:24.538+0000] {logging_mixin.py:190} INFO - [2026-07-19T02:59:24.538+0000] {dag.py:3239} INFO - Sync 1 DAGs
[2026-07-19T02:59:24.561+0000] {logging_mixin.py:190} INFO - [2026-07-19T02:59:24.561+0000] {dag.py:4180} INFO - Setting next_dagrun for setup_lakehouse_infrastructure_v3 to None, run_after=None
[2026-07-19T02:59:24.582+0000] {processor.py:208} INFO - Processing /opt/airflow/dags/setup_lakehouse_infrastructure_v3.py took 0.103 seconds
[2026-07-19T02:59:55.115+0000] {processor.py:186} INFO - Started process (PID=1802) to work on /opt/airflow/dags/setup_lakehouse_infrastructure_v3.py
[2026-07-19T02:59:55.116+0000] {processor.py:914} INFO - Processing file /opt/airflow/dags/setup_lakehouse_infrastructure_v3.py for tasks to queue
[2026-07-19T02:59:55.119+0000] {logging_mixin.py:190} INFO - [2026-07-19T02:59:55.118+0000] {dagbag.py:588} INFO - Filling up the DagBag from /opt/airflow/dags/setup_lakehouse_infrastructure_v3.py
[2026-07-19T02:59:55.146+0000] {processor.py:925} INFO - DAG(s) 'setup_lakehouse_infrastructure_v3' retrieved from /opt/airflow/dags/setup_lakehouse_infrastructure_v3.py
[2026-07-19T02:59:55.170+0000] {logging_mixin.py:190} INFO - [2026-07-19T02:59:55.169+0000] {dag.py:3239} INFO - Sync 1 DAGs
[2026-07-19T02:59:55.189+0000] {logging_mixin.py:190} INFO - [2026-07-19T02:59:55.189+0000] {dag.py:4180} INFO - Setting next_dagrun for setup_lakehouse_infrastructure_v3 to None, run_after=None
[2026-07-19T02:59:55.207+0000] {processor.py:208} INFO - Processing /opt/airflow/dags/setup_lakehouse_infrastructure_v3.py took 0.100 seconds
[2026-07-19T03:00:26.319+0000] {processor.py:186} INFO - Started process (PID=1894) to work on /opt/airflow/dags/setup_lakehouse_infrastructure_v3.py
[2026-07-19T03:00:26.320+0000] {processor.py:914} INFO - Processing file /opt/airflow/dags/setup_lakehouse_infrastructure_v3.py for tasks to queue
[2026-07-19T03:00:26.322+0000] {logging_mixin.py:190} INFO - [2026-07-19T03:00:26.322+0000] {dagbag.py:588} INFO - Filling up the DagBag from /opt/airflow/dags/setup_lakehouse_infrastructure_v3.py
[2026-07-19T03:00:26.349+0000] {processor.py:925} INFO - DAG(s) 'setup_lakehouse_infrastructure_v3' retrieved from /opt/airflow/dags/setup_lakehouse_infrastructure_v3.py
[2026-07-19T03:00:26.376+0000] {logging_mixin.py:190} INFO - [2026-07-19T03:00:26.376+0000] {dag.py:3239} INFO - Sync 1 DAGs
[2026-07-19T03:00:26.398+0000] {logging_mixin.py:190} INFO - [2026-07-19T03:00:26.398+0000] {dag.py:4180} INFO - Setting next_dagrun for setup_lakehouse_infrastructure_v3 to None, run_after=None
[2026-07-19T03:00:26.423+0000] {processor.py:208} INFO - Processing /opt/airflow/dags/setup_lakehouse_infrastructure_v3.py took 0.110 seconds
[2026-07-19T03:00:58.093+0000] {processor.py:186} INFO - Started process (PID=1997) to work on /opt/airflow/dags/setup_lakehouse_infrastructure_v3.py
[2026-07-19T03:00:58.095+0000] {processor.py:914} INFO - Processing file /opt/airflow/dags/setup_lakehouse_infrastructure_v3.py for tasks to queue
[2026-07-19T03:00:58.099+0000] {logging_mixin.py:190} INFO - [2026-07-19T03:00:58.098+0000] {dagbag.py:588} INFO - Filling up the DagBag from /opt/airflow/dags/setup_lakehouse_infrastructure_v3.py
[2026-07-19T03:00:58.132+0000] {processor.py:925} INFO - DAG(s) 'setup_lakehouse_infrastructure_v3' retrieved from /opt/airflow/dags/setup_lakehouse_infrastructure_v3.py
[2026-07-19T03:00:58.156+0000] {logging_mixin.py:190} INFO - [2026-07-19T03:00:58.156+0000] {dag.py:3239} INFO - Sync 1 DAGs
[2026-07-19T03:00:58.180+0000] {logging_mixin.py:190} INFO - [2026-07-19T03:00:58.180+0000] {dag.py:4180} INFO - Setting next_dagrun for setup_lakehouse_infrastructure_v3 to None, run_after=None
[2026-07-19T03:00:58.204+0000] {processor.py:208} INFO - Processing /opt/airflow/dags/setup_lakehouse_infrastructure_v3.py took 0.119 seconds
[2026-07-19T03:01:29.109+0000] {processor.py:186} INFO - Started process (PID=2084) to work on /opt/airflow/dags/setup_lakehouse_infrastructure_v3.py
[2026-07-19T03:01:29.110+0000] {processor.py:914} INFO - Processing file /opt/airflow/dags/setup_lakehouse_infrastructure_v3.py for tasks to queue
[2026-07-19T03:01:29.112+0000] {logging_mixin.py:190} INFO - [2026-07-19T03:01:29.112+0000] {dagbag.py:588} INFO - Filling up the DagBag from /opt/airflow/dags/setup_lakehouse_infrastructure_v3.py
[2026-07-19T03:01:29.136+0000] {processor.py:925} INFO - DAG(s) 'setup_lakehouse_infrastructure_v3' retrieved from /opt/airflow/dags/setup_lakehouse_infrastructure_v3.py
[2026-07-19T03:01:29.158+0000] {logging_mixin.py:190} INFO - [2026-07-19T03:01:29.158+0000] {dag.py:3239} INFO - Sync 1 DAGs
[2026-07-19T03:01:29.180+0000] {logging_mixin.py:190} INFO - [2026-07-19T03:01:29.180+0000] {dag.py:4180} INFO - Setting next_dagrun for setup_lakehouse_infrastructure_v3 to None, run_after=None
[2026-07-19T03:01:29.198+0000] {processor.py:208} INFO - Processing /opt/airflow/dags/setup_lakehouse_infrastructure_v3.py took 0.095 seconds
[2026-07-19T03:01:59.325+0000] {processor.py:186} INFO - Started process (PID=2156) to work on /opt/airflow/dags/setup_lakehouse_infrastructure_v3.py
[2026-07-19T03:01:59.326+0000] {processor.py:914} INFO - Processing file /opt/airflow/dags/setup_lakehouse_infrastructure_v3.py for tasks to queue
[2026-07-19T03:01:59.329+0000] {logging_mixin.py:190} INFO - [2026-07-19T03:01:59.328+0000] {dagbag.py:588} INFO - Filling up the DagBag from /opt/airflow/dags/setup_lakehouse_infrastructure_v3.py
[2026-07-19T03:01:59.356+0000] {processor.py:925} INFO - DAG(s) 'setup_lakehouse_infrastructure_v3' retrieved from /opt/airflow/dags/setup_lakehouse_infrastructure_v3.py
[2026-07-19T03:01:59.383+0000] {logging_mixin.py:190} INFO - [2026-07-19T03:01:59.383+0000] {dag.py:3239} INFO - Sync 1 DAGs
[2026-07-19T03:01:59.410+0000] {logging_mixin.py:190} INFO - [2026-07-19T03:01:59.410+0000] {dag.py:4180} INFO - Setting next_dagrun for setup_lakehouse_infrastructure_v3 to None, run_after=None
[2026-07-19T03:01:59.433+0000] {processor.py:208} INFO - Processing /opt/airflow/dags/setup_lakehouse_infrastructure_v3.py took 0.114 seconds
[2026-07-19T03:02:30.328+0000] {processor.py:186} INFO - Started process (PID=2259) to work on /opt/airflow/dags/setup_lakehouse_infrastructure_v3.py
[2026-07-19T03:02:30.329+0000] {processor.py:914} INFO - Processing file /opt/airflow/dags/setup_lakehouse_infrastructure_v3.py for tasks to queue
[2026-07-19T03:02:30.332+0000] {logging_mixin.py:190} INFO - [2026-07-19T03:02:30.332+0000] {dagbag.py:588} INFO - Filling up the DagBag from /opt/airflow/dags/setup_lakehouse_infrastructure_v3.py
[2026-07-19T03:02:30.364+0000] {processor.py:925} INFO - DAG(s) 'setup_lakehouse_infrastructure_v3' retrieved from /opt/airflow/dags/setup_lakehouse_infrastructure_v3.py
[2026-07-19T03:02:30.394+0000] {logging_mixin.py:190} INFO - [2026-07-19T03:02:30.394+0000] {dag.py:3239} INFO - Sync 1 DAGs
[2026-07-19T03:02:30.417+0000] {logging_mixin.py:190} INFO - [2026-07-19T03:02:30.417+0000] {dag.py:4180} INFO - Setting next_dagrun for setup_lakehouse_infrastructure_v3 to None, run_after=None
[2026-07-19T03:02:30.441+0000] {processor.py:208} INFO - Processing /opt/airflow/dags/setup_lakehouse_infrastructure_v3.py took 0.119 seconds
[2026-07-19T04:30:51.600+0000] {processor.py:186} INFO - Started process (PID=222) to work on /opt/airflow/dags/setup_lakehouse_infrastructure_v3.py
[2026-07-19T04:30:51.602+0000] {processor.py:914} INFO - Processing file /opt/airflow/dags/setup_lakehouse_infrastructure_v3.py for tasks to queue
[2026-07-19T04:30:51.609+0000] {logging_mixin.py:190} INFO - [2026-07-19T04:30:51.608+0000] {dagbag.py:588} INFO - Filling up the DagBag from /opt/airflow/dags/setup_lakehouse_infrastructure_v3.py
[2026-07-19T04:30:51.644+0000] {processor.py:925} INFO - DAG(s) 'setup_lakehouse_infrastructure_v3' retrieved from /opt/airflow/dags/setup_lakehouse_infrastructure_v3.py
[2026-07-19T04:30:51.713+0000] {logging_mixin.py:190} INFO - [2026-07-19T04:30:51.712+0000] {override.py:1900} INFO - Created Permission View: can delete on DAG:setup_lakehouse_infrastructure_v3
[2026-07-19T04:30:51.727+0000] {logging_mixin.py:190} INFO - [2026-07-19T04:30:51.726+0000] {override.py:1900} INFO - Created Permission View: can read on DAG:setup_lakehouse_infrastructure_v3
[2026-07-19T04:30:51.736+0000] {logging_mixin.py:190} INFO - [2026-07-19T04:30:51.736+0000] {override.py:1900} INFO - Created Permission View: can edit on DAG:setup_lakehouse_infrastructure_v3
[2026-07-19T04:30:51.747+0000] {logging_mixin.py:190} INFO - [2026-07-19T04:30:51.746+0000] {override.py:1900} INFO - Created Permission View: can delete on DAG Run:setup_lakehouse_infrastructure_v3
[2026-07-19T04:30:51.757+0000] {logging_mixin.py:190} INFO - [2026-07-19T04:30:51.757+0000] {override.py:1900} INFO - Created Permission View: can create on DAG Run:setup_lakehouse_infrastructure_v3
[2026-07-19T04:30:51.766+0000] {logging_mixin.py:190} INFO - [2026-07-19T04:30:51.766+0000] {override.py:1900} INFO - Created Permission View: can read on DAG Run:setup_lakehouse_infrastructure_v3
[2026-07-19T04:30:51.775+0000] {logging_mixin.py:190} INFO - [2026-07-19T04:30:51.775+0000] {override.py:1900} INFO - Created Permission View: menu access on DAG Run:setup_lakehouse_infrastructure_v3
[2026-07-19T04:30:51.776+0000] {logging_mixin.py:190} INFO - [2026-07-19T04:30:51.776+0000] {dag.py:3239} INFO - Sync 1 DAGs
[2026-07-19T04:30:51.792+0000] {logging_mixin.py:190} INFO - [2026-07-19T04:30:51.792+0000] {dag.py:3262} INFO - Creating ORM DAG for setup_lakehouse_infrastructure_v3
[2026-07-19T04:30:51.806+0000] {logging_mixin.py:190} INFO - [2026-07-19T04:30:51.806+0000] {dag.py:4180} INFO - Setting next_dagrun for setup_lakehouse_infrastructure_v3 to 2024-01-01 00:00:00+00:00, run_after=2024-01-01 00:00:00+00:00
[2026-07-19T04:30:51.839+0000] {processor.py:208} INFO - Processing /opt/airflow/dags/setup_lakehouse_infrastructure_v3.py took 0.246 seconds
[2026-07-19T04:31:22.492+0000] {processor.py:186} INFO - Started process (PID=307) to work on /opt/airflow/dags/setup_lakehouse_infrastructure_v3.py
[2026-07-19T04:31:22.493+0000] {processor.py:914} INFO - Processing file /opt/airflow/dags/setup_lakehouse_infrastructure_v3.py for tasks to queue
[2026-07-19T04:31:22.495+0000] {logging_mixin.py:190} INFO - [2026-07-19T04:31:22.495+0000] {dagbag.py:588} INFO - Filling up the DagBag from /opt/airflow/dags/setup_lakehouse_infrastructure_v3.py
[2026-07-19T04:31:22.521+0000] {processor.py:925} INFO - DAG(s) 'setup_lakehouse_infrastructure_v3' retrieved from /opt/airflow/dags/setup_lakehouse_infrastructure_v3.py
[2026-07-19T04:31:22.544+0000] {logging_mixin.py:190} INFO - [2026-07-19T04:31:22.544+0000] {dag.py:3239} INFO - Sync 1 DAGs
[2026-07-19T04:31:22.564+0000] {logging_mixin.py:190} INFO - [2026-07-19T04:31:22.564+0000] {dag.py:4180} INFO - Setting next_dagrun for setup_lakehouse_infrastructure_v3 to 2024-01-01 00:00:00+00:00, run_after=2024-01-01 00:00:00+00:00
[2026-07-19T04:31:22.584+0000] {processor.py:208} INFO - Processing /opt/airflow/dags/setup_lakehouse_infrastructure_v3.py took 0.098 seconds
[2026-07-19T04:31:52.903+0000] {processor.py:186} INFO - Started process (PID=397) to work on /opt/airflow/dags/setup_lakehouse_infrastructure_v3.py
[2026-07-19T04:31:52.904+0000] {processor.py:914} INFO - Processing file /opt/airflow/dags/setup_lakehouse_infrastructure_v3.py for tasks to queue
[2026-07-19T04:31:52.906+0000] {logging_mixin.py:190} INFO - [2026-07-19T04:31:52.906+0000] {dagbag.py:588} INFO - Filling up the DagBag from /opt/airflow/dags/setup_lakehouse_infrastructure_v3.py
[2026-07-19T04:31:52.936+0000] {processor.py:925} INFO - DAG(s) 'setup_lakehouse_infrastructure_v3' retrieved from /opt/airflow/dags/setup_lakehouse_infrastructure_v3.py
[2026-07-19T04:31:52.958+0000] {logging_mixin.py:190} INFO - [2026-07-19T04:31:52.958+0000] {dag.py:3239} INFO - Sync 1 DAGs
[2026-07-19T04:31:52.977+0000] {logging_mixin.py:190} INFO - [2026-07-19T04:31:52.977+0000] {dag.py:4180} INFO - Setting next_dagrun for setup_lakehouse_infrastructure_v3 to None, run_after=None
[2026-07-19T04:31:52.996+0000] {processor.py:208} INFO - Processing /opt/airflow/dags/setup_lakehouse_infrastructure_v3.py took 0.099 seconds
[2026-07-19T04:32:24.401+0000] {processor.py:186} INFO - Started process (PID=790) to work on /opt/airflow/dags/setup_lakehouse_infrastructure_v3.py
[2026-07-19T04:32:24.402+0000] {processor.py:914} INFO - Processing file /opt/airflow/dags/setup_lakehouse_infrastructure_v3.py for tasks to queue
[2026-07-19T04:32:24.405+0000] {logging_mixin.py:190} INFO - [2026-07-19T04:32:24.405+0000] {dagbag.py:588} INFO - Filling up the DagBag from /opt/airflow/dags/setup_lakehouse_infrastructure_v3.py
[2026-07-19T04:32:24.430+0000] {processor.py:925} INFO - DAG(s) 'setup_lakehouse_infrastructure_v3' retrieved from /opt/airflow/dags/setup_lakehouse_infrastructure_v3.py
[2026-07-19T04:32:24.455+0000] {logging_mixin.py:190} INFO - [2026-07-19T04:32:24.455+0000] {dag.py:3239} INFO - Sync 1 DAGs
[2026-07-19T04:32:24.476+0000] {logging_mixin.py:190} INFO - [2026-07-19T04:32:24.476+0000] {dag.py:4180} INFO - Setting next_dagrun for setup_lakehouse_infrastructure_v3 to None, run_after=None
[2026-07-19T04:32:24.500+0000] {processor.py:208} INFO - Processing /opt/airflow/dags/setup_lakehouse_infrastructure_v3.py took 0.105 seconds
[2026-07-19T04:32:55.347+0000] {processor.py:186} INFO - Started process (PID=907) to work on /opt/airflow/dags/setup_lakehouse_infrastructure_v3.py
[2026-07-19T04:32:55.348+0000] {processor.py:914} INFO - Processing file /opt/airflow/dags/setup_lakehouse_infrastructure_v3.py for tasks to queue
[2026-07-19T04:32:55.350+0000] {logging_mixin.py:190} INFO - [2026-07-19T04:32:55.350+0000] {dagbag.py:588} INFO - Filling up the DagBag from /opt/airflow/dags/setup_lakehouse_infrastructure_v3.py
[2026-07-19T04:32:55.377+0000] {processor.py:925} INFO - DAG(s) 'setup_lakehouse_infrastructure_v3' retrieved from /opt/airflow/dags/setup_lakehouse_infrastructure_v3.py
[2026-07-19T04:32:55.404+0000] {logging_mixin.py:190} INFO - [2026-07-19T04:32:55.404+0000] {dag.py:3239} INFO - Sync 1 DAGs
[2026-07-19T04:32:55.425+0000] {logging_mixin.py:190} INFO - [2026-07-19T04:32:55.425+0000] {dag.py:4180} INFO - Setting next_dagrun for setup_lakehouse_infrastructure_v3 to None, run_after=None
[2026-07-19T04:32:55.452+0000] {processor.py:208} INFO - Processing /opt/airflow/dags/setup_lakehouse_infrastructure_v3.py took 0.111 seconds
[2026-07-19T04:33:26.476+0000] {processor.py:186} INFO - Started process (PID=993) to work on /opt/airflow/dags/setup_lakehouse_infrastructure_v3.py
[2026-07-19T04:33:26.477+0000] {processor.py:914} INFO - Processing file /opt/airflow/dags/setup_lakehouse_infrastructure_v3.py for tasks to queue
[2026-07-19T04:33:26.480+0000] {logging_mixin.py:190} INFO - [2026-07-19T04:33:26.480+0000] {dagbag.py:588} INFO - Filling up the DagBag from /opt/airflow/dags/setup_lakehouse_infrastructure_v3.py
[2026-07-19T04:33:26.506+0000] {processor.py:925} INFO - DAG(s) 'setup_lakehouse_infrastructure_v3' retrieved from /opt/airflow/dags/setup_lakehouse_infrastructure_v3.py
[2026-07-19T04:33:26.536+0000] {logging_mixin.py:190} INFO - [2026-07-19T04:33:26.536+0000] {dag.py:3239} INFO - Sync 1 DAGs
[2026-07-19T04:33:26.563+0000] {logging_mixin.py:190} INFO - [2026-07-19T04:33:26.562+0000] {dag.py:4180} INFO - Setting next_dagrun for setup_lakehouse_infrastructure_v3 to None, run_after=None
[2026-07-19T04:33:26.589+0000] {processor.py:208} INFO - Processing /opt/airflow/dags/setup_lakehouse_infrastructure_v3.py took 0.120 seconds
[2026-07-19T04:33:57.185+0000] {processor.py:186} INFO - Started process (PID=1086) to work on /opt/airflow/dags/setup_lakehouse_infrastructure_v3.py
[2026-07-19T04:33:57.187+0000] {processor.py:914} INFO - Processing file /opt/airflow/dags/setup_lakehouse_infrastructure_v3.py for tasks to queue
[2026-07-19T04:33:57.189+0000] {logging_mixin.py:190} INFO - [2026-07-19T04:33:57.189+0000] {dagbag.py:588} INFO - Filling up the DagBag from /opt/airflow/dags/setup_lakehouse_infrastructure_v3.py
[2026-07-19T04:33:57.214+0000] {processor.py:925} INFO - DAG(s) 'setup_lakehouse_infrastructure_v3' retrieved from /opt/airflow/dags/setup_lakehouse_infrastructure_v3.py
[2026-07-19T04:33:57.237+0000] {logging_mixin.py:190} INFO - [2026-07-19T04:33:57.237+0000] {dag.py:3239} INFO - Sync 1 DAGs
[2026-07-19T04:33:57.260+0000] {logging_mixin.py:190} INFO - [2026-07-19T04:33:57.260+0000] {dag.py:4180} INFO - Setting next_dagrun for setup_lakehouse_infrastructure_v3 to None, run_after=None
[2026-07-19T04:33:57.283+0000] {processor.py:208} INFO - Processing /opt/airflow/dags/setup_lakehouse_infrastructure_v3.py took 0.104 seconds
[2026-07-19T04:34:27.367+0000] {processor.py:186} INFO - Started process (PID=1181) to work on /opt/airflow/dags/setup_lakehouse_infrastructure_v3.py
[2026-07-19T04:34:27.368+0000] {processor.py:914} INFO - Processing file /opt/airflow/dags/setup_lakehouse_infrastructure_v3.py for tasks to queue
[2026-07-19T04:34:27.370+0000] {logging_mixin.py:190} INFO - [2026-07-19T04:34:27.370+0000] {dagbag.py:588} INFO - Filling up the DagBag from /opt/airflow/dags/setup_lakehouse_infrastructure_v3.py
[2026-07-19T04:34:27.397+0000] {processor.py:925} INFO - DAG(s) 'setup_lakehouse_infrastructure_v3' retrieved from /opt/airflow/dags/setup_lakehouse_infrastructure_v3.py
[2026-07-19T04:34:27.421+0000] {logging_mixin.py:190} INFO - [2026-07-19T04:34:27.421+0000] {dag.py:3239} INFO - Sync 1 DAGs
[2026-07-19T04:34:27.446+0000] {logging_mixin.py:190} INFO - [2026-07-19T04:34:27.446+0000] {dag.py:4180} INFO - Setting next_dagrun for setup_lakehouse_infrastructure_v3 to None, run_after=None
[2026-07-19T04:34:27.465+0000] {processor.py:208} INFO - Processing /opt/airflow/dags/setup_lakehouse_infrastructure_v3.py took 0.104 seconds
[2026-07-19T04:34:57.696+0000] {processor.py:186} INFO - Started process (PID=1269) to work on /opt/airflow/dags/setup_lakehouse_infrastructure_v3.py
[2026-07-19T04:34:57.697+0000] {processor.py:914} INFO - Processing file /opt/airflow/dags/setup_lakehouse_infrastructure_v3.py for tasks to queue
[2026-07-19T04:34:57.699+0000] {logging_mixin.py:190} INFO - [2026-07-19T04:34:57.699+0000] {dagbag.py:588} INFO - Filling up the DagBag from /opt/airflow/dags/setup_lakehouse_infrastructure_v3.py
[2026-07-19T04:34:57.733+0000] {processor.py:925} INFO - DAG(s) 'setup_lakehouse_infrastructure_v3' retrieved from /opt/airflow/dags/setup_lakehouse_infrastructure_v3.py
[2026-07-19T04:34:57.760+0000] {logging_mixin.py:190} INFO - [2026-07-19T04:34:57.760+0000] {dag.py:3239} INFO - Sync 1 DAGs
[2026-07-19T04:34:57.786+0000] {logging_mixin.py:190} INFO - [2026-07-19T04:34:57.786+0000] {dag.py:4180} INFO - Setting next_dagrun for setup_lakehouse_infrastructure_v3 to None, run_after=None
[2026-07-19T04:34:57.813+0000] {processor.py:208} INFO - Processing /opt/airflow/dags/setup_lakehouse_infrastructure_v3.py took 0.123 seconds
[2026-07-19T04:35:29.698+0000] {processor.py:186} INFO - Started process (PID=1425) to work on /opt/airflow/dags/setup_lakehouse_infrastructure_v3.py
[2026-07-19T04:35:29.701+0000] {processor.py:914} INFO - Processing file /opt/airflow/dags/setup_lakehouse_infrastructure_v3.py for tasks to queue
[2026-07-19T04:35:29.707+0000] {logging_mixin.py:190} INFO - [2026-07-19T04:35:29.706+0000] {dagbag.py:588} INFO - Filling up the DagBag from /opt/airflow/dags/setup_lakehouse_infrastructure_v3.py
[2026-07-19T04:35:29.806+0000] {processor.py:925} INFO - DAG(s) 'setup_lakehouse_infrastructure_v3' retrieved from /opt/airflow/dags/setup_lakehouse_infrastructure_v3.py
[2026-07-19T04:35:29.873+0000] {logging_mixin.py:190} INFO - [2026-07-19T04:35:29.872+0000] {dag.py:3239} INFO - Sync 1 DAGs
[2026-07-19T04:35:29.945+0000] {logging_mixin.py:190} INFO - [2026-07-19T04:35:29.945+0000] {dag.py:4180} INFO - Setting next_dagrun for setup_lakehouse_infrastructure_v3 to None, run_after=None
[2026-07-19T04:35:30.016+0000] {processor.py:208} INFO - Processing /opt/airflow/dags/setup_lakehouse_infrastructure_v3.py took 0.351 seconds
[2026-07-19T04:36:02.088+0000] {processor.py:186} INFO - Started process (PID=1551) to work on /opt/airflow/dags/setup_lakehouse_infrastructure_v3.py
[2026-07-19T04:36:02.090+0000] {processor.py:914} INFO - Processing file /opt/airflow/dags/setup_lakehouse_infrastructure_v3.py for tasks to queue
[2026-07-19T04:36:02.096+0000] {logging_mixin.py:190} INFO - [2026-07-19T04:36:02.095+0000] {dagbag.py:588} INFO - Filling up the DagBag from /opt/airflow/dags/setup_lakehouse_infrastructure_v3.py
[2026-07-19T04:36:02.165+0000] {processor.py:925} INFO - DAG(s) 'setup_lakehouse_infrastructure_v3' retrieved from /opt/airflow/dags/setup_lakehouse_infrastructure_v3.py
[2026-07-19T04:36:02.220+0000] {logging_mixin.py:190} INFO - [2026-07-19T04:36:02.219+0000] {dag.py:3239} INFO - Sync 1 DAGs
[2026-07-19T04:36:02.290+0000] {logging_mixin.py:190} INFO - [2026-07-19T04:36:02.289+0000] {dag.py:4180} INFO - Setting next_dagrun for setup_lakehouse_infrastructure_v3 to None, run_after=None
[2026-07-19T04:36:02.356+0000] {processor.py:208} INFO - Processing /opt/airflow/dags/setup_lakehouse_infrastructure_v3.py took 0.285 seconds
[2026-07-19T04:36:33.009+0000] {processor.py:186} INFO - Started process (PID=1665) to work on /opt/airflow/dags/setup_lakehouse_infrastructure_v3.py
[2026-07-19T04:36:33.010+0000] {processor.py:914} INFO - Processing file /opt/airflow/dags/setup_lakehouse_infrastructure_v3.py for tasks to queue
[2026-07-19T04:36:33.013+0000] {logging_mixin.py:190} INFO - [2026-07-19T04:36:33.012+0000] {dagbag.py:588} INFO - Filling up the DagBag from /opt/airflow/dags/setup_lakehouse_infrastructure_v3.py
[2026-07-19T04:36:33.045+0000] {processor.py:925} INFO - DAG(s) 'setup_lakehouse_infrastructure_v3' retrieved from /opt/airflow/dags/setup_lakehouse_infrastructure_v3.py
[2026-07-19T04:36:33.076+0000] {logging_mixin.py:190} INFO - [2026-07-19T04:36:33.075+0000] {dag.py:3239} INFO - Sync 1 DAGs
[2026-07-19T04:36:33.103+0000] {logging_mixin.py:190} INFO - [2026-07-19T04:36:33.102+0000] {dag.py:4180} INFO - Setting next_dagrun for setup_lakehouse_infrastructure_v3 to None, run_after=None
[2026-07-19T04:36:33.128+0000] {processor.py:208} INFO - Processing /opt/airflow/dags/setup_lakehouse_infrastructure_v3.py took 0.127 seconds
[2026-07-19T04:37:03.474+0000] {processor.py:186} INFO - Started process (PID=1756) to work on /opt/airflow/dags/setup_lakehouse_infrastructure_v3.py
[2026-07-19T04:37:03.475+0000] {processor.py:914} INFO - Processing file /opt/airflow/dags/setup_lakehouse_infrastructure_v3.py for tasks to queue
[2026-07-19T04:37:03.478+0000] {logging_mixin.py:190} INFO - [2026-07-19T04:37:03.478+0000] {dagbag.py:588} INFO - Filling up the DagBag from /opt/airflow/dags/setup_lakehouse_infrastructure_v3.py
[2026-07-19T04:37:03.508+0000] {processor.py:925} INFO - DAG(s) 'setup_lakehouse_infrastructure_v3' retrieved from /opt/airflow/dags/setup_lakehouse_infrastructure_v3.py
[2026-07-19T04:37:03.535+0000] {logging_mixin.py:190} INFO - [2026-07-19T04:37:03.534+0000] {dag.py:3239} INFO - Sync 1 DAGs
[2026-07-19T04:37:03.568+0000] {logging_mixin.py:190} INFO - [2026-07-19T04:37:03.568+0000] {dag.py:4180} INFO - Setting next_dagrun for setup_lakehouse_infrastructure_v3 to None, run_after=None
[2026-07-19T04:37:03.593+0000] {processor.py:208} INFO - Processing /opt/airflow/dags/setup_lakehouse_infrastructure_v3.py took 0.124 seconds
[2026-07-19T04:37:34.536+0000] {processor.py:186} INFO - Started process (PID=2191) to work on /opt/airflow/dags/setup_lakehouse_infrastructure_v3.py
[2026-07-19T04:37:34.537+0000] {processor.py:914} INFO - Processing file /opt/airflow/dags/setup_lakehouse_infrastructure_v3.py for tasks to queue
[2026-07-19T04:37:34.539+0000] {logging_mixin.py:190} INFO - [2026-07-19T04:37:34.539+0000] {dagbag.py:588} INFO - Filling up the DagBag from /opt/airflow/dags/setup_lakehouse_infrastructure_v3.py
[2026-07-19T04:37:34.564+0000] {processor.py:925} INFO - DAG(s) 'setup_lakehouse_infrastructure_v3' retrieved from /opt/airflow/dags/setup_lakehouse_infrastructure_v3.py
[2026-07-19T04:37:34.589+0000] {logging_mixin.py:190} INFO - [2026-07-19T04:37:34.589+0000] {dag.py:3239} INFO - Sync 1 DAGs
[2026-07-19T04:37:34.611+0000] {logging_mixin.py:190} INFO - [2026-07-19T04:37:34.610+0000] {dag.py:4180} INFO - Setting next_dagrun for setup_lakehouse_infrastructure_v3 to None, run_after=None
[2026-07-19T04:37:34.634+0000] {processor.py:208} INFO - Processing /opt/airflow/dags/setup_lakehouse_infrastructure_v3.py took 0.105 seconds
[2026-07-19T04:38:05.033+0000] {processor.py:186} INFO - Started process (PID=2277) to work on /opt/airflow/dags/setup_lakehouse_infrastructure_v3.py
[2026-07-19T04:38:05.034+0000] {processor.py:914} INFO - Processing file /opt/airflow/dags/setup_lakehouse_infrastructure_v3.py for tasks to queue
[2026-07-19T04:38:05.036+0000] {logging_mixin.py:190} INFO - [2026-07-19T04:38:05.036+0000] {dagbag.py:588} INFO - Filling up the DagBag from /opt/airflow/dags/setup_lakehouse_infrastructure_v3.py
[2026-07-19T04:38:05.061+0000] {processor.py:925} INFO - DAG(s) 'setup_lakehouse_infrastructure_v3' retrieved from /opt/airflow/dags/setup_lakehouse_infrastructure_v3.py
[2026-07-19T04:38:05.084+0000] {logging_mixin.py:190} INFO - [2026-07-19T04:38:05.084+0000] {dag.py:3239} INFO - Sync 1 DAGs
[2026-07-19T04:38:05.104+0000] {logging_mixin.py:190} INFO - [2026-07-19T04:38:05.104+0000] {dag.py:4180} INFO - Setting next_dagrun for setup_lakehouse_infrastructure_v3 to None, run_after=None
[2026-07-19T04:38:05.123+0000] {processor.py:208} INFO - Processing /opt/airflow/dags/setup_lakehouse_infrastructure_v3.py took 0.096 seconds
[2026-07-19T04:38:35.717+0000] {processor.py:186} INFO - Started process (PID=2364) to work on /opt/airflow/dags/setup_lakehouse_infrastructure_v3.py
[2026-07-19T04:38:35.718+0000] {processor.py:914} INFO - Processing file /opt/airflow/dags/setup_lakehouse_infrastructure_v3.py for tasks to queue
[2026-07-19T04:38:35.720+0000] {logging_mixin.py:190} INFO - [2026-07-19T04:38:35.720+0000] {dagbag.py:588} INFO - Filling up the DagBag from /opt/airflow/dags/setup_lakehouse_infrastructure_v3.py
[2026-07-19T04:38:35.746+0000] {processor.py:925} INFO - DAG(s) 'setup_lakehouse_infrastructure_v3' retrieved from /opt/airflow/dags/setup_lakehouse_infrastructure_v3.py
[2026-07-19T04:38:35.773+0000] {logging_mixin.py:190} INFO - [2026-07-19T04:38:35.773+0000] {dag.py:3239} INFO - Sync 1 DAGs
[2026-07-19T04:38:35.799+0000] {logging_mixin.py:190} INFO - [2026-07-19T04:38:35.799+0000] {dag.py:4180} INFO - Setting next_dagrun for setup_lakehouse_infrastructure_v3 to None, run_after=None
[2026-07-19T04:38:35.821+0000] {processor.py:208} INFO - Processing /opt/airflow/dags/setup_lakehouse_infrastructure_v3.py took 0.109 seconds
[2026-07-19T04:41:34.000+0000] {processor.py:186} INFO - Started process (PID=222) to work on /opt/airflow/dags/setup_lakehouse_infrastructure_v3.py
[2026-07-19T04:41:34.002+0000] {processor.py:914} INFO - Processing file /opt/airflow/dags/setup_lakehouse_infrastructure_v3.py for tasks to queue
[2026-07-19T04:41:34.005+0000] {logging_mixin.py:190} INFO - [2026-07-19T04:41:34.005+0000] {dagbag.py:588} INFO - Filling up the DagBag from /opt/airflow/dags/setup_lakehouse_infrastructure_v3.py
[2026-07-19T04:41:34.042+0000] {processor.py:925} INFO - DAG(s) 'setup_lakehouse_infrastructure_v3' retrieved from /opt/airflow/dags/setup_lakehouse_infrastructure_v3.py
[2026-07-19T04:41:34.111+0000] {logging_mixin.py:190} INFO - [2026-07-19T04:41:34.110+0000] {override.py:1900} INFO - Created Permission View: can read on DAG:setup_lakehouse_infrastructure_v3
[2026-07-19T04:41:34.127+0000] {logging_mixin.py:190} INFO - [2026-07-19T04:41:34.127+0000] {override.py:1900} INFO - Created Permission View: can edit on DAG:setup_lakehouse_infrastructure_v3
[2026-07-19T04:41:34.137+0000] {logging_mixin.py:190} INFO - [2026-07-19T04:41:34.136+0000] {override.py:1900} INFO - Created Permission View: can delete on DAG:setup_lakehouse_infrastructure_v3
[2026-07-19T04:41:34.147+0000] {logging_mixin.py:190} INFO - [2026-07-19T04:41:34.147+0000] {override.py:1900} INFO - Created Permission View: can read on DAG Run:setup_lakehouse_infrastructure_v3
[2026-07-19T04:41:34.159+0000] {logging_mixin.py:190} INFO - [2026-07-19T04:41:34.159+0000] {override.py:1900} INFO - Created Permission View: menu access on DAG Run:setup_lakehouse_infrastructure_v3
[2026-07-19T04:41:34.171+0000] {logging_mixin.py:190} INFO - [2026-07-19T04:41:34.171+0000] {override.py:1900} INFO - Created Permission View: can delete on DAG Run:setup_lakehouse_infrastructure_v3
[2026-07-19T04:41:34.182+0000] {logging_mixin.py:190} INFO - [2026-07-19T04:41:34.182+0000] {override.py:1900} INFO - Created Permission View: can create on DAG Run:setup_lakehouse_infrastructure_v3
[2026-07-19T04:41:34.183+0000] {logging_mixin.py:190} INFO - [2026-07-19T04:41:34.183+0000] {dag.py:3239} INFO - Sync 1 DAGs
[2026-07-19T04:41:34.197+0000] {logging_mixin.py:190} INFO - [2026-07-19T04:41:34.197+0000] {dag.py:3262} INFO - Creating ORM DAG for setup_lakehouse_infrastructure_v3
[2026-07-19T04:41:34.210+0000] {logging_mixin.py:190} INFO - [2026-07-19T04:41:34.210+0000] {dag.py:4180} INFO - Setting next_dagrun for setup_lakehouse_infrastructure_v3 to 2024-01-01 00:00:00+00:00, run_after=2024-01-01 00:00:00+00:00
[2026-07-19T04:41:34.235+0000] {processor.py:208} INFO - Processing /opt/airflow/dags/setup_lakehouse_infrastructure_v3.py took 0.241 seconds
[2026-07-19T04:42:04.566+0000] {processor.py:186} INFO - Started process (PID=307) to work on /opt/airflow/dags/setup_lakehouse_infrastructure_v3.py
[2026-07-19T04:42:04.567+0000] {processor.py:914} INFO - Processing file /opt/airflow/dags/setup_lakehouse_infrastructure_v3.py for tasks to queue
[2026-07-19T04:42:04.569+0000] {logging_mixin.py:190} INFO - [2026-07-19T04:42:04.569+0000] {dagbag.py:588} INFO - Filling up the DagBag from /opt/airflow/dags/setup_lakehouse_infrastructure_v3.py
[2026-07-19T04:42:04.594+0000] {processor.py:925} INFO - DAG(s) 'setup_lakehouse_infrastructure_v3' retrieved from /opt/airflow/dags/setup_lakehouse_infrastructure_v3.py
[2026-07-19T04:42:04.615+0000] {logging_mixin.py:190} INFO - [2026-07-19T04:42:04.614+0000] {dag.py:3239} INFO - Sync 1 DAGs
[2026-07-19T04:42:04.633+0000] {logging_mixin.py:190} INFO - [2026-07-19T04:42:04.633+0000] {dag.py:4180} INFO - Setting next_dagrun for setup_lakehouse_infrastructure_v3 to 2024-01-01 00:00:00+00:00, run_after=2024-01-01 00:00:00+00:00
[2026-07-19T04:42:04.654+0000] {processor.py:208} INFO - Processing /opt/airflow/dags/setup_lakehouse_infrastructure_v3.py took 0.093 seconds
[2026-07-19T04:42:35.069+0000] {processor.py:186} INFO - Started process (PID=391) to work on /opt/airflow/dags/setup_lakehouse_infrastructure_v3.py
[2026-07-19T04:42:35.070+0000] {processor.py:914} INFO - Processing file /opt/airflow/dags/setup_lakehouse_infrastructure_v3.py for tasks to queue
[2026-07-19T04:42:35.073+0000] {logging_mixin.py:190} INFO - [2026-07-19T04:42:35.072+0000] {dagbag.py:588} INFO - Filling up the DagBag from /opt/airflow/dags/setup_lakehouse_infrastructure_v3.py
[2026-07-19T04:42:35.097+0000] {processor.py:925} INFO - DAG(s) 'setup_lakehouse_infrastructure_v3' retrieved from /opt/airflow/dags/setup_lakehouse_infrastructure_v3.py
[2026-07-19T04:42:35.118+0000] {logging_mixin.py:190} INFO - [2026-07-19T04:42:35.118+0000] {dag.py:3239} INFO - Sync 1 DAGs
[2026-07-19T04:42:35.138+0000] {logging_mixin.py:190} INFO - [2026-07-19T04:42:35.138+0000] {dag.py:4180} INFO - Setting next_dagrun for setup_lakehouse_infrastructure_v3 to 2024-01-01 00:00:00+00:00, run_after=2024-01-01 00:00:00+00:00
[2026-07-19T04:42:35.157+0000] {processor.py:208} INFO - Processing /opt/airflow/dags/setup_lakehouse_infrastructure_v3.py took 0.093 seconds
[2026-07-19T04:43:05.625+0000] {processor.py:186} INFO - Started process (PID=484) to work on /opt/airflow/dags/setup_lakehouse_infrastructure_v3.py
[2026-07-19T04:43:05.626+0000] {processor.py:914} INFO - Processing file /opt/airflow/dags/setup_lakehouse_infrastructure_v3.py for tasks to queue
[2026-07-19T04:43:05.628+0000] {logging_mixin.py:190} INFO - [2026-07-19T04:43:05.628+0000] {dagbag.py:588} INFO - Filling up the DagBag from /opt/airflow/dags/setup_lakehouse_infrastructure_v3.py
[2026-07-19T04:43:05.658+0000] {processor.py:925} INFO - DAG(s) 'setup_lakehouse_infrastructure_v3' retrieved from /opt/airflow/dags/setup_lakehouse_infrastructure_v3.py
[2026-07-19T04:43:05.683+0000] {logging_mixin.py:190} INFO - [2026-07-19T04:43:05.683+0000] {dag.py:3239} INFO - Sync 1 DAGs
[2026-07-19T04:43:05.704+0000] {logging_mixin.py:190} INFO - [2026-07-19T04:43:05.704+0000] {dag.py:4180} INFO - Setting next_dagrun for setup_lakehouse_infrastructure_v3 to None, run_after=None
[2026-07-19T04:43:05.723+0000] {processor.py:208} INFO - Processing /opt/airflow/dags/setup_lakehouse_infrastructure_v3.py took 0.103 seconds
[2026-07-19T04:43:36.119+0000] {processor.py:186} INFO - Started process (PID=570) to work on /opt/airflow/dags/setup_lakehouse_infrastructure_v3.py
[2026-07-19T04:43:36.120+0000] {processor.py:914} INFO - Processing file /opt/airflow/dags/setup_lakehouse_infrastructure_v3.py for tasks to queue
[2026-07-19T04:43:36.122+0000] {logging_mixin.py:190} INFO - [2026-07-19T04:43:36.122+0000] {dagbag.py:588} INFO - Filling up the DagBag from /opt/airflow/dags/setup_lakehouse_infrastructure_v3.py
[2026-07-19T04:43:36.156+0000] {processor.py:925} INFO - DAG(s) 'setup_lakehouse_infrastructure_v3' retrieved from /opt/airflow/dags/setup_lakehouse_infrastructure_v3.py
[2026-07-19T04:43:36.178+0000] {logging_mixin.py:190} INFO - [2026-07-19T04:43:36.178+0000] {dag.py:3239} INFO - Sync 1 DAGs
[2026-07-19T04:43:36.200+0000] {logging_mixin.py:190} INFO - [2026-07-19T04:43:36.200+0000] {dag.py:4180} INFO - Setting next_dagrun for setup_lakehouse_infrastructure_v3 to None, run_after=None
[2026-07-19T04:43:36.221+0000] {processor.py:208} INFO - Processing /opt/airflow/dags/setup_lakehouse_infrastructure_v3.py took 0.107 seconds
[2026-07-19T04:44:06.659+0000] {processor.py:186} INFO - Started process (PID=645) to work on /opt/airflow/dags/setup_lakehouse_infrastructure_v3.py
[2026-07-19T04:44:06.660+0000] {processor.py:914} INFO - Processing file /opt/airflow/dags/setup_lakehouse_infrastructure_v3.py for tasks to queue
[2026-07-19T04:44:06.663+0000] {logging_mixin.py:190} INFO - [2026-07-19T04:44:06.663+0000] {dagbag.py:588} INFO - Filling up the DagBag from /opt/airflow/dags/setup_lakehouse_infrastructure_v3.py
[2026-07-19T04:44:06.692+0000] {processor.py:925} INFO - DAG(s) 'setup_lakehouse_infrastructure_v3' retrieved from /opt/airflow/dags/setup_lakehouse_infrastructure_v3.py
[2026-07-19T04:44:06.718+0000] {logging_mixin.py:190} INFO - [2026-07-19T04:44:06.718+0000] {dag.py:3239} INFO - Sync 1 DAGs
[2026-07-19T04:44:06.743+0000] {logging_mixin.py:190} INFO - [2026-07-19T04:44:06.743+0000] {dag.py:4180} INFO - Setting next_dagrun for setup_lakehouse_infrastructure_v3 to None, run_after=None
[2026-07-19T04:44:06.768+0000] {processor.py:208} INFO - Processing /opt/airflow/dags/setup_lakehouse_infrastructure_v3.py took 0.115 seconds
[2026-07-19T04:44:38.545+0000] {processor.py:186} INFO - Started process (PID=748) to work on /opt/airflow/dags/setup_lakehouse_infrastructure_v3.py
[2026-07-19T04:44:38.548+0000] {processor.py:914} INFO - Processing file /opt/airflow/dags/setup_lakehouse_infrastructure_v3.py for tasks to queue
[2026-07-19T04:44:38.550+0000] {logging_mixin.py:190} INFO - [2026-07-19T04:44:38.550+0000] {dagbag.py:588} INFO - Filling up the DagBag from /opt/airflow/dags/setup_lakehouse_infrastructure_v3.py
[2026-07-19T04:44:38.579+0000] {processor.py:925} INFO - DAG(s) 'setup_lakehouse_infrastructure_v3' retrieved from /opt/airflow/dags/setup_lakehouse_infrastructure_v3.py
[2026-07-19T04:44:38.604+0000] {logging_mixin.py:190} INFO - [2026-07-19T04:44:38.604+0000] {dag.py:3239} INFO - Sync 1 DAGs
[2026-07-19T04:44:38.629+0000] {logging_mixin.py:190} INFO - [2026-07-19T04:44:38.629+0000] {dag.py:4180} INFO - Setting next_dagrun for setup_lakehouse_infrastructure_v3 to None, run_after=None
[2026-07-19T04:44:38.652+0000] {processor.py:208} INFO - Processing /opt/airflow/dags/setup_lakehouse_infrastructure_v3.py took 0.112 seconds
[2026-07-19T04:45:09.944+0000] {processor.py:186} INFO - Started process (PID=835) to work on /opt/airflow/dags/setup_lakehouse_infrastructure_v3.py
[2026-07-19T04:45:09.945+0000] {processor.py:914} INFO - Processing file /opt/airflow/dags/setup_lakehouse_infrastructure_v3.py for tasks to queue
[2026-07-19T04:45:09.947+0000] {logging_mixin.py:190} INFO - [2026-07-19T04:45:09.947+0000] {dagbag.py:588} INFO - Filling up the DagBag from /opt/airflow/dags/setup_lakehouse_infrastructure_v3.py
[2026-07-19T04:45:09.970+0000] {processor.py:925} INFO - DAG(s) 'setup_lakehouse_infrastructure_v3' retrieved from /opt/airflow/dags/setup_lakehouse_infrastructure_v3.py
[2026-07-19T04:45:09.994+0000] {logging_mixin.py:190} INFO - [2026-07-19T04:45:09.993+0000] {dag.py:3239} INFO - Sync 1 DAGs
[2026-07-19T04:45:10.014+0000] {logging_mixin.py:190} INFO - [2026-07-19T04:45:10.014+0000] {dag.py:4180} INFO - Setting next_dagrun for setup_lakehouse_infrastructure_v3 to None, run_after=None
[2026-07-19T04:45:10.032+0000] {processor.py:208} INFO - Processing /opt/airflow/dags/setup_lakehouse_infrastructure_v3.py took 0.094 seconds
[2026-07-19T04:45:40.804+0000] {processor.py:186} INFO - Started process (PID=921) to work on /opt/airflow/dags/setup_lakehouse_infrastructure_v3.py
[2026-07-19T04:45:40.805+0000] {processor.py:914} INFO - Processing file /opt/airflow/dags/setup_lakehouse_infrastructure_v3.py for tasks to queue
[2026-07-19T04:45:40.808+0000] {logging_mixin.py:190} INFO - [2026-07-19T04:45:40.808+0000] {dagbag.py:588} INFO - Filling up the DagBag from /opt/airflow/dags/setup_lakehouse_infrastructure_v3.py
[2026-07-19T04:45:40.833+0000] {processor.py:925} INFO - DAG(s) 'setup_lakehouse_infrastructure_v3' retrieved from /opt/airflow/dags/setup_lakehouse_infrastructure_v3.py
[2026-07-19T04:45:40.858+0000] {logging_mixin.py:190} INFO - [2026-07-19T04:45:40.858+0000] {dag.py:3239} INFO - Sync 1 DAGs
[2026-07-19T04:45:40.880+0000] {logging_mixin.py:190} INFO - [2026-07-19T04:45:40.880+0000] {dag.py:4180} INFO - Setting next_dagrun for setup_lakehouse_infrastructure_v3 to None, run_after=None
[2026-07-19T04:45:40.905+0000] {processor.py:208} INFO - Processing /opt/airflow/dags/setup_lakehouse_infrastructure_v3.py took 0.107 seconds
[2026-07-19T04:46:11.597+0000] {processor.py:186} INFO - Started process (PID=1010) to work on /opt/airflow/dags/setup_lakehouse_infrastructure_v3.py
[2026-07-19T04:46:11.598+0000] {processor.py:914} INFO - Processing file /opt/airflow/dags/setup_lakehouse_infrastructure_v3.py for tasks to queue
[2026-07-19T04:46:11.600+0000] {logging_mixin.py:190} INFO - [2026-07-19T04:46:11.600+0000] {dagbag.py:588} INFO - Filling up the DagBag from /opt/airflow/dags/setup_lakehouse_infrastructure_v3.py
[2026-07-19T04:46:11.626+0000] {processor.py:925} INFO - DAG(s) 'setup_lakehouse_infrastructure_v3' retrieved from /opt/airflow/dags/setup_lakehouse_infrastructure_v3.py
[2026-07-19T04:46:11.650+0000] {logging_mixin.py:190} INFO - [2026-07-19T04:46:11.650+0000] {dag.py:3239} INFO - Sync 1 DAGs
[2026-07-19T04:46:11.673+0000] {logging_mixin.py:190} INFO - [2026-07-19T04:46:11.673+0000] {dag.py:4180} INFO - Setting next_dagrun for setup_lakehouse_infrastructure_v3 to None, run_after=None
[2026-07-19T04:46:11.695+0000] {processor.py:208} INFO - Processing /opt/airflow/dags/setup_lakehouse_infrastructure_v3.py took 0.103 seconds
[2026-07-19T04:46:42.806+0000] {processor.py:186} INFO - Started process (PID=1431) to work on /opt/airflow/dags/setup_lakehouse_infrastructure_v3.py
[2026-07-19T04:46:42.808+0000] {processor.py:914} INFO - Processing file /opt/airflow/dags/setup_lakehouse_infrastructure_v3.py for tasks to queue
[2026-07-19T04:46:42.810+0000] {logging_mixin.py:190} INFO - [2026-07-19T04:46:42.810+0000] {dagbag.py:588} INFO - Filling up the DagBag from /opt/airflow/dags/setup_lakehouse_infrastructure_v3.py
[2026-07-19T04:46:42.835+0000] {processor.py:925} INFO - DAG(s) 'setup_lakehouse_infrastructure_v3' retrieved from /opt/airflow/dags/setup_lakehouse_infrastructure_v3.py
[2026-07-19T04:46:42.859+0000] {logging_mixin.py:190} INFO - [2026-07-19T04:46:42.859+0000] {dag.py:3239} INFO - Sync 1 DAGs
[2026-07-19T04:46:42.881+0000] {logging_mixin.py:190} INFO - [2026-07-19T04:46:42.880+0000] {dag.py:4180} INFO - Setting next_dagrun for setup_lakehouse_infrastructure_v3 to None, run_after=None
[2026-07-19T04:46:42.904+0000] {processor.py:208} INFO - Processing /opt/airflow/dags/setup_lakehouse_infrastructure_v3.py took 0.105 seconds
[2026-07-19T04:47:13.570+0000] {processor.py:186} INFO - Started process (PID=1523) to work on /opt/airflow/dags/setup_lakehouse_infrastructure_v3.py
[2026-07-19T04:47:13.571+0000] {processor.py:914} INFO - Processing file /opt/airflow/dags/setup_lakehouse_infrastructure_v3.py for tasks to queue
[2026-07-19T04:47:13.575+0000] {logging_mixin.py:190} INFO - [2026-07-19T04:47:13.574+0000] {dagbag.py:588} INFO - Filling up the DagBag from /opt/airflow/dags/setup_lakehouse_infrastructure_v3.py
[2026-07-19T04:47:13.613+0000] {processor.py:925} INFO - DAG(s) 'setup_lakehouse_infrastructure_v3' retrieved from /opt/airflow/dags/setup_lakehouse_infrastructure_v3.py
[2026-07-19T04:47:13.647+0000] {logging_mixin.py:190} INFO - [2026-07-19T04:47:13.646+0000] {dag.py:3239} INFO - Sync 1 DAGs
[2026-07-19T04:47:13.678+0000] {logging_mixin.py:190} INFO - [2026-07-19T04:47:13.678+0000] {dag.py:4180} INFO - Setting next_dagrun for setup_lakehouse_infrastructure_v3 to None, run_after=None
[2026-07-19T04:47:13.709+0000] {processor.py:208} INFO - Processing /opt/airflow/dags/setup_lakehouse_infrastructure_v3.py took 0.151 seconds
[2026-07-19T04:47:44.088+0000] {processor.py:186} INFO - Started process (PID=1620) to work on /opt/airflow/dags/setup_lakehouse_infrastructure_v3.py
[2026-07-19T04:47:44.089+0000] {processor.py:914} INFO - Processing file /opt/airflow/dags/setup_lakehouse_infrastructure_v3.py for tasks to queue
[2026-07-19T04:47:44.091+0000] {logging_mixin.py:190} INFO - [2026-07-19T04:47:44.091+0000] {dagbag.py:588} INFO - Filling up the DagBag from /opt/airflow/dags/setup_lakehouse_infrastructure_v3.py
[2026-07-19T04:47:44.116+0000] {processor.py:925} INFO - DAG(s) 'setup_lakehouse_infrastructure_v3' retrieved from /opt/airflow/dags/setup_lakehouse_infrastructure_v3.py
[2026-07-19T04:47:44.145+0000] {logging_mixin.py:190} INFO - [2026-07-19T04:47:44.144+0000] {dag.py:3239} INFO - Sync 1 DAGs
[2026-07-19T04:47:44.170+0000] {logging_mixin.py:190} INFO - [2026-07-19T04:47:44.169+0000] {dag.py:4180} INFO - Setting next_dagrun for setup_lakehouse_infrastructure_v3 to None, run_after=None
[2026-07-19T04:47:44.191+0000] {processor.py:208} INFO - Processing /opt/airflow/dags/setup_lakehouse_infrastructure_v3.py took 0.108 seconds
[2026-07-19T04:48:15.122+0000] {processor.py:186} INFO - Started process (PID=1739) to work on /opt/airflow/dags/setup_lakehouse_infrastructure_v3.py
[2026-07-19T04:48:15.125+0000] {processor.py:914} INFO - Processing file /opt/airflow/dags/setup_lakehouse_infrastructure_v3.py for tasks to queue
[2026-07-19T04:48:15.128+0000] {logging_mixin.py:190} INFO - [2026-07-19T04:48:15.128+0000] {dagbag.py:588} INFO - Filling up the DagBag from /opt/airflow/dags/setup_lakehouse_infrastructure_v3.py
[2026-07-19T04:48:15.167+0000] {processor.py:925} INFO - DAG(s) 'setup_lakehouse_infrastructure_v3' retrieved from /opt/airflow/dags/setup_lakehouse_infrastructure_v3.py
[2026-07-19T04:48:15.194+0000] {logging_mixin.py:190} INFO - [2026-07-19T04:48:15.194+0000] {dag.py:3239} INFO - Sync 1 DAGs
[2026-07-19T04:48:15.219+0000] {logging_mixin.py:190} INFO - [2026-07-19T04:48:15.218+0000] {dag.py:4180} INFO - Setting next_dagrun for setup_lakehouse_infrastructure_v3 to None, run_after=None
[2026-07-19T04:48:15.244+0000] {processor.py:208} INFO - Processing /opt/airflow/dags/setup_lakehouse_infrastructure_v3.py took 0.127 seconds
