[2026-07-21T01:51:06.800+0000] {processor.py:186} INFO - Started process (PID=243) to work on /opt/airflow/dags/setup_lakehouse_infrastructure_v3.py
[2026-07-21T01:51:06.801+0000] {processor.py:914} INFO - Processing file /opt/airflow/dags/setup_lakehouse_infrastructure_v3.py for tasks to queue
[2026-07-21T01:51:06.804+0000] {logging_mixin.py:190} INFO - [2026-07-21T01:51:06.803+0000] {dagbag.py:588} INFO - Filling up the DagBag from /opt/airflow/dags/setup_lakehouse_infrastructure_v3.py
[2026-07-21T01:51:06.847+0000] {processor.py:925} INFO - DAG(s) 'setup_lakehouse_infrastructure_v3' retrieved from /opt/airflow/dags/setup_lakehouse_infrastructure_v3.py
[2026-07-21T01:51:06.938+0000] {logging_mixin.py:190} INFO - [2026-07-21T01:51:06.937+0000] {override.py:1900} INFO - Created Permission View: can delete on DAG:setup_lakehouse_infrastructure_v3
[2026-07-21T01:51:06.951+0000] {logging_mixin.py:190} INFO - [2026-07-21T01:51:06.950+0000] {override.py:1900} INFO - Created Permission View: can read on DAG:setup_lakehouse_infrastructure_v3
[2026-07-21T01:51:06.961+0000] {logging_mixin.py:190} INFO - [2026-07-21T01:51:06.961+0000] {override.py:1900} INFO - Created Permission View: can edit on DAG:setup_lakehouse_infrastructure_v3
[2026-07-21T01:51:06.971+0000] {logging_mixin.py:190} INFO - [2026-07-21T01:51:06.971+0000] {override.py:1900} INFO - Created Permission View: can delete on DAG Run:setup_lakehouse_infrastructure_v3
[2026-07-21T01:51:06.983+0000] {logging_mixin.py:190} INFO - [2026-07-21T01:51:06.983+0000] {override.py:1900} INFO - Created Permission View: menu access on DAG Run:setup_lakehouse_infrastructure_v3
[2026-07-21T01:51:06.996+0000] {logging_mixin.py:190} INFO - [2026-07-21T01:51:06.996+0000] {override.py:1900} INFO - Created Permission View: can create on DAG Run:setup_lakehouse_infrastructure_v3
[2026-07-21T01:51:07.007+0000] {logging_mixin.py:190} INFO - [2026-07-21T01:51:07.006+0000] {override.py:1900} INFO - Created Permission View: can read on DAG Run:setup_lakehouse_infrastructure_v3
[2026-07-21T01:51:07.007+0000] {logging_mixin.py:190} INFO - [2026-07-21T01:51:07.007+0000] {dag.py:3239} INFO - Sync 1 DAGs
[2026-07-21T01:51:07.027+0000] {logging_mixin.py:190} INFO - [2026-07-21T01:51:07.026+0000] {dag.py:3262} INFO - Creating ORM DAG for setup_lakehouse_infrastructure_v3
[2026-07-21T01:51:07.038+0000] {logging_mixin.py:190} INFO - [2026-07-21T01:51:07.038+0000] {dag.py:4180} INFO - Setting next_dagrun for setup_lakehouse_infrastructure_v3 to 2024-01-01 00:00:00+00:00, run_after=2024-01-01 00:00:00+00:00
[2026-07-21T01:51:07.069+0000] {processor.py:208} INFO - Processing /opt/airflow/dags/setup_lakehouse_infrastructure_v3.py took 0.276 seconds
[2026-07-21T01:51:37.730+0000] {processor.py:186} INFO - Started process (PID=351) to work on /opt/airflow/dags/setup_lakehouse_infrastructure_v3.py
[2026-07-21T01:51:37.731+0000] {processor.py:914} INFO - Processing file /opt/airflow/dags/setup_lakehouse_infrastructure_v3.py for tasks to queue
[2026-07-21T01:51:37.733+0000] {logging_mixin.py:190} INFO - [2026-07-21T01:51:37.733+0000] {dagbag.py:588} INFO - Filling up the DagBag from /opt/airflow/dags/setup_lakehouse_infrastructure_v3.py
[2026-07-21T01:51:37.758+0000] {processor.py:925} INFO - DAG(s) 'setup_lakehouse_infrastructure_v3' retrieved from /opt/airflow/dags/setup_lakehouse_infrastructure_v3.py
[2026-07-21T01:51:37.780+0000] {logging_mixin.py:190} INFO - [2026-07-21T01:51:37.779+0000] {dag.py:3239} INFO - Sync 1 DAGs
[2026-07-21T01:51:37.802+0000] {logging_mixin.py:190} INFO - [2026-07-21T01:51:37.802+0000] {dag.py:4180} INFO - Setting next_dagrun for setup_lakehouse_infrastructure_v3 to 2024-01-01 00:00:00+00:00, run_after=2024-01-01 00:00:00+00:00
[2026-07-21T01:51:37.822+0000] {processor.py:208} INFO - Processing /opt/airflow/dags/setup_lakehouse_infrastructure_v3.py took 0.097 seconds
[2026-07-21T01:52:07.928+0000] {processor.py:186} INFO - Started process (PID=443) to work on /opt/airflow/dags/setup_lakehouse_infrastructure_v3.py
[2026-07-21T01:52:07.929+0000] {processor.py:914} INFO - Processing file /opt/airflow/dags/setup_lakehouse_infrastructure_v3.py for tasks to queue
[2026-07-21T01:52:07.931+0000] {logging_mixin.py:190} INFO - [2026-07-21T01:52:07.931+0000] {dagbag.py:588} INFO - Filling up the DagBag from /opt/airflow/dags/setup_lakehouse_infrastructure_v3.py
[2026-07-21T01:52:07.955+0000] {processor.py:925} INFO - DAG(s) 'setup_lakehouse_infrastructure_v3' retrieved from /opt/airflow/dags/setup_lakehouse_infrastructure_v3.py
[2026-07-21T01:52:07.977+0000] {logging_mixin.py:190} INFO - [2026-07-21T01:52:07.977+0000] {dag.py:3239} INFO - Sync 1 DAGs
[2026-07-21T01:52:08.000+0000] {logging_mixin.py:190} INFO - [2026-07-21T01:52:08.000+0000] {dag.py:4180} INFO - Setting next_dagrun for setup_lakehouse_infrastructure_v3 to 2024-01-01 00:00:00+00:00, run_after=2024-01-01 00:00:00+00:00
[2026-07-21T01:52:08.022+0000] {processor.py:208} INFO - Processing /opt/airflow/dags/setup_lakehouse_infrastructure_v3.py took 0.099 seconds
[2026-07-21T01:52:39.165+0000] {processor.py:186} INFO - Started process (PID=567) to work on /opt/airflow/dags/setup_lakehouse_infrastructure_v3.py
[2026-07-21T01:52:39.166+0000] {processor.py:914} INFO - Processing file /opt/airflow/dags/setup_lakehouse_infrastructure_v3.py for tasks to queue
[2026-07-21T01:52:39.168+0000] {logging_mixin.py:190} INFO - [2026-07-21T01:52:39.168+0000] {dagbag.py:588} INFO - Filling up the DagBag from /opt/airflow/dags/setup_lakehouse_infrastructure_v3.py
[2026-07-21T01:52:39.194+0000] {processor.py:925} INFO - DAG(s) 'setup_lakehouse_infrastructure_v3' retrieved from /opt/airflow/dags/setup_lakehouse_infrastructure_v3.py
[2026-07-21T01:52:39.215+0000] {logging_mixin.py:190} INFO - [2026-07-21T01:52:39.215+0000] {dag.py:3239} INFO - Sync 1 DAGs
[2026-07-21T01:52:39.237+0000] {logging_mixin.py:190} INFO - [2026-07-21T01:52:39.236+0000] {dag.py:4180} INFO - Setting next_dagrun for setup_lakehouse_infrastructure_v3 to 2024-01-01 00:00:00+00:00, run_after=2024-01-01 00:00:00+00:00
[2026-07-21T01:52:39.255+0000] {processor.py:208} INFO - Processing /opt/airflow/dags/setup_lakehouse_infrastructure_v3.py took 0.095 seconds
[2026-07-21T01:53:09.589+0000] {processor.py:186} INFO - Started process (PID=662) to work on /opt/airflow/dags/setup_lakehouse_infrastructure_v3.py
[2026-07-21T01:53:09.590+0000] {processor.py:914} INFO - Processing file /opt/airflow/dags/setup_lakehouse_infrastructure_v3.py for tasks to queue
[2026-07-21T01:53:09.592+0000] {logging_mixin.py:190} INFO - [2026-07-21T01:53:09.592+0000] {dagbag.py:588} INFO - Filling up the DagBag from /opt/airflow/dags/setup_lakehouse_infrastructure_v3.py
[2026-07-21T01:53:09.616+0000] {processor.py:925} INFO - DAG(s) 'setup_lakehouse_infrastructure_v3' retrieved from /opt/airflow/dags/setup_lakehouse_infrastructure_v3.py
[2026-07-21T01:53:09.636+0000] {logging_mixin.py:190} INFO - [2026-07-21T01:53:09.636+0000] {dag.py:3239} INFO - Sync 1 DAGs
[2026-07-21T01:53:09.657+0000] {logging_mixin.py:190} INFO - [2026-07-21T01:53:09.657+0000] {dag.py:4180} INFO - Setting next_dagrun for setup_lakehouse_infrastructure_v3 to 2024-01-01 00:00:00+00:00, run_after=2024-01-01 00:00:00+00:00
[2026-07-21T01:53:09.680+0000] {processor.py:208} INFO - Processing /opt/airflow/dags/setup_lakehouse_infrastructure_v3.py took 0.096 seconds
[2026-07-21T01:53:40.521+0000] {processor.py:186} INFO - Started process (PID=785) to work on /opt/airflow/dags/setup_lakehouse_infrastructure_v3.py
[2026-07-21T01:53:40.522+0000] {processor.py:914} INFO - Processing file /opt/airflow/dags/setup_lakehouse_infrastructure_v3.py for tasks to queue
[2026-07-21T01:53:40.524+0000] {logging_mixin.py:190} INFO - [2026-07-21T01:53:40.524+0000] {dagbag.py:588} INFO - Filling up the DagBag from /opt/airflow/dags/setup_lakehouse_infrastructure_v3.py
[2026-07-21T01:53:40.545+0000] {processor.py:925} INFO - DAG(s) 'setup_lakehouse_infrastructure_v3' retrieved from /opt/airflow/dags/setup_lakehouse_infrastructure_v3.py
[2026-07-21T01:53:40.567+0000] {logging_mixin.py:190} INFO - [2026-07-21T01:53:40.566+0000] {dag.py:3239} INFO - Sync 1 DAGs
[2026-07-21T01:53:40.587+0000] {logging_mixin.py:190} INFO - [2026-07-21T01:53:40.587+0000] {dag.py:4180} INFO - Setting next_dagrun for setup_lakehouse_infrastructure_v3 to 2024-01-01 00:00:00+00:00, run_after=2024-01-01 00:00:00+00:00
[2026-07-21T01:53:40.603+0000] {processor.py:208} INFO - Processing /opt/airflow/dags/setup_lakehouse_infrastructure_v3.py took 0.087 seconds
[2026-07-21T01:54:59.505+0000] {processor.py:186} INFO - Started process (PID=244) to work on /opt/airflow/dags/setup_lakehouse_infrastructure_v3.py
[2026-07-21T01:54:59.507+0000] {processor.py:914} INFO - Processing file /opt/airflow/dags/setup_lakehouse_infrastructure_v3.py for tasks to queue
[2026-07-21T01:54:59.512+0000] {logging_mixin.py:190} INFO - [2026-07-21T01:54:59.512+0000] {dagbag.py:588} INFO - Filling up the DagBag from /opt/airflow/dags/setup_lakehouse_infrastructure_v3.py
[2026-07-21T01:54:59.543+0000] {processor.py:925} INFO - DAG(s) 'setup_lakehouse_infrastructure_v3' retrieved from /opt/airflow/dags/setup_lakehouse_infrastructure_v3.py
[2026-07-21T01:54:59.621+0000] {logging_mixin.py:190} INFO - [2026-07-21T01:54:59.620+0000] {override.py:1900} INFO - Created Permission View: can edit on DAG:setup_lakehouse_infrastructure_v3
[2026-07-21T01:54:59.633+0000] {logging_mixin.py:190} INFO - [2026-07-21T01:54:59.633+0000] {override.py:1900} INFO - Created Permission View: can delete on DAG:setup_lakehouse_infrastructure_v3
[2026-07-21T01:54:59.643+0000] {logging_mixin.py:190} INFO - [2026-07-21T01:54:59.643+0000] {override.py:1900} INFO - Created Permission View: can read on DAG:setup_lakehouse_infrastructure_v3
[2026-07-21T01:54:59.654+0000] {logging_mixin.py:190} INFO - [2026-07-21T01:54:59.653+0000] {override.py:1900} INFO - Created Permission View: can delete on DAG Run:setup_lakehouse_infrastructure_v3
[2026-07-21T01:54:59.662+0000] {logging_mixin.py:190} INFO - [2026-07-21T01:54:59.662+0000] {override.py:1900} INFO - Created Permission View: menu access on DAG Run:setup_lakehouse_infrastructure_v3
[2026-07-21T01:54:59.671+0000] {logging_mixin.py:190} INFO - [2026-07-21T01:54:59.670+0000] {override.py:1900} INFO - Created Permission View: can create on DAG Run:setup_lakehouse_infrastructure_v3
[2026-07-21T01:54:59.680+0000] {logging_mixin.py:190} INFO - [2026-07-21T01:54:59.680+0000] {override.py:1900} INFO - Created Permission View: can read on DAG Run:setup_lakehouse_infrastructure_v3
[2026-07-21T01:54:59.681+0000] {logging_mixin.py:190} INFO - [2026-07-21T01:54:59.681+0000] {dag.py:3239} INFO - Sync 1 DAGs
[2026-07-21T01:54:59.700+0000] {logging_mixin.py:190} INFO - [2026-07-21T01:54:59.700+0000] {dag.py:3262} INFO - Creating ORM DAG for setup_lakehouse_infrastructure_v3
[2026-07-21T01:54:59.711+0000] {logging_mixin.py:190} INFO - [2026-07-21T01:54:59.710+0000] {dag.py:4180} INFO - Setting next_dagrun for setup_lakehouse_infrastructure_v3 to 2024-01-01 00:00:00+00:00, run_after=2024-01-01 00:00:00+00:00
[2026-07-21T01:54:59.735+0000] {processor.py:208} INFO - Processing /opt/airflow/dags/setup_lakehouse_infrastructure_v3.py took 0.237 seconds
[2026-07-21T01:55:30.315+0000] {processor.py:186} INFO - Started process (PID=351) to work on /opt/airflow/dags/setup_lakehouse_infrastructure_v3.py
[2026-07-21T01:55:30.316+0000] {processor.py:914} INFO - Processing file /opt/airflow/dags/setup_lakehouse_infrastructure_v3.py for tasks to queue
[2026-07-21T01:55:30.318+0000] {logging_mixin.py:190} INFO - [2026-07-21T01:55:30.318+0000] {dagbag.py:588} INFO - Filling up the DagBag from /opt/airflow/dags/setup_lakehouse_infrastructure_v3.py
[2026-07-21T01:55:30.340+0000] {processor.py:925} INFO - DAG(s) 'setup_lakehouse_infrastructure_v3' retrieved from /opt/airflow/dags/setup_lakehouse_infrastructure_v3.py
[2026-07-21T01:55:30.366+0000] {logging_mixin.py:190} INFO - [2026-07-21T01:55:30.365+0000] {dag.py:3239} INFO - Sync 1 DAGs
[2026-07-21T01:55:30.390+0000] {logging_mixin.py:190} INFO - [2026-07-21T01:55:30.390+0000] {dag.py:4180} INFO - Setting next_dagrun for setup_lakehouse_infrastructure_v3 to 2024-01-01 00:00:00+00:00, run_after=2024-01-01 00:00:00+00:00
[2026-07-21T01:55:30.415+0000] {processor.py:208} INFO - Processing /opt/airflow/dags/setup_lakehouse_infrastructure_v3.py took 0.106 seconds
[2026-07-21T01:56:00.595+0000] {processor.py:186} INFO - Started process (PID=443) to work on /opt/airflow/dags/setup_lakehouse_infrastructure_v3.py
[2026-07-21T01:56:00.596+0000] {processor.py:914} INFO - Processing file /opt/airflow/dags/setup_lakehouse_infrastructure_v3.py for tasks to queue
[2026-07-21T01:56:00.598+0000] {logging_mixin.py:190} INFO - [2026-07-21T01:56:00.597+0000] {dagbag.py:588} INFO - Filling up the DagBag from /opt/airflow/dags/setup_lakehouse_infrastructure_v3.py
[2026-07-21T01:56:00.621+0000] {processor.py:925} INFO - DAG(s) 'setup_lakehouse_infrastructure_v3' retrieved from /opt/airflow/dags/setup_lakehouse_infrastructure_v3.py
[2026-07-21T01:56:00.644+0000] {logging_mixin.py:190} INFO - [2026-07-21T01:56:00.644+0000] {dag.py:3239} INFO - Sync 1 DAGs
[2026-07-21T01:56:00.667+0000] {logging_mixin.py:190} INFO - [2026-07-21T01:56:00.666+0000] {dag.py:4180} INFO - Setting next_dagrun for setup_lakehouse_infrastructure_v3 to 2024-01-01 00:00:00+00:00, run_after=2024-01-01 00:00:00+00:00
[2026-07-21T01:56:00.692+0000] {processor.py:208} INFO - Processing /opt/airflow/dags/setup_lakehouse_infrastructure_v3.py took 0.102 seconds
[2026-07-21T01:56:31.221+0000] {processor.py:186} INFO - Started process (PID=554) to work on /opt/airflow/dags/setup_lakehouse_infrastructure_v3.py
[2026-07-21T01:56:31.222+0000] {processor.py:914} INFO - Processing file /opt/airflow/dags/setup_lakehouse_infrastructure_v3.py for tasks to queue
[2026-07-21T01:56:31.224+0000] {logging_mixin.py:190} INFO - [2026-07-21T01:56:31.224+0000] {dagbag.py:588} INFO - Filling up the DagBag from /opt/airflow/dags/setup_lakehouse_infrastructure_v3.py
[2026-07-21T01:56:31.251+0000] {processor.py:925} INFO - DAG(s) 'setup_lakehouse_infrastructure_v3' retrieved from /opt/airflow/dags/setup_lakehouse_infrastructure_v3.py
[2026-07-21T01:56:31.272+0000] {logging_mixin.py:190} INFO - [2026-07-21T01:56:31.272+0000] {dag.py:3239} INFO - Sync 1 DAGs
[2026-07-21T01:56:31.294+0000] {logging_mixin.py:190} INFO - [2026-07-21T01:56:31.294+0000] {dag.py:4180} INFO - Setting next_dagrun for setup_lakehouse_infrastructure_v3 to 2024-01-01 00:00:00+00:00, run_after=2024-01-01 00:00:00+00:00
[2026-07-21T01:56:31.315+0000] {processor.py:208} INFO - Processing /opt/airflow/dags/setup_lakehouse_infrastructure_v3.py took 0.099 seconds
[2026-07-21T01:57:03.201+0000] {processor.py:186} INFO - Started process (PID=677) to work on /opt/airflow/dags/setup_lakehouse_infrastructure_v3.py
[2026-07-21T01:57:03.202+0000] {processor.py:914} INFO - Processing file /opt/airflow/dags/setup_lakehouse_infrastructure_v3.py for tasks to queue
[2026-07-21T01:57:03.204+0000] {logging_mixin.py:190} INFO - [2026-07-21T01:57:03.204+0000] {dagbag.py:588} INFO - Filling up the DagBag from /opt/airflow/dags/setup_lakehouse_infrastructure_v3.py
[2026-07-21T01:57:03.227+0000] {processor.py:925} INFO - DAG(s) 'setup_lakehouse_infrastructure_v3' retrieved from /opt/airflow/dags/setup_lakehouse_infrastructure_v3.py
[2026-07-21T01:57:03.247+0000] {logging_mixin.py:190} INFO - [2026-07-21T01:57:03.247+0000] {dag.py:3239} INFO - Sync 1 DAGs
[2026-07-21T01:57:03.266+0000] {logging_mixin.py:190} INFO - [2026-07-21T01:57:03.266+0000] {dag.py:4180} INFO - Setting next_dagrun for setup_lakehouse_infrastructure_v3 to 2024-01-01 00:00:00+00:00, run_after=2024-01-01 00:00:00+00:00
[2026-07-21T01:57:03.281+0000] {processor.py:208} INFO - Processing /opt/airflow/dags/setup_lakehouse_infrastructure_v3.py took 0.085 seconds
[2026-07-21T01:57:33.369+0000] {processor.py:186} INFO - Started process (PID=771) to work on /opt/airflow/dags/setup_lakehouse_infrastructure_v3.py
[2026-07-21T01:57:33.370+0000] {processor.py:914} INFO - Processing file /opt/airflow/dags/setup_lakehouse_infrastructure_v3.py for tasks to queue
[2026-07-21T01:57:33.372+0000] {logging_mixin.py:190} INFO - [2026-07-21T01:57:33.372+0000] {dagbag.py:588} INFO - Filling up the DagBag from /opt/airflow/dags/setup_lakehouse_infrastructure_v3.py
[2026-07-21T01:57:33.395+0000] {processor.py:925} INFO - DAG(s) 'setup_lakehouse_infrastructure_v3' retrieved from /opt/airflow/dags/setup_lakehouse_infrastructure_v3.py
[2026-07-21T01:57:33.415+0000] {logging_mixin.py:190} INFO - [2026-07-21T01:57:33.415+0000] {dag.py:3239} INFO - Sync 1 DAGs
[2026-07-21T01:57:33.437+0000] {logging_mixin.py:190} INFO - [2026-07-21T01:57:33.437+0000] {dag.py:4180} INFO - Setting next_dagrun for setup_lakehouse_infrastructure_v3 to 2024-01-01 00:00:00+00:00, run_after=2024-01-01 00:00:00+00:00
[2026-07-21T01:57:33.460+0000] {processor.py:208} INFO - Processing /opt/airflow/dags/setup_lakehouse_infrastructure_v3.py took 0.096 seconds
[2026-07-21T01:58:03.821+0000] {processor.py:186} INFO - Started process (PID=882) to work on /opt/airflow/dags/setup_lakehouse_infrastructure_v3.py
[2026-07-21T01:58:03.822+0000] {processor.py:914} INFO - Processing file /opt/airflow/dags/setup_lakehouse_infrastructure_v3.py for tasks to queue
[2026-07-21T01:58:03.824+0000] {logging_mixin.py:190} INFO - [2026-07-21T01:58:03.824+0000] {dagbag.py:588} INFO - Filling up the DagBag from /opt/airflow/dags/setup_lakehouse_infrastructure_v3.py
[2026-07-21T01:58:03.845+0000] {processor.py:925} INFO - DAG(s) 'setup_lakehouse_infrastructure_v3' retrieved from /opt/airflow/dags/setup_lakehouse_infrastructure_v3.py
[2026-07-21T01:58:03.866+0000] {logging_mixin.py:190} INFO - [2026-07-21T01:58:03.866+0000] {dag.py:3239} INFO - Sync 1 DAGs
[2026-07-21T01:58:03.888+0000] {logging_mixin.py:190} INFO - [2026-07-21T01:58:03.888+0000] {dag.py:4180} INFO - Setting next_dagrun for setup_lakehouse_infrastructure_v3 to 2024-01-01 00:00:00+00:00, run_after=2024-01-01 00:00:00+00:00
[2026-07-21T01:58:03.912+0000] {processor.py:208} INFO - Processing /opt/airflow/dags/setup_lakehouse_infrastructure_v3.py took 0.095 seconds
[2026-07-21T01:58:34.565+0000] {processor.py:186} INFO - Started process (PID=993) to work on /opt/airflow/dags/setup_lakehouse_infrastructure_v3.py
[2026-07-21T01:58:34.566+0000] {processor.py:914} INFO - Processing file /opt/airflow/dags/setup_lakehouse_infrastructure_v3.py for tasks to queue
[2026-07-21T01:58:34.568+0000] {logging_mixin.py:190} INFO - [2026-07-21T01:58:34.568+0000] {dagbag.py:588} INFO - Filling up the DagBag from /opt/airflow/dags/setup_lakehouse_infrastructure_v3.py
[2026-07-21T01:58:34.591+0000] {processor.py:925} INFO - DAG(s) 'setup_lakehouse_infrastructure_v3' retrieved from /opt/airflow/dags/setup_lakehouse_infrastructure_v3.py
[2026-07-21T01:58:34.613+0000] {logging_mixin.py:190} INFO - [2026-07-21T01:58:34.612+0000] {dag.py:3239} INFO - Sync 1 DAGs
[2026-07-21T01:58:34.636+0000] {logging_mixin.py:190} INFO - [2026-07-21T01:58:34.636+0000] {dag.py:4180} INFO - Setting next_dagrun for setup_lakehouse_infrastructure_v3 to 2024-01-01 00:00:00+00:00, run_after=2024-01-01 00:00:00+00:00
[2026-07-21T01:58:34.659+0000] {processor.py:208} INFO - Processing /opt/airflow/dags/setup_lakehouse_infrastructure_v3.py took 0.099 seconds
[2026-07-21T01:59:05.823+0000] {processor.py:186} INFO - Started process (PID=1116) to work on /opt/airflow/dags/setup_lakehouse_infrastructure_v3.py
[2026-07-21T01:59:05.825+0000] {processor.py:914} INFO - Processing file /opt/airflow/dags/setup_lakehouse_infrastructure_v3.py for tasks to queue
[2026-07-21T01:59:05.826+0000] {logging_mixin.py:190} INFO - [2026-07-21T01:59:05.826+0000] {dagbag.py:588} INFO - Filling up the DagBag from /opt/airflow/dags/setup_lakehouse_infrastructure_v3.py
[2026-07-21T01:59:05.849+0000] {processor.py:925} INFO - DAG(s) 'setup_lakehouse_infrastructure_v3' retrieved from /opt/airflow/dags/setup_lakehouse_infrastructure_v3.py
[2026-07-21T01:59:05.869+0000] {logging_mixin.py:190} INFO - [2026-07-21T01:59:05.869+0000] {dag.py:3239} INFO - Sync 1 DAGs
[2026-07-21T01:59:05.889+0000] {logging_mixin.py:190} INFO - [2026-07-21T01:59:05.888+0000] {dag.py:4180} INFO - Setting next_dagrun for setup_lakehouse_infrastructure_v3 to 2024-01-01 00:00:00+00:00, run_after=2024-01-01 00:00:00+00:00
[2026-07-21T01:59:05.905+0000] {processor.py:208} INFO - Processing /opt/airflow/dags/setup_lakehouse_infrastructure_v3.py took 0.087 seconds
[2026-07-21T01:59:36.372+0000] {processor.py:186} INFO - Started process (PID=1210) to work on /opt/airflow/dags/setup_lakehouse_infrastructure_v3.py
[2026-07-21T01:59:36.373+0000] {processor.py:914} INFO - Processing file /opt/airflow/dags/setup_lakehouse_infrastructure_v3.py for tasks to queue
[2026-07-21T01:59:36.375+0000] {logging_mixin.py:190} INFO - [2026-07-21T01:59:36.375+0000] {dagbag.py:588} INFO - Filling up the DagBag from /opt/airflow/dags/setup_lakehouse_infrastructure_v3.py
[2026-07-21T01:59:36.402+0000] {processor.py:925} INFO - DAG(s) 'setup_lakehouse_infrastructure_v3' retrieved from /opt/airflow/dags/setup_lakehouse_infrastructure_v3.py
[2026-07-21T01:59:36.424+0000] {logging_mixin.py:190} INFO - [2026-07-21T01:59:36.424+0000] {dag.py:3239} INFO - Sync 1 DAGs
[2026-07-21T01:59:36.446+0000] {logging_mixin.py:190} INFO - [2026-07-21T01:59:36.446+0000] {dag.py:4180} INFO - Setting next_dagrun for setup_lakehouse_infrastructure_v3 to 2024-01-01 00:00:00+00:00, run_after=2024-01-01 00:00:00+00:00
[2026-07-21T01:59:36.475+0000] {processor.py:208} INFO - Processing /opt/airflow/dags/setup_lakehouse_infrastructure_v3.py took 0.108 seconds
[2026-07-21T02:00:07.259+0000] {processor.py:186} INFO - Started process (PID=1321) to work on /opt/airflow/dags/setup_lakehouse_infrastructure_v3.py
[2026-07-21T02:00:07.261+0000] {processor.py:914} INFO - Processing file /opt/airflow/dags/setup_lakehouse_infrastructure_v3.py for tasks to queue
[2026-07-21T02:00:07.263+0000] {logging_mixin.py:190} INFO - [2026-07-21T02:00:07.262+0000] {dagbag.py:588} INFO - Filling up the DagBag from /opt/airflow/dags/setup_lakehouse_infrastructure_v3.py
[2026-07-21T02:00:07.289+0000] {processor.py:925} INFO - DAG(s) 'setup_lakehouse_infrastructure_v3' retrieved from /opt/airflow/dags/setup_lakehouse_infrastructure_v3.py
[2026-07-21T02:00:07.310+0000] {logging_mixin.py:190} INFO - [2026-07-21T02:00:07.310+0000] {dag.py:3239} INFO - Sync 1 DAGs
[2026-07-21T02:00:07.333+0000] {logging_mixin.py:190} INFO - [2026-07-21T02:00:07.333+0000] {dag.py:4180} INFO - Setting next_dagrun for setup_lakehouse_infrastructure_v3 to 2024-01-01 00:00:00+00:00, run_after=2024-01-01 00:00:00+00:00
[2026-07-21T02:00:07.354+0000] {processor.py:208} INFO - Processing /opt/airflow/dags/setup_lakehouse_infrastructure_v3.py took 0.100 seconds
[2026-07-21T02:00:37.512+0000] {processor.py:186} INFO - Started process (PID=1427) to work on /opt/airflow/dags/setup_lakehouse_infrastructure_v3.py
[2026-07-21T02:00:37.513+0000] {processor.py:914} INFO - Processing file /opt/airflow/dags/setup_lakehouse_infrastructure_v3.py for tasks to queue
[2026-07-21T02:00:37.516+0000] {logging_mixin.py:190} INFO - [2026-07-21T02:00:37.516+0000] {dagbag.py:588} INFO - Filling up the DagBag from /opt/airflow/dags/setup_lakehouse_infrastructure_v3.py
[2026-07-21T02:00:37.549+0000] {processor.py:925} INFO - DAG(s) 'setup_lakehouse_infrastructure_v3' retrieved from /opt/airflow/dags/setup_lakehouse_infrastructure_v3.py
[2026-07-21T02:00:37.574+0000] {logging_mixin.py:190} INFO - [2026-07-21T02:00:37.573+0000] {dag.py:3239} INFO - Sync 1 DAGs
[2026-07-21T02:00:37.595+0000] {logging_mixin.py:190} INFO - [2026-07-21T02:00:37.594+0000] {dag.py:4180} INFO - Setting next_dagrun for setup_lakehouse_infrastructure_v3 to 2024-01-01 00:00:00+00:00, run_after=2024-01-01 00:00:00+00:00
[2026-07-21T02:00:37.620+0000] {processor.py:208} INFO - Processing /opt/airflow/dags/setup_lakehouse_infrastructure_v3.py took 0.113 seconds
[2026-07-21T02:01:08.569+0000] {processor.py:186} INFO - Started process (PID=1538) to work on /opt/airflow/dags/setup_lakehouse_infrastructure_v3.py
[2026-07-21T02:01:08.570+0000] {processor.py:914} INFO - Processing file /opt/airflow/dags/setup_lakehouse_infrastructure_v3.py for tasks to queue
[2026-07-21T02:01:08.572+0000] {logging_mixin.py:190} INFO - [2026-07-21T02:01:08.571+0000] {dagbag.py:588} INFO - Filling up the DagBag from /opt/airflow/dags/setup_lakehouse_infrastructure_v3.py
[2026-07-21T02:01:08.595+0000] {processor.py:925} INFO - DAG(s) 'setup_lakehouse_infrastructure_v3' retrieved from /opt/airflow/dags/setup_lakehouse_infrastructure_v3.py
[2026-07-21T02:01:08.616+0000] {logging_mixin.py:190} INFO - [2026-07-21T02:01:08.616+0000] {dag.py:3239} INFO - Sync 1 DAGs
[2026-07-21T02:01:08.634+0000] {logging_mixin.py:190} INFO - [2026-07-21T02:01:08.634+0000] {dag.py:4180} INFO - Setting next_dagrun for setup_lakehouse_infrastructure_v3 to 2024-01-01 00:00:00+00:00, run_after=2024-01-01 00:00:00+00:00
[2026-07-21T02:01:08.650+0000] {processor.py:208} INFO - Processing /opt/airflow/dags/setup_lakehouse_infrastructure_v3.py took 0.086 seconds
[2026-07-21T02:01:39.091+0000] {processor.py:186} INFO - Started process (PID=1633) to work on /opt/airflow/dags/setup_lakehouse_infrastructure_v3.py
[2026-07-21T02:01:39.092+0000] {processor.py:914} INFO - Processing file /opt/airflow/dags/setup_lakehouse_infrastructure_v3.py for tasks to queue
[2026-07-21T02:01:39.096+0000] {logging_mixin.py:190} INFO - [2026-07-21T02:01:39.095+0000] {dagbag.py:588} INFO - Filling up the DagBag from /opt/airflow/dags/setup_lakehouse_infrastructure_v3.py
[2026-07-21T02:01:39.122+0000] {processor.py:925} INFO - DAG(s) 'setup_lakehouse_infrastructure_v3' retrieved from /opt/airflow/dags/setup_lakehouse_infrastructure_v3.py
[2026-07-21T02:01:39.147+0000] {logging_mixin.py:190} INFO - [2026-07-21T02:01:39.146+0000] {dag.py:3239} INFO - Sync 1 DAGs
[2026-07-21T02:01:39.170+0000] {logging_mixin.py:190} INFO - [2026-07-21T02:01:39.170+0000] {dag.py:4180} INFO - Setting next_dagrun for setup_lakehouse_infrastructure_v3 to 2024-01-01 00:00:00+00:00, run_after=2024-01-01 00:00:00+00:00
[2026-07-21T02:01:39.195+0000] {processor.py:208} INFO - Processing /opt/airflow/dags/setup_lakehouse_infrastructure_v3.py took 0.109 seconds
[2026-07-21T02:02:10.797+0000] {processor.py:186} INFO - Started process (PID=1757) to work on /opt/airflow/dags/setup_lakehouse_infrastructure_v3.py
[2026-07-21T02:02:10.798+0000] {processor.py:914} INFO - Processing file /opt/airflow/dags/setup_lakehouse_infrastructure_v3.py for tasks to queue
[2026-07-21T02:02:10.800+0000] {logging_mixin.py:190} INFO - [2026-07-21T02:02:10.800+0000] {dagbag.py:588} INFO - Filling up the DagBag from /opt/airflow/dags/setup_lakehouse_infrastructure_v3.py
[2026-07-21T02:02:10.824+0000] {processor.py:925} INFO - DAG(s) 'setup_lakehouse_infrastructure_v3' retrieved from /opt/airflow/dags/setup_lakehouse_infrastructure_v3.py
[2026-07-21T02:02:10.850+0000] {logging_mixin.py:190} INFO - [2026-07-21T02:02:10.849+0000] {dag.py:3239} INFO - Sync 1 DAGs
[2026-07-21T02:02:10.874+0000] {logging_mixin.py:190} INFO - [2026-07-21T02:02:10.874+0000] {dag.py:4180} INFO - Setting next_dagrun for setup_lakehouse_infrastructure_v3 to 2024-01-01 00:00:00+00:00, run_after=2024-01-01 00:00:00+00:00
[2026-07-21T02:02:10.897+0000] {processor.py:208} INFO - Processing /opt/airflow/dags/setup_lakehouse_infrastructure_v3.py took 0.106 seconds
[2026-07-21T02:02:41.218+0000] {processor.py:186} INFO - Started process (PID=1905) to work on /opt/airflow/dags/setup_lakehouse_infrastructure_v3.py
[2026-07-21T02:02:41.219+0000] {processor.py:914} INFO - Processing file /opt/airflow/dags/setup_lakehouse_infrastructure_v3.py for tasks to queue
[2026-07-21T02:02:41.222+0000] {logging_mixin.py:190} INFO - [2026-07-21T02:02:41.222+0000] {dagbag.py:588} INFO - Filling up the DagBag from /opt/airflow/dags/setup_lakehouse_infrastructure_v3.py
[2026-07-21T02:02:41.254+0000] {processor.py:925} INFO - DAG(s) 'setup_lakehouse_infrastructure_v3' retrieved from /opt/airflow/dags/setup_lakehouse_infrastructure_v3.py
[2026-07-21T02:02:41.279+0000] {logging_mixin.py:190} INFO - [2026-07-21T02:02:41.279+0000] {dag.py:3239} INFO - Sync 1 DAGs
[2026-07-21T02:02:41.302+0000] {logging_mixin.py:190} INFO - [2026-07-21T02:02:41.301+0000] {dag.py:4180} INFO - Setting next_dagrun for setup_lakehouse_infrastructure_v3 to 2024-01-01 00:00:00+00:00, run_after=2024-01-01 00:00:00+00:00
[2026-07-21T02:02:41.326+0000] {processor.py:208} INFO - Processing /opt/airflow/dags/setup_lakehouse_infrastructure_v3.py took 0.114 seconds
[2026-07-21T02:03:12.582+0000] {processor.py:186} INFO - Started process (PID=2172) to work on /opt/airflow/dags/setup_lakehouse_infrastructure_v3.py
[2026-07-21T02:03:12.583+0000] {processor.py:914} INFO - Processing file /opt/airflow/dags/setup_lakehouse_infrastructure_v3.py for tasks to queue
[2026-07-21T02:03:12.586+0000] {logging_mixin.py:190} INFO - [2026-07-21T02:03:12.586+0000] {dagbag.py:588} INFO - Filling up the DagBag from /opt/airflow/dags/setup_lakehouse_infrastructure_v3.py
[2026-07-21T02:03:12.614+0000] {processor.py:925} INFO - DAG(s) 'setup_lakehouse_infrastructure_v3' retrieved from /opt/airflow/dags/setup_lakehouse_infrastructure_v3.py
[2026-07-21T02:03:12.638+0000] {logging_mixin.py:190} INFO - [2026-07-21T02:03:12.638+0000] {dag.py:3239} INFO - Sync 1 DAGs
[2026-07-21T02:03:12.663+0000] {logging_mixin.py:190} INFO - [2026-07-21T02:03:12.663+0000] {dag.py:4180} INFO - Setting next_dagrun for setup_lakehouse_infrastructure_v3 to 2024-01-01 00:00:00+00:00, run_after=2024-01-01 00:00:00+00:00
[2026-07-21T02:03:12.688+0000] {processor.py:208} INFO - Processing /opt/airflow/dags/setup_lakehouse_infrastructure_v3.py took 0.111 seconds
[2026-07-21T02:03:43.364+0000] {processor.py:186} INFO - Started process (PID=2283) to work on /opt/airflow/dags/setup_lakehouse_infrastructure_v3.py
[2026-07-21T02:03:43.365+0000] {processor.py:914} INFO - Processing file /opt/airflow/dags/setup_lakehouse_infrastructure_v3.py for tasks to queue
[2026-07-21T02:03:43.368+0000] {logging_mixin.py:190} INFO - [2026-07-21T02:03:43.367+0000] {dagbag.py:588} INFO - Filling up the DagBag from /opt/airflow/dags/setup_lakehouse_infrastructure_v3.py
[2026-07-21T02:03:43.394+0000] {processor.py:925} INFO - DAG(s) 'setup_lakehouse_infrastructure_v3' retrieved from /opt/airflow/dags/setup_lakehouse_infrastructure_v3.py
[2026-07-21T02:03:43.416+0000] {logging_mixin.py:190} INFO - [2026-07-21T02:03:43.416+0000] {dag.py:3239} INFO - Sync 1 DAGs
[2026-07-21T02:03:43.436+0000] {logging_mixin.py:190} INFO - [2026-07-21T02:03:43.436+0000] {dag.py:4180} INFO - Setting next_dagrun for setup_lakehouse_infrastructure_v3 to 2024-01-01 00:00:00+00:00, run_after=2024-01-01 00:00:00+00:00
[2026-07-21T02:03:43.461+0000] {processor.py:208} INFO - Processing /opt/airflow/dags/setup_lakehouse_infrastructure_v3.py took 0.103 seconds
[2026-07-21T02:04:14.006+0000] {processor.py:186} INFO - Started process (PID=2391) to work on /opt/airflow/dags/setup_lakehouse_infrastructure_v3.py
[2026-07-21T02:04:14.007+0000] {processor.py:914} INFO - Processing file /opt/airflow/dags/setup_lakehouse_infrastructure_v3.py for tasks to queue
[2026-07-21T02:04:14.009+0000] {logging_mixin.py:190} INFO - [2026-07-21T02:04:14.009+0000] {dagbag.py:588} INFO - Filling up the DagBag from /opt/airflow/dags/setup_lakehouse_infrastructure_v3.py
[2026-07-21T02:04:14.038+0000] {processor.py:925} INFO - DAG(s) 'setup_lakehouse_infrastructure_v3' retrieved from /opt/airflow/dags/setup_lakehouse_infrastructure_v3.py
[2026-07-21T02:04:14.059+0000] {logging_mixin.py:190} INFO - [2026-07-21T02:04:14.059+0000] {dag.py:3239} INFO - Sync 1 DAGs
[2026-07-21T02:04:14.079+0000] {logging_mixin.py:190} INFO - [2026-07-21T02:04:14.078+0000] {dag.py:4180} INFO - Setting next_dagrun for setup_lakehouse_infrastructure_v3 to 2024-01-01 00:00:00+00:00, run_after=2024-01-01 00:00:00+00:00
[2026-07-21T02:04:14.100+0000] {processor.py:208} INFO - Processing /opt/airflow/dags/setup_lakehouse_infrastructure_v3.py took 0.099 seconds
[2026-07-21T02:04:45.186+0000] {processor.py:186} INFO - Started process (PID=2502) to work on /opt/airflow/dags/setup_lakehouse_infrastructure_v3.py
[2026-07-21T02:04:45.187+0000] {processor.py:914} INFO - Processing file /opt/airflow/dags/setup_lakehouse_infrastructure_v3.py for tasks to queue
[2026-07-21T02:04:45.190+0000] {logging_mixin.py:190} INFO - [2026-07-21T02:04:45.189+0000] {dagbag.py:588} INFO - Filling up the DagBag from /opt/airflow/dags/setup_lakehouse_infrastructure_v3.py
[2026-07-21T02:04:45.212+0000] {processor.py:925} INFO - DAG(s) 'setup_lakehouse_infrastructure_v3' retrieved from /opt/airflow/dags/setup_lakehouse_infrastructure_v3.py
[2026-07-21T02:04:45.237+0000] {logging_mixin.py:190} INFO - [2026-07-21T02:04:45.236+0000] {dag.py:3239} INFO - Sync 1 DAGs
[2026-07-21T02:04:45.258+0000] {logging_mixin.py:190} INFO - [2026-07-21T02:04:45.257+0000] {dag.py:4180} INFO - Setting next_dagrun for setup_lakehouse_infrastructure_v3 to 2024-01-01 00:00:00+00:00, run_after=2024-01-01 00:00:00+00:00
[2026-07-21T02:04:45.275+0000] {processor.py:208} INFO - Processing /opt/airflow/dags/setup_lakehouse_infrastructure_v3.py took 0.094 seconds
[2026-07-21T02:05:15.994+0000] {processor.py:186} INFO - Started process (PID=2613) to work on /opt/airflow/dags/setup_lakehouse_infrastructure_v3.py
[2026-07-21T02:05:15.995+0000] {processor.py:914} INFO - Processing file /opt/airflow/dags/setup_lakehouse_infrastructure_v3.py for tasks to queue
[2026-07-21T02:05:15.997+0000] {logging_mixin.py:190} INFO - [2026-07-21T02:05:15.997+0000] {dagbag.py:588} INFO - Filling up the DagBag from /opt/airflow/dags/setup_lakehouse_infrastructure_v3.py
[2026-07-21T02:05:16.021+0000] {processor.py:925} INFO - DAG(s) 'setup_lakehouse_infrastructure_v3' retrieved from /opt/airflow/dags/setup_lakehouse_infrastructure_v3.py
[2026-07-21T02:05:16.041+0000] {logging_mixin.py:190} INFO - [2026-07-21T02:05:16.041+0000] {dag.py:3239} INFO - Sync 1 DAGs
[2026-07-21T02:05:16.060+0000] {logging_mixin.py:190} INFO - [2026-07-21T02:05:16.060+0000] {dag.py:4180} INFO - Setting next_dagrun for setup_lakehouse_infrastructure_v3 to 2024-01-01 00:00:00+00:00, run_after=2024-01-01 00:00:00+00:00
[2026-07-21T02:05:16.077+0000] {processor.py:208} INFO - Processing /opt/airflow/dags/setup_lakehouse_infrastructure_v3.py took 0.088 seconds
[2026-07-21T02:05:47.716+0000] {processor.py:186} INFO - Started process (PID=2739) to work on /opt/airflow/dags/setup_lakehouse_infrastructure_v3.py
[2026-07-21T02:05:47.717+0000] {processor.py:914} INFO - Processing file /opt/airflow/dags/setup_lakehouse_infrastructure_v3.py for tasks to queue
[2026-07-21T02:05:47.719+0000] {logging_mixin.py:190} INFO - [2026-07-21T02:05:47.719+0000] {dagbag.py:588} INFO - Filling up the DagBag from /opt/airflow/dags/setup_lakehouse_infrastructure_v3.py
[2026-07-21T02:05:47.741+0000] {processor.py:925} INFO - DAG(s) 'setup_lakehouse_infrastructure_v3' retrieved from /opt/airflow/dags/setup_lakehouse_infrastructure_v3.py
[2026-07-21T02:05:47.762+0000] {logging_mixin.py:190} INFO - [2026-07-21T02:05:47.762+0000] {dag.py:3239} INFO - Sync 1 DAGs
[2026-07-21T02:05:47.782+0000] {logging_mixin.py:190} INFO - [2026-07-21T02:05:47.781+0000] {dag.py:4180} INFO - Setting next_dagrun for setup_lakehouse_infrastructure_v3 to 2024-01-01 00:00:00+00:00, run_after=2024-01-01 00:00:00+00:00
[2026-07-21T02:05:47.799+0000] {processor.py:208} INFO - Processing /opt/airflow/dags/setup_lakehouse_infrastructure_v3.py took 0.089 seconds
[2026-07-21T02:06:18.040+0000] {processor.py:186} INFO - Started process (PID=2833) to work on /opt/airflow/dags/setup_lakehouse_infrastructure_v3.py
[2026-07-21T02:06:18.042+0000] {processor.py:914} INFO - Processing file /opt/airflow/dags/setup_lakehouse_infrastructure_v3.py for tasks to queue
[2026-07-21T02:06:18.044+0000] {logging_mixin.py:190} INFO - [2026-07-21T02:06:18.043+0000] {dagbag.py:588} INFO - Filling up the DagBag from /opt/airflow/dags/setup_lakehouse_infrastructure_v3.py
[2026-07-21T02:06:18.069+0000] {processor.py:925} INFO - DAG(s) 'setup_lakehouse_infrastructure_v3' retrieved from /opt/airflow/dags/setup_lakehouse_infrastructure_v3.py
[2026-07-21T02:06:18.091+0000] {logging_mixin.py:190} INFO - [2026-07-21T02:06:18.091+0000] {dag.py:3239} INFO - Sync 1 DAGs
[2026-07-21T02:06:18.113+0000] {logging_mixin.py:190} INFO - [2026-07-21T02:06:18.113+0000] {dag.py:4180} INFO - Setting next_dagrun for setup_lakehouse_infrastructure_v3 to 2024-01-01 00:00:00+00:00, run_after=2024-01-01 00:00:00+00:00
[2026-07-21T02:06:18.138+0000] {processor.py:208} INFO - Processing /opt/airflow/dags/setup_lakehouse_infrastructure_v3.py took 0.102 seconds
[2026-07-21T02:06:48.564+0000] {processor.py:186} INFO - Started process (PID=2944) to work on /opt/airflow/dags/setup_lakehouse_infrastructure_v3.py
[2026-07-21T02:06:48.565+0000] {processor.py:914} INFO - Processing file /opt/airflow/dags/setup_lakehouse_infrastructure_v3.py for tasks to queue
[2026-07-21T02:06:48.567+0000] {logging_mixin.py:190} INFO - [2026-07-21T02:06:48.567+0000] {dagbag.py:588} INFO - Filling up the DagBag from /opt/airflow/dags/setup_lakehouse_infrastructure_v3.py
[2026-07-21T02:06:48.595+0000] {processor.py:925} INFO - DAG(s) 'setup_lakehouse_infrastructure_v3' retrieved from /opt/airflow/dags/setup_lakehouse_infrastructure_v3.py
[2026-07-21T02:06:48.624+0000] {logging_mixin.py:190} INFO - [2026-07-21T02:06:48.623+0000] {dag.py:3239} INFO - Sync 1 DAGs
[2026-07-21T02:06:48.647+0000] {logging_mixin.py:190} INFO - [2026-07-21T02:06:48.647+0000] {dag.py:4180} INFO - Setting next_dagrun for setup_lakehouse_infrastructure_v3 to 2024-01-01 00:00:00+00:00, run_after=2024-01-01 00:00:00+00:00
[2026-07-21T02:06:48.670+0000] {processor.py:208} INFO - Processing /opt/airflow/dags/setup_lakehouse_infrastructure_v3.py took 0.116 seconds
[2026-07-21T02:07:18.799+0000] {processor.py:186} INFO - Started process (PID=3038) to work on /opt/airflow/dags/setup_lakehouse_infrastructure_v3.py
[2026-07-21T02:07:18.800+0000] {processor.py:914} INFO - Processing file /opt/airflow/dags/setup_lakehouse_infrastructure_v3.py for tasks to queue
[2026-07-21T02:07:18.802+0000] {logging_mixin.py:190} INFO - [2026-07-21T02:07:18.802+0000] {dagbag.py:588} INFO - Filling up the DagBag from /opt/airflow/dags/setup_lakehouse_infrastructure_v3.py
[2026-07-21T02:07:18.825+0000] {processor.py:925} INFO - DAG(s) 'setup_lakehouse_infrastructure_v3' retrieved from /opt/airflow/dags/setup_lakehouse_infrastructure_v3.py
[2026-07-21T02:07:18.848+0000] {logging_mixin.py:190} INFO - [2026-07-21T02:07:18.848+0000] {dag.py:3239} INFO - Sync 1 DAGs
[2026-07-21T02:07:18.876+0000] {logging_mixin.py:190} INFO - [2026-07-21T02:07:18.876+0000] {dag.py:4180} INFO - Setting next_dagrun for setup_lakehouse_infrastructure_v3 to 2024-01-01 00:00:00+00:00, run_after=2024-01-01 00:00:00+00:00
[2026-07-21T02:07:18.908+0000] {processor.py:208} INFO - Processing /opt/airflow/dags/setup_lakehouse_infrastructure_v3.py took 0.114 seconds
[2026-07-21T02:13:41.473+0000] {processor.py:186} INFO - Started process (PID=3181) to work on /opt/airflow/dags/setup_lakehouse_infrastructure_v3.py
[2026-07-21T02:13:41.475+0000] {processor.py:914} INFO - Processing file /opt/airflow/dags/setup_lakehouse_infrastructure_v3.py for tasks to queue
[2026-07-21T02:13:41.481+0000] {logging_mixin.py:190} INFO - [2026-07-21T02:13:41.480+0000] {dagbag.py:588} INFO - Filling up the DagBag from /opt/airflow/dags/setup_lakehouse_infrastructure_v3.py
[2026-07-21T02:13:41.515+0000] {processor.py:925} INFO - DAG(s) 'setup_lakehouse_infrastructure_v3' retrieved from /opt/airflow/dags/setup_lakehouse_infrastructure_v3.py
[2026-07-21T02:13:41.545+0000] {logging_mixin.py:190} INFO - [2026-07-21T02:13:41.545+0000] {dag.py:3239} INFO - Sync 1 DAGs
[2026-07-21T02:13:41.570+0000] {logging_mixin.py:190} INFO - [2026-07-21T02:13:41.570+0000] {dag.py:4180} INFO - Setting next_dagrun for setup_lakehouse_infrastructure_v3 to 2024-01-01 00:00:00+00:00, run_after=2024-01-01 00:00:00+00:00
[2026-07-21T02:13:41.591+0000] {processor.py:208} INFO - Processing /opt/airflow/dags/setup_lakehouse_infrastructure_v3.py took 0.124 seconds
[2026-07-21T02:14:14.049+0000] {processor.py:186} INFO - Started process (PID=3292) to work on /opt/airflow/dags/setup_lakehouse_infrastructure_v3.py
[2026-07-21T02:14:14.050+0000] {processor.py:914} INFO - Processing file /opt/airflow/dags/setup_lakehouse_infrastructure_v3.py for tasks to queue
[2026-07-21T02:14:14.052+0000] {logging_mixin.py:190} INFO - [2026-07-21T02:14:14.052+0000] {dagbag.py:588} INFO - Filling up the DagBag from /opt/airflow/dags/setup_lakehouse_infrastructure_v3.py
[2026-07-21T02:14:14.075+0000] {processor.py:925} INFO - DAG(s) 'setup_lakehouse_infrastructure_v3' retrieved from /opt/airflow/dags/setup_lakehouse_infrastructure_v3.py
[2026-07-21T02:14:14.096+0000] {logging_mixin.py:190} INFO - [2026-07-21T02:14:14.096+0000] {dag.py:3239} INFO - Sync 1 DAGs
[2026-07-21T02:14:14.116+0000] {logging_mixin.py:190} INFO - [2026-07-21T02:14:14.116+0000] {dag.py:4180} INFO - Setting next_dagrun for setup_lakehouse_infrastructure_v3 to 2024-01-01 00:00:00+00:00, run_after=2024-01-01 00:00:00+00:00
[2026-07-21T02:14:14.132+0000] {processor.py:208} INFO - Processing /opt/airflow/dags/setup_lakehouse_infrastructure_v3.py took 0.089 seconds
[2026-07-21T02:14:44.445+0000] {processor.py:186} INFO - Started process (PID=3386) to work on /opt/airflow/dags/setup_lakehouse_infrastructure_v3.py
[2026-07-21T02:14:44.446+0000] {processor.py:914} INFO - Processing file /opt/airflow/dags/setup_lakehouse_infrastructure_v3.py for tasks to queue
[2026-07-21T02:14:44.448+0000] {logging_mixin.py:190} INFO - [2026-07-21T02:14:44.448+0000] {dagbag.py:588} INFO - Filling up the DagBag from /opt/airflow/dags/setup_lakehouse_infrastructure_v3.py
[2026-07-21T02:14:44.467+0000] {processor.py:925} INFO - DAG(s) 'setup_lakehouse_infrastructure_v3' retrieved from /opt/airflow/dags/setup_lakehouse_infrastructure_v3.py
[2026-07-21T02:14:44.490+0000] {logging_mixin.py:190} INFO - [2026-07-21T02:14:44.490+0000] {dag.py:3239} INFO - Sync 1 DAGs
[2026-07-21T02:14:44.519+0000] {logging_mixin.py:190} INFO - [2026-07-21T02:14:44.518+0000] {dag.py:4180} INFO - Setting next_dagrun for setup_lakehouse_infrastructure_v3 to 2024-01-01 00:00:00+00:00, run_after=2024-01-01 00:00:00+00:00
[2026-07-21T02:14:44.546+0000] {processor.py:208} INFO - Processing /opt/airflow/dags/setup_lakehouse_infrastructure_v3.py took 0.107 seconds
[2026-07-21T02:15:15.014+0000] {processor.py:186} INFO - Started process (PID=3497) to work on /opt/airflow/dags/setup_lakehouse_infrastructure_v3.py
[2026-07-21T02:15:15.015+0000] {processor.py:914} INFO - Processing file /opt/airflow/dags/setup_lakehouse_infrastructure_v3.py for tasks to queue
[2026-07-21T02:15:15.017+0000] {logging_mixin.py:190} INFO - [2026-07-21T02:15:15.017+0000] {dagbag.py:588} INFO - Filling up the DagBag from /opt/airflow/dags/setup_lakehouse_infrastructure_v3.py
[2026-07-21T02:15:15.038+0000] {processor.py:925} INFO - DAG(s) 'setup_lakehouse_infrastructure_v3' retrieved from /opt/airflow/dags/setup_lakehouse_infrastructure_v3.py
[2026-07-21T02:15:15.061+0000] {logging_mixin.py:190} INFO - [2026-07-21T02:15:15.061+0000] {dag.py:3239} INFO - Sync 1 DAGs
[2026-07-21T02:15:15.083+0000] {logging_mixin.py:190} INFO - [2026-07-21T02:15:15.083+0000] {dag.py:4180} INFO - Setting next_dagrun for setup_lakehouse_infrastructure_v3 to 2024-01-01 00:00:00+00:00, run_after=2024-01-01 00:00:00+00:00
[2026-07-21T02:15:15.110+0000] {processor.py:208} INFO - Processing /opt/airflow/dags/setup_lakehouse_infrastructure_v3.py took 0.101 seconds
[2026-07-21T02:15:45.199+0000] {processor.py:186} INFO - Started process (PID=3605) to work on /opt/airflow/dags/setup_lakehouse_infrastructure_v3.py
[2026-07-21T02:15:45.200+0000] {processor.py:914} INFO - Processing file /opt/airflow/dags/setup_lakehouse_infrastructure_v3.py for tasks to queue
[2026-07-21T02:15:45.202+0000] {logging_mixin.py:190} INFO - [2026-07-21T02:15:45.202+0000] {dagbag.py:588} INFO - Filling up the DagBag from /opt/airflow/dags/setup_lakehouse_infrastructure_v3.py
[2026-07-21T02:15:45.231+0000] {processor.py:925} INFO - DAG(s) 'setup_lakehouse_infrastructure_v3' retrieved from /opt/airflow/dags/setup_lakehouse_infrastructure_v3.py
[2026-07-21T02:15:45.251+0000] {logging_mixin.py:190} INFO - [2026-07-21T02:15:45.251+0000] {dag.py:3239} INFO - Sync 1 DAGs
[2026-07-21T02:15:45.271+0000] {logging_mixin.py:190} INFO - [2026-07-21T02:15:45.271+0000] {dag.py:4180} INFO - Setting next_dagrun for setup_lakehouse_infrastructure_v3 to 2024-01-01 00:00:00+00:00, run_after=2024-01-01 00:00:00+00:00
[2026-07-21T02:15:45.292+0000] {processor.py:208} INFO - Processing /opt/airflow/dags/setup_lakehouse_infrastructure_v3.py took 0.098 seconds
[2026-07-21T02:16:16.512+0000] {processor.py:186} INFO - Started process (PID=3714) to work on /opt/airflow/dags/setup_lakehouse_infrastructure_v3.py
[2026-07-21T02:16:16.513+0000] {processor.py:914} INFO - Processing file /opt/airflow/dags/setup_lakehouse_infrastructure_v3.py for tasks to queue
[2026-07-21T02:16:16.515+0000] {logging_mixin.py:190} INFO - [2026-07-21T02:16:16.515+0000] {dagbag.py:588} INFO - Filling up the DagBag from /opt/airflow/dags/setup_lakehouse_infrastructure_v3.py
[2026-07-21T02:16:16.546+0000] {processor.py:925} INFO - DAG(s) 'setup_lakehouse_infrastructure_v3' retrieved from /opt/airflow/dags/setup_lakehouse_infrastructure_v3.py
[2026-07-21T02:16:16.571+0000] {logging_mixin.py:190} INFO - [2026-07-21T02:16:16.571+0000] {dag.py:3239} INFO - Sync 1 DAGs
[2026-07-21T02:16:16.594+0000] {logging_mixin.py:190} INFO - [2026-07-21T02:16:16.594+0000] {dag.py:4180} INFO - Setting next_dagrun for setup_lakehouse_infrastructure_v3 to 2024-01-01 00:00:00+00:00, run_after=2024-01-01 00:00:00+00:00
[2026-07-21T02:16:16.620+0000] {processor.py:208} INFO - Processing /opt/airflow/dags/setup_lakehouse_infrastructure_v3.py took 0.114 seconds
[2026-07-21T02:16:47.027+0000] {processor.py:186} INFO - Started process (PID=3826) to work on /opt/airflow/dags/setup_lakehouse_infrastructure_v3.py
[2026-07-21T02:16:47.028+0000] {processor.py:914} INFO - Processing file /opt/airflow/dags/setup_lakehouse_infrastructure_v3.py for tasks to queue
[2026-07-21T02:16:47.031+0000] {logging_mixin.py:190} INFO - [2026-07-21T02:16:47.030+0000] {dagbag.py:588} INFO - Filling up the DagBag from /opt/airflow/dags/setup_lakehouse_infrastructure_v3.py
[2026-07-21T02:16:47.057+0000] {processor.py:925} INFO - DAG(s) 'setup_lakehouse_infrastructure_v3' retrieved from /opt/airflow/dags/setup_lakehouse_infrastructure_v3.py
[2026-07-21T02:16:47.080+0000] {logging_mixin.py:190} INFO - [2026-07-21T02:16:47.079+0000] {dag.py:3239} INFO - Sync 1 DAGs
[2026-07-21T02:16:47.102+0000] {logging_mixin.py:190} INFO - [2026-07-21T02:16:47.102+0000] {dag.py:4180} INFO - Setting next_dagrun for setup_lakehouse_infrastructure_v3 to None, run_after=None
[2026-07-21T02:16:47.118+0000] {processor.py:208} INFO - Processing /opt/airflow/dags/setup_lakehouse_infrastructure_v3.py took 0.096 seconds
[2026-07-21T02:17:17.757+0000] {processor.py:186} INFO - Started process (PID=4277) to work on /opt/airflow/dags/setup_lakehouse_infrastructure_v3.py
[2026-07-21T02:17:17.758+0000] {processor.py:914} INFO - Processing file /opt/airflow/dags/setup_lakehouse_infrastructure_v3.py for tasks to queue
[2026-07-21T02:17:17.760+0000] {logging_mixin.py:190} INFO - [2026-07-21T02:17:17.760+0000] {dagbag.py:588} INFO - Filling up the DagBag from /opt/airflow/dags/setup_lakehouse_infrastructure_v3.py
[2026-07-21T02:17:17.784+0000] {processor.py:925} INFO - DAG(s) 'setup_lakehouse_infrastructure_v3' retrieved from /opt/airflow/dags/setup_lakehouse_infrastructure_v3.py
[2026-07-21T02:17:17.804+0000] {logging_mixin.py:190} INFO - [2026-07-21T02:17:17.804+0000] {dag.py:3239} INFO - Sync 1 DAGs
[2026-07-21T02:17:17.823+0000] {logging_mixin.py:190} INFO - [2026-07-21T02:17:17.823+0000] {dag.py:4180} INFO - Setting next_dagrun for setup_lakehouse_infrastructure_v3 to None, run_after=None
[2026-07-21T02:17:17.840+0000] {processor.py:208} INFO - Processing /opt/airflow/dags/setup_lakehouse_infrastructure_v3.py took 0.087 seconds
[2026-07-21T02:17:48.624+0000] {processor.py:186} INFO - Started process (PID=4395) to work on /opt/airflow/dags/setup_lakehouse_infrastructure_v3.py
[2026-07-21T02:17:48.625+0000] {processor.py:914} INFO - Processing file /opt/airflow/dags/setup_lakehouse_infrastructure_v3.py for tasks to queue
[2026-07-21T02:17:48.627+0000] {logging_mixin.py:190} INFO - [2026-07-21T02:17:48.627+0000] {dagbag.py:588} INFO - Filling up the DagBag from /opt/airflow/dags/setup_lakehouse_infrastructure_v3.py
[2026-07-21T02:17:48.657+0000] {processor.py:925} INFO - DAG(s) 'setup_lakehouse_infrastructure_v3' retrieved from /opt/airflow/dags/setup_lakehouse_infrastructure_v3.py
[2026-07-21T02:17:48.677+0000] {logging_mixin.py:190} INFO - [2026-07-21T02:17:48.677+0000] {dag.py:3239} INFO - Sync 1 DAGs
[2026-07-21T02:17:48.697+0000] {logging_mixin.py:190} INFO - [2026-07-21T02:17:48.696+0000] {dag.py:4180} INFO - Setting next_dagrun for setup_lakehouse_infrastructure_v3 to None, run_after=None
[2026-07-21T02:17:48.718+0000] {processor.py:208} INFO - Processing /opt/airflow/dags/setup_lakehouse_infrastructure_v3.py took 0.099 seconds
[2026-07-21T02:18:19.648+0000] {processor.py:186} INFO - Started process (PID=4504) to work on /opt/airflow/dags/setup_lakehouse_infrastructure_v3.py
[2026-07-21T02:18:19.649+0000] {processor.py:914} INFO - Processing file /opt/airflow/dags/setup_lakehouse_infrastructure_v3.py for tasks to queue
[2026-07-21T02:18:19.651+0000] {logging_mixin.py:190} INFO - [2026-07-21T02:18:19.651+0000] {dagbag.py:588} INFO - Filling up the DagBag from /opt/airflow/dags/setup_lakehouse_infrastructure_v3.py
[2026-07-21T02:18:19.674+0000] {processor.py:925} INFO - DAG(s) 'setup_lakehouse_infrastructure_v3' retrieved from /opt/airflow/dags/setup_lakehouse_infrastructure_v3.py
[2026-07-21T02:18:19.696+0000] {logging_mixin.py:190} INFO - [2026-07-21T02:18:19.696+0000] {dag.py:3239} INFO - Sync 1 DAGs
[2026-07-21T02:18:19.716+0000] {logging_mixin.py:190} INFO - [2026-07-21T02:18:19.716+0000] {dag.py:4180} INFO - Setting next_dagrun for setup_lakehouse_infrastructure_v3 to None, run_after=None
[2026-07-21T02:18:19.733+0000] {processor.py:208} INFO - Processing /opt/airflow/dags/setup_lakehouse_infrastructure_v3.py took 0.091 seconds
[2026-07-21T02:18:49.923+0000] {processor.py:186} INFO - Started process (PID=4598) to work on /opt/airflow/dags/setup_lakehouse_infrastructure_v3.py
[2026-07-21T02:18:49.925+0000] {processor.py:914} INFO - Processing file /opt/airflow/dags/setup_lakehouse_infrastructure_v3.py for tasks to queue
[2026-07-21T02:18:49.927+0000] {logging_mixin.py:190} INFO - [2026-07-21T02:18:49.927+0000] {dagbag.py:588} INFO - Filling up the DagBag from /opt/airflow/dags/setup_lakehouse_infrastructure_v3.py
[2026-07-21T02:18:49.958+0000] {processor.py:925} INFO - DAG(s) 'setup_lakehouse_infrastructure_v3' retrieved from /opt/airflow/dags/setup_lakehouse_infrastructure_v3.py
[2026-07-21T02:18:49.984+0000] {logging_mixin.py:190} INFO - [2026-07-21T02:18:49.984+0000] {dag.py:3239} INFO - Sync 1 DAGs
[2026-07-21T02:18:50.021+0000] {logging_mixin.py:190} INFO - [2026-07-21T02:18:50.021+0000] {dag.py:4180} INFO - Setting next_dagrun for setup_lakehouse_infrastructure_v3 to None, run_after=None
[2026-07-21T02:18:50.049+0000] {processor.py:208} INFO - Processing /opt/airflow/dags/setup_lakehouse_infrastructure_v3.py took 0.132 seconds
[2026-07-21T02:19:20.386+0000] {processor.py:186} INFO - Started process (PID=4692) to work on /opt/airflow/dags/setup_lakehouse_infrastructure_v3.py
[2026-07-21T02:19:20.387+0000] {processor.py:914} INFO - Processing file /opt/airflow/dags/setup_lakehouse_infrastructure_v3.py for tasks to queue
[2026-07-21T02:19:20.389+0000] {logging_mixin.py:190} INFO - [2026-07-21T02:19:20.389+0000] {dagbag.py:588} INFO - Filling up the DagBag from /opt/airflow/dags/setup_lakehouse_infrastructure_v3.py
[2026-07-21T02:19:20.414+0000] {processor.py:925} INFO - DAG(s) 'setup_lakehouse_infrastructure_v3' retrieved from /opt/airflow/dags/setup_lakehouse_infrastructure_v3.py
[2026-07-21T02:19:20.437+0000] {logging_mixin.py:190} INFO - [2026-07-21T02:19:20.437+0000] {dag.py:3239} INFO - Sync 1 DAGs
[2026-07-21T02:19:20.462+0000] {logging_mixin.py:190} INFO - [2026-07-21T02:19:20.462+0000] {dag.py:4180} INFO - Setting next_dagrun for setup_lakehouse_infrastructure_v3 to None, run_after=None
[2026-07-21T02:19:20.491+0000] {processor.py:208} INFO - Processing /opt/airflow/dags/setup_lakehouse_infrastructure_v3.py took 0.111 seconds
[2026-07-21T02:29:47.779+0000] {processor.py:186} INFO - Started process (PID=243) to work on /opt/airflow/dags/setup_lakehouse_infrastructure_v3.py
[2026-07-21T02:29:47.781+0000] {processor.py:914} INFO - Processing file /opt/airflow/dags/setup_lakehouse_infrastructure_v3.py for tasks to queue
[2026-07-21T02:29:47.784+0000] {logging_mixin.py:190} INFO - [2026-07-21T02:29:47.784+0000] {dagbag.py:588} INFO - Filling up the DagBag from /opt/airflow/dags/setup_lakehouse_infrastructure_v3.py
[2026-07-21T02:29:47.816+0000] {processor.py:925} INFO - DAG(s) 'setup_lakehouse_infrastructure_v3' retrieved from /opt/airflow/dags/setup_lakehouse_infrastructure_v3.py
[2026-07-21T02:29:47.922+0000] {logging_mixin.py:190} INFO - [2026-07-21T02:29:47.921+0000] {override.py:1900} INFO - Created Permission View: can edit on DAG:setup_lakehouse_infrastructure_v3
[2026-07-21T02:29:47.939+0000] {logging_mixin.py:190} INFO - [2026-07-21T02:29:47.938+0000] {override.py:1900} INFO - Created Permission View: can read on DAG:setup_lakehouse_infrastructure_v3
[2026-07-21T02:29:47.951+0000] {logging_mixin.py:190} INFO - [2026-07-21T02:29:47.950+0000] {override.py:1900} INFO - Created Permission View: can delete on DAG:setup_lakehouse_infrastructure_v3
[2026-07-21T02:29:47.963+0000] {logging_mixin.py:190} INFO - [2026-07-21T02:29:47.963+0000] {override.py:1900} INFO - Created Permission View: can create on DAG Run:setup_lakehouse_infrastructure_v3
[2026-07-21T02:29:47.974+0000] {logging_mixin.py:190} INFO - [2026-07-21T02:29:47.973+0000] {override.py:1900} INFO - Created Permission View: can read on DAG Run:setup_lakehouse_infrastructure_v3
[2026-07-21T02:29:47.983+0000] {logging_mixin.py:190} INFO - [2026-07-21T02:29:47.982+0000] {override.py:1900} INFO - Created Permission View: can delete on DAG Run:setup_lakehouse_infrastructure_v3
[2026-07-21T02:29:47.993+0000] {logging_mixin.py:190} INFO - [2026-07-21T02:29:47.993+0000] {override.py:1900} INFO - Created Permission View: menu access on DAG Run:setup_lakehouse_infrastructure_v3
[2026-07-21T02:29:47.994+0000] {logging_mixin.py:190} INFO - [2026-07-21T02:29:47.994+0000] {dag.py:3239} INFO - Sync 1 DAGs
[2026-07-21T02:29:48.009+0000] {logging_mixin.py:190} INFO - [2026-07-21T02:29:48.009+0000] {dag.py:3262} INFO - Creating ORM DAG for setup_lakehouse_infrastructure_v3
[2026-07-21T02:29:48.019+0000] {logging_mixin.py:190} INFO - [2026-07-21T02:29:48.018+0000] {dag.py:4180} INFO - Setting next_dagrun for setup_lakehouse_infrastructure_v3 to 2024-01-01 00:00:00+00:00, run_after=2024-01-01 00:00:00+00:00
[2026-07-21T02:29:48.046+0000] {processor.py:208} INFO - Processing /opt/airflow/dags/setup_lakehouse_infrastructure_v3.py took 0.272 seconds
[2026-07-21T02:30:18.715+0000] {processor.py:186} INFO - Started process (PID=351) to work on /opt/airflow/dags/setup_lakehouse_infrastructure_v3.py
[2026-07-21T02:30:18.716+0000] {processor.py:914} INFO - Processing file /opt/airflow/dags/setup_lakehouse_infrastructure_v3.py for tasks to queue
[2026-07-21T02:30:18.718+0000] {logging_mixin.py:190} INFO - [2026-07-21T02:30:18.718+0000] {dagbag.py:588} INFO - Filling up the DagBag from /opt/airflow/dags/setup_lakehouse_infrastructure_v3.py
[2026-07-21T02:30:18.750+0000] {processor.py:925} INFO - DAG(s) 'setup_lakehouse_infrastructure_v3' retrieved from /opt/airflow/dags/setup_lakehouse_infrastructure_v3.py
[2026-07-21T02:30:18.772+0000] {logging_mixin.py:190} INFO - [2026-07-21T02:30:18.772+0000] {dag.py:3239} INFO - Sync 1 DAGs
[2026-07-21T02:30:18.792+0000] {logging_mixin.py:190} INFO - [2026-07-21T02:30:18.792+0000] {dag.py:4180} INFO - Setting next_dagrun for setup_lakehouse_infrastructure_v3 to 2024-01-01 00:00:00+00:00, run_after=2024-01-01 00:00:00+00:00
[2026-07-21T02:30:18.812+0000] {processor.py:208} INFO - Processing /opt/airflow/dags/setup_lakehouse_infrastructure_v3.py took 0.102 seconds
[2026-07-21T02:30:48.992+0000] {processor.py:186} INFO - Started process (PID=443) to work on /opt/airflow/dags/setup_lakehouse_infrastructure_v3.py
[2026-07-21T02:30:48.993+0000] {processor.py:914} INFO - Processing file /opt/airflow/dags/setup_lakehouse_infrastructure_v3.py for tasks to queue
[2026-07-21T02:30:48.995+0000] {logging_mixin.py:190} INFO - [2026-07-21T02:30:48.995+0000] {dagbag.py:588} INFO - Filling up the DagBag from /opt/airflow/dags/setup_lakehouse_infrastructure_v3.py
[2026-07-21T02:30:49.022+0000] {processor.py:925} INFO - DAG(s) 'setup_lakehouse_infrastructure_v3' retrieved from /opt/airflow/dags/setup_lakehouse_infrastructure_v3.py
[2026-07-21T02:30:49.047+0000] {logging_mixin.py:190} INFO - [2026-07-21T02:30:49.047+0000] {dag.py:3239} INFO - Sync 1 DAGs
[2026-07-21T02:30:49.068+0000] {logging_mixin.py:190} INFO - [2026-07-21T02:30:49.068+0000] {dag.py:4180} INFO - Setting next_dagrun for setup_lakehouse_infrastructure_v3 to 2024-01-01 00:00:00+00:00, run_after=2024-01-01 00:00:00+00:00
[2026-07-21T02:30:49.096+0000] {processor.py:208} INFO - Processing /opt/airflow/dags/setup_lakehouse_infrastructure_v3.py took 0.110 seconds
[2026-07-21T02:31:19.664+0000] {processor.py:186} INFO - Started process (PID=554) to work on /opt/airflow/dags/setup_lakehouse_infrastructure_v3.py
[2026-07-21T02:31:19.665+0000] {processor.py:914} INFO - Processing file /opt/airflow/dags/setup_lakehouse_infrastructure_v3.py for tasks to queue
[2026-07-21T02:31:19.667+0000] {logging_mixin.py:190} INFO - [2026-07-21T02:31:19.666+0000] {dagbag.py:588} INFO - Filling up the DagBag from /opt/airflow/dags/setup_lakehouse_infrastructure_v3.py
[2026-07-21T02:31:19.692+0000] {processor.py:925} INFO - DAG(s) 'setup_lakehouse_infrastructure_v3' retrieved from /opt/airflow/dags/setup_lakehouse_infrastructure_v3.py
[2026-07-21T02:31:19.713+0000] {logging_mixin.py:190} INFO - [2026-07-21T02:31:19.713+0000] {dag.py:3239} INFO - Sync 1 DAGs
[2026-07-21T02:31:19.738+0000] {logging_mixin.py:190} INFO - [2026-07-21T02:31:19.738+0000] {dag.py:4180} INFO - Setting next_dagrun for setup_lakehouse_infrastructure_v3 to 2024-01-01 00:00:00+00:00, run_after=2024-01-01 00:00:00+00:00
[2026-07-21T02:31:19.766+0000] {processor.py:208} INFO - Processing /opt/airflow/dags/setup_lakehouse_infrastructure_v3.py took 0.108 seconds
[2026-07-21T02:31:50.764+0000] {processor.py:186} INFO - Started process (PID=677) to work on /opt/airflow/dags/setup_lakehouse_infrastructure_v3.py
[2026-07-21T02:31:50.765+0000] {processor.py:914} INFO - Processing file /opt/airflow/dags/setup_lakehouse_infrastructure_v3.py for tasks to queue
[2026-07-21T02:31:50.767+0000] {logging_mixin.py:190} INFO - [2026-07-21T02:31:50.767+0000] {dagbag.py:588} INFO - Filling up the DagBag from /opt/airflow/dags/setup_lakehouse_infrastructure_v3.py
[2026-07-21T02:31:50.791+0000] {processor.py:925} INFO - DAG(s) 'setup_lakehouse_infrastructure_v3' retrieved from /opt/airflow/dags/setup_lakehouse_infrastructure_v3.py
[2026-07-21T02:31:50.813+0000] {logging_mixin.py:190} INFO - [2026-07-21T02:31:50.813+0000] {dag.py:3239} INFO - Sync 1 DAGs
[2026-07-21T02:31:50.832+0000] {logging_mixin.py:190} INFO - [2026-07-21T02:31:50.832+0000] {dag.py:4180} INFO - Setting next_dagrun for setup_lakehouse_infrastructure_v3 to 2024-01-01 00:00:00+00:00, run_after=2024-01-01 00:00:00+00:00
[2026-07-21T02:31:50.848+0000] {processor.py:208} INFO - Processing /opt/airflow/dags/setup_lakehouse_infrastructure_v3.py took 0.090 seconds
[2026-07-21T02:32:21.218+0000] {processor.py:186} INFO - Started process (PID=777) to work on /opt/airflow/dags/setup_lakehouse_infrastructure_v3.py
[2026-07-21T02:32:21.219+0000] {processor.py:914} INFO - Processing file /opt/airflow/dags/setup_lakehouse_infrastructure_v3.py for tasks to queue
[2026-07-21T02:32:21.221+0000] {logging_mixin.py:190} INFO - [2026-07-21T02:32:21.221+0000] {dagbag.py:588} INFO - Filling up the DagBag from /opt/airflow/dags/setup_lakehouse_infrastructure_v3.py
[2026-07-21T02:32:21.251+0000] {processor.py:925} INFO - DAG(s) 'setup_lakehouse_infrastructure_v3' retrieved from /opt/airflow/dags/setup_lakehouse_infrastructure_v3.py
[2026-07-21T02:32:21.278+0000] {logging_mixin.py:190} INFO - [2026-07-21T02:32:21.278+0000] {dag.py:3239} INFO - Sync 1 DAGs
[2026-07-21T02:32:21.302+0000] {logging_mixin.py:190} INFO - [2026-07-21T02:32:21.301+0000] {dag.py:4180} INFO - Setting next_dagrun for setup_lakehouse_infrastructure_v3 to None, run_after=None
[2026-07-21T02:32:21.329+0000] {processor.py:208} INFO - Processing /opt/airflow/dags/setup_lakehouse_infrastructure_v3.py took 0.117 seconds
[2026-07-21T02:32:51.644+0000] {processor.py:186} INFO - Started process (PID=885) to work on /opt/airflow/dags/setup_lakehouse_infrastructure_v3.py
[2026-07-21T02:32:51.645+0000] {processor.py:914} INFO - Processing file /opt/airflow/dags/setup_lakehouse_infrastructure_v3.py for tasks to queue
[2026-07-21T02:32:51.647+0000] {logging_mixin.py:190} INFO - [2026-07-21T02:32:51.647+0000] {dagbag.py:588} INFO - Filling up the DagBag from /opt/airflow/dags/setup_lakehouse_infrastructure_v3.py
[2026-07-21T02:32:51.680+0000] {processor.py:925} INFO - DAG(s) 'setup_lakehouse_infrastructure_v3' retrieved from /opt/airflow/dags/setup_lakehouse_infrastructure_v3.py
[2026-07-21T02:32:51.705+0000] {logging_mixin.py:190} INFO - [2026-07-21T02:32:51.705+0000] {dag.py:3239} INFO - Sync 1 DAGs
[2026-07-21T02:32:51.727+0000] {logging_mixin.py:190} INFO - [2026-07-21T02:32:51.727+0000] {dag.py:4180} INFO - Setting next_dagrun for setup_lakehouse_infrastructure_v3 to None, run_after=None
[2026-07-21T02:32:51.747+0000] {processor.py:208} INFO - Processing /opt/airflow/dags/setup_lakehouse_infrastructure_v3.py took 0.109 seconds
[2026-07-21T02:33:22.889+0000] {processor.py:186} INFO - Started process (PID=1335) to work on /opt/airflow/dags/setup_lakehouse_infrastructure_v3.py
[2026-07-21T02:33:22.891+0000] {processor.py:914} INFO - Processing file /opt/airflow/dags/setup_lakehouse_infrastructure_v3.py for tasks to queue
[2026-07-21T02:33:22.894+0000] {logging_mixin.py:190} INFO - [2026-07-21T02:33:22.894+0000] {dagbag.py:588} INFO - Filling up the DagBag from /opt/airflow/dags/setup_lakehouse_infrastructure_v3.py
[2026-07-21T02:33:22.921+0000] {processor.py:925} INFO - DAG(s) 'setup_lakehouse_infrastructure_v3' retrieved from /opt/airflow/dags/setup_lakehouse_infrastructure_v3.py
[2026-07-21T02:33:22.946+0000] {logging_mixin.py:190} INFO - [2026-07-21T02:33:22.946+0000] {dag.py:3239} INFO - Sync 1 DAGs
[2026-07-21T02:33:22.971+0000] {logging_mixin.py:190} INFO - [2026-07-21T02:33:22.971+0000] {dag.py:4180} INFO - Setting next_dagrun for setup_lakehouse_infrastructure_v3 to None, run_after=None
[2026-07-21T02:33:22.997+0000] {processor.py:208} INFO - Processing /opt/airflow/dags/setup_lakehouse_infrastructure_v3.py took 0.113 seconds
[2026-07-21T02:33:53.840+0000] {processor.py:186} INFO - Started process (PID=1452) to work on /opt/airflow/dags/setup_lakehouse_infrastructure_v3.py
[2026-07-21T02:33:53.841+0000] {processor.py:914} INFO - Processing file /opt/airflow/dags/setup_lakehouse_infrastructure_v3.py for tasks to queue
[2026-07-21T02:33:53.844+0000] {logging_mixin.py:190} INFO - [2026-07-21T02:33:53.843+0000] {dagbag.py:588} INFO - Filling up the DagBag from /opt/airflow/dags/setup_lakehouse_infrastructure_v3.py
[2026-07-21T02:33:53.870+0000] {processor.py:925} INFO - DAG(s) 'setup_lakehouse_infrastructure_v3' retrieved from /opt/airflow/dags/setup_lakehouse_infrastructure_v3.py
[2026-07-21T02:33:53.894+0000] {logging_mixin.py:190} INFO - [2026-07-21T02:33:53.894+0000] {dag.py:3239} INFO - Sync 1 DAGs
[2026-07-21T02:33:53.916+0000] {logging_mixin.py:190} INFO - [2026-07-21T02:33:53.915+0000] {dag.py:4180} INFO - Setting next_dagrun for setup_lakehouse_infrastructure_v3 to None, run_after=None
[2026-07-21T02:33:53.938+0000] {processor.py:208} INFO - Processing /opt/airflow/dags/setup_lakehouse_infrastructure_v3.py took 0.103 seconds
[2026-07-21T02:34:24.943+0000] {processor.py:186} INFO - Started process (PID=1578) to work on /opt/airflow/dags/setup_lakehouse_infrastructure_v3.py
[2026-07-21T02:34:24.944+0000] {processor.py:914} INFO - Processing file /opt/airflow/dags/setup_lakehouse_infrastructure_v3.py for tasks to queue
[2026-07-21T02:34:24.946+0000] {logging_mixin.py:190} INFO - [2026-07-21T02:34:24.946+0000] {dagbag.py:588} INFO - Filling up the DagBag from /opt/airflow/dags/setup_lakehouse_infrastructure_v3.py
[2026-07-21T02:34:24.981+0000] {processor.py:925} INFO - DAG(s) 'setup_lakehouse_infrastructure_v3' retrieved from /opt/airflow/dags/setup_lakehouse_infrastructure_v3.py
[2026-07-21T02:34:25.006+0000] {logging_mixin.py:190} INFO - [2026-07-21T02:34:25.006+0000] {dag.py:3239} INFO - Sync 1 DAGs
[2026-07-21T02:34:25.030+0000] {logging_mixin.py:190} INFO - [2026-07-21T02:34:25.030+0000] {dag.py:4180} INFO - Setting next_dagrun for setup_lakehouse_infrastructure_v3 to None, run_after=None
[2026-07-21T02:34:25.058+0000] {processor.py:208} INFO - Processing /opt/airflow/dags/setup_lakehouse_infrastructure_v3.py took 0.124 seconds
[2026-07-21T02:34:55.633+0000] {processor.py:186} INFO - Started process (PID=1738) to work on /opt/airflow/dags/setup_lakehouse_infrastructure_v3.py
[2026-07-21T02:34:55.634+0000] {processor.py:914} INFO - Processing file /opt/airflow/dags/setup_lakehouse_infrastructure_v3.py for tasks to queue
[2026-07-21T02:34:55.638+0000] {logging_mixin.py:190} INFO - [2026-07-21T02:34:55.638+0000] {dagbag.py:588} INFO - Filling up the DagBag from /opt/airflow/dags/setup_lakehouse_infrastructure_v3.py
[2026-07-21T02:34:55.676+0000] {processor.py:925} INFO - DAG(s) 'setup_lakehouse_infrastructure_v3' retrieved from /opt/airflow/dags/setup_lakehouse_infrastructure_v3.py
[2026-07-21T02:34:55.710+0000] {logging_mixin.py:190} INFO - [2026-07-21T02:34:55.710+0000] {dag.py:3239} INFO - Sync 1 DAGs
[2026-07-21T02:34:55.747+0000] {logging_mixin.py:190} INFO - [2026-07-21T02:34:55.747+0000] {dag.py:4180} INFO - Setting next_dagrun for setup_lakehouse_infrastructure_v3 to None, run_after=None
[2026-07-21T02:34:55.779+0000] {processor.py:208} INFO - Processing /opt/airflow/dags/setup_lakehouse_infrastructure_v3.py took 0.156 seconds
[2026-07-21T02:35:28.586+0000] {processor.py:186} INFO - Started process (PID=1928) to work on /opt/airflow/dags/setup_lakehouse_infrastructure_v3.py
[2026-07-21T02:35:28.588+0000] {processor.py:914} INFO - Processing file /opt/airflow/dags/setup_lakehouse_infrastructure_v3.py for tasks to queue
[2026-07-21T02:35:28.592+0000] {logging_mixin.py:190} INFO - [2026-07-21T02:35:28.592+0000] {dagbag.py:588} INFO - Filling up the DagBag from /opt/airflow/dags/setup_lakehouse_infrastructure_v3.py
[2026-07-21T02:35:28.632+0000] {processor.py:925} INFO - DAG(s) 'setup_lakehouse_infrastructure_v3' retrieved from /opt/airflow/dags/setup_lakehouse_infrastructure_v3.py
[2026-07-21T02:35:28.677+0000] {logging_mixin.py:190} INFO - [2026-07-21T02:35:28.676+0000] {dag.py:3239} INFO - Sync 1 DAGs
[2026-07-21T02:35:28.734+0000] {logging_mixin.py:190} INFO - [2026-07-21T02:35:28.733+0000] {dag.py:4180} INFO - Setting next_dagrun for setup_lakehouse_infrastructure_v3 to None, run_after=None
[2026-07-21T02:35:28.791+0000] {processor.py:208} INFO - Processing /opt/airflow/dags/setup_lakehouse_infrastructure_v3.py took 0.215 seconds
[2026-07-21T02:35:59.051+0000] {processor.py:186} INFO - Started process (PID=2026) to work on /opt/airflow/dags/setup_lakehouse_infrastructure_v3.py
[2026-07-21T02:35:59.052+0000] {processor.py:914} INFO - Processing file /opt/airflow/dags/setup_lakehouse_infrastructure_v3.py for tasks to queue
[2026-07-21T02:35:59.054+0000] {logging_mixin.py:190} INFO - [2026-07-21T02:35:59.053+0000] {dagbag.py:588} INFO - Filling up the DagBag from /opt/airflow/dags/setup_lakehouse_infrastructure_v3.py
[2026-07-21T02:35:59.076+0000] {processor.py:925} INFO - DAG(s) 'setup_lakehouse_infrastructure_v3' retrieved from /opt/airflow/dags/setup_lakehouse_infrastructure_v3.py
[2026-07-21T02:35:59.099+0000] {logging_mixin.py:190} INFO - [2026-07-21T02:35:59.099+0000] {dag.py:3239} INFO - Sync 1 DAGs
[2026-07-21T02:35:59.125+0000] {logging_mixin.py:190} INFO - [2026-07-21T02:35:59.125+0000] {dag.py:4180} INFO - Setting next_dagrun for setup_lakehouse_infrastructure_v3 to None, run_after=None
[2026-07-21T02:35:59.153+0000] {processor.py:208} INFO - Processing /opt/airflow/dags/setup_lakehouse_infrastructure_v3.py took 0.108 seconds
[2026-07-21T02:36:29.333+0000] {processor.py:186} INFO - Started process (PID=2147) to work on /opt/airflow/dags/setup_lakehouse_infrastructure_v3.py
[2026-07-21T02:36:29.334+0000] {processor.py:914} INFO - Processing file /opt/airflow/dags/setup_lakehouse_infrastructure_v3.py for tasks to queue
[2026-07-21T02:36:29.337+0000] {logging_mixin.py:190} INFO - [2026-07-21T02:36:29.337+0000] {dagbag.py:588} INFO - Filling up the DagBag from /opt/airflow/dags/setup_lakehouse_infrastructure_v3.py
[2026-07-21T02:36:29.367+0000] {processor.py:925} INFO - DAG(s) 'setup_lakehouse_infrastructure_v3' retrieved from /opt/airflow/dags/setup_lakehouse_infrastructure_v3.py
[2026-07-21T02:36:29.394+0000] {logging_mixin.py:190} INFO - [2026-07-21T02:36:29.394+0000] {dag.py:3239} INFO - Sync 1 DAGs
[2026-07-21T02:36:29.421+0000] {logging_mixin.py:190} INFO - [2026-07-21T02:36:29.421+0000] {dag.py:4180} INFO - Setting next_dagrun for setup_lakehouse_infrastructure_v3 to None, run_after=None
[2026-07-21T02:36:29.446+0000] {processor.py:208} INFO - Processing /opt/airflow/dags/setup_lakehouse_infrastructure_v3.py took 0.120 seconds
[2026-07-21T02:37:00.822+0000] {processor.py:186} INFO - Started process (PID=2275) to work on /opt/airflow/dags/setup_lakehouse_infrastructure_v3.py
[2026-07-21T02:37:00.823+0000] {processor.py:914} INFO - Processing file /opt/airflow/dags/setup_lakehouse_infrastructure_v3.py for tasks to queue
[2026-07-21T02:37:00.827+0000] {logging_mixin.py:190} INFO - [2026-07-21T02:37:00.826+0000] {dagbag.py:588} INFO - Filling up the DagBag from /opt/airflow/dags/setup_lakehouse_infrastructure_v3.py
[2026-07-21T02:37:00.860+0000] {processor.py:925} INFO - DAG(s) 'setup_lakehouse_infrastructure_v3' retrieved from /opt/airflow/dags/setup_lakehouse_infrastructure_v3.py
[2026-07-21T02:37:00.884+0000] {logging_mixin.py:190} INFO - [2026-07-21T02:37:00.884+0000] {dag.py:3239} INFO - Sync 1 DAGs
[2026-07-21T02:37:00.906+0000] {logging_mixin.py:190} INFO - [2026-07-21T02:37:00.906+0000] {dag.py:4180} INFO - Setting next_dagrun for setup_lakehouse_infrastructure_v3 to None, run_after=None
[2026-07-21T02:37:00.934+0000] {processor.py:208} INFO - Processing /opt/airflow/dags/setup_lakehouse_infrastructure_v3.py took 0.118 seconds
[2026-07-21T02:37:31.638+0000] {processor.py:186} INFO - Started process (PID=2369) to work on /opt/airflow/dags/setup_lakehouse_infrastructure_v3.py
[2026-07-21T02:37:31.639+0000] {processor.py:914} INFO - Processing file /opt/airflow/dags/setup_lakehouse_infrastructure_v3.py for tasks to queue
[2026-07-21T02:37:31.642+0000] {logging_mixin.py:190} INFO - [2026-07-21T02:37:31.641+0000] {dagbag.py:588} INFO - Filling up the DagBag from /opt/airflow/dags/setup_lakehouse_infrastructure_v3.py
[2026-07-21T02:37:31.676+0000] {processor.py:925} INFO - DAG(s) 'setup_lakehouse_infrastructure_v3' retrieved from /opt/airflow/dags/setup_lakehouse_infrastructure_v3.py
[2026-07-21T02:37:31.698+0000] {logging_mixin.py:190} INFO - [2026-07-21T02:37:31.698+0000] {dag.py:3239} INFO - Sync 1 DAGs
[2026-07-21T02:37:31.720+0000] {logging_mixin.py:190} INFO - [2026-07-21T02:37:31.720+0000] {dag.py:4180} INFO - Setting next_dagrun for setup_lakehouse_infrastructure_v3 to None, run_after=None
[2026-07-21T02:37:31.740+0000] {processor.py:208} INFO - Processing /opt/airflow/dags/setup_lakehouse_infrastructure_v3.py took 0.107 seconds
[2026-07-21T02:38:02.291+0000] {processor.py:186} INFO - Started process (PID=2475) to work on /opt/airflow/dags/setup_lakehouse_infrastructure_v3.py
[2026-07-21T02:38:02.293+0000] {processor.py:914} INFO - Processing file /opt/airflow/dags/setup_lakehouse_infrastructure_v3.py for tasks to queue
[2026-07-21T02:38:02.295+0000] {logging_mixin.py:190} INFO - [2026-07-21T02:38:02.295+0000] {dagbag.py:588} INFO - Filling up the DagBag from /opt/airflow/dags/setup_lakehouse_infrastructure_v3.py
[2026-07-21T02:38:02.328+0000] {processor.py:925} INFO - DAG(s) 'setup_lakehouse_infrastructure_v3' retrieved from /opt/airflow/dags/setup_lakehouse_infrastructure_v3.py
[2026-07-21T02:38:02.354+0000] {logging_mixin.py:190} INFO - [2026-07-21T02:38:02.354+0000] {dag.py:3239} INFO - Sync 1 DAGs
[2026-07-21T02:38:02.378+0000] {logging_mixin.py:190} INFO - [2026-07-21T02:38:02.378+0000] {dag.py:4180} INFO - Setting next_dagrun for setup_lakehouse_infrastructure_v3 to None, run_after=None
[2026-07-21T02:38:02.400+0000] {processor.py:208} INFO - Processing /opt/airflow/dags/setup_lakehouse_infrastructure_v3.py took 0.115 seconds
[2026-07-21T02:38:33.099+0000] {processor.py:186} INFO - Started process (PID=2574) to work on /opt/airflow/dags/setup_lakehouse_infrastructure_v3.py
[2026-07-21T02:38:33.100+0000] {processor.py:914} INFO - Processing file /opt/airflow/dags/setup_lakehouse_infrastructure_v3.py for tasks to queue
[2026-07-21T02:38:33.102+0000] {logging_mixin.py:190} INFO - [2026-07-21T02:38:33.102+0000] {dagbag.py:588} INFO - Filling up the DagBag from /opt/airflow/dags/setup_lakehouse_infrastructure_v3.py
[2026-07-21T02:38:33.133+0000] {processor.py:925} INFO - DAG(s) 'setup_lakehouse_infrastructure_v3' retrieved from /opt/airflow/dags/setup_lakehouse_infrastructure_v3.py
[2026-07-21T02:38:33.159+0000] {logging_mixin.py:190} INFO - [2026-07-21T02:38:33.158+0000] {dag.py:3239} INFO - Sync 1 DAGs
[2026-07-21T02:38:33.183+0000] {logging_mixin.py:190} INFO - [2026-07-21T02:38:33.183+0000] {dag.py:4180} INFO - Setting next_dagrun for setup_lakehouse_infrastructure_v3 to None, run_after=None
[2026-07-21T02:38:33.213+0000] {processor.py:208} INFO - Processing /opt/airflow/dags/setup_lakehouse_infrastructure_v3.py took 0.121 seconds
[2026-07-21T02:39:05.764+0000] {processor.py:186} INFO - Started process (PID=2714) to work on /opt/airflow/dags/setup_lakehouse_infrastructure_v3.py
[2026-07-21T02:39:05.765+0000] {processor.py:914} INFO - Processing file /opt/airflow/dags/setup_lakehouse_infrastructure_v3.py for tasks to queue
[2026-07-21T02:39:05.767+0000] {logging_mixin.py:190} INFO - [2026-07-21T02:39:05.767+0000] {dagbag.py:588} INFO - Filling up the DagBag from /opt/airflow/dags/setup_lakehouse_infrastructure_v3.py
[2026-07-21T02:39:05.793+0000] {processor.py:925} INFO - DAG(s) 'setup_lakehouse_infrastructure_v3' retrieved from /opt/airflow/dags/setup_lakehouse_infrastructure_v3.py
[2026-07-21T02:39:05.817+0000] {logging_mixin.py:190} INFO - [2026-07-21T02:39:05.817+0000] {dag.py:3239} INFO - Sync 1 DAGs
[2026-07-21T02:39:05.845+0000] {logging_mixin.py:190} INFO - [2026-07-21T02:39:05.845+0000] {dag.py:4180} INFO - Setting next_dagrun for setup_lakehouse_infrastructure_v3 to None, run_after=None
[2026-07-21T02:39:05.864+0000] {processor.py:208} INFO - Processing /opt/airflow/dags/setup_lakehouse_infrastructure_v3.py took 0.106 seconds
[2026-07-21T02:39:36.175+0000] {processor.py:186} INFO - Started process (PID=2808) to work on /opt/airflow/dags/setup_lakehouse_infrastructure_v3.py
[2026-07-21T02:39:36.176+0000] {processor.py:914} INFO - Processing file /opt/airflow/dags/setup_lakehouse_infrastructure_v3.py for tasks to queue
[2026-07-21T02:39:36.178+0000] {logging_mixin.py:190} INFO - [2026-07-21T02:39:36.178+0000] {dagbag.py:588} INFO - Filling up the DagBag from /opt/airflow/dags/setup_lakehouse_infrastructure_v3.py
[2026-07-21T02:39:36.202+0000] {processor.py:925} INFO - DAG(s) 'setup_lakehouse_infrastructure_v3' retrieved from /opt/airflow/dags/setup_lakehouse_infrastructure_v3.py
[2026-07-21T02:39:36.227+0000] {logging_mixin.py:190} INFO - [2026-07-21T02:39:36.227+0000] {dag.py:3239} INFO - Sync 1 DAGs
[2026-07-21T02:39:36.250+0000] {logging_mixin.py:190} INFO - [2026-07-21T02:39:36.250+0000] {dag.py:4180} INFO - Setting next_dagrun for setup_lakehouse_infrastructure_v3 to None, run_after=None
[2026-07-21T02:39:36.274+0000] {processor.py:208} INFO - Processing /opt/airflow/dags/setup_lakehouse_infrastructure_v3.py took 0.106 seconds
[2026-07-21T02:40:06.529+0000] {processor.py:186} INFO - Started process (PID=2902) to work on /opt/airflow/dags/setup_lakehouse_infrastructure_v3.py
[2026-07-21T02:40:06.530+0000] {processor.py:914} INFO - Processing file /opt/airflow/dags/setup_lakehouse_infrastructure_v3.py for tasks to queue
[2026-07-21T02:40:06.532+0000] {logging_mixin.py:190} INFO - [2026-07-21T02:40:06.532+0000] {dagbag.py:588} INFO - Filling up the DagBag from /opt/airflow/dags/setup_lakehouse_infrastructure_v3.py
[2026-07-21T02:40:06.557+0000] {processor.py:925} INFO - DAG(s) 'setup_lakehouse_infrastructure_v3' retrieved from /opt/airflow/dags/setup_lakehouse_infrastructure_v3.py
[2026-07-21T02:40:06.581+0000] {logging_mixin.py:190} INFO - [2026-07-21T02:40:06.581+0000] {dag.py:3239} INFO - Sync 1 DAGs
[2026-07-21T02:40:06.605+0000] {logging_mixin.py:190} INFO - [2026-07-21T02:40:06.604+0000] {dag.py:4180} INFO - Setting next_dagrun for setup_lakehouse_infrastructure_v3 to None, run_after=None
[2026-07-21T02:40:06.629+0000] {processor.py:208} INFO - Processing /opt/airflow/dags/setup_lakehouse_infrastructure_v3.py took 0.105 seconds
[2026-07-21T02:40:37.364+0000] {processor.py:186} INFO - Started process (PID=3010) to work on /opt/airflow/dags/setup_lakehouse_infrastructure_v3.py
[2026-07-21T02:40:37.366+0000] {processor.py:914} INFO - Processing file /opt/airflow/dags/setup_lakehouse_infrastructure_v3.py for tasks to queue
[2026-07-21T02:40:37.369+0000] {logging_mixin.py:190} INFO - [2026-07-21T02:40:37.368+0000] {dagbag.py:588} INFO - Filling up the DagBag from /opt/airflow/dags/setup_lakehouse_infrastructure_v3.py
[2026-07-21T02:40:37.392+0000] {processor.py:925} INFO - DAG(s) 'setup_lakehouse_infrastructure_v3' retrieved from /opt/airflow/dags/setup_lakehouse_infrastructure_v3.py
[2026-07-21T02:40:37.417+0000] {logging_mixin.py:190} INFO - [2026-07-21T02:40:37.416+0000] {dag.py:3239} INFO - Sync 1 DAGs
[2026-07-21T02:40:37.439+0000] {logging_mixin.py:190} INFO - [2026-07-21T02:40:37.439+0000] {dag.py:4180} INFO - Setting next_dagrun for setup_lakehouse_infrastructure_v3 to None, run_after=None
[2026-07-21T02:40:37.462+0000] {processor.py:208} INFO - Processing /opt/airflow/dags/setup_lakehouse_infrastructure_v3.py took 0.104 seconds
[2026-07-21T02:41:08.755+0000] {processor.py:186} INFO - Started process (PID=3119) to work on /opt/airflow/dags/setup_lakehouse_infrastructure_v3.py
[2026-07-21T02:41:08.756+0000] {processor.py:914} INFO - Processing file /opt/airflow/dags/setup_lakehouse_infrastructure_v3.py for tasks to queue
[2026-07-21T02:41:08.758+0000] {logging_mixin.py:190} INFO - [2026-07-21T02:41:08.758+0000] {dagbag.py:588} INFO - Filling up the DagBag from /opt/airflow/dags/setup_lakehouse_infrastructure_v3.py
[2026-07-21T02:41:08.781+0000] {processor.py:925} INFO - DAG(s) 'setup_lakehouse_infrastructure_v3' retrieved from /opt/airflow/dags/setup_lakehouse_infrastructure_v3.py
[2026-07-21T02:41:08.806+0000] {logging_mixin.py:190} INFO - [2026-07-21T02:41:08.806+0000] {dag.py:3239} INFO - Sync 1 DAGs
[2026-07-21T02:41:08.827+0000] {logging_mixin.py:190} INFO - [2026-07-21T02:41:08.827+0000] {dag.py:4180} INFO - Setting next_dagrun for setup_lakehouse_infrastructure_v3 to None, run_after=None
[2026-07-21T02:41:08.845+0000] {processor.py:208} INFO - Processing /opt/airflow/dags/setup_lakehouse_infrastructure_v3.py took 0.097 seconds
[2026-07-21T02:41:39.605+0000] {processor.py:186} INFO - Started process (PID=3227) to work on /opt/airflow/dags/setup_lakehouse_infrastructure_v3.py
[2026-07-21T02:41:39.607+0000] {processor.py:914} INFO - Processing file /opt/airflow/dags/setup_lakehouse_infrastructure_v3.py for tasks to queue
[2026-07-21T02:41:39.609+0000] {logging_mixin.py:190} INFO - [2026-07-21T02:41:39.609+0000] {dagbag.py:588} INFO - Filling up the DagBag from /opt/airflow/dags/setup_lakehouse_infrastructure_v3.py
[2026-07-21T02:41:39.638+0000] {processor.py:925} INFO - DAG(s) 'setup_lakehouse_infrastructure_v3' retrieved from /opt/airflow/dags/setup_lakehouse_infrastructure_v3.py
[2026-07-21T02:41:39.664+0000] {logging_mixin.py:190} INFO - [2026-07-21T02:41:39.663+0000] {dag.py:3239} INFO - Sync 1 DAGs
[2026-07-21T02:41:39.684+0000] {logging_mixin.py:190} INFO - [2026-07-21T02:41:39.684+0000] {dag.py:4180} INFO - Setting next_dagrun for setup_lakehouse_infrastructure_v3 to None, run_after=None
[2026-07-21T02:41:39.709+0000] {processor.py:208} INFO - Processing /opt/airflow/dags/setup_lakehouse_infrastructure_v3.py took 0.109 seconds
[2026-07-21T02:42:10.278+0000] {processor.py:186} INFO - Started process (PID=3338) to work on /opt/airflow/dags/setup_lakehouse_infrastructure_v3.py
[2026-07-21T02:42:10.280+0000] {processor.py:914} INFO - Processing file /opt/airflow/dags/setup_lakehouse_infrastructure_v3.py for tasks to queue
[2026-07-21T02:42:10.282+0000] {logging_mixin.py:190} INFO - [2026-07-21T02:42:10.282+0000] {dagbag.py:588} INFO - Filling up the DagBag from /opt/airflow/dags/setup_lakehouse_infrastructure_v3.py
[2026-07-21T02:42:10.309+0000] {processor.py:925} INFO - DAG(s) 'setup_lakehouse_infrastructure_v3' retrieved from /opt/airflow/dags/setup_lakehouse_infrastructure_v3.py
[2026-07-21T02:42:10.334+0000] {logging_mixin.py:190} INFO - [2026-07-21T02:42:10.334+0000] {dag.py:3239} INFO - Sync 1 DAGs
[2026-07-21T02:42:10.356+0000] {logging_mixin.py:190} INFO - [2026-07-21T02:42:10.356+0000] {dag.py:4180} INFO - Setting next_dagrun for setup_lakehouse_infrastructure_v3 to None, run_after=None
[2026-07-21T02:42:10.379+0000] {processor.py:208} INFO - Processing /opt/airflow/dags/setup_lakehouse_infrastructure_v3.py took 0.106 seconds
[2026-07-21T02:42:41.949+0000] {processor.py:186} INFO - Started process (PID=3447) to work on /opt/airflow/dags/setup_lakehouse_infrastructure_v3.py
[2026-07-21T02:42:41.950+0000] {processor.py:914} INFO - Processing file /opt/airflow/dags/setup_lakehouse_infrastructure_v3.py for tasks to queue
[2026-07-21T02:42:41.952+0000] {logging_mixin.py:190} INFO - [2026-07-21T02:42:41.952+0000] {dagbag.py:588} INFO - Filling up the DagBag from /opt/airflow/dags/setup_lakehouse_infrastructure_v3.py
[2026-07-21T02:42:41.975+0000] {processor.py:925} INFO - DAG(s) 'setup_lakehouse_infrastructure_v3' retrieved from /opt/airflow/dags/setup_lakehouse_infrastructure_v3.py
[2026-07-21T02:42:42.000+0000] {logging_mixin.py:190} INFO - [2026-07-21T02:42:42.000+0000] {dag.py:3239} INFO - Sync 1 DAGs
[2026-07-21T02:42:42.024+0000] {logging_mixin.py:190} INFO - [2026-07-21T02:42:42.024+0000] {dag.py:4180} INFO - Setting next_dagrun for setup_lakehouse_infrastructure_v3 to None, run_after=None
[2026-07-21T02:42:42.043+0000] {processor.py:208} INFO - Processing /opt/airflow/dags/setup_lakehouse_infrastructure_v3.py took 0.101 seconds
[2026-07-21T02:43:12.885+0000] {processor.py:186} INFO - Started process (PID=3555) to work on /opt/airflow/dags/setup_lakehouse_infrastructure_v3.py
[2026-07-21T02:43:12.886+0000] {processor.py:914} INFO - Processing file /opt/airflow/dags/setup_lakehouse_infrastructure_v3.py for tasks to queue
[2026-07-21T02:43:12.888+0000] {logging_mixin.py:190} INFO - [2026-07-21T02:43:12.888+0000] {dagbag.py:588} INFO - Filling up the DagBag from /opt/airflow/dags/setup_lakehouse_infrastructure_v3.py
[2026-07-21T02:43:12.921+0000] {processor.py:925} INFO - DAG(s) 'setup_lakehouse_infrastructure_v3' retrieved from /opt/airflow/dags/setup_lakehouse_infrastructure_v3.py
[2026-07-21T02:43:12.944+0000] {logging_mixin.py:190} INFO - [2026-07-21T02:43:12.943+0000] {dag.py:3239} INFO - Sync 1 DAGs
[2026-07-21T02:43:12.967+0000] {logging_mixin.py:190} INFO - [2026-07-21T02:43:12.967+0000] {dag.py:4180} INFO - Setting next_dagrun for setup_lakehouse_infrastructure_v3 to None, run_after=None
[2026-07-21T02:43:12.989+0000] {processor.py:208} INFO - Processing /opt/airflow/dags/setup_lakehouse_infrastructure_v3.py took 0.110 seconds
[2026-07-21T02:43:43.535+0000] {processor.py:186} INFO - Started process (PID=3666) to work on /opt/airflow/dags/setup_lakehouse_infrastructure_v3.py
[2026-07-21T02:43:43.537+0000] {processor.py:914} INFO - Processing file /opt/airflow/dags/setup_lakehouse_infrastructure_v3.py for tasks to queue
[2026-07-21T02:43:43.540+0000] {logging_mixin.py:190} INFO - [2026-07-21T02:43:43.539+0000] {dagbag.py:588} INFO - Filling up the DagBag from /opt/airflow/dags/setup_lakehouse_infrastructure_v3.py
[2026-07-21T02:43:43.575+0000] {processor.py:925} INFO - DAG(s) 'setup_lakehouse_infrastructure_v3' retrieved from /opt/airflow/dags/setup_lakehouse_infrastructure_v3.py
[2026-07-21T02:43:43.599+0000] {logging_mixin.py:190} INFO - [2026-07-21T02:43:43.599+0000] {dag.py:3239} INFO - Sync 1 DAGs
[2026-07-21T02:43:43.622+0000] {logging_mixin.py:190} INFO - [2026-07-21T02:43:43.621+0000] {dag.py:4180} INFO - Setting next_dagrun for setup_lakehouse_infrastructure_v3 to None, run_after=None
[2026-07-21T02:43:43.643+0000] {processor.py:208} INFO - Processing /opt/airflow/dags/setup_lakehouse_infrastructure_v3.py took 0.117 seconds
[2026-07-21T02:44:14.368+0000] {processor.py:186} INFO - Started process (PID=3777) to work on /opt/airflow/dags/setup_lakehouse_infrastructure_v3.py
[2026-07-21T02:44:14.370+0000] {processor.py:914} INFO - Processing file /opt/airflow/dags/setup_lakehouse_infrastructure_v3.py for tasks to queue
[2026-07-21T02:44:14.372+0000] {logging_mixin.py:190} INFO - [2026-07-21T02:44:14.372+0000] {dagbag.py:588} INFO - Filling up the DagBag from /opt/airflow/dags/setup_lakehouse_infrastructure_v3.py
[2026-07-21T02:44:14.404+0000] {processor.py:925} INFO - DAG(s) 'setup_lakehouse_infrastructure_v3' retrieved from /opt/airflow/dags/setup_lakehouse_infrastructure_v3.py
[2026-07-21T02:44:14.429+0000] {logging_mixin.py:190} INFO - [2026-07-21T02:44:14.429+0000] {dag.py:3239} INFO - Sync 1 DAGs
[2026-07-21T02:44:14.451+0000] {logging_mixin.py:190} INFO - [2026-07-21T02:44:14.451+0000] {dag.py:4180} INFO - Setting next_dagrun for setup_lakehouse_infrastructure_v3 to None, run_after=None
[2026-07-21T02:44:14.470+0000] {processor.py:208} INFO - Processing /opt/airflow/dags/setup_lakehouse_infrastructure_v3.py took 0.107 seconds
[2026-07-21T02:44:46.820+0000] {processor.py:186} INFO - Started process (PID=3920) to work on /opt/airflow/dags/setup_lakehouse_infrastructure_v3.py
[2026-07-21T02:44:46.821+0000] {processor.py:914} INFO - Processing file /opt/airflow/dags/setup_lakehouse_infrastructure_v3.py for tasks to queue
[2026-07-21T02:44:46.824+0000] {logging_mixin.py:190} INFO - [2026-07-21T02:44:46.823+0000] {dagbag.py:588} INFO - Filling up the DagBag from /opt/airflow/dags/setup_lakehouse_infrastructure_v3.py
[2026-07-21T02:44:46.850+0000] {processor.py:925} INFO - DAG(s) 'setup_lakehouse_infrastructure_v3' retrieved from /opt/airflow/dags/setup_lakehouse_infrastructure_v3.py
[2026-07-21T02:44:46.873+0000] {logging_mixin.py:190} INFO - [2026-07-21T02:44:46.873+0000] {dag.py:3239} INFO - Sync 1 DAGs
[2026-07-21T02:44:46.898+0000] {logging_mixin.py:190} INFO - [2026-07-21T02:44:46.898+0000] {dag.py:4180} INFO - Setting next_dagrun for setup_lakehouse_infrastructure_v3 to None, run_after=None
[2026-07-21T02:44:46.920+0000] {processor.py:208} INFO - Processing /opt/airflow/dags/setup_lakehouse_infrastructure_v3.py took 0.106 seconds
[2026-07-21T02:45:17.400+0000] {processor.py:186} INFO - Started process (PID=4026) to work on /opt/airflow/dags/setup_lakehouse_infrastructure_v3.py
[2026-07-21T02:45:17.401+0000] {processor.py:914} INFO - Processing file /opt/airflow/dags/setup_lakehouse_infrastructure_v3.py for tasks to queue
[2026-07-21T02:45:17.405+0000] {logging_mixin.py:190} INFO - [2026-07-21T02:45:17.404+0000] {dagbag.py:588} INFO - Filling up the DagBag from /opt/airflow/dags/setup_lakehouse_infrastructure_v3.py
[2026-07-21T02:45:17.439+0000] {processor.py:925} INFO - DAG(s) 'setup_lakehouse_infrastructure_v3' retrieved from /opt/airflow/dags/setup_lakehouse_infrastructure_v3.py
[2026-07-21T02:45:17.467+0000] {logging_mixin.py:190} INFO - [2026-07-21T02:45:17.466+0000] {dag.py:3239} INFO - Sync 1 DAGs
[2026-07-21T02:45:17.496+0000] {logging_mixin.py:190} INFO - [2026-07-21T02:45:17.496+0000] {dag.py:4180} INFO - Setting next_dagrun for setup_lakehouse_infrastructure_v3 to None, run_after=None
[2026-07-21T02:45:17.519+0000] {processor.py:208} INFO - Processing /opt/airflow/dags/setup_lakehouse_infrastructure_v3.py took 0.126 seconds
[2026-07-21T02:45:48.498+0000] {processor.py:186} INFO - Started process (PID=4125) to work on /opt/airflow/dags/setup_lakehouse_infrastructure_v3.py
[2026-07-21T02:45:48.499+0000] {processor.py:914} INFO - Processing file /opt/airflow/dags/setup_lakehouse_infrastructure_v3.py for tasks to queue
[2026-07-21T02:45:48.501+0000] {logging_mixin.py:190} INFO - [2026-07-21T02:45:48.501+0000] {dagbag.py:588} INFO - Filling up the DagBag from /opt/airflow/dags/setup_lakehouse_infrastructure_v3.py
[2026-07-21T02:45:48.524+0000] {processor.py:925} INFO - DAG(s) 'setup_lakehouse_infrastructure_v3' retrieved from /opt/airflow/dags/setup_lakehouse_infrastructure_v3.py
[2026-07-21T02:45:48.549+0000] {logging_mixin.py:190} INFO - [2026-07-21T02:45:48.549+0000] {dag.py:3239} INFO - Sync 1 DAGs
[2026-07-21T02:45:48.576+0000] {logging_mixin.py:190} INFO - [2026-07-21T02:45:48.575+0000] {dag.py:4180} INFO - Setting next_dagrun for setup_lakehouse_infrastructure_v3 to None, run_after=None
[2026-07-21T02:45:48.604+0000] {processor.py:208} INFO - Processing /opt/airflow/dags/setup_lakehouse_infrastructure_v3.py took 0.111 seconds
[2026-07-21T02:46:18.666+0000] {processor.py:186} INFO - Started process (PID=4231) to work on /opt/airflow/dags/setup_lakehouse_infrastructure_v3.py
[2026-07-21T02:46:18.667+0000] {processor.py:914} INFO - Processing file /opt/airflow/dags/setup_lakehouse_infrastructure_v3.py for tasks to queue
[2026-07-21T02:46:18.669+0000] {logging_mixin.py:190} INFO - [2026-07-21T02:46:18.668+0000] {dagbag.py:588} INFO - Filling up the DagBag from /opt/airflow/dags/setup_lakehouse_infrastructure_v3.py
[2026-07-21T02:46:18.692+0000] {processor.py:925} INFO - DAG(s) 'setup_lakehouse_infrastructure_v3' retrieved from /opt/airflow/dags/setup_lakehouse_infrastructure_v3.py
[2026-07-21T02:46:18.716+0000] {logging_mixin.py:190} INFO - [2026-07-21T02:46:18.716+0000] {dag.py:3239} INFO - Sync 1 DAGs
[2026-07-21T02:46:18.739+0000] {logging_mixin.py:190} INFO - [2026-07-21T02:46:18.738+0000] {dag.py:4180} INFO - Setting next_dagrun for setup_lakehouse_infrastructure_v3 to None, run_after=None
[2026-07-21T02:46:18.759+0000] {processor.py:208} INFO - Processing /opt/airflow/dags/setup_lakehouse_infrastructure_v3.py took 0.100 seconds
[2026-07-21T02:46:49.016+0000] {processor.py:186} INFO - Started process (PID=4339) to work on /opt/airflow/dags/setup_lakehouse_infrastructure_v3.py
[2026-07-21T02:46:49.018+0000] {processor.py:914} INFO - Processing file /opt/airflow/dags/setup_lakehouse_infrastructure_v3.py for tasks to queue
[2026-07-21T02:46:49.020+0000] {logging_mixin.py:190} INFO - [2026-07-21T02:46:49.020+0000] {dagbag.py:588} INFO - Filling up the DagBag from /opt/airflow/dags/setup_lakehouse_infrastructure_v3.py
[2026-07-21T02:46:49.046+0000] {processor.py:925} INFO - DAG(s) 'setup_lakehouse_infrastructure_v3' retrieved from /opt/airflow/dags/setup_lakehouse_infrastructure_v3.py
[2026-07-21T02:46:49.067+0000] {logging_mixin.py:190} INFO - [2026-07-21T02:46:49.067+0000] {dag.py:3239} INFO - Sync 1 DAGs
[2026-07-21T02:46:49.087+0000] {logging_mixin.py:190} INFO - [2026-07-21T02:46:49.087+0000] {dag.py:4180} INFO - Setting next_dagrun for setup_lakehouse_infrastructure_v3 to None, run_after=None
[2026-07-21T02:46:49.107+0000] {processor.py:208} INFO - Processing /opt/airflow/dags/setup_lakehouse_infrastructure_v3.py took 0.097 seconds
[2026-07-21T02:47:20.043+0000] {processor.py:186} INFO - Started process (PID=4450) to work on /opt/airflow/dags/setup_lakehouse_infrastructure_v3.py
[2026-07-21T02:47:20.044+0000] {processor.py:914} INFO - Processing file /opt/airflow/dags/setup_lakehouse_infrastructure_v3.py for tasks to queue
[2026-07-21T02:47:20.046+0000] {logging_mixin.py:190} INFO - [2026-07-21T02:47:20.046+0000] {dagbag.py:588} INFO - Filling up the DagBag from /opt/airflow/dags/setup_lakehouse_infrastructure_v3.py
[2026-07-21T02:47:20.071+0000] {processor.py:925} INFO - DAG(s) 'setup_lakehouse_infrastructure_v3' retrieved from /opt/airflow/dags/setup_lakehouse_infrastructure_v3.py
[2026-07-21T02:47:20.095+0000] {logging_mixin.py:190} INFO - [2026-07-21T02:47:20.094+0000] {dag.py:3239} INFO - Sync 1 DAGs
[2026-07-21T02:47:20.115+0000] {logging_mixin.py:190} INFO - [2026-07-21T02:47:20.114+0000] {dag.py:4180} INFO - Setting next_dagrun for setup_lakehouse_infrastructure_v3 to None, run_after=None
[2026-07-21T02:47:20.134+0000] {processor.py:208} INFO - Processing /opt/airflow/dags/setup_lakehouse_infrastructure_v3.py took 0.096 seconds
[2026-07-21T02:47:50.472+0000] {processor.py:186} INFO - Started process (PID=4547) to work on /opt/airflow/dags/setup_lakehouse_infrastructure_v3.py
[2026-07-21T02:47:50.473+0000] {processor.py:914} INFO - Processing file /opt/airflow/dags/setup_lakehouse_infrastructure_v3.py for tasks to queue
[2026-07-21T02:47:50.476+0000] {logging_mixin.py:190} INFO - [2026-07-21T02:47:50.475+0000] {dagbag.py:588} INFO - Filling up the DagBag from /opt/airflow/dags/setup_lakehouse_infrastructure_v3.py
[2026-07-21T02:47:50.499+0000] {processor.py:925} INFO - DAG(s) 'setup_lakehouse_infrastructure_v3' retrieved from /opt/airflow/dags/setup_lakehouse_infrastructure_v3.py
[2026-07-21T02:47:50.523+0000] {logging_mixin.py:190} INFO - [2026-07-21T02:47:50.523+0000] {dag.py:3239} INFO - Sync 1 DAGs
[2026-07-21T02:47:50.544+0000] {logging_mixin.py:190} INFO - [2026-07-21T02:47:50.544+0000] {dag.py:4180} INFO - Setting next_dagrun for setup_lakehouse_infrastructure_v3 to None, run_after=None
[2026-07-21T02:47:50.697+0000] {processor.py:208} INFO - Processing /opt/airflow/dags/setup_lakehouse_infrastructure_v3.py took 0.231 seconds
[2026-07-21T02:48:22.198+0000] {processor.py:186} INFO - Started process (PID=4670) to work on /opt/airflow/dags/setup_lakehouse_infrastructure_v3.py
[2026-07-21T02:48:22.199+0000] {processor.py:914} INFO - Processing file /opt/airflow/dags/setup_lakehouse_infrastructure_v3.py for tasks to queue
[2026-07-21T02:48:22.201+0000] {logging_mixin.py:190} INFO - [2026-07-21T02:48:22.201+0000] {dagbag.py:588} INFO - Filling up the DagBag from /opt/airflow/dags/setup_lakehouse_infrastructure_v3.py
[2026-07-21T02:48:22.228+0000] {processor.py:925} INFO - DAG(s) 'setup_lakehouse_infrastructure_v3' retrieved from /opt/airflow/dags/setup_lakehouse_infrastructure_v3.py
[2026-07-21T02:48:22.253+0000] {logging_mixin.py:190} INFO - [2026-07-21T02:48:22.252+0000] {dag.py:3239} INFO - Sync 1 DAGs
[2026-07-21T02:48:22.275+0000] {logging_mixin.py:190} INFO - [2026-07-21T02:48:22.275+0000] {dag.py:4180} INFO - Setting next_dagrun for setup_lakehouse_infrastructure_v3 to None, run_after=None
[2026-07-21T02:48:22.296+0000] {processor.py:208} INFO - Processing /opt/airflow/dags/setup_lakehouse_infrastructure_v3.py took 0.106 seconds
[2026-07-21T02:48:52.530+0000] {processor.py:186} INFO - Started process (PID=4764) to work on /opt/airflow/dags/setup_lakehouse_infrastructure_v3.py
[2026-07-21T02:48:52.531+0000] {processor.py:914} INFO - Processing file /opt/airflow/dags/setup_lakehouse_infrastructure_v3.py for tasks to queue
[2026-07-21T02:48:52.534+0000] {logging_mixin.py:190} INFO - [2026-07-21T02:48:52.533+0000] {dagbag.py:588} INFO - Filling up the DagBag from /opt/airflow/dags/setup_lakehouse_infrastructure_v3.py
[2026-07-21T02:48:52.560+0000] {processor.py:925} INFO - DAG(s) 'setup_lakehouse_infrastructure_v3' retrieved from /opt/airflow/dags/setup_lakehouse_infrastructure_v3.py
[2026-07-21T02:48:52.586+0000] {logging_mixin.py:190} INFO - [2026-07-21T02:48:52.585+0000] {dag.py:3239} INFO - Sync 1 DAGs
[2026-07-21T02:48:52.614+0000] {logging_mixin.py:190} INFO - [2026-07-21T02:48:52.614+0000] {dag.py:4180} INFO - Setting next_dagrun for setup_lakehouse_infrastructure_v3 to None, run_after=None
[2026-07-21T02:48:52.639+0000] {processor.py:208} INFO - Processing /opt/airflow/dags/setup_lakehouse_infrastructure_v3.py took 0.114 seconds
[2026-07-21T02:49:23.830+0000] {processor.py:186} INFO - Started process (PID=4889) to work on /opt/airflow/dags/setup_lakehouse_infrastructure_v3.py
[2026-07-21T02:49:23.831+0000] {processor.py:914} INFO - Processing file /opt/airflow/dags/setup_lakehouse_infrastructure_v3.py for tasks to queue
[2026-07-21T02:49:23.833+0000] {logging_mixin.py:190} INFO - [2026-07-21T02:49:23.833+0000] {dagbag.py:588} INFO - Filling up the DagBag from /opt/airflow/dags/setup_lakehouse_infrastructure_v3.py
[2026-07-21T02:49:23.859+0000] {processor.py:925} INFO - DAG(s) 'setup_lakehouse_infrastructure_v3' retrieved from /opt/airflow/dags/setup_lakehouse_infrastructure_v3.py
[2026-07-21T02:49:23.880+0000] {logging_mixin.py:190} INFO - [2026-07-21T02:49:23.880+0000] {dag.py:3239} INFO - Sync 1 DAGs
[2026-07-21T02:49:23.901+0000] {logging_mixin.py:190} INFO - [2026-07-21T02:49:23.901+0000] {dag.py:4180} INFO - Setting next_dagrun for setup_lakehouse_infrastructure_v3 to None, run_after=None
[2026-07-21T02:49:23.923+0000] {processor.py:208} INFO - Processing /opt/airflow/dags/setup_lakehouse_infrastructure_v3.py took 0.098 seconds
[2026-07-21T02:49:54.576+0000] {processor.py:186} INFO - Started process (PID=4986) to work on /opt/airflow/dags/setup_lakehouse_infrastructure_v3.py
[2026-07-21T02:49:54.577+0000] {processor.py:914} INFO - Processing file /opt/airflow/dags/setup_lakehouse_infrastructure_v3.py for tasks to queue
[2026-07-21T02:49:54.579+0000] {logging_mixin.py:190} INFO - [2026-07-21T02:49:54.579+0000] {dagbag.py:588} INFO - Filling up the DagBag from /opt/airflow/dags/setup_lakehouse_infrastructure_v3.py
[2026-07-21T02:49:54.606+0000] {processor.py:925} INFO - DAG(s) 'setup_lakehouse_infrastructure_v3' retrieved from /opt/airflow/dags/setup_lakehouse_infrastructure_v3.py
[2026-07-21T02:49:54.629+0000] {logging_mixin.py:190} INFO - [2026-07-21T02:49:54.629+0000] {dag.py:3239} INFO - Sync 1 DAGs
[2026-07-21T02:49:54.652+0000] {logging_mixin.py:190} INFO - [2026-07-21T02:49:54.652+0000] {dag.py:4180} INFO - Setting next_dagrun for setup_lakehouse_infrastructure_v3 to None, run_after=None
[2026-07-21T02:49:54.676+0000] {processor.py:208} INFO - Processing /opt/airflow/dags/setup_lakehouse_infrastructure_v3.py took 0.106 seconds
[2026-07-21T02:50:25.487+0000] {processor.py:186} INFO - Started process (PID=5092) to work on /opt/airflow/dags/setup_lakehouse_infrastructure_v3.py
[2026-07-21T02:50:25.488+0000] {processor.py:914} INFO - Processing file /opt/airflow/dags/setup_lakehouse_infrastructure_v3.py for tasks to queue
[2026-07-21T02:50:25.490+0000] {logging_mixin.py:190} INFO - [2026-07-21T02:50:25.490+0000] {dagbag.py:588} INFO - Filling up the DagBag from /opt/airflow/dags/setup_lakehouse_infrastructure_v3.py
[2026-07-21T02:50:25.516+0000] {processor.py:925} INFO - DAG(s) 'setup_lakehouse_infrastructure_v3' retrieved from /opt/airflow/dags/setup_lakehouse_infrastructure_v3.py
[2026-07-21T02:50:25.542+0000] {logging_mixin.py:190} INFO - [2026-07-21T02:50:25.542+0000] {dag.py:3239} INFO - Sync 1 DAGs
[2026-07-21T02:50:25.565+0000] {logging_mixin.py:190} INFO - [2026-07-21T02:50:25.565+0000] {dag.py:4180} INFO - Setting next_dagrun for setup_lakehouse_infrastructure_v3 to None, run_after=None
[2026-07-21T02:50:25.586+0000] {processor.py:208} INFO - Processing /opt/airflow/dags/setup_lakehouse_infrastructure_v3.py took 0.109 seconds
[2026-07-21T02:50:56.565+0000] {processor.py:186} INFO - Started process (PID=5217) to work on /opt/airflow/dags/setup_lakehouse_infrastructure_v3.py
[2026-07-21T02:50:56.566+0000] {processor.py:914} INFO - Processing file /opt/airflow/dags/setup_lakehouse_infrastructure_v3.py for tasks to queue
[2026-07-21T02:50:56.569+0000] {logging_mixin.py:190} INFO - [2026-07-21T02:50:56.568+0000] {dagbag.py:588} INFO - Filling up the DagBag from /opt/airflow/dags/setup_lakehouse_infrastructure_v3.py
[2026-07-21T02:50:56.601+0000] {processor.py:925} INFO - DAG(s) 'setup_lakehouse_infrastructure_v3' retrieved from /opt/airflow/dags/setup_lakehouse_infrastructure_v3.py
[2026-07-21T02:50:56.626+0000] {logging_mixin.py:190} INFO - [2026-07-21T02:50:56.626+0000] {dag.py:3239} INFO - Sync 1 DAGs
[2026-07-21T02:50:56.648+0000] {logging_mixin.py:190} INFO - [2026-07-21T02:50:56.647+0000] {dag.py:4180} INFO - Setting next_dagrun for setup_lakehouse_infrastructure_v3 to None, run_after=None
[2026-07-21T02:50:56.667+0000] {processor.py:208} INFO - Processing /opt/airflow/dags/setup_lakehouse_infrastructure_v3.py took 0.108 seconds
[2026-07-21T02:51:27.360+0000] {processor.py:186} INFO - Started process (PID=5328) to work on /opt/airflow/dags/setup_lakehouse_infrastructure_v3.py
[2026-07-21T02:51:27.361+0000] {processor.py:914} INFO - Processing file /opt/airflow/dags/setup_lakehouse_infrastructure_v3.py for tasks to queue
[2026-07-21T02:51:27.363+0000] {logging_mixin.py:190} INFO - [2026-07-21T02:51:27.363+0000] {dagbag.py:588} INFO - Filling up the DagBag from /opt/airflow/dags/setup_lakehouse_infrastructure_v3.py
[2026-07-21T02:51:27.394+0000] {processor.py:925} INFO - DAG(s) 'setup_lakehouse_infrastructure_v3' retrieved from /opt/airflow/dags/setup_lakehouse_infrastructure_v3.py
[2026-07-21T02:51:27.414+0000] {logging_mixin.py:190} INFO - [2026-07-21T02:51:27.414+0000] {dag.py:3239} INFO - Sync 1 DAGs
[2026-07-21T02:51:27.436+0000] {logging_mixin.py:190} INFO - [2026-07-21T02:51:27.436+0000] {dag.py:4180} INFO - Setting next_dagrun for setup_lakehouse_infrastructure_v3 to None, run_after=None
[2026-07-21T02:51:27.462+0000] {processor.py:208} INFO - Processing /opt/airflow/dags/setup_lakehouse_infrastructure_v3.py took 0.108 seconds
[2026-07-21T02:51:58.346+0000] {processor.py:186} INFO - Started process (PID=5437) to work on /opt/airflow/dags/setup_lakehouse_infrastructure_v3.py
[2026-07-21T02:51:58.348+0000] {processor.py:914} INFO - Processing file /opt/airflow/dags/setup_lakehouse_infrastructure_v3.py for tasks to queue
[2026-07-21T02:51:58.350+0000] {logging_mixin.py:190} INFO - [2026-07-21T02:51:58.350+0000] {dagbag.py:588} INFO - Filling up the DagBag from /opt/airflow/dags/setup_lakehouse_infrastructure_v3.py
[2026-07-21T02:51:58.375+0000] {processor.py:925} INFO - DAG(s) 'setup_lakehouse_infrastructure_v3' retrieved from /opt/airflow/dags/setup_lakehouse_infrastructure_v3.py
[2026-07-21T02:51:58.397+0000] {logging_mixin.py:190} INFO - [2026-07-21T02:51:58.397+0000] {dag.py:3239} INFO - Sync 1 DAGs
[2026-07-21T02:51:58.417+0000] {logging_mixin.py:190} INFO - [2026-07-21T02:51:58.417+0000] {dag.py:4180} INFO - Setting next_dagrun for setup_lakehouse_infrastructure_v3 to None, run_after=None
[2026-07-21T02:51:58.434+0000] {processor.py:208} INFO - Processing /opt/airflow/dags/setup_lakehouse_infrastructure_v3.py took 0.093 seconds
[2026-07-21T02:52:28.945+0000] {processor.py:186} INFO - Started process (PID=5545) to work on /opt/airflow/dags/setup_lakehouse_infrastructure_v3.py
[2026-07-21T02:52:28.947+0000] {processor.py:914} INFO - Processing file /opt/airflow/dags/setup_lakehouse_infrastructure_v3.py for tasks to queue
[2026-07-21T02:52:28.949+0000] {logging_mixin.py:190} INFO - [2026-07-21T02:52:28.949+0000] {dagbag.py:588} INFO - Filling up the DagBag from /opt/airflow/dags/setup_lakehouse_infrastructure_v3.py
[2026-07-21T02:52:28.977+0000] {processor.py:925} INFO - DAG(s) 'setup_lakehouse_infrastructure_v3' retrieved from /opt/airflow/dags/setup_lakehouse_infrastructure_v3.py
[2026-07-21T02:52:29.004+0000] {logging_mixin.py:190} INFO - [2026-07-21T02:52:29.004+0000] {dag.py:3239} INFO - Sync 1 DAGs
[2026-07-21T02:52:29.028+0000] {logging_mixin.py:190} INFO - [2026-07-21T02:52:29.027+0000] {dag.py:4180} INFO - Setting next_dagrun for setup_lakehouse_infrastructure_v3 to None, run_after=None
[2026-07-21T02:52:29.049+0000] {processor.py:208} INFO - Processing /opt/airflow/dags/setup_lakehouse_infrastructure_v3.py took 0.110 seconds
[2026-07-21T02:59:54.674+0000] {processor.py:186} INFO - Started process (PID=243) to work on /opt/airflow/dags/setup_lakehouse_infrastructure_v3.py
[2026-07-21T02:59:54.676+0000] {processor.py:914} INFO - Processing file /opt/airflow/dags/setup_lakehouse_infrastructure_v3.py for tasks to queue
[2026-07-21T02:59:54.679+0000] {logging_mixin.py:190} INFO - [2026-07-21T02:59:54.678+0000] {dagbag.py:588} INFO - Filling up the DagBag from /opt/airflow/dags/setup_lakehouse_infrastructure_v3.py
[2026-07-21T02:59:54.713+0000] {processor.py:925} INFO - DAG(s) 'setup_lakehouse_infrastructure_v3' retrieved from /opt/airflow/dags/setup_lakehouse_infrastructure_v3.py
[2026-07-21T02:59:54.781+0000] {logging_mixin.py:190} INFO - [2026-07-21T02:59:54.780+0000] {override.py:1900} INFO - Created Permission View: can delete on DAG:setup_lakehouse_infrastructure_v3
[2026-07-21T02:59:54.794+0000] {logging_mixin.py:190} INFO - [2026-07-21T02:59:54.793+0000] {override.py:1900} INFO - Created Permission View: can read on DAG:setup_lakehouse_infrastructure_v3
[2026-07-21T02:59:54.805+0000] {logging_mixin.py:190} INFO - [2026-07-21T02:59:54.804+0000] {override.py:1900} INFO - Created Permission View: can edit on DAG:setup_lakehouse_infrastructure_v3
[2026-07-21T02:59:54.814+0000] {logging_mixin.py:190} INFO - [2026-07-21T02:59:54.814+0000] {override.py:1900} INFO - Created Permission View: can delete on DAG Run:setup_lakehouse_infrastructure_v3
[2026-07-21T02:59:54.823+0000] {logging_mixin.py:190} INFO - [2026-07-21T02:59:54.822+0000] {override.py:1900} INFO - Created Permission View: menu access on DAG Run:setup_lakehouse_infrastructure_v3
[2026-07-21T02:59:54.832+0000] {logging_mixin.py:190} INFO - [2026-07-21T02:59:54.831+0000] {override.py:1900} INFO - Created Permission View: can create on DAG Run:setup_lakehouse_infrastructure_v3
[2026-07-21T02:59:54.841+0000] {logging_mixin.py:190} INFO - [2026-07-21T02:59:54.840+0000] {override.py:1900} INFO - Created Permission View: can read on DAG Run:setup_lakehouse_infrastructure_v3
[2026-07-21T02:59:54.842+0000] {logging_mixin.py:190} INFO - [2026-07-21T02:59:54.842+0000] {dag.py:3239} INFO - Sync 1 DAGs
[2026-07-21T02:59:54.860+0000] {logging_mixin.py:190} INFO - [2026-07-21T02:59:54.859+0000] {dag.py:3262} INFO - Creating ORM DAG for setup_lakehouse_infrastructure_v3
[2026-07-21T02:59:54.873+0000] {logging_mixin.py:190} INFO - [2026-07-21T02:59:54.873+0000] {dag.py:4180} INFO - Setting next_dagrun for setup_lakehouse_infrastructure_v3 to 2024-01-01 00:00:00+00:00, run_after=2024-01-01 00:00:00+00:00
[2026-07-21T02:59:54.907+0000] {processor.py:208} INFO - Processing /opt/airflow/dags/setup_lakehouse_infrastructure_v3.py took 0.241 seconds
[2026-07-21T03:00:25.563+0000] {processor.py:186} INFO - Started process (PID=351) to work on /opt/airflow/dags/setup_lakehouse_infrastructure_v3.py
[2026-07-21T03:00:25.565+0000] {processor.py:914} INFO - Processing file /opt/airflow/dags/setup_lakehouse_infrastructure_v3.py for tasks to queue
[2026-07-21T03:00:25.568+0000] {logging_mixin.py:190} INFO - [2026-07-21T03:00:25.568+0000] {dagbag.py:588} INFO - Filling up the DagBag from /opt/airflow/dags/setup_lakehouse_infrastructure_v3.py
[2026-07-21T03:00:25.605+0000] {processor.py:925} INFO - DAG(s) 'setup_lakehouse_infrastructure_v3' retrieved from /opt/airflow/dags/setup_lakehouse_infrastructure_v3.py
[2026-07-21T03:00:25.646+0000] {logging_mixin.py:190} INFO - [2026-07-21T03:00:25.646+0000] {dag.py:3239} INFO - Sync 1 DAGs
[2026-07-21T03:00:25.676+0000] {logging_mixin.py:190} INFO - [2026-07-21T03:00:25.676+0000] {dag.py:4180} INFO - Setting next_dagrun for setup_lakehouse_infrastructure_v3 to 2024-01-01 00:00:00+00:00, run_after=2024-01-01 00:00:00+00:00
[2026-07-21T03:00:25.700+0000] {processor.py:208} INFO - Processing /opt/airflow/dags/setup_lakehouse_infrastructure_v3.py took 0.144 seconds
[2026-07-21T03:00:56.167+0000] {processor.py:186} INFO - Started process (PID=443) to work on /opt/airflow/dags/setup_lakehouse_infrastructure_v3.py
[2026-07-21T03:00:56.168+0000] {processor.py:914} INFO - Processing file /opt/airflow/dags/setup_lakehouse_infrastructure_v3.py for tasks to queue
[2026-07-21T03:00:56.170+0000] {logging_mixin.py:190} INFO - [2026-07-21T03:00:56.170+0000] {dagbag.py:588} INFO - Filling up the DagBag from /opt/airflow/dags/setup_lakehouse_infrastructure_v3.py
[2026-07-21T03:00:56.197+0000] {processor.py:925} INFO - DAG(s) 'setup_lakehouse_infrastructure_v3' retrieved from /opt/airflow/dags/setup_lakehouse_infrastructure_v3.py
[2026-07-21T03:00:56.222+0000] {logging_mixin.py:190} INFO - [2026-07-21T03:00:56.222+0000] {dag.py:3239} INFO - Sync 1 DAGs
[2026-07-21T03:00:56.246+0000] {logging_mixin.py:190} INFO - [2026-07-21T03:00:56.245+0000] {dag.py:4180} INFO - Setting next_dagrun for setup_lakehouse_infrastructure_v3 to 2024-01-01 00:00:00+00:00, run_after=2024-01-01 00:00:00+00:00
[2026-07-21T03:00:56.269+0000] {processor.py:208} INFO - Processing /opt/airflow/dags/setup_lakehouse_infrastructure_v3.py took 0.110 seconds
[2026-07-21T03:01:27.697+0000] {processor.py:186} INFO - Started process (PID=567) to work on /opt/airflow/dags/setup_lakehouse_infrastructure_v3.py
[2026-07-21T03:01:27.698+0000] {processor.py:914} INFO - Processing file /opt/airflow/dags/setup_lakehouse_infrastructure_v3.py for tasks to queue
[2026-07-21T03:01:27.700+0000] {logging_mixin.py:190} INFO - [2026-07-21T03:01:27.700+0000] {dagbag.py:588} INFO - Filling up the DagBag from /opt/airflow/dags/setup_lakehouse_infrastructure_v3.py
[2026-07-21T03:01:27.725+0000] {processor.py:925} INFO - DAG(s) 'setup_lakehouse_infrastructure_v3' retrieved from /opt/airflow/dags/setup_lakehouse_infrastructure_v3.py
[2026-07-21T03:01:27.749+0000] {logging_mixin.py:190} INFO - [2026-07-21T03:01:27.749+0000] {dag.py:3239} INFO - Sync 1 DAGs
[2026-07-21T03:01:27.771+0000] {logging_mixin.py:190} INFO - [2026-07-21T03:01:27.771+0000] {dag.py:4180} INFO - Setting next_dagrun for setup_lakehouse_infrastructure_v3 to 2024-01-01 00:00:00+00:00, run_after=2024-01-01 00:00:00+00:00
[2026-07-21T03:01:27.790+0000] {processor.py:208} INFO - Processing /opt/airflow/dags/setup_lakehouse_infrastructure_v3.py took 0.099 seconds
[2026-07-21T03:01:58.360+0000] {processor.py:186} INFO - Started process (PID=676) to work on /opt/airflow/dags/setup_lakehouse_infrastructure_v3.py
[2026-07-21T03:01:58.361+0000] {processor.py:914} INFO - Processing file /opt/airflow/dags/setup_lakehouse_infrastructure_v3.py for tasks to queue
[2026-07-21T03:01:58.364+0000] {logging_mixin.py:190} INFO - [2026-07-21T03:01:58.364+0000] {dagbag.py:588} INFO - Filling up the DagBag from /opt/airflow/dags/setup_lakehouse_infrastructure_v3.py
[2026-07-21T03:01:58.395+0000] {processor.py:925} INFO - DAG(s) 'setup_lakehouse_infrastructure_v3' retrieved from /opt/airflow/dags/setup_lakehouse_infrastructure_v3.py
[2026-07-21T03:01:58.425+0000] {logging_mixin.py:190} INFO - [2026-07-21T03:01:58.425+0000] {dag.py:3239} INFO - Sync 1 DAGs
[2026-07-21T03:01:58.457+0000] {logging_mixin.py:190} INFO - [2026-07-21T03:01:58.457+0000] {dag.py:4180} INFO - Setting next_dagrun for setup_lakehouse_infrastructure_v3 to 2024-01-01 00:00:00+00:00, run_after=2024-01-01 00:00:00+00:00
[2026-07-21T03:01:58.485+0000] {processor.py:208} INFO - Processing /opt/airflow/dags/setup_lakehouse_infrastructure_v3.py took 0.131 seconds
[2026-07-21T03:28:07.783+0000] {processor.py:186} INFO - Started process (PID=249) to work on /opt/airflow/dags/setup_lakehouse_infrastructure_v3.py
[2026-07-21T03:28:07.785+0000] {processor.py:914} INFO - Processing file /opt/airflow/dags/setup_lakehouse_infrastructure_v3.py for tasks to queue
[2026-07-21T03:28:07.790+0000] {logging_mixin.py:190} INFO - [2026-07-21T03:28:07.789+0000] {dagbag.py:588} INFO - Filling up the DagBag from /opt/airflow/dags/setup_lakehouse_infrastructure_v3.py
[2026-07-21T03:28:07.859+0000] {processor.py:925} INFO - DAG(s) 'setup_lakehouse_infrastructure_v3' retrieved from /opt/airflow/dags/setup_lakehouse_infrastructure_v3.py
[2026-07-21T03:28:07.973+0000] {logging_mixin.py:190} INFO - [2026-07-21T03:28:07.972+0000] {override.py:1900} INFO - Created Permission View: can read on DAG:setup_lakehouse_infrastructure_v3
[2026-07-21T03:28:07.993+0000] {logging_mixin.py:190} INFO - [2026-07-21T03:28:07.992+0000] {override.py:1900} INFO - Created Permission View: can edit on DAG:setup_lakehouse_infrastructure_v3
[2026-07-21T03:28:08.006+0000] {logging_mixin.py:190} INFO - [2026-07-21T03:28:08.006+0000] {override.py:1900} INFO - Created Permission View: can delete on DAG:setup_lakehouse_infrastructure_v3
[2026-07-21T03:28:08.021+0000] {logging_mixin.py:190} INFO - [2026-07-21T03:28:08.020+0000] {override.py:1900} INFO - Created Permission View: can create on DAG Run:setup_lakehouse_infrastructure_v3
[2026-07-21T03:28:08.035+0000] {logging_mixin.py:190} INFO - [2026-07-21T03:28:08.034+0000] {override.py:1900} INFO - Created Permission View: can read on DAG Run:setup_lakehouse_infrastructure_v3
[2026-07-21T03:28:08.045+0000] {logging_mixin.py:190} INFO - [2026-07-21T03:28:08.045+0000] {override.py:1900} INFO - Created Permission View: can delete on DAG Run:setup_lakehouse_infrastructure_v3
[2026-07-21T03:28:08.057+0000] {logging_mixin.py:190} INFO - [2026-07-21T03:28:08.056+0000] {override.py:1900} INFO - Created Permission View: menu access on DAG Run:setup_lakehouse_infrastructure_v3
[2026-07-21T03:28:08.058+0000] {logging_mixin.py:190} INFO - [2026-07-21T03:28:08.058+0000] {dag.py:3239} INFO - Sync 1 DAGs
[2026-07-21T03:28:08.078+0000] {logging_mixin.py:190} INFO - [2026-07-21T03:28:08.078+0000] {dag.py:3262} INFO - Creating ORM DAG for setup_lakehouse_infrastructure_v3
[2026-07-21T03:28:08.098+0000] {logging_mixin.py:190} INFO - [2026-07-21T03:28:08.097+0000] {dag.py:4180} INFO - Setting next_dagrun for setup_lakehouse_infrastructure_v3 to 2024-01-01 00:00:00+00:00, run_after=2024-01-01 00:00:00+00:00
[2026-07-21T03:28:08.142+0000] {processor.py:208} INFO - Processing /opt/airflow/dags/setup_lakehouse_infrastructure_v3.py took 0.369 seconds
[2026-07-21T03:28:38.242+0000] {processor.py:186} INFO - Started process (PID=361) to work on /opt/airflow/dags/setup_lakehouse_infrastructure_v3.py
[2026-07-21T03:28:38.244+0000] {processor.py:914} INFO - Processing file /opt/airflow/dags/setup_lakehouse_infrastructure_v3.py for tasks to queue
[2026-07-21T03:28:38.246+0000] {logging_mixin.py:190} INFO - [2026-07-21T03:28:38.246+0000] {dagbag.py:588} INFO - Filling up the DagBag from /opt/airflow/dags/setup_lakehouse_infrastructure_v3.py
[2026-07-21T03:28:38.272+0000] {processor.py:925} INFO - DAG(s) 'setup_lakehouse_infrastructure_v3' retrieved from /opt/airflow/dags/setup_lakehouse_infrastructure_v3.py
[2026-07-21T03:28:38.296+0000] {logging_mixin.py:190} INFO - [2026-07-21T03:28:38.296+0000] {dag.py:3239} INFO - Sync 1 DAGs
[2026-07-21T03:28:38.316+0000] {logging_mixin.py:190} INFO - [2026-07-21T03:28:38.316+0000] {dag.py:4180} INFO - Setting next_dagrun for setup_lakehouse_infrastructure_v3 to 2024-01-01 00:00:00+00:00, run_after=2024-01-01 00:00:00+00:00
[2026-07-21T03:28:38.333+0000] {processor.py:208} INFO - Processing /opt/airflow/dags/setup_lakehouse_infrastructure_v3.py took 0.096 seconds
[2026-07-21T03:29:08.756+0000] {processor.py:186} INFO - Started process (PID=458) to work on /opt/airflow/dags/setup_lakehouse_infrastructure_v3.py
[2026-07-21T03:29:08.757+0000] {processor.py:914} INFO - Processing file /opt/airflow/dags/setup_lakehouse_infrastructure_v3.py for tasks to queue
[2026-07-21T03:29:08.759+0000] {logging_mixin.py:190} INFO - [2026-07-21T03:29:08.759+0000] {dagbag.py:588} INFO - Filling up the DagBag from /opt/airflow/dags/setup_lakehouse_infrastructure_v3.py
[2026-07-21T03:29:08.785+0000] {processor.py:925} INFO - DAG(s) 'setup_lakehouse_infrastructure_v3' retrieved from /opt/airflow/dags/setup_lakehouse_infrastructure_v3.py
[2026-07-21T03:29:08.809+0000] {logging_mixin.py:190} INFO - [2026-07-21T03:29:08.809+0000] {dag.py:3239} INFO - Sync 1 DAGs
[2026-07-21T03:29:08.833+0000] {logging_mixin.py:190} INFO - [2026-07-21T03:29:08.833+0000] {dag.py:4180} INFO - Setting next_dagrun for setup_lakehouse_infrastructure_v3 to 2024-01-01 00:00:00+00:00, run_after=2024-01-01 00:00:00+00:00
[2026-07-21T03:29:08.862+0000] {processor.py:208} INFO - Processing /opt/airflow/dags/setup_lakehouse_infrastructure_v3.py took 0.113 seconds
[2026-07-21T03:29:39.658+0000] {processor.py:186} INFO - Started process (PID=586) to work on /opt/airflow/dags/setup_lakehouse_infrastructure_v3.py
[2026-07-21T03:29:39.660+0000] {processor.py:914} INFO - Processing file /opt/airflow/dags/setup_lakehouse_infrastructure_v3.py for tasks to queue
[2026-07-21T03:29:39.662+0000] {logging_mixin.py:190} INFO - [2026-07-21T03:29:39.662+0000] {dagbag.py:588} INFO - Filling up the DagBag from /opt/airflow/dags/setup_lakehouse_infrastructure_v3.py
[2026-07-21T03:29:39.695+0000] {processor.py:925} INFO - DAG(s) 'setup_lakehouse_infrastructure_v3' retrieved from /opt/airflow/dags/setup_lakehouse_infrastructure_v3.py
[2026-07-21T03:29:39.718+0000] {logging_mixin.py:190} INFO - [2026-07-21T03:29:39.718+0000] {dag.py:3239} INFO - Sync 1 DAGs
[2026-07-21T03:29:39.739+0000] {logging_mixin.py:190} INFO - [2026-07-21T03:29:39.738+0000] {dag.py:4180} INFO - Setting next_dagrun for setup_lakehouse_infrastructure_v3 to 2024-01-01 00:00:00+00:00, run_after=2024-01-01 00:00:00+00:00
[2026-07-21T03:29:39.757+0000] {processor.py:208} INFO - Processing /opt/airflow/dags/setup_lakehouse_infrastructure_v3.py took 0.105 seconds
[2026-07-21T03:30:10.301+0000] {processor.py:186} INFO - Started process (PID=702) to work on /opt/airflow/dags/setup_lakehouse_infrastructure_v3.py
[2026-07-21T03:30:10.302+0000] {processor.py:914} INFO - Processing file /opt/airflow/dags/setup_lakehouse_infrastructure_v3.py for tasks to queue
[2026-07-21T03:30:10.307+0000] {logging_mixin.py:190} INFO - [2026-07-21T03:30:10.307+0000] {dagbag.py:588} INFO - Filling up the DagBag from /opt/airflow/dags/setup_lakehouse_infrastructure_v3.py
[2026-07-21T03:30:10.332+0000] {processor.py:925} INFO - DAG(s) 'setup_lakehouse_infrastructure_v3' retrieved from /opt/airflow/dags/setup_lakehouse_infrastructure_v3.py
[2026-07-21T03:30:10.357+0000] {logging_mixin.py:190} INFO - [2026-07-21T03:30:10.357+0000] {dag.py:3239} INFO - Sync 1 DAGs
[2026-07-21T03:30:10.382+0000] {logging_mixin.py:190} INFO - [2026-07-21T03:30:10.382+0000] {dag.py:4180} INFO - Setting next_dagrun for setup_lakehouse_infrastructure_v3 to 2024-01-01 00:00:00+00:00, run_after=2024-01-01 00:00:00+00:00
[2026-07-21T03:30:10.403+0000] {processor.py:208} INFO - Processing /opt/airflow/dags/setup_lakehouse_infrastructure_v3.py took 0.109 seconds
[2026-07-21T03:30:40.671+0000] {processor.py:186} INFO - Started process (PID=801) to work on /opt/airflow/dags/setup_lakehouse_infrastructure_v3.py
[2026-07-21T03:30:40.673+0000] {processor.py:914} INFO - Processing file /opt/airflow/dags/setup_lakehouse_infrastructure_v3.py for tasks to queue
[2026-07-21T03:30:40.675+0000] {logging_mixin.py:190} INFO - [2026-07-21T03:30:40.675+0000] {dagbag.py:588} INFO - Filling up the DagBag from /opt/airflow/dags/setup_lakehouse_infrastructure_v3.py
[2026-07-21T03:30:40.702+0000] {processor.py:925} INFO - DAG(s) 'setup_lakehouse_infrastructure_v3' retrieved from /opt/airflow/dags/setup_lakehouse_infrastructure_v3.py
[2026-07-21T03:30:40.727+0000] {logging_mixin.py:190} INFO - [2026-07-21T03:30:40.726+0000] {dag.py:3239} INFO - Sync 1 DAGs
[2026-07-21T03:30:40.749+0000] {logging_mixin.py:190} INFO - [2026-07-21T03:30:40.748+0000] {dag.py:4180} INFO - Setting next_dagrun for setup_lakehouse_infrastructure_v3 to 2024-01-01 00:00:00+00:00, run_after=2024-01-01 00:00:00+00:00
[2026-07-21T03:30:40.777+0000] {processor.py:208} INFO - Processing /opt/airflow/dags/setup_lakehouse_infrastructure_v3.py took 0.114 seconds
[2026-07-21T03:31:11.288+0000] {processor.py:186} INFO - Started process (PID=917) to work on /opt/airflow/dags/setup_lakehouse_infrastructure_v3.py
[2026-07-21T03:31:11.289+0000] {processor.py:914} INFO - Processing file /opt/airflow/dags/setup_lakehouse_infrastructure_v3.py for tasks to queue
[2026-07-21T03:31:11.291+0000] {logging_mixin.py:190} INFO - [2026-07-21T03:31:11.291+0000] {dagbag.py:588} INFO - Filling up the DagBag from /opt/airflow/dags/setup_lakehouse_infrastructure_v3.py
[2026-07-21T03:31:11.320+0000] {processor.py:925} INFO - DAG(s) 'setup_lakehouse_infrastructure_v3' retrieved from /opt/airflow/dags/setup_lakehouse_infrastructure_v3.py
[2026-07-21T03:31:11.345+0000] {logging_mixin.py:190} INFO - [2026-07-21T03:31:11.345+0000] {dag.py:3239} INFO - Sync 1 DAGs
[2026-07-21T03:31:11.372+0000] {logging_mixin.py:190} INFO - [2026-07-21T03:31:11.372+0000] {dag.py:4180} INFO - Setting next_dagrun for setup_lakehouse_infrastructure_v3 to 2024-01-01 00:00:00+00:00, run_after=2024-01-01 00:00:00+00:00
[2026-07-21T03:31:11.397+0000] {processor.py:208} INFO - Processing /opt/airflow/dags/setup_lakehouse_infrastructure_v3.py took 0.118 seconds
[2026-07-21T03:31:42.620+0000] {processor.py:186} INFO - Started process (PID=1051) to work on /opt/airflow/dags/setup_lakehouse_infrastructure_v3.py
[2026-07-21T03:31:42.621+0000] {processor.py:914} INFO - Processing file /opt/airflow/dags/setup_lakehouse_infrastructure_v3.py for tasks to queue
[2026-07-21T03:31:42.623+0000] {logging_mixin.py:190} INFO - [2026-07-21T03:31:42.622+0000] {dagbag.py:588} INFO - Filling up the DagBag from /opt/airflow/dags/setup_lakehouse_infrastructure_v3.py
[2026-07-21T03:31:42.648+0000] {processor.py:925} INFO - DAG(s) 'setup_lakehouse_infrastructure_v3' retrieved from /opt/airflow/dags/setup_lakehouse_infrastructure_v3.py
[2026-07-21T03:31:42.671+0000] {logging_mixin.py:190} INFO - [2026-07-21T03:31:42.671+0000] {dag.py:3239} INFO - Sync 1 DAGs
[2026-07-21T03:31:42.693+0000] {logging_mixin.py:190} INFO - [2026-07-21T03:31:42.692+0000] {dag.py:4180} INFO - Setting next_dagrun for setup_lakehouse_infrastructure_v3 to None, run_after=None
[2026-07-21T03:31:42.711+0000] {processor.py:208} INFO - Processing /opt/airflow/dags/setup_lakehouse_infrastructure_v3.py took 0.098 seconds
[2026-07-21T03:32:12.952+0000] {processor.py:186} INFO - Started process (PID=1485) to work on /opt/airflow/dags/setup_lakehouse_infrastructure_v3.py
[2026-07-21T03:32:12.953+0000] {processor.py:914} INFO - Processing file /opt/airflow/dags/setup_lakehouse_infrastructure_v3.py for tasks to queue
[2026-07-21T03:32:12.956+0000] {logging_mixin.py:190} INFO - [2026-07-21T03:32:12.955+0000] {dagbag.py:588} INFO - Filling up the DagBag from /opt/airflow/dags/setup_lakehouse_infrastructure_v3.py
[2026-07-21T03:32:12.980+0000] {processor.py:925} INFO - DAG(s) 'setup_lakehouse_infrastructure_v3' retrieved from /opt/airflow/dags/setup_lakehouse_infrastructure_v3.py
[2026-07-21T03:32:13.005+0000] {logging_mixin.py:190} INFO - [2026-07-21T03:32:13.005+0000] {dag.py:3239} INFO - Sync 1 DAGs
[2026-07-21T03:32:13.030+0000] {logging_mixin.py:190} INFO - [2026-07-21T03:32:13.029+0000] {dag.py:4180} INFO - Setting next_dagrun for setup_lakehouse_infrastructure_v3 to None, run_after=None
[2026-07-21T03:32:13.050+0000] {processor.py:208} INFO - Processing /opt/airflow/dags/setup_lakehouse_infrastructure_v3.py took 0.104 seconds
[2026-07-21T03:32:43.797+0000] {processor.py:186} INFO - Started process (PID=1609) to work on /opt/airflow/dags/setup_lakehouse_infrastructure_v3.py
[2026-07-21T03:32:43.798+0000] {processor.py:914} INFO - Processing file /opt/airflow/dags/setup_lakehouse_infrastructure_v3.py for tasks to queue
[2026-07-21T03:32:43.801+0000] {logging_mixin.py:190} INFO - [2026-07-21T03:32:43.800+0000] {dagbag.py:588} INFO - Filling up the DagBag from /opt/airflow/dags/setup_lakehouse_infrastructure_v3.py
[2026-07-21T03:32:43.828+0000] {processor.py:925} INFO - DAG(s) 'setup_lakehouse_infrastructure_v3' retrieved from /opt/airflow/dags/setup_lakehouse_infrastructure_v3.py
[2026-07-21T03:32:43.856+0000] {logging_mixin.py:190} INFO - [2026-07-21T03:32:43.855+0000] {dag.py:3239} INFO - Sync 1 DAGs
[2026-07-21T03:32:43.879+0000] {logging_mixin.py:190} INFO - [2026-07-21T03:32:43.879+0000] {dag.py:4180} INFO - Setting next_dagrun for setup_lakehouse_infrastructure_v3 to None, run_after=None
[2026-07-21T03:32:43.902+0000] {processor.py:208} INFO - Processing /opt/airflow/dags/setup_lakehouse_infrastructure_v3.py took 0.112 seconds
[2026-07-21T03:33:14.708+0000] {processor.py:186} INFO - Started process (PID=1734) to work on /opt/airflow/dags/setup_lakehouse_infrastructure_v3.py
[2026-07-21T03:33:14.710+0000] {processor.py:914} INFO - Processing file /opt/airflow/dags/setup_lakehouse_infrastructure_v3.py for tasks to queue
[2026-07-21T03:33:14.712+0000] {logging_mixin.py:190} INFO - [2026-07-21T03:33:14.712+0000] {dagbag.py:588} INFO - Filling up the DagBag from /opt/airflow/dags/setup_lakehouse_infrastructure_v3.py
[2026-07-21T03:33:14.749+0000] {processor.py:925} INFO - DAG(s) 'setup_lakehouse_infrastructure_v3' retrieved from /opt/airflow/dags/setup_lakehouse_infrastructure_v3.py
[2026-07-21T03:33:14.773+0000] {logging_mixin.py:190} INFO - [2026-07-21T03:33:14.773+0000] {dag.py:3239} INFO - Sync 1 DAGs
[2026-07-21T03:33:14.798+0000] {logging_mixin.py:190} INFO - [2026-07-21T03:33:14.797+0000] {dag.py:4180} INFO - Setting next_dagrun for setup_lakehouse_infrastructure_v3 to None, run_after=None
[2026-07-21T03:33:14.818+0000] {processor.py:208} INFO - Processing /opt/airflow/dags/setup_lakehouse_infrastructure_v3.py took 0.116 seconds
[2026-07-21T03:33:48.912+0000] {processor.py:186} INFO - Started process (PID=1886) to work on /opt/airflow/dags/setup_lakehouse_infrastructure_v3.py
[2026-07-21T03:33:48.923+0000] {processor.py:914} INFO - Processing file /opt/airflow/dags/setup_lakehouse_infrastructure_v3.py for tasks to queue
[2026-07-21T03:33:48.929+0000] {logging_mixin.py:190} INFO - [2026-07-21T03:33:48.929+0000] {dagbag.py:588} INFO - Filling up the DagBag from /opt/airflow/dags/setup_lakehouse_infrastructure_v3.py
[2026-07-21T03:33:49.092+0000] {processor.py:925} INFO - DAG(s) 'setup_lakehouse_infrastructure_v3' retrieved from /opt/airflow/dags/setup_lakehouse_infrastructure_v3.py
[2026-07-21T03:33:49.209+0000] {logging_mixin.py:190} INFO - [2026-07-21T03:33:49.208+0000] {dag.py:3239} INFO - Sync 1 DAGs
[2026-07-21T03:33:49.357+0000] {logging_mixin.py:190} INFO - [2026-07-21T03:33:49.355+0000] {dag.py:4180} INFO - Setting next_dagrun for setup_lakehouse_infrastructure_v3 to None, run_after=None
[2026-07-21T03:33:49.522+0000] {processor.py:208} INFO - Processing /opt/airflow/dags/setup_lakehouse_infrastructure_v3.py took 0.633 seconds
[2026-07-21T03:34:19.697+0000] {processor.py:186} INFO - Started process (PID=2051) to work on /opt/airflow/dags/setup_lakehouse_infrastructure_v3.py
[2026-07-21T03:34:19.699+0000] {processor.py:914} INFO - Processing file /opt/airflow/dags/setup_lakehouse_infrastructure_v3.py for tasks to queue
[2026-07-21T03:34:19.701+0000] {logging_mixin.py:190} INFO - [2026-07-21T03:34:19.701+0000] {dagbag.py:588} INFO - Filling up the DagBag from /opt/airflow/dags/setup_lakehouse_infrastructure_v3.py
[2026-07-21T03:34:19.734+0000] {processor.py:925} INFO - DAG(s) 'setup_lakehouse_infrastructure_v3' retrieved from /opt/airflow/dags/setup_lakehouse_infrastructure_v3.py
[2026-07-21T03:34:19.760+0000] {logging_mixin.py:190} INFO - [2026-07-21T03:34:19.760+0000] {dag.py:3239} INFO - Sync 1 DAGs
[2026-07-21T03:34:19.785+0000] {logging_mixin.py:190} INFO - [2026-07-21T03:34:19.785+0000] {dag.py:4180} INFO - Setting next_dagrun for setup_lakehouse_infrastructure_v3 to None, run_after=None
[2026-07-21T03:34:19.810+0000] {processor.py:208} INFO - Processing /opt/airflow/dags/setup_lakehouse_infrastructure_v3.py took 0.118 seconds
[2026-07-21T03:34:49.893+0000] {processor.py:186} INFO - Started process (PID=2189) to work on /opt/airflow/dags/setup_lakehouse_infrastructure_v3.py
[2026-07-21T03:34:49.895+0000] {processor.py:914} INFO - Processing file /opt/airflow/dags/setup_lakehouse_infrastructure_v3.py for tasks to queue
[2026-07-21T03:34:49.897+0000] {logging_mixin.py:190} INFO - [2026-07-21T03:34:49.897+0000] {dagbag.py:588} INFO - Filling up the DagBag from /opt/airflow/dags/setup_lakehouse_infrastructure_v3.py
[2026-07-21T03:34:49.922+0000] {processor.py:925} INFO - DAG(s) 'setup_lakehouse_infrastructure_v3' retrieved from /opt/airflow/dags/setup_lakehouse_infrastructure_v3.py
[2026-07-21T03:34:49.945+0000] {logging_mixin.py:190} INFO - [2026-07-21T03:34:49.945+0000] {dag.py:3239} INFO - Sync 1 DAGs
[2026-07-21T03:34:49.968+0000] {logging_mixin.py:190} INFO - [2026-07-21T03:34:49.968+0000] {dag.py:4180} INFO - Setting next_dagrun for setup_lakehouse_infrastructure_v3 to None, run_after=None
[2026-07-21T03:34:49.995+0000] {processor.py:208} INFO - Processing /opt/airflow/dags/setup_lakehouse_infrastructure_v3.py took 0.108 seconds
[2026-07-21T03:35:20.377+0000] {processor.py:186} INFO - Started process (PID=2315) to work on /opt/airflow/dags/setup_lakehouse_infrastructure_v3.py
[2026-07-21T03:35:20.379+0000] {processor.py:914} INFO - Processing file /opt/airflow/dags/setup_lakehouse_infrastructure_v3.py for tasks to queue
[2026-07-21T03:35:20.382+0000] {logging_mixin.py:190} INFO - [2026-07-21T03:35:20.382+0000] {dagbag.py:588} INFO - Filling up the DagBag from /opt/airflow/dags/setup_lakehouse_infrastructure_v3.py
[2026-07-21T03:35:20.415+0000] {processor.py:925} INFO - DAG(s) 'setup_lakehouse_infrastructure_v3' retrieved from /opt/airflow/dags/setup_lakehouse_infrastructure_v3.py
[2026-07-21T03:35:20.447+0000] {logging_mixin.py:190} INFO - [2026-07-21T03:35:20.447+0000] {dag.py:3239} INFO - Sync 1 DAGs
[2026-07-21T03:35:20.476+0000] {logging_mixin.py:190} INFO - [2026-07-21T03:35:20.475+0000] {dag.py:4180} INFO - Setting next_dagrun for setup_lakehouse_infrastructure_v3 to None, run_after=None
[2026-07-21T03:35:20.506+0000] {processor.py:208} INFO - Processing /opt/airflow/dags/setup_lakehouse_infrastructure_v3.py took 0.137 seconds
[2026-07-21T03:35:51.013+0000] {processor.py:186} INFO - Started process (PID=2428) to work on /opt/airflow/dags/setup_lakehouse_infrastructure_v3.py
[2026-07-21T03:35:51.014+0000] {processor.py:914} INFO - Processing file /opt/airflow/dags/setup_lakehouse_infrastructure_v3.py for tasks to queue
[2026-07-21T03:35:51.017+0000] {logging_mixin.py:190} INFO - [2026-07-21T03:35:51.017+0000] {dagbag.py:588} INFO - Filling up the DagBag from /opt/airflow/dags/setup_lakehouse_infrastructure_v3.py
[2026-07-21T03:35:51.048+0000] {processor.py:925} INFO - DAG(s) 'setup_lakehouse_infrastructure_v3' retrieved from /opt/airflow/dags/setup_lakehouse_infrastructure_v3.py
[2026-07-21T03:35:51.073+0000] {logging_mixin.py:190} INFO - [2026-07-21T03:35:51.072+0000] {dag.py:3239} INFO - Sync 1 DAGs
[2026-07-21T03:35:51.093+0000] {logging_mixin.py:190} INFO - [2026-07-21T03:35:51.093+0000] {dag.py:4180} INFO - Setting next_dagrun for setup_lakehouse_infrastructure_v3 to None, run_after=None
[2026-07-21T03:35:51.115+0000] {processor.py:208} INFO - Processing /opt/airflow/dags/setup_lakehouse_infrastructure_v3.py took 0.107 seconds
[2026-07-21T03:36:21.391+0000] {processor.py:186} INFO - Started process (PID=2544) to work on /opt/airflow/dags/setup_lakehouse_infrastructure_v3.py
[2026-07-21T03:36:21.392+0000] {processor.py:914} INFO - Processing file /opt/airflow/dags/setup_lakehouse_infrastructure_v3.py for tasks to queue
[2026-07-21T03:36:21.395+0000] {logging_mixin.py:190} INFO - [2026-07-21T03:36:21.394+0000] {dagbag.py:588} INFO - Filling up the DagBag from /opt/airflow/dags/setup_lakehouse_infrastructure_v3.py
[2026-07-21T03:36:21.419+0000] {processor.py:925} INFO - DAG(s) 'setup_lakehouse_infrastructure_v3' retrieved from /opt/airflow/dags/setup_lakehouse_infrastructure_v3.py
[2026-07-21T03:36:21.454+0000] {logging_mixin.py:190} INFO - [2026-07-21T03:36:21.454+0000] {dag.py:3239} INFO - Sync 1 DAGs
[2026-07-21T03:36:21.478+0000] {logging_mixin.py:190} INFO - [2026-07-21T03:36:21.478+0000] {dag.py:4180} INFO - Setting next_dagrun for setup_lakehouse_infrastructure_v3 to None, run_after=None
[2026-07-21T03:36:21.502+0000] {processor.py:208} INFO - Processing /opt/airflow/dags/setup_lakehouse_infrastructure_v3.py took 0.117 seconds
[2026-07-21T03:36:52.664+0000] {processor.py:186} INFO - Started process (PID=2658) to work on /opt/airflow/dags/setup_lakehouse_infrastructure_v3.py
[2026-07-21T03:36:52.665+0000] {processor.py:914} INFO - Processing file /opt/airflow/dags/setup_lakehouse_infrastructure_v3.py for tasks to queue
[2026-07-21T03:36:52.668+0000] {logging_mixin.py:190} INFO - [2026-07-21T03:36:52.667+0000] {dagbag.py:588} INFO - Filling up the DagBag from /opt/airflow/dags/setup_lakehouse_infrastructure_v3.py
[2026-07-21T03:36:52.695+0000] {processor.py:925} INFO - DAG(s) 'setup_lakehouse_infrastructure_v3' retrieved from /opt/airflow/dags/setup_lakehouse_infrastructure_v3.py
[2026-07-21T03:36:52.723+0000] {logging_mixin.py:190} INFO - [2026-07-21T03:36:52.723+0000] {dag.py:3239} INFO - Sync 1 DAGs
[2026-07-21T03:36:52.754+0000] {logging_mixin.py:190} INFO - [2026-07-21T03:36:52.753+0000] {dag.py:4180} INFO - Setting next_dagrun for setup_lakehouse_infrastructure_v3 to None, run_after=None
[2026-07-21T03:36:52.774+0000] {processor.py:208} INFO - Processing /opt/airflow/dags/setup_lakehouse_infrastructure_v3.py took 0.121 seconds
[2026-07-21T03:37:23.221+0000] {processor.py:186} INFO - Started process (PID=2769) to work on /opt/airflow/dags/setup_lakehouse_infrastructure_v3.py
[2026-07-21T03:37:23.223+0000] {processor.py:914} INFO - Processing file /opt/airflow/dags/setup_lakehouse_infrastructure_v3.py for tasks to queue
[2026-07-21T03:37:23.227+0000] {logging_mixin.py:190} INFO - [2026-07-21T03:37:23.227+0000] {dagbag.py:588} INFO - Filling up the DagBag from /opt/airflow/dags/setup_lakehouse_infrastructure_v3.py
[2026-07-21T03:37:23.266+0000] {processor.py:925} INFO - DAG(s) 'setup_lakehouse_infrastructure_v3' retrieved from /opt/airflow/dags/setup_lakehouse_infrastructure_v3.py
[2026-07-21T03:37:23.305+0000] {logging_mixin.py:190} INFO - [2026-07-21T03:37:23.305+0000] {dag.py:3239} INFO - Sync 1 DAGs
[2026-07-21T03:37:23.335+0000] {logging_mixin.py:190} INFO - [2026-07-21T03:37:23.335+0000] {dag.py:4180} INFO - Setting next_dagrun for setup_lakehouse_infrastructure_v3 to None, run_after=None
[2026-07-21T03:37:23.366+0000] {processor.py:208} INFO - Processing /opt/airflow/dags/setup_lakehouse_infrastructure_v3.py took 0.151 seconds
[2026-07-21T04:32:13.310+0000] {processor.py:186} INFO - Started process (PID=249) to work on /opt/airflow/dags/setup_lakehouse_infrastructure_v3.py
[2026-07-21T04:32:13.312+0000] {processor.py:914} INFO - Processing file /opt/airflow/dags/setup_lakehouse_infrastructure_v3.py for tasks to queue
[2026-07-21T04:32:13.315+0000] {logging_mixin.py:190} INFO - [2026-07-21T04:32:13.314+0000] {dagbag.py:588} INFO - Filling up the DagBag from /opt/airflow/dags/setup_lakehouse_infrastructure_v3.py
[2026-07-21T04:32:13.352+0000] {processor.py:925} INFO - DAG(s) 'setup_lakehouse_infrastructure_v3' retrieved from /opt/airflow/dags/setup_lakehouse_infrastructure_v3.py
[2026-07-21T04:32:13.430+0000] {logging_mixin.py:190} INFO - [2026-07-21T04:32:13.429+0000] {override.py:1900} INFO - Created Permission View: can delete on DAG:setup_lakehouse_infrastructure_v3
[2026-07-21T04:32:13.442+0000] {logging_mixin.py:190} INFO - [2026-07-21T04:32:13.442+0000] {override.py:1900} INFO - Created Permission View: can edit on DAG:setup_lakehouse_infrastructure_v3
[2026-07-21T04:32:13.452+0000] {logging_mixin.py:190} INFO - [2026-07-21T04:32:13.452+0000] {override.py:1900} INFO - Created Permission View: can read on DAG:setup_lakehouse_infrastructure_v3
[2026-07-21T04:32:13.463+0000] {logging_mixin.py:190} INFO - [2026-07-21T04:32:13.462+0000] {override.py:1900} INFO - Created Permission View: can delete on DAG Run:setup_lakehouse_infrastructure_v3
[2026-07-21T04:32:13.473+0000] {logging_mixin.py:190} INFO - [2026-07-21T04:32:13.472+0000] {override.py:1900} INFO - Created Permission View: menu access on DAG Run:setup_lakehouse_infrastructure_v3
[2026-07-21T04:32:13.483+0000] {logging_mixin.py:190} INFO - [2026-07-21T04:32:13.483+0000] {override.py:1900} INFO - Created Permission View: can create on DAG Run:setup_lakehouse_infrastructure_v3
[2026-07-21T04:32:13.493+0000] {logging_mixin.py:190} INFO - [2026-07-21T04:32:13.492+0000] {override.py:1900} INFO - Created Permission View: can read on DAG Run:setup_lakehouse_infrastructure_v3
[2026-07-21T04:32:13.494+0000] {logging_mixin.py:190} INFO - [2026-07-21T04:32:13.493+0000] {dag.py:3239} INFO - Sync 1 DAGs
[2026-07-21T04:32:13.509+0000] {logging_mixin.py:190} INFO - [2026-07-21T04:32:13.509+0000] {dag.py:3262} INFO - Creating ORM DAG for setup_lakehouse_infrastructure_v3
[2026-07-21T04:32:13.521+0000] {logging_mixin.py:190} INFO - [2026-07-21T04:32:13.520+0000] {dag.py:4180} INFO - Setting next_dagrun for setup_lakehouse_infrastructure_v3 to 2024-01-01 00:00:00+00:00, run_after=2024-01-01 00:00:00+00:00
[2026-07-21T04:32:13.548+0000] {processor.py:208} INFO - Processing /opt/airflow/dags/setup_lakehouse_infrastructure_v3.py took 0.245 seconds
[2026-07-21T04:32:43.778+0000] {processor.py:186} INFO - Started process (PID=361) to work on /opt/airflow/dags/setup_lakehouse_infrastructure_v3.py
[2026-07-21T04:32:43.779+0000] {processor.py:914} INFO - Processing file /opt/airflow/dags/setup_lakehouse_infrastructure_v3.py for tasks to queue
[2026-07-21T04:32:43.781+0000] {logging_mixin.py:190} INFO - [2026-07-21T04:32:43.781+0000] {dagbag.py:588} INFO - Filling up the DagBag from /opt/airflow/dags/setup_lakehouse_infrastructure_v3.py
[2026-07-21T04:32:43.805+0000] {processor.py:925} INFO - DAG(s) 'setup_lakehouse_infrastructure_v3' retrieved from /opt/airflow/dags/setup_lakehouse_infrastructure_v3.py
[2026-07-21T04:32:43.827+0000] {logging_mixin.py:190} INFO - [2026-07-21T04:32:43.827+0000] {dag.py:3239} INFO - Sync 1 DAGs
[2026-07-21T04:32:43.851+0000] {logging_mixin.py:190} INFO - [2026-07-21T04:32:43.851+0000] {dag.py:4180} INFO - Setting next_dagrun for setup_lakehouse_infrastructure_v3 to 2024-01-01 00:00:00+00:00, run_after=2024-01-01 00:00:00+00:00
[2026-07-21T04:32:43.870+0000] {processor.py:208} INFO - Processing /opt/airflow/dags/setup_lakehouse_infrastructure_v3.py took 0.098 seconds
[2026-07-21T04:33:14.359+0000] {processor.py:186} INFO - Started process (PID=472) to work on /opt/airflow/dags/setup_lakehouse_infrastructure_v3.py
[2026-07-21T04:33:14.360+0000] {processor.py:914} INFO - Processing file /opt/airflow/dags/setup_lakehouse_infrastructure_v3.py for tasks to queue
[2026-07-21T04:33:14.362+0000] {logging_mixin.py:190} INFO - [2026-07-21T04:33:14.362+0000] {dagbag.py:588} INFO - Filling up the DagBag from /opt/airflow/dags/setup_lakehouse_infrastructure_v3.py
[2026-07-21T04:33:14.391+0000] {processor.py:925} INFO - DAG(s) 'setup_lakehouse_infrastructure_v3' retrieved from /opt/airflow/dags/setup_lakehouse_infrastructure_v3.py
[2026-07-21T04:33:14.416+0000] {logging_mixin.py:190} INFO - [2026-07-21T04:33:14.416+0000] {dag.py:3239} INFO - Sync 1 DAGs
[2026-07-21T04:33:14.437+0000] {logging_mixin.py:190} INFO - [2026-07-21T04:33:14.436+0000] {dag.py:4180} INFO - Setting next_dagrun for setup_lakehouse_infrastructure_v3 to 2024-01-01 00:00:00+00:00, run_after=2024-01-01 00:00:00+00:00
[2026-07-21T04:33:14.459+0000] {processor.py:208} INFO - Processing /opt/airflow/dags/setup_lakehouse_infrastructure_v3.py took 0.106 seconds
[2026-07-21T04:33:44.931+0000] {processor.py:186} INFO - Started process (PID=586) to work on /opt/airflow/dags/setup_lakehouse_infrastructure_v3.py
[2026-07-21T04:33:44.932+0000] {processor.py:914} INFO - Processing file /opt/airflow/dags/setup_lakehouse_infrastructure_v3.py for tasks to queue
[2026-07-21T04:33:44.934+0000] {logging_mixin.py:190} INFO - [2026-07-21T04:33:44.934+0000] {dagbag.py:588} INFO - Filling up the DagBag from /opt/airflow/dags/setup_lakehouse_infrastructure_v3.py
[2026-07-21T04:33:44.962+0000] {processor.py:925} INFO - DAG(s) 'setup_lakehouse_infrastructure_v3' retrieved from /opt/airflow/dags/setup_lakehouse_infrastructure_v3.py
[2026-07-21T04:33:44.983+0000] {logging_mixin.py:190} INFO - [2026-07-21T04:33:44.983+0000] {dag.py:3239} INFO - Sync 1 DAGs
[2026-07-21T04:33:45.004+0000] {logging_mixin.py:190} INFO - [2026-07-21T04:33:45.004+0000] {dag.py:4180} INFO - Setting next_dagrun for setup_lakehouse_infrastructure_v3 to 2024-01-01 00:00:00+00:00, run_after=2024-01-01 00:00:00+00:00
[2026-07-21T04:33:45.023+0000] {processor.py:208} INFO - Processing /opt/airflow/dags/setup_lakehouse_infrastructure_v3.py took 0.098 seconds
[2026-07-21T04:34:16.260+0000] {processor.py:186} INFO - Started process (PID=702) to work on /opt/airflow/dags/setup_lakehouse_infrastructure_v3.py
[2026-07-21T04:34:16.261+0000] {processor.py:914} INFO - Processing file /opt/airflow/dags/setup_lakehouse_infrastructure_v3.py for tasks to queue
[2026-07-21T04:34:16.264+0000] {logging_mixin.py:190} INFO - [2026-07-21T04:34:16.263+0000] {dagbag.py:588} INFO - Filling up the DagBag from /opt/airflow/dags/setup_lakehouse_infrastructure_v3.py
[2026-07-21T04:34:16.289+0000] {processor.py:925} INFO - DAG(s) 'setup_lakehouse_infrastructure_v3' retrieved from /opt/airflow/dags/setup_lakehouse_infrastructure_v3.py
[2026-07-21T04:34:16.312+0000] {logging_mixin.py:190} INFO - [2026-07-21T04:34:16.312+0000] {dag.py:3239} INFO - Sync 1 DAGs
[2026-07-21T04:34:16.335+0000] {logging_mixin.py:190} INFO - [2026-07-21T04:34:16.335+0000] {dag.py:4180} INFO - Setting next_dagrun for setup_lakehouse_infrastructure_v3 to 2024-01-01 00:00:00+00:00, run_after=2024-01-01 00:00:00+00:00
[2026-07-21T04:34:16.355+0000] {processor.py:208} INFO - Processing /opt/airflow/dags/setup_lakehouse_infrastructure_v3.py took 0.101 seconds
[2026-07-21T04:34:46.797+0000] {processor.py:186} INFO - Started process (PID=804) to work on /opt/airflow/dags/setup_lakehouse_infrastructure_v3.py
[2026-07-21T04:34:46.799+0000] {processor.py:914} INFO - Processing file /opt/airflow/dags/setup_lakehouse_infrastructure_v3.py for tasks to queue
[2026-07-21T04:34:46.801+0000] {logging_mixin.py:190} INFO - [2026-07-21T04:34:46.801+0000] {dagbag.py:588} INFO - Filling up the DagBag from /opt/airflow/dags/setup_lakehouse_infrastructure_v3.py
[2026-07-21T04:34:46.826+0000] {processor.py:925} INFO - DAG(s) 'setup_lakehouse_infrastructure_v3' retrieved from /opt/airflow/dags/setup_lakehouse_infrastructure_v3.py
[2026-07-21T04:34:46.853+0000] {logging_mixin.py:190} INFO - [2026-07-21T04:34:46.853+0000] {dag.py:3239} INFO - Sync 1 DAGs
[2026-07-21T04:34:46.876+0000] {logging_mixin.py:190} INFO - [2026-07-21T04:34:46.876+0000] {dag.py:4180} INFO - Setting next_dagrun for setup_lakehouse_infrastructure_v3 to None, run_after=None
[2026-07-21T04:34:46.901+0000] {processor.py:208} INFO - Processing /opt/airflow/dags/setup_lakehouse_infrastructure_v3.py took 0.110 seconds
[2026-07-21T04:35:17.274+0000] {processor.py:186} INFO - Started process (PID=1257) to work on /opt/airflow/dags/setup_lakehouse_infrastructure_v3.py
[2026-07-21T04:35:17.275+0000] {processor.py:914} INFO - Processing file /opt/airflow/dags/setup_lakehouse_infrastructure_v3.py for tasks to queue
[2026-07-21T04:35:17.277+0000] {logging_mixin.py:190} INFO - [2026-07-21T04:35:17.277+0000] {dagbag.py:588} INFO - Filling up the DagBag from /opt/airflow/dags/setup_lakehouse_infrastructure_v3.py
[2026-07-21T04:35:17.303+0000] {processor.py:925} INFO - DAG(s) 'setup_lakehouse_infrastructure_v3' retrieved from /opt/airflow/dags/setup_lakehouse_infrastructure_v3.py
[2026-07-21T04:35:17.327+0000] {logging_mixin.py:190} INFO - [2026-07-21T04:35:17.326+0000] {dag.py:3239} INFO - Sync 1 DAGs
[2026-07-21T04:35:17.351+0000] {logging_mixin.py:190} INFO - [2026-07-21T04:35:17.351+0000] {dag.py:4180} INFO - Setting next_dagrun for setup_lakehouse_infrastructure_v3 to None, run_after=None
[2026-07-21T04:35:17.371+0000] {processor.py:208} INFO - Processing /opt/airflow/dags/setup_lakehouse_infrastructure_v3.py took 0.103 seconds
[2026-07-21T04:35:48.678+0000] {processor.py:186} INFO - Started process (PID=1388) to work on /opt/airflow/dags/setup_lakehouse_infrastructure_v3.py
[2026-07-21T04:35:48.679+0000] {processor.py:914} INFO - Processing file /opt/airflow/dags/setup_lakehouse_infrastructure_v3.py for tasks to queue
[2026-07-21T04:35:48.682+0000] {logging_mixin.py:190} INFO - [2026-07-21T04:35:48.681+0000] {dagbag.py:588} INFO - Filling up the DagBag from /opt/airflow/dags/setup_lakehouse_infrastructure_v3.py
[2026-07-21T04:35:48.709+0000] {processor.py:925} INFO - DAG(s) 'setup_lakehouse_infrastructure_v3' retrieved from /opt/airflow/dags/setup_lakehouse_infrastructure_v3.py
[2026-07-21T04:35:48.735+0000] {logging_mixin.py:190} INFO - [2026-07-21T04:35:48.734+0000] {dag.py:3239} INFO - Sync 1 DAGs
[2026-07-21T04:35:48.757+0000] {logging_mixin.py:190} INFO - [2026-07-21T04:35:48.757+0000] {dag.py:4180} INFO - Setting next_dagrun for setup_lakehouse_infrastructure_v3 to None, run_after=None
[2026-07-21T04:35:48.778+0000] {processor.py:208} INFO - Processing /opt/airflow/dags/setup_lakehouse_infrastructure_v3.py took 0.106 seconds
[2026-07-21T04:36:19.294+0000] {processor.py:186} INFO - Started process (PID=1498) to work on /opt/airflow/dags/setup_lakehouse_infrastructure_v3.py
[2026-07-21T04:36:19.295+0000] {processor.py:914} INFO - Processing file /opt/airflow/dags/setup_lakehouse_infrastructure_v3.py for tasks to queue
[2026-07-21T04:36:19.297+0000] {logging_mixin.py:190} INFO - [2026-07-21T04:36:19.297+0000] {dagbag.py:588} INFO - Filling up the DagBag from /opt/airflow/dags/setup_lakehouse_infrastructure_v3.py
[2026-07-21T04:36:19.323+0000] {processor.py:925} INFO - DAG(s) 'setup_lakehouse_infrastructure_v3' retrieved from /opt/airflow/dags/setup_lakehouse_infrastructure_v3.py
[2026-07-21T04:36:19.349+0000] {logging_mixin.py:190} INFO - [2026-07-21T04:36:19.348+0000] {dag.py:3239} INFO - Sync 1 DAGs
[2026-07-21T04:36:19.373+0000] {logging_mixin.py:190} INFO - [2026-07-21T04:36:19.372+0000] {dag.py:4180} INFO - Setting next_dagrun for setup_lakehouse_infrastructure_v3 to None, run_after=None
[2026-07-21T04:36:19.396+0000] {processor.py:208} INFO - Processing /opt/airflow/dags/setup_lakehouse_infrastructure_v3.py took 0.109 seconds
[2026-07-21T04:36:50.604+0000] {processor.py:186} INFO - Started process (PID=1656) to work on /opt/airflow/dags/setup_lakehouse_infrastructure_v3.py
[2026-07-21T04:36:50.605+0000] {processor.py:914} INFO - Processing file /opt/airflow/dags/setup_lakehouse_infrastructure_v3.py for tasks to queue
[2026-07-21T04:36:50.609+0000] {logging_mixin.py:190} INFO - [2026-07-21T04:36:50.608+0000] {dagbag.py:588} INFO - Filling up the DagBag from /opt/airflow/dags/setup_lakehouse_infrastructure_v3.py
[2026-07-21T04:36:50.653+0000] {processor.py:925} INFO - DAG(s) 'setup_lakehouse_infrastructure_v3' retrieved from /opt/airflow/dags/setup_lakehouse_infrastructure_v3.py
[2026-07-21T04:36:50.686+0000] {logging_mixin.py:190} INFO - [2026-07-21T04:36:50.686+0000] {dag.py:3239} INFO - Sync 1 DAGs
[2026-07-21T04:36:50.715+0000] {logging_mixin.py:190} INFO - [2026-07-21T04:36:50.715+0000] {dag.py:4180} INFO - Setting next_dagrun for setup_lakehouse_infrastructure_v3 to None, run_after=None
[2026-07-21T04:36:50.743+0000] {processor.py:208} INFO - Processing /opt/airflow/dags/setup_lakehouse_infrastructure_v3.py took 0.152 seconds
[2026-07-21T04:37:21.884+0000] {processor.py:186} INFO - Started process (PID=1831) to work on /opt/airflow/dags/setup_lakehouse_infrastructure_v3.py
[2026-07-21T04:37:21.886+0000] {processor.py:914} INFO - Processing file /opt/airflow/dags/setup_lakehouse_infrastructure_v3.py for tasks to queue
[2026-07-21T04:37:21.888+0000] {logging_mixin.py:190} INFO - [2026-07-21T04:37:21.888+0000] {dagbag.py:588} INFO - Filling up the DagBag from /opt/airflow/dags/setup_lakehouse_infrastructure_v3.py
[2026-07-21T04:37:21.924+0000] {processor.py:925} INFO - DAG(s) 'setup_lakehouse_infrastructure_v3' retrieved from /opt/airflow/dags/setup_lakehouse_infrastructure_v3.py
[2026-07-21T04:37:21.960+0000] {logging_mixin.py:190} INFO - [2026-07-21T04:37:21.959+0000] {dag.py:3239} INFO - Sync 1 DAGs
[2026-07-21T04:37:22.004+0000] {logging_mixin.py:190} INFO - [2026-07-21T04:37:22.004+0000] {dag.py:4180} INFO - Setting next_dagrun for setup_lakehouse_infrastructure_v3 to None, run_after=None
[2026-07-21T04:37:22.038+0000] {processor.py:208} INFO - Processing /opt/airflow/dags/setup_lakehouse_infrastructure_v3.py took 0.161 seconds
[2026-07-21T04:37:54.015+0000] {processor.py:186} INFO - Started process (PID=1973) to work on /opt/airflow/dags/setup_lakehouse_infrastructure_v3.py
[2026-07-21T04:37:54.017+0000] {processor.py:914} INFO - Processing file /opt/airflow/dags/setup_lakehouse_infrastructure_v3.py for tasks to queue
[2026-07-21T04:37:54.019+0000] {logging_mixin.py:190} INFO - [2026-07-21T04:37:54.019+0000] {dagbag.py:588} INFO - Filling up the DagBag from /opt/airflow/dags/setup_lakehouse_infrastructure_v3.py
[2026-07-21T04:37:54.057+0000] {processor.py:925} INFO - DAG(s) 'setup_lakehouse_infrastructure_v3' retrieved from /opt/airflow/dags/setup_lakehouse_infrastructure_v3.py
[2026-07-21T04:37:54.095+0000] {logging_mixin.py:190} INFO - [2026-07-21T04:37:54.094+0000] {dag.py:3239} INFO - Sync 1 DAGs
[2026-07-21T04:37:54.135+0000] {logging_mixin.py:190} INFO - [2026-07-21T04:37:54.134+0000] {dag.py:4180} INFO - Setting next_dagrun for setup_lakehouse_infrastructure_v3 to None, run_after=None
[2026-07-21T04:37:54.177+0000] {processor.py:208} INFO - Processing /opt/airflow/dags/setup_lakehouse_infrastructure_v3.py took 0.178 seconds
[2026-07-21T04:38:24.773+0000] {processor.py:186} INFO - Started process (PID=2087) to work on /opt/airflow/dags/setup_lakehouse_infrastructure_v3.py
[2026-07-21T04:38:24.775+0000] {processor.py:914} INFO - Processing file /opt/airflow/dags/setup_lakehouse_infrastructure_v3.py for tasks to queue
[2026-07-21T04:38:24.776+0000] {logging_mixin.py:190} INFO - [2026-07-21T04:38:24.776+0000] {dagbag.py:588} INFO - Filling up the DagBag from /opt/airflow/dags/setup_lakehouse_infrastructure_v3.py
[2026-07-21T04:38:24.802+0000] {processor.py:925} INFO - DAG(s) 'setup_lakehouse_infrastructure_v3' retrieved from /opt/airflow/dags/setup_lakehouse_infrastructure_v3.py
[2026-07-21T04:38:24.824+0000] {logging_mixin.py:190} INFO - [2026-07-21T04:38:24.824+0000] {dag.py:3239} INFO - Sync 1 DAGs
[2026-07-21T04:38:24.846+0000] {logging_mixin.py:190} INFO - [2026-07-21T04:38:24.846+0000] {dag.py:4180} INFO - Setting next_dagrun for setup_lakehouse_infrastructure_v3 to None, run_after=None
[2026-07-21T04:38:24.872+0000] {processor.py:208} INFO - Processing /opt/airflow/dags/setup_lakehouse_infrastructure_v3.py took 0.104 seconds
[2026-07-21T04:38:55.111+0000] {processor.py:186} INFO - Started process (PID=2200) to work on /opt/airflow/dags/setup_lakehouse_infrastructure_v3.py
[2026-07-21T04:38:55.113+0000] {processor.py:914} INFO - Processing file /opt/airflow/dags/setup_lakehouse_infrastructure_v3.py for tasks to queue
[2026-07-21T04:38:55.114+0000] {logging_mixin.py:190} INFO - [2026-07-21T04:38:55.114+0000] {dagbag.py:588} INFO - Filling up the DagBag from /opt/airflow/dags/setup_lakehouse_infrastructure_v3.py
[2026-07-21T04:38:55.147+0000] {processor.py:925} INFO - DAG(s) 'setup_lakehouse_infrastructure_v3' retrieved from /opt/airflow/dags/setup_lakehouse_infrastructure_v3.py
[2026-07-21T04:38:55.171+0000] {logging_mixin.py:190} INFO - [2026-07-21T04:38:55.171+0000] {dag.py:3239} INFO - Sync 1 DAGs
[2026-07-21T04:38:55.194+0000] {logging_mixin.py:190} INFO - [2026-07-21T04:38:55.194+0000] {dag.py:4180} INFO - Setting next_dagrun for setup_lakehouse_infrastructure_v3 to None, run_after=None
[2026-07-21T04:38:55.213+0000] {processor.py:208} INFO - Processing /opt/airflow/dags/setup_lakehouse_infrastructure_v3.py took 0.107 seconds
[2026-07-21T04:39:25.943+0000] {processor.py:186} INFO - Started process (PID=2314) to work on /opt/airflow/dags/setup_lakehouse_infrastructure_v3.py
[2026-07-21T04:39:25.944+0000] {processor.py:914} INFO - Processing file /opt/airflow/dags/setup_lakehouse_infrastructure_v3.py for tasks to queue
[2026-07-21T04:39:25.946+0000] {logging_mixin.py:190} INFO - [2026-07-21T04:39:25.945+0000] {dagbag.py:588} INFO - Filling up the DagBag from /opt/airflow/dags/setup_lakehouse_infrastructure_v3.py
[2026-07-21T04:39:25.969+0000] {processor.py:925} INFO - DAG(s) 'setup_lakehouse_infrastructure_v3' retrieved from /opt/airflow/dags/setup_lakehouse_infrastructure_v3.py
[2026-07-21T04:39:25.995+0000] {logging_mixin.py:190} INFO - [2026-07-21T04:39:25.995+0000] {dag.py:3239} INFO - Sync 1 DAGs
[2026-07-21T04:39:26.017+0000] {logging_mixin.py:190} INFO - [2026-07-21T04:39:26.017+0000] {dag.py:4180} INFO - Setting next_dagrun for setup_lakehouse_infrastructure_v3 to None, run_after=None
[2026-07-21T04:39:26.037+0000] {processor.py:208} INFO - Processing /opt/airflow/dags/setup_lakehouse_infrastructure_v3.py took 0.100 seconds
[2026-07-21T04:39:56.280+0000] {processor.py:186} INFO - Started process (PID=2413) to work on /opt/airflow/dags/setup_lakehouse_infrastructure_v3.py
[2026-07-21T04:39:56.281+0000] {processor.py:914} INFO - Processing file /opt/airflow/dags/setup_lakehouse_infrastructure_v3.py for tasks to queue
[2026-07-21T04:39:56.283+0000] {logging_mixin.py:190} INFO - [2026-07-21T04:39:56.283+0000] {dagbag.py:588} INFO - Filling up the DagBag from /opt/airflow/dags/setup_lakehouse_infrastructure_v3.py
[2026-07-21T04:39:56.308+0000] {processor.py:925} INFO - DAG(s) 'setup_lakehouse_infrastructure_v3' retrieved from /opt/airflow/dags/setup_lakehouse_infrastructure_v3.py
[2026-07-21T04:39:56.336+0000] {logging_mixin.py:190} INFO - [2026-07-21T04:39:56.336+0000] {dag.py:3239} INFO - Sync 1 DAGs
[2026-07-21T04:39:56.364+0000] {logging_mixin.py:190} INFO - [2026-07-21T04:39:56.364+0000] {dag.py:4180} INFO - Setting next_dagrun for setup_lakehouse_infrastructure_v3 to None, run_after=None
[2026-07-21T04:39:56.399+0000] {processor.py:208} INFO - Processing /opt/airflow/dags/setup_lakehouse_infrastructure_v3.py took 0.124 seconds
[2026-07-21T04:40:26.783+0000] {processor.py:186} INFO - Started process (PID=2512) to work on /opt/airflow/dags/setup_lakehouse_infrastructure_v3.py
[2026-07-21T04:40:26.784+0000] {processor.py:914} INFO - Processing file /opt/airflow/dags/setup_lakehouse_infrastructure_v3.py for tasks to queue
[2026-07-21T04:40:26.785+0000] {logging_mixin.py:190} INFO - [2026-07-21T04:40:26.785+0000] {dagbag.py:588} INFO - Filling up the DagBag from /opt/airflow/dags/setup_lakehouse_infrastructure_v3.py
[2026-07-21T04:40:26.808+0000] {processor.py:925} INFO - DAG(s) 'setup_lakehouse_infrastructure_v3' retrieved from /opt/airflow/dags/setup_lakehouse_infrastructure_v3.py
[2026-07-21T04:40:26.836+0000] {logging_mixin.py:190} INFO - [2026-07-21T04:40:26.836+0000] {dag.py:3239} INFO - Sync 1 DAGs
[2026-07-21T04:40:26.865+0000] {logging_mixin.py:190} INFO - [2026-07-21T04:40:26.864+0000] {dag.py:4180} INFO - Setting next_dagrun for setup_lakehouse_infrastructure_v3 to None, run_after=None
[2026-07-21T04:40:26.892+0000] {processor.py:208} INFO - Processing /opt/airflow/dags/setup_lakehouse_infrastructure_v3.py took 0.115 seconds
[2026-07-21T04:40:56.955+0000] {processor.py:186} INFO - Started process (PID=2623) to work on /opt/airflow/dags/setup_lakehouse_infrastructure_v3.py
[2026-07-21T04:40:56.957+0000] {processor.py:914} INFO - Processing file /opt/airflow/dags/setup_lakehouse_infrastructure_v3.py for tasks to queue
[2026-07-21T04:40:56.958+0000] {logging_mixin.py:190} INFO - [2026-07-21T04:40:56.958+0000] {dagbag.py:588} INFO - Filling up the DagBag from /opt/airflow/dags/setup_lakehouse_infrastructure_v3.py
[2026-07-21T04:40:56.987+0000] {processor.py:925} INFO - DAG(s) 'setup_lakehouse_infrastructure_v3' retrieved from /opt/airflow/dags/setup_lakehouse_infrastructure_v3.py
[2026-07-21T04:40:57.016+0000] {logging_mixin.py:190} INFO - [2026-07-21T04:40:57.016+0000] {dag.py:3239} INFO - Sync 1 DAGs
[2026-07-21T04:40:57.042+0000] {logging_mixin.py:190} INFO - [2026-07-21T04:40:57.042+0000] {dag.py:4180} INFO - Setting next_dagrun for setup_lakehouse_infrastructure_v3 to None, run_after=None
[2026-07-21T04:40:57.062+0000] {processor.py:208} INFO - Processing /opt/airflow/dags/setup_lakehouse_infrastructure_v3.py took 0.114 seconds
[2026-07-21T04:41:27.727+0000] {processor.py:186} INFO - Started process (PID=2744) to work on /opt/airflow/dags/setup_lakehouse_infrastructure_v3.py
[2026-07-21T04:41:27.728+0000] {processor.py:914} INFO - Processing file /opt/airflow/dags/setup_lakehouse_infrastructure_v3.py for tasks to queue
[2026-07-21T04:41:27.729+0000] {logging_mixin.py:190} INFO - [2026-07-21T04:41:27.729+0000] {dagbag.py:588} INFO - Filling up the DagBag from /opt/airflow/dags/setup_lakehouse_infrastructure_v3.py
[2026-07-21T04:41:27.764+0000] {processor.py:925} INFO - DAG(s) 'setup_lakehouse_infrastructure_v3' retrieved from /opt/airflow/dags/setup_lakehouse_infrastructure_v3.py
[2026-07-21T04:41:27.791+0000] {logging_mixin.py:190} INFO - [2026-07-21T04:41:27.790+0000] {dag.py:3239} INFO - Sync 1 DAGs
[2026-07-21T04:41:27.816+0000] {logging_mixin.py:190} INFO - [2026-07-21T04:41:27.816+0000] {dag.py:4180} INFO - Setting next_dagrun for setup_lakehouse_infrastructure_v3 to None, run_after=None
[2026-07-21T04:41:27.834+0000] {processor.py:208} INFO - Processing /opt/airflow/dags/setup_lakehouse_infrastructure_v3.py took 0.114 seconds
[2026-07-21T04:41:57.946+0000] {processor.py:186} INFO - Started process (PID=2857) to work on /opt/airflow/dags/setup_lakehouse_infrastructure_v3.py
[2026-07-21T04:41:57.947+0000] {processor.py:914} INFO - Processing file /opt/airflow/dags/setup_lakehouse_infrastructure_v3.py for tasks to queue
[2026-07-21T04:41:57.949+0000] {logging_mixin.py:190} INFO - [2026-07-21T04:41:57.948+0000] {dagbag.py:588} INFO - Filling up the DagBag from /opt/airflow/dags/setup_lakehouse_infrastructure_v3.py
[2026-07-21T04:41:57.974+0000] {processor.py:925} INFO - DAG(s) 'setup_lakehouse_infrastructure_v3' retrieved from /opt/airflow/dags/setup_lakehouse_infrastructure_v3.py
[2026-07-21T04:41:57.995+0000] {logging_mixin.py:190} INFO - [2026-07-21T04:41:57.995+0000] {dag.py:3239} INFO - Sync 1 DAGs
[2026-07-21T04:41:58.016+0000] {logging_mixin.py:190} INFO - [2026-07-21T04:41:58.016+0000] {dag.py:4180} INFO - Setting next_dagrun for setup_lakehouse_infrastructure_v3 to None, run_after=None
[2026-07-21T04:41:58.037+0000] {processor.py:208} INFO - Processing /opt/airflow/dags/setup_lakehouse_infrastructure_v3.py took 0.097 seconds
[2026-07-21T04:42:28.331+0000] {processor.py:186} INFO - Started process (PID=2973) to work on /opt/airflow/dags/setup_lakehouse_infrastructure_v3.py
[2026-07-21T04:42:28.332+0000] {processor.py:914} INFO - Processing file /opt/airflow/dags/setup_lakehouse_infrastructure_v3.py for tasks to queue
[2026-07-21T04:42:28.334+0000] {logging_mixin.py:190} INFO - [2026-07-21T04:42:28.333+0000] {dagbag.py:588} INFO - Filling up the DagBag from /opt/airflow/dags/setup_lakehouse_infrastructure_v3.py
[2026-07-21T04:42:28.356+0000] {processor.py:925} INFO - DAG(s) 'setup_lakehouse_infrastructure_v3' retrieved from /opt/airflow/dags/setup_lakehouse_infrastructure_v3.py
[2026-07-21T04:42:28.377+0000] {logging_mixin.py:190} INFO - [2026-07-21T04:42:28.377+0000] {dag.py:3239} INFO - Sync 1 DAGs
[2026-07-21T04:42:28.399+0000] {logging_mixin.py:190} INFO - [2026-07-21T04:42:28.399+0000] {dag.py:4180} INFO - Setting next_dagrun for setup_lakehouse_infrastructure_v3 to None, run_after=None
[2026-07-21T04:42:28.416+0000] {processor.py:208} INFO - Processing /opt/airflow/dags/setup_lakehouse_infrastructure_v3.py took 0.090 seconds
[2026-07-21T04:42:58.792+0000] {processor.py:186} INFO - Started process (PID=3087) to work on /opt/airflow/dags/setup_lakehouse_infrastructure_v3.py
[2026-07-21T04:42:58.793+0000] {processor.py:914} INFO - Processing file /opt/airflow/dags/setup_lakehouse_infrastructure_v3.py for tasks to queue
[2026-07-21T04:42:58.794+0000] {logging_mixin.py:190} INFO - [2026-07-21T04:42:58.794+0000] {dagbag.py:588} INFO - Filling up the DagBag from /opt/airflow/dags/setup_lakehouse_infrastructure_v3.py
[2026-07-21T04:42:58.815+0000] {processor.py:925} INFO - DAG(s) 'setup_lakehouse_infrastructure_v3' retrieved from /opt/airflow/dags/setup_lakehouse_infrastructure_v3.py
[2026-07-21T04:42:58.840+0000] {logging_mixin.py:190} INFO - [2026-07-21T04:42:58.840+0000] {dag.py:3239} INFO - Sync 1 DAGs
[2026-07-21T04:42:58.860+0000] {logging_mixin.py:190} INFO - [2026-07-21T04:42:58.860+0000] {dag.py:4180} INFO - Setting next_dagrun for setup_lakehouse_infrastructure_v3 to None, run_after=None
[2026-07-21T04:42:58.877+0000] {processor.py:208} INFO - Processing /opt/airflow/dags/setup_lakehouse_infrastructure_v3.py took 0.091 seconds
[2026-07-21T04:43:29.440+0000] {processor.py:186} INFO - Started process (PID=3200) to work on /opt/airflow/dags/setup_lakehouse_infrastructure_v3.py
[2026-07-21T04:43:29.441+0000] {processor.py:914} INFO - Processing file /opt/airflow/dags/setup_lakehouse_infrastructure_v3.py for tasks to queue
[2026-07-21T04:43:29.442+0000] {logging_mixin.py:190} INFO - [2026-07-21T04:43:29.442+0000] {dagbag.py:588} INFO - Filling up the DagBag from /opt/airflow/dags/setup_lakehouse_infrastructure_v3.py
[2026-07-21T04:43:29.464+0000] {processor.py:925} INFO - DAG(s) 'setup_lakehouse_infrastructure_v3' retrieved from /opt/airflow/dags/setup_lakehouse_infrastructure_v3.py
[2026-07-21T04:43:29.485+0000] {logging_mixin.py:190} INFO - [2026-07-21T04:43:29.484+0000] {dag.py:3239} INFO - Sync 1 DAGs
[2026-07-21T04:43:29.505+0000] {logging_mixin.py:190} INFO - [2026-07-21T04:43:29.505+0000] {dag.py:4180} INFO - Setting next_dagrun for setup_lakehouse_infrastructure_v3 to None, run_after=None
[2026-07-21T04:43:29.525+0000] {processor.py:208} INFO - Processing /opt/airflow/dags/setup_lakehouse_infrastructure_v3.py took 0.091 seconds
[2026-07-21T04:43:59.949+0000] {processor.py:186} INFO - Started process (PID=3316) to work on /opt/airflow/dags/setup_lakehouse_infrastructure_v3.py
[2026-07-21T04:43:59.950+0000] {processor.py:914} INFO - Processing file /opt/airflow/dags/setup_lakehouse_infrastructure_v3.py for tasks to queue
[2026-07-21T04:43:59.952+0000] {logging_mixin.py:190} INFO - [2026-07-21T04:43:59.951+0000] {dagbag.py:588} INFO - Filling up the DagBag from /opt/airflow/dags/setup_lakehouse_infrastructure_v3.py
[2026-07-21T04:43:59.973+0000] {processor.py:925} INFO - DAG(s) 'setup_lakehouse_infrastructure_v3' retrieved from /opt/airflow/dags/setup_lakehouse_infrastructure_v3.py
[2026-07-21T04:43:59.996+0000] {logging_mixin.py:190} INFO - [2026-07-21T04:43:59.996+0000] {dag.py:3239} INFO - Sync 1 DAGs
[2026-07-21T04:44:00.017+0000] {logging_mixin.py:190} INFO - [2026-07-21T04:44:00.016+0000] {dag.py:4180} INFO - Setting next_dagrun for setup_lakehouse_infrastructure_v3 to None, run_after=None
[2026-07-21T04:44:00.039+0000] {processor.py:208} INFO - Processing /opt/airflow/dags/setup_lakehouse_infrastructure_v3.py took 0.096 seconds
[2026-07-21T04:44:30.328+0000] {processor.py:186} INFO - Started process (PID=3457) to work on /opt/airflow/dags/setup_lakehouse_infrastructure_v3.py
[2026-07-21T04:44:30.329+0000] {processor.py:914} INFO - Processing file /opt/airflow/dags/setup_lakehouse_infrastructure_v3.py for tasks to queue
[2026-07-21T04:44:30.331+0000] {logging_mixin.py:190} INFO - [2026-07-21T04:44:30.331+0000] {dagbag.py:588} INFO - Filling up the DagBag from /opt/airflow/dags/setup_lakehouse_infrastructure_v3.py
[2026-07-21T04:44:30.358+0000] {processor.py:925} INFO - DAG(s) 'setup_lakehouse_infrastructure_v3' retrieved from /opt/airflow/dags/setup_lakehouse_infrastructure_v3.py
[2026-07-21T04:44:30.383+0000] {logging_mixin.py:190} INFO - [2026-07-21T04:44:30.383+0000] {dag.py:3239} INFO - Sync 1 DAGs
[2026-07-21T04:44:30.410+0000] {logging_mixin.py:190} INFO - [2026-07-21T04:44:30.410+0000] {dag.py:4180} INFO - Setting next_dagrun for setup_lakehouse_infrastructure_v3 to None, run_after=None
[2026-07-21T04:44:30.432+0000] {processor.py:208} INFO - Processing /opt/airflow/dags/setup_lakehouse_infrastructure_v3.py took 0.110 seconds
[2026-07-21T04:45:00.770+0000] {processor.py:186} INFO - Started process (PID=3570) to work on /opt/airflow/dags/setup_lakehouse_infrastructure_v3.py
[2026-07-21T04:45:00.771+0000] {processor.py:914} INFO - Processing file /opt/airflow/dags/setup_lakehouse_infrastructure_v3.py for tasks to queue
[2026-07-21T04:45:00.772+0000] {logging_mixin.py:190} INFO - [2026-07-21T04:45:00.772+0000] {dagbag.py:588} INFO - Filling up the DagBag from /opt/airflow/dags/setup_lakehouse_infrastructure_v3.py
[2026-07-21T04:45:00.796+0000] {processor.py:925} INFO - DAG(s) 'setup_lakehouse_infrastructure_v3' retrieved from /opt/airflow/dags/setup_lakehouse_infrastructure_v3.py
[2026-07-21T04:45:00.817+0000] {logging_mixin.py:190} INFO - [2026-07-21T04:45:00.817+0000] {dag.py:3239} INFO - Sync 1 DAGs
[2026-07-21T04:45:00.839+0000] {logging_mixin.py:190} INFO - [2026-07-21T04:45:00.839+0000] {dag.py:4180} INFO - Setting next_dagrun for setup_lakehouse_infrastructure_v3 to None, run_after=None
[2026-07-21T04:45:00.862+0000] {processor.py:208} INFO - Processing /opt/airflow/dags/setup_lakehouse_infrastructure_v3.py took 0.097 seconds
[2026-07-21T04:45:31.097+0000] {processor.py:186} INFO - Started process (PID=3686) to work on /opt/airflow/dags/setup_lakehouse_infrastructure_v3.py
[2026-07-21T04:45:31.099+0000] {processor.py:914} INFO - Processing file /opt/airflow/dags/setup_lakehouse_infrastructure_v3.py for tasks to queue
[2026-07-21T04:45:31.100+0000] {logging_mixin.py:190} INFO - [2026-07-21T04:45:31.100+0000] {dagbag.py:588} INFO - Filling up the DagBag from /opt/airflow/dags/setup_lakehouse_infrastructure_v3.py
[2026-07-21T04:45:31.125+0000] {processor.py:925} INFO - DAG(s) 'setup_lakehouse_infrastructure_v3' retrieved from /opt/airflow/dags/setup_lakehouse_infrastructure_v3.py
[2026-07-21T04:45:31.146+0000] {logging_mixin.py:190} INFO - [2026-07-21T04:45:31.146+0000] {dag.py:3239} INFO - Sync 1 DAGs
[2026-07-21T04:45:31.169+0000] {logging_mixin.py:190} INFO - [2026-07-21T04:45:31.169+0000] {dag.py:4180} INFO - Setting next_dagrun for setup_lakehouse_infrastructure_v3 to None, run_after=None
[2026-07-21T04:45:31.192+0000] {processor.py:208} INFO - Processing /opt/airflow/dags/setup_lakehouse_infrastructure_v3.py took 0.100 seconds
[2026-07-21T04:46:01.269+0000] {processor.py:186} INFO - Started process (PID=3802) to work on /opt/airflow/dags/setup_lakehouse_infrastructure_v3.py
[2026-07-21T04:46:01.270+0000] {processor.py:914} INFO - Processing file /opt/airflow/dags/setup_lakehouse_infrastructure_v3.py for tasks to queue
[2026-07-21T04:46:01.272+0000] {logging_mixin.py:190} INFO - [2026-07-21T04:46:01.271+0000] {dagbag.py:588} INFO - Filling up the DagBag from /opt/airflow/dags/setup_lakehouse_infrastructure_v3.py
[2026-07-21T04:46:01.296+0000] {processor.py:925} INFO - DAG(s) 'setup_lakehouse_infrastructure_v3' retrieved from /opt/airflow/dags/setup_lakehouse_infrastructure_v3.py
[2026-07-21T04:46:01.317+0000] {logging_mixin.py:190} INFO - [2026-07-21T04:46:01.317+0000] {dag.py:3239} INFO - Sync 1 DAGs
[2026-07-21T04:46:01.338+0000] {logging_mixin.py:190} INFO - [2026-07-21T04:46:01.337+0000] {dag.py:4180} INFO - Setting next_dagrun for setup_lakehouse_infrastructure_v3 to None, run_after=None
[2026-07-21T04:46:01.364+0000] {processor.py:208} INFO - Processing /opt/airflow/dags/setup_lakehouse_infrastructure_v3.py took 0.101 seconds
[2026-07-21T04:46:31.887+0000] {processor.py:186} INFO - Started process (PID=3916) to work on /opt/airflow/dags/setup_lakehouse_infrastructure_v3.py
[2026-07-21T04:46:31.888+0000] {processor.py:914} INFO - Processing file /opt/airflow/dags/setup_lakehouse_infrastructure_v3.py for tasks to queue
[2026-07-21T04:46:31.889+0000] {logging_mixin.py:190} INFO - [2026-07-21T04:46:31.889+0000] {dagbag.py:588} INFO - Filling up the DagBag from /opt/airflow/dags/setup_lakehouse_infrastructure_v3.py
[2026-07-21T04:46:31.911+0000] {processor.py:925} INFO - DAG(s) 'setup_lakehouse_infrastructure_v3' retrieved from /opt/airflow/dags/setup_lakehouse_infrastructure_v3.py
[2026-07-21T04:46:31.933+0000] {logging_mixin.py:190} INFO - [2026-07-21T04:46:31.932+0000] {dag.py:3239} INFO - Sync 1 DAGs
[2026-07-21T04:46:31.955+0000] {logging_mixin.py:190} INFO - [2026-07-21T04:46:31.955+0000] {dag.py:4180} INFO - Setting next_dagrun for setup_lakehouse_infrastructure_v3 to None, run_after=None
[2026-07-21T04:46:31.975+0000] {processor.py:208} INFO - Processing /opt/airflow/dags/setup_lakehouse_infrastructure_v3.py took 0.093 seconds
[2026-07-21T04:47:02.591+0000] {processor.py:186} INFO - Started process (PID=4029) to work on /opt/airflow/dags/setup_lakehouse_infrastructure_v3.py
[2026-07-21T04:47:02.593+0000] {processor.py:914} INFO - Processing file /opt/airflow/dags/setup_lakehouse_infrastructure_v3.py for tasks to queue
[2026-07-21T04:47:02.595+0000] {logging_mixin.py:190} INFO - [2026-07-21T04:47:02.594+0000] {dagbag.py:588} INFO - Filling up the DagBag from /opt/airflow/dags/setup_lakehouse_infrastructure_v3.py
[2026-07-21T04:47:02.620+0000] {processor.py:925} INFO - DAG(s) 'setup_lakehouse_infrastructure_v3' retrieved from /opt/airflow/dags/setup_lakehouse_infrastructure_v3.py
[2026-07-21T04:47:02.641+0000] {logging_mixin.py:190} INFO - [2026-07-21T04:47:02.641+0000] {dag.py:3239} INFO - Sync 1 DAGs
[2026-07-21T04:47:02.664+0000] {logging_mixin.py:190} INFO - [2026-07-21T04:47:02.664+0000] {dag.py:4180} INFO - Setting next_dagrun for setup_lakehouse_infrastructure_v3 to None, run_after=None
[2026-07-21T04:47:02.681+0000] {processor.py:208} INFO - Processing /opt/airflow/dags/setup_lakehouse_infrastructure_v3.py took 0.095 seconds
[2026-07-21T04:47:32.835+0000] {processor.py:186} INFO - Started process (PID=4166) to work on /opt/airflow/dags/setup_lakehouse_infrastructure_v3.py
[2026-07-21T04:47:32.836+0000] {processor.py:914} INFO - Processing file /opt/airflow/dags/setup_lakehouse_infrastructure_v3.py for tasks to queue
[2026-07-21T04:47:32.839+0000] {logging_mixin.py:190} INFO - [2026-07-21T04:47:32.838+0000] {dagbag.py:588} INFO - Filling up the DagBag from /opt/airflow/dags/setup_lakehouse_infrastructure_v3.py
[2026-07-21T04:47:32.874+0000] {processor.py:925} INFO - DAG(s) 'setup_lakehouse_infrastructure_v3' retrieved from /opt/airflow/dags/setup_lakehouse_infrastructure_v3.py
[2026-07-21T04:47:32.905+0000] {logging_mixin.py:190} INFO - [2026-07-21T04:47:32.904+0000] {dag.py:3239} INFO - Sync 1 DAGs
[2026-07-21T04:47:32.932+0000] {logging_mixin.py:190} INFO - [2026-07-21T04:47:32.931+0000] {dag.py:4180} INFO - Setting next_dagrun for setup_lakehouse_infrastructure_v3 to None, run_after=None
[2026-07-21T04:47:32.960+0000] {processor.py:208} INFO - Processing /opt/airflow/dags/setup_lakehouse_infrastructure_v3.py took 0.132 seconds
[2026-07-21T04:48:03.122+0000] {processor.py:186} INFO - Started process (PID=4280) to work on /opt/airflow/dags/setup_lakehouse_infrastructure_v3.py
[2026-07-21T04:48:03.123+0000] {processor.py:914} INFO - Processing file /opt/airflow/dags/setup_lakehouse_infrastructure_v3.py for tasks to queue
[2026-07-21T04:48:03.124+0000] {logging_mixin.py:190} INFO - [2026-07-21T04:48:03.124+0000] {dagbag.py:588} INFO - Filling up the DagBag from /opt/airflow/dags/setup_lakehouse_infrastructure_v3.py
[2026-07-21T04:48:03.149+0000] {processor.py:925} INFO - DAG(s) 'setup_lakehouse_infrastructure_v3' retrieved from /opt/airflow/dags/setup_lakehouse_infrastructure_v3.py
[2026-07-21T04:48:03.171+0000] {logging_mixin.py:190} INFO - [2026-07-21T04:48:03.171+0000] {dag.py:3239} INFO - Sync 1 DAGs
[2026-07-21T04:48:03.193+0000] {logging_mixin.py:190} INFO - [2026-07-21T04:48:03.193+0000] {dag.py:4180} INFO - Setting next_dagrun for setup_lakehouse_infrastructure_v3 to None, run_after=None
[2026-07-21T04:48:03.210+0000] {processor.py:208} INFO - Processing /opt/airflow/dags/setup_lakehouse_infrastructure_v3.py took 0.094 seconds
[2026-07-21T04:48:33.280+0000] {processor.py:186} INFO - Started process (PID=4393) to work on /opt/airflow/dags/setup_lakehouse_infrastructure_v3.py
[2026-07-21T04:48:33.281+0000] {processor.py:914} INFO - Processing file /opt/airflow/dags/setup_lakehouse_infrastructure_v3.py for tasks to queue
[2026-07-21T04:48:33.283+0000] {logging_mixin.py:190} INFO - [2026-07-21T04:48:33.283+0000] {dagbag.py:588} INFO - Filling up the DagBag from /opt/airflow/dags/setup_lakehouse_infrastructure_v3.py
[2026-07-21T04:48:33.312+0000] {processor.py:925} INFO - DAG(s) 'setup_lakehouse_infrastructure_v3' retrieved from /opt/airflow/dags/setup_lakehouse_infrastructure_v3.py
[2026-07-21T04:48:33.335+0000] {logging_mixin.py:190} INFO - [2026-07-21T04:48:33.335+0000] {dag.py:3239} INFO - Sync 1 DAGs
[2026-07-21T04:48:33.359+0000] {logging_mixin.py:190} INFO - [2026-07-21T04:48:33.359+0000] {dag.py:4180} INFO - Setting next_dagrun for setup_lakehouse_infrastructure_v3 to None, run_after=None
[2026-07-21T04:48:33.382+0000] {processor.py:208} INFO - Processing /opt/airflow/dags/setup_lakehouse_infrastructure_v3.py took 0.110 seconds
[2026-07-21T04:49:03.489+0000] {processor.py:186} INFO - Started process (PID=4509) to work on /opt/airflow/dags/setup_lakehouse_infrastructure_v3.py
[2026-07-21T04:49:03.490+0000] {processor.py:914} INFO - Processing file /opt/airflow/dags/setup_lakehouse_infrastructure_v3.py for tasks to queue
[2026-07-21T04:49:03.492+0000] {logging_mixin.py:190} INFO - [2026-07-21T04:49:03.492+0000] {dagbag.py:588} INFO - Filling up the DagBag from /opt/airflow/dags/setup_lakehouse_infrastructure_v3.py
[2026-07-21T04:49:03.519+0000] {processor.py:925} INFO - DAG(s) 'setup_lakehouse_infrastructure_v3' retrieved from /opt/airflow/dags/setup_lakehouse_infrastructure_v3.py
[2026-07-21T04:49:03.542+0000] {logging_mixin.py:190} INFO - [2026-07-21T04:49:03.541+0000] {dag.py:3239} INFO - Sync 1 DAGs
[2026-07-21T04:49:03.563+0000] {logging_mixin.py:190} INFO - [2026-07-21T04:49:03.563+0000] {dag.py:4180} INFO - Setting next_dagrun for setup_lakehouse_infrastructure_v3 to None, run_after=None
[2026-07-21T04:49:03.586+0000] {processor.py:208} INFO - Processing /opt/airflow/dags/setup_lakehouse_infrastructure_v3.py took 0.103 seconds
[2026-07-21T04:49:34.030+0000] {processor.py:186} INFO - Started process (PID=4625) to work on /opt/airflow/dags/setup_lakehouse_infrastructure_v3.py
[2026-07-21T04:49:34.031+0000] {processor.py:914} INFO - Processing file /opt/airflow/dags/setup_lakehouse_infrastructure_v3.py for tasks to queue
[2026-07-21T04:49:34.033+0000] {logging_mixin.py:190} INFO - [2026-07-21T04:49:34.033+0000] {dagbag.py:588} INFO - Filling up the DagBag from /opt/airflow/dags/setup_lakehouse_infrastructure_v3.py
[2026-07-21T04:49:34.059+0000] {processor.py:925} INFO - DAG(s) 'setup_lakehouse_infrastructure_v3' retrieved from /opt/airflow/dags/setup_lakehouse_infrastructure_v3.py
[2026-07-21T04:49:34.081+0000] {logging_mixin.py:190} INFO - [2026-07-21T04:49:34.080+0000] {dag.py:3239} INFO - Sync 1 DAGs
[2026-07-21T04:49:34.101+0000] {logging_mixin.py:190} INFO - [2026-07-21T04:49:34.101+0000] {dag.py:4180} INFO - Setting next_dagrun for setup_lakehouse_infrastructure_v3 to None, run_after=None
[2026-07-21T04:49:34.125+0000] {processor.py:208} INFO - Processing /opt/airflow/dags/setup_lakehouse_infrastructure_v3.py took 0.099 seconds
[2026-07-21T04:50:04.486+0000] {processor.py:186} INFO - Started process (PID=4739) to work on /opt/airflow/dags/setup_lakehouse_infrastructure_v3.py
[2026-07-21T04:50:04.487+0000] {processor.py:914} INFO - Processing file /opt/airflow/dags/setup_lakehouse_infrastructure_v3.py for tasks to queue
[2026-07-21T04:50:04.489+0000] {logging_mixin.py:190} INFO - [2026-07-21T04:50:04.488+0000] {dagbag.py:588} INFO - Filling up the DagBag from /opt/airflow/dags/setup_lakehouse_infrastructure_v3.py
[2026-07-21T04:50:04.514+0000] {processor.py:925} INFO - DAG(s) 'setup_lakehouse_infrastructure_v3' retrieved from /opt/airflow/dags/setup_lakehouse_infrastructure_v3.py
[2026-07-21T04:50:04.539+0000] {logging_mixin.py:190} INFO - [2026-07-21T04:50:04.538+0000] {dag.py:3239} INFO - Sync 1 DAGs
[2026-07-21T04:50:04.559+0000] {logging_mixin.py:190} INFO - [2026-07-21T04:50:04.559+0000] {dag.py:4180} INFO - Setting next_dagrun for setup_lakehouse_infrastructure_v3 to None, run_after=None
[2026-07-21T04:50:04.585+0000] {processor.py:208} INFO - Processing /opt/airflow/dags/setup_lakehouse_infrastructure_v3.py took 0.106 seconds
[2026-07-21T04:50:35.069+0000] {processor.py:186} INFO - Started process (PID=4873) to work on /opt/airflow/dags/setup_lakehouse_infrastructure_v3.py
[2026-07-21T04:50:35.070+0000] {processor.py:914} INFO - Processing file /opt/airflow/dags/setup_lakehouse_infrastructure_v3.py for tasks to queue
[2026-07-21T04:50:35.072+0000] {logging_mixin.py:190} INFO - [2026-07-21T04:50:35.071+0000] {dagbag.py:588} INFO - Filling up the DagBag from /opt/airflow/dags/setup_lakehouse_infrastructure_v3.py
[2026-07-21T04:50:35.102+0000] {processor.py:925} INFO - DAG(s) 'setup_lakehouse_infrastructure_v3' retrieved from /opt/airflow/dags/setup_lakehouse_infrastructure_v3.py
[2026-07-21T04:50:35.125+0000] {logging_mixin.py:190} INFO - [2026-07-21T04:50:35.125+0000] {dag.py:3239} INFO - Sync 1 DAGs
[2026-07-21T04:50:35.148+0000] {logging_mixin.py:190} INFO - [2026-07-21T04:50:35.148+0000] {dag.py:4180} INFO - Setting next_dagrun for setup_lakehouse_infrastructure_v3 to None, run_after=None
[2026-07-21T04:50:35.232+0000] {processor.py:208} INFO - Processing /opt/airflow/dags/setup_lakehouse_infrastructure_v3.py took 0.169 seconds
[2026-07-21T04:51:05.398+0000] {processor.py:186} INFO - Started process (PID=4989) to work on /opt/airflow/dags/setup_lakehouse_infrastructure_v3.py
[2026-07-21T04:51:05.400+0000] {processor.py:914} INFO - Processing file /opt/airflow/dags/setup_lakehouse_infrastructure_v3.py for tasks to queue
[2026-07-21T04:51:05.401+0000] {logging_mixin.py:190} INFO - [2026-07-21T04:51:05.401+0000] {dagbag.py:588} INFO - Filling up the DagBag from /opt/airflow/dags/setup_lakehouse_infrastructure_v3.py
[2026-07-21T04:51:05.432+0000] {processor.py:925} INFO - DAG(s) 'setup_lakehouse_infrastructure_v3' retrieved from /opt/airflow/dags/setup_lakehouse_infrastructure_v3.py
[2026-07-21T04:51:05.457+0000] {logging_mixin.py:190} INFO - [2026-07-21T04:51:05.456+0000] {dag.py:3239} INFO - Sync 1 DAGs
[2026-07-21T04:51:05.478+0000] {logging_mixin.py:190} INFO - [2026-07-21T04:51:05.478+0000] {dag.py:4180} INFO - Setting next_dagrun for setup_lakehouse_infrastructure_v3 to None, run_after=None
[2026-07-21T04:51:05.630+0000] {processor.py:208} INFO - Processing /opt/airflow/dags/setup_lakehouse_infrastructure_v3.py took 0.237 seconds
[2026-07-21T04:51:35.786+0000] {processor.py:186} INFO - Started process (PID=5103) to work on /opt/airflow/dags/setup_lakehouse_infrastructure_v3.py
[2026-07-21T04:51:35.787+0000] {processor.py:914} INFO - Processing file /opt/airflow/dags/setup_lakehouse_infrastructure_v3.py for tasks to queue
[2026-07-21T04:51:35.788+0000] {logging_mixin.py:190} INFO - [2026-07-21T04:51:35.788+0000] {dagbag.py:588} INFO - Filling up the DagBag from /opt/airflow/dags/setup_lakehouse_infrastructure_v3.py
[2026-07-21T04:51:35.816+0000] {processor.py:925} INFO - DAG(s) 'setup_lakehouse_infrastructure_v3' retrieved from /opt/airflow/dags/setup_lakehouse_infrastructure_v3.py
[2026-07-21T04:51:35.838+0000] {logging_mixin.py:190} INFO - [2026-07-21T04:51:35.838+0000] {dag.py:3239} INFO - Sync 1 DAGs
[2026-07-21T04:51:35.858+0000] {logging_mixin.py:190} INFO - [2026-07-21T04:51:35.858+0000] {dag.py:4180} INFO - Setting next_dagrun for setup_lakehouse_infrastructure_v3 to None, run_after=None
[2026-07-21T04:51:35.878+0000] {processor.py:208} INFO - Processing /opt/airflow/dags/setup_lakehouse_infrastructure_v3.py took 0.098 seconds
[2026-07-21T04:52:05.983+0000] {processor.py:186} INFO - Started process (PID=5216) to work on /opt/airflow/dags/setup_lakehouse_infrastructure_v3.py
[2026-07-21T04:52:05.985+0000] {processor.py:914} INFO - Processing file /opt/airflow/dags/setup_lakehouse_infrastructure_v3.py for tasks to queue
[2026-07-21T04:52:05.986+0000] {logging_mixin.py:190} INFO - [2026-07-21T04:52:05.986+0000] {dagbag.py:588} INFO - Filling up the DagBag from /opt/airflow/dags/setup_lakehouse_infrastructure_v3.py
[2026-07-21T04:52:06.022+0000] {processor.py:925} INFO - DAG(s) 'setup_lakehouse_infrastructure_v3' retrieved from /opt/airflow/dags/setup_lakehouse_infrastructure_v3.py
[2026-07-21T04:52:06.051+0000] {logging_mixin.py:190} INFO - [2026-07-21T04:52:06.051+0000] {dag.py:3239} INFO - Sync 1 DAGs
[2026-07-21T04:52:06.077+0000] {logging_mixin.py:190} INFO - [2026-07-21T04:52:06.077+0000] {dag.py:4180} INFO - Setting next_dagrun for setup_lakehouse_infrastructure_v3 to None, run_after=None
[2026-07-21T04:52:06.230+0000] {processor.py:208} INFO - Processing /opt/airflow/dags/setup_lakehouse_infrastructure_v3.py took 0.252 seconds
[2026-07-21T04:52:37.125+0000] {processor.py:186} INFO - Started process (PID=5332) to work on /opt/airflow/dags/setup_lakehouse_infrastructure_v3.py
[2026-07-21T04:52:37.127+0000] {processor.py:914} INFO - Processing file /opt/airflow/dags/setup_lakehouse_infrastructure_v3.py for tasks to queue
[2026-07-21T04:52:37.128+0000] {logging_mixin.py:190} INFO - [2026-07-21T04:52:37.127+0000] {dagbag.py:588} INFO - Filling up the DagBag from /opt/airflow/dags/setup_lakehouse_infrastructure_v3.py
[2026-07-21T04:52:37.150+0000] {processor.py:925} INFO - DAG(s) 'setup_lakehouse_infrastructure_v3' retrieved from /opt/airflow/dags/setup_lakehouse_infrastructure_v3.py
[2026-07-21T04:52:37.171+0000] {logging_mixin.py:190} INFO - [2026-07-21T04:52:37.171+0000] {dag.py:3239} INFO - Sync 1 DAGs
[2026-07-21T04:52:37.194+0000] {logging_mixin.py:190} INFO - [2026-07-21T04:52:37.194+0000] {dag.py:4180} INFO - Setting next_dagrun for setup_lakehouse_infrastructure_v3 to None, run_after=None
[2026-07-21T04:52:37.219+0000] {processor.py:208} INFO - Processing /opt/airflow/dags/setup_lakehouse_infrastructure_v3.py took 0.098 seconds
[2026-07-21T04:53:07.486+0000] {processor.py:186} INFO - Started process (PID=5448) to work on /opt/airflow/dags/setup_lakehouse_infrastructure_v3.py
[2026-07-21T04:53:07.487+0000] {processor.py:914} INFO - Processing file /opt/airflow/dags/setup_lakehouse_infrastructure_v3.py for tasks to queue
[2026-07-21T04:53:07.489+0000] {logging_mixin.py:190} INFO - [2026-07-21T04:53:07.489+0000] {dagbag.py:588} INFO - Filling up the DagBag from /opt/airflow/dags/setup_lakehouse_infrastructure_v3.py
[2026-07-21T04:53:07.514+0000] {processor.py:925} INFO - DAG(s) 'setup_lakehouse_infrastructure_v3' retrieved from /opt/airflow/dags/setup_lakehouse_infrastructure_v3.py
[2026-07-21T04:53:07.539+0000] {logging_mixin.py:190} INFO - [2026-07-21T04:53:07.538+0000] {dag.py:3239} INFO - Sync 1 DAGs
[2026-07-21T04:53:07.562+0000] {logging_mixin.py:190} INFO - [2026-07-21T04:53:07.562+0000] {dag.py:4180} INFO - Setting next_dagrun for setup_lakehouse_infrastructure_v3 to None, run_after=None
[2026-07-21T04:53:07.584+0000] {processor.py:208} INFO - Processing /opt/airflow/dags/setup_lakehouse_infrastructure_v3.py took 0.104 seconds
[2026-07-21T04:53:37.869+0000] {processor.py:186} INFO - Started process (PID=5562) to work on /opt/airflow/dags/setup_lakehouse_infrastructure_v3.py
[2026-07-21T04:53:37.871+0000] {processor.py:914} INFO - Processing file /opt/airflow/dags/setup_lakehouse_infrastructure_v3.py for tasks to queue
[2026-07-21T04:53:37.872+0000] {logging_mixin.py:190} INFO - [2026-07-21T04:53:37.872+0000] {dagbag.py:588} INFO - Filling up the DagBag from /opt/airflow/dags/setup_lakehouse_infrastructure_v3.py
[2026-07-21T04:53:37.895+0000] {processor.py:925} INFO - DAG(s) 'setup_lakehouse_infrastructure_v3' retrieved from /opt/airflow/dags/setup_lakehouse_infrastructure_v3.py
[2026-07-21T04:53:37.916+0000] {logging_mixin.py:190} INFO - [2026-07-21T04:53:37.915+0000] {dag.py:3239} INFO - Sync 1 DAGs
[2026-07-21T04:53:37.939+0000] {logging_mixin.py:190} INFO - [2026-07-21T04:53:37.939+0000] {dag.py:4180} INFO - Setting next_dagrun for setup_lakehouse_infrastructure_v3 to None, run_after=None
[2026-07-21T04:53:37.957+0000] {processor.py:208} INFO - Processing /opt/airflow/dags/setup_lakehouse_infrastructure_v3.py took 0.093 seconds
[2026-07-21T04:54:08.625+0000] {processor.py:186} INFO - Started process (PID=5675) to work on /opt/airflow/dags/setup_lakehouse_infrastructure_v3.py
[2026-07-21T04:54:08.627+0000] {processor.py:914} INFO - Processing file /opt/airflow/dags/setup_lakehouse_infrastructure_v3.py for tasks to queue
[2026-07-21T04:54:08.629+0000] {logging_mixin.py:190} INFO - [2026-07-21T04:54:08.628+0000] {dagbag.py:588} INFO - Filling up the DagBag from /opt/airflow/dags/setup_lakehouse_infrastructure_v3.py
[2026-07-21T04:54:08.655+0000] {processor.py:925} INFO - DAG(s) 'setup_lakehouse_infrastructure_v3' retrieved from /opt/airflow/dags/setup_lakehouse_infrastructure_v3.py
[2026-07-21T04:54:08.678+0000] {logging_mixin.py:190} INFO - [2026-07-21T04:54:08.677+0000] {dag.py:3239} INFO - Sync 1 DAGs
[2026-07-21T04:54:08.700+0000] {logging_mixin.py:190} INFO - [2026-07-21T04:54:08.700+0000] {dag.py:4180} INFO - Setting next_dagrun for setup_lakehouse_infrastructure_v3 to None, run_after=None
[2026-07-21T04:54:08.723+0000] {processor.py:208} INFO - Processing /opt/airflow/dags/setup_lakehouse_infrastructure_v3.py took 0.103 seconds
[2026-07-21T04:54:39.727+0000] {processor.py:186} INFO - Started process (PID=5791) to work on /opt/airflow/dags/setup_lakehouse_infrastructure_v3.py
[2026-07-21T04:54:39.728+0000] {processor.py:914} INFO - Processing file /opt/airflow/dags/setup_lakehouse_infrastructure_v3.py for tasks to queue
[2026-07-21T04:54:39.729+0000] {logging_mixin.py:190} INFO - [2026-07-21T04:54:39.729+0000] {dagbag.py:588} INFO - Filling up the DagBag from /opt/airflow/dags/setup_lakehouse_infrastructure_v3.py
[2026-07-21T04:54:39.781+0000] {processor.py:925} INFO - DAG(s) 'setup_lakehouse_infrastructure_v3' retrieved from /opt/airflow/dags/setup_lakehouse_infrastructure_v3.py
[2026-07-21T04:54:39.812+0000] {logging_mixin.py:190} INFO - [2026-07-21T04:54:39.812+0000] {dag.py:3239} INFO - Sync 1 DAGs
[2026-07-21T04:54:39.842+0000] {logging_mixin.py:190} INFO - [2026-07-21T04:54:39.841+0000] {dag.py:4180} INFO - Setting next_dagrun for setup_lakehouse_infrastructure_v3 to None, run_after=None
[2026-07-21T04:54:39.865+0000] {processor.py:208} INFO - Processing /opt/airflow/dags/setup_lakehouse_infrastructure_v3.py took 0.143 seconds
[2026-07-21T04:55:10.064+0000] {processor.py:186} INFO - Started process (PID=5907) to work on /opt/airflow/dags/setup_lakehouse_infrastructure_v3.py
[2026-07-21T04:55:10.066+0000] {processor.py:914} INFO - Processing file /opt/airflow/dags/setup_lakehouse_infrastructure_v3.py for tasks to queue
[2026-07-21T04:55:10.067+0000] {logging_mixin.py:190} INFO - [2026-07-21T04:55:10.067+0000] {dagbag.py:588} INFO - Filling up the DagBag from /opt/airflow/dags/setup_lakehouse_infrastructure_v3.py
[2026-07-21T04:55:10.092+0000] {processor.py:925} INFO - DAG(s) 'setup_lakehouse_infrastructure_v3' retrieved from /opt/airflow/dags/setup_lakehouse_infrastructure_v3.py
[2026-07-21T04:55:10.117+0000] {logging_mixin.py:190} INFO - [2026-07-21T04:55:10.117+0000] {dag.py:3239} INFO - Sync 1 DAGs
[2026-07-21T04:55:10.139+0000] {logging_mixin.py:190} INFO - [2026-07-21T04:55:10.139+0000] {dag.py:4180} INFO - Setting next_dagrun for setup_lakehouse_infrastructure_v3 to None, run_after=None
[2026-07-21T04:55:10.160+0000] {processor.py:208} INFO - Processing /opt/airflow/dags/setup_lakehouse_infrastructure_v3.py took 0.101 seconds
[2026-07-21T04:55:40.336+0000] {processor.py:186} INFO - Started process (PID=6021) to work on /opt/airflow/dags/setup_lakehouse_infrastructure_v3.py
[2026-07-21T04:55:40.337+0000] {processor.py:914} INFO - Processing file /opt/airflow/dags/setup_lakehouse_infrastructure_v3.py for tasks to queue
[2026-07-21T04:55:40.338+0000] {logging_mixin.py:190} INFO - [2026-07-21T04:55:40.338+0000] {dagbag.py:588} INFO - Filling up the DagBag from /opt/airflow/dags/setup_lakehouse_infrastructure_v3.py
[2026-07-21T04:55:40.367+0000] {processor.py:925} INFO - DAG(s) 'setup_lakehouse_infrastructure_v3' retrieved from /opt/airflow/dags/setup_lakehouse_infrastructure_v3.py
[2026-07-21T04:55:40.396+0000] {logging_mixin.py:190} INFO - [2026-07-21T04:55:40.396+0000] {dag.py:3239} INFO - Sync 1 DAGs
[2026-07-21T04:55:40.426+0000] {logging_mixin.py:190} INFO - [2026-07-21T04:55:40.426+0000] {dag.py:4180} INFO - Setting next_dagrun for setup_lakehouse_infrastructure_v3 to None, run_after=None
[2026-07-21T04:55:40.450+0000] {processor.py:208} INFO - Processing /opt/airflow/dags/setup_lakehouse_infrastructure_v3.py took 0.122 seconds
[2026-07-21T04:56:10.739+0000] {processor.py:186} INFO - Started process (PID=6134) to work on /opt/airflow/dags/setup_lakehouse_infrastructure_v3.py
[2026-07-21T04:56:10.740+0000] {processor.py:914} INFO - Processing file /opt/airflow/dags/setup_lakehouse_infrastructure_v3.py for tasks to queue
[2026-07-21T04:56:10.741+0000] {logging_mixin.py:190} INFO - [2026-07-21T04:56:10.741+0000] {dagbag.py:588} INFO - Filling up the DagBag from /opt/airflow/dags/setup_lakehouse_infrastructure_v3.py
[2026-07-21T04:56:10.765+0000] {processor.py:925} INFO - DAG(s) 'setup_lakehouse_infrastructure_v3' retrieved from /opt/airflow/dags/setup_lakehouse_infrastructure_v3.py
[2026-07-21T04:56:10.788+0000] {logging_mixin.py:190} INFO - [2026-07-21T04:56:10.788+0000] {dag.py:3239} INFO - Sync 1 DAGs
[2026-07-21T04:56:10.813+0000] {logging_mixin.py:190} INFO - [2026-07-21T04:56:10.812+0000] {dag.py:4180} INFO - Setting next_dagrun for setup_lakehouse_infrastructure_v3 to None, run_after=None
[2026-07-21T04:56:10.834+0000] {processor.py:208} INFO - Processing /opt/airflow/dags/setup_lakehouse_infrastructure_v3.py took 0.101 seconds
[2026-07-21T07:18:05.531+0000] {processor.py:186} INFO - Started process (PID=248) to work on /opt/airflow/dags/setup_lakehouse_infrastructure_v3.py
[2026-07-21T07:18:05.532+0000] {processor.py:914} INFO - Processing file /opt/airflow/dags/setup_lakehouse_infrastructure_v3.py for tasks to queue
[2026-07-21T07:18:05.536+0000] {logging_mixin.py:190} INFO - [2026-07-21T07:18:05.536+0000] {dagbag.py:588} INFO - Filling up the DagBag from /opt/airflow/dags/setup_lakehouse_infrastructure_v3.py
[2026-07-21T07:18:05.573+0000] {processor.py:925} INFO - DAG(s) 'setup_lakehouse_infrastructure_v3' retrieved from /opt/airflow/dags/setup_lakehouse_infrastructure_v3.py
[2026-07-21T07:18:05.647+0000] {logging_mixin.py:190} INFO - [2026-07-21T07:18:05.646+0000] {override.py:1900} INFO - Created Permission View: can delete on DAG:setup_lakehouse_infrastructure_v3
[2026-07-21T07:18:05.661+0000] {logging_mixin.py:190} INFO - [2026-07-21T07:18:05.661+0000] {override.py:1900} INFO - Created Permission View: can edit on DAG:setup_lakehouse_infrastructure_v3
[2026-07-21T07:18:05.670+0000] {logging_mixin.py:190} INFO - [2026-07-21T07:18:05.670+0000] {override.py:1900} INFO - Created Permission View: can read on DAG:setup_lakehouse_infrastructure_v3
[2026-07-21T07:18:05.681+0000] {logging_mixin.py:190} INFO - [2026-07-21T07:18:05.681+0000] {override.py:1900} INFO - Created Permission View: can delete on DAG Run:setup_lakehouse_infrastructure_v3
[2026-07-21T07:18:05.690+0000] {logging_mixin.py:190} INFO - [2026-07-21T07:18:05.690+0000] {override.py:1900} INFO - Created Permission View: menu access on DAG Run:setup_lakehouse_infrastructure_v3
[2026-07-21T07:18:05.699+0000] {logging_mixin.py:190} INFO - [2026-07-21T07:18:05.698+0000] {override.py:1900} INFO - Created Permission View: can create on DAG Run:setup_lakehouse_infrastructure_v3
[2026-07-21T07:18:05.708+0000] {logging_mixin.py:190} INFO - [2026-07-21T07:18:05.708+0000] {override.py:1900} INFO - Created Permission View: can read on DAG Run:setup_lakehouse_infrastructure_v3
[2026-07-21T07:18:05.709+0000] {logging_mixin.py:190} INFO - [2026-07-21T07:18:05.709+0000] {dag.py:3239} INFO - Sync 1 DAGs
[2026-07-21T07:18:05.724+0000] {logging_mixin.py:190} INFO - [2026-07-21T07:18:05.723+0000] {dag.py:3262} INFO - Creating ORM DAG for setup_lakehouse_infrastructure_v3
[2026-07-21T07:18:05.733+0000] {logging_mixin.py:190} INFO - [2026-07-21T07:18:05.733+0000] {dag.py:4180} INFO - Setting next_dagrun for setup_lakehouse_infrastructure_v3 to 2024-01-01 00:00:00+00:00, run_after=2024-01-01 00:00:00+00:00
[2026-07-21T07:18:05.761+0000] {processor.py:208} INFO - Processing /opt/airflow/dags/setup_lakehouse_infrastructure_v3.py took 0.236 seconds
[2026-07-21T07:18:36.647+0000] {processor.py:186} INFO - Started process (PID=361) to work on /opt/airflow/dags/setup_lakehouse_infrastructure_v3.py
[2026-07-21T07:18:36.648+0000] {processor.py:914} INFO - Processing file /opt/airflow/dags/setup_lakehouse_infrastructure_v3.py for tasks to queue
[2026-07-21T07:18:36.650+0000] {logging_mixin.py:190} INFO - [2026-07-21T07:18:36.650+0000] {dagbag.py:588} INFO - Filling up the DagBag from /opt/airflow/dags/setup_lakehouse_infrastructure_v3.py
[2026-07-21T07:18:36.682+0000] {processor.py:925} INFO - DAG(s) 'setup_lakehouse_infrastructure_v3' retrieved from /opt/airflow/dags/setup_lakehouse_infrastructure_v3.py
[2026-07-21T07:18:36.711+0000] {logging_mixin.py:190} INFO - [2026-07-21T07:18:36.711+0000] {dag.py:3239} INFO - Sync 1 DAGs
[2026-07-21T07:18:36.736+0000] {logging_mixin.py:190} INFO - [2026-07-21T07:18:36.736+0000] {dag.py:4180} INFO - Setting next_dagrun for setup_lakehouse_infrastructure_v3 to 2024-01-01 00:00:00+00:00, run_after=2024-01-01 00:00:00+00:00
[2026-07-21T07:18:36.757+0000] {processor.py:208} INFO - Processing /opt/airflow/dags/setup_lakehouse_infrastructure_v3.py took 0.117 seconds
[2026-07-21T07:19:07.178+0000] {processor.py:186} INFO - Started process (PID=478) to work on /opt/airflow/dags/setup_lakehouse_infrastructure_v3.py
[2026-07-21T07:19:07.179+0000] {processor.py:914} INFO - Processing file /opt/airflow/dags/setup_lakehouse_infrastructure_v3.py for tasks to queue
[2026-07-21T07:19:07.182+0000] {logging_mixin.py:190} INFO - [2026-07-21T07:19:07.181+0000] {dagbag.py:588} INFO - Filling up the DagBag from /opt/airflow/dags/setup_lakehouse_infrastructure_v3.py
[2026-07-21T07:19:07.216+0000] {processor.py:925} INFO - DAG(s) 'setup_lakehouse_infrastructure_v3' retrieved from /opt/airflow/dags/setup_lakehouse_infrastructure_v3.py
[2026-07-21T07:19:07.245+0000] {logging_mixin.py:190} INFO - [2026-07-21T07:19:07.245+0000] {dag.py:3239} INFO - Sync 1 DAGs
[2026-07-21T07:19:07.266+0000] {logging_mixin.py:190} INFO - [2026-07-21T07:19:07.266+0000] {dag.py:4180} INFO - Setting next_dagrun for setup_lakehouse_infrastructure_v3 to None, run_after=None
[2026-07-21T07:19:07.285+0000] {processor.py:208} INFO - Processing /opt/airflow/dags/setup_lakehouse_infrastructure_v3.py took 0.112 seconds
[2026-07-21T07:19:37.798+0000] {processor.py:186} INFO - Started process (PID=593) to work on /opt/airflow/dags/setup_lakehouse_infrastructure_v3.py
[2026-07-21T07:19:37.799+0000] {processor.py:914} INFO - Processing file /opt/airflow/dags/setup_lakehouse_infrastructure_v3.py for tasks to queue
[2026-07-21T07:19:37.802+0000] {logging_mixin.py:190} INFO - [2026-07-21T07:19:37.802+0000] {dagbag.py:588} INFO - Filling up the DagBag from /opt/airflow/dags/setup_lakehouse_infrastructure_v3.py
[2026-07-21T07:19:37.830+0000] {processor.py:925} INFO - DAG(s) 'setup_lakehouse_infrastructure_v3' retrieved from /opt/airflow/dags/setup_lakehouse_infrastructure_v3.py
[2026-07-21T07:19:37.854+0000] {logging_mixin.py:190} INFO - [2026-07-21T07:19:37.854+0000] {dag.py:3239} INFO - Sync 1 DAGs
[2026-07-21T07:19:37.875+0000] {logging_mixin.py:190} INFO - [2026-07-21T07:19:37.875+0000] {dag.py:4180} INFO - Setting next_dagrun for setup_lakehouse_infrastructure_v3 to None, run_after=None
[2026-07-21T07:19:37.895+0000] {processor.py:208} INFO - Processing /opt/airflow/dags/setup_lakehouse_infrastructure_v3.py took 0.102 seconds
[2026-07-21T07:20:08.013+0000] {processor.py:186} INFO - Started process (PID=693) to work on /opt/airflow/dags/setup_lakehouse_infrastructure_v3.py
[2026-07-21T07:20:08.013+0000] {processor.py:914} INFO - Processing file /opt/airflow/dags/setup_lakehouse_infrastructure_v3.py for tasks to queue
[2026-07-21T07:20:08.016+0000] {logging_mixin.py:190} INFO - [2026-07-21T07:20:08.016+0000] {dagbag.py:588} INFO - Filling up the DagBag from /opt/airflow/dags/setup_lakehouse_infrastructure_v3.py
[2026-07-21T07:20:08.037+0000] {processor.py:925} INFO - DAG(s) 'setup_lakehouse_infrastructure_v3' retrieved from /opt/airflow/dags/setup_lakehouse_infrastructure_v3.py
[2026-07-21T07:20:08.061+0000] {logging_mixin.py:190} INFO - [2026-07-21T07:20:08.061+0000] {dag.py:3239} INFO - Sync 1 DAGs
[2026-07-21T07:20:08.083+0000] {logging_mixin.py:190} INFO - [2026-07-21T07:20:08.083+0000] {dag.py:4180} INFO - Setting next_dagrun for setup_lakehouse_infrastructure_v3 to None, run_after=None
[2026-07-21T07:20:08.106+0000] {processor.py:208} INFO - Processing /opt/airflow/dags/setup_lakehouse_infrastructure_v3.py took 0.098 seconds
[2026-07-21T07:20:39.555+0000] {processor.py:186} INFO - Started process (PID=1155) to work on /opt/airflow/dags/setup_lakehouse_infrastructure_v3.py
[2026-07-21T07:20:39.556+0000] {processor.py:914} INFO - Processing file /opt/airflow/dags/setup_lakehouse_infrastructure_v3.py for tasks to queue
[2026-07-21T07:20:39.558+0000] {logging_mixin.py:190} INFO - [2026-07-21T07:20:39.558+0000] {dagbag.py:588} INFO - Filling up the DagBag from /opt/airflow/dags/setup_lakehouse_infrastructure_v3.py
[2026-07-21T07:20:39.585+0000] {processor.py:925} INFO - DAG(s) 'setup_lakehouse_infrastructure_v3' retrieved from /opt/airflow/dags/setup_lakehouse_infrastructure_v3.py
[2026-07-21T07:20:39.610+0000] {logging_mixin.py:190} INFO - [2026-07-21T07:20:39.610+0000] {dag.py:3239} INFO - Sync 1 DAGs
[2026-07-21T07:20:39.633+0000] {logging_mixin.py:190} INFO - [2026-07-21T07:20:39.633+0000] {dag.py:4180} INFO - Setting next_dagrun for setup_lakehouse_infrastructure_v3 to None, run_after=None
[2026-07-21T07:20:39.654+0000] {processor.py:208} INFO - Processing /opt/airflow/dags/setup_lakehouse_infrastructure_v3.py took 0.105 seconds
[2026-07-21T07:21:10.205+0000] {processor.py:186} INFO - Started process (PID=1276) to work on /opt/airflow/dags/setup_lakehouse_infrastructure_v3.py
[2026-07-21T07:21:10.207+0000] {processor.py:914} INFO - Processing file /opt/airflow/dags/setup_lakehouse_infrastructure_v3.py for tasks to queue
[2026-07-21T07:21:10.209+0000] {logging_mixin.py:190} INFO - [2026-07-21T07:21:10.209+0000] {dagbag.py:588} INFO - Filling up the DagBag from /opt/airflow/dags/setup_lakehouse_infrastructure_v3.py
[2026-07-21T07:21:10.240+0000] {processor.py:925} INFO - DAG(s) 'setup_lakehouse_infrastructure_v3' retrieved from /opt/airflow/dags/setup_lakehouse_infrastructure_v3.py
[2026-07-21T07:21:10.269+0000] {logging_mixin.py:190} INFO - [2026-07-21T07:21:10.269+0000] {dag.py:3239} INFO - Sync 1 DAGs
[2026-07-21T07:21:10.294+0000] {logging_mixin.py:190} INFO - [2026-07-21T07:21:10.294+0000] {dag.py:4180} INFO - Setting next_dagrun for setup_lakehouse_infrastructure_v3 to None, run_after=None
[2026-07-21T07:21:10.319+0000] {processor.py:208} INFO - Processing /opt/airflow/dags/setup_lakehouse_infrastructure_v3.py took 0.119 seconds
[2026-07-21T07:21:40.791+0000] {processor.py:186} INFO - Started process (PID=1384) to work on /opt/airflow/dags/setup_lakehouse_infrastructure_v3.py
[2026-07-21T07:21:40.793+0000] {processor.py:914} INFO - Processing file /opt/airflow/dags/setup_lakehouse_infrastructure_v3.py for tasks to queue
[2026-07-21T07:21:40.795+0000] {logging_mixin.py:190} INFO - [2026-07-21T07:21:40.795+0000] {dagbag.py:588} INFO - Filling up the DagBag from /opt/airflow/dags/setup_lakehouse_infrastructure_v3.py
[2026-07-21T07:21:40.824+0000] {processor.py:925} INFO - DAG(s) 'setup_lakehouse_infrastructure_v3' retrieved from /opt/airflow/dags/setup_lakehouse_infrastructure_v3.py
[2026-07-21T07:21:40.847+0000] {logging_mixin.py:190} INFO - [2026-07-21T07:21:40.846+0000] {dag.py:3239} INFO - Sync 1 DAGs
[2026-07-21T07:21:40.869+0000] {logging_mixin.py:190} INFO - [2026-07-21T07:21:40.868+0000] {dag.py:4180} INFO - Setting next_dagrun for setup_lakehouse_infrastructure_v3 to None, run_after=None
[2026-07-21T07:21:40.904+0000] {processor.py:208} INFO - Processing /opt/airflow/dags/setup_lakehouse_infrastructure_v3.py took 0.119 seconds
[2026-07-21T07:22:12.916+0000] {processor.py:186} INFO - Started process (PID=1536) to work on /opt/airflow/dags/setup_lakehouse_infrastructure_v3.py
[2026-07-21T07:22:12.918+0000] {processor.py:914} INFO - Processing file /opt/airflow/dags/setup_lakehouse_infrastructure_v3.py for tasks to queue
[2026-07-21T07:22:12.924+0000] {logging_mixin.py:190} INFO - [2026-07-21T07:22:12.923+0000] {dagbag.py:588} INFO - Filling up the DagBag from /opt/airflow/dags/setup_lakehouse_infrastructure_v3.py
[2026-07-21T07:22:12.974+0000] {processor.py:925} INFO - DAG(s) 'setup_lakehouse_infrastructure_v3' retrieved from /opt/airflow/dags/setup_lakehouse_infrastructure_v3.py
[2026-07-21T07:22:13.035+0000] {logging_mixin.py:190} INFO - [2026-07-21T07:22:13.035+0000] {dag.py:3239} INFO - Sync 1 DAGs
[2026-07-21T07:22:13.102+0000] {logging_mixin.py:190} INFO - [2026-07-21T07:22:13.101+0000] {dag.py:4180} INFO - Setting next_dagrun for setup_lakehouse_infrastructure_v3 to None, run_after=None
[2026-07-21T07:22:13.174+0000] {processor.py:208} INFO - Processing /opt/airflow/dags/setup_lakehouse_infrastructure_v3.py took 0.272 seconds
[2026-07-21T07:22:43.709+0000] {processor.py:186} INFO - Started process (PID=1707) to work on /opt/airflow/dags/setup_lakehouse_infrastructure_v3.py
[2026-07-21T07:22:43.710+0000] {processor.py:914} INFO - Processing file /opt/airflow/dags/setup_lakehouse_infrastructure_v3.py for tasks to queue
[2026-07-21T07:22:43.713+0000] {logging_mixin.py:190} INFO - [2026-07-21T07:22:43.712+0000] {dagbag.py:588} INFO - Filling up the DagBag from /opt/airflow/dags/setup_lakehouse_infrastructure_v3.py
[2026-07-21T07:22:43.743+0000] {processor.py:925} INFO - DAG(s) 'setup_lakehouse_infrastructure_v3' retrieved from /opt/airflow/dags/setup_lakehouse_infrastructure_v3.py
[2026-07-21T07:22:43.775+0000] {logging_mixin.py:190} INFO - [2026-07-21T07:22:43.775+0000] {dag.py:3239} INFO - Sync 1 DAGs
[2026-07-21T07:22:43.801+0000] {logging_mixin.py:190} INFO - [2026-07-21T07:22:43.801+0000] {dag.py:4180} INFO - Setting next_dagrun for setup_lakehouse_infrastructure_v3 to None, run_after=None
[2026-07-21T07:22:43.825+0000] {processor.py:208} INFO - Processing /opt/airflow/dags/setup_lakehouse_infrastructure_v3.py took 0.124 seconds
[2026-07-21T07:23:14.195+0000] {processor.py:186} INFO - Started process (PID=1842) to work on /opt/airflow/dags/setup_lakehouse_infrastructure_v3.py
[2026-07-21T07:23:14.198+0000] {processor.py:914} INFO - Processing file /opt/airflow/dags/setup_lakehouse_infrastructure_v3.py for tasks to queue
[2026-07-21T07:23:14.200+0000] {logging_mixin.py:190} INFO - [2026-07-21T07:23:14.200+0000] {dagbag.py:588} INFO - Filling up the DagBag from /opt/airflow/dags/setup_lakehouse_infrastructure_v3.py
[2026-07-21T07:23:14.226+0000] {processor.py:925} INFO - DAG(s) 'setup_lakehouse_infrastructure_v3' retrieved from /opt/airflow/dags/setup_lakehouse_infrastructure_v3.py
[2026-07-21T07:23:14.249+0000] {logging_mixin.py:190} INFO - [2026-07-21T07:23:14.248+0000] {dag.py:3239} INFO - Sync 1 DAGs
[2026-07-21T07:23:14.273+0000] {logging_mixin.py:190} INFO - [2026-07-21T07:23:14.273+0000] {dag.py:4180} INFO - Setting next_dagrun for setup_lakehouse_infrastructure_v3 to None, run_after=None
[2026-07-21T07:23:14.297+0000] {processor.py:208} INFO - Processing /opt/airflow/dags/setup_lakehouse_infrastructure_v3.py took 0.108 seconds
[2026-07-21T07:23:44.713+0000] {processor.py:186} INFO - Started process (PID=1973) to work on /opt/airflow/dags/setup_lakehouse_infrastructure_v3.py
[2026-07-21T07:23:44.715+0000] {processor.py:914} INFO - Processing file /opt/airflow/dags/setup_lakehouse_infrastructure_v3.py for tasks to queue
[2026-07-21T07:23:44.717+0000] {logging_mixin.py:190} INFO - [2026-07-21T07:23:44.717+0000] {dagbag.py:588} INFO - Filling up the DagBag from /opt/airflow/dags/setup_lakehouse_infrastructure_v3.py
[2026-07-21T07:23:44.746+0000] {processor.py:925} INFO - DAG(s) 'setup_lakehouse_infrastructure_v3' retrieved from /opt/airflow/dags/setup_lakehouse_infrastructure_v3.py
[2026-07-21T07:23:44.769+0000] {logging_mixin.py:190} INFO - [2026-07-21T07:23:44.769+0000] {dag.py:3239} INFO - Sync 1 DAGs
[2026-07-21T07:23:44.794+0000] {logging_mixin.py:190} INFO - [2026-07-21T07:23:44.794+0000] {dag.py:4180} INFO - Setting next_dagrun for setup_lakehouse_infrastructure_v3 to None, run_after=None
[2026-07-21T07:23:44.820+0000] {processor.py:208} INFO - Processing /opt/airflow/dags/setup_lakehouse_infrastructure_v3.py took 0.113 seconds
[2026-07-21T07:24:15.597+0000] {processor.py:186} INFO - Started process (PID=2101) to work on /opt/airflow/dags/setup_lakehouse_infrastructure_v3.py
[2026-07-21T07:24:15.598+0000] {processor.py:914} INFO - Processing file /opt/airflow/dags/setup_lakehouse_infrastructure_v3.py for tasks to queue
[2026-07-21T07:24:15.600+0000] {logging_mixin.py:190} INFO - [2026-07-21T07:24:15.600+0000] {dagbag.py:588} INFO - Filling up the DagBag from /opt/airflow/dags/setup_lakehouse_infrastructure_v3.py
[2026-07-21T07:24:15.623+0000] {processor.py:925} INFO - DAG(s) 'setup_lakehouse_infrastructure_v3' retrieved from /opt/airflow/dags/setup_lakehouse_infrastructure_v3.py
[2026-07-21T07:24:15.645+0000] {logging_mixin.py:190} INFO - [2026-07-21T07:24:15.645+0000] {dag.py:3239} INFO - Sync 1 DAGs
[2026-07-21T07:24:15.665+0000] {logging_mixin.py:190} INFO - [2026-07-21T07:24:15.665+0000] {dag.py:4180} INFO - Setting next_dagrun for setup_lakehouse_infrastructure_v3 to None, run_after=None
[2026-07-21T07:24:15.683+0000] {processor.py:208} INFO - Processing /opt/airflow/dags/setup_lakehouse_infrastructure_v3.py took 0.091 seconds
[2026-07-21T07:24:46.115+0000] {processor.py:186} INFO - Started process (PID=2200) to work on /opt/airflow/dags/setup_lakehouse_infrastructure_v3.py
[2026-07-21T07:24:46.116+0000] {processor.py:914} INFO - Processing file /opt/airflow/dags/setup_lakehouse_infrastructure_v3.py for tasks to queue
[2026-07-21T07:24:46.118+0000] {logging_mixin.py:190} INFO - [2026-07-21T07:24:46.118+0000] {dagbag.py:588} INFO - Filling up the DagBag from /opt/airflow/dags/setup_lakehouse_infrastructure_v3.py
[2026-07-21T07:24:46.141+0000] {processor.py:925} INFO - DAG(s) 'setup_lakehouse_infrastructure_v3' retrieved from /opt/airflow/dags/setup_lakehouse_infrastructure_v3.py
[2026-07-21T07:24:46.164+0000] {logging_mixin.py:190} INFO - [2026-07-21T07:24:46.163+0000] {dag.py:3239} INFO - Sync 1 DAGs
[2026-07-21T07:24:46.187+0000] {logging_mixin.py:190} INFO - [2026-07-21T07:24:46.187+0000] {dag.py:4180} INFO - Setting next_dagrun for setup_lakehouse_infrastructure_v3 to None, run_after=None
[2026-07-21T07:24:46.211+0000] {processor.py:208} INFO - Processing /opt/airflow/dags/setup_lakehouse_infrastructure_v3.py took 0.102 seconds
[2026-07-21T07:25:16.271+0000] {processor.py:186} INFO - Started process (PID=2313) to work on /opt/airflow/dags/setup_lakehouse_infrastructure_v3.py
[2026-07-21T07:25:16.272+0000] {processor.py:914} INFO - Processing file /opt/airflow/dags/setup_lakehouse_infrastructure_v3.py for tasks to queue
[2026-07-21T07:25:16.274+0000] {logging_mixin.py:190} INFO - [2026-07-21T07:25:16.274+0000] {dagbag.py:588} INFO - Filling up the DagBag from /opt/airflow/dags/setup_lakehouse_infrastructure_v3.py
[2026-07-21T07:25:16.296+0000] {processor.py:925} INFO - DAG(s) 'setup_lakehouse_infrastructure_v3' retrieved from /opt/airflow/dags/setup_lakehouse_infrastructure_v3.py
[2026-07-21T07:25:16.321+0000] {logging_mixin.py:190} INFO - [2026-07-21T07:25:16.321+0000] {dag.py:3239} INFO - Sync 1 DAGs
[2026-07-21T07:25:16.342+0000] {logging_mixin.py:190} INFO - [2026-07-21T07:25:16.342+0000] {dag.py:4180} INFO - Setting next_dagrun for setup_lakehouse_infrastructure_v3 to None, run_after=None
[2026-07-21T07:25:16.362+0000] {processor.py:208} INFO - Processing /opt/airflow/dags/setup_lakehouse_infrastructure_v3.py took 0.097 seconds
[2026-07-21T07:25:47.081+0000] {processor.py:186} INFO - Started process (PID=2427) to work on /opt/airflow/dags/setup_lakehouse_infrastructure_v3.py
[2026-07-21T07:25:47.082+0000] {processor.py:914} INFO - Processing file /opt/airflow/dags/setup_lakehouse_infrastructure_v3.py for tasks to queue
[2026-07-21T07:25:47.084+0000] {logging_mixin.py:190} INFO - [2026-07-21T07:25:47.084+0000] {dagbag.py:588} INFO - Filling up the DagBag from /opt/airflow/dags/setup_lakehouse_infrastructure_v3.py
[2026-07-21T07:25:47.113+0000] {processor.py:925} INFO - DAG(s) 'setup_lakehouse_infrastructure_v3' retrieved from /opt/airflow/dags/setup_lakehouse_infrastructure_v3.py
[2026-07-21T07:25:47.143+0000] {logging_mixin.py:190} INFO - [2026-07-21T07:25:47.143+0000] {dag.py:3239} INFO - Sync 1 DAGs
[2026-07-21T07:25:47.169+0000] {logging_mixin.py:190} INFO - [2026-07-21T07:25:47.169+0000] {dag.py:4180} INFO - Setting next_dagrun for setup_lakehouse_infrastructure_v3 to None, run_after=None
[2026-07-21T07:25:47.195+0000] {processor.py:208} INFO - Processing /opt/airflow/dags/setup_lakehouse_infrastructure_v3.py took 0.120 seconds
[2026-07-21T07:26:18.577+0000] {processor.py:186} INFO - Started process (PID=2543) to work on /opt/airflow/dags/setup_lakehouse_infrastructure_v3.py
[2026-07-21T07:26:18.578+0000] {processor.py:914} INFO - Processing file /opt/airflow/dags/setup_lakehouse_infrastructure_v3.py for tasks to queue
[2026-07-21T07:26:18.581+0000] {logging_mixin.py:190} INFO - [2026-07-21T07:26:18.581+0000] {dagbag.py:588} INFO - Filling up the DagBag from /opt/airflow/dags/setup_lakehouse_infrastructure_v3.py
[2026-07-21T07:26:18.603+0000] {processor.py:925} INFO - DAG(s) 'setup_lakehouse_infrastructure_v3' retrieved from /opt/airflow/dags/setup_lakehouse_infrastructure_v3.py
[2026-07-21T07:26:18.626+0000] {logging_mixin.py:190} INFO - [2026-07-21T07:26:18.626+0000] {dag.py:3239} INFO - Sync 1 DAGs
[2026-07-21T07:26:18.648+0000] {logging_mixin.py:190} INFO - [2026-07-21T07:26:18.648+0000] {dag.py:4180} INFO - Setting next_dagrun for setup_lakehouse_infrastructure_v3 to None, run_after=None
[2026-07-21T07:26:18.670+0000] {processor.py:208} INFO - Processing /opt/airflow/dags/setup_lakehouse_infrastructure_v3.py took 0.098 seconds
