[2026-07-21T01:51:10.200+0000] {processor.py:186} INFO - Started process (PID=272) to work on /opt/airflow/dags/setup_infrastructure_dag.py
[2026-07-21T01:51:10.202+0000] {processor.py:914} INFO - Processing file /opt/airflow/dags/setup_infrastructure_dag.py for tasks to queue
[2026-07-21T01:51:10.206+0000] {logging_mixin.py:190} INFO - [2026-07-21T01:51:10.206+0000] {dagbag.py:588} INFO - Filling up the DagBag from /opt/airflow/dags/setup_infrastructure_dag.py
[2026-07-21T01:51:10.243+0000] {processor.py:925} INFO - DAG(s) 'setup_lakehouse_infrastructure' retrieved from /opt/airflow/dags/setup_infrastructure_dag.py
[2026-07-21T01:51:10.315+0000] {logging_mixin.py:190} INFO - [2026-07-21T01:51:10.314+0000] {override.py:1900} INFO - Created Permission View: can delete on DAG:setup_lakehouse_infrastructure
[2026-07-21T01:51:10.330+0000] {logging_mixin.py:190} INFO - [2026-07-21T01:51:10.329+0000] {override.py:1900} INFO - Created Permission View: can read on DAG:setup_lakehouse_infrastructure
[2026-07-21T01:51:10.342+0000] {logging_mixin.py:190} INFO - [2026-07-21T01:51:10.342+0000] {override.py:1900} INFO - Created Permission View: can edit on DAG:setup_lakehouse_infrastructure
[2026-07-21T01:51:10.354+0000] {logging_mixin.py:190} INFO - [2026-07-21T01:51:10.354+0000] {override.py:1900} INFO - Created Permission View: can delete on DAG Run:setup_lakehouse_infrastructure
[2026-07-21T01:51:10.365+0000] {logging_mixin.py:190} INFO - [2026-07-21T01:51:10.365+0000] {override.py:1900} INFO - Created Permission View: menu access on DAG Run:setup_lakehouse_infrastructure
[2026-07-21T01:51:10.379+0000] {logging_mixin.py:190} INFO - [2026-07-21T01:51:10.379+0000] {override.py:1900} INFO - Created Permission View: can create on DAG Run:setup_lakehouse_infrastructure
[2026-07-21T01:51:10.389+0000] {logging_mixin.py:190} INFO - [2026-07-21T01:51:10.389+0000] {override.py:1900} INFO - Created Permission View: can read on DAG Run:setup_lakehouse_infrastructure
[2026-07-21T01:51:10.390+0000] {logging_mixin.py:190} INFO - [2026-07-21T01:51:10.390+0000] {dag.py:3239} INFO - Sync 1 DAGs
[2026-07-21T01:51:10.414+0000] {logging_mixin.py:190} INFO - [2026-07-21T01:51:10.414+0000] {dag.py:3262} INFO - Creating ORM DAG for setup_lakehouse_infrastructure
[2026-07-21T01:51:10.430+0000] {logging_mixin.py:190} INFO - [2026-07-21T01:51:10.429+0000] {dag.py:4180} INFO - Setting next_dagrun for setup_lakehouse_infrastructure to 2024-01-01 00:00:00+00:00, run_after=2024-01-01 00:00:00+00:00
[2026-07-21T01:51:10.470+0000] {processor.py:208} INFO - Processing /opt/airflow/dags/setup_infrastructure_dag.py took 0.276 seconds
[2026-07-21T01:51:40.784+0000] {processor.py:186} INFO - Started process (PID=379) to work on /opt/airflow/dags/setup_infrastructure_dag.py
[2026-07-21T01:51:40.785+0000] {processor.py:914} INFO - Processing file /opt/airflow/dags/setup_infrastructure_dag.py for tasks to queue
[2026-07-21T01:51:40.789+0000] {logging_mixin.py:190} INFO - [2026-07-21T01:51:40.789+0000] {dagbag.py:588} INFO - Filling up the DagBag from /opt/airflow/dags/setup_infrastructure_dag.py
[2026-07-21T01:51:40.826+0000] {processor.py:925} INFO - DAG(s) 'setup_lakehouse_infrastructure' retrieved from /opt/airflow/dags/setup_infrastructure_dag.py
[2026-07-21T01:51:40.852+0000] {logging_mixin.py:190} INFO - [2026-07-21T01:51:40.852+0000] {dag.py:3239} INFO - Sync 1 DAGs
[2026-07-21T01:51:40.874+0000] {logging_mixin.py:190} INFO - [2026-07-21T01:51:40.874+0000] {dag.py:4180} INFO - Setting next_dagrun for setup_lakehouse_infrastructure to 2024-01-01 00:00:00+00:00, run_after=2024-01-01 00:00:00+00:00
[2026-07-21T01:51:40.896+0000] {processor.py:208} INFO - Processing /opt/airflow/dags/setup_infrastructure_dag.py took 0.118 seconds
[2026-07-21T01:52:11.314+0000] {processor.py:186} INFO - Started process (PID=485) to work on /opt/airflow/dags/setup_infrastructure_dag.py
[2026-07-21T01:52:11.315+0000] {processor.py:914} INFO - Processing file /opt/airflow/dags/setup_infrastructure_dag.py for tasks to queue
[2026-07-21T01:52:11.317+0000] {logging_mixin.py:190} INFO - [2026-07-21T01:52:11.317+0000] {dagbag.py:588} INFO - Filling up the DagBag from /opt/airflow/dags/setup_infrastructure_dag.py
[2026-07-21T01:52:11.351+0000] {processor.py:925} INFO - DAG(s) 'setup_lakehouse_infrastructure' retrieved from /opt/airflow/dags/setup_infrastructure_dag.py
[2026-07-21T01:52:11.371+0000] {logging_mixin.py:190} INFO - [2026-07-21T01:52:11.371+0000] {dag.py:3239} INFO - Sync 1 DAGs
[2026-07-21T01:52:11.392+0000] {logging_mixin.py:190} INFO - [2026-07-21T01:52:11.392+0000] {dag.py:4180} INFO - Setting next_dagrun for setup_lakehouse_infrastructure to 2024-01-01 00:00:00+00:00, run_after=2024-01-01 00:00:00+00:00
[2026-07-21T01:52:11.410+0000] {processor.py:208} INFO - Processing /opt/airflow/dags/setup_infrastructure_dag.py took 0.101 seconds
[2026-07-21T01:52:42.196+0000] {processor.py:186} INFO - Started process (PID=595) to work on /opt/airflow/dags/setup_infrastructure_dag.py
[2026-07-21T01:52:42.197+0000] {processor.py:914} INFO - Processing file /opt/airflow/dags/setup_infrastructure_dag.py for tasks to queue
[2026-07-21T01:52:42.200+0000] {logging_mixin.py:190} INFO - [2026-07-21T01:52:42.199+0000] {dagbag.py:588} INFO - Filling up the DagBag from /opt/airflow/dags/setup_infrastructure_dag.py
[2026-07-21T01:52:42.223+0000] {processor.py:925} INFO - DAG(s) 'setup_lakehouse_infrastructure' retrieved from /opt/airflow/dags/setup_infrastructure_dag.py
[2026-07-21T01:52:42.245+0000] {logging_mixin.py:190} INFO - [2026-07-21T01:52:42.244+0000] {dag.py:3239} INFO - Sync 1 DAGs
[2026-07-21T01:52:42.264+0000] {logging_mixin.py:190} INFO - [2026-07-21T01:52:42.264+0000] {dag.py:4180} INFO - Setting next_dagrun for setup_lakehouse_infrastructure to 2024-01-01 00:00:00+00:00, run_after=2024-01-01 00:00:00+00:00
[2026-07-21T01:52:42.281+0000] {processor.py:208} INFO - Processing /opt/airflow/dags/setup_infrastructure_dag.py took 0.090 seconds
[2026-07-21T01:53:12.405+0000] {processor.py:186} INFO - Started process (PID=701) to work on /opt/airflow/dags/setup_infrastructure_dag.py
[2026-07-21T01:53:12.406+0000] {processor.py:914} INFO - Processing file /opt/airflow/dags/setup_infrastructure_dag.py for tasks to queue
[2026-07-21T01:53:12.408+0000] {logging_mixin.py:190} INFO - [2026-07-21T01:53:12.408+0000] {dagbag.py:588} INFO - Filling up the DagBag from /opt/airflow/dags/setup_infrastructure_dag.py
[2026-07-21T01:53:12.430+0000] {processor.py:925} INFO - DAG(s) 'setup_lakehouse_infrastructure' retrieved from /opt/airflow/dags/setup_infrastructure_dag.py
[2026-07-21T01:53:12.451+0000] {logging_mixin.py:190} INFO - [2026-07-21T01:53:12.451+0000] {dag.py:3239} INFO - Sync 1 DAGs
[2026-07-21T01:53:12.471+0000] {logging_mixin.py:190} INFO - [2026-07-21T01:53:12.470+0000] {dag.py:4180} INFO - Setting next_dagrun for setup_lakehouse_infrastructure to 2024-01-01 00:00:00+00:00, run_after=2024-01-01 00:00:00+00:00
[2026-07-21T01:53:12.492+0000] {processor.py:208} INFO - Processing /opt/airflow/dags/setup_infrastructure_dag.py took 0.092 seconds
[2026-07-21T01:53:43.221+0000] {processor.py:186} INFO - Started process (PID=807) to work on /opt/airflow/dags/setup_infrastructure_dag.py
[2026-07-21T01:53:43.222+0000] {processor.py:914} INFO - Processing file /opt/airflow/dags/setup_infrastructure_dag.py for tasks to queue
[2026-07-21T01:53:43.224+0000] {logging_mixin.py:190} INFO - [2026-07-21T01:53:43.224+0000] {dagbag.py:588} INFO - Filling up the DagBag from /opt/airflow/dags/setup_infrastructure_dag.py
[2026-07-21T01:53:43.248+0000] {processor.py:925} INFO - DAG(s) 'setup_lakehouse_infrastructure' retrieved from /opt/airflow/dags/setup_infrastructure_dag.py
[2026-07-21T01:53:43.268+0000] {logging_mixin.py:190} INFO - [2026-07-21T01:53:43.268+0000] {dag.py:3239} INFO - Sync 1 DAGs
[2026-07-21T01:53:43.286+0000] {logging_mixin.py:190} INFO - [2026-07-21T01:53:43.286+0000] {dag.py:4180} INFO - Setting next_dagrun for setup_lakehouse_infrastructure to 2024-01-01 00:00:00+00:00, run_after=2024-01-01 00:00:00+00:00
[2026-07-21T01:53:43.302+0000] {processor.py:208} INFO - Processing /opt/airflow/dags/setup_infrastructure_dag.py took 0.086 seconds
[2026-07-21T01:55:02.475+0000] {processor.py:186} INFO - Started process (PID=272) to work on /opt/airflow/dags/setup_infrastructure_dag.py
[2026-07-21T01:55:02.476+0000] {processor.py:914} INFO - Processing file /opt/airflow/dags/setup_infrastructure_dag.py for tasks to queue
[2026-07-21T01:55:02.481+0000] {logging_mixin.py:190} INFO - [2026-07-21T01:55:02.480+0000] {dagbag.py:588} INFO - Filling up the DagBag from /opt/airflow/dags/setup_infrastructure_dag.py
[2026-07-21T01:55:02.521+0000] {processor.py:925} INFO - DAG(s) 'setup_lakehouse_infrastructure' retrieved from /opt/airflow/dags/setup_infrastructure_dag.py
[2026-07-21T01:55:02.599+0000] {logging_mixin.py:190} INFO - [2026-07-21T01:55:02.598+0000] {override.py:1900} INFO - Created Permission View: can edit on DAG:setup_lakehouse_infrastructure
[2026-07-21T01:55:02.612+0000] {logging_mixin.py:190} INFO - [2026-07-21T01:55:02.612+0000] {override.py:1900} INFO - Created Permission View: can delete on DAG:setup_lakehouse_infrastructure
[2026-07-21T01:55:02.626+0000] {logging_mixin.py:190} INFO - [2026-07-21T01:55:02.626+0000] {override.py:1900} INFO - Created Permission View: can read on DAG:setup_lakehouse_infrastructure
[2026-07-21T01:55:02.637+0000] {logging_mixin.py:190} INFO - [2026-07-21T01:55:02.636+0000] {override.py:1900} INFO - Created Permission View: can delete on DAG Run:setup_lakehouse_infrastructure
[2026-07-21T01:55:02.649+0000] {logging_mixin.py:190} INFO - [2026-07-21T01:55:02.648+0000] {override.py:1900} INFO - Created Permission View: menu access on DAG Run:setup_lakehouse_infrastructure
[2026-07-21T01:55:02.659+0000] {logging_mixin.py:190} INFO - [2026-07-21T01:55:02.658+0000] {override.py:1900} INFO - Created Permission View: can create on DAG Run:setup_lakehouse_infrastructure
[2026-07-21T01:55:02.669+0000] {logging_mixin.py:190} INFO - [2026-07-21T01:55:02.669+0000] {override.py:1900} INFO - Created Permission View: can read on DAG Run:setup_lakehouse_infrastructure
[2026-07-21T01:55:02.670+0000] {logging_mixin.py:190} INFO - [2026-07-21T01:55:02.670+0000] {dag.py:3239} INFO - Sync 1 DAGs
[2026-07-21T01:55:02.689+0000] {logging_mixin.py:190} INFO - [2026-07-21T01:55:02.689+0000] {dag.py:3262} INFO - Creating ORM DAG for setup_lakehouse_infrastructure
[2026-07-21T01:55:02.703+0000] {logging_mixin.py:190} INFO - [2026-07-21T01:55:02.703+0000] {dag.py:4180} INFO - Setting next_dagrun for setup_lakehouse_infrastructure to 2024-01-01 00:00:00+00:00, run_after=2024-01-01 00:00:00+00:00
[2026-07-21T01:55:02.732+0000] {processor.py:208} INFO - Processing /opt/airflow/dags/setup_infrastructure_dag.py took 0.264 seconds
[2026-07-21T01:55:33.455+0000] {processor.py:186} INFO - Started process (PID=379) to work on /opt/airflow/dags/setup_infrastructure_dag.py
[2026-07-21T01:55:33.456+0000] {processor.py:914} INFO - Processing file /opt/airflow/dags/setup_infrastructure_dag.py for tasks to queue
[2026-07-21T01:55:33.458+0000] {logging_mixin.py:190} INFO - [2026-07-21T01:55:33.458+0000] {dagbag.py:588} INFO - Filling up the DagBag from /opt/airflow/dags/setup_infrastructure_dag.py
[2026-07-21T01:55:33.481+0000] {processor.py:925} INFO - DAG(s) 'setup_lakehouse_infrastructure' retrieved from /opt/airflow/dags/setup_infrastructure_dag.py
[2026-07-21T01:55:33.506+0000] {logging_mixin.py:190} INFO - [2026-07-21T01:55:33.506+0000] {dag.py:3239} INFO - Sync 1 DAGs
[2026-07-21T01:55:33.529+0000] {logging_mixin.py:190} INFO - [2026-07-21T01:55:33.529+0000] {dag.py:4180} INFO - Setting next_dagrun for setup_lakehouse_infrastructure to 2024-01-01 00:00:00+00:00, run_after=2024-01-01 00:00:00+00:00
[2026-07-21T01:55:33.551+0000] {processor.py:208} INFO - Processing /opt/airflow/dags/setup_infrastructure_dag.py took 0.103 seconds
[2026-07-21T01:56:03.681+0000] {processor.py:186} INFO - Started process (PID=483) to work on /opt/airflow/dags/setup_infrastructure_dag.py
[2026-07-21T01:56:03.683+0000] {processor.py:914} INFO - Processing file /opt/airflow/dags/setup_infrastructure_dag.py for tasks to queue
[2026-07-21T01:56:03.687+0000] {logging_mixin.py:190} INFO - [2026-07-21T01:56:03.687+0000] {dagbag.py:588} INFO - Filling up the DagBag from /opt/airflow/dags/setup_infrastructure_dag.py
[2026-07-21T01:56:03.720+0000] {processor.py:925} INFO - DAG(s) 'setup_lakehouse_infrastructure' retrieved from /opt/airflow/dags/setup_infrastructure_dag.py
[2026-07-21T01:56:03.751+0000] {logging_mixin.py:190} INFO - [2026-07-21T01:56:03.751+0000] {dag.py:3239} INFO - Sync 1 DAGs
[2026-07-21T01:56:03.775+0000] {logging_mixin.py:190} INFO - [2026-07-21T01:56:03.774+0000] {dag.py:4180} INFO - Setting next_dagrun for setup_lakehouse_infrastructure to 2024-01-01 00:00:00+00:00, run_after=2024-01-01 00:00:00+00:00
[2026-07-21T01:56:03.795+0000] {processor.py:208} INFO - Processing /opt/airflow/dags/setup_infrastructure_dag.py took 0.120 seconds
[2026-07-21T01:56:33.977+0000] {processor.py:186} INFO - Started process (PID=593) to work on /opt/airflow/dags/setup_infrastructure_dag.py
[2026-07-21T01:56:33.978+0000] {processor.py:914} INFO - Processing file /opt/airflow/dags/setup_infrastructure_dag.py for tasks to queue
[2026-07-21T01:56:33.981+0000] {logging_mixin.py:190} INFO - [2026-07-21T01:56:33.980+0000] {dagbag.py:588} INFO - Filling up the DagBag from /opt/airflow/dags/setup_infrastructure_dag.py
[2026-07-21T01:56:34.005+0000] {processor.py:925} INFO - DAG(s) 'setup_lakehouse_infrastructure' retrieved from /opt/airflow/dags/setup_infrastructure_dag.py
[2026-07-21T01:56:34.025+0000] {logging_mixin.py:190} INFO - [2026-07-21T01:56:34.025+0000] {dag.py:3239} INFO - Sync 1 DAGs
[2026-07-21T01:56:34.046+0000] {logging_mixin.py:190} INFO - [2026-07-21T01:56:34.046+0000] {dag.py:4180} INFO - Setting next_dagrun for setup_lakehouse_infrastructure to 2024-01-01 00:00:00+00:00, run_after=2024-01-01 00:00:00+00:00
[2026-07-21T01:56:34.069+0000] {processor.py:208} INFO - Processing /opt/airflow/dags/setup_infrastructure_dag.py took 0.097 seconds
[2026-07-21T01:57:04.123+0000] {processor.py:186} INFO - Started process (PID=699) to work on /opt/airflow/dags/setup_infrastructure_dag.py
[2026-07-21T01:57:04.125+0000] {processor.py:914} INFO - Processing file /opt/airflow/dags/setup_infrastructure_dag.py for tasks to queue
[2026-07-21T01:57:04.127+0000] {logging_mixin.py:190} INFO - [2026-07-21T01:57:04.127+0000] {dagbag.py:588} INFO - Filling up the DagBag from /opt/airflow/dags/setup_infrastructure_dag.py
[2026-07-21T01:57:04.150+0000] {processor.py:925} INFO - DAG(s) 'setup_lakehouse_infrastructure' retrieved from /opt/airflow/dags/setup_infrastructure_dag.py
[2026-07-21T01:57:04.170+0000] {logging_mixin.py:190} INFO - [2026-07-21T01:57:04.170+0000] {dag.py:3239} INFO - Sync 1 DAGs
[2026-07-21T01:57:04.189+0000] {logging_mixin.py:190} INFO - [2026-07-21T01:57:04.189+0000] {dag.py:4180} INFO - Setting next_dagrun for setup_lakehouse_infrastructure to 2024-01-01 00:00:00+00:00, run_after=2024-01-01 00:00:00+00:00
[2026-07-21T01:57:04.205+0000] {processor.py:208} INFO - Processing /opt/airflow/dags/setup_infrastructure_dag.py took 0.087 seconds
[2026-07-21T01:57:34.456+0000] {processor.py:186} INFO - Started process (PID=805) to work on /opt/airflow/dags/setup_infrastructure_dag.py
[2026-07-21T01:57:34.457+0000] {processor.py:914} INFO - Processing file /opt/airflow/dags/setup_infrastructure_dag.py for tasks to queue
[2026-07-21T01:57:34.459+0000] {logging_mixin.py:190} INFO - [2026-07-21T01:57:34.458+0000] {dagbag.py:588} INFO - Filling up the DagBag from /opt/airflow/dags/setup_infrastructure_dag.py
[2026-07-21T01:57:34.482+0000] {processor.py:925} INFO - DAG(s) 'setup_lakehouse_infrastructure' retrieved from /opt/airflow/dags/setup_infrastructure_dag.py
[2026-07-21T01:57:34.506+0000] {logging_mixin.py:190} INFO - [2026-07-21T01:57:34.506+0000] {dag.py:3239} INFO - Sync 1 DAGs
[2026-07-21T01:57:34.526+0000] {logging_mixin.py:190} INFO - [2026-07-21T01:57:34.526+0000] {dag.py:4180} INFO - Setting next_dagrun for setup_lakehouse_infrastructure to 2024-01-01 00:00:00+00:00, run_after=2024-01-01 00:00:00+00:00
[2026-07-21T01:57:34.546+0000] {processor.py:208} INFO - Processing /opt/airflow/dags/setup_infrastructure_dag.py took 0.096 seconds
[2026-07-21T01:58:04.925+0000] {processor.py:186} INFO - Started process (PID=916) to work on /opt/airflow/dags/setup_infrastructure_dag.py
[2026-07-21T01:58:04.927+0000] {processor.py:914} INFO - Processing file /opt/airflow/dags/setup_infrastructure_dag.py for tasks to queue
[2026-07-21T01:58:04.929+0000] {logging_mixin.py:190} INFO - [2026-07-21T01:58:04.929+0000] {dagbag.py:588} INFO - Filling up the DagBag from /opt/airflow/dags/setup_infrastructure_dag.py
[2026-07-21T01:58:04.951+0000] {processor.py:925} INFO - DAG(s) 'setup_lakehouse_infrastructure' retrieved from /opt/airflow/dags/setup_infrastructure_dag.py
[2026-07-21T01:58:04.975+0000] {logging_mixin.py:190} INFO - [2026-07-21T01:58:04.974+0000] {dag.py:3239} INFO - Sync 1 DAGs
[2026-07-21T01:58:04.997+0000] {logging_mixin.py:190} INFO - [2026-07-21T01:58:04.996+0000] {dag.py:4180} INFO - Setting next_dagrun for setup_lakehouse_infrastructure to 2024-01-01 00:00:00+00:00, run_after=2024-01-01 00:00:00+00:00
[2026-07-21T01:58:05.020+0000] {processor.py:208} INFO - Processing /opt/airflow/dags/setup_infrastructure_dag.py took 0.100 seconds
[2026-07-21T01:58:35.253+0000] {processor.py:186} INFO - Started process (PID=1027) to work on /opt/airflow/dags/setup_infrastructure_dag.py
[2026-07-21T01:58:35.254+0000] {processor.py:914} INFO - Processing file /opt/airflow/dags/setup_infrastructure_dag.py for tasks to queue
[2026-07-21T01:58:35.256+0000] {logging_mixin.py:190} INFO - [2026-07-21T01:58:35.256+0000] {dagbag.py:588} INFO - Filling up the DagBag from /opt/airflow/dags/setup_infrastructure_dag.py
[2026-07-21T01:58:35.285+0000] {processor.py:925} INFO - DAG(s) 'setup_lakehouse_infrastructure' retrieved from /opt/airflow/dags/setup_infrastructure_dag.py
[2026-07-21T01:58:35.310+0000] {logging_mixin.py:190} INFO - [2026-07-21T01:58:35.310+0000] {dag.py:3239} INFO - Sync 1 DAGs
[2026-07-21T01:58:35.331+0000] {logging_mixin.py:190} INFO - [2026-07-21T01:58:35.330+0000] {dag.py:4180} INFO - Setting next_dagrun for setup_lakehouse_infrastructure to 2024-01-01 00:00:00+00:00, run_after=2024-01-01 00:00:00+00:00
[2026-07-21T01:58:35.349+0000] {processor.py:208} INFO - Processing /opt/airflow/dags/setup_infrastructure_dag.py took 0.102 seconds
[2026-07-21T01:59:06.739+0000] {processor.py:186} INFO - Started process (PID=1138) to work on /opt/airflow/dags/setup_infrastructure_dag.py
[2026-07-21T01:59:06.740+0000] {processor.py:914} INFO - Processing file /opt/airflow/dags/setup_infrastructure_dag.py for tasks to queue
[2026-07-21T01:59:06.742+0000] {logging_mixin.py:190} INFO - [2026-07-21T01:59:06.742+0000] {dagbag.py:588} INFO - Filling up the DagBag from /opt/airflow/dags/setup_infrastructure_dag.py
[2026-07-21T01:59:06.765+0000] {processor.py:925} INFO - DAG(s) 'setup_lakehouse_infrastructure' retrieved from /opt/airflow/dags/setup_infrastructure_dag.py
[2026-07-21T01:59:06.785+0000] {logging_mixin.py:190} INFO - [2026-07-21T01:59:06.785+0000] {dag.py:3239} INFO - Sync 1 DAGs
[2026-07-21T01:59:06.804+0000] {logging_mixin.py:190} INFO - [2026-07-21T01:59:06.803+0000] {dag.py:4180} INFO - Setting next_dagrun for setup_lakehouse_infrastructure to 2024-01-01 00:00:00+00:00, run_after=2024-01-01 00:00:00+00:00
[2026-07-21T01:59:06.820+0000] {processor.py:208} INFO - Processing /opt/airflow/dags/setup_infrastructure_dag.py took 0.086 seconds
[2026-07-21T01:59:37.053+0000] {processor.py:186} INFO - Started process (PID=1244) to work on /opt/airflow/dags/setup_infrastructure_dag.py
[2026-07-21T01:59:37.055+0000] {processor.py:914} INFO - Processing file /opt/airflow/dags/setup_infrastructure_dag.py for tasks to queue
[2026-07-21T01:59:37.057+0000] {logging_mixin.py:190} INFO - [2026-07-21T01:59:37.057+0000] {dagbag.py:588} INFO - Filling up the DagBag from /opt/airflow/dags/setup_infrastructure_dag.py
[2026-07-21T01:59:37.082+0000] {processor.py:925} INFO - DAG(s) 'setup_lakehouse_infrastructure' retrieved from /opt/airflow/dags/setup_infrastructure_dag.py
[2026-07-21T01:59:37.108+0000] {logging_mixin.py:190} INFO - [2026-07-21T01:59:37.107+0000] {dag.py:3239} INFO - Sync 1 DAGs
[2026-07-21T01:59:37.130+0000] {logging_mixin.py:190} INFO - [2026-07-21T01:59:37.130+0000] {dag.py:4180} INFO - Setting next_dagrun for setup_lakehouse_infrastructure to 2024-01-01 00:00:00+00:00, run_after=2024-01-01 00:00:00+00:00
[2026-07-21T01:59:37.149+0000] {processor.py:208} INFO - Processing /opt/airflow/dags/setup_infrastructure_dag.py took 0.101 seconds
[2026-07-21T02:00:07.918+0000] {processor.py:186} INFO - Started process (PID=1355) to work on /opt/airflow/dags/setup_infrastructure_dag.py
[2026-07-21T02:00:07.919+0000] {processor.py:914} INFO - Processing file /opt/airflow/dags/setup_infrastructure_dag.py for tasks to queue
[2026-07-21T02:00:07.921+0000] {logging_mixin.py:190} INFO - [2026-07-21T02:00:07.921+0000] {dagbag.py:588} INFO - Filling up the DagBag from /opt/airflow/dags/setup_infrastructure_dag.py
[2026-07-21T02:00:07.946+0000] {processor.py:925} INFO - DAG(s) 'setup_lakehouse_infrastructure' retrieved from /opt/airflow/dags/setup_infrastructure_dag.py
[2026-07-21T02:00:07.970+0000] {logging_mixin.py:190} INFO - [2026-07-21T02:00:07.970+0000] {dag.py:3239} INFO - Sync 1 DAGs
[2026-07-21T02:00:07.990+0000] {logging_mixin.py:190} INFO - [2026-07-21T02:00:07.990+0000] {dag.py:4180} INFO - Setting next_dagrun for setup_lakehouse_infrastructure to 2024-01-01 00:00:00+00:00, run_after=2024-01-01 00:00:00+00:00
[2026-07-21T02:00:08.008+0000] {processor.py:208} INFO - Processing /opt/airflow/dags/setup_infrastructure_dag.py took 0.095 seconds
[2026-07-21T02:00:38.582+0000] {processor.py:186} INFO - Started process (PID=1468) to work on /opt/airflow/dags/setup_infrastructure_dag.py
[2026-07-21T02:00:38.584+0000] {processor.py:914} INFO - Processing file /opt/airflow/dags/setup_infrastructure_dag.py for tasks to queue
[2026-07-21T02:00:38.586+0000] {logging_mixin.py:190} INFO - [2026-07-21T02:00:38.586+0000] {dagbag.py:588} INFO - Filling up the DagBag from /opt/airflow/dags/setup_infrastructure_dag.py
[2026-07-21T02:00:38.610+0000] {processor.py:925} INFO - DAG(s) 'setup_lakehouse_infrastructure' retrieved from /opt/airflow/dags/setup_infrastructure_dag.py
[2026-07-21T02:00:38.630+0000] {logging_mixin.py:190} INFO - [2026-07-21T02:00:38.630+0000] {dag.py:3239} INFO - Sync 1 DAGs
[2026-07-21T02:00:38.649+0000] {logging_mixin.py:190} INFO - [2026-07-21T02:00:38.649+0000] {dag.py:4180} INFO - Setting next_dagrun for setup_lakehouse_infrastructure to 2024-01-01 00:00:00+00:00, run_after=2024-01-01 00:00:00+00:00
[2026-07-21T02:00:38.666+0000] {processor.py:208} INFO - Processing /opt/airflow/dags/setup_infrastructure_dag.py took 0.089 seconds
[2026-07-21T02:01:09.714+0000] {processor.py:186} INFO - Started process (PID=1577) to work on /opt/airflow/dags/setup_infrastructure_dag.py
[2026-07-21T02:01:09.715+0000] {processor.py:914} INFO - Processing file /opt/airflow/dags/setup_infrastructure_dag.py for tasks to queue
[2026-07-21T02:01:09.718+0000] {logging_mixin.py:190} INFO - [2026-07-21T02:01:09.718+0000] {dagbag.py:588} INFO - Filling up the DagBag from /opt/airflow/dags/setup_infrastructure_dag.py
[2026-07-21T02:01:09.744+0000] {processor.py:925} INFO - DAG(s) 'setup_lakehouse_infrastructure' retrieved from /opt/airflow/dags/setup_infrastructure_dag.py
[2026-07-21T02:01:09.771+0000] {logging_mixin.py:190} INFO - [2026-07-21T02:01:09.771+0000] {dag.py:3239} INFO - Sync 1 DAGs
[2026-07-21T02:01:09.798+0000] {logging_mixin.py:190} INFO - [2026-07-21T02:01:09.797+0000] {dag.py:4180} INFO - Setting next_dagrun for setup_lakehouse_infrastructure to 2024-01-01 00:00:00+00:00, run_after=2024-01-01 00:00:00+00:00
[2026-07-21T02:01:09.819+0000] {processor.py:208} INFO - Processing /opt/airflow/dags/setup_infrastructure_dag.py took 0.111 seconds
[2026-07-21T02:01:40.800+0000] {processor.py:186} INFO - Started process (PID=1688) to work on /opt/airflow/dags/setup_infrastructure_dag.py
[2026-07-21T02:01:40.801+0000] {processor.py:914} INFO - Processing file /opt/airflow/dags/setup_infrastructure_dag.py for tasks to queue
[2026-07-21T02:01:40.803+0000] {logging_mixin.py:190} INFO - [2026-07-21T02:01:40.803+0000] {dagbag.py:588} INFO - Filling up the DagBag from /opt/airflow/dags/setup_infrastructure_dag.py
[2026-07-21T02:01:40.827+0000] {processor.py:925} INFO - DAG(s) 'setup_lakehouse_infrastructure' retrieved from /opt/airflow/dags/setup_infrastructure_dag.py
[2026-07-21T02:01:40.847+0000] {logging_mixin.py:190} INFO - [2026-07-21T02:01:40.847+0000] {dag.py:3239} INFO - Sync 1 DAGs
[2026-07-21T02:01:40.867+0000] {logging_mixin.py:190} INFO - [2026-07-21T02:01:40.866+0000] {dag.py:4180} INFO - Setting next_dagrun for setup_lakehouse_infrastructure to 2024-01-01 00:00:00+00:00, run_after=2024-01-01 00:00:00+00:00
[2026-07-21T02:01:40.884+0000] {processor.py:208} INFO - Processing /opt/airflow/dags/setup_infrastructure_dag.py took 0.089 seconds
[2026-07-21T02:02:11.818+0000] {processor.py:186} INFO - Started process (PID=1794) to work on /opt/airflow/dags/setup_infrastructure_dag.py
[2026-07-21T02:02:11.820+0000] {processor.py:914} INFO - Processing file /opt/airflow/dags/setup_infrastructure_dag.py for tasks to queue
[2026-07-21T02:02:11.823+0000] {logging_mixin.py:190} INFO - [2026-07-21T02:02:11.822+0000] {dagbag.py:588} INFO - Filling up the DagBag from /opt/airflow/dags/setup_infrastructure_dag.py
[2026-07-21T02:02:11.854+0000] {processor.py:925} INFO - DAG(s) 'setup_lakehouse_infrastructure' retrieved from /opt/airflow/dags/setup_infrastructure_dag.py
[2026-07-21T02:02:11.880+0000] {logging_mixin.py:190} INFO - [2026-07-21T02:02:11.880+0000] {dag.py:3239} INFO - Sync 1 DAGs
[2026-07-21T02:02:11.903+0000] {logging_mixin.py:190} INFO - [2026-07-21T02:02:11.902+0000] {dag.py:4180} INFO - Setting next_dagrun for setup_lakehouse_infrastructure to 2024-01-01 00:00:00+00:00, run_after=2024-01-01 00:00:00+00:00
[2026-07-21T02:02:11.925+0000] {processor.py:208} INFO - Processing /opt/airflow/dags/setup_infrastructure_dag.py took 0.112 seconds
[2026-07-21T02:02:42.535+0000] {processor.py:186} INFO - Started process (PID=1956) to work on /opt/airflow/dags/setup_infrastructure_dag.py
[2026-07-21T02:02:42.536+0000] {processor.py:914} INFO - Processing file /opt/airflow/dags/setup_infrastructure_dag.py for tasks to queue
[2026-07-21T02:02:42.538+0000] {logging_mixin.py:190} INFO - [2026-07-21T02:02:42.538+0000] {dagbag.py:588} INFO - Filling up the DagBag from /opt/airflow/dags/setup_infrastructure_dag.py
[2026-07-21T02:02:42.562+0000] {processor.py:925} INFO - DAG(s) 'setup_lakehouse_infrastructure' retrieved from /opt/airflow/dags/setup_infrastructure_dag.py
[2026-07-21T02:02:42.583+0000] {logging_mixin.py:190} INFO - [2026-07-21T02:02:42.583+0000] {dag.py:3239} INFO - Sync 1 DAGs
[2026-07-21T02:02:42.605+0000] {logging_mixin.py:190} INFO - [2026-07-21T02:02:42.605+0000] {dag.py:4180} INFO - Setting next_dagrun for setup_lakehouse_infrastructure to 2024-01-01 00:00:00+00:00, run_after=2024-01-01 00:00:00+00:00
[2026-07-21T02:02:42.622+0000] {processor.py:208} INFO - Processing /opt/airflow/dags/setup_infrastructure_dag.py took 0.093 seconds
[2026-07-21T02:03:13.488+0000] {processor.py:186} INFO - Started process (PID=2211) to work on /opt/airflow/dags/setup_infrastructure_dag.py
[2026-07-21T02:03:13.489+0000] {processor.py:914} INFO - Processing file /opt/airflow/dags/setup_infrastructure_dag.py for tasks to queue
[2026-07-21T02:03:13.492+0000] {logging_mixin.py:190} INFO - [2026-07-21T02:03:13.491+0000] {dagbag.py:588} INFO - Filling up the DagBag from /opt/airflow/dags/setup_infrastructure_dag.py
[2026-07-21T02:03:13.524+0000] {processor.py:925} INFO - DAG(s) 'setup_lakehouse_infrastructure' retrieved from /opt/airflow/dags/setup_infrastructure_dag.py
[2026-07-21T02:03:13.553+0000] {logging_mixin.py:190} INFO - [2026-07-21T02:03:13.553+0000] {dag.py:3239} INFO - Sync 1 DAGs
[2026-07-21T02:03:13.574+0000] {logging_mixin.py:190} INFO - [2026-07-21T02:03:13.574+0000] {dag.py:4180} INFO - Setting next_dagrun for setup_lakehouse_infrastructure to 2024-01-01 00:00:00+00:00, run_after=2024-01-01 00:00:00+00:00
[2026-07-21T02:03:13.594+0000] {processor.py:208} INFO - Processing /opt/airflow/dags/setup_infrastructure_dag.py took 0.112 seconds
[2026-07-21T02:03:45.071+0000] {processor.py:186} INFO - Started process (PID=2322) to work on /opt/airflow/dags/setup_infrastructure_dag.py
[2026-07-21T02:03:45.072+0000] {processor.py:914} INFO - Processing file /opt/airflow/dags/setup_infrastructure_dag.py for tasks to queue
[2026-07-21T02:03:45.074+0000] {logging_mixin.py:190} INFO - [2026-07-21T02:03:45.074+0000] {dagbag.py:588} INFO - Filling up the DagBag from /opt/airflow/dags/setup_infrastructure_dag.py
[2026-07-21T02:03:45.096+0000] {processor.py:925} INFO - DAG(s) 'setup_lakehouse_infrastructure' retrieved from /opt/airflow/dags/setup_infrastructure_dag.py
[2026-07-21T02:03:45.118+0000] {logging_mixin.py:190} INFO - [2026-07-21T02:03:45.117+0000] {dag.py:3239} INFO - Sync 1 DAGs
[2026-07-21T02:03:45.136+0000] {logging_mixin.py:190} INFO - [2026-07-21T02:03:45.136+0000] {dag.py:4180} INFO - Setting next_dagrun for setup_lakehouse_infrastructure to 2024-01-01 00:00:00+00:00, run_after=2024-01-01 00:00:00+00:00
[2026-07-21T02:03:45.152+0000] {processor.py:208} INFO - Processing /opt/airflow/dags/setup_infrastructure_dag.py took 0.086 seconds
[2026-07-21T02:04:16.340+0000] {processor.py:186} INFO - Started process (PID=2436) to work on /opt/airflow/dags/setup_infrastructure_dag.py
[2026-07-21T02:04:16.342+0000] {processor.py:914} INFO - Processing file /opt/airflow/dags/setup_infrastructure_dag.py for tasks to queue
[2026-07-21T02:04:16.344+0000] {logging_mixin.py:190} INFO - [2026-07-21T02:04:16.344+0000] {dagbag.py:588} INFO - Filling up the DagBag from /opt/airflow/dags/setup_infrastructure_dag.py
[2026-07-21T02:04:16.364+0000] {processor.py:925} INFO - DAG(s) 'setup_lakehouse_infrastructure' retrieved from /opt/airflow/dags/setup_infrastructure_dag.py
[2026-07-21T02:04:16.386+0000] {logging_mixin.py:190} INFO - [2026-07-21T02:04:16.386+0000] {dag.py:3239} INFO - Sync 1 DAGs
[2026-07-21T02:04:16.406+0000] {logging_mixin.py:190} INFO - [2026-07-21T02:04:16.405+0000] {dag.py:4180} INFO - Setting next_dagrun for setup_lakehouse_infrastructure to 2024-01-01 00:00:00+00:00, run_after=2024-01-01 00:00:00+00:00
[2026-07-21T02:04:16.423+0000] {processor.py:208} INFO - Processing /opt/airflow/dags/setup_infrastructure_dag.py took 0.088 seconds
[2026-07-21T02:04:47.351+0000] {processor.py:186} INFO - Started process (PID=2547) to work on /opt/airflow/dags/setup_infrastructure_dag.py
[2026-07-21T02:04:47.353+0000] {processor.py:914} INFO - Processing file /opt/airflow/dags/setup_infrastructure_dag.py for tasks to queue
[2026-07-21T02:04:47.355+0000] {logging_mixin.py:190} INFO - [2026-07-21T02:04:47.355+0000] {dagbag.py:588} INFO - Filling up the DagBag from /opt/airflow/dags/setup_infrastructure_dag.py
[2026-07-21T02:04:47.382+0000] {processor.py:925} INFO - DAG(s) 'setup_lakehouse_infrastructure' retrieved from /opt/airflow/dags/setup_infrastructure_dag.py
[2026-07-21T02:04:47.404+0000] {logging_mixin.py:190} INFO - [2026-07-21T02:04:47.404+0000] {dag.py:3239} INFO - Sync 1 DAGs
[2026-07-21T02:04:47.424+0000] {logging_mixin.py:190} INFO - [2026-07-21T02:04:47.423+0000] {dag.py:4180} INFO - Setting next_dagrun for setup_lakehouse_infrastructure to 2024-01-01 00:00:00+00:00, run_after=2024-01-01 00:00:00+00:00
[2026-07-21T02:04:47.441+0000] {processor.py:208} INFO - Processing /opt/airflow/dags/setup_infrastructure_dag.py took 0.094 seconds
[2026-07-21T02:05:18.164+0000] {processor.py:186} INFO - Started process (PID=2658) to work on /opt/airflow/dags/setup_infrastructure_dag.py
[2026-07-21T02:05:18.166+0000] {processor.py:914} INFO - Processing file /opt/airflow/dags/setup_infrastructure_dag.py for tasks to queue
[2026-07-21T02:05:18.168+0000] {logging_mixin.py:190} INFO - [2026-07-21T02:05:18.168+0000] {dagbag.py:588} INFO - Filling up the DagBag from /opt/airflow/dags/setup_infrastructure_dag.py
[2026-07-21T02:05:18.193+0000] {processor.py:925} INFO - DAG(s) 'setup_lakehouse_infrastructure' retrieved from /opt/airflow/dags/setup_infrastructure_dag.py
[2026-07-21T02:05:18.214+0000] {logging_mixin.py:190} INFO - [2026-07-21T02:05:18.213+0000] {dag.py:3239} INFO - Sync 1 DAGs
[2026-07-21T02:05:18.245+0000] {logging_mixin.py:190} INFO - [2026-07-21T02:05:18.245+0000] {dag.py:4180} INFO - Setting next_dagrun for setup_lakehouse_infrastructure to 2024-01-01 00:00:00+00:00, run_after=2024-01-01 00:00:00+00:00
[2026-07-21T02:05:18.271+0000] {processor.py:208} INFO - Processing /opt/airflow/dags/setup_infrastructure_dag.py took 0.111 seconds
[2026-07-21T02:05:49.359+0000] {processor.py:186} INFO - Started process (PID=2767) to work on /opt/airflow/dags/setup_infrastructure_dag.py
[2026-07-21T02:05:49.360+0000] {processor.py:914} INFO - Processing file /opt/airflow/dags/setup_infrastructure_dag.py for tasks to queue
[2026-07-21T02:05:49.363+0000] {logging_mixin.py:190} INFO - [2026-07-21T02:05:49.362+0000] {dagbag.py:588} INFO - Filling up the DagBag from /opt/airflow/dags/setup_infrastructure_dag.py
[2026-07-21T02:05:49.385+0000] {processor.py:925} INFO - DAG(s) 'setup_lakehouse_infrastructure' retrieved from /opt/airflow/dags/setup_infrastructure_dag.py
[2026-07-21T02:05:49.408+0000] {logging_mixin.py:190} INFO - [2026-07-21T02:05:49.407+0000] {dag.py:3239} INFO - Sync 1 DAGs
[2026-07-21T02:05:49.427+0000] {logging_mixin.py:190} INFO - [2026-07-21T02:05:49.427+0000] {dag.py:4180} INFO - Setting next_dagrun for setup_lakehouse_infrastructure to 2024-01-01 00:00:00+00:00, run_after=2024-01-01 00:00:00+00:00
[2026-07-21T02:05:49.444+0000] {processor.py:208} INFO - Processing /opt/airflow/dags/setup_infrastructure_dag.py took 0.090 seconds
[2026-07-21T02:06:19.937+0000] {processor.py:186} INFO - Started process (PID=2875) to work on /opt/airflow/dags/setup_infrastructure_dag.py
[2026-07-21T02:06:19.938+0000] {processor.py:914} INFO - Processing file /opt/airflow/dags/setup_infrastructure_dag.py for tasks to queue
[2026-07-21T02:06:19.940+0000] {logging_mixin.py:190} INFO - [2026-07-21T02:06:19.939+0000] {dagbag.py:588} INFO - Filling up the DagBag from /opt/airflow/dags/setup_infrastructure_dag.py
[2026-07-21T02:06:19.955+0000] {processor.py:925} INFO - DAG(s) 'setup_lakehouse_infrastructure' retrieved from /opt/airflow/dags/setup_infrastructure_dag.py
[2026-07-21T02:06:19.977+0000] {logging_mixin.py:190} INFO - [2026-07-21T02:06:19.976+0000] {dag.py:3239} INFO - Sync 1 DAGs
[2026-07-21T02:06:19.997+0000] {logging_mixin.py:190} INFO - [2026-07-21T02:06:19.996+0000] {dag.py:4180} INFO - Setting next_dagrun for setup_lakehouse_infrastructure to 2024-01-01 00:00:00+00:00, run_after=2024-01-01 00:00:00+00:00
[2026-07-21T02:06:20.015+0000] {processor.py:208} INFO - Processing /opt/airflow/dags/setup_infrastructure_dag.py took 0.083 seconds
[2026-07-21T02:06:50.493+0000] {processor.py:186} INFO - Started process (PID=2986) to work on /opt/airflow/dags/setup_infrastructure_dag.py
[2026-07-21T02:06:50.495+0000] {processor.py:914} INFO - Processing file /opt/airflow/dags/setup_infrastructure_dag.py for tasks to queue
[2026-07-21T02:06:50.497+0000] {logging_mixin.py:190} INFO - [2026-07-21T02:06:50.497+0000] {dagbag.py:588} INFO - Filling up the DagBag from /opt/airflow/dags/setup_infrastructure_dag.py
[2026-07-21T02:06:50.524+0000] {processor.py:925} INFO - DAG(s) 'setup_lakehouse_infrastructure' retrieved from /opt/airflow/dags/setup_infrastructure_dag.py
[2026-07-21T02:06:50.547+0000] {logging_mixin.py:190} INFO - [2026-07-21T02:06:50.546+0000] {dag.py:3239} INFO - Sync 1 DAGs
[2026-07-21T02:06:50.569+0000] {logging_mixin.py:190} INFO - [2026-07-21T02:06:50.569+0000] {dag.py:4180} INFO - Setting next_dagrun for setup_lakehouse_infrastructure to 2024-01-01 00:00:00+00:00, run_after=2024-01-01 00:00:00+00:00
[2026-07-21T02:06:50.591+0000] {processor.py:208} INFO - Processing /opt/airflow/dags/setup_infrastructure_dag.py took 0.104 seconds
[2026-07-21T02:07:20.659+0000] {processor.py:186} INFO - Started process (PID=3094) to work on /opt/airflow/dags/setup_infrastructure_dag.py
[2026-07-21T02:07:20.660+0000] {processor.py:914} INFO - Processing file /opt/airflow/dags/setup_infrastructure_dag.py for tasks to queue
[2026-07-21T02:07:20.662+0000] {logging_mixin.py:190} INFO - [2026-07-21T02:07:20.662+0000] {dagbag.py:588} INFO - Filling up the DagBag from /opt/airflow/dags/setup_infrastructure_dag.py
[2026-07-21T02:07:20.687+0000] {processor.py:925} INFO - DAG(s) 'setup_lakehouse_infrastructure' retrieved from /opt/airflow/dags/setup_infrastructure_dag.py
[2026-07-21T02:07:20.707+0000] {logging_mixin.py:190} INFO - [2026-07-21T02:07:20.707+0000] {dag.py:3239} INFO - Sync 1 DAGs
[2026-07-21T02:07:20.732+0000] {logging_mixin.py:190} INFO - [2026-07-21T02:07:20.732+0000] {dag.py:4180} INFO - Setting next_dagrun for setup_lakehouse_infrastructure to 2024-01-01 00:00:00+00:00, run_after=2024-01-01 00:00:00+00:00
[2026-07-21T02:07:20.757+0000] {processor.py:208} INFO - Processing /opt/airflow/dags/setup_infrastructure_dag.py took 0.103 seconds
[2026-07-21T02:13:42.776+0000] {processor.py:186} INFO - Started process (PID=3209) to work on /opt/airflow/dags/setup_infrastructure_dag.py
[2026-07-21T02:13:42.778+0000] {processor.py:914} INFO - Processing file /opt/airflow/dags/setup_infrastructure_dag.py for tasks to queue
[2026-07-21T02:13:42.781+0000] {logging_mixin.py:190} INFO - [2026-07-21T02:13:42.781+0000] {dagbag.py:588} INFO - Filling up the DagBag from /opt/airflow/dags/setup_infrastructure_dag.py
[2026-07-21T02:13:42.811+0000] {processor.py:925} INFO - DAG(s) 'setup_lakehouse_infrastructure' retrieved from /opt/airflow/dags/setup_infrastructure_dag.py
[2026-07-21T02:13:42.838+0000] {logging_mixin.py:190} INFO - [2026-07-21T02:13:42.838+0000] {dag.py:3239} INFO - Sync 1 DAGs
[2026-07-21T02:13:42.867+0000] {logging_mixin.py:190} INFO - [2026-07-21T02:13:42.866+0000] {dag.py:4180} INFO - Setting next_dagrun for setup_lakehouse_infrastructure to 2024-01-01 00:00:00+00:00, run_after=2024-01-01 00:00:00+00:00
[2026-07-21T02:13:42.891+0000] {processor.py:208} INFO - Processing /opt/airflow/dags/setup_infrastructure_dag.py took 0.120 seconds
[2026-07-21T02:14:15.742+0000] {processor.py:186} INFO - Started process (PID=3320) to work on /opt/airflow/dags/setup_infrastructure_dag.py
[2026-07-21T02:14:15.743+0000] {processor.py:914} INFO - Processing file /opt/airflow/dags/setup_infrastructure_dag.py for tasks to queue
[2026-07-21T02:14:15.745+0000] {logging_mixin.py:190} INFO - [2026-07-21T02:14:15.745+0000] {dagbag.py:588} INFO - Filling up the DagBag from /opt/airflow/dags/setup_infrastructure_dag.py
[2026-07-21T02:14:15.768+0000] {processor.py:925} INFO - DAG(s) 'setup_lakehouse_infrastructure' retrieved from /opt/airflow/dags/setup_infrastructure_dag.py
[2026-07-21T02:14:15.790+0000] {logging_mixin.py:190} INFO - [2026-07-21T02:14:15.790+0000] {dag.py:3239} INFO - Sync 1 DAGs
[2026-07-21T02:14:15.810+0000] {logging_mixin.py:190} INFO - [2026-07-21T02:14:15.810+0000] {dag.py:4180} INFO - Setting next_dagrun for setup_lakehouse_infrastructure to 2024-01-01 00:00:00+00:00, run_after=2024-01-01 00:00:00+00:00
[2026-07-21T02:14:15.827+0000] {processor.py:208} INFO - Processing /opt/airflow/dags/setup_infrastructure_dag.py took 0.090 seconds
[2026-07-21T02:14:45.939+0000] {processor.py:186} INFO - Started process (PID=3425) to work on /opt/airflow/dags/setup_infrastructure_dag.py
[2026-07-21T02:14:45.940+0000] {processor.py:914} INFO - Processing file /opt/airflow/dags/setup_infrastructure_dag.py for tasks to queue
[2026-07-21T02:14:45.942+0000] {logging_mixin.py:190} INFO - [2026-07-21T02:14:45.942+0000] {dagbag.py:588} INFO - Filling up the DagBag from /opt/airflow/dags/setup_infrastructure_dag.py
[2026-07-21T02:14:45.963+0000] {processor.py:925} INFO - DAG(s) 'setup_lakehouse_infrastructure' retrieved from /opt/airflow/dags/setup_infrastructure_dag.py
[2026-07-21T02:14:45.986+0000] {logging_mixin.py:190} INFO - [2026-07-21T02:14:45.985+0000] {dag.py:3239} INFO - Sync 1 DAGs
[2026-07-21T02:14:46.008+0000] {logging_mixin.py:190} INFO - [2026-07-21T02:14:46.008+0000] {dag.py:4180} INFO - Setting next_dagrun for setup_lakehouse_infrastructure to 2024-01-01 00:00:00+00:00, run_after=2024-01-01 00:00:00+00:00
[2026-07-21T02:14:46.033+0000] {processor.py:208} INFO - Processing /opt/airflow/dags/setup_infrastructure_dag.py took 0.099 seconds
[2026-07-21T02:15:16.141+0000] {processor.py:186} INFO - Started process (PID=3531) to work on /opt/airflow/dags/setup_infrastructure_dag.py
[2026-07-21T02:15:16.143+0000] {processor.py:914} INFO - Processing file /opt/airflow/dags/setup_infrastructure_dag.py for tasks to queue
[2026-07-21T02:15:16.146+0000] {logging_mixin.py:190} INFO - [2026-07-21T02:15:16.145+0000] {dagbag.py:588} INFO - Filling up the DagBag from /opt/airflow/dags/setup_infrastructure_dag.py
[2026-07-21T02:15:16.179+0000] {processor.py:925} INFO - DAG(s) 'setup_lakehouse_infrastructure' retrieved from /opt/airflow/dags/setup_infrastructure_dag.py
[2026-07-21T02:15:16.206+0000] {logging_mixin.py:190} INFO - [2026-07-21T02:15:16.206+0000] {dag.py:3239} INFO - Sync 1 DAGs
[2026-07-21T02:15:16.231+0000] {logging_mixin.py:190} INFO - [2026-07-21T02:15:16.231+0000] {dag.py:4180} INFO - Setting next_dagrun for setup_lakehouse_infrastructure to 2024-01-01 00:00:00+00:00, run_after=2024-01-01 00:00:00+00:00
[2026-07-21T02:15:16.255+0000] {processor.py:208} INFO - Processing /opt/airflow/dags/setup_infrastructure_dag.py took 0.119 seconds
[2026-07-21T02:15:46.893+0000] {processor.py:186} INFO - Started process (PID=3641) to work on /opt/airflow/dags/setup_infrastructure_dag.py
[2026-07-21T02:15:46.895+0000] {processor.py:914} INFO - Processing file /opt/airflow/dags/setup_infrastructure_dag.py for tasks to queue
[2026-07-21T02:15:46.897+0000] {logging_mixin.py:190} INFO - [2026-07-21T02:15:46.897+0000] {dagbag.py:588} INFO - Filling up the DagBag from /opt/airflow/dags/setup_infrastructure_dag.py
[2026-07-21T02:15:46.924+0000] {processor.py:925} INFO - DAG(s) 'setup_lakehouse_infrastructure' retrieved from /opt/airflow/dags/setup_infrastructure_dag.py
[2026-07-21T02:15:46.948+0000] {logging_mixin.py:190} INFO - [2026-07-21T02:15:46.948+0000] {dag.py:3239} INFO - Sync 1 DAGs
[2026-07-21T02:15:46.971+0000] {logging_mixin.py:190} INFO - [2026-07-21T02:15:46.971+0000] {dag.py:4180} INFO - Setting next_dagrun for setup_lakehouse_infrastructure to 2024-01-01 00:00:00+00:00, run_after=2024-01-01 00:00:00+00:00
[2026-07-21T02:15:47.000+0000] {processor.py:208} INFO - Processing /opt/airflow/dags/setup_infrastructure_dag.py took 0.112 seconds
[2026-07-21T02:16:19.751+0000] {processor.py:186} INFO - Started process (PID=3759) to work on /opt/airflow/dags/setup_infrastructure_dag.py
[2026-07-21T02:16:19.752+0000] {processor.py:914} INFO - Processing file /opt/airflow/dags/setup_infrastructure_dag.py for tasks to queue
[2026-07-21T02:16:19.754+0000] {logging_mixin.py:190} INFO - [2026-07-21T02:16:19.754+0000] {dagbag.py:588} INFO - Filling up the DagBag from /opt/airflow/dags/setup_infrastructure_dag.py
[2026-07-21T02:16:19.777+0000] {processor.py:925} INFO - DAG(s) 'setup_lakehouse_infrastructure' retrieved from /opt/airflow/dags/setup_infrastructure_dag.py
[2026-07-21T02:16:19.801+0000] {logging_mixin.py:190} INFO - [2026-07-21T02:16:19.801+0000] {dag.py:3239} INFO - Sync 1 DAGs
[2026-07-21T02:16:19.821+0000] {logging_mixin.py:190} INFO - [2026-07-21T02:16:19.821+0000] {dag.py:4180} INFO - Setting next_dagrun for setup_lakehouse_infrastructure to 2024-01-01 00:00:00+00:00, run_after=2024-01-01 00:00:00+00:00
[2026-07-21T02:16:19.838+0000] {processor.py:208} INFO - Processing /opt/airflow/dags/setup_infrastructure_dag.py took 0.092 seconds
[2026-07-21T02:16:50.398+0000] {processor.py:186} INFO - Started process (PID=3918) to work on /opt/airflow/dags/setup_infrastructure_dag.py
[2026-07-21T02:16:50.400+0000] {processor.py:914} INFO - Processing file /opt/airflow/dags/setup_infrastructure_dag.py for tasks to queue
[2026-07-21T02:16:50.405+0000] {logging_mixin.py:190} INFO - [2026-07-21T02:16:50.404+0000] {dagbag.py:588} INFO - Filling up the DagBag from /opt/airflow/dags/setup_infrastructure_dag.py
[2026-07-21T02:16:50.449+0000] {processor.py:925} INFO - DAG(s) 'setup_lakehouse_infrastructure' retrieved from /opt/airflow/dags/setup_infrastructure_dag.py
[2026-07-21T02:16:50.479+0000] {logging_mixin.py:190} INFO - [2026-07-21T02:16:50.479+0000] {dag.py:3239} INFO - Sync 1 DAGs
[2026-07-21T02:16:50.502+0000] {logging_mixin.py:190} INFO - [2026-07-21T02:16:50.502+0000] {dag.py:4180} INFO - Setting next_dagrun for setup_lakehouse_infrastructure to 2024-01-01 00:00:00+00:00, run_after=2024-01-01 00:00:00+00:00
[2026-07-21T02:16:50.525+0000] {processor.py:208} INFO - Processing /opt/airflow/dags/setup_infrastructure_dag.py took 0.135 seconds
[2026-07-21T02:17:20.968+0000] {processor.py:186} INFO - Started process (PID=4319) to work on /opt/airflow/dags/setup_infrastructure_dag.py
[2026-07-21T02:17:20.969+0000] {processor.py:914} INFO - Processing file /opt/airflow/dags/setup_infrastructure_dag.py for tasks to queue
[2026-07-21T02:17:20.971+0000] {logging_mixin.py:190} INFO - [2026-07-21T02:17:20.971+0000] {dagbag.py:588} INFO - Filling up the DagBag from /opt/airflow/dags/setup_infrastructure_dag.py
[2026-07-21T02:17:20.998+0000] {processor.py:925} INFO - DAG(s) 'setup_lakehouse_infrastructure' retrieved from /opt/airflow/dags/setup_infrastructure_dag.py
[2026-07-21T02:17:21.020+0000] {logging_mixin.py:190} INFO - [2026-07-21T02:17:21.019+0000] {dag.py:3239} INFO - Sync 1 DAGs
[2026-07-21T02:17:21.044+0000] {logging_mixin.py:190} INFO - [2026-07-21T02:17:21.043+0000] {dag.py:4180} INFO - Setting next_dagrun for setup_lakehouse_infrastructure to 2024-01-01 00:00:00+00:00, run_after=2024-01-01 00:00:00+00:00
[2026-07-21T02:17:21.068+0000] {processor.py:208} INFO - Processing /opt/airflow/dags/setup_infrastructure_dag.py took 0.105 seconds
[2026-07-21T02:17:51.390+0000] {processor.py:186} INFO - Started process (PID=4434) to work on /opt/airflow/dags/setup_infrastructure_dag.py
[2026-07-21T02:17:51.392+0000] {processor.py:914} INFO - Processing file /opt/airflow/dags/setup_infrastructure_dag.py for tasks to queue
[2026-07-21T02:17:51.394+0000] {logging_mixin.py:190} INFO - [2026-07-21T02:17:51.394+0000] {dagbag.py:588} INFO - Filling up the DagBag from /opt/airflow/dags/setup_infrastructure_dag.py
[2026-07-21T02:17:51.417+0000] {processor.py:925} INFO - DAG(s) 'setup_lakehouse_infrastructure' retrieved from /opt/airflow/dags/setup_infrastructure_dag.py
[2026-07-21T02:17:51.437+0000] {logging_mixin.py:190} INFO - [2026-07-21T02:17:51.437+0000] {dag.py:3239} INFO - Sync 1 DAGs
[2026-07-21T02:17:51.458+0000] {logging_mixin.py:190} INFO - [2026-07-21T02:17:51.458+0000] {dag.py:4180} INFO - Setting next_dagrun for setup_lakehouse_infrastructure to 2024-01-01 00:00:00+00:00, run_after=2024-01-01 00:00:00+00:00
[2026-07-21T02:17:51.479+0000] {processor.py:208} INFO - Processing /opt/airflow/dags/setup_infrastructure_dag.py took 0.094 seconds
[2026-07-21T02:18:22.283+0000] {processor.py:186} INFO - Started process (PID=4543) to work on /opt/airflow/dags/setup_infrastructure_dag.py
[2026-07-21T02:18:22.284+0000] {processor.py:914} INFO - Processing file /opt/airflow/dags/setup_infrastructure_dag.py for tasks to queue
[2026-07-21T02:18:22.286+0000] {logging_mixin.py:190} INFO - [2026-07-21T02:18:22.286+0000] {dagbag.py:588} INFO - Filling up the DagBag from /opt/airflow/dags/setup_infrastructure_dag.py
[2026-07-21T02:18:22.312+0000] {processor.py:925} INFO - DAG(s) 'setup_lakehouse_infrastructure' retrieved from /opt/airflow/dags/setup_infrastructure_dag.py
[2026-07-21T02:18:22.337+0000] {logging_mixin.py:190} INFO - [2026-07-21T02:18:22.337+0000] {dag.py:3239} INFO - Sync 1 DAGs
[2026-07-21T02:18:22.360+0000] {logging_mixin.py:190} INFO - [2026-07-21T02:18:22.360+0000] {dag.py:4180} INFO - Setting next_dagrun for setup_lakehouse_infrastructure to 2024-01-01 00:00:00+00:00, run_after=2024-01-01 00:00:00+00:00
[2026-07-21T02:18:22.381+0000] {processor.py:208} INFO - Processing /opt/airflow/dags/setup_infrastructure_dag.py took 0.104 seconds
[2026-07-21T02:18:52.628+0000] {processor.py:186} INFO - Started process (PID=4648) to work on /opt/airflow/dags/setup_infrastructure_dag.py
[2026-07-21T02:18:52.630+0000] {processor.py:914} INFO - Processing file /opt/airflow/dags/setup_infrastructure_dag.py for tasks to queue
[2026-07-21T02:18:52.632+0000] {logging_mixin.py:190} INFO - [2026-07-21T02:18:52.631+0000] {dagbag.py:588} INFO - Filling up the DagBag from /opt/airflow/dags/setup_infrastructure_dag.py
[2026-07-21T02:18:52.657+0000] {processor.py:925} INFO - DAG(s) 'setup_lakehouse_infrastructure' retrieved from /opt/airflow/dags/setup_infrastructure_dag.py
[2026-07-21T02:18:52.680+0000] {logging_mixin.py:190} INFO - [2026-07-21T02:18:52.680+0000] {dag.py:3239} INFO - Sync 1 DAGs
[2026-07-21T02:18:52.703+0000] {logging_mixin.py:190} INFO - [2026-07-21T02:18:52.703+0000] {dag.py:4180} INFO - Setting next_dagrun for setup_lakehouse_infrastructure to 2024-01-01 00:00:00+00:00, run_after=2024-01-01 00:00:00+00:00
[2026-07-21T02:18:52.724+0000] {processor.py:208} INFO - Processing /opt/airflow/dags/setup_infrastructure_dag.py took 0.102 seconds
[2026-07-21T02:19:22.785+0000] {processor.py:186} INFO - Started process (PID=4754) to work on /opt/airflow/dags/setup_infrastructure_dag.py
[2026-07-21T02:19:22.787+0000] {processor.py:914} INFO - Processing file /opt/airflow/dags/setup_infrastructure_dag.py for tasks to queue
[2026-07-21T02:19:22.791+0000] {logging_mixin.py:190} INFO - [2026-07-21T02:19:22.790+0000] {dagbag.py:588} INFO - Filling up the DagBag from /opt/airflow/dags/setup_infrastructure_dag.py
[2026-07-21T02:19:22.824+0000] {processor.py:925} INFO - DAG(s) 'setup_lakehouse_infrastructure' retrieved from /opt/airflow/dags/setup_infrastructure_dag.py
[2026-07-21T02:19:22.852+0000] {logging_mixin.py:190} INFO - [2026-07-21T02:19:22.851+0000] {dag.py:3239} INFO - Sync 1 DAGs
[2026-07-21T02:19:22.874+0000] {logging_mixin.py:190} INFO - [2026-07-21T02:19:22.874+0000] {dag.py:4180} INFO - Setting next_dagrun for setup_lakehouse_infrastructure to 2024-01-01 00:00:00+00:00, run_after=2024-01-01 00:00:00+00:00
[2026-07-21T02:19:22.899+0000] {processor.py:208} INFO - Processing /opt/airflow/dags/setup_infrastructure_dag.py took 0.120 seconds
[2026-07-21T02:29:50.969+0000] {processor.py:186} INFO - Started process (PID=272) to work on /opt/airflow/dags/setup_infrastructure_dag.py
[2026-07-21T02:29:50.971+0000] {processor.py:914} INFO - Processing file /opt/airflow/dags/setup_infrastructure_dag.py for tasks to queue
[2026-07-21T02:29:50.973+0000] {logging_mixin.py:190} INFO - [2026-07-21T02:29:50.973+0000] {dagbag.py:588} INFO - Filling up the DagBag from /opt/airflow/dags/setup_infrastructure_dag.py
[2026-07-21T02:29:51.019+0000] {processor.py:925} INFO - DAG(s) 'setup_lakehouse_infrastructure' retrieved from /opt/airflow/dags/setup_infrastructure_dag.py
[2026-07-21T02:29:51.090+0000] {logging_mixin.py:190} INFO - [2026-07-21T02:29:51.089+0000] {override.py:1900} INFO - Created Permission View: can edit on DAG:setup_lakehouse_infrastructure
[2026-07-21T02:29:51.108+0000] {logging_mixin.py:190} INFO - [2026-07-21T02:29:51.108+0000] {override.py:1900} INFO - Created Permission View: can read on DAG:setup_lakehouse_infrastructure
[2026-07-21T02:29:51.122+0000] {logging_mixin.py:190} INFO - [2026-07-21T02:29:51.121+0000] {override.py:1900} INFO - Created Permission View: can delete on DAG:setup_lakehouse_infrastructure
[2026-07-21T02:29:51.133+0000] {logging_mixin.py:190} INFO - [2026-07-21T02:29:51.133+0000] {override.py:1900} INFO - Created Permission View: can create on DAG Run:setup_lakehouse_infrastructure
[2026-07-21T02:29:51.145+0000] {logging_mixin.py:190} INFO - [2026-07-21T02:29:51.144+0000] {override.py:1900} INFO - Created Permission View: can read on DAG Run:setup_lakehouse_infrastructure
[2026-07-21T02:29:51.156+0000] {logging_mixin.py:190} INFO - [2026-07-21T02:29:51.156+0000] {override.py:1900} INFO - Created Permission View: can delete on DAG Run:setup_lakehouse_infrastructure
[2026-07-21T02:29:51.167+0000] {logging_mixin.py:190} INFO - [2026-07-21T02:29:51.167+0000] {override.py:1900} INFO - Created Permission View: menu access on DAG Run:setup_lakehouse_infrastructure
[2026-07-21T02:29:51.168+0000] {logging_mixin.py:190} INFO - [2026-07-21T02:29:51.168+0000] {dag.py:3239} INFO - Sync 1 DAGs
[2026-07-21T02:29:51.187+0000] {logging_mixin.py:190} INFO - [2026-07-21T02:29:51.186+0000] {dag.py:3262} INFO - Creating ORM DAG for setup_lakehouse_infrastructure
[2026-07-21T02:29:51.197+0000] {logging_mixin.py:190} INFO - [2026-07-21T02:29:51.197+0000] {dag.py:4180} INFO - Setting next_dagrun for setup_lakehouse_infrastructure to 2024-01-01 00:00:00+00:00, run_after=2024-01-01 00:00:00+00:00
[2026-07-21T02:29:51.234+0000] {processor.py:208} INFO - Processing /opt/airflow/dags/setup_infrastructure_dag.py took 0.272 seconds
[2026-07-21T02:30:21.933+0000] {processor.py:186} INFO - Started process (PID=379) to work on /opt/airflow/dags/setup_infrastructure_dag.py
[2026-07-21T02:30:21.934+0000] {processor.py:914} INFO - Processing file /opt/airflow/dags/setup_infrastructure_dag.py for tasks to queue
[2026-07-21T02:30:21.937+0000] {logging_mixin.py:190} INFO - [2026-07-21T02:30:21.936+0000] {dagbag.py:588} INFO - Filling up the DagBag from /opt/airflow/dags/setup_infrastructure_dag.py
[2026-07-21T02:30:21.963+0000] {processor.py:925} INFO - DAG(s) 'setup_lakehouse_infrastructure' retrieved from /opt/airflow/dags/setup_infrastructure_dag.py
[2026-07-21T02:30:21.988+0000] {logging_mixin.py:190} INFO - [2026-07-21T02:30:21.988+0000] {dag.py:3239} INFO - Sync 1 DAGs
[2026-07-21T02:30:22.009+0000] {logging_mixin.py:190} INFO - [2026-07-21T02:30:22.008+0000] {dag.py:4180} INFO - Setting next_dagrun for setup_lakehouse_infrastructure to 2024-01-01 00:00:00+00:00, run_after=2024-01-01 00:00:00+00:00
[2026-07-21T02:30:22.026+0000] {processor.py:208} INFO - Processing /opt/airflow/dags/setup_infrastructure_dag.py took 0.098 seconds
[2026-07-21T02:30:52.166+0000] {processor.py:186} INFO - Started process (PID=483) to work on /opt/airflow/dags/setup_infrastructure_dag.py
[2026-07-21T02:30:52.167+0000] {processor.py:914} INFO - Processing file /opt/airflow/dags/setup_infrastructure_dag.py for tasks to queue
[2026-07-21T02:30:52.171+0000] {logging_mixin.py:190} INFO - [2026-07-21T02:30:52.170+0000] {dagbag.py:588} INFO - Filling up the DagBag from /opt/airflow/dags/setup_infrastructure_dag.py
[2026-07-21T02:30:52.202+0000] {processor.py:925} INFO - DAG(s) 'setup_lakehouse_infrastructure' retrieved from /opt/airflow/dags/setup_infrastructure_dag.py
[2026-07-21T02:30:52.225+0000] {logging_mixin.py:190} INFO - [2026-07-21T02:30:52.225+0000] {dag.py:3239} INFO - Sync 1 DAGs
[2026-07-21T02:30:52.246+0000] {logging_mixin.py:190} INFO - [2026-07-21T02:30:52.246+0000] {dag.py:4180} INFO - Setting next_dagrun for setup_lakehouse_infrastructure to 2024-01-01 00:00:00+00:00, run_after=2024-01-01 00:00:00+00:00
[2026-07-21T02:30:52.270+0000] {processor.py:208} INFO - Processing /opt/airflow/dags/setup_infrastructure_dag.py took 0.109 seconds
[2026-07-21T02:31:22.399+0000] {processor.py:186} INFO - Started process (PID=593) to work on /opt/airflow/dags/setup_infrastructure_dag.py
[2026-07-21T02:31:22.400+0000] {processor.py:914} INFO - Processing file /opt/airflow/dags/setup_infrastructure_dag.py for tasks to queue
[2026-07-21T02:31:22.402+0000] {logging_mixin.py:190} INFO - [2026-07-21T02:31:22.402+0000] {dagbag.py:588} INFO - Filling up the DagBag from /opt/airflow/dags/setup_infrastructure_dag.py
[2026-07-21T02:31:22.424+0000] {processor.py:925} INFO - DAG(s) 'setup_lakehouse_infrastructure' retrieved from /opt/airflow/dags/setup_infrastructure_dag.py
[2026-07-21T02:31:22.447+0000] {logging_mixin.py:190} INFO - [2026-07-21T02:31:22.446+0000] {dag.py:3239} INFO - Sync 1 DAGs
[2026-07-21T02:31:22.468+0000] {logging_mixin.py:190} INFO - [2026-07-21T02:31:22.468+0000] {dag.py:4180} INFO - Setting next_dagrun for setup_lakehouse_infrastructure to 2024-01-01 00:00:00+00:00, run_after=2024-01-01 00:00:00+00:00
[2026-07-21T02:31:22.493+0000] {processor.py:208} INFO - Processing /opt/airflow/dags/setup_infrastructure_dag.py took 0.099 seconds
[2026-07-21T02:31:52.605+0000] {processor.py:186} INFO - Started process (PID=699) to work on /opt/airflow/dags/setup_infrastructure_dag.py
[2026-07-21T02:31:52.605+0000] {processor.py:914} INFO - Processing file /opt/airflow/dags/setup_infrastructure_dag.py for tasks to queue
[2026-07-21T02:31:52.608+0000] {logging_mixin.py:190} INFO - [2026-07-21T02:31:52.608+0000] {dagbag.py:588} INFO - Filling up the DagBag from /opt/airflow/dags/setup_infrastructure_dag.py
[2026-07-21T02:31:52.629+0000] {processor.py:925} INFO - DAG(s) 'setup_lakehouse_infrastructure' retrieved from /opt/airflow/dags/setup_infrastructure_dag.py
[2026-07-21T02:31:52.652+0000] {logging_mixin.py:190} INFO - [2026-07-21T02:31:52.652+0000] {dag.py:3239} INFO - Sync 1 DAGs
[2026-07-21T02:31:52.672+0000] {logging_mixin.py:190} INFO - [2026-07-21T02:31:52.671+0000] {dag.py:4180} INFO - Setting next_dagrun for setup_lakehouse_infrastructure to 2024-01-01 00:00:00+00:00, run_after=2024-01-01 00:00:00+00:00
[2026-07-21T02:31:52.689+0000] {processor.py:208} INFO - Processing /opt/airflow/dags/setup_infrastructure_dag.py took 0.089 seconds
[2026-07-21T02:32:23.293+0000] {processor.py:186} INFO - Started process (PID=813) to work on /opt/airflow/dags/setup_infrastructure_dag.py
[2026-07-21T02:32:23.294+0000] {processor.py:914} INFO - Processing file /opt/airflow/dags/setup_infrastructure_dag.py for tasks to queue
[2026-07-21T02:32:23.296+0000] {logging_mixin.py:190} INFO - [2026-07-21T02:32:23.295+0000] {dagbag.py:588} INFO - Filling up the DagBag from /opt/airflow/dags/setup_infrastructure_dag.py
[2026-07-21T02:32:23.333+0000] {processor.py:925} INFO - DAG(s) 'setup_lakehouse_infrastructure' retrieved from /opt/airflow/dags/setup_infrastructure_dag.py
[2026-07-21T02:32:23.356+0000] {logging_mixin.py:190} INFO - [2026-07-21T02:32:23.356+0000] {dag.py:3239} INFO - Sync 1 DAGs
[2026-07-21T02:32:23.377+0000] {logging_mixin.py:190} INFO - [2026-07-21T02:32:23.376+0000] {dag.py:4180} INFO - Setting next_dagrun for setup_lakehouse_infrastructure to 2024-01-01 00:00:00+00:00, run_after=2024-01-01 00:00:00+00:00
[2026-07-21T02:32:23.396+0000] {processor.py:208} INFO - Processing /opt/airflow/dags/setup_infrastructure_dag.py took 0.109 seconds
[2026-07-21T02:32:53.992+0000] {processor.py:186} INFO - Started process (PID=939) to work on /opt/airflow/dags/setup_infrastructure_dag.py
[2026-07-21T02:32:53.993+0000] {processor.py:914} INFO - Processing file /opt/airflow/dags/setup_infrastructure_dag.py for tasks to queue
[2026-07-21T02:32:53.995+0000] {logging_mixin.py:190} INFO - [2026-07-21T02:32:53.995+0000] {dagbag.py:588} INFO - Filling up the DagBag from /opt/airflow/dags/setup_infrastructure_dag.py
[2026-07-21T02:32:54.031+0000] {processor.py:925} INFO - DAG(s) 'setup_lakehouse_infrastructure' retrieved from /opt/airflow/dags/setup_infrastructure_dag.py
[2026-07-21T02:32:54.052+0000] {logging_mixin.py:190} INFO - [2026-07-21T02:32:54.051+0000] {dag.py:3239} INFO - Sync 1 DAGs
[2026-07-21T02:32:54.072+0000] {logging_mixin.py:190} INFO - [2026-07-21T02:32:54.072+0000] {dag.py:4180} INFO - Setting next_dagrun for setup_lakehouse_infrastructure to 2024-01-01 00:00:00+00:00, run_after=2024-01-01 00:00:00+00:00
[2026-07-21T02:32:54.095+0000] {processor.py:208} INFO - Processing /opt/airflow/dags/setup_infrastructure_dag.py took 0.109 seconds
[2026-07-21T02:33:24.686+0000] {processor.py:186} INFO - Started process (PID=1374) to work on /opt/airflow/dags/setup_infrastructure_dag.py
[2026-07-21T02:33:24.687+0000] {processor.py:914} INFO - Processing file /opt/airflow/dags/setup_infrastructure_dag.py for tasks to queue
[2026-07-21T02:33:24.690+0000] {logging_mixin.py:190} INFO - [2026-07-21T02:33:24.690+0000] {dagbag.py:588} INFO - Filling up the DagBag from /opt/airflow/dags/setup_infrastructure_dag.py
[2026-07-21T02:33:24.714+0000] {processor.py:925} INFO - DAG(s) 'setup_lakehouse_infrastructure' retrieved from /opt/airflow/dags/setup_infrastructure_dag.py
[2026-07-21T02:33:24.736+0000] {logging_mixin.py:190} INFO - [2026-07-21T02:33:24.736+0000] {dag.py:3239} INFO - Sync 1 DAGs
[2026-07-21T02:33:24.757+0000] {logging_mixin.py:190} INFO - [2026-07-21T02:33:24.757+0000] {dag.py:4180} INFO - Setting next_dagrun for setup_lakehouse_infrastructure to 2024-01-01 00:00:00+00:00, run_after=2024-01-01 00:00:00+00:00
[2026-07-21T02:33:24.776+0000] {processor.py:208} INFO - Processing /opt/airflow/dags/setup_infrastructure_dag.py took 0.094 seconds
[2026-07-21T02:33:55.997+0000] {processor.py:186} INFO - Started process (PID=1491) to work on /opt/airflow/dags/setup_infrastructure_dag.py
[2026-07-21T02:33:55.998+0000] {processor.py:914} INFO - Processing file /opt/airflow/dags/setup_infrastructure_dag.py for tasks to queue
[2026-07-21T02:33:56.000+0000] {logging_mixin.py:190} INFO - [2026-07-21T02:33:56.000+0000] {dagbag.py:588} INFO - Filling up the DagBag from /opt/airflow/dags/setup_infrastructure_dag.py
[2026-07-21T02:33:56.027+0000] {processor.py:925} INFO - DAG(s) 'setup_lakehouse_infrastructure' retrieved from /opt/airflow/dags/setup_infrastructure_dag.py
[2026-07-21T02:33:56.051+0000] {logging_mixin.py:190} INFO - [2026-07-21T02:33:56.050+0000] {dag.py:3239} INFO - Sync 1 DAGs
[2026-07-21T02:33:56.074+0000] {logging_mixin.py:190} INFO - [2026-07-21T02:33:56.074+0000] {dag.py:4180} INFO - Setting next_dagrun for setup_lakehouse_infrastructure to 2024-01-01 00:00:00+00:00, run_after=2024-01-01 00:00:00+00:00
[2026-07-21T02:33:56.094+0000] {processor.py:208} INFO - Processing /opt/airflow/dags/setup_infrastructure_dag.py took 0.102 seconds
[2026-07-21T02:34:26.482+0000] {processor.py:186} INFO - Started process (PID=1612) to work on /opt/airflow/dags/setup_infrastructure_dag.py
[2026-07-21T02:34:26.483+0000] {processor.py:914} INFO - Processing file /opt/airflow/dags/setup_infrastructure_dag.py for tasks to queue
[2026-07-21T02:34:26.486+0000] {logging_mixin.py:190} INFO - [2026-07-21T02:34:26.485+0000] {dagbag.py:588} INFO - Filling up the DagBag from /opt/airflow/dags/setup_infrastructure_dag.py
[2026-07-21T02:34:26.525+0000] {processor.py:925} INFO - DAG(s) 'setup_lakehouse_infrastructure' retrieved from /opt/airflow/dags/setup_infrastructure_dag.py
[2026-07-21T02:34:26.558+0000] {logging_mixin.py:190} INFO - [2026-07-21T02:34:26.558+0000] {dag.py:3239} INFO - Sync 1 DAGs
[2026-07-21T02:34:26.596+0000] {logging_mixin.py:190} INFO - [2026-07-21T02:34:26.596+0000] {dag.py:4180} INFO - Setting next_dagrun for setup_lakehouse_infrastructure to 2024-01-01 00:00:00+00:00, run_after=2024-01-01 00:00:00+00:00
[2026-07-21T02:34:26.631+0000] {processor.py:208} INFO - Processing /opt/airflow/dags/setup_infrastructure_dag.py took 0.156 seconds
[2026-07-21T02:34:57.174+0000] {processor.py:186} INFO - Started process (PID=1791) to work on /opt/airflow/dags/setup_infrastructure_dag.py
[2026-07-21T02:34:57.175+0000] {processor.py:914} INFO - Processing file /opt/airflow/dags/setup_infrastructure_dag.py for tasks to queue
[2026-07-21T02:34:57.178+0000] {logging_mixin.py:190} INFO - [2026-07-21T02:34:57.178+0000] {dagbag.py:588} INFO - Filling up the DagBag from /opt/airflow/dags/setup_infrastructure_dag.py
[2026-07-21T02:34:57.216+0000] {processor.py:925} INFO - DAG(s) 'setup_lakehouse_infrastructure' retrieved from /opt/airflow/dags/setup_infrastructure_dag.py
[2026-07-21T02:34:57.250+0000] {logging_mixin.py:190} INFO - [2026-07-21T02:34:57.249+0000] {dag.py:3239} INFO - Sync 1 DAGs
[2026-07-21T02:34:57.293+0000] {logging_mixin.py:190} INFO - [2026-07-21T02:34:57.293+0000] {dag.py:4180} INFO - Setting next_dagrun for setup_lakehouse_infrastructure to 2024-01-01 00:00:00+00:00, run_after=2024-01-01 00:00:00+00:00
[2026-07-21T02:34:57.334+0000] {processor.py:208} INFO - Processing /opt/airflow/dags/setup_infrastructure_dag.py took 0.167 seconds
[2026-07-21T02:35:30.647+0000] {processor.py:186} INFO - Started process (PID=1960) to work on /opt/airflow/dags/setup_infrastructure_dag.py
[2026-07-21T02:35:30.648+0000] {processor.py:914} INFO - Processing file /opt/airflow/dags/setup_infrastructure_dag.py for tasks to queue
[2026-07-21T02:35:30.650+0000] {logging_mixin.py:190} INFO - [2026-07-21T02:35:30.650+0000] {dagbag.py:588} INFO - Filling up the DagBag from /opt/airflow/dags/setup_infrastructure_dag.py
[2026-07-21T02:35:30.681+0000] {processor.py:925} INFO - DAG(s) 'setup_lakehouse_infrastructure' retrieved from /opt/airflow/dags/setup_infrastructure_dag.py
[2026-07-21T02:35:30.706+0000] {logging_mixin.py:190} INFO - [2026-07-21T02:35:30.706+0000] {dag.py:3239} INFO - Sync 1 DAGs
[2026-07-21T02:35:30.733+0000] {logging_mixin.py:190} INFO - [2026-07-21T02:35:30.733+0000] {dag.py:4180} INFO - Setting next_dagrun for setup_lakehouse_infrastructure to 2024-01-01 00:00:00+00:00, run_after=2024-01-01 00:00:00+00:00
[2026-07-21T02:35:30.760+0000] {processor.py:208} INFO - Processing /opt/airflow/dags/setup_infrastructure_dag.py took 0.119 seconds
[2026-07-21T02:36:01.047+0000] {processor.py:186} INFO - Started process (PID=2066) to work on /opt/airflow/dags/setup_infrastructure_dag.py
[2026-07-21T02:36:01.048+0000] {processor.py:914} INFO - Processing file /opt/airflow/dags/setup_infrastructure_dag.py for tasks to queue
[2026-07-21T02:36:01.051+0000] {logging_mixin.py:190} INFO - [2026-07-21T02:36:01.050+0000] {dagbag.py:588} INFO - Filling up the DagBag from /opt/airflow/dags/setup_infrastructure_dag.py
[2026-07-21T02:36:01.077+0000] {processor.py:925} INFO - DAG(s) 'setup_lakehouse_infrastructure' retrieved from /opt/airflow/dags/setup_infrastructure_dag.py
[2026-07-21T02:36:01.102+0000] {logging_mixin.py:190} INFO - [2026-07-21T02:36:01.102+0000] {dag.py:3239} INFO - Sync 1 DAGs
[2026-07-21T02:36:01.123+0000] {logging_mixin.py:190} INFO - [2026-07-21T02:36:01.122+0000] {dag.py:4180} INFO - Setting next_dagrun for setup_lakehouse_infrastructure to 2024-01-01 00:00:00+00:00, run_after=2024-01-01 00:00:00+00:00
[2026-07-21T02:36:01.145+0000] {processor.py:208} INFO - Processing /opt/airflow/dags/setup_infrastructure_dag.py took 0.103 seconds
[2026-07-21T02:36:31.663+0000] {processor.py:186} INFO - Started process (PID=2192) to work on /opt/airflow/dags/setup_infrastructure_dag.py
[2026-07-21T02:36:31.664+0000] {processor.py:914} INFO - Processing file /opt/airflow/dags/setup_infrastructure_dag.py for tasks to queue
[2026-07-21T02:36:31.667+0000] {logging_mixin.py:190} INFO - [2026-07-21T02:36:31.667+0000] {dagbag.py:588} INFO - Filling up the DagBag from /opt/airflow/dags/setup_infrastructure_dag.py
[2026-07-21T02:36:31.701+0000] {processor.py:925} INFO - DAG(s) 'setup_lakehouse_infrastructure' retrieved from /opt/airflow/dags/setup_infrastructure_dag.py
[2026-07-21T02:36:31.727+0000] {logging_mixin.py:190} INFO - [2026-07-21T02:36:31.726+0000] {dag.py:3239} INFO - Sync 1 DAGs
[2026-07-21T02:36:31.748+0000] {logging_mixin.py:190} INFO - [2026-07-21T02:36:31.748+0000] {dag.py:4180} INFO - Setting next_dagrun for setup_lakehouse_infrastructure to 2024-01-01 00:00:00+00:00, run_after=2024-01-01 00:00:00+00:00
[2026-07-21T02:36:31.771+0000] {processor.py:208} INFO - Processing /opt/airflow/dags/setup_infrastructure_dag.py took 0.114 seconds
[2026-07-21T02:37:02.827+0000] {processor.py:186} INFO - Started process (PID=2305) to work on /opt/airflow/dags/setup_infrastructure_dag.py
[2026-07-21T02:37:02.828+0000] {processor.py:914} INFO - Processing file /opt/airflow/dags/setup_infrastructure_dag.py for tasks to queue
[2026-07-21T02:37:02.831+0000] {logging_mixin.py:190} INFO - [2026-07-21T02:37:02.830+0000] {dagbag.py:588} INFO - Filling up the DagBag from /opt/airflow/dags/setup_infrastructure_dag.py
[2026-07-21T02:37:02.862+0000] {processor.py:925} INFO - DAG(s) 'setup_lakehouse_infrastructure' retrieved from /opt/airflow/dags/setup_infrastructure_dag.py
[2026-07-21T02:37:02.884+0000] {logging_mixin.py:190} INFO - [2026-07-21T02:37:02.884+0000] {dag.py:3239} INFO - Sync 1 DAGs
[2026-07-21T02:37:02.906+0000] {logging_mixin.py:190} INFO - [2026-07-21T02:37:02.906+0000] {dag.py:4180} INFO - Setting next_dagrun for setup_lakehouse_infrastructure to 2024-01-01 00:00:00+00:00, run_after=2024-01-01 00:00:00+00:00
[2026-07-21T02:37:02.929+0000] {processor.py:208} INFO - Processing /opt/airflow/dags/setup_infrastructure_dag.py took 0.107 seconds
[2026-07-21T02:37:33.600+0000] {processor.py:186} INFO - Started process (PID=2414) to work on /opt/airflow/dags/setup_infrastructure_dag.py
[2026-07-21T02:37:33.601+0000] {processor.py:914} INFO - Processing file /opt/airflow/dags/setup_infrastructure_dag.py for tasks to queue
[2026-07-21T02:37:33.603+0000] {logging_mixin.py:190} INFO - [2026-07-21T02:37:33.603+0000] {dagbag.py:588} INFO - Filling up the DagBag from /opt/airflow/dags/setup_infrastructure_dag.py
[2026-07-21T02:37:33.637+0000] {processor.py:925} INFO - DAG(s) 'setup_lakehouse_infrastructure' retrieved from /opt/airflow/dags/setup_infrastructure_dag.py
[2026-07-21T02:37:33.660+0000] {logging_mixin.py:190} INFO - [2026-07-21T02:37:33.660+0000] {dag.py:3239} INFO - Sync 1 DAGs
[2026-07-21T02:37:33.681+0000] {logging_mixin.py:190} INFO - [2026-07-21T02:37:33.681+0000] {dag.py:4180} INFO - Setting next_dagrun for setup_lakehouse_infrastructure to 2024-01-01 00:00:00+00:00, run_after=2024-01-01 00:00:00+00:00
[2026-07-21T02:37:33.701+0000] {processor.py:208} INFO - Processing /opt/airflow/dags/setup_infrastructure_dag.py took 0.108 seconds
[2026-07-21T02:38:03.838+0000] {processor.py:186} INFO - Started process (PID=2519) to work on /opt/airflow/dags/setup_infrastructure_dag.py
[2026-07-21T02:38:03.839+0000] {processor.py:914} INFO - Processing file /opt/airflow/dags/setup_infrastructure_dag.py for tasks to queue
[2026-07-21T02:38:03.842+0000] {logging_mixin.py:190} INFO - [2026-07-21T02:38:03.841+0000] {dagbag.py:588} INFO - Filling up the DagBag from /opt/airflow/dags/setup_infrastructure_dag.py
[2026-07-21T02:38:03.866+0000] {processor.py:925} INFO - DAG(s) 'setup_lakehouse_infrastructure' retrieved from /opt/airflow/dags/setup_infrastructure_dag.py
[2026-07-21T02:38:03.888+0000] {logging_mixin.py:190} INFO - [2026-07-21T02:38:03.888+0000] {dag.py:3239} INFO - Sync 1 DAGs
[2026-07-21T02:38:03.910+0000] {logging_mixin.py:190} INFO - [2026-07-21T02:38:03.910+0000] {dag.py:4180} INFO - Setting next_dagrun for setup_lakehouse_infrastructure to 2024-01-01 00:00:00+00:00, run_after=2024-01-01 00:00:00+00:00
[2026-07-21T02:38:03.931+0000] {processor.py:208} INFO - Processing /opt/airflow/dags/setup_infrastructure_dag.py took 0.098 seconds
[2026-07-21T02:38:35.145+0000] {processor.py:186} INFO - Started process (PID=2631) to work on /opt/airflow/dags/setup_infrastructure_dag.py
[2026-07-21T02:38:35.147+0000] {processor.py:914} INFO - Processing file /opt/airflow/dags/setup_infrastructure_dag.py for tasks to queue
[2026-07-21T02:38:35.149+0000] {logging_mixin.py:190} INFO - [2026-07-21T02:38:35.149+0000] {dagbag.py:588} INFO - Filling up the DagBag from /opt/airflow/dags/setup_infrastructure_dag.py
[2026-07-21T02:38:35.185+0000] {processor.py:925} INFO - DAG(s) 'setup_lakehouse_infrastructure' retrieved from /opt/airflow/dags/setup_infrastructure_dag.py
[2026-07-21T02:38:35.215+0000] {logging_mixin.py:190} INFO - [2026-07-21T02:38:35.215+0000] {dag.py:3239} INFO - Sync 1 DAGs
[2026-07-21T02:38:35.240+0000] {logging_mixin.py:190} INFO - [2026-07-21T02:38:35.239+0000] {dag.py:4180} INFO - Setting next_dagrun for setup_lakehouse_infrastructure to 2024-01-01 00:00:00+00:00, run_after=2024-01-01 00:00:00+00:00
[2026-07-21T02:38:35.267+0000] {processor.py:208} INFO - Processing /opt/airflow/dags/setup_infrastructure_dag.py took 0.129 seconds
[2026-07-21T02:39:07.720+0000] {processor.py:186} INFO - Started process (PID=2742) to work on /opt/airflow/dags/setup_infrastructure_dag.py
[2026-07-21T02:39:07.721+0000] {processor.py:914} INFO - Processing file /opt/airflow/dags/setup_infrastructure_dag.py for tasks to queue
[2026-07-21T02:39:07.725+0000] {logging_mixin.py:190} INFO - [2026-07-21T02:39:07.724+0000] {dagbag.py:588} INFO - Filling up the DagBag from /opt/airflow/dags/setup_infrastructure_dag.py
[2026-07-21T02:39:07.749+0000] {processor.py:925} INFO - DAG(s) 'setup_lakehouse_infrastructure' retrieved from /opt/airflow/dags/setup_infrastructure_dag.py
[2026-07-21T02:39:07.776+0000] {logging_mixin.py:190} INFO - [2026-07-21T02:39:07.775+0000] {dag.py:3239} INFO - Sync 1 DAGs
[2026-07-21T02:39:07.801+0000] {logging_mixin.py:190} INFO - [2026-07-21T02:39:07.800+0000] {dag.py:4180} INFO - Setting next_dagrun for setup_lakehouse_infrastructure to 2024-01-01 00:00:00+00:00, run_after=2024-01-01 00:00:00+00:00
[2026-07-21T02:39:07.820+0000] {processor.py:208} INFO - Processing /opt/airflow/dags/setup_infrastructure_dag.py took 0.106 seconds
[2026-07-21T02:39:38.340+0000] {processor.py:186} INFO - Started process (PID=2850) to work on /opt/airflow/dags/setup_infrastructure_dag.py
[2026-07-21T02:39:38.341+0000] {processor.py:914} INFO - Processing file /opt/airflow/dags/setup_infrastructure_dag.py for tasks to queue
[2026-07-21T02:39:38.343+0000] {logging_mixin.py:190} INFO - [2026-07-21T02:39:38.343+0000] {dagbag.py:588} INFO - Filling up the DagBag from /opt/airflow/dags/setup_infrastructure_dag.py
[2026-07-21T02:39:38.368+0000] {processor.py:925} INFO - DAG(s) 'setup_lakehouse_infrastructure' retrieved from /opt/airflow/dags/setup_infrastructure_dag.py
[2026-07-21T02:39:38.391+0000] {logging_mixin.py:190} INFO - [2026-07-21T02:39:38.391+0000] {dag.py:3239} INFO - Sync 1 DAGs
[2026-07-21T02:39:38.413+0000] {logging_mixin.py:190} INFO - [2026-07-21T02:39:38.413+0000] {dag.py:4180} INFO - Setting next_dagrun for setup_lakehouse_infrastructure to 2024-01-01 00:00:00+00:00, run_after=2024-01-01 00:00:00+00:00
[2026-07-21T02:39:38.434+0000] {processor.py:208} INFO - Processing /opt/airflow/dags/setup_infrastructure_dag.py took 0.100 seconds
[2026-07-21T02:40:09.051+0000] {processor.py:186} INFO - Started process (PID=2961) to work on /opt/airflow/dags/setup_infrastructure_dag.py
[2026-07-21T02:40:09.053+0000] {processor.py:914} INFO - Processing file /opt/airflow/dags/setup_infrastructure_dag.py for tasks to queue
[2026-07-21T02:40:09.057+0000] {logging_mixin.py:190} INFO - [2026-07-21T02:40:09.056+0000] {dagbag.py:588} INFO - Filling up the DagBag from /opt/airflow/dags/setup_infrastructure_dag.py
[2026-07-21T02:40:09.084+0000] {processor.py:925} INFO - DAG(s) 'setup_lakehouse_infrastructure' retrieved from /opt/airflow/dags/setup_infrastructure_dag.py
[2026-07-21T02:40:09.109+0000] {logging_mixin.py:190} INFO - [2026-07-21T02:40:09.108+0000] {dag.py:3239} INFO - Sync 1 DAGs
[2026-07-21T02:40:09.131+0000] {logging_mixin.py:190} INFO - [2026-07-21T02:40:09.131+0000] {dag.py:4180} INFO - Setting next_dagrun for setup_lakehouse_infrastructure to 2024-01-01 00:00:00+00:00, run_after=2024-01-01 00:00:00+00:00
[2026-07-21T02:40:09.155+0000] {processor.py:208} INFO - Processing /opt/airflow/dags/setup_infrastructure_dag.py took 0.110 seconds
[2026-07-21T02:40:39.852+0000] {processor.py:186} INFO - Started process (PID=3072) to work on /opt/airflow/dags/setup_infrastructure_dag.py
[2026-07-21T02:40:39.854+0000] {processor.py:914} INFO - Processing file /opt/airflow/dags/setup_infrastructure_dag.py for tasks to queue
[2026-07-21T02:40:39.856+0000] {logging_mixin.py:190} INFO - [2026-07-21T02:40:39.856+0000] {dagbag.py:588} INFO - Filling up the DagBag from /opt/airflow/dags/setup_infrastructure_dag.py
[2026-07-21T02:40:39.882+0000] {processor.py:925} INFO - DAG(s) 'setup_lakehouse_infrastructure' retrieved from /opt/airflow/dags/setup_infrastructure_dag.py
[2026-07-21T02:40:39.908+0000] {logging_mixin.py:190} INFO - [2026-07-21T02:40:39.907+0000] {dag.py:3239} INFO - Sync 1 DAGs
[2026-07-21T02:40:39.929+0000] {logging_mixin.py:190} INFO - [2026-07-21T02:40:39.929+0000] {dag.py:4180} INFO - Setting next_dagrun for setup_lakehouse_infrastructure to 2024-01-01 00:00:00+00:00, run_after=2024-01-01 00:00:00+00:00
[2026-07-21T02:40:39.948+0000] {processor.py:208} INFO - Processing /opt/airflow/dags/setup_infrastructure_dag.py took 0.104 seconds
[2026-07-21T02:41:12.272+0000] {processor.py:186} INFO - Started process (PID=3181) to work on /opt/airflow/dags/setup_infrastructure_dag.py
[2026-07-21T02:41:12.273+0000] {processor.py:914} INFO - Processing file /opt/airflow/dags/setup_infrastructure_dag.py for tasks to queue
[2026-07-21T02:41:12.275+0000] {logging_mixin.py:190} INFO - [2026-07-21T02:41:12.275+0000] {dagbag.py:588} INFO - Filling up the DagBag from /opt/airflow/dags/setup_infrastructure_dag.py
[2026-07-21T02:41:12.299+0000] {processor.py:925} INFO - DAG(s) 'setup_lakehouse_infrastructure' retrieved from /opt/airflow/dags/setup_infrastructure_dag.py
[2026-07-21T02:41:12.325+0000] {logging_mixin.py:190} INFO - [2026-07-21T02:41:12.325+0000] {dag.py:3239} INFO - Sync 1 DAGs
[2026-07-21T02:41:12.347+0000] {logging_mixin.py:190} INFO - [2026-07-21T02:41:12.346+0000] {dag.py:4180} INFO - Setting next_dagrun for setup_lakehouse_infrastructure to 2024-01-01 00:00:00+00:00, run_after=2024-01-01 00:00:00+00:00
[2026-07-21T02:41:12.367+0000] {processor.py:208} INFO - Processing /opt/airflow/dags/setup_infrastructure_dag.py took 0.101 seconds
[2026-07-21T02:41:42.446+0000] {processor.py:186} INFO - Started process (PID=3289) to work on /opt/airflow/dags/setup_infrastructure_dag.py
[2026-07-21T02:41:42.448+0000] {processor.py:914} INFO - Processing file /opt/airflow/dags/setup_infrastructure_dag.py for tasks to queue
[2026-07-21T02:41:42.451+0000] {logging_mixin.py:190} INFO - [2026-07-21T02:41:42.450+0000] {dagbag.py:588} INFO - Filling up the DagBag from /opt/airflow/dags/setup_infrastructure_dag.py
[2026-07-21T02:41:42.481+0000] {processor.py:925} INFO - DAG(s) 'setup_lakehouse_infrastructure' retrieved from /opt/airflow/dags/setup_infrastructure_dag.py
[2026-07-21T02:41:42.505+0000] {logging_mixin.py:190} INFO - [2026-07-21T02:41:42.505+0000] {dag.py:3239} INFO - Sync 1 DAGs
[2026-07-21T02:41:42.530+0000] {logging_mixin.py:190} INFO - [2026-07-21T02:41:42.529+0000] {dag.py:4180} INFO - Setting next_dagrun for setup_lakehouse_infrastructure to 2024-01-01 00:00:00+00:00, run_after=2024-01-01 00:00:00+00:00
[2026-07-21T02:41:42.550+0000] {processor.py:208} INFO - Processing /opt/airflow/dags/setup_infrastructure_dag.py took 0.110 seconds
[2026-07-21T02:42:13.055+0000] {processor.py:186} INFO - Started process (PID=3400) to work on /opt/airflow/dags/setup_infrastructure_dag.py
[2026-07-21T02:42:13.057+0000] {processor.py:914} INFO - Processing file /opt/airflow/dags/setup_infrastructure_dag.py for tasks to queue
[2026-07-21T02:42:13.059+0000] {logging_mixin.py:190} INFO - [2026-07-21T02:42:13.059+0000] {dagbag.py:588} INFO - Filling up the DagBag from /opt/airflow/dags/setup_infrastructure_dag.py
[2026-07-21T02:42:13.089+0000] {processor.py:925} INFO - DAG(s) 'setup_lakehouse_infrastructure' retrieved from /opt/airflow/dags/setup_infrastructure_dag.py
[2026-07-21T02:42:13.113+0000] {logging_mixin.py:190} INFO - [2026-07-21T02:42:13.113+0000] {dag.py:3239} INFO - Sync 1 DAGs
[2026-07-21T02:42:13.139+0000] {logging_mixin.py:190} INFO - [2026-07-21T02:42:13.139+0000] {dag.py:4180} INFO - Setting next_dagrun for setup_lakehouse_infrastructure to 2024-01-01 00:00:00+00:00, run_after=2024-01-01 00:00:00+00:00
[2026-07-21T02:42:13.160+0000] {processor.py:208} INFO - Processing /opt/airflow/dags/setup_infrastructure_dag.py took 0.113 seconds
[2026-07-21T02:42:44.901+0000] {processor.py:186} INFO - Started process (PID=3509) to work on /opt/airflow/dags/setup_infrastructure_dag.py
[2026-07-21T02:42:44.903+0000] {processor.py:914} INFO - Processing file /opt/airflow/dags/setup_infrastructure_dag.py for tasks to queue
[2026-07-21T02:42:44.905+0000] {logging_mixin.py:190} INFO - [2026-07-21T02:42:44.905+0000] {dagbag.py:588} INFO - Filling up the DagBag from /opt/airflow/dags/setup_infrastructure_dag.py
[2026-07-21T02:42:44.937+0000] {processor.py:925} INFO - DAG(s) 'setup_lakehouse_infrastructure' retrieved from /opt/airflow/dags/setup_infrastructure_dag.py
[2026-07-21T02:42:44.970+0000] {logging_mixin.py:190} INFO - [2026-07-21T02:42:44.970+0000] {dag.py:3239} INFO - Sync 1 DAGs
[2026-07-21T02:42:44.997+0000] {logging_mixin.py:190} INFO - [2026-07-21T02:42:44.996+0000] {dag.py:4180} INFO - Setting next_dagrun for setup_lakehouse_infrastructure to 2024-01-01 00:00:00+00:00, run_after=2024-01-01 00:00:00+00:00
[2026-07-21T02:42:45.020+0000] {processor.py:208} INFO - Processing /opt/airflow/dags/setup_infrastructure_dag.py took 0.127 seconds
[2026-07-21T02:43:15.218+0000] {processor.py:186} INFO - Started process (PID=3614) to work on /opt/airflow/dags/setup_infrastructure_dag.py
[2026-07-21T02:43:15.219+0000] {processor.py:914} INFO - Processing file /opt/airflow/dags/setup_infrastructure_dag.py for tasks to queue
[2026-07-21T02:43:15.221+0000] {logging_mixin.py:190} INFO - [2026-07-21T02:43:15.221+0000] {dagbag.py:588} INFO - Filling up the DagBag from /opt/airflow/dags/setup_infrastructure_dag.py
[2026-07-21T02:43:15.250+0000] {processor.py:925} INFO - DAG(s) 'setup_lakehouse_infrastructure' retrieved from /opt/airflow/dags/setup_infrastructure_dag.py
[2026-07-21T02:43:15.277+0000] {logging_mixin.py:190} INFO - [2026-07-21T02:43:15.277+0000] {dag.py:3239} INFO - Sync 1 DAGs
[2026-07-21T02:43:15.303+0000] {logging_mixin.py:190} INFO - [2026-07-21T02:43:15.303+0000] {dag.py:4180} INFO - Setting next_dagrun for setup_lakehouse_infrastructure to 2024-01-01 00:00:00+00:00, run_after=2024-01-01 00:00:00+00:00
[2026-07-21T02:43:15.329+0000] {processor.py:208} INFO - Processing /opt/airflow/dags/setup_infrastructure_dag.py took 0.117 seconds
[2026-07-21T02:43:45.832+0000] {processor.py:186} INFO - Started process (PID=3725) to work on /opt/airflow/dags/setup_infrastructure_dag.py
[2026-07-21T02:43:45.834+0000] {processor.py:914} INFO - Processing file /opt/airflow/dags/setup_infrastructure_dag.py for tasks to queue
[2026-07-21T02:43:45.836+0000] {logging_mixin.py:190} INFO - [2026-07-21T02:43:45.835+0000] {dagbag.py:588} INFO - Filling up the DagBag from /opt/airflow/dags/setup_infrastructure_dag.py
[2026-07-21T02:43:45.862+0000] {processor.py:925} INFO - DAG(s) 'setup_lakehouse_infrastructure' retrieved from /opt/airflow/dags/setup_infrastructure_dag.py
[2026-07-21T02:43:45.887+0000] {logging_mixin.py:190} INFO - [2026-07-21T02:43:45.887+0000] {dag.py:3239} INFO - Sync 1 DAGs
[2026-07-21T02:43:45.913+0000] {logging_mixin.py:190} INFO - [2026-07-21T02:43:45.913+0000] {dag.py:4180} INFO - Setting next_dagrun for setup_lakehouse_infrastructure to 2024-01-01 00:00:00+00:00, run_after=2024-01-01 00:00:00+00:00
[2026-07-21T02:43:45.938+0000] {processor.py:208} INFO - Processing /opt/airflow/dags/setup_infrastructure_dag.py took 0.110 seconds
[2026-07-21T02:44:16.245+0000] {processor.py:186} INFO - Started process (PID=3830) to work on /opt/airflow/dags/setup_infrastructure_dag.py
[2026-07-21T02:44:16.246+0000] {processor.py:914} INFO - Processing file /opt/airflow/dags/setup_infrastructure_dag.py for tasks to queue
[2026-07-21T02:44:16.248+0000] {logging_mixin.py:190} INFO - [2026-07-21T02:44:16.248+0000] {dagbag.py:588} INFO - Filling up the DagBag from /opt/airflow/dags/setup_infrastructure_dag.py
[2026-07-21T02:44:16.272+0000] {processor.py:925} INFO - DAG(s) 'setup_lakehouse_infrastructure' retrieved from /opt/airflow/dags/setup_infrastructure_dag.py
[2026-07-21T02:44:16.298+0000] {logging_mixin.py:190} INFO - [2026-07-21T02:44:16.298+0000] {dag.py:3239} INFO - Sync 1 DAGs
[2026-07-21T02:44:16.323+0000] {logging_mixin.py:190} INFO - [2026-07-21T02:44:16.322+0000] {dag.py:4180} INFO - Setting next_dagrun for setup_lakehouse_infrastructure to 2024-01-01 00:00:00+00:00, run_after=2024-01-01 00:00:00+00:00
[2026-07-21T02:44:16.353+0000] {processor.py:208} INFO - Processing /opt/airflow/dags/setup_infrastructure_dag.py took 0.115 seconds
[2026-07-21T02:44:48.707+0000] {processor.py:186} INFO - Started process (PID=3948) to work on /opt/airflow/dags/setup_infrastructure_dag.py
[2026-07-21T02:44:48.708+0000] {processor.py:914} INFO - Processing file /opt/airflow/dags/setup_infrastructure_dag.py for tasks to queue
[2026-07-21T02:44:48.711+0000] {logging_mixin.py:190} INFO - [2026-07-21T02:44:48.711+0000] {dagbag.py:588} INFO - Filling up the DagBag from /opt/airflow/dags/setup_infrastructure_dag.py
[2026-07-21T02:44:48.738+0000] {processor.py:925} INFO - DAG(s) 'setup_lakehouse_infrastructure' retrieved from /opt/airflow/dags/setup_infrastructure_dag.py
[2026-07-21T02:44:48.762+0000] {logging_mixin.py:190} INFO - [2026-07-21T02:44:48.762+0000] {dag.py:3239} INFO - Sync 1 DAGs
[2026-07-21T02:44:48.785+0000] {logging_mixin.py:190} INFO - [2026-07-21T02:44:48.785+0000] {dag.py:4180} INFO - Setting next_dagrun for setup_lakehouse_infrastructure to 2024-01-01 00:00:00+00:00, run_after=2024-01-01 00:00:00+00:00
[2026-07-21T02:44:48.808+0000] {processor.py:208} INFO - Processing /opt/airflow/dags/setup_infrastructure_dag.py took 0.108 seconds
[2026-07-21T02:45:19.719+0000] {processor.py:186} INFO - Started process (PID=4056) to work on /opt/airflow/dags/setup_infrastructure_dag.py
[2026-07-21T02:45:19.721+0000] {processor.py:914} INFO - Processing file /opt/airflow/dags/setup_infrastructure_dag.py for tasks to queue
[2026-07-21T02:45:19.724+0000] {logging_mixin.py:190} INFO - [2026-07-21T02:45:19.724+0000] {dagbag.py:588} INFO - Filling up the DagBag from /opt/airflow/dags/setup_infrastructure_dag.py
[2026-07-21T02:45:19.759+0000] {processor.py:925} INFO - DAG(s) 'setup_lakehouse_infrastructure' retrieved from /opt/airflow/dags/setup_infrastructure_dag.py
[2026-07-21T02:45:19.788+0000] {logging_mixin.py:190} INFO - [2026-07-21T02:45:19.788+0000] {dag.py:3239} INFO - Sync 1 DAGs
[2026-07-21T02:45:19.816+0000] {logging_mixin.py:190} INFO - [2026-07-21T02:45:19.815+0000] {dag.py:4180} INFO - Setting next_dagrun for setup_lakehouse_infrastructure to 2024-01-01 00:00:00+00:00, run_after=2024-01-01 00:00:00+00:00
[2026-07-21T02:45:19.841+0000] {processor.py:208} INFO - Processing /opt/airflow/dags/setup_infrastructure_dag.py took 0.129 seconds
[2026-07-21T02:45:50.848+0000] {processor.py:186} INFO - Started process (PID=4167) to work on /opt/airflow/dags/setup_infrastructure_dag.py
[2026-07-21T02:45:50.849+0000] {processor.py:914} INFO - Processing file /opt/airflow/dags/setup_infrastructure_dag.py for tasks to queue
[2026-07-21T02:45:50.852+0000] {logging_mixin.py:190} INFO - [2026-07-21T02:45:50.851+0000] {dagbag.py:588} INFO - Filling up the DagBag from /opt/airflow/dags/setup_infrastructure_dag.py
[2026-07-21T02:45:50.877+0000] {processor.py:925} INFO - DAG(s) 'setup_lakehouse_infrastructure' retrieved from /opt/airflow/dags/setup_infrastructure_dag.py
[2026-07-21T02:45:50.899+0000] {logging_mixin.py:190} INFO - [2026-07-21T02:45:50.899+0000] {dag.py:3239} INFO - Sync 1 DAGs
[2026-07-21T02:45:50.920+0000] {logging_mixin.py:190} INFO - [2026-07-21T02:45:50.919+0000] {dag.py:4180} INFO - Setting next_dagrun for setup_lakehouse_infrastructure to 2024-01-01 00:00:00+00:00, run_after=2024-01-01 00:00:00+00:00
[2026-07-21T02:45:50.943+0000] {processor.py:208} INFO - Processing /opt/airflow/dags/setup_infrastructure_dag.py took 0.101 seconds
[2026-07-21T02:46:22.279+0000] {processor.py:186} INFO - Started process (PID=4278) to work on /opt/airflow/dags/setup_infrastructure_dag.py
[2026-07-21T02:46:22.280+0000] {processor.py:914} INFO - Processing file /opt/airflow/dags/setup_infrastructure_dag.py for tasks to queue
[2026-07-21T02:46:22.283+0000] {logging_mixin.py:190} INFO - [2026-07-21T02:46:22.283+0000] {dagbag.py:588} INFO - Filling up the DagBag from /opt/airflow/dags/setup_infrastructure_dag.py
[2026-07-21T02:46:22.307+0000] {processor.py:925} INFO - DAG(s) 'setup_lakehouse_infrastructure' retrieved from /opt/airflow/dags/setup_infrastructure_dag.py
[2026-07-21T02:46:22.327+0000] {logging_mixin.py:190} INFO - [2026-07-21T02:46:22.327+0000] {dag.py:3239} INFO - Sync 1 DAGs
[2026-07-21T02:46:22.348+0000] {logging_mixin.py:190} INFO - [2026-07-21T02:46:22.348+0000] {dag.py:4180} INFO - Setting next_dagrun for setup_lakehouse_infrastructure to 2024-01-01 00:00:00+00:00, run_after=2024-01-01 00:00:00+00:00
[2026-07-21T02:46:22.366+0000] {processor.py:208} INFO - Processing /opt/airflow/dags/setup_infrastructure_dag.py took 0.093 seconds
[2026-07-21T02:46:53.817+0000] {processor.py:186} INFO - Started process (PID=4387) to work on /opt/airflow/dags/setup_infrastructure_dag.py
[2026-07-21T02:46:53.818+0000] {processor.py:914} INFO - Processing file /opt/airflow/dags/setup_infrastructure_dag.py for tasks to queue
[2026-07-21T02:46:53.820+0000] {logging_mixin.py:190} INFO - [2026-07-21T02:46:53.820+0000] {dagbag.py:588} INFO - Filling up the DagBag from /opt/airflow/dags/setup_infrastructure_dag.py
[2026-07-21T02:46:53.848+0000] {processor.py:925} INFO - DAG(s) 'setup_lakehouse_infrastructure' retrieved from /opt/airflow/dags/setup_infrastructure_dag.py
[2026-07-21T02:46:53.871+0000] {logging_mixin.py:190} INFO - [2026-07-21T02:46:53.871+0000] {dag.py:3239} INFO - Sync 1 DAGs
[2026-07-21T02:46:53.891+0000] {logging_mixin.py:190} INFO - [2026-07-21T02:46:53.891+0000] {dag.py:4180} INFO - Setting next_dagrun for setup_lakehouse_infrastructure to 2024-01-01 00:00:00+00:00, run_after=2024-01-01 00:00:00+00:00
[2026-07-21T02:46:53.913+0000] {processor.py:208} INFO - Processing /opt/airflow/dags/setup_infrastructure_dag.py took 0.102 seconds
[2026-07-21T02:47:24.147+0000] {processor.py:186} INFO - Started process (PID=4492) to work on /opt/airflow/dags/setup_infrastructure_dag.py
[2026-07-21T02:47:24.148+0000] {processor.py:914} INFO - Processing file /opt/airflow/dags/setup_infrastructure_dag.py for tasks to queue
[2026-07-21T02:47:24.150+0000] {logging_mixin.py:190} INFO - [2026-07-21T02:47:24.150+0000] {dagbag.py:588} INFO - Filling up the DagBag from /opt/airflow/dags/setup_infrastructure_dag.py
[2026-07-21T02:47:24.176+0000] {processor.py:925} INFO - DAG(s) 'setup_lakehouse_infrastructure' retrieved from /opt/airflow/dags/setup_infrastructure_dag.py
[2026-07-21T02:47:24.199+0000] {logging_mixin.py:190} INFO - [2026-07-21T02:47:24.199+0000] {dag.py:3239} INFO - Sync 1 DAGs
[2026-07-21T02:47:24.220+0000] {logging_mixin.py:190} INFO - [2026-07-21T02:47:24.219+0000] {dag.py:4180} INFO - Setting next_dagrun for setup_lakehouse_infrastructure to 2024-01-01 00:00:00+00:00, run_after=2024-01-01 00:00:00+00:00
[2026-07-21T02:47:24.245+0000] {processor.py:208} INFO - Processing /opt/airflow/dags/setup_infrastructure_dag.py took 0.103 seconds
[2026-07-21T02:47:54.503+0000] {processor.py:186} INFO - Started process (PID=4598) to work on /opt/airflow/dags/setup_infrastructure_dag.py
[2026-07-21T02:47:54.505+0000] {processor.py:914} INFO - Processing file /opt/airflow/dags/setup_infrastructure_dag.py for tasks to queue
[2026-07-21T02:47:54.509+0000] {logging_mixin.py:190} INFO - [2026-07-21T02:47:54.508+0000] {dagbag.py:588} INFO - Filling up the DagBag from /opt/airflow/dags/setup_infrastructure_dag.py
[2026-07-21T02:47:54.548+0000] {processor.py:925} INFO - DAG(s) 'setup_lakehouse_infrastructure' retrieved from /opt/airflow/dags/setup_infrastructure_dag.py
[2026-07-21T02:47:54.574+0000] {logging_mixin.py:190} INFO - [2026-07-21T02:47:54.574+0000] {dag.py:3239} INFO - Sync 1 DAGs
[2026-07-21T02:47:54.598+0000] {logging_mixin.py:190} INFO - [2026-07-21T02:47:54.598+0000] {dag.py:4180} INFO - Setting next_dagrun for setup_lakehouse_infrastructure to 2024-01-01 00:00:00+00:00, run_after=2024-01-01 00:00:00+00:00
[2026-07-21T02:47:54.623+0000] {processor.py:208} INFO - Processing /opt/airflow/dags/setup_infrastructure_dag.py took 0.125 seconds
[2026-07-21T02:48:25.382+0000] {processor.py:186} INFO - Started process (PID=4703) to work on /opt/airflow/dags/setup_infrastructure_dag.py
[2026-07-21T02:48:25.384+0000] {processor.py:914} INFO - Processing file /opt/airflow/dags/setup_infrastructure_dag.py for tasks to queue
[2026-07-21T02:48:25.389+0000] {logging_mixin.py:190} INFO - [2026-07-21T02:48:25.388+0000] {dagbag.py:588} INFO - Filling up the DagBag from /opt/airflow/dags/setup_infrastructure_dag.py
[2026-07-21T02:48:25.426+0000] {processor.py:925} INFO - DAG(s) 'setup_lakehouse_infrastructure' retrieved from /opt/airflow/dags/setup_infrastructure_dag.py
[2026-07-21T02:48:25.470+0000] {logging_mixin.py:190} INFO - [2026-07-21T02:48:25.470+0000] {dag.py:3239} INFO - Sync 1 DAGs
[2026-07-21T02:48:25.506+0000] {logging_mixin.py:190} INFO - [2026-07-21T02:48:25.504+0000] {dag.py:4180} INFO - Setting next_dagrun for setup_lakehouse_infrastructure to 2024-01-01 00:00:00+00:00, run_after=2024-01-01 00:00:00+00:00
[2026-07-21T02:48:25.542+0000] {processor.py:208} INFO - Processing /opt/airflow/dags/setup_infrastructure_dag.py took 0.167 seconds
[2026-07-21T02:48:55.959+0000] {processor.py:186} INFO - Started process (PID=4808) to work on /opt/airflow/dags/setup_infrastructure_dag.py
[2026-07-21T02:48:55.960+0000] {processor.py:914} INFO - Processing file /opt/airflow/dags/setup_infrastructure_dag.py for tasks to queue
[2026-07-21T02:48:55.962+0000] {logging_mixin.py:190} INFO - [2026-07-21T02:48:55.961+0000] {dagbag.py:588} INFO - Filling up the DagBag from /opt/airflow/dags/setup_infrastructure_dag.py
[2026-07-21T02:48:55.983+0000] {processor.py:925} INFO - DAG(s) 'setup_lakehouse_infrastructure' retrieved from /opt/airflow/dags/setup_infrastructure_dag.py
[2026-07-21T02:48:56.010+0000] {logging_mixin.py:190} INFO - [2026-07-21T02:48:56.010+0000] {dag.py:3239} INFO - Sync 1 DAGs
[2026-07-21T02:48:56.037+0000] {logging_mixin.py:190} INFO - [2026-07-21T02:48:56.037+0000] {dag.py:4180} INFO - Setting next_dagrun for setup_lakehouse_infrastructure to 2024-01-01 00:00:00+00:00, run_after=2024-01-01 00:00:00+00:00
[2026-07-21T02:48:56.065+0000] {processor.py:208} INFO - Processing /opt/airflow/dags/setup_infrastructure_dag.py took 0.113 seconds
[2026-07-21T02:49:26.189+0000] {processor.py:186} INFO - Started process (PID=4914) to work on /opt/airflow/dags/setup_infrastructure_dag.py
[2026-07-21T02:49:26.191+0000] {processor.py:914} INFO - Processing file /opt/airflow/dags/setup_infrastructure_dag.py for tasks to queue
[2026-07-21T02:49:26.195+0000] {logging_mixin.py:190} INFO - [2026-07-21T02:49:26.194+0000] {dagbag.py:588} INFO - Filling up the DagBag from /opt/airflow/dags/setup_infrastructure_dag.py
[2026-07-21T02:49:26.236+0000] {processor.py:925} INFO - DAG(s) 'setup_lakehouse_infrastructure' retrieved from /opt/airflow/dags/setup_infrastructure_dag.py
[2026-07-21T02:49:26.269+0000] {logging_mixin.py:190} INFO - [2026-07-21T02:49:26.268+0000] {dag.py:3239} INFO - Sync 1 DAGs
[2026-07-21T02:49:26.295+0000] {logging_mixin.py:190} INFO - [2026-07-21T02:49:26.295+0000] {dag.py:4180} INFO - Setting next_dagrun for setup_lakehouse_infrastructure to 2024-01-01 00:00:00+00:00, run_after=2024-01-01 00:00:00+00:00
[2026-07-21T02:49:26.318+0000] {processor.py:208} INFO - Processing /opt/airflow/dags/setup_infrastructure_dag.py took 0.136 seconds
[2026-07-21T02:49:57.367+0000] {processor.py:186} INFO - Started process (PID=5033) to work on /opt/airflow/dags/setup_infrastructure_dag.py
[2026-07-21T02:49:57.368+0000] {processor.py:914} INFO - Processing file /opt/airflow/dags/setup_infrastructure_dag.py for tasks to queue
[2026-07-21T02:49:57.371+0000] {logging_mixin.py:190} INFO - [2026-07-21T02:49:57.371+0000] {dagbag.py:588} INFO - Filling up the DagBag from /opt/airflow/dags/setup_infrastructure_dag.py
[2026-07-21T02:49:57.401+0000] {processor.py:925} INFO - DAG(s) 'setup_lakehouse_infrastructure' retrieved from /opt/airflow/dags/setup_infrastructure_dag.py
[2026-07-21T02:49:57.423+0000] {logging_mixin.py:190} INFO - [2026-07-21T02:49:57.423+0000] {dag.py:3239} INFO - Sync 1 DAGs
[2026-07-21T02:49:57.443+0000] {logging_mixin.py:190} INFO - [2026-07-21T02:49:57.443+0000] {dag.py:4180} INFO - Setting next_dagrun for setup_lakehouse_infrastructure to 2024-01-01 00:00:00+00:00, run_after=2024-01-01 00:00:00+00:00
[2026-07-21T02:49:57.461+0000] {processor.py:208} INFO - Processing /opt/airflow/dags/setup_infrastructure_dag.py took 0.100 seconds
[2026-07-21T02:50:29.368+0000] {processor.py:186} INFO - Started process (PID=5148) to work on /opt/airflow/dags/setup_infrastructure_dag.py
[2026-07-21T02:50:29.369+0000] {processor.py:914} INFO - Processing file /opt/airflow/dags/setup_infrastructure_dag.py for tasks to queue
[2026-07-21T02:50:29.371+0000] {logging_mixin.py:190} INFO - [2026-07-21T02:50:29.371+0000] {dagbag.py:588} INFO - Filling up the DagBag from /opt/airflow/dags/setup_infrastructure_dag.py
[2026-07-21T02:50:29.398+0000] {processor.py:925} INFO - DAG(s) 'setup_lakehouse_infrastructure' retrieved from /opt/airflow/dags/setup_infrastructure_dag.py
[2026-07-21T02:50:29.422+0000] {logging_mixin.py:190} INFO - [2026-07-21T02:50:29.421+0000] {dag.py:3239} INFO - Sync 1 DAGs
[2026-07-21T02:50:29.444+0000] {logging_mixin.py:190} INFO - [2026-07-21T02:50:29.443+0000] {dag.py:4180} INFO - Setting next_dagrun for setup_lakehouse_infrastructure to 2024-01-01 00:00:00+00:00, run_after=2024-01-01 00:00:00+00:00
[2026-07-21T02:50:29.462+0000] {processor.py:208} INFO - Processing /opt/airflow/dags/setup_infrastructure_dag.py took 0.101 seconds
[2026-07-21T02:50:59.552+0000] {processor.py:186} INFO - Started process (PID=5253) to work on /opt/airflow/dags/setup_infrastructure_dag.py
[2026-07-21T02:50:59.553+0000] {processor.py:914} INFO - Processing file /opt/airflow/dags/setup_infrastructure_dag.py for tasks to queue
[2026-07-21T02:50:59.555+0000] {logging_mixin.py:190} INFO - [2026-07-21T02:50:59.555+0000] {dagbag.py:588} INFO - Filling up the DagBag from /opt/airflow/dags/setup_infrastructure_dag.py
[2026-07-21T02:50:59.576+0000] {processor.py:925} INFO - DAG(s) 'setup_lakehouse_infrastructure' retrieved from /opt/airflow/dags/setup_infrastructure_dag.py
[2026-07-21T02:50:59.598+0000] {logging_mixin.py:190} INFO - [2026-07-21T02:50:59.598+0000] {dag.py:3239} INFO - Sync 1 DAGs
[2026-07-21T02:50:59.623+0000] {logging_mixin.py:190} INFO - [2026-07-21T02:50:59.622+0000] {dag.py:4180} INFO - Setting next_dagrun for setup_lakehouse_infrastructure to 2024-01-01 00:00:00+00:00, run_after=2024-01-01 00:00:00+00:00
[2026-07-21T02:50:59.645+0000] {processor.py:208} INFO - Processing /opt/airflow/dags/setup_infrastructure_dag.py took 0.098 seconds
[2026-07-21T02:51:29.864+0000] {processor.py:186} INFO - Started process (PID=5359) to work on /opt/airflow/dags/setup_infrastructure_dag.py
[2026-07-21T02:51:29.866+0000] {processor.py:914} INFO - Processing file /opt/airflow/dags/setup_infrastructure_dag.py for tasks to queue
[2026-07-21T02:51:29.868+0000] {logging_mixin.py:190} INFO - [2026-07-21T02:51:29.868+0000] {dagbag.py:588} INFO - Filling up the DagBag from /opt/airflow/dags/setup_infrastructure_dag.py
[2026-07-21T02:51:29.896+0000] {processor.py:925} INFO - DAG(s) 'setup_lakehouse_infrastructure' retrieved from /opt/airflow/dags/setup_infrastructure_dag.py
[2026-07-21T02:51:29.918+0000] {logging_mixin.py:190} INFO - [2026-07-21T02:51:29.918+0000] {dag.py:3239} INFO - Sync 1 DAGs
[2026-07-21T02:51:29.939+0000] {logging_mixin.py:190} INFO - [2026-07-21T02:51:29.938+0000] {dag.py:4180} INFO - Setting next_dagrun for setup_lakehouse_infrastructure to 2024-01-01 00:00:00+00:00, run_after=2024-01-01 00:00:00+00:00
[2026-07-21T02:51:29.956+0000] {processor.py:208} INFO - Processing /opt/airflow/dags/setup_infrastructure_dag.py took 0.098 seconds
[2026-07-21T02:52:01.770+0000] {processor.py:186} INFO - Started process (PID=5476) to work on /opt/airflow/dags/setup_infrastructure_dag.py
[2026-07-21T02:52:01.771+0000] {processor.py:914} INFO - Processing file /opt/airflow/dags/setup_infrastructure_dag.py for tasks to queue
[2026-07-21T02:52:01.774+0000] {logging_mixin.py:190} INFO - [2026-07-21T02:52:01.774+0000] {dagbag.py:588} INFO - Filling up the DagBag from /opt/airflow/dags/setup_infrastructure_dag.py
[2026-07-21T02:52:01.800+0000] {processor.py:925} INFO - DAG(s) 'setup_lakehouse_infrastructure' retrieved from /opt/airflow/dags/setup_infrastructure_dag.py
[2026-07-21T02:52:01.827+0000] {logging_mixin.py:190} INFO - [2026-07-21T02:52:01.827+0000] {dag.py:3239} INFO - Sync 1 DAGs
[2026-07-21T02:52:01.852+0000] {logging_mixin.py:190} INFO - [2026-07-21T02:52:01.852+0000] {dag.py:4180} INFO - Setting next_dagrun for setup_lakehouse_infrastructure to 2024-01-01 00:00:00+00:00, run_after=2024-01-01 00:00:00+00:00
[2026-07-21T02:52:01.872+0000] {processor.py:208} INFO - Processing /opt/airflow/dags/setup_infrastructure_dag.py took 0.108 seconds
[2026-07-21T02:52:33.123+0000] {processor.py:186} INFO - Started process (PID=5593) to work on /opt/airflow/dags/setup_infrastructure_dag.py
[2026-07-21T02:52:33.124+0000] {processor.py:914} INFO - Processing file /opt/airflow/dags/setup_infrastructure_dag.py for tasks to queue
[2026-07-21T02:52:33.126+0000] {logging_mixin.py:190} INFO - [2026-07-21T02:52:33.126+0000] {dagbag.py:588} INFO - Filling up the DagBag from /opt/airflow/dags/setup_infrastructure_dag.py
[2026-07-21T02:52:33.149+0000] {processor.py:925} INFO - DAG(s) 'setup_lakehouse_infrastructure' retrieved from /opt/airflow/dags/setup_infrastructure_dag.py
[2026-07-21T02:52:33.170+0000] {logging_mixin.py:190} INFO - [2026-07-21T02:52:33.170+0000] {dag.py:3239} INFO - Sync 1 DAGs
[2026-07-21T02:52:33.190+0000] {logging_mixin.py:190} INFO - [2026-07-21T02:52:33.190+0000] {dag.py:4180} INFO - Setting next_dagrun for setup_lakehouse_infrastructure to 2024-01-01 00:00:00+00:00, run_after=2024-01-01 00:00:00+00:00
[2026-07-21T02:52:33.207+0000] {processor.py:208} INFO - Processing /opt/airflow/dags/setup_infrastructure_dag.py took 0.089 seconds
[2026-07-21T02:59:57.985+0000] {processor.py:186} INFO - Started process (PID=272) to work on /opt/airflow/dags/setup_infrastructure_dag.py
[2026-07-21T02:59:57.986+0000] {processor.py:914} INFO - Processing file /opt/airflow/dags/setup_infrastructure_dag.py for tasks to queue
[2026-07-21T02:59:57.990+0000] {logging_mixin.py:190} INFO - [2026-07-21T02:59:57.990+0000] {dagbag.py:588} INFO - Filling up the DagBag from /opt/airflow/dags/setup_infrastructure_dag.py
[2026-07-21T02:59:58.023+0000] {processor.py:925} INFO - DAG(s) 'setup_lakehouse_infrastructure' retrieved from /opt/airflow/dags/setup_infrastructure_dag.py
[2026-07-21T02:59:58.096+0000] {logging_mixin.py:190} INFO - [2026-07-21T02:59:58.096+0000] {override.py:1900} INFO - Created Permission View: can delete on DAG:setup_lakehouse_infrastructure
[2026-07-21T02:59:58.109+0000] {logging_mixin.py:190} INFO - [2026-07-21T02:59:58.108+0000] {override.py:1900} INFO - Created Permission View: can read on DAG:setup_lakehouse_infrastructure
[2026-07-21T02:59:58.118+0000] {logging_mixin.py:190} INFO - [2026-07-21T02:59:58.117+0000] {override.py:1900} INFO - Created Permission View: can edit on DAG:setup_lakehouse_infrastructure
[2026-07-21T02:59:58.129+0000] {logging_mixin.py:190} INFO - [2026-07-21T02:59:58.129+0000] {override.py:1900} INFO - Created Permission View: can delete on DAG Run:setup_lakehouse_infrastructure
[2026-07-21T02:59:58.139+0000] {logging_mixin.py:190} INFO - [2026-07-21T02:59:58.138+0000] {override.py:1900} INFO - Created Permission View: menu access on DAG Run:setup_lakehouse_infrastructure
[2026-07-21T02:59:58.148+0000] {logging_mixin.py:190} INFO - [2026-07-21T02:59:58.147+0000] {override.py:1900} INFO - Created Permission View: can create on DAG Run:setup_lakehouse_infrastructure
[2026-07-21T02:59:58.156+0000] {logging_mixin.py:190} INFO - [2026-07-21T02:59:58.156+0000] {override.py:1900} INFO - Created Permission View: can read on DAG Run:setup_lakehouse_infrastructure
[2026-07-21T02:59:58.157+0000] {logging_mixin.py:190} INFO - [2026-07-21T02:59:58.157+0000] {dag.py:3239} INFO - Sync 1 DAGs
[2026-07-21T02:59:58.171+0000] {logging_mixin.py:190} INFO - [2026-07-21T02:59:58.171+0000] {dag.py:3262} INFO - Creating ORM DAG for setup_lakehouse_infrastructure
[2026-07-21T02:59:58.182+0000] {logging_mixin.py:190} INFO - [2026-07-21T02:59:58.182+0000] {dag.py:4180} INFO - Setting next_dagrun for setup_lakehouse_infrastructure to 2024-01-01 00:00:00+00:00, run_after=2024-01-01 00:00:00+00:00
[2026-07-21T02:59:58.215+0000] {processor.py:208} INFO - Processing /opt/airflow/dags/setup_infrastructure_dag.py took 0.236 seconds
[2026-07-21T03:00:28.687+0000] {processor.py:186} INFO - Started process (PID=379) to work on /opt/airflow/dags/setup_infrastructure_dag.py
[2026-07-21T03:00:28.688+0000] {processor.py:914} INFO - Processing file /opt/airflow/dags/setup_infrastructure_dag.py for tasks to queue
[2026-07-21T03:00:28.690+0000] {logging_mixin.py:190} INFO - [2026-07-21T03:00:28.690+0000] {dagbag.py:588} INFO - Filling up the DagBag from /opt/airflow/dags/setup_infrastructure_dag.py
[2026-07-21T03:00:28.717+0000] {processor.py:925} INFO - DAG(s) 'setup_lakehouse_infrastructure' retrieved from /opt/airflow/dags/setup_infrastructure_dag.py
[2026-07-21T03:00:28.738+0000] {logging_mixin.py:190} INFO - [2026-07-21T03:00:28.738+0000] {dag.py:3239} INFO - Sync 1 DAGs
[2026-07-21T03:00:28.757+0000] {logging_mixin.py:190} INFO - [2026-07-21T03:00:28.757+0000] {dag.py:4180} INFO - Setting next_dagrun for setup_lakehouse_infrastructure to 2024-01-01 00:00:00+00:00, run_after=2024-01-01 00:00:00+00:00
[2026-07-21T03:00:28.779+0000] {processor.py:208} INFO - Processing /opt/airflow/dags/setup_infrastructure_dag.py took 0.097 seconds
[2026-07-21T03:00:59.042+0000] {processor.py:186} INFO - Started process (PID=483) to work on /opt/airflow/dags/setup_infrastructure_dag.py
[2026-07-21T03:00:59.043+0000] {processor.py:914} INFO - Processing file /opt/airflow/dags/setup_infrastructure_dag.py for tasks to queue
[2026-07-21T03:00:59.046+0000] {logging_mixin.py:190} INFO - [2026-07-21T03:00:59.045+0000] {dagbag.py:588} INFO - Filling up the DagBag from /opt/airflow/dags/setup_infrastructure_dag.py
[2026-07-21T03:00:59.075+0000] {processor.py:925} INFO - DAG(s) 'setup_lakehouse_infrastructure' retrieved from /opt/airflow/dags/setup_infrastructure_dag.py
[2026-07-21T03:00:59.102+0000] {logging_mixin.py:190} INFO - [2026-07-21T03:00:59.101+0000] {dag.py:3239} INFO - Sync 1 DAGs
[2026-07-21T03:00:59.124+0000] {logging_mixin.py:190} INFO - [2026-07-21T03:00:59.123+0000] {dag.py:4180} INFO - Setting next_dagrun for setup_lakehouse_infrastructure to 2024-01-01 00:00:00+00:00, run_after=2024-01-01 00:00:00+00:00
[2026-07-21T03:00:59.149+0000] {processor.py:208} INFO - Processing /opt/airflow/dags/setup_infrastructure_dag.py took 0.113 seconds
[2026-07-21T03:01:30.669+0000] {processor.py:186} INFO - Started process (PID=595) to work on /opt/airflow/dags/setup_infrastructure_dag.py
[2026-07-21T03:01:30.670+0000] {processor.py:914} INFO - Processing file /opt/airflow/dags/setup_infrastructure_dag.py for tasks to queue
[2026-07-21T03:01:30.672+0000] {logging_mixin.py:190} INFO - [2026-07-21T03:01:30.672+0000] {dagbag.py:588} INFO - Filling up the DagBag from /opt/airflow/dags/setup_infrastructure_dag.py
[2026-07-21T03:01:30.699+0000] {processor.py:925} INFO - DAG(s) 'setup_lakehouse_infrastructure' retrieved from /opt/airflow/dags/setup_infrastructure_dag.py
[2026-07-21T03:01:30.721+0000] {logging_mixin.py:190} INFO - [2026-07-21T03:01:30.721+0000] {dag.py:3239} INFO - Sync 1 DAGs
[2026-07-21T03:01:30.749+0000] {logging_mixin.py:190} INFO - [2026-07-21T03:01:30.749+0000] {dag.py:4180} INFO - Setting next_dagrun for setup_lakehouse_infrastructure to 2024-01-01 00:00:00+00:00, run_after=2024-01-01 00:00:00+00:00
[2026-07-21T03:01:30.769+0000] {processor.py:208} INFO - Processing /opt/airflow/dags/setup_infrastructure_dag.py took 0.105 seconds
[2026-07-21T03:02:01.051+0000] {processor.py:186} INFO - Started process (PID=702) to work on /opt/airflow/dags/setup_infrastructure_dag.py
[2026-07-21T03:02:01.052+0000] {processor.py:914} INFO - Processing file /opt/airflow/dags/setup_infrastructure_dag.py for tasks to queue
[2026-07-21T03:02:01.060+0000] {logging_mixin.py:190} INFO - [2026-07-21T03:02:01.060+0000] {dagbag.py:588} INFO - Filling up the DagBag from /opt/airflow/dags/setup_infrastructure_dag.py
[2026-07-21T03:02:01.107+0000] {processor.py:925} INFO - DAG(s) 'setup_lakehouse_infrastructure' retrieved from /opt/airflow/dags/setup_infrastructure_dag.py
[2026-07-21T03:02:01.131+0000] {logging_mixin.py:190} INFO - [2026-07-21T03:02:01.131+0000] {dag.py:3239} INFO - Sync 1 DAGs
[2026-07-21T03:02:01.152+0000] {logging_mixin.py:190} INFO - [2026-07-21T03:02:01.152+0000] {dag.py:4180} INFO - Setting next_dagrun for setup_lakehouse_infrastructure to 2024-01-01 00:00:00+00:00, run_after=2024-01-01 00:00:00+00:00
[2026-07-21T03:02:01.173+0000] {processor.py:208} INFO - Processing /opt/airflow/dags/setup_infrastructure_dag.py took 0.127 seconds
[2026-07-21T03:28:11.787+0000] {processor.py:186} INFO - Started process (PID=277) to work on /opt/airflow/dags/setup_infrastructure_dag.py
[2026-07-21T03:28:11.789+0000] {processor.py:914} INFO - Processing file /opt/airflow/dags/setup_infrastructure_dag.py for tasks to queue
[2026-07-21T03:28:11.794+0000] {logging_mixin.py:190} INFO - [2026-07-21T03:28:11.793+0000] {dagbag.py:588} INFO - Filling up the DagBag from /opt/airflow/dags/setup_infrastructure_dag.py
[2026-07-21T03:28:11.832+0000] {processor.py:925} INFO - DAG(s) 'setup_lakehouse_infrastructure' retrieved from /opt/airflow/dags/setup_infrastructure_dag.py
[2026-07-21T03:28:11.913+0000] {logging_mixin.py:190} INFO - [2026-07-21T03:28:11.912+0000] {override.py:1900} INFO - Created Permission View: can read on DAG:setup_lakehouse_infrastructure
[2026-07-21T03:28:11.932+0000] {logging_mixin.py:190} INFO - [2026-07-21T03:28:11.931+0000] {override.py:1900} INFO - Created Permission View: can edit on DAG:setup_lakehouse_infrastructure
[2026-07-21T03:28:11.944+0000] {logging_mixin.py:190} INFO - [2026-07-21T03:28:11.944+0000] {override.py:1900} INFO - Created Permission View: can delete on DAG:setup_lakehouse_infrastructure
[2026-07-21T03:28:11.959+0000] {logging_mixin.py:190} INFO - [2026-07-21T03:28:11.958+0000] {override.py:1900} INFO - Created Permission View: can create on DAG Run:setup_lakehouse_infrastructure
[2026-07-21T03:28:11.969+0000] {logging_mixin.py:190} INFO - [2026-07-21T03:28:11.968+0000] {override.py:1900} INFO - Created Permission View: can read on DAG Run:setup_lakehouse_infrastructure
[2026-07-21T03:28:11.980+0000] {logging_mixin.py:190} INFO - [2026-07-21T03:28:11.979+0000] {override.py:1900} INFO - Created Permission View: can delete on DAG Run:setup_lakehouse_infrastructure
[2026-07-21T03:28:11.989+0000] {logging_mixin.py:190} INFO - [2026-07-21T03:28:11.989+0000] {override.py:1900} INFO - Created Permission View: menu access on DAG Run:setup_lakehouse_infrastructure
[2026-07-21T03:28:11.991+0000] {logging_mixin.py:190} INFO - [2026-07-21T03:28:11.990+0000] {dag.py:3239} INFO - Sync 1 DAGs
[2026-07-21T03:28:12.006+0000] {logging_mixin.py:190} INFO - [2026-07-21T03:28:12.006+0000] {dag.py:3262} INFO - Creating ORM DAG for setup_lakehouse_infrastructure
[2026-07-21T03:28:12.020+0000] {logging_mixin.py:190} INFO - [2026-07-21T03:28:12.020+0000] {dag.py:4180} INFO - Setting next_dagrun for setup_lakehouse_infrastructure to 2024-01-01 00:00:00+00:00, run_after=2024-01-01 00:00:00+00:00
[2026-07-21T03:28:12.051+0000] {processor.py:208} INFO - Processing /opt/airflow/dags/setup_infrastructure_dag.py took 0.275 seconds
[2026-07-21T03:28:42.407+0000] {processor.py:186} INFO - Started process (PID=389) to work on /opt/airflow/dags/setup_infrastructure_dag.py
[2026-07-21T03:28:42.409+0000] {processor.py:914} INFO - Processing file /opt/airflow/dags/setup_infrastructure_dag.py for tasks to queue
[2026-07-21T03:28:42.412+0000] {logging_mixin.py:190} INFO - [2026-07-21T03:28:42.412+0000] {dagbag.py:588} INFO - Filling up the DagBag from /opt/airflow/dags/setup_infrastructure_dag.py
[2026-07-21T03:28:42.433+0000] {processor.py:925} INFO - DAG(s) 'setup_lakehouse_infrastructure' retrieved from /opt/airflow/dags/setup_infrastructure_dag.py
[2026-07-21T03:28:42.460+0000] {logging_mixin.py:190} INFO - [2026-07-21T03:28:42.460+0000] {dag.py:3239} INFO - Sync 1 DAGs
[2026-07-21T03:28:42.486+0000] {logging_mixin.py:190} INFO - [2026-07-21T03:28:42.486+0000] {dag.py:4180} INFO - Setting next_dagrun for setup_lakehouse_infrastructure to 2024-01-01 00:00:00+00:00, run_after=2024-01-01 00:00:00+00:00
[2026-07-21T03:28:42.517+0000] {processor.py:208} INFO - Processing /opt/airflow/dags/setup_infrastructure_dag.py took 0.116 seconds
[2026-07-21T03:29:12.644+0000] {processor.py:186} INFO - Started process (PID=497) to work on /opt/airflow/dags/setup_infrastructure_dag.py
[2026-07-21T03:29:12.646+0000] {processor.py:914} INFO - Processing file /opt/airflow/dags/setup_infrastructure_dag.py for tasks to queue
[2026-07-21T03:29:12.648+0000] {logging_mixin.py:190} INFO - [2026-07-21T03:29:12.648+0000] {dagbag.py:588} INFO - Filling up the DagBag from /opt/airflow/dags/setup_infrastructure_dag.py
[2026-07-21T03:29:12.674+0000] {processor.py:925} INFO - DAG(s) 'setup_lakehouse_infrastructure' retrieved from /opt/airflow/dags/setup_infrastructure_dag.py
[2026-07-21T03:29:12.697+0000] {logging_mixin.py:190} INFO - [2026-07-21T03:29:12.697+0000] {dag.py:3239} INFO - Sync 1 DAGs
[2026-07-21T03:29:12.722+0000] {logging_mixin.py:190} INFO - [2026-07-21T03:29:12.722+0000] {dag.py:4180} INFO - Setting next_dagrun for setup_lakehouse_infrastructure to 2024-01-01 00:00:00+00:00, run_after=2024-01-01 00:00:00+00:00
[2026-07-21T03:29:12.749+0000] {processor.py:208} INFO - Processing /opt/airflow/dags/setup_infrastructure_dag.py took 0.111 seconds
[2026-07-21T03:29:43.054+0000] {processor.py:186} INFO - Started process (PID=608) to work on /opt/airflow/dags/setup_infrastructure_dag.py
[2026-07-21T03:29:43.055+0000] {processor.py:914} INFO - Processing file /opt/airflow/dags/setup_infrastructure_dag.py for tasks to queue
[2026-07-21T03:29:43.058+0000] {logging_mixin.py:190} INFO - [2026-07-21T03:29:43.058+0000] {dagbag.py:588} INFO - Filling up the DagBag from /opt/airflow/dags/setup_infrastructure_dag.py
[2026-07-21T03:29:43.090+0000] {processor.py:925} INFO - DAG(s) 'setup_lakehouse_infrastructure' retrieved from /opt/airflow/dags/setup_infrastructure_dag.py
[2026-07-21T03:29:43.114+0000] {logging_mixin.py:190} INFO - [2026-07-21T03:29:43.114+0000] {dag.py:3239} INFO - Sync 1 DAGs
[2026-07-21T03:29:43.137+0000] {logging_mixin.py:190} INFO - [2026-07-21T03:29:43.137+0000] {dag.py:4180} INFO - Setting next_dagrun for setup_lakehouse_infrastructure to 2024-01-01 00:00:00+00:00, run_after=2024-01-01 00:00:00+00:00
[2026-07-21T03:29:43.164+0000] {processor.py:208} INFO - Processing /opt/airflow/dags/setup_infrastructure_dag.py took 0.117 seconds
[2026-07-21T03:30:14.048+0000] {processor.py:186} INFO - Started process (PID=724) to work on /opt/airflow/dags/setup_infrastructure_dag.py
[2026-07-21T03:30:14.049+0000] {processor.py:914} INFO - Processing file /opt/airflow/dags/setup_infrastructure_dag.py for tasks to queue
[2026-07-21T03:30:14.051+0000] {logging_mixin.py:190} INFO - [2026-07-21T03:30:14.051+0000] {dagbag.py:588} INFO - Filling up the DagBag from /opt/airflow/dags/setup_infrastructure_dag.py
[2026-07-21T03:30:14.076+0000] {processor.py:925} INFO - DAG(s) 'setup_lakehouse_infrastructure' retrieved from /opt/airflow/dags/setup_infrastructure_dag.py
[2026-07-21T03:30:14.103+0000] {logging_mixin.py:190} INFO - [2026-07-21T03:30:14.103+0000] {dag.py:3239} INFO - Sync 1 DAGs
[2026-07-21T03:30:14.126+0000] {logging_mixin.py:190} INFO - [2026-07-21T03:30:14.126+0000] {dag.py:4180} INFO - Setting next_dagrun for setup_lakehouse_infrastructure to 2024-01-01 00:00:00+00:00, run_after=2024-01-01 00:00:00+00:00
[2026-07-21T03:30:14.145+0000] {processor.py:208} INFO - Processing /opt/airflow/dags/setup_infrastructure_dag.py took 0.104 seconds
[2026-07-21T03:30:44.388+0000] {processor.py:186} INFO - Started process (PID=835) to work on /opt/airflow/dags/setup_infrastructure_dag.py
[2026-07-21T03:30:44.389+0000] {processor.py:914} INFO - Processing file /opt/airflow/dags/setup_infrastructure_dag.py for tasks to queue
[2026-07-21T03:30:44.392+0000] {logging_mixin.py:190} INFO - [2026-07-21T03:30:44.392+0000] {dagbag.py:588} INFO - Filling up the DagBag from /opt/airflow/dags/setup_infrastructure_dag.py
[2026-07-21T03:30:44.427+0000] {processor.py:925} INFO - DAG(s) 'setup_lakehouse_infrastructure' retrieved from /opt/airflow/dags/setup_infrastructure_dag.py
[2026-07-21T03:30:44.453+0000] {logging_mixin.py:190} INFO - [2026-07-21T03:30:44.453+0000] {dag.py:3239} INFO - Sync 1 DAGs
[2026-07-21T03:30:44.479+0000] {logging_mixin.py:190} INFO - [2026-07-21T03:30:44.478+0000] {dag.py:4180} INFO - Setting next_dagrun for setup_lakehouse_infrastructure to 2024-01-01 00:00:00+00:00, run_after=2024-01-01 00:00:00+00:00
[2026-07-21T03:30:44.506+0000] {processor.py:208} INFO - Processing /opt/airflow/dags/setup_infrastructure_dag.py took 0.124 seconds
[2026-07-21T03:31:15.001+0000] {processor.py:186} INFO - Started process (PID=951) to work on /opt/airflow/dags/setup_infrastructure_dag.py
[2026-07-21T03:31:15.002+0000] {processor.py:914} INFO - Processing file /opt/airflow/dags/setup_infrastructure_dag.py for tasks to queue
[2026-07-21T03:31:15.005+0000] {logging_mixin.py:190} INFO - [2026-07-21T03:31:15.004+0000] {dagbag.py:588} INFO - Filling up the DagBag from /opt/airflow/dags/setup_infrastructure_dag.py
[2026-07-21T03:31:15.038+0000] {processor.py:925} INFO - DAG(s) 'setup_lakehouse_infrastructure' retrieved from /opt/airflow/dags/setup_infrastructure_dag.py
[2026-07-21T03:31:15.068+0000] {logging_mixin.py:190} INFO - [2026-07-21T03:31:15.068+0000] {dag.py:3239} INFO - Sync 1 DAGs
[2026-07-21T03:31:15.094+0000] {logging_mixin.py:190} INFO - [2026-07-21T03:31:15.093+0000] {dag.py:4180} INFO - Setting next_dagrun for setup_lakehouse_infrastructure to 2024-01-01 00:00:00+00:00, run_after=2024-01-01 00:00:00+00:00
[2026-07-21T03:31:15.121+0000] {processor.py:208} INFO - Processing /opt/airflow/dags/setup_infrastructure_dag.py took 0.128 seconds
[2026-07-21T03:31:45.184+0000] {processor.py:186} INFO - Started process (PID=1067) to work on /opt/airflow/dags/setup_infrastructure_dag.py
[2026-07-21T03:31:45.185+0000] {processor.py:914} INFO - Processing file /opt/airflow/dags/setup_infrastructure_dag.py for tasks to queue
[2026-07-21T03:31:45.188+0000] {logging_mixin.py:190} INFO - [2026-07-21T03:31:45.187+0000] {dagbag.py:588} INFO - Filling up the DagBag from /opt/airflow/dags/setup_infrastructure_dag.py
[2026-07-21T03:31:45.212+0000] {processor.py:925} INFO - DAG(s) 'setup_lakehouse_infrastructure' retrieved from /opt/airflow/dags/setup_infrastructure_dag.py
[2026-07-21T03:31:45.234+0000] {logging_mixin.py:190} INFO - [2026-07-21T03:31:45.234+0000] {dag.py:3239} INFO - Sync 1 DAGs
[2026-07-21T03:31:45.255+0000] {logging_mixin.py:190} INFO - [2026-07-21T03:31:45.255+0000] {dag.py:4180} INFO - Setting next_dagrun for setup_lakehouse_infrastructure to 2024-01-01 00:00:00+00:00, run_after=2024-01-01 00:00:00+00:00
[2026-07-21T03:31:45.274+0000] {processor.py:208} INFO - Processing /opt/airflow/dags/setup_infrastructure_dag.py took 0.097 seconds
[2026-07-21T03:32:15.525+0000] {processor.py:186} INFO - Started process (PID=1513) to work on /opt/airflow/dags/setup_infrastructure_dag.py
[2026-07-21T03:32:15.526+0000] {processor.py:914} INFO - Processing file /opt/airflow/dags/setup_infrastructure_dag.py for tasks to queue
[2026-07-21T03:32:15.529+0000] {logging_mixin.py:190} INFO - [2026-07-21T03:32:15.529+0000] {dagbag.py:588} INFO - Filling up the DagBag from /opt/airflow/dags/setup_infrastructure_dag.py
[2026-07-21T03:32:15.555+0000] {processor.py:925} INFO - DAG(s) 'setup_lakehouse_infrastructure' retrieved from /opt/airflow/dags/setup_infrastructure_dag.py
[2026-07-21T03:32:15.576+0000] {logging_mixin.py:190} INFO - [2026-07-21T03:32:15.576+0000] {dag.py:3239} INFO - Sync 1 DAGs
[2026-07-21T03:32:15.597+0000] {logging_mixin.py:190} INFO - [2026-07-21T03:32:15.597+0000] {dag.py:4180} INFO - Setting next_dagrun for setup_lakehouse_infrastructure to 2024-01-01 00:00:00+00:00, run_after=2024-01-01 00:00:00+00:00
[2026-07-21T03:32:15.616+0000] {processor.py:208} INFO - Processing /opt/airflow/dags/setup_infrastructure_dag.py took 0.097 seconds
[2026-07-21T03:32:46.189+0000] {processor.py:186} INFO - Started process (PID=1640) to work on /opt/airflow/dags/setup_infrastructure_dag.py
[2026-07-21T03:32:46.190+0000] {processor.py:914} INFO - Processing file /opt/airflow/dags/setup_infrastructure_dag.py for tasks to queue
[2026-07-21T03:32:46.194+0000] {logging_mixin.py:190} INFO - [2026-07-21T03:32:46.194+0000] {dagbag.py:588} INFO - Filling up the DagBag from /opt/airflow/dags/setup_infrastructure_dag.py
[2026-07-21T03:32:46.221+0000] {processor.py:925} INFO - DAG(s) 'setup_lakehouse_infrastructure' retrieved from /opt/airflow/dags/setup_infrastructure_dag.py
[2026-07-21T03:32:46.255+0000] {logging_mixin.py:190} INFO - [2026-07-21T03:32:46.254+0000] {dag.py:3239} INFO - Sync 1 DAGs
[2026-07-21T03:32:46.283+0000] {logging_mixin.py:190} INFO - [2026-07-21T03:32:46.283+0000] {dag.py:4180} INFO - Setting next_dagrun for setup_lakehouse_infrastructure to 2024-01-01 00:00:00+00:00, run_after=2024-01-01 00:00:00+00:00
[2026-07-21T03:32:46.306+0000] {processor.py:208} INFO - Processing /opt/airflow/dags/setup_infrastructure_dag.py took 0.123 seconds
[2026-07-21T03:33:16.553+0000] {processor.py:186} INFO - Started process (PID=1770) to work on /opt/airflow/dags/setup_infrastructure_dag.py
[2026-07-21T03:33:16.554+0000] {processor.py:914} INFO - Processing file /opt/airflow/dags/setup_infrastructure_dag.py for tasks to queue
[2026-07-21T03:33:16.557+0000] {logging_mixin.py:190} INFO - [2026-07-21T03:33:16.557+0000] {dagbag.py:588} INFO - Filling up the DagBag from /opt/airflow/dags/setup_infrastructure_dag.py
[2026-07-21T03:33:16.595+0000] {processor.py:925} INFO - DAG(s) 'setup_lakehouse_infrastructure' retrieved from /opt/airflow/dags/setup_infrastructure_dag.py
[2026-07-21T03:33:16.621+0000] {logging_mixin.py:190} INFO - [2026-07-21T03:33:16.621+0000] {dag.py:3239} INFO - Sync 1 DAGs
[2026-07-21T03:33:16.649+0000] {logging_mixin.py:190} INFO - [2026-07-21T03:33:16.648+0000] {dag.py:4180} INFO - Setting next_dagrun for setup_lakehouse_infrastructure to 2024-01-01 00:00:00+00:00, run_after=2024-01-01 00:00:00+00:00
[2026-07-21T03:33:16.676+0000] {processor.py:208} INFO - Processing /opt/airflow/dags/setup_infrastructure_dag.py took 0.129 seconds
[2026-07-21T03:33:55.565+0000] {processor.py:186} INFO - Started process (PID=1955) to work on /opt/airflow/dags/setup_infrastructure_dag.py
[2026-07-21T03:33:55.567+0000] {processor.py:914} INFO - Processing file /opt/airflow/dags/setup_infrastructure_dag.py for tasks to queue
[2026-07-21T03:33:55.573+0000] {logging_mixin.py:190} INFO - [2026-07-21T03:33:55.571+0000] {dagbag.py:588} INFO - Filling up the DagBag from /opt/airflow/dags/setup_infrastructure_dag.py
[2026-07-21T03:33:55.627+0000] {processor.py:925} INFO - DAG(s) 'setup_lakehouse_infrastructure' retrieved from /opt/airflow/dags/setup_infrastructure_dag.py
[2026-07-21T03:33:55.674+0000] {logging_mixin.py:190} INFO - [2026-07-21T03:33:55.674+0000] {dag.py:3239} INFO - Sync 1 DAGs
[2026-07-21T03:33:55.712+0000] {logging_mixin.py:190} INFO - [2026-07-21T03:33:55.712+0000] {dag.py:4180} INFO - Setting next_dagrun for setup_lakehouse_infrastructure to 2024-01-01 00:00:00+00:00, run_after=2024-01-01 00:00:00+00:00
[2026-07-21T03:33:55.751+0000] {processor.py:208} INFO - Processing /opt/airflow/dags/setup_infrastructure_dag.py took 0.199 seconds
[2026-07-21T03:34:26.325+0000] {processor.py:186} INFO - Started process (PID=2106) to work on /opt/airflow/dags/setup_infrastructure_dag.py
[2026-07-21T03:34:26.334+0000] {processor.py:914} INFO - Processing file /opt/airflow/dags/setup_infrastructure_dag.py for tasks to queue
[2026-07-21T03:34:26.342+0000] {logging_mixin.py:190} INFO - [2026-07-21T03:34:26.340+0000] {dagbag.py:588} INFO - Filling up the DagBag from /opt/airflow/dags/setup_infrastructure_dag.py
[2026-07-21T03:34:26.459+0000] {processor.py:925} INFO - DAG(s) 'setup_lakehouse_infrastructure' retrieved from /opt/airflow/dags/setup_infrastructure_dag.py
[2026-07-21T03:34:26.668+0000] {logging_mixin.py:190} INFO - [2026-07-21T03:34:26.668+0000] {dag.py:3239} INFO - Sync 1 DAGs
[2026-07-21T03:34:26.810+0000] {logging_mixin.py:190} INFO - [2026-07-21T03:34:26.810+0000] {dag.py:4180} INFO - Setting next_dagrun for setup_lakehouse_infrastructure to 2024-01-01 00:00:00+00:00, run_after=2024-01-01 00:00:00+00:00
[2026-07-21T03:34:26.890+0000] {processor.py:208} INFO - Processing /opt/airflow/dags/setup_infrastructure_dag.py took 0.623 seconds
[2026-07-21T03:34:56.972+0000] {processor.py:186} INFO - Started process (PID=2242) to work on /opt/airflow/dags/setup_infrastructure_dag.py
[2026-07-21T03:34:56.974+0000] {processor.py:914} INFO - Processing file /opt/airflow/dags/setup_infrastructure_dag.py for tasks to queue
[2026-07-21T03:34:56.976+0000] {logging_mixin.py:190} INFO - [2026-07-21T03:34:56.976+0000] {dagbag.py:588} INFO - Filling up the DagBag from /opt/airflow/dags/setup_infrastructure_dag.py
[2026-07-21T03:34:57.001+0000] {processor.py:925} INFO - DAG(s) 'setup_lakehouse_infrastructure' retrieved from /opt/airflow/dags/setup_infrastructure_dag.py
[2026-07-21T03:34:57.024+0000] {logging_mixin.py:190} INFO - [2026-07-21T03:34:57.023+0000] {dag.py:3239} INFO - Sync 1 DAGs
[2026-07-21T03:34:57.045+0000] {logging_mixin.py:190} INFO - [2026-07-21T03:34:57.045+0000] {dag.py:4180} INFO - Setting next_dagrun for setup_lakehouse_infrastructure to 2024-01-01 00:00:00+00:00, run_after=2024-01-01 00:00:00+00:00
[2026-07-21T03:34:57.066+0000] {processor.py:208} INFO - Processing /opt/airflow/dags/setup_infrastructure_dag.py took 0.100 seconds
[2026-07-21T03:35:27.755+0000] {processor.py:186} INFO - Started process (PID=2371) to work on /opt/airflow/dags/setup_infrastructure_dag.py
[2026-07-21T03:35:27.756+0000] {processor.py:914} INFO - Processing file /opt/airflow/dags/setup_infrastructure_dag.py for tasks to queue
[2026-07-21T03:35:27.759+0000] {logging_mixin.py:190} INFO - [2026-07-21T03:35:27.759+0000] {dagbag.py:588} INFO - Filling up the DagBag from /opt/airflow/dags/setup_infrastructure_dag.py
[2026-07-21T03:35:27.790+0000] {processor.py:925} INFO - DAG(s) 'setup_lakehouse_infrastructure' retrieved from /opt/airflow/dags/setup_infrastructure_dag.py
[2026-07-21T03:35:27.822+0000] {logging_mixin.py:190} INFO - [2026-07-21T03:35:27.822+0000] {dag.py:3239} INFO - Sync 1 DAGs
[2026-07-21T03:35:27.848+0000] {logging_mixin.py:190} INFO - [2026-07-21T03:35:27.848+0000] {dag.py:4180} INFO - Setting next_dagrun for setup_lakehouse_infrastructure to 2024-01-01 00:00:00+00:00, run_after=2024-01-01 00:00:00+00:00
[2026-07-21T03:35:27.874+0000] {processor.py:208} INFO - Processing /opt/airflow/dags/setup_infrastructure_dag.py took 0.127 seconds
[2026-07-21T03:35:58.286+0000] {processor.py:186} INFO - Started process (PID=2484) to work on /opt/airflow/dags/setup_infrastructure_dag.py
[2026-07-21T03:35:58.287+0000] {processor.py:914} INFO - Processing file /opt/airflow/dags/setup_infrastructure_dag.py for tasks to queue
[2026-07-21T03:35:58.289+0000] {logging_mixin.py:190} INFO - [2026-07-21T03:35:58.289+0000] {dagbag.py:588} INFO - Filling up the DagBag from /opt/airflow/dags/setup_infrastructure_dag.py
[2026-07-21T03:35:58.313+0000] {processor.py:925} INFO - DAG(s) 'setup_lakehouse_infrastructure' retrieved from /opt/airflow/dags/setup_infrastructure_dag.py
[2026-07-21T03:35:58.339+0000] {logging_mixin.py:190} INFO - [2026-07-21T03:35:58.339+0000] {dag.py:3239} INFO - Sync 1 DAGs
[2026-07-21T03:35:58.363+0000] {logging_mixin.py:190} INFO - [2026-07-21T03:35:58.363+0000] {dag.py:4180} INFO - Setting next_dagrun for setup_lakehouse_infrastructure to 2024-01-01 00:00:00+00:00, run_after=2024-01-01 00:00:00+00:00
[2026-07-21T03:35:58.384+0000] {processor.py:208} INFO - Processing /opt/airflow/dags/setup_infrastructure_dag.py took 0.105 seconds
[2026-07-21T03:36:28.472+0000] {processor.py:186} INFO - Started process (PID=2600) to work on /opt/airflow/dags/setup_infrastructure_dag.py
[2026-07-21T03:36:28.473+0000] {processor.py:914} INFO - Processing file /opt/airflow/dags/setup_infrastructure_dag.py for tasks to queue
[2026-07-21T03:36:28.475+0000] {logging_mixin.py:190} INFO - [2026-07-21T03:36:28.475+0000] {dagbag.py:588} INFO - Filling up the DagBag from /opt/airflow/dags/setup_infrastructure_dag.py
[2026-07-21T03:36:28.502+0000] {processor.py:925} INFO - DAG(s) 'setup_lakehouse_infrastructure' retrieved from /opt/airflow/dags/setup_infrastructure_dag.py
[2026-07-21T03:36:28.525+0000] {logging_mixin.py:190} INFO - [2026-07-21T03:36:28.525+0000] {dag.py:3239} INFO - Sync 1 DAGs
[2026-07-21T03:36:28.546+0000] {logging_mixin.py:190} INFO - [2026-07-21T03:36:28.546+0000] {dag.py:4180} INFO - Setting next_dagrun for setup_lakehouse_infrastructure to 2024-01-01 00:00:00+00:00, run_after=2024-01-01 00:00:00+00:00
[2026-07-21T03:36:28.567+0000] {processor.py:208} INFO - Processing /opt/airflow/dags/setup_infrastructure_dag.py took 0.101 seconds
[2026-07-21T03:36:58.930+0000] {processor.py:186} INFO - Started process (PID=2716) to work on /opt/airflow/dags/setup_infrastructure_dag.py
[2026-07-21T03:36:58.931+0000] {processor.py:914} INFO - Processing file /opt/airflow/dags/setup_infrastructure_dag.py for tasks to queue
[2026-07-21T03:36:58.935+0000] {logging_mixin.py:190} INFO - [2026-07-21T03:36:58.935+0000] {dagbag.py:588} INFO - Filling up the DagBag from /opt/airflow/dags/setup_infrastructure_dag.py
[2026-07-21T03:36:58.961+0000] {processor.py:925} INFO - DAG(s) 'setup_lakehouse_infrastructure' retrieved from /opt/airflow/dags/setup_infrastructure_dag.py
[2026-07-21T03:36:58.984+0000] {logging_mixin.py:190} INFO - [2026-07-21T03:36:58.983+0000] {dag.py:3239} INFO - Sync 1 DAGs
[2026-07-21T03:36:59.005+0000] {logging_mixin.py:190} INFO - [2026-07-21T03:36:59.005+0000] {dag.py:4180} INFO - Setting next_dagrun for setup_lakehouse_infrastructure to 2024-01-01 00:00:00+00:00, run_after=2024-01-01 00:00:00+00:00
[2026-07-21T03:36:59.023+0000] {processor.py:208} INFO - Processing /opt/airflow/dags/setup_infrastructure_dag.py took 0.099 seconds
[2026-07-21T03:37:29.587+0000] {processor.py:186} INFO - Started process (PID=2830) to work on /opt/airflow/dags/setup_infrastructure_dag.py
[2026-07-21T03:37:29.588+0000] {processor.py:914} INFO - Processing file /opt/airflow/dags/setup_infrastructure_dag.py for tasks to queue
[2026-07-21T03:37:29.590+0000] {logging_mixin.py:190} INFO - [2026-07-21T03:37:29.590+0000] {dagbag.py:588} INFO - Filling up the DagBag from /opt/airflow/dags/setup_infrastructure_dag.py
[2026-07-21T03:37:29.614+0000] {processor.py:925} INFO - DAG(s) 'setup_lakehouse_infrastructure' retrieved from /opt/airflow/dags/setup_infrastructure_dag.py
[2026-07-21T03:37:29.638+0000] {logging_mixin.py:190} INFO - [2026-07-21T03:37:29.637+0000] {dag.py:3239} INFO - Sync 1 DAGs
[2026-07-21T03:37:29.657+0000] {logging_mixin.py:190} INFO - [2026-07-21T03:37:29.657+0000] {dag.py:4180} INFO - Setting next_dagrun for setup_lakehouse_infrastructure to 2024-01-01 00:00:00+00:00, run_after=2024-01-01 00:00:00+00:00
[2026-07-21T03:37:29.674+0000] {processor.py:208} INFO - Processing /opt/airflow/dags/setup_infrastructure_dag.py took 0.093 seconds
[2026-07-21T04:32:16.882+0000] {processor.py:186} INFO - Started process (PID=277) to work on /opt/airflow/dags/setup_infrastructure_dag.py
[2026-07-21T04:32:16.884+0000] {processor.py:914} INFO - Processing file /opt/airflow/dags/setup_infrastructure_dag.py for tasks to queue
[2026-07-21T04:32:16.888+0000] {logging_mixin.py:190} INFO - [2026-07-21T04:32:16.887+0000] {dagbag.py:588} INFO - Filling up the DagBag from /opt/airflow/dags/setup_infrastructure_dag.py
[2026-07-21T04:32:16.926+0000] {processor.py:925} INFO - DAG(s) 'setup_lakehouse_infrastructure' retrieved from /opt/airflow/dags/setup_infrastructure_dag.py
[2026-07-21T04:32:17.021+0000] {logging_mixin.py:190} INFO - [2026-07-21T04:32:17.020+0000] {override.py:1900} INFO - Created Permission View: can delete on DAG:setup_lakehouse_infrastructure
[2026-07-21T04:32:17.036+0000] {logging_mixin.py:190} INFO - [2026-07-21T04:32:17.035+0000] {override.py:1900} INFO - Created Permission View: can edit on DAG:setup_lakehouse_infrastructure
[2026-07-21T04:32:17.052+0000] {logging_mixin.py:190} INFO - [2026-07-21T04:32:17.052+0000] {override.py:1900} INFO - Created Permission View: can read on DAG:setup_lakehouse_infrastructure
[2026-07-21T04:32:17.064+0000] {logging_mixin.py:190} INFO - [2026-07-21T04:32:17.063+0000] {override.py:1900} INFO - Created Permission View: can delete on DAG Run:setup_lakehouse_infrastructure
[2026-07-21T04:32:17.075+0000] {logging_mixin.py:190} INFO - [2026-07-21T04:32:17.074+0000] {override.py:1900} INFO - Created Permission View: menu access on DAG Run:setup_lakehouse_infrastructure
[2026-07-21T04:32:17.090+0000] {logging_mixin.py:190} INFO - [2026-07-21T04:32:17.089+0000] {override.py:1900} INFO - Created Permission View: can create on DAG Run:setup_lakehouse_infrastructure
[2026-07-21T04:32:17.102+0000] {logging_mixin.py:190} INFO - [2026-07-21T04:32:17.101+0000] {override.py:1900} INFO - Created Permission View: can read on DAG Run:setup_lakehouse_infrastructure
[2026-07-21T04:32:17.103+0000] {logging_mixin.py:190} INFO - [2026-07-21T04:32:17.103+0000] {dag.py:3239} INFO - Sync 1 DAGs
[2026-07-21T04:32:17.125+0000] {logging_mixin.py:190} INFO - [2026-07-21T04:32:17.125+0000] {dag.py:3262} INFO - Creating ORM DAG for setup_lakehouse_infrastructure
[2026-07-21T04:32:17.136+0000] {logging_mixin.py:190} INFO - [2026-07-21T04:32:17.136+0000] {dag.py:4180} INFO - Setting next_dagrun for setup_lakehouse_infrastructure to 2024-01-01 00:00:00+00:00, run_after=2024-01-01 00:00:00+00:00
[2026-07-21T04:32:17.172+0000] {processor.py:208} INFO - Processing /opt/airflow/dags/setup_infrastructure_dag.py took 0.298 seconds
[2026-07-21T04:32:48.047+0000] {processor.py:186} INFO - Started process (PID=389) to work on /opt/airflow/dags/setup_infrastructure_dag.py
[2026-07-21T04:32:48.048+0000] {processor.py:914} INFO - Processing file /opt/airflow/dags/setup_infrastructure_dag.py for tasks to queue
[2026-07-21T04:32:48.050+0000] {logging_mixin.py:190} INFO - [2026-07-21T04:32:48.050+0000] {dagbag.py:588} INFO - Filling up the DagBag from /opt/airflow/dags/setup_infrastructure_dag.py
[2026-07-21T04:32:48.074+0000] {processor.py:925} INFO - DAG(s) 'setup_lakehouse_infrastructure' retrieved from /opt/airflow/dags/setup_infrastructure_dag.py
[2026-07-21T04:32:48.100+0000] {logging_mixin.py:190} INFO - [2026-07-21T04:32:48.100+0000] {dag.py:3239} INFO - Sync 1 DAGs
[2026-07-21T04:32:48.124+0000] {logging_mixin.py:190} INFO - [2026-07-21T04:32:48.124+0000] {dag.py:4180} INFO - Setting next_dagrun for setup_lakehouse_infrastructure to 2024-01-01 00:00:00+00:00, run_after=2024-01-01 00:00:00+00:00
[2026-07-21T04:32:48.144+0000] {processor.py:208} INFO - Processing /opt/airflow/dags/setup_infrastructure_dag.py took 0.105 seconds
[2026-07-21T04:33:18.324+0000] {processor.py:186} INFO - Started process (PID=498) to work on /opt/airflow/dags/setup_infrastructure_dag.py
[2026-07-21T04:33:18.325+0000] {processor.py:914} INFO - Processing file /opt/airflow/dags/setup_infrastructure_dag.py for tasks to queue
[2026-07-21T04:33:18.329+0000] {logging_mixin.py:190} INFO - [2026-07-21T04:33:18.328+0000] {dagbag.py:588} INFO - Filling up the DagBag from /opt/airflow/dags/setup_infrastructure_dag.py
[2026-07-21T04:33:18.365+0000] {processor.py:925} INFO - DAG(s) 'setup_lakehouse_infrastructure' retrieved from /opt/airflow/dags/setup_infrastructure_dag.py
[2026-07-21T04:33:18.396+0000] {logging_mixin.py:190} INFO - [2026-07-21T04:33:18.396+0000] {dag.py:3239} INFO - Sync 1 DAGs
[2026-07-21T04:33:18.422+0000] {logging_mixin.py:190} INFO - [2026-07-21T04:33:18.422+0000] {dag.py:4180} INFO - Setting next_dagrun for setup_lakehouse_infrastructure to 2024-01-01 00:00:00+00:00, run_after=2024-01-01 00:00:00+00:00
[2026-07-21T04:33:18.444+0000] {processor.py:208} INFO - Processing /opt/airflow/dags/setup_infrastructure_dag.py took 0.128 seconds
[2026-07-21T04:33:48.727+0000] {processor.py:186} INFO - Started process (PID=613) to work on /opt/airflow/dags/setup_infrastructure_dag.py
[2026-07-21T04:33:48.728+0000] {processor.py:914} INFO - Processing file /opt/airflow/dags/setup_infrastructure_dag.py for tasks to queue
[2026-07-21T04:33:48.730+0000] {logging_mixin.py:190} INFO - [2026-07-21T04:33:48.730+0000] {dagbag.py:588} INFO - Filling up the DagBag from /opt/airflow/dags/setup_infrastructure_dag.py
[2026-07-21T04:33:48.752+0000] {processor.py:925} INFO - DAG(s) 'setup_lakehouse_infrastructure' retrieved from /opt/airflow/dags/setup_infrastructure_dag.py
[2026-07-21T04:33:48.774+0000] {logging_mixin.py:190} INFO - [2026-07-21T04:33:48.773+0000] {dag.py:3239} INFO - Sync 1 DAGs
[2026-07-21T04:33:48.795+0000] {logging_mixin.py:190} INFO - [2026-07-21T04:33:48.795+0000] {dag.py:4180} INFO - Setting next_dagrun for setup_lakehouse_infrastructure to 2024-01-01 00:00:00+00:00, run_after=2024-01-01 00:00:00+00:00
[2026-07-21T04:33:48.822+0000] {processor.py:208} INFO - Processing /opt/airflow/dags/setup_infrastructure_dag.py took 0.102 seconds
[2026-07-21T04:34:18.890+0000] {processor.py:186} INFO - Started process (PID=724) to work on /opt/airflow/dags/setup_infrastructure_dag.py
[2026-07-21T04:34:18.891+0000] {processor.py:914} INFO - Processing file /opt/airflow/dags/setup_infrastructure_dag.py for tasks to queue
[2026-07-21T04:34:18.893+0000] {logging_mixin.py:190} INFO - [2026-07-21T04:34:18.893+0000] {dagbag.py:588} INFO - Filling up the DagBag from /opt/airflow/dags/setup_infrastructure_dag.py
[2026-07-21T04:34:18.921+0000] {processor.py:925} INFO - DAG(s) 'setup_lakehouse_infrastructure' retrieved from /opt/airflow/dags/setup_infrastructure_dag.py
[2026-07-21T04:34:18.943+0000] {logging_mixin.py:190} INFO - [2026-07-21T04:34:18.943+0000] {dag.py:3239} INFO - Sync 1 DAGs
[2026-07-21T04:34:18.965+0000] {logging_mixin.py:190} INFO - [2026-07-21T04:34:18.965+0000] {dag.py:4180} INFO - Setting next_dagrun for setup_lakehouse_infrastructure to 2024-01-01 00:00:00+00:00, run_after=2024-01-01 00:00:00+00:00
[2026-07-21T04:34:18.984+0000] {processor.py:208} INFO - Processing /opt/airflow/dags/setup_infrastructure_dag.py took 0.100 seconds
[2026-07-21T04:34:49.479+0000] {processor.py:186} INFO - Started process (PID=843) to work on /opt/airflow/dags/setup_infrastructure_dag.py
[2026-07-21T04:34:49.481+0000] {processor.py:914} INFO - Processing file /opt/airflow/dags/setup_infrastructure_dag.py for tasks to queue
[2026-07-21T04:34:49.484+0000] {logging_mixin.py:190} INFO - [2026-07-21T04:34:49.484+0000] {dagbag.py:588} INFO - Filling up the DagBag from /opt/airflow/dags/setup_infrastructure_dag.py
[2026-07-21T04:34:49.522+0000] {processor.py:925} INFO - DAG(s) 'setup_lakehouse_infrastructure' retrieved from /opt/airflow/dags/setup_infrastructure_dag.py
[2026-07-21T04:34:49.553+0000] {logging_mixin.py:190} INFO - [2026-07-21T04:34:49.553+0000] {dag.py:3239} INFO - Sync 1 DAGs
[2026-07-21T04:34:49.585+0000] {logging_mixin.py:190} INFO - [2026-07-21T04:34:49.584+0000] {dag.py:4180} INFO - Setting next_dagrun for setup_lakehouse_infrastructure to 2024-01-01 00:00:00+00:00, run_after=2024-01-01 00:00:00+00:00
[2026-07-21T04:34:49.608+0000] {processor.py:208} INFO - Processing /opt/airflow/dags/setup_infrastructure_dag.py took 0.136 seconds
[2026-07-21T04:35:19.890+0000] {processor.py:186} INFO - Started process (PID=1293) to work on /opt/airflow/dags/setup_infrastructure_dag.py
[2026-07-21T04:35:19.892+0000] {processor.py:914} INFO - Processing file /opt/airflow/dags/setup_infrastructure_dag.py for tasks to queue
[2026-07-21T04:35:19.894+0000] {logging_mixin.py:190} INFO - [2026-07-21T04:35:19.894+0000] {dagbag.py:588} INFO - Filling up the DagBag from /opt/airflow/dags/setup_infrastructure_dag.py
[2026-07-21T04:35:19.922+0000] {processor.py:925} INFO - DAG(s) 'setup_lakehouse_infrastructure' retrieved from /opt/airflow/dags/setup_infrastructure_dag.py
[2026-07-21T04:35:19.943+0000] {logging_mixin.py:190} INFO - [2026-07-21T04:35:19.943+0000] {dag.py:3239} INFO - Sync 1 DAGs
[2026-07-21T04:35:19.963+0000] {logging_mixin.py:190} INFO - [2026-07-21T04:35:19.963+0000] {dag.py:4180} INFO - Setting next_dagrun for setup_lakehouse_infrastructure to 2024-01-01 00:00:00+00:00, run_after=2024-01-01 00:00:00+00:00
[2026-07-21T04:35:19.982+0000] {processor.py:208} INFO - Processing /opt/airflow/dags/setup_infrastructure_dag.py took 0.099 seconds
[2026-07-21T04:35:50.406+0000] {processor.py:186} INFO - Started process (PID=1411) to work on /opt/airflow/dags/setup_infrastructure_dag.py
[2026-07-21T04:35:50.407+0000] {processor.py:914} INFO - Processing file /opt/airflow/dags/setup_infrastructure_dag.py for tasks to queue
[2026-07-21T04:35:50.409+0000] {logging_mixin.py:190} INFO - [2026-07-21T04:35:50.409+0000] {dagbag.py:588} INFO - Filling up the DagBag from /opt/airflow/dags/setup_infrastructure_dag.py
[2026-07-21T04:35:50.433+0000] {processor.py:925} INFO - DAG(s) 'setup_lakehouse_infrastructure' retrieved from /opt/airflow/dags/setup_infrastructure_dag.py
[2026-07-21T04:35:50.456+0000] {logging_mixin.py:190} INFO - [2026-07-21T04:35:50.456+0000] {dag.py:3239} INFO - Sync 1 DAGs
[2026-07-21T04:35:50.476+0000] {logging_mixin.py:190} INFO - [2026-07-21T04:35:50.476+0000] {dag.py:4180} INFO - Setting next_dagrun for setup_lakehouse_infrastructure to 2024-01-01 00:00:00+00:00, run_after=2024-01-01 00:00:00+00:00
[2026-07-21T04:35:50.510+0000] {processor.py:208} INFO - Processing /opt/airflow/dags/setup_infrastructure_dag.py took 0.109 seconds
[2026-07-21T04:36:21.088+0000] {processor.py:186} INFO - Started process (PID=1534) to work on /opt/airflow/dags/setup_infrastructure_dag.py
[2026-07-21T04:36:21.090+0000] {processor.py:914} INFO - Processing file /opt/airflow/dags/setup_infrastructure_dag.py for tasks to queue
[2026-07-21T04:36:21.093+0000] {logging_mixin.py:190} INFO - [2026-07-21T04:36:21.092+0000] {dagbag.py:588} INFO - Filling up the DagBag from /opt/airflow/dags/setup_infrastructure_dag.py
[2026-07-21T04:36:21.120+0000] {processor.py:925} INFO - DAG(s) 'setup_lakehouse_infrastructure' retrieved from /opt/airflow/dags/setup_infrastructure_dag.py
[2026-07-21T04:36:21.144+0000] {logging_mixin.py:190} INFO - [2026-07-21T04:36:21.144+0000] {dag.py:3239} INFO - Sync 1 DAGs
[2026-07-21T04:36:21.165+0000] {logging_mixin.py:190} INFO - [2026-07-21T04:36:21.165+0000] {dag.py:4180} INFO - Setting next_dagrun for setup_lakehouse_infrastructure to 2024-01-01 00:00:00+00:00, run_after=2024-01-01 00:00:00+00:00
[2026-07-21T04:36:21.183+0000] {processor.py:208} INFO - Processing /opt/airflow/dags/setup_infrastructure_dag.py took 0.101 seconds
[2026-07-21T04:36:51.447+0000] {processor.py:186} INFO - Started process (PID=1680) to work on /opt/airflow/dags/setup_infrastructure_dag.py
[2026-07-21T04:36:51.449+0000] {processor.py:914} INFO - Processing file /opt/airflow/dags/setup_infrastructure_dag.py for tasks to queue
[2026-07-21T04:36:51.452+0000] {logging_mixin.py:190} INFO - [2026-07-21T04:36:51.451+0000] {dagbag.py:588} INFO - Filling up the DagBag from /opt/airflow/dags/setup_infrastructure_dag.py
[2026-07-21T04:36:51.495+0000] {processor.py:925} INFO - DAG(s) 'setup_lakehouse_infrastructure' retrieved from /opt/airflow/dags/setup_infrastructure_dag.py
[2026-07-21T04:36:51.528+0000] {logging_mixin.py:190} INFO - [2026-07-21T04:36:51.527+0000] {dag.py:3239} INFO - Sync 1 DAGs
[2026-07-21T04:36:51.561+0000] {logging_mixin.py:190} INFO - [2026-07-21T04:36:51.561+0000] {dag.py:4180} INFO - Setting next_dagrun for setup_lakehouse_infrastructure to 2024-01-01 00:00:00+00:00, run_after=2024-01-01 00:00:00+00:00
[2026-07-21T04:36:51.591+0000] {processor.py:208} INFO - Processing /opt/airflow/dags/setup_infrastructure_dag.py took 0.151 seconds
[2026-07-21T04:37:22.937+0000] {processor.py:186} INFO - Started process (PID=1855) to work on /opt/airflow/dags/setup_infrastructure_dag.py
[2026-07-21T04:37:22.939+0000] {processor.py:914} INFO - Processing file /opt/airflow/dags/setup_infrastructure_dag.py for tasks to queue
[2026-07-21T04:37:22.940+0000] {logging_mixin.py:190} INFO - [2026-07-21T04:37:22.940+0000] {dagbag.py:588} INFO - Filling up the DagBag from /opt/airflow/dags/setup_infrastructure_dag.py
[2026-07-21T04:37:22.977+0000] {processor.py:925} INFO - DAG(s) 'setup_lakehouse_infrastructure' retrieved from /opt/airflow/dags/setup_infrastructure_dag.py
[2026-07-21T04:37:23.006+0000] {logging_mixin.py:190} INFO - [2026-07-21T04:37:23.006+0000] {dag.py:3239} INFO - Sync 1 DAGs
[2026-07-21T04:37:23.033+0000] {logging_mixin.py:190} INFO - [2026-07-21T04:37:23.032+0000] {dag.py:4180} INFO - Setting next_dagrun for setup_lakehouse_infrastructure to 2024-01-01 00:00:00+00:00, run_after=2024-01-01 00:00:00+00:00
[2026-07-21T04:37:23.062+0000] {processor.py:208} INFO - Processing /opt/airflow/dags/setup_infrastructure_dag.py took 0.132 seconds
[2026-07-21T04:37:56.024+0000] {processor.py:186} INFO - Started process (PID=2012) to work on /opt/airflow/dags/setup_infrastructure_dag.py
[2026-07-21T04:37:56.025+0000] {processor.py:914} INFO - Processing file /opt/airflow/dags/setup_infrastructure_dag.py for tasks to queue
[2026-07-21T04:37:56.027+0000] {logging_mixin.py:190} INFO - [2026-07-21T04:37:56.027+0000] {dagbag.py:588} INFO - Filling up the DagBag from /opt/airflow/dags/setup_infrastructure_dag.py
[2026-07-21T04:37:56.058+0000] {processor.py:925} INFO - DAG(s) 'setup_lakehouse_infrastructure' retrieved from /opt/airflow/dags/setup_infrastructure_dag.py
[2026-07-21T04:37:56.087+0000] {logging_mixin.py:190} INFO - [2026-07-21T04:37:56.087+0000] {dag.py:3239} INFO - Sync 1 DAGs
[2026-07-21T04:37:56.114+0000] {logging_mixin.py:190} INFO - [2026-07-21T04:37:56.114+0000] {dag.py:4180} INFO - Setting next_dagrun for setup_lakehouse_infrastructure to 2024-01-01 00:00:00+00:00, run_after=2024-01-01 00:00:00+00:00
[2026-07-21T04:37:56.135+0000] {processor.py:208} INFO - Processing /opt/airflow/dags/setup_infrastructure_dag.py took 0.120 seconds
[2026-07-21T04:38:26.590+0000] {processor.py:186} INFO - Started process (PID=2138) to work on /opt/airflow/dags/setup_infrastructure_dag.py
[2026-07-21T04:38:26.591+0000] {processor.py:914} INFO - Processing file /opt/airflow/dags/setup_infrastructure_dag.py for tasks to queue
[2026-07-21T04:38:26.592+0000] {logging_mixin.py:190} INFO - [2026-07-21T04:38:26.592+0000] {dagbag.py:588} INFO - Filling up the DagBag from /opt/airflow/dags/setup_infrastructure_dag.py
[2026-07-21T04:38:26.621+0000] {processor.py:925} INFO - DAG(s) 'setup_lakehouse_infrastructure' retrieved from /opt/airflow/dags/setup_infrastructure_dag.py
[2026-07-21T04:38:26.644+0000] {logging_mixin.py:190} INFO - [2026-07-21T04:38:26.644+0000] {dag.py:3239} INFO - Sync 1 DAGs
[2026-07-21T04:38:26.665+0000] {logging_mixin.py:190} INFO - [2026-07-21T04:38:26.665+0000] {dag.py:4180} INFO - Setting next_dagrun for setup_lakehouse_infrastructure to 2024-01-01 00:00:00+00:00, run_after=2024-01-01 00:00:00+00:00
[2026-07-21T04:38:26.688+0000] {processor.py:208} INFO - Processing /opt/airflow/dags/setup_infrastructure_dag.py took 0.105 seconds
[2026-07-21T04:38:57.292+0000] {processor.py:186} INFO - Started process (PID=2260) to work on /opt/airflow/dags/setup_infrastructure_dag.py
[2026-07-21T04:38:57.293+0000] {processor.py:914} INFO - Processing file /opt/airflow/dags/setup_infrastructure_dag.py for tasks to queue
[2026-07-21T04:38:57.294+0000] {logging_mixin.py:190} INFO - [2026-07-21T04:38:57.294+0000] {dagbag.py:588} INFO - Filling up the DagBag from /opt/airflow/dags/setup_infrastructure_dag.py
[2026-07-21T04:38:57.322+0000] {processor.py:925} INFO - DAG(s) 'setup_lakehouse_infrastructure' retrieved from /opt/airflow/dags/setup_infrastructure_dag.py
[2026-07-21T04:38:57.346+0000] {logging_mixin.py:190} INFO - [2026-07-21T04:38:57.345+0000] {dag.py:3239} INFO - Sync 1 DAGs
[2026-07-21T04:38:57.367+0000] {logging_mixin.py:190} INFO - [2026-07-21T04:38:57.367+0000] {dag.py:4180} INFO - Setting next_dagrun for setup_lakehouse_infrastructure to 2024-01-01 00:00:00+00:00, run_after=2024-01-01 00:00:00+00:00
[2026-07-21T04:38:57.390+0000] {processor.py:208} INFO - Processing /opt/airflow/dags/setup_infrastructure_dag.py took 0.104 seconds
[2026-07-21T04:39:28.849+0000] {processor.py:186} INFO - Started process (PID=2376) to work on /opt/airflow/dags/setup_infrastructure_dag.py
[2026-07-21T04:39:28.849+0000] {processor.py:914} INFO - Processing file /opt/airflow/dags/setup_infrastructure_dag.py for tasks to queue
[2026-07-21T04:39:28.851+0000] {logging_mixin.py:190} INFO - [2026-07-21T04:39:28.850+0000] {dagbag.py:588} INFO - Filling up the DagBag from /opt/airflow/dags/setup_infrastructure_dag.py
[2026-07-21T04:39:28.876+0000] {processor.py:925} INFO - DAG(s) 'setup_lakehouse_infrastructure' retrieved from /opt/airflow/dags/setup_infrastructure_dag.py
[2026-07-21T04:39:28.899+0000] {logging_mixin.py:190} INFO - [2026-07-21T04:39:28.898+0000] {dag.py:3239} INFO - Sync 1 DAGs
[2026-07-21T04:39:28.920+0000] {logging_mixin.py:190} INFO - [2026-07-21T04:39:28.920+0000] {dag.py:4180} INFO - Setting next_dagrun for setup_lakehouse_infrastructure to 2024-01-01 00:00:00+00:00, run_after=2024-01-01 00:00:00+00:00
[2026-07-21T04:39:28.938+0000] {processor.py:208} INFO - Processing /opt/airflow/dags/setup_infrastructure_dag.py took 0.095 seconds
[2026-07-21T04:39:59.109+0000] {processor.py:186} INFO - Started process (PID=2487) to work on /opt/airflow/dags/setup_infrastructure_dag.py
[2026-07-21T04:39:59.111+0000] {processor.py:914} INFO - Processing file /opt/airflow/dags/setup_infrastructure_dag.py for tasks to queue
[2026-07-21T04:39:59.112+0000] {logging_mixin.py:190} INFO - [2026-07-21T04:39:59.112+0000] {dagbag.py:588} INFO - Filling up the DagBag from /opt/airflow/dags/setup_infrastructure_dag.py
[2026-07-21T04:39:59.139+0000] {processor.py:925} INFO - DAG(s) 'setup_lakehouse_infrastructure' retrieved from /opt/airflow/dags/setup_infrastructure_dag.py
[2026-07-21T04:39:59.162+0000] {logging_mixin.py:190} INFO - [2026-07-21T04:39:59.162+0000] {dag.py:3239} INFO - Sync 1 DAGs
[2026-07-21T04:39:59.184+0000] {logging_mixin.py:190} INFO - [2026-07-21T04:39:59.184+0000] {dag.py:4180} INFO - Setting next_dagrun for setup_lakehouse_infrastructure to 2024-01-01 00:00:00+00:00, run_after=2024-01-01 00:00:00+00:00
[2026-07-21T04:39:59.205+0000] {processor.py:208} INFO - Processing /opt/airflow/dags/setup_infrastructure_dag.py took 0.100 seconds
[2026-07-21T04:40:30.067+0000] {processor.py:186} INFO - Started process (PID=2603) to work on /opt/airflow/dags/setup_infrastructure_dag.py
[2026-07-21T04:40:30.068+0000] {processor.py:914} INFO - Processing file /opt/airflow/dags/setup_infrastructure_dag.py for tasks to queue
[2026-07-21T04:40:30.070+0000] {logging_mixin.py:190} INFO - [2026-07-21T04:40:30.070+0000] {dagbag.py:588} INFO - Filling up the DagBag from /opt/airflow/dags/setup_infrastructure_dag.py
[2026-07-21T04:40:30.108+0000] {processor.py:925} INFO - DAG(s) 'setup_lakehouse_infrastructure' retrieved from /opt/airflow/dags/setup_infrastructure_dag.py
[2026-07-21T04:40:30.142+0000] {logging_mixin.py:190} INFO - [2026-07-21T04:40:30.142+0000] {dag.py:3239} INFO - Sync 1 DAGs
[2026-07-21T04:40:30.172+0000] {logging_mixin.py:190} INFO - [2026-07-21T04:40:30.172+0000] {dag.py:4180} INFO - Setting next_dagrun for setup_lakehouse_infrastructure to 2024-01-01 00:00:00+00:00, run_after=2024-01-01 00:00:00+00:00
[2026-07-21T04:40:30.204+0000] {processor.py:208} INFO - Processing /opt/airflow/dags/setup_infrastructure_dag.py took 0.145 seconds
[2026-07-21T04:41:00.861+0000] {processor.py:186} INFO - Started process (PID=2718) to work on /opt/airflow/dags/setup_infrastructure_dag.py
[2026-07-21T04:41:00.862+0000] {processor.py:914} INFO - Processing file /opt/airflow/dags/setup_infrastructure_dag.py for tasks to queue
[2026-07-21T04:41:00.863+0000] {logging_mixin.py:190} INFO - [2026-07-21T04:41:00.863+0000] {dagbag.py:588} INFO - Filling up the DagBag from /opt/airflow/dags/setup_infrastructure_dag.py
[2026-07-21T04:41:00.886+0000] {processor.py:925} INFO - DAG(s) 'setup_lakehouse_infrastructure' retrieved from /opt/airflow/dags/setup_infrastructure_dag.py
[2026-07-21T04:41:00.910+0000] {logging_mixin.py:190} INFO - [2026-07-21T04:41:00.909+0000] {dag.py:3239} INFO - Sync 1 DAGs
[2026-07-21T04:41:00.931+0000] {logging_mixin.py:190} INFO - [2026-07-21T04:41:00.931+0000] {dag.py:4180} INFO - Setting next_dagrun for setup_lakehouse_infrastructure to 2024-01-01 00:00:00+00:00, run_after=2024-01-01 00:00:00+00:00
[2026-07-21T04:41:00.954+0000] {processor.py:208} INFO - Processing /opt/airflow/dags/setup_infrastructure_dag.py took 0.099 seconds
[2026-07-21T04:41:33.141+0000] {processor.py:186} INFO - Started process (PID=2840) to work on /opt/airflow/dags/setup_infrastructure_dag.py
[2026-07-21T04:41:33.142+0000] {processor.py:914} INFO - Processing file /opt/airflow/dags/setup_infrastructure_dag.py for tasks to queue
[2026-07-21T04:41:33.144+0000] {logging_mixin.py:190} INFO - [2026-07-21T04:41:33.144+0000] {dagbag.py:588} INFO - Filling up the DagBag from /opt/airflow/dags/setup_infrastructure_dag.py
[2026-07-21T04:41:33.168+0000] {processor.py:925} INFO - DAG(s) 'setup_lakehouse_infrastructure' retrieved from /opt/airflow/dags/setup_infrastructure_dag.py
[2026-07-21T04:41:33.191+0000] {logging_mixin.py:190} INFO - [2026-07-21T04:41:33.191+0000] {dag.py:3239} INFO - Sync 1 DAGs
[2026-07-21T04:41:33.212+0000] {logging_mixin.py:190} INFO - [2026-07-21T04:41:33.212+0000] {dag.py:4180} INFO - Setting next_dagrun for setup_lakehouse_infrastructure to 2024-01-01 00:00:00+00:00, run_after=2024-01-01 00:00:00+00:00
[2026-07-21T04:41:33.230+0000] {processor.py:208} INFO - Processing /opt/airflow/dags/setup_infrastructure_dag.py took 0.094 seconds
[2026-07-21T04:42:04.145+0000] {processor.py:186} INFO - Started process (PID=2950) to work on /opt/airflow/dags/setup_infrastructure_dag.py
[2026-07-21T04:42:04.145+0000] {processor.py:914} INFO - Processing file /opt/airflow/dags/setup_infrastructure_dag.py for tasks to queue
[2026-07-21T04:42:04.147+0000] {logging_mixin.py:190} INFO - [2026-07-21T04:42:04.147+0000] {dagbag.py:588} INFO - Filling up the DagBag from /opt/airflow/dags/setup_infrastructure_dag.py
[2026-07-21T04:42:04.170+0000] {processor.py:925} INFO - DAG(s) 'setup_lakehouse_infrastructure' retrieved from /opt/airflow/dags/setup_infrastructure_dag.py
[2026-07-21T04:42:04.195+0000] {logging_mixin.py:190} INFO - [2026-07-21T04:42:04.194+0000] {dag.py:3239} INFO - Sync 1 DAGs
[2026-07-21T04:42:04.217+0000] {logging_mixin.py:190} INFO - [2026-07-21T04:42:04.217+0000] {dag.py:4180} INFO - Setting next_dagrun for setup_lakehouse_infrastructure to 2024-01-01 00:00:00+00:00, run_after=2024-01-01 00:00:00+00:00
[2026-07-21T04:42:04.240+0000] {processor.py:208} INFO - Processing /opt/airflow/dags/setup_infrastructure_dag.py took 0.103 seconds
[2026-07-21T04:42:34.669+0000] {processor.py:186} INFO - Started process (PID=3063) to work on /opt/airflow/dags/setup_infrastructure_dag.py
[2026-07-21T04:42:34.670+0000] {processor.py:914} INFO - Processing file /opt/airflow/dags/setup_infrastructure_dag.py for tasks to queue
[2026-07-21T04:42:34.672+0000] {logging_mixin.py:190} INFO - [2026-07-21T04:42:34.672+0000] {dagbag.py:588} INFO - Filling up the DagBag from /opt/airflow/dags/setup_infrastructure_dag.py
[2026-07-21T04:42:34.699+0000] {processor.py:925} INFO - DAG(s) 'setup_lakehouse_infrastructure' retrieved from /opt/airflow/dags/setup_infrastructure_dag.py
[2026-07-21T04:42:34.720+0000] {logging_mixin.py:190} INFO - [2026-07-21T04:42:34.720+0000] {dag.py:3239} INFO - Sync 1 DAGs
[2026-07-21T04:42:34.740+0000] {logging_mixin.py:190} INFO - [2026-07-21T04:42:34.740+0000] {dag.py:4180} INFO - Setting next_dagrun for setup_lakehouse_infrastructure to 2024-01-01 00:00:00+00:00, run_after=2024-01-01 00:00:00+00:00
[2026-07-21T04:42:34.761+0000] {processor.py:208} INFO - Processing /opt/airflow/dags/setup_infrastructure_dag.py took 0.098 seconds
[2026-07-21T04:43:06.765+0000] {processor.py:186} INFO - Started process (PID=3183) to work on /opt/airflow/dags/setup_infrastructure_dag.py
[2026-07-21T04:43:06.766+0000] {processor.py:914} INFO - Processing file /opt/airflow/dags/setup_infrastructure_dag.py for tasks to queue
[2026-07-21T04:43:06.768+0000] {logging_mixin.py:190} INFO - [2026-07-21T04:43:06.768+0000] {dagbag.py:588} INFO - Filling up the DagBag from /opt/airflow/dags/setup_infrastructure_dag.py
[2026-07-21T04:43:06.803+0000] {processor.py:925} INFO - DAG(s) 'setup_lakehouse_infrastructure' retrieved from /opt/airflow/dags/setup_infrastructure_dag.py
[2026-07-21T04:43:06.829+0000] {logging_mixin.py:190} INFO - [2026-07-21T04:43:06.829+0000] {dag.py:3239} INFO - Sync 1 DAGs
[2026-07-21T04:43:06.853+0000] {logging_mixin.py:190} INFO - [2026-07-21T04:43:06.853+0000] {dag.py:4180} INFO - Setting next_dagrun for setup_lakehouse_infrastructure to 2024-01-01 00:00:00+00:00, run_after=2024-01-01 00:00:00+00:00
[2026-07-21T04:43:06.879+0000] {processor.py:208} INFO - Processing /opt/airflow/dags/setup_infrastructure_dag.py took 0.120 seconds
[2026-07-21T04:43:37.655+0000] {processor.py:186} INFO - Started process (PID=3299) to work on /opt/airflow/dags/setup_infrastructure_dag.py
[2026-07-21T04:43:37.656+0000] {processor.py:914} INFO - Processing file /opt/airflow/dags/setup_infrastructure_dag.py for tasks to queue
[2026-07-21T04:43:37.657+0000] {logging_mixin.py:190} INFO - [2026-07-21T04:43:37.657+0000] {dagbag.py:588} INFO - Filling up the DagBag from /opt/airflow/dags/setup_infrastructure_dag.py
[2026-07-21T04:43:37.681+0000] {processor.py:925} INFO - DAG(s) 'setup_lakehouse_infrastructure' retrieved from /opt/airflow/dags/setup_infrastructure_dag.py
[2026-07-21T04:43:37.703+0000] {logging_mixin.py:190} INFO - [2026-07-21T04:43:37.702+0000] {dag.py:3239} INFO - Sync 1 DAGs
[2026-07-21T04:43:37.724+0000] {logging_mixin.py:190} INFO - [2026-07-21T04:43:37.724+0000] {dag.py:4180} INFO - Setting next_dagrun for setup_lakehouse_infrastructure to 2024-01-01 00:00:00+00:00, run_after=2024-01-01 00:00:00+00:00
[2026-07-21T04:43:37.742+0000] {processor.py:208} INFO - Processing /opt/airflow/dags/setup_infrastructure_dag.py took 0.092 seconds
[2026-07-21T04:44:07.955+0000] {processor.py:186} INFO - Started process (PID=3412) to work on /opt/airflow/dags/setup_infrastructure_dag.py
[2026-07-21T04:44:07.957+0000] {processor.py:914} INFO - Processing file /opt/airflow/dags/setup_infrastructure_dag.py for tasks to queue
[2026-07-21T04:44:07.958+0000] {logging_mixin.py:190} INFO - [2026-07-21T04:44:07.958+0000] {dagbag.py:588} INFO - Filling up the DagBag from /opt/airflow/dags/setup_infrastructure_dag.py
[2026-07-21T04:44:07.988+0000] {processor.py:925} INFO - DAG(s) 'setup_lakehouse_infrastructure' retrieved from /opt/airflow/dags/setup_infrastructure_dag.py
[2026-07-21T04:44:08.014+0000] {logging_mixin.py:190} INFO - [2026-07-21T04:44:08.014+0000] {dag.py:3239} INFO - Sync 1 DAGs
[2026-07-21T04:44:08.045+0000] {logging_mixin.py:190} INFO - [2026-07-21T04:44:08.045+0000] {dag.py:4180} INFO - Setting next_dagrun for setup_lakehouse_infrastructure to 2024-01-01 00:00:00+00:00, run_after=2024-01-01 00:00:00+00:00
[2026-07-21T04:44:08.072+0000] {processor.py:208} INFO - Processing /opt/airflow/dags/setup_infrastructure_dag.py took 0.124 seconds
[2026-07-21T04:44:39.291+0000] {processor.py:186} INFO - Started process (PID=3555) to work on /opt/airflow/dags/setup_infrastructure_dag.py
[2026-07-21T04:44:39.293+0000] {processor.py:914} INFO - Processing file /opt/airflow/dags/setup_infrastructure_dag.py for tasks to queue
[2026-07-21T04:44:39.294+0000] {logging_mixin.py:190} INFO - [2026-07-21T04:44:39.294+0000] {dagbag.py:588} INFO - Filling up the DagBag from /opt/airflow/dags/setup_infrastructure_dag.py
[2026-07-21T04:44:39.327+0000] {processor.py:925} INFO - DAG(s) 'setup_lakehouse_infrastructure' retrieved from /opt/airflow/dags/setup_infrastructure_dag.py
[2026-07-21T04:44:39.351+0000] {logging_mixin.py:190} INFO - [2026-07-21T04:44:39.351+0000] {dag.py:3239} INFO - Sync 1 DAGs
[2026-07-21T04:44:39.372+0000] {logging_mixin.py:190} INFO - [2026-07-21T04:44:39.372+0000] {dag.py:4180} INFO - Setting next_dagrun for setup_lakehouse_infrastructure to 2024-01-01 00:00:00+00:00, run_after=2024-01-01 00:00:00+00:00
[2026-07-21T04:44:39.391+0000] {processor.py:208} INFO - Processing /opt/airflow/dags/setup_infrastructure_dag.py took 0.105 seconds
[2026-07-21T04:45:11.063+0000] {processor.py:186} INFO - Started process (PID=3669) to work on /opt/airflow/dags/setup_infrastructure_dag.py
[2026-07-21T04:45:11.065+0000] {processor.py:914} INFO - Processing file /opt/airflow/dags/setup_infrastructure_dag.py for tasks to queue
[2026-07-21T04:45:11.066+0000] {logging_mixin.py:190} INFO - [2026-07-21T04:45:11.066+0000] {dagbag.py:588} INFO - Filling up the DagBag from /opt/airflow/dags/setup_infrastructure_dag.py
[2026-07-21T04:45:11.094+0000] {processor.py:925} INFO - DAG(s) 'setup_lakehouse_infrastructure' retrieved from /opt/airflow/dags/setup_infrastructure_dag.py
[2026-07-21T04:45:11.121+0000] {logging_mixin.py:190} INFO - [2026-07-21T04:45:11.121+0000] {dag.py:3239} INFO - Sync 1 DAGs
[2026-07-21T04:45:11.148+0000] {logging_mixin.py:190} INFO - [2026-07-21T04:45:11.148+0000] {dag.py:4180} INFO - Setting next_dagrun for setup_lakehouse_infrastructure to 2024-01-01 00:00:00+00:00, run_after=2024-01-01 00:00:00+00:00
[2026-07-21T04:45:11.169+0000] {processor.py:208} INFO - Processing /opt/airflow/dags/setup_infrastructure_dag.py took 0.114 seconds
[2026-07-21T04:45:41.610+0000] {processor.py:186} INFO - Started process (PID=3782) to work on /opt/airflow/dags/setup_infrastructure_dag.py
[2026-07-21T04:45:41.612+0000] {processor.py:914} INFO - Processing file /opt/airflow/dags/setup_infrastructure_dag.py for tasks to queue
[2026-07-21T04:45:41.614+0000] {logging_mixin.py:190} INFO - [2026-07-21T04:45:41.613+0000] {dagbag.py:588} INFO - Filling up the DagBag from /opt/airflow/dags/setup_infrastructure_dag.py
[2026-07-21T04:45:41.641+0000] {processor.py:925} INFO - DAG(s) 'setup_lakehouse_infrastructure' retrieved from /opt/airflow/dags/setup_infrastructure_dag.py
[2026-07-21T04:45:41.674+0000] {logging_mixin.py:190} INFO - [2026-07-21T04:45:41.674+0000] {dag.py:3239} INFO - Sync 1 DAGs
[2026-07-21T04:45:41.698+0000] {logging_mixin.py:190} INFO - [2026-07-21T04:45:41.698+0000] {dag.py:4180} INFO - Setting next_dagrun for setup_lakehouse_infrastructure to 2024-01-01 00:00:00+00:00, run_after=2024-01-01 00:00:00+00:00
[2026-07-21T04:45:41.719+0000] {processor.py:208} INFO - Processing /opt/airflow/dags/setup_infrastructure_dag.py took 0.113 seconds
[2026-07-21T04:46:12.281+0000] {processor.py:186} INFO - Started process (PID=3898) to work on /opt/airflow/dags/setup_infrastructure_dag.py
[2026-07-21T04:46:12.282+0000] {processor.py:914} INFO - Processing file /opt/airflow/dags/setup_infrastructure_dag.py for tasks to queue
[2026-07-21T04:46:12.284+0000] {logging_mixin.py:190} INFO - [2026-07-21T04:46:12.284+0000] {dagbag.py:588} INFO - Filling up the DagBag from /opt/airflow/dags/setup_infrastructure_dag.py
[2026-07-21T04:46:12.318+0000] {processor.py:925} INFO - DAG(s) 'setup_lakehouse_infrastructure' retrieved from /opt/airflow/dags/setup_infrastructure_dag.py
[2026-07-21T04:46:12.347+0000] {logging_mixin.py:190} INFO - [2026-07-21T04:46:12.347+0000] {dag.py:3239} INFO - Sync 1 DAGs
[2026-07-21T04:46:12.372+0000] {logging_mixin.py:190} INFO - [2026-07-21T04:46:12.372+0000] {dag.py:4180} INFO - Setting next_dagrun for setup_lakehouse_infrastructure to 2024-01-01 00:00:00+00:00, run_after=2024-01-01 00:00:00+00:00
[2026-07-21T04:46:12.394+0000] {processor.py:208} INFO - Processing /opt/airflow/dags/setup_infrastructure_dag.py took 0.125 seconds
[2026-07-21T04:46:42.954+0000] {processor.py:186} INFO - Started process (PID=4014) to work on /opt/airflow/dags/setup_infrastructure_dag.py
[2026-07-21T04:46:42.955+0000] {processor.py:914} INFO - Processing file /opt/airflow/dags/setup_infrastructure_dag.py for tasks to queue
[2026-07-21T04:46:42.957+0000] {logging_mixin.py:190} INFO - [2026-07-21T04:46:42.956+0000] {dagbag.py:588} INFO - Filling up the DagBag from /opt/airflow/dags/setup_infrastructure_dag.py
[2026-07-21T04:46:42.981+0000] {processor.py:925} INFO - DAG(s) 'setup_lakehouse_infrastructure' retrieved from /opt/airflow/dags/setup_infrastructure_dag.py
[2026-07-21T04:46:43.003+0000] {logging_mixin.py:190} INFO - [2026-07-21T04:46:43.003+0000] {dag.py:3239} INFO - Sync 1 DAGs
[2026-07-21T04:46:43.022+0000] {logging_mixin.py:190} INFO - [2026-07-21T04:46:43.022+0000] {dag.py:4180} INFO - Setting next_dagrun for setup_lakehouse_infrastructure to 2024-01-01 00:00:00+00:00, run_after=2024-01-01 00:00:00+00:00
[2026-07-21T04:46:43.042+0000] {processor.py:208} INFO - Processing /opt/airflow/dags/setup_infrastructure_dag.py took 0.093 seconds
[2026-07-21T04:47:16.293+0000] {processor.py:186} INFO - Started process (PID=4149) to work on /opt/airflow/dags/setup_infrastructure_dag.py
[2026-07-21T04:47:16.294+0000] {processor.py:914} INFO - Processing file /opt/airflow/dags/setup_infrastructure_dag.py for tasks to queue
[2026-07-21T04:47:16.295+0000] {logging_mixin.py:190} INFO - [2026-07-21T04:47:16.295+0000] {dagbag.py:588} INFO - Filling up the DagBag from /opt/airflow/dags/setup_infrastructure_dag.py
[2026-07-21T04:47:16.329+0000] {processor.py:925} INFO - DAG(s) 'setup_lakehouse_infrastructure' retrieved from /opt/airflow/dags/setup_infrastructure_dag.py
[2026-07-21T04:47:16.354+0000] {logging_mixin.py:190} INFO - [2026-07-21T04:47:16.353+0000] {dag.py:3239} INFO - Sync 1 DAGs
[2026-07-21T04:47:16.379+0000] {logging_mixin.py:190} INFO - [2026-07-21T04:47:16.379+0000] {dag.py:4180} INFO - Setting next_dagrun for setup_lakehouse_infrastructure to 2024-01-01 00:00:00+00:00, run_after=2024-01-01 00:00:00+00:00
[2026-07-21T04:47:16.400+0000] {processor.py:208} INFO - Processing /opt/airflow/dags/setup_infrastructure_dag.py took 0.114 seconds
[2026-07-21T04:47:46.997+0000] {processor.py:186} INFO - Started process (PID=4259) to work on /opt/airflow/dags/setup_infrastructure_dag.py
[2026-07-21T04:47:46.998+0000] {processor.py:914} INFO - Processing file /opt/airflow/dags/setup_infrastructure_dag.py for tasks to queue
[2026-07-21T04:47:46.999+0000] {logging_mixin.py:190} INFO - [2026-07-21T04:47:46.999+0000] {dagbag.py:588} INFO - Filling up the DagBag from /opt/airflow/dags/setup_infrastructure_dag.py
[2026-07-21T04:47:47.030+0000] {processor.py:925} INFO - DAG(s) 'setup_lakehouse_infrastructure' retrieved from /opt/airflow/dags/setup_infrastructure_dag.py
[2026-07-21T04:47:47.052+0000] {logging_mixin.py:190} INFO - [2026-07-21T04:47:47.052+0000] {dag.py:3239} INFO - Sync 1 DAGs
[2026-07-21T04:47:47.072+0000] {logging_mixin.py:190} INFO - [2026-07-21T04:47:47.072+0000] {dag.py:4180} INFO - Setting next_dagrun for setup_lakehouse_infrastructure to 2024-01-01 00:00:00+00:00, run_after=2024-01-01 00:00:00+00:00
[2026-07-21T04:47:47.096+0000] {processor.py:208} INFO - Processing /opt/airflow/dags/setup_infrastructure_dag.py took 0.104 seconds
[2026-07-21T04:48:17.732+0000] {processor.py:186} INFO - Started process (PID=4375) to work on /opt/airflow/dags/setup_infrastructure_dag.py
[2026-07-21T04:48:17.734+0000] {processor.py:914} INFO - Processing file /opt/airflow/dags/setup_infrastructure_dag.py for tasks to queue
[2026-07-21T04:48:17.735+0000] {logging_mixin.py:190} INFO - [2026-07-21T04:48:17.735+0000] {dagbag.py:588} INFO - Filling up the DagBag from /opt/airflow/dags/setup_infrastructure_dag.py
[2026-07-21T04:48:17.776+0000] {processor.py:925} INFO - DAG(s) 'setup_lakehouse_infrastructure' retrieved from /opt/airflow/dags/setup_infrastructure_dag.py
[2026-07-21T04:48:17.812+0000] {logging_mixin.py:190} INFO - [2026-07-21T04:48:17.812+0000] {dag.py:3239} INFO - Sync 1 DAGs
[2026-07-21T04:48:17.839+0000] {logging_mixin.py:190} INFO - [2026-07-21T04:48:17.839+0000] {dag.py:4180} INFO - Setting next_dagrun for setup_lakehouse_infrastructure to 2024-01-01 00:00:00+00:00, run_after=2024-01-01 00:00:00+00:00
[2026-07-21T04:48:17.864+0000] {processor.py:208} INFO - Processing /opt/airflow/dags/setup_infrastructure_dag.py took 0.138 seconds
[2026-07-21T04:48:48.876+0000] {processor.py:186} INFO - Started process (PID=4492) to work on /opt/airflow/dags/setup_infrastructure_dag.py
[2026-07-21T04:48:48.877+0000] {processor.py:914} INFO - Processing file /opt/airflow/dags/setup_infrastructure_dag.py for tasks to queue
[2026-07-21T04:48:48.879+0000] {logging_mixin.py:190} INFO - [2026-07-21T04:48:48.878+0000] {dagbag.py:588} INFO - Filling up the DagBag from /opt/airflow/dags/setup_infrastructure_dag.py
[2026-07-21T04:48:48.907+0000] {processor.py:925} INFO - DAG(s) 'setup_lakehouse_infrastructure' retrieved from /opt/airflow/dags/setup_infrastructure_dag.py
[2026-07-21T04:48:48.931+0000] {logging_mixin.py:190} INFO - [2026-07-21T04:48:48.931+0000] {dag.py:3239} INFO - Sync 1 DAGs
[2026-07-21T04:48:48.958+0000] {logging_mixin.py:190} INFO - [2026-07-21T04:48:48.957+0000] {dag.py:4180} INFO - Setting next_dagrun for setup_lakehouse_infrastructure to 2024-01-01 00:00:00+00:00, run_after=2024-01-01 00:00:00+00:00
[2026-07-21T04:48:48.983+0000] {processor.py:208} INFO - Processing /opt/airflow/dags/setup_infrastructure_dag.py took 0.113 seconds
[2026-07-21T04:49:19.621+0000] {processor.py:186} INFO - Started process (PID=4608) to work on /opt/airflow/dags/setup_infrastructure_dag.py
[2026-07-21T04:49:19.622+0000] {processor.py:914} INFO - Processing file /opt/airflow/dags/setup_infrastructure_dag.py for tasks to queue
[2026-07-21T04:49:19.624+0000] {logging_mixin.py:190} INFO - [2026-07-21T04:49:19.623+0000] {dagbag.py:588} INFO - Filling up the DagBag from /opt/airflow/dags/setup_infrastructure_dag.py
[2026-07-21T04:49:19.649+0000] {processor.py:925} INFO - DAG(s) 'setup_lakehouse_infrastructure' retrieved from /opt/airflow/dags/setup_infrastructure_dag.py
[2026-07-21T04:49:19.689+0000] {logging_mixin.py:190} INFO - [2026-07-21T04:49:19.688+0000] {dag.py:3239} INFO - Sync 1 DAGs
[2026-07-21T04:49:19.713+0000] {logging_mixin.py:190} INFO - [2026-07-21T04:49:19.713+0000] {dag.py:4180} INFO - Setting next_dagrun for setup_lakehouse_infrastructure to 2024-01-01 00:00:00+00:00, run_after=2024-01-01 00:00:00+00:00
[2026-07-21T04:49:19.733+0000] {processor.py:208} INFO - Processing /opt/airflow/dags/setup_infrastructure_dag.py took 0.122 seconds
[2026-07-21T04:49:50.037+0000] {processor.py:186} INFO - Started process (PID=4718) to work on /opt/airflow/dags/setup_infrastructure_dag.py
[2026-07-21T04:49:50.038+0000] {processor.py:914} INFO - Processing file /opt/airflow/dags/setup_infrastructure_dag.py for tasks to queue
[2026-07-21T04:49:50.039+0000] {logging_mixin.py:190} INFO - [2026-07-21T04:49:50.039+0000] {dagbag.py:588} INFO - Filling up the DagBag from /opt/airflow/dags/setup_infrastructure_dag.py
[2026-07-21T04:49:50.064+0000] {processor.py:925} INFO - DAG(s) 'setup_lakehouse_infrastructure' retrieved from /opt/airflow/dags/setup_infrastructure_dag.py
[2026-07-21T04:49:50.089+0000] {logging_mixin.py:190} INFO - [2026-07-21T04:49:50.088+0000] {dag.py:3239} INFO - Sync 1 DAGs
[2026-07-21T04:49:50.111+0000] {logging_mixin.py:190} INFO - [2026-07-21T04:49:50.111+0000] {dag.py:4180} INFO - Setting next_dagrun for setup_lakehouse_infrastructure to 2024-01-01 00:00:00+00:00, run_after=2024-01-01 00:00:00+00:00
[2026-07-21T04:49:50.140+0000] {processor.py:208} INFO - Processing /opt/airflow/dags/setup_infrastructure_dag.py took 0.111 seconds
[2026-07-21T04:50:20.535+0000] {processor.py:186} INFO - Started process (PID=4852) to work on /opt/airflow/dags/setup_infrastructure_dag.py
[2026-07-21T04:50:20.537+0000] {processor.py:914} INFO - Processing file /opt/airflow/dags/setup_infrastructure_dag.py for tasks to queue
[2026-07-21T04:50:20.538+0000] {logging_mixin.py:190} INFO - [2026-07-21T04:50:20.538+0000] {dagbag.py:588} INFO - Filling up the DagBag from /opt/airflow/dags/setup_infrastructure_dag.py
[2026-07-21T04:50:20.561+0000] {processor.py:925} INFO - DAG(s) 'setup_lakehouse_infrastructure' retrieved from /opt/airflow/dags/setup_infrastructure_dag.py
[2026-07-21T04:50:20.581+0000] {logging_mixin.py:190} INFO - [2026-07-21T04:50:20.581+0000] {dag.py:3239} INFO - Sync 1 DAGs
[2026-07-21T04:50:20.601+0000] {logging_mixin.py:190} INFO - [2026-07-21T04:50:20.601+0000] {dag.py:4180} INFO - Setting next_dagrun for setup_lakehouse_infrastructure to 2024-01-01 00:00:00+00:00, run_after=2024-01-01 00:00:00+00:00
[2026-07-21T04:50:20.626+0000] {processor.py:208} INFO - Processing /opt/airflow/dags/setup_infrastructure_dag.py took 0.096 seconds
[2026-07-21T04:50:52.842+0000] {processor.py:186} INFO - Started process (PID=4972) to work on /opt/airflow/dags/setup_infrastructure_dag.py
[2026-07-21T04:50:52.843+0000] {processor.py:914} INFO - Processing file /opt/airflow/dags/setup_infrastructure_dag.py for tasks to queue
[2026-07-21T04:50:52.845+0000] {logging_mixin.py:190} INFO - [2026-07-21T04:50:52.845+0000] {dagbag.py:588} INFO - Filling up the DagBag from /opt/airflow/dags/setup_infrastructure_dag.py
[2026-07-21T04:50:52.867+0000] {processor.py:925} INFO - DAG(s) 'setup_lakehouse_infrastructure' retrieved from /opt/airflow/dags/setup_infrastructure_dag.py
[2026-07-21T04:50:52.889+0000] {logging_mixin.py:190} INFO - [2026-07-21T04:50:52.889+0000] {dag.py:3239} INFO - Sync 1 DAGs
[2026-07-21T04:50:52.912+0000] {logging_mixin.py:190} INFO - [2026-07-21T04:50:52.912+0000] {dag.py:4180} INFO - Setting next_dagrun for setup_lakehouse_infrastructure to 2024-01-01 00:00:00+00:00, run_after=2024-01-01 00:00:00+00:00
[2026-07-21T04:50:52.936+0000] {processor.py:208} INFO - Processing /opt/airflow/dags/setup_infrastructure_dag.py took 0.099 seconds
[2026-07-21T04:51:23.521+0000] {processor.py:186} INFO - Started process (PID=5085) to work on /opt/airflow/dags/setup_infrastructure_dag.py
[2026-07-21T04:51:23.522+0000] {processor.py:914} INFO - Processing file /opt/airflow/dags/setup_infrastructure_dag.py for tasks to queue
[2026-07-21T04:51:23.523+0000] {logging_mixin.py:190} INFO - [2026-07-21T04:51:23.523+0000] {dagbag.py:588} INFO - Filling up the DagBag from /opt/airflow/dags/setup_infrastructure_dag.py
[2026-07-21T04:51:23.555+0000] {processor.py:925} INFO - DAG(s) 'setup_lakehouse_infrastructure' retrieved from /opt/airflow/dags/setup_infrastructure_dag.py
[2026-07-21T04:51:23.577+0000] {logging_mixin.py:190} INFO - [2026-07-21T04:51:23.577+0000] {dag.py:3239} INFO - Sync 1 DAGs
[2026-07-21T04:51:23.725+0000] {logging_mixin.py:190} INFO - [2026-07-21T04:51:23.724+0000] {dag.py:4180} INFO - Setting next_dagrun for setup_lakehouse_infrastructure to 2024-01-01 00:00:00+00:00, run_after=2024-01-01 00:00:00+00:00
[2026-07-21T04:51:23.749+0000] {processor.py:208} INFO - Processing /opt/airflow/dags/setup_infrastructure_dag.py took 0.234 seconds
[2026-07-21T04:51:54.292+0000] {processor.py:186} INFO - Started process (PID=5198) to work on /opt/airflow/dags/setup_infrastructure_dag.py
[2026-07-21T04:51:54.293+0000] {processor.py:914} INFO - Processing file /opt/airflow/dags/setup_infrastructure_dag.py for tasks to queue
[2026-07-21T04:51:54.294+0000] {logging_mixin.py:190} INFO - [2026-07-21T04:51:54.294+0000] {dagbag.py:588} INFO - Filling up the DagBag from /opt/airflow/dags/setup_infrastructure_dag.py
[2026-07-21T04:51:54.317+0000] {processor.py:925} INFO - DAG(s) 'setup_lakehouse_infrastructure' retrieved from /opt/airflow/dags/setup_infrastructure_dag.py
[2026-07-21T04:51:54.340+0000] {logging_mixin.py:190} INFO - [2026-07-21T04:51:54.340+0000] {dag.py:3239} INFO - Sync 1 DAGs
[2026-07-21T04:51:54.365+0000] {logging_mixin.py:190} INFO - [2026-07-21T04:51:54.365+0000] {dag.py:4180} INFO - Setting next_dagrun for setup_lakehouse_infrastructure to 2024-01-01 00:00:00+00:00, run_after=2024-01-01 00:00:00+00:00
[2026-07-21T04:51:54.391+0000] {processor.py:208} INFO - Processing /opt/airflow/dags/setup_infrastructure_dag.py took 0.105 seconds
[2026-07-21T04:52:24.648+0000] {processor.py:186} INFO - Started process (PID=5311) to work on /opt/airflow/dags/setup_infrastructure_dag.py
[2026-07-21T04:52:24.650+0000] {processor.py:914} INFO - Processing file /opt/airflow/dags/setup_infrastructure_dag.py for tasks to queue
[2026-07-21T04:52:24.651+0000] {logging_mixin.py:190} INFO - [2026-07-21T04:52:24.651+0000] {dagbag.py:588} INFO - Filling up the DagBag from /opt/airflow/dags/setup_infrastructure_dag.py
[2026-07-21T04:52:24.681+0000] {processor.py:925} INFO - DAG(s) 'setup_lakehouse_infrastructure' retrieved from /opt/airflow/dags/setup_infrastructure_dag.py
[2026-07-21T04:52:24.705+0000] {logging_mixin.py:190} INFO - [2026-07-21T04:52:24.705+0000] {dag.py:3239} INFO - Sync 1 DAGs
[2026-07-21T04:52:24.736+0000] {logging_mixin.py:190} INFO - [2026-07-21T04:52:24.736+0000] {dag.py:4180} INFO - Setting next_dagrun for setup_lakehouse_infrastructure to 2024-01-01 00:00:00+00:00, run_after=2024-01-01 00:00:00+00:00
[2026-07-21T04:52:24.763+0000] {processor.py:208} INFO - Processing /opt/airflow/dags/setup_infrastructure_dag.py took 0.121 seconds
[2026-07-21T04:52:54.982+0000] {processor.py:186} INFO - Started process (PID=5425) to work on /opt/airflow/dags/setup_infrastructure_dag.py
[2026-07-21T04:52:54.983+0000] {processor.py:914} INFO - Processing file /opt/airflow/dags/setup_infrastructure_dag.py for tasks to queue
[2026-07-21T04:52:54.984+0000] {logging_mixin.py:190} INFO - [2026-07-21T04:52:54.984+0000] {dagbag.py:588} INFO - Filling up the DagBag from /opt/airflow/dags/setup_infrastructure_dag.py
[2026-07-21T04:52:55.009+0000] {processor.py:925} INFO - DAG(s) 'setup_lakehouse_infrastructure' retrieved from /opt/airflow/dags/setup_infrastructure_dag.py
[2026-07-21T04:52:55.032+0000] {logging_mixin.py:190} INFO - [2026-07-21T04:52:55.032+0000] {dag.py:3239} INFO - Sync 1 DAGs
[2026-07-21T04:52:55.053+0000] {logging_mixin.py:190} INFO - [2026-07-21T04:52:55.053+0000] {dag.py:4180} INFO - Setting next_dagrun for setup_lakehouse_infrastructure to 2024-01-01 00:00:00+00:00, run_after=2024-01-01 00:00:00+00:00
[2026-07-21T04:52:55.074+0000] {processor.py:208} INFO - Processing /opt/airflow/dags/setup_infrastructure_dag.py took 0.098 seconds
[2026-07-21T04:53:25.236+0000] {processor.py:186} INFO - Started process (PID=5536) to work on /opt/airflow/dags/setup_infrastructure_dag.py
[2026-07-21T04:53:25.237+0000] {processor.py:914} INFO - Processing file /opt/airflow/dags/setup_infrastructure_dag.py for tasks to queue
[2026-07-21T04:53:25.239+0000] {logging_mixin.py:190} INFO - [2026-07-21T04:53:25.239+0000] {dagbag.py:588} INFO - Filling up the DagBag from /opt/airflow/dags/setup_infrastructure_dag.py
[2026-07-21T04:53:25.272+0000] {processor.py:925} INFO - DAG(s) 'setup_lakehouse_infrastructure' retrieved from /opt/airflow/dags/setup_infrastructure_dag.py
[2026-07-21T04:53:25.298+0000] {logging_mixin.py:190} INFO - [2026-07-21T04:53:25.298+0000] {dag.py:3239} INFO - Sync 1 DAGs
[2026-07-21T04:53:25.323+0000] {logging_mixin.py:190} INFO - [2026-07-21T04:53:25.323+0000] {dag.py:4180} INFO - Setting next_dagrun for setup_lakehouse_infrastructure to 2024-01-01 00:00:00+00:00, run_after=2024-01-01 00:00:00+00:00
[2026-07-21T04:53:25.346+0000] {processor.py:208} INFO - Processing /opt/airflow/dags/setup_infrastructure_dag.py took 0.117 seconds
[2026-07-21T04:53:56.145+0000] {processor.py:186} INFO - Started process (PID=5654) to work on /opt/airflow/dags/setup_infrastructure_dag.py
[2026-07-21T04:53:56.146+0000] {processor.py:914} INFO - Processing file /opt/airflow/dags/setup_infrastructure_dag.py for tasks to queue
[2026-07-21T04:53:56.148+0000] {logging_mixin.py:190} INFO - [2026-07-21T04:53:56.147+0000] {dagbag.py:588} INFO - Filling up the DagBag from /opt/airflow/dags/setup_infrastructure_dag.py
[2026-07-21T04:53:56.173+0000] {processor.py:925} INFO - DAG(s) 'setup_lakehouse_infrastructure' retrieved from /opt/airflow/dags/setup_infrastructure_dag.py
[2026-07-21T04:53:56.197+0000] {logging_mixin.py:190} INFO - [2026-07-21T04:53:56.196+0000] {dag.py:3239} INFO - Sync 1 DAGs
[2026-07-21T04:53:56.224+0000] {logging_mixin.py:190} INFO - [2026-07-21T04:53:56.224+0000] {dag.py:4180} INFO - Setting next_dagrun for setup_lakehouse_infrastructure to 2024-01-01 00:00:00+00:00, run_after=2024-01-01 00:00:00+00:00
[2026-07-21T04:53:56.252+0000] {processor.py:208} INFO - Processing /opt/airflow/dags/setup_infrastructure_dag.py took 0.113 seconds
[2026-07-21T04:54:27.101+0000] {processor.py:186} INFO - Started process (PID=5768) to work on /opt/airflow/dags/setup_infrastructure_dag.py
[2026-07-21T04:54:27.102+0000] {processor.py:914} INFO - Processing file /opt/airflow/dags/setup_infrastructure_dag.py for tasks to queue
[2026-07-21T04:54:27.103+0000] {logging_mixin.py:190} INFO - [2026-07-21T04:54:27.103+0000] {dagbag.py:588} INFO - Filling up the DagBag from /opt/airflow/dags/setup_infrastructure_dag.py
[2026-07-21T04:54:27.130+0000] {processor.py:925} INFO - DAG(s) 'setup_lakehouse_infrastructure' retrieved from /opt/airflow/dags/setup_infrastructure_dag.py
[2026-07-21T04:54:27.155+0000] {logging_mixin.py:190} INFO - [2026-07-21T04:54:27.155+0000] {dag.py:3239} INFO - Sync 1 DAGs
[2026-07-21T04:54:27.176+0000] {logging_mixin.py:190} INFO - [2026-07-21T04:54:27.176+0000] {dag.py:4180} INFO - Setting next_dagrun for setup_lakehouse_infrastructure to 2024-01-01 00:00:00+00:00, run_after=2024-01-01 00:00:00+00:00
[2026-07-21T04:54:27.204+0000] {processor.py:208} INFO - Processing /opt/airflow/dags/setup_infrastructure_dag.py took 0.110 seconds
[2026-07-21T04:54:57.287+0000] {processor.py:186} INFO - Started process (PID=5879) to work on /opt/airflow/dags/setup_infrastructure_dag.py
[2026-07-21T04:54:57.288+0000] {processor.py:914} INFO - Processing file /opt/airflow/dags/setup_infrastructure_dag.py for tasks to queue
[2026-07-21T04:54:57.290+0000] {logging_mixin.py:190} INFO - [2026-07-21T04:54:57.290+0000] {dagbag.py:588} INFO - Filling up the DagBag from /opt/airflow/dags/setup_infrastructure_dag.py
[2026-07-21T04:54:57.318+0000] {processor.py:925} INFO - DAG(s) 'setup_lakehouse_infrastructure' retrieved from /opt/airflow/dags/setup_infrastructure_dag.py
[2026-07-21T04:54:57.344+0000] {logging_mixin.py:190} INFO - [2026-07-21T04:54:57.343+0000] {dag.py:3239} INFO - Sync 1 DAGs
[2026-07-21T04:54:57.365+0000] {logging_mixin.py:190} INFO - [2026-07-21T04:54:57.365+0000] {dag.py:4180} INFO - Setting next_dagrun for setup_lakehouse_infrastructure to 2024-01-01 00:00:00+00:00, run_after=2024-01-01 00:00:00+00:00
[2026-07-21T04:54:57.391+0000] {processor.py:208} INFO - Processing /opt/airflow/dags/setup_infrastructure_dag.py took 0.110 seconds
[2026-07-21T04:55:27.878+0000] {processor.py:186} INFO - Started process (PID=5989) to work on /opt/airflow/dags/setup_infrastructure_dag.py
[2026-07-21T04:55:27.879+0000] {processor.py:914} INFO - Processing file /opt/airflow/dags/setup_infrastructure_dag.py for tasks to queue
[2026-07-21T04:55:27.881+0000] {logging_mixin.py:190} INFO - [2026-07-21T04:55:27.881+0000] {dagbag.py:588} INFO - Filling up the DagBag from /opt/airflow/dags/setup_infrastructure_dag.py
[2026-07-21T04:55:27.907+0000] {processor.py:925} INFO - DAG(s) 'setup_lakehouse_infrastructure' retrieved from /opt/airflow/dags/setup_infrastructure_dag.py
[2026-07-21T04:55:27.935+0000] {logging_mixin.py:190} INFO - [2026-07-21T04:55:27.934+0000] {dag.py:3239} INFO - Sync 1 DAGs
[2026-07-21T04:55:27.957+0000] {logging_mixin.py:190} INFO - [2026-07-21T04:55:27.956+0000] {dag.py:4180} INFO - Setting next_dagrun for setup_lakehouse_infrastructure to 2024-01-01 00:00:00+00:00, run_after=2024-01-01 00:00:00+00:00
[2026-07-21T04:55:27.978+0000] {processor.py:208} INFO - Processing /opt/airflow/dags/setup_infrastructure_dag.py took 0.105 seconds
[2026-07-21T04:55:58.963+0000] {processor.py:186} INFO - Started process (PID=6111) to work on /opt/airflow/dags/setup_infrastructure_dag.py
[2026-07-21T04:55:58.965+0000] {processor.py:914} INFO - Processing file /opt/airflow/dags/setup_infrastructure_dag.py for tasks to queue
[2026-07-21T04:55:58.967+0000] {logging_mixin.py:190} INFO - [2026-07-21T04:55:58.966+0000] {dagbag.py:588} INFO - Filling up the DagBag from /opt/airflow/dags/setup_infrastructure_dag.py
[2026-07-21T04:55:58.999+0000] {processor.py:925} INFO - DAG(s) 'setup_lakehouse_infrastructure' retrieved from /opt/airflow/dags/setup_infrastructure_dag.py
[2026-07-21T04:55:59.028+0000] {logging_mixin.py:190} INFO - [2026-07-21T04:55:59.028+0000] {dag.py:3239} INFO - Sync 1 DAGs
[2026-07-21T04:55:59.053+0000] {logging_mixin.py:190} INFO - [2026-07-21T04:55:59.053+0000] {dag.py:4180} INFO - Setting next_dagrun for setup_lakehouse_infrastructure to 2024-01-01 00:00:00+00:00, run_after=2024-01-01 00:00:00+00:00
[2026-07-21T04:55:59.077+0000] {processor.py:208} INFO - Processing /opt/airflow/dags/setup_infrastructure_dag.py took 0.120 seconds
[2026-07-21T04:56:30.617+0000] {processor.py:186} INFO - Started process (PID=6227) to work on /opt/airflow/dags/setup_infrastructure_dag.py
[2026-07-21T04:56:30.618+0000] {processor.py:914} INFO - Processing file /opt/airflow/dags/setup_infrastructure_dag.py for tasks to queue
[2026-07-21T04:56:30.619+0000] {logging_mixin.py:190} INFO - [2026-07-21T04:56:30.619+0000] {dagbag.py:588} INFO - Filling up the DagBag from /opt/airflow/dags/setup_infrastructure_dag.py
[2026-07-21T04:56:30.653+0000] {processor.py:925} INFO - DAG(s) 'setup_lakehouse_infrastructure' retrieved from /opt/airflow/dags/setup_infrastructure_dag.py
[2026-07-21T04:56:30.691+0000] {logging_mixin.py:190} INFO - [2026-07-21T04:56:30.691+0000] {dag.py:3239} INFO - Sync 1 DAGs
[2026-07-21T04:56:30.718+0000] {logging_mixin.py:190} INFO - [2026-07-21T04:56:30.717+0000] {dag.py:4180} INFO - Setting next_dagrun for setup_lakehouse_infrastructure to 2024-01-01 00:00:00+00:00, run_after=2024-01-01 00:00:00+00:00
[2026-07-21T04:56:30.738+0000] {processor.py:208} INFO - Processing /opt/airflow/dags/setup_infrastructure_dag.py took 0.130 seconds
[2026-07-21T07:18:08.941+0000] {processor.py:186} INFO - Started process (PID=277) to work on /opt/airflow/dags/setup_infrastructure_dag.py
[2026-07-21T07:18:08.943+0000] {processor.py:914} INFO - Processing file /opt/airflow/dags/setup_infrastructure_dag.py for tasks to queue
[2026-07-21T07:18:08.947+0000] {logging_mixin.py:190} INFO - [2026-07-21T07:18:08.947+0000] {dagbag.py:588} INFO - Filling up the DagBag from /opt/airflow/dags/setup_infrastructure_dag.py
[2026-07-21T07:18:08.987+0000] {processor.py:925} INFO - DAG(s) 'setup_lakehouse_infrastructure' retrieved from /opt/airflow/dags/setup_infrastructure_dag.py
[2026-07-21T07:18:09.112+0000] {logging_mixin.py:190} INFO - [2026-07-21T07:18:09.111+0000] {override.py:1900} INFO - Created Permission View: can delete on DAG:setup_lakehouse_infrastructure
[2026-07-21T07:18:09.129+0000] {logging_mixin.py:190} INFO - [2026-07-21T07:18:09.129+0000] {override.py:1900} INFO - Created Permission View: can edit on DAG:setup_lakehouse_infrastructure
[2026-07-21T07:18:09.144+0000] {logging_mixin.py:190} INFO - [2026-07-21T07:18:09.144+0000] {override.py:1900} INFO - Created Permission View: can read on DAG:setup_lakehouse_infrastructure
[2026-07-21T07:18:09.163+0000] {logging_mixin.py:190} INFO - [2026-07-21T07:18:09.162+0000] {override.py:1900} INFO - Created Permission View: can delete on DAG Run:setup_lakehouse_infrastructure
[2026-07-21T07:18:09.180+0000] {logging_mixin.py:190} INFO - [2026-07-21T07:18:09.179+0000] {override.py:1900} INFO - Created Permission View: menu access on DAG Run:setup_lakehouse_infrastructure
[2026-07-21T07:18:09.193+0000] {logging_mixin.py:190} INFO - [2026-07-21T07:18:09.192+0000] {override.py:1900} INFO - Created Permission View: can create on DAG Run:setup_lakehouse_infrastructure
[2026-07-21T07:18:09.203+0000] {logging_mixin.py:190} INFO - [2026-07-21T07:18:09.203+0000] {override.py:1900} INFO - Created Permission View: can read on DAG Run:setup_lakehouse_infrastructure
[2026-07-21T07:18:09.204+0000] {logging_mixin.py:190} INFO - [2026-07-21T07:18:09.204+0000] {dag.py:3239} INFO - Sync 1 DAGs
[2026-07-21T07:18:09.222+0000] {logging_mixin.py:190} INFO - [2026-07-21T07:18:09.222+0000] {dag.py:3262} INFO - Creating ORM DAG for setup_lakehouse_infrastructure
[2026-07-21T07:18:09.234+0000] {logging_mixin.py:190} INFO - [2026-07-21T07:18:09.234+0000] {dag.py:4180} INFO - Setting next_dagrun for setup_lakehouse_infrastructure to 2024-01-01 00:00:00+00:00, run_after=2024-01-01 00:00:00+00:00
[2026-07-21T07:18:09.261+0000] {processor.py:208} INFO - Processing /opt/airflow/dags/setup_infrastructure_dag.py took 0.327 seconds
[2026-07-21T07:18:40.269+0000] {processor.py:186} INFO - Started process (PID=389) to work on /opt/airflow/dags/setup_infrastructure_dag.py
[2026-07-21T07:18:40.270+0000] {processor.py:914} INFO - Processing file /opt/airflow/dags/setup_infrastructure_dag.py for tasks to queue
[2026-07-21T07:18:40.273+0000] {logging_mixin.py:190} INFO - [2026-07-21T07:18:40.273+0000] {dagbag.py:588} INFO - Filling up the DagBag from /opt/airflow/dags/setup_infrastructure_dag.py
[2026-07-21T07:18:40.305+0000] {processor.py:925} INFO - DAG(s) 'setup_lakehouse_infrastructure' retrieved from /opt/airflow/dags/setup_infrastructure_dag.py
[2026-07-21T07:18:40.327+0000] {logging_mixin.py:190} INFO - [2026-07-21T07:18:40.327+0000] {dag.py:3239} INFO - Sync 1 DAGs
[2026-07-21T07:18:40.348+0000] {logging_mixin.py:190} INFO - [2026-07-21T07:18:40.348+0000] {dag.py:4180} INFO - Setting next_dagrun for setup_lakehouse_infrastructure to 2024-01-01 00:00:00+00:00, run_after=2024-01-01 00:00:00+00:00
[2026-07-21T07:18:40.369+0000] {processor.py:208} INFO - Processing /opt/airflow/dags/setup_infrastructure_dag.py took 0.107 seconds
[2026-07-21T07:19:10.627+0000] {processor.py:186} INFO - Started process (PID=503) to work on /opt/airflow/dags/setup_infrastructure_dag.py
[2026-07-21T07:19:10.628+0000] {processor.py:914} INFO - Processing file /opt/airflow/dags/setup_infrastructure_dag.py for tasks to queue
[2026-07-21T07:19:10.630+0000] {logging_mixin.py:190} INFO - [2026-07-21T07:19:10.630+0000] {dagbag.py:588} INFO - Filling up the DagBag from /opt/airflow/dags/setup_infrastructure_dag.py
[2026-07-21T07:19:10.654+0000] {processor.py:925} INFO - DAG(s) 'setup_lakehouse_infrastructure' retrieved from /opt/airflow/dags/setup_infrastructure_dag.py
[2026-07-21T07:19:10.678+0000] {logging_mixin.py:190} INFO - [2026-07-21T07:19:10.678+0000] {dag.py:3239} INFO - Sync 1 DAGs
[2026-07-21T07:19:10.706+0000] {logging_mixin.py:190} INFO - [2026-07-21T07:19:10.706+0000] {dag.py:4180} INFO - Setting next_dagrun for setup_lakehouse_infrastructure to 2024-01-01 00:00:00+00:00, run_after=2024-01-01 00:00:00+00:00
[2026-07-21T07:19:10.730+0000] {processor.py:208} INFO - Processing /opt/airflow/dags/setup_infrastructure_dag.py took 0.108 seconds
[2026-07-21T07:19:41.742+0000] {processor.py:186} INFO - Started process (PID=621) to work on /opt/airflow/dags/setup_infrastructure_dag.py
[2026-07-21T07:19:41.743+0000] {processor.py:914} INFO - Processing file /opt/airflow/dags/setup_infrastructure_dag.py for tasks to queue
[2026-07-21T07:19:41.745+0000] {logging_mixin.py:190} INFO - [2026-07-21T07:19:41.745+0000] {dagbag.py:588} INFO - Filling up the DagBag from /opt/airflow/dags/setup_infrastructure_dag.py
[2026-07-21T07:19:41.769+0000] {processor.py:925} INFO - DAG(s) 'setup_lakehouse_infrastructure' retrieved from /opt/airflow/dags/setup_infrastructure_dag.py
[2026-07-21T07:19:41.791+0000] {logging_mixin.py:190} INFO - [2026-07-21T07:19:41.791+0000] {dag.py:3239} INFO - Sync 1 DAGs
[2026-07-21T07:19:41.811+0000] {logging_mixin.py:190} INFO - [2026-07-21T07:19:41.811+0000] {dag.py:4180} INFO - Setting next_dagrun for setup_lakehouse_infrastructure to 2024-01-01 00:00:00+00:00, run_after=2024-01-01 00:00:00+00:00
[2026-07-21T07:19:41.830+0000] {processor.py:208} INFO - Processing /opt/airflow/dags/setup_infrastructure_dag.py took 0.093 seconds
[2026-07-21T07:20:11.988+0000] {processor.py:186} INFO - Started process (PID=733) to work on /opt/airflow/dags/setup_infrastructure_dag.py
[2026-07-21T07:20:11.989+0000] {processor.py:914} INFO - Processing file /opt/airflow/dags/setup_infrastructure_dag.py for tasks to queue
[2026-07-21T07:20:11.992+0000] {logging_mixin.py:190} INFO - [2026-07-21T07:20:11.992+0000] {dagbag.py:588} INFO - Filling up the DagBag from /opt/airflow/dags/setup_infrastructure_dag.py
[2026-07-21T07:20:12.026+0000] {processor.py:925} INFO - DAG(s) 'setup_lakehouse_infrastructure' retrieved from /opt/airflow/dags/setup_infrastructure_dag.py
[2026-07-21T07:20:12.053+0000] {logging_mixin.py:190} INFO - [2026-07-21T07:20:12.053+0000] {dag.py:3239} INFO - Sync 1 DAGs
[2026-07-21T07:20:12.077+0000] {logging_mixin.py:190} INFO - [2026-07-21T07:20:12.077+0000] {dag.py:4180} INFO - Setting next_dagrun for setup_lakehouse_infrastructure to 2024-01-01 00:00:00+00:00, run_after=2024-01-01 00:00:00+00:00
[2026-07-21T07:20:12.102+0000] {processor.py:208} INFO - Processing /opt/airflow/dags/setup_infrastructure_dag.py took 0.119 seconds
[2026-07-21T07:20:42.855+0000] {processor.py:186} INFO - Started process (PID=1183) to work on /opt/airflow/dags/setup_infrastructure_dag.py
[2026-07-21T07:20:42.856+0000] {processor.py:914} INFO - Processing file /opt/airflow/dags/setup_infrastructure_dag.py for tasks to queue
[2026-07-21T07:20:42.859+0000] {logging_mixin.py:190} INFO - [2026-07-21T07:20:42.858+0000] {dagbag.py:588} INFO - Filling up the DagBag from /opt/airflow/dags/setup_infrastructure_dag.py
[2026-07-21T07:20:42.885+0000] {processor.py:925} INFO - DAG(s) 'setup_lakehouse_infrastructure' retrieved from /opt/airflow/dags/setup_infrastructure_dag.py
[2026-07-21T07:20:42.908+0000] {logging_mixin.py:190} INFO - [2026-07-21T07:20:42.908+0000] {dag.py:3239} INFO - Sync 1 DAGs
[2026-07-21T07:20:42.929+0000] {logging_mixin.py:190} INFO - [2026-07-21T07:20:42.929+0000] {dag.py:4180} INFO - Setting next_dagrun for setup_lakehouse_infrastructure to 2024-01-01 00:00:00+00:00, run_after=2024-01-01 00:00:00+00:00
[2026-07-21T07:20:42.952+0000] {processor.py:208} INFO - Processing /opt/airflow/dags/setup_infrastructure_dag.py took 0.103 seconds
[2026-07-21T07:21:13.064+0000] {processor.py:186} INFO - Started process (PID=1304) to work on /opt/airflow/dags/setup_infrastructure_dag.py
[2026-07-21T07:21:13.065+0000] {processor.py:914} INFO - Processing file /opt/airflow/dags/setup_infrastructure_dag.py for tasks to queue
[2026-07-21T07:21:13.067+0000] {logging_mixin.py:190} INFO - [2026-07-21T07:21:13.067+0000] {dagbag.py:588} INFO - Filling up the DagBag from /opt/airflow/dags/setup_infrastructure_dag.py
[2026-07-21T07:21:13.091+0000] {processor.py:925} INFO - DAG(s) 'setup_lakehouse_infrastructure' retrieved from /opt/airflow/dags/setup_infrastructure_dag.py
[2026-07-21T07:21:13.116+0000] {logging_mixin.py:190} INFO - [2026-07-21T07:21:13.116+0000] {dag.py:3239} INFO - Sync 1 DAGs
[2026-07-21T07:21:13.140+0000] {logging_mixin.py:190} INFO - [2026-07-21T07:21:13.140+0000] {dag.py:4180} INFO - Setting next_dagrun for setup_lakehouse_infrastructure to 2024-01-01 00:00:00+00:00, run_after=2024-01-01 00:00:00+00:00
[2026-07-21T07:21:13.165+0000] {processor.py:208} INFO - Processing /opt/airflow/dags/setup_infrastructure_dag.py took 0.108 seconds
[2026-07-21T07:21:43.742+0000] {processor.py:186} INFO - Started process (PID=1429) to work on /opt/airflow/dags/setup_infrastructure_dag.py
[2026-07-21T07:21:43.744+0000] {processor.py:914} INFO - Processing file /opt/airflow/dags/setup_infrastructure_dag.py for tasks to queue
[2026-07-21T07:21:43.749+0000] {logging_mixin.py:190} INFO - [2026-07-21T07:21:43.748+0000] {dagbag.py:588} INFO - Filling up the DagBag from /opt/airflow/dags/setup_infrastructure_dag.py
[2026-07-21T07:21:43.784+0000] {processor.py:925} INFO - DAG(s) 'setup_lakehouse_infrastructure' retrieved from /opt/airflow/dags/setup_infrastructure_dag.py
[2026-07-21T07:21:43.821+0000] {logging_mixin.py:190} INFO - [2026-07-21T07:21:43.821+0000] {dag.py:3239} INFO - Sync 1 DAGs
[2026-07-21T07:21:43.851+0000] {logging_mixin.py:190} INFO - [2026-07-21T07:21:43.850+0000] {dag.py:4180} INFO - Setting next_dagrun for setup_lakehouse_infrastructure to 2024-01-01 00:00:00+00:00, run_after=2024-01-01 00:00:00+00:00
[2026-07-21T07:21:43.876+0000] {processor.py:208} INFO - Processing /opt/airflow/dags/setup_infrastructure_dag.py took 0.147 seconds
[2026-07-21T07:22:14.841+0000] {processor.py:186} INFO - Started process (PID=1572) to work on /opt/airflow/dags/setup_infrastructure_dag.py
[2026-07-21T07:22:14.842+0000] {processor.py:914} INFO - Processing file /opt/airflow/dags/setup_infrastructure_dag.py for tasks to queue
[2026-07-21T07:22:14.847+0000] {logging_mixin.py:190} INFO - [2026-07-21T07:22:14.846+0000] {dagbag.py:588} INFO - Filling up the DagBag from /opt/airflow/dags/setup_infrastructure_dag.py
[2026-07-21T07:22:14.877+0000] {processor.py:925} INFO - DAG(s) 'setup_lakehouse_infrastructure' retrieved from /opt/airflow/dags/setup_infrastructure_dag.py
[2026-07-21T07:22:14.910+0000] {logging_mixin.py:190} INFO - [2026-07-21T07:22:14.910+0000] {dag.py:3239} INFO - Sync 1 DAGs
[2026-07-21T07:22:14.950+0000] {logging_mixin.py:190} INFO - [2026-07-21T07:22:14.950+0000] {dag.py:4180} INFO - Setting next_dagrun for setup_lakehouse_infrastructure to 2024-01-01 00:00:00+00:00, run_after=2024-01-01 00:00:00+00:00
[2026-07-21T07:22:14.985+0000] {processor.py:208} INFO - Processing /opt/airflow/dags/setup_infrastructure_dag.py took 0.153 seconds
[2026-07-21T07:22:45.508+0000] {processor.py:186} INFO - Started process (PID=1746) to work on /opt/airflow/dags/setup_infrastructure_dag.py
[2026-07-21T07:22:45.509+0000] {processor.py:914} INFO - Processing file /opt/airflow/dags/setup_infrastructure_dag.py for tasks to queue
[2026-07-21T07:22:45.511+0000] {logging_mixin.py:190} INFO - [2026-07-21T07:22:45.510+0000] {dagbag.py:588} INFO - Filling up the DagBag from /opt/airflow/dags/setup_infrastructure_dag.py
[2026-07-21T07:22:45.539+0000] {processor.py:925} INFO - DAG(s) 'setup_lakehouse_infrastructure' retrieved from /opt/airflow/dags/setup_infrastructure_dag.py
[2026-07-21T07:22:45.561+0000] {logging_mixin.py:190} INFO - [2026-07-21T07:22:45.561+0000] {dag.py:3239} INFO - Sync 1 DAGs
[2026-07-21T07:22:45.583+0000] {logging_mixin.py:190} INFO - [2026-07-21T07:22:45.583+0000] {dag.py:4180} INFO - Setting next_dagrun for setup_lakehouse_infrastructure to 2024-01-01 00:00:00+00:00, run_after=2024-01-01 00:00:00+00:00
[2026-07-21T07:22:45.601+0000] {processor.py:208} INFO - Processing /opt/airflow/dags/setup_infrastructure_dag.py took 0.099 seconds
[2026-07-21T07:23:16.299+0000] {processor.py:186} INFO - Started process (PID=1892) to work on /opt/airflow/dags/setup_infrastructure_dag.py
[2026-07-21T07:23:16.301+0000] {processor.py:914} INFO - Processing file /opt/airflow/dags/setup_infrastructure_dag.py for tasks to queue
[2026-07-21T07:23:16.304+0000] {logging_mixin.py:190} INFO - [2026-07-21T07:23:16.303+0000] {dagbag.py:588} INFO - Filling up the DagBag from /opt/airflow/dags/setup_infrastructure_dag.py
[2026-07-21T07:23:16.330+0000] {processor.py:925} INFO - DAG(s) 'setup_lakehouse_infrastructure' retrieved from /opt/airflow/dags/setup_infrastructure_dag.py
[2026-07-21T07:23:16.353+0000] {logging_mixin.py:190} INFO - [2026-07-21T07:23:16.353+0000] {dag.py:3239} INFO - Sync 1 DAGs
[2026-07-21T07:23:16.377+0000] {logging_mixin.py:190} INFO - [2026-07-21T07:23:16.377+0000] {dag.py:4180} INFO - Setting next_dagrun for setup_lakehouse_infrastructure to 2024-01-01 00:00:00+00:00, run_after=2024-01-01 00:00:00+00:00
[2026-07-21T07:23:16.402+0000] {processor.py:208} INFO - Processing /opt/airflow/dags/setup_infrastructure_dag.py took 0.110 seconds
[2026-07-21T07:23:46.728+0000] {processor.py:186} INFO - Started process (PID=2023) to work on /opt/airflow/dags/setup_infrastructure_dag.py
[2026-07-21T07:23:46.730+0000] {processor.py:914} INFO - Processing file /opt/airflow/dags/setup_infrastructure_dag.py for tasks to queue
[2026-07-21T07:23:46.732+0000] {logging_mixin.py:190} INFO - [2026-07-21T07:23:46.732+0000] {dagbag.py:588} INFO - Filling up the DagBag from /opt/airflow/dags/setup_infrastructure_dag.py
[2026-07-21T07:23:46.759+0000] {processor.py:925} INFO - DAG(s) 'setup_lakehouse_infrastructure' retrieved from /opt/airflow/dags/setup_infrastructure_dag.py
[2026-07-21T07:23:46.785+0000] {logging_mixin.py:190} INFO - [2026-07-21T07:23:46.785+0000] {dag.py:3239} INFO - Sync 1 DAGs
[2026-07-21T07:23:46.813+0000] {logging_mixin.py:190} INFO - [2026-07-21T07:23:46.813+0000] {dag.py:4180} INFO - Setting next_dagrun for setup_lakehouse_infrastructure to 2024-01-01 00:00:00+00:00, run_after=2024-01-01 00:00:00+00:00
[2026-07-21T07:23:46.839+0000] {processor.py:208} INFO - Processing /opt/airflow/dags/setup_infrastructure_dag.py took 0.118 seconds
[2026-07-21T07:24:17.628+0000] {processor.py:186} INFO - Started process (PID=2140) to work on /opt/airflow/dags/setup_infrastructure_dag.py
[2026-07-21T07:24:17.629+0000] {processor.py:914} INFO - Processing file /opt/airflow/dags/setup_infrastructure_dag.py for tasks to queue
[2026-07-21T07:24:17.631+0000] {logging_mixin.py:190} INFO - [2026-07-21T07:24:17.631+0000] {dagbag.py:588} INFO - Filling up the DagBag from /opt/airflow/dags/setup_infrastructure_dag.py
[2026-07-21T07:24:17.655+0000] {processor.py:925} INFO - DAG(s) 'setup_lakehouse_infrastructure' retrieved from /opt/airflow/dags/setup_infrastructure_dag.py
[2026-07-21T07:24:17.677+0000] {logging_mixin.py:190} INFO - [2026-07-21T07:24:17.677+0000] {dag.py:3239} INFO - Sync 1 DAGs
[2026-07-21T07:24:17.697+0000] {logging_mixin.py:190} INFO - [2026-07-21T07:24:17.696+0000] {dag.py:4180} INFO - Setting next_dagrun for setup_lakehouse_infrastructure to 2024-01-01 00:00:00+00:00, run_after=2024-01-01 00:00:00+00:00
[2026-07-21T07:24:17.714+0000] {processor.py:208} INFO - Processing /opt/airflow/dags/setup_infrastructure_dag.py took 0.091 seconds
[2026-07-21T07:24:48.123+0000] {processor.py:186} INFO - Started process (PID=2253) to work on /opt/airflow/dags/setup_infrastructure_dag.py
[2026-07-21T07:24:48.125+0000] {processor.py:914} INFO - Processing file /opt/airflow/dags/setup_infrastructure_dag.py for tasks to queue
[2026-07-21T07:24:48.129+0000] {logging_mixin.py:190} INFO - [2026-07-21T07:24:48.128+0000] {dagbag.py:588} INFO - Filling up the DagBag from /opt/airflow/dags/setup_infrastructure_dag.py
[2026-07-21T07:24:48.165+0000] {processor.py:925} INFO - DAG(s) 'setup_lakehouse_infrastructure' retrieved from /opt/airflow/dags/setup_infrastructure_dag.py
[2026-07-21T07:24:48.190+0000] {logging_mixin.py:190} INFO - [2026-07-21T07:24:48.189+0000] {dag.py:3239} INFO - Sync 1 DAGs
[2026-07-21T07:24:48.211+0000] {logging_mixin.py:190} INFO - [2026-07-21T07:24:48.211+0000] {dag.py:4180} INFO - Setting next_dagrun for setup_lakehouse_infrastructure to 2024-01-01 00:00:00+00:00, run_after=2024-01-01 00:00:00+00:00
[2026-07-21T07:24:48.231+0000] {processor.py:208} INFO - Processing /opt/airflow/dags/setup_infrastructure_dag.py took 0.115 seconds
[2026-07-21T07:25:18.654+0000] {processor.py:186} INFO - Started process (PID=2369) to work on /opt/airflow/dags/setup_infrastructure_dag.py
[2026-07-21T07:25:18.655+0000] {processor.py:914} INFO - Processing file /opt/airflow/dags/setup_infrastructure_dag.py for tasks to queue
[2026-07-21T07:25:18.657+0000] {logging_mixin.py:190} INFO - [2026-07-21T07:25:18.657+0000] {dagbag.py:588} INFO - Filling up the DagBag from /opt/airflow/dags/setup_infrastructure_dag.py
[2026-07-21T07:25:18.687+0000] {processor.py:925} INFO - DAG(s) 'setup_lakehouse_infrastructure' retrieved from /opt/airflow/dags/setup_infrastructure_dag.py
[2026-07-21T07:25:18.710+0000] {logging_mixin.py:190} INFO - [2026-07-21T07:25:18.710+0000] {dag.py:3239} INFO - Sync 1 DAGs
[2026-07-21T07:25:18.734+0000] {logging_mixin.py:190} INFO - [2026-07-21T07:25:18.734+0000] {dag.py:4180} INFO - Setting next_dagrun for setup_lakehouse_infrastructure to 2024-01-01 00:00:00+00:00, run_after=2024-01-01 00:00:00+00:00
[2026-07-21T07:25:18.763+0000] {processor.py:208} INFO - Processing /opt/airflow/dags/setup_infrastructure_dag.py took 0.115 seconds
[2026-07-21T07:25:48.938+0000] {processor.py:186} INFO - Started process (PID=2483) to work on /opt/airflow/dags/setup_infrastructure_dag.py
[2026-07-21T07:25:48.939+0000] {processor.py:914} INFO - Processing file /opt/airflow/dags/setup_infrastructure_dag.py for tasks to queue
[2026-07-21T07:25:48.942+0000] {logging_mixin.py:190} INFO - [2026-07-21T07:25:48.942+0000] {dagbag.py:588} INFO - Filling up the DagBag from /opt/airflow/dags/setup_infrastructure_dag.py
[2026-07-21T07:25:48.978+0000] {processor.py:925} INFO - DAG(s) 'setup_lakehouse_infrastructure' retrieved from /opt/airflow/dags/setup_infrastructure_dag.py
[2026-07-21T07:25:49.006+0000] {logging_mixin.py:190} INFO - [2026-07-21T07:25:49.005+0000] {dag.py:3239} INFO - Sync 1 DAGs
[2026-07-21T07:25:49.028+0000] {logging_mixin.py:190} INFO - [2026-07-21T07:25:49.027+0000] {dag.py:4180} INFO - Setting next_dagrun for setup_lakehouse_infrastructure to 2024-01-01 00:00:00+00:00, run_after=2024-01-01 00:00:00+00:00
[2026-07-21T07:25:49.051+0000] {processor.py:208} INFO - Processing /opt/airflow/dags/setup_infrastructure_dag.py took 0.121 seconds
[2026-07-21T07:26:20.435+0000] {processor.py:186} INFO - Started process (PID=2599) to work on /opt/airflow/dags/setup_infrastructure_dag.py
[2026-07-21T07:26:20.435+0000] {processor.py:914} INFO - Processing file /opt/airflow/dags/setup_infrastructure_dag.py for tasks to queue
[2026-07-21T07:26:20.438+0000] {logging_mixin.py:190} INFO - [2026-07-21T07:26:20.437+0000] {dagbag.py:588} INFO - Filling up the DagBag from /opt/airflow/dags/setup_infrastructure_dag.py
[2026-07-21T07:26:20.463+0000] {processor.py:925} INFO - DAG(s) 'setup_lakehouse_infrastructure' retrieved from /opt/airflow/dags/setup_infrastructure_dag.py
[2026-07-21T07:26:20.486+0000] {logging_mixin.py:190} INFO - [2026-07-21T07:26:20.486+0000] {dag.py:3239} INFO - Sync 1 DAGs
[2026-07-21T07:26:20.506+0000] {logging_mixin.py:190} INFO - [2026-07-21T07:26:20.506+0000] {dag.py:4180} INFO - Setting next_dagrun for setup_lakehouse_infrastructure to 2024-01-01 00:00:00+00:00, run_after=2024-01-01 00:00:00+00:00
[2026-07-21T07:26:20.523+0000] {processor.py:208} INFO - Processing /opt/airflow/dags/setup_infrastructure_dag.py took 0.094 seconds
